marker_value,marker_type,Admiration,Colère,Culpabilité,Dégoût,Embarras,Fierté,Jalousie,Joie,Peur,Surprise,Tristesse,total_count,P(Colère),P(Dégoût),P(Joie),P(Peur),P(Surprise),P(Tristesse),P(Admiration),P(Culpabilité),P(Embarras),P(Fierté),P(Jalousie),entropy,normalized_entropy
vu,word,2,1,0,1,1,1,0,1,3,3,1,14,0.07,0.07,0.07,0.21,0.21,0.07,0.14,0.00,0.07,0.07,0.00,2.99,0.86
.,punctuation,2,19,2,3,6,6,0,16,13,6,19,92,0.21,0.03,0.17,0.14,0.07,0.21,0.02,0.02,0.07,0.07,0.00,2.95,0.85
voir,lemma,4,16,0,4,1,6,0,12,7,6,5,61,0.26,0.07,0.20,0.11,0.10,0.08,0.07,0.00,0.02,0.10,0.00,2.89,0.84
réussir,lemma,1,1,2,0,2,5,0,6,3,1,3,24,0.04,0.00,0.25,0.12,0.04,0.12,0.04,0.08,0.08,0.21,0.00,2.89,0.84
arriver,lemma,2,3,0,0,1,1,0,2,2,5,4,20,0.15,0.00,0.10,0.10,0.25,0.20,0.10,0.00,0.05,0.05,0.00,2.80,0.81
",",punctuation,27,105,0,8,8,27,0,62,107,54,64,462,0.23,0.02,0.13,0.23,0.12,0.14,0.06,0.00,0.02,0.06,0.00,2.80,0.81
taire,lemma,1,9,0,2,1,2,0,3,2,2,2,24,0.38,0.08,0.12,0.08,0.08,0.08,0.04,0.00,0.04,0.08,0.00,2.78,0.80
quatre,lemma,2,1,0,0,0,1,0,1,1,1,1,8,0.12,0.00,0.12,0.12,0.12,0.12,0.25,0.00,0.00,0.12,0.00,2.75,0.79
quatre,word,2,1,0,0,0,1,0,1,1,1,1,8,0.12,0.00,0.12,0.12,0.12,0.12,0.25,0.00,0.00,0.12,0.00,2.75,0.79
normal,word,0,1,0,0,2,1,0,1,1,1,2,9,0.11,0.00,0.11,0.11,0.11,0.22,0.00,0.00,0.22,0.11,0.00,2.73,0.79
normal,lemma,0,1,0,0,2,1,0,1,1,1,2,9,0.11,0.00,0.11,0.11,0.11,0.22,0.00,0.00,0.22,0.11,0.00,2.73,0.79
tête,word,0,1,0,0,3,2,0,2,4,2,3,17,0.06,0.00,0.12,0.24,0.12,0.18,0.00,0.00,0.18,0.12,0.00,2.70,0.78
ans,word,6,4,0,0,1,1,0,2,4,9,5,32,0.12,0.00,0.06,0.12,0.28,0.16,0.19,0.00,0.03,0.03,0.00,2.70,0.78
an,lemma,6,4,0,0,1,1,0,2,4,9,5,32,0.12,0.00,0.06,0.12,0.28,0.16,0.19,0.00,0.03,0.03,0.00,2.70,0.78
peu,word,0,6,1,2,2,2,0,4,15,10,16,58,0.10,0.03,0.07,0.26,0.17,0.28,0.00,0.02,0.03,0.03,0.00,2.66,0.77
peu,lemma,0,6,1,2,2,2,0,4,15,10,16,58,0.10,0.03,0.07,0.26,0.17,0.28,0.00,0.02,0.03,0.03,0.00,2.66,0.77
sentir,lemma,0,3,1,0,3,0,1,8,4,1,5,26,0.12,0.00,0.31,0.15,0.04,0.19,0.00,0.04,0.12,0.00,0.04,2.66,0.77
réussi,word,1,0,2,0,2,3,0,4,0,1,2,15,0.00,0.00,0.27,0.00,0.07,0.13,0.07,0.13,0.13,0.20,0.00,2.66,0.77
gagner,word,2,1,1,0,0,4,0,3,3,2,0,16,0.06,0.00,0.19,0.19,0.12,0.00,0.12,0.06,0.00,0.25,0.00,2.66,0.77
',punctuation,4,95,5,8,4,7,0,24,40,32,49,268,0.35,0.03,0.09,0.15,0.12,0.18,0.01,0.02,0.01,0.03,0.00,2.64,0.76
voir,word,1,8,0,2,0,3,0,8,3,1,3,29,0.28,0.07,0.28,0.10,0.03,0.10,0.03,0.00,0.00,0.10,0.00,2.64,0.76
seul,word,1,3,0,0,1,1,0,0,1,1,1,9,0.33,0.00,0.00,0.11,0.11,0.11,0.11,0.00,0.11,0.11,0.00,2.64,0.76
chose,word,0,6,0,0,3,2,0,4,4,1,6,26,0.23,0.00,0.15,0.15,0.04,0.23,0.00,0.00,0.12,0.08,0.00,2.63,0.76
petit,lemma,0,4,1,0,2,3,0,15,7,4,8,44,0.09,0.00,0.34,0.16,0.09,0.18,0.00,0.02,0.05,0.07,0.00,2.62,0.76
tête,lemma,0,1,0,0,3,2,0,2,6,2,3,19,0.05,0.00,0.11,0.32,0.11,0.16,0.00,0.00,0.16,0.11,0.00,2.62,0.76
fou,lemma,1,9,0,1,3,0,0,5,4,7,1,31,0.29,0.03,0.16,0.13,0.23,0.03,0.03,0.00,0.10,0.00,0.00,2.61,0.76
grand,lemma,6,12,0,0,0,11,0,22,8,13,3,75,0.16,0.00,0.29,0.11,0.17,0.04,0.08,0.00,0.00,0.15,0.00,2.61,0.75
vraiment,word,2,1,0,2,0,1,0,3,8,2,7,26,0.04,0.08,0.12,0.31,0.08,0.27,0.08,0.00,0.00,0.04,0.00,2.61,0.75
vraiment,lemma,2,1,0,2,0,1,0,3,8,2,7,26,0.04,0.08,0.12,0.31,0.08,0.27,0.08,0.00,0.00,0.04,0.00,2.61,0.75
petit,word,0,4,1,0,2,1,0,10,3,2,4,27,0.15,0.00,0.37,0.11,0.07,0.15,0.00,0.04,0.07,0.04,0.00,2.61,0.75
grand,word,3,2,0,0,0,1,0,5,4,4,1,20,0.10,0.00,0.25,0.20,0.20,0.05,0.15,0.00,0.00,0.05,0.00,2.60,0.75
premier,lemma,5,2,0,0,0,5,0,9,2,8,3,34,0.06,0.00,0.26,0.06,0.24,0.09,0.15,0.00,0.00,0.15,0.00,2.60,0.75
jo,word,1,3,0,0,0,1,0,3,1,1,1,11,0.27,0.00,0.27,0.09,0.09,0.09,0.09,0.00,0.00,0.09,0.00,2.59,0.75
jo,lemma,1,3,0,0,0,1,0,3,1,1,1,11,0.27,0.00,0.27,0.09,0.09,0.09,0.09,0.00,0.00,0.09,0.00,2.59,0.75
monde,lemma,2,4,0,1,1,12,0,18,5,6,2,51,0.08,0.02,0.35,0.10,0.12,0.04,0.04,0.00,0.02,0.24,0.00,2.59,0.75
monde,word,2,4,0,1,1,12,0,18,5,6,2,51,0.08,0.02,0.35,0.10,0.12,0.04,0.04,0.00,0.02,0.24,0.00,2.59,0.75
français,lemma,1,5,0,0,0,4,0,3,5,2,1,21,0.24,0.00,0.14,0.24,0.10,0.05,0.05,0.00,0.00,0.19,0.00,2.58,0.75
air,lemma,0,4,0,1,1,0,0,4,2,3,1,16,0.25,0.06,0.25,0.12,0.19,0.06,0.00,0.00,0.06,0.00,0.00,2.58,0.75
venir,lemma,0,7,0,0,1,3,0,7,6,2,3,29,0.24,0.00,0.24,0.21,0.07,0.10,0.00,0.00,0.03,0.10,0.00,2.57,0.74
seul,lemma,1,3,0,0,1,1,0,0,2,1,4,13,0.23,0.00,0.00,0.15,0.08,0.31,0.08,0.00,0.08,0.08,0.00,2.57,0.74
devenir,lemma,0,4,0,0,1,1,0,3,6,3,6,24,0.17,0.00,0.12,0.25,0.12,0.25,0.00,0.00,0.04,0.04,0.00,2.56,0.74
-,punctuation,5,59,2,2,7,2,0,20,54,16,19,186,0.32,0.01,0.11,0.29,0.09,0.10,0.03,0.01,0.04,0.01,0.00,2.56,0.74
avant,word,2,3,0,1,0,0,0,2,7,5,7,27,0.11,0.04,0.07,0.26,0.19,0.26,0.07,0.00,0.00,0.00,0.00,2.54,0.74
avant,lemma,2,3,0,1,0,0,0,2,7,5,7,27,0.11,0.04,0.07,0.26,0.19,0.26,0.07,0.00,0.00,0.00,0.00,2.54,0.74
fou,word,1,8,0,1,3,0,0,2,1,5,1,22,0.36,0.05,0.09,0.05,0.23,0.05,0.05,0.00,0.14,0.00,0.00,2.53,0.73
),punctuation,1,10,0,1,0,1,0,4,9,3,3,32,0.31,0.03,0.12,0.28,0.09,0.09,0.03,0.00,0.00,0.03,0.00,2.52,0.73
corps,word,1,0,0,1,1,0,0,1,2,0,1,7,0.00,0.14,0.14,0.29,0.00,0.14,0.14,0.00,0.14,0.00,0.00,2.52,0.73
récupérer,word,0,2,0,0,1,1,0,1,1,0,1,7,0.29,0.00,0.14,0.14,0.00,0.14,0.00,0.00,0.14,0.14,0.00,2.52,0.73
récupérer,lemma,0,2,0,0,1,1,0,1,1,0,1,7,0.29,0.00,0.14,0.14,0.00,0.14,0.00,0.00,0.14,0.14,0.00,2.52,0.73
corps,lemma,1,0,0,1,1,0,0,1,2,0,1,7,0.00,0.14,0.14,0.29,0.00,0.14,0.14,0.00,0.14,0.00,0.00,2.52,0.73
vrai,lemma,1,1,0,0,0,1,0,2,1,1,0,7,0.14,0.00,0.29,0.14,0.14,0.00,0.14,0.00,0.00,0.14,0.00,2.52,0.73
vache,lemma,1,2,0,1,0,1,0,1,0,0,1,7,0.29,0.14,0.14,0.00,0.00,0.14,0.14,0.00,0.00,0.14,0.00,2.52,0.73
trois,word,1,2,0,0,0,4,0,4,1,1,1,14,0.14,0.00,0.29,0.07,0.07,0.07,0.07,0.00,0.00,0.29,0.00,2.52,0.73
avance,word,0,0,0,1,2,0,0,1,1,1,1,7,0.00,0.14,0.14,0.14,0.14,0.14,0.00,0.00,0.29,0.00,0.00,2.52,0.73
trois,lemma,1,2,0,0,0,4,0,4,1,1,1,14,0.14,0.00,0.29,0.07,0.07,0.07,0.07,0.00,0.00,0.29,0.00,2.52,0.73
déjà,lemma,6,4,0,0,0,3,0,5,5,13,1,37,0.11,0.00,0.14,0.14,0.35,0.03,0.16,0.00,0.00,0.08,0.00,2.52,0.73
déjà,word,6,4,0,0,0,3,0,5,5,13,1,37,0.11,0.00,0.14,0.14,0.35,0.03,0.16,0.00,0.00,0.08,0.00,2.52,0.73
beaucoup,lemma,2,19,0,0,1,3,0,11,14,3,6,59,0.32,0.00,0.19,0.24,0.05,0.10,0.03,0.00,0.02,0.05,0.00,2.51,0.73
beaucoup,word,2,19,0,0,1,3,0,11,14,3,6,59,0.32,0.00,0.19,0.24,0.05,0.10,0.03,0.00,0.02,0.05,0.00,2.51,0.73
deux,word,0,5,0,0,0,3,0,6,5,2,5,26,0.19,0.00,0.23,0.19,0.08,0.19,0.00,0.00,0.00,0.12,0.00,2.50,0.72
deux,lemma,0,5,0,0,0,3,0,6,5,2,5,26,0.19,0.00,0.23,0.19,0.08,0.19,0.00,0.00,0.00,0.12,0.00,2.50,0.72
dix,lemma,2,2,0,1,0,0,0,1,1,0,2,9,0.22,0.11,0.11,0.11,0.00,0.22,0.22,0.00,0.00,0.00,0.00,2.50,0.72
dix,word,2,2,0,1,0,0,0,1,1,0,2,9,0.22,0.11,0.11,0.11,0.00,0.22,0.22,0.00,0.00,0.00,0.00,2.50,0.72
vite,word,0,1,0,0,2,0,0,2,2,1,1,9,0.11,0.00,0.22,0.22,0.11,0.11,0.00,0.00,0.22,0.00,0.00,2.50,0.72
vite,lemma,0,1,0,0,2,0,0,2,2,1,1,9,0.11,0.00,0.22,0.22,0.11,0.11,0.00,0.00,0.22,0.00,0.00,2.50,0.72
premier,word,1,2,0,0,0,2,0,1,0,2,1,9,0.22,0.00,0.11,0.00,0.22,0.11,0.11,0.00,0.00,0.22,0.00,2.50,0.72
plein,word,1,1,0,0,0,0,0,1,2,2,1,8,0.12,0.00,0.12,0.25,0.25,0.12,0.12,0.00,0.00,0.00,0.00,2.50,0.72
plein,lemma,1,1,0,0,0,0,0,1,2,2,1,8,0.12,0.00,0.12,0.25,0.25,0.12,0.12,0.00,0.00,0.00,0.00,2.50,0.72
encore,word,2,3,0,0,1,0,0,3,9,4,2,24,0.12,0.00,0.12,0.38,0.17,0.08,0.08,0.00,0.04,0.00,0.00,2.50,0.72
encore,lemma,2,3,0,0,1,0,0,3,9,4,2,24,0.12,0.00,0.12,0.38,0.17,0.08,0.08,0.00,0.04,0.00,0.00,2.50,0.72
voit,word,0,1,0,1,0,2,0,2,1,0,1,8,0.12,0.12,0.25,0.12,0.00,0.12,0.00,0.00,0.00,0.25,0.00,2.50,0.72
penser,lemma,0,5,0,1,0,1,0,1,1,2,3,14,0.36,0.07,0.07,0.07,0.14,0.21,0.00,0.00,0.00,0.07,0.00,2.50,0.72
voler,lemma,0,5,2,0,1,1,0,1,3,0,1,14,0.36,0.00,0.07,0.21,0.00,0.07,0.00,0.14,0.07,0.07,0.00,2.50,0.72
nouveau,lemma,3,8,0,0,0,3,0,13,3,2,4,36,0.22,0.00,0.36,0.08,0.06,0.11,0.08,0.00,0.00,0.08,0.00,2.49,0.72
jour,lemma,0,1,0,1,0,2,0,7,5,2,3,21,0.05,0.05,0.33,0.24,0.10,0.14,0.00,0.00,0.00,0.10,0.00,2.49,0.72
sœur,lemma,1,2,0,0,0,1,0,3,2,0,2,11,0.18,0.00,0.27,0.18,0.00,0.18,0.09,0.00,0.00,0.09,0.00,2.48,0.72
nombreux,word,1,2,0,0,0,2,0,2,3,0,1,11,0.18,0.00,0.18,0.27,0.00,0.09,0.09,0.00,0.00,0.18,0.00,2.48,0.72
grande,word,3,3,0,0,0,7,0,11,2,7,1,34,0.09,0.00,0.32,0.06,0.21,0.03,0.09,0.00,0.00,0.21,0.00,2.47,0.72
coup,lemma,1,6,0,0,0,1,0,4,9,2,5,28,0.21,0.00,0.14,0.32,0.07,0.18,0.04,0.00,0.00,0.04,0.00,2.46,0.71
vivre,lemma,0,6,0,0,1,2,0,3,3,2,10,27,0.22,0.00,0.11,0.11,0.07,0.37,0.00,0.00,0.04,0.07,0.00,2.45,0.71
jouer,lemma,0,3,0,1,0,3,0,2,1,0,3,13,0.23,0.08,0.15,0.08,0.00,0.23,0.00,0.00,0.00,0.23,0.00,2.45,0.71
tellement,word,3,1,0,0,3,0,0,3,1,0,3,14,0.07,0.00,0.21,0.07,0.00,0.21,0.21,0.00,0.21,0.00,0.00,2.45,0.71
tellement,lemma,3,1,0,0,3,0,0,3,1,0,3,14,0.07,0.00,0.21,0.07,0.00,0.21,0.21,0.00,0.21,0.00,0.00,2.45,0.71
trouver,lemma,0,2,0,0,1,1,0,4,9,3,4,24,0.08,0.00,0.17,0.38,0.12,0.17,0.00,0.00,0.04,0.04,0.00,2.45,0.71
parle,word,2,3,0,1,0,1,0,0,1,0,2,10,0.30,0.10,0.00,0.10,0.00,0.20,0.20,0.00,0.00,0.10,0.00,2.45,0.71
livre,lemma,0,1,0,0,0,1,0,2,1,3,2,10,0.10,0.00,0.20,0.10,0.30,0.20,0.00,0.00,0.00,0.10,0.00,2.45,0.71
image,lemma,0,0,0,1,2,1,0,2,0,1,3,10,0.00,0.10,0.20,0.00,0.10,0.30,0.00,0.00,0.20,0.10,0.00,2.45,0.71
noir,lemma,2,11,0,0,0,3,0,3,3,1,3,26,0.42,0.00,0.12,0.12,0.04,0.12,0.08,0.00,0.00,0.12,0.00,2.43,0.70
homme,word,1,6,0,0,1,0,0,1,3,1,2,15,0.40,0.00,0.07,0.20,0.07,0.13,0.07,0.00,0.07,0.00,0.00,2.42,0.70
jeune,lemma,1,6,0,0,0,1,0,3,1,2,1,15,0.40,0.00,0.20,0.07,0.13,0.07,0.07,0.00,0.00,0.07,0.00,2.42,0.70
sent,word,0,1,0,0,1,0,1,2,1,0,3,9,0.11,0.00,0.22,0.11,0.00,0.33,0.00,0.00,0.11,0.00,0.11,2.42,0.70
crié,word,0,2,0,1,1,0,0,1,3,0,1,9,0.22,0.11,0.11,0.33,0.00,0.11,0.00,0.00,0.11,0.00,0.00,2.42,0.70
rare,lemma,2,1,0,0,0,1,0,1,1,3,0,9,0.11,0.00,0.11,0.11,0.33,0.00,0.22,0.00,0.00,0.11,0.00,2.42,0.70
huit,word,2,0,0,0,0,2,0,2,1,4,1,12,0.00,0.00,0.17,0.08,0.33,0.08,0.17,0.00,0.00,0.17,0.00,2.42,0.70
huit,lemma,2,0,0,0,0,2,0,2,1,4,1,12,0.00,0.00,0.17,0.08,0.33,0.08,0.17,0.00,0.00,0.17,0.00,2.42,0.70
véritable,lemma,6,1,0,0,1,1,0,2,2,0,1,14,0.07,0.00,0.14,0.14,0.00,0.07,0.43,0.00,0.07,0.07,0.00,2.41,0.70
français,word,0,3,0,0,0,3,0,2,4,1,1,14,0.21,0.00,0.14,0.29,0.07,0.07,0.00,0.00,0.00,0.21,0.00,2.41,0.70
jour,word,0,0,0,1,0,2,0,3,3,1,1,11,0.00,0.09,0.27,0.27,0.09,0.09,0.00,0.00,0.00,0.18,0.00,2.41,0.70
première,word,4,0,0,0,0,2,0,6,2,6,2,22,0.00,0.00,0.27,0.09,0.27,0.09,0.18,0.00,0.00,0.09,0.00,2.41,0.70
énorme,lemma,3,1,0,1,1,0,0,2,0,3,0,11,0.09,0.09,0.18,0.00,0.27,0.00,0.27,0.00,0.09,0.00,0.00,2.41,0.70
coup,word,0,3,0,0,0,1,0,4,2,2,1,13,0.23,0.00,0.31,0.15,0.15,0.08,0.00,0.00,0.00,0.08,0.00,2.41,0.70
euros,word,0,1,0,1,0,0,0,3,1,1,1,8,0.12,0.12,0.38,0.12,0.12,0.12,0.00,0.00,0.00,0.00,0.00,2.41,0.70
exploser,lemma,1,1,0,1,0,1,0,1,3,0,0,8,0.12,0.12,0.12,0.38,0.00,0.00,0.12,0.00,0.00,0.12,0.00,2.41,0.70
c'est,word,0,8,0,0,0,3,0,2,5,2,5,25,0.32,0.00,0.08,0.20,0.08,0.20,0.00,0.00,0.00,0.12,0.00,2.40,0.70
euro,lemma,0,1,0,1,0,1,0,5,1,1,1,11,0.09,0.09,0.45,0.09,0.09,0.09,0.00,0.00,0.00,0.09,0.00,2.40,0.69
faut,word,0,5,0,0,0,1,0,6,3,2,4,21,0.24,0.00,0.29,0.14,0.10,0.19,0.00,0.00,0.00,0.05,0.00,2.40,0.69
histoire,lemma,0,1,0,0,1,4,0,4,3,4,0,17,0.06,0.00,0.24,0.18,0.24,0.00,0.00,0.00,0.06,0.24,0.00,2.40,0.69
luire,lemma,6,30,0,0,2,6,0,11,3,1,8,67,0.45,0.00,0.16,0.04,0.01,0.12,0.09,0.00,0.03,0.09,0.00,2.38,0.69
homme,lemma,2,11,0,0,0,1,0,2,5,2,3,26,0.42,0.00,0.08,0.19,0.08,0.12,0.08,0.00,0.00,0.04,0.00,2.38,0.69
(,punctuation,1,10,0,0,0,1,0,3,9,3,3,30,0.33,0.00,0.10,0.30,0.10,0.10,0.03,0.00,0.00,0.03,0.00,2.37,0.69
air,word,0,3,0,1,1,0,0,3,1,1,0,10,0.30,0.10,0.30,0.10,0.10,0.00,0.00,0.00,0.10,0.00,0.00,2.37,0.69
énorme,word,3,1,0,1,1,0,0,1,0,3,0,10,0.10,0.10,0.10,0.00,0.30,0.00,0.30,0.00,0.10,0.00,0.00,2.37,0.69
enfant,lemma,0,4,0,1,0,2,0,4,10,2,1,24,0.17,0.04,0.17,0.42,0.08,0.04,0.00,0.00,0.00,0.08,0.00,2.37,0.68
rester,lemma,0,5,0,0,1,0,0,2,3,1,3,15,0.33,0.00,0.13,0.20,0.07,0.20,0.00,0.00,0.07,0.00,0.00,2.37,0.68
donald,word,1,4,0,0,2,0,0,0,3,1,1,12,0.33,0.00,0.00,0.25,0.08,0.08,0.08,0.00,0.17,0.00,0.00,2.36,0.68
donald,lemma,1,4,0,0,2,0,0,0,3,1,1,12,0.33,0.00,0.00,0.25,0.08,0.08,0.08,0.00,0.17,0.00,0.00,2.36,0.68
part,lemma,0,1,0,1,0,1,0,2,3,0,4,12,0.08,0.08,0.17,0.25,0.00,0.33,0.00,0.00,0.00,0.08,0.00,2.36,0.68
part,word,0,1,0,1,0,1,0,2,3,0,4,12,0.08,0.08,0.17,0.25,0.00,0.33,0.00,0.00,0.00,0.08,0.00,2.36,0.68
cour,lemma,0,1,0,1,0,3,0,4,1,0,2,12,0.08,0.08,0.33,0.08,0.00,0.17,0.00,0.00,0.00,0.25,0.00,2.36,0.68
cour,word,0,1,0,1,0,3,0,4,1,0,2,12,0.08,0.08,0.33,0.08,0.00,0.17,0.00,0.00,0.00,0.25,0.00,2.36,0.68
battre,lemma,0,4,0,0,1,1,0,3,3,0,1,13,0.31,0.00,0.23,0.23,0.00,0.08,0.00,0.00,0.08,0.08,0.00,2.35,0.68
hommes,word,1,6,0,0,0,1,0,1,2,1,1,13,0.46,0.00,0.08,0.15,0.08,0.08,0.08,0.00,0.00,0.08,0.00,2.35,0.68
oeil,lemma,0,3,0,0,1,0,0,2,2,5,1,14,0.21,0.00,0.14,0.14,0.36,0.07,0.00,0.00,0.07,0.00,0.00,2.35,0.68
million,lemma,0,2,0,0,0,1,0,4,5,1,3,16,0.12,0.00,0.25,0.31,0.06,0.19,0.00,0.00,0.00,0.06,0.00,2.35,0.68
pu,word,0,3,0,1,0,0,0,5,2,1,4,16,0.19,0.06,0.31,0.12,0.06,0.25,0.00,0.00,0.00,0.00,0.00,2.35,0.68
mort,word,2,3,0,0,1,0,0,2,8,1,9,26,0.12,0.00,0.08,0.31,0.04,0.35,0.08,0.00,0.04,0.00,0.00,2.34,0.68
chose,lemma,0,22,0,0,3,3,0,7,8,1,9,53,0.42,0.00,0.13,0.15,0.02,0.17,0.00,0.00,0.06,0.06,0.00,2.34,0.68
falloir,lemma,0,9,0,0,0,1,0,6,5,2,6,29,0.31,0.00,0.21,0.17,0.07,0.21,0.00,0.00,0.00,0.03,0.00,2.34,0.68
savoir,lemma,0,7,0,0,2,2,0,1,3,0,3,18,0.39,0.00,0.06,0.17,0.00,0.17,0.00,0.00,0.11,0.11,0.00,2.33,0.67
puissant,word,1,1,0,0,0,1,0,0,0,1,1,5,0.20,0.00,0.00,0.00,0.20,0.20,0.20,0.00,0.00,0.20,0.00,2.32,0.67
arrive,word,0,1,0,0,1,0,0,1,1,0,1,5,0.20,0.00,0.20,0.20,0.00,0.20,0.00,0.00,0.20,0.00,0.00,2.32,0.67
essayer,lemma,0,1,0,0,0,1,0,1,1,0,1,5,0.20,0.00,0.20,0.20,0.00,0.20,0.00,0.00,0.00,0.20,0.00,2.32,0.67
vrai,word,1,1,0,0,0,1,0,1,0,1,0,5,0.20,0.00,0.20,0.00,0.20,0.00,0.20,0.00,0.00,0.20,0.00,2.32,0.67
aime,word,0,1,0,1,1,0,0,1,0,0,1,5,0.20,0.20,0.20,0.00,0.00,0.20,0.00,0.00,0.20,0.00,0.00,2.32,0.67
françaises,word,1,0,0,0,0,1,0,1,1,1,0,5,0.00,0.00,0.20,0.20,0.20,0.00,0.20,0.00,0.00,0.20,0.00,2.32,0.67
gabriel,word,1,0,0,0,1,1,0,0,1,0,1,5,0.00,0.00,0.00,0.20,0.00,0.20,0.20,0.00,0.20,0.20,0.00,2.32,0.67
explosé,word,1,1,0,1,0,1,0,1,0,0,0,5,0.20,0.20,0.20,0.00,0.00,0.00,0.20,0.00,0.00,0.20,0.00,2.32,0.67
gabriel,lemma,1,0,0,0,1,1,0,0,1,0,1,5,0.00,0.00,0.00,0.20,0.00,0.20,0.20,0.00,0.20,0.20,0.00,2.32,0.67
crier,lemma,0,4,0,1,1,0,0,3,8,1,1,19,0.21,0.05,0.16,0.42,0.05,0.05,0.00,0.00,0.05,0.00,0.00,2.31,0.67
nouveau,word,1,3,0,0,0,3,0,5,0,1,1,14,0.21,0.00,0.36,0.00,0.07,0.07,0.07,0.00,0.00,0.21,0.00,2.30,0.66
pays,lemma,4,28,0,0,1,6,0,4,38,4,11,96,0.29,0.00,0.04,0.40,0.04,0.11,0.04,0.00,0.01,0.06,0.00,2.30,0.66
pays,word,4,29,0,0,1,6,0,4,38,4,11,97,0.30,0.00,0.04,0.39,0.04,0.11,0.04,0.00,0.01,0.06,0.00,2.29,0.66
immense,lemma,2,6,0,0,0,1,0,3,2,1,0,15,0.40,0.00,0.20,0.13,0.07,0.00,0.13,0.00,0.00,0.07,0.00,2.29,0.66
yeux,word,0,1,0,0,1,0,0,2,2,5,1,12,0.08,0.00,0.17,0.17,0.42,0.08,0.00,0.00,0.08,0.00,0.00,2.28,0.66
retrouver,lemma,0,3,0,0,1,0,0,7,3,1,5,20,0.15,0.00,0.35,0.15,0.05,0.25,0.00,0.00,0.05,0.00,0.00,2.28,0.66
pendant,lemma,0,2,0,0,0,1,0,2,2,0,2,9,0.22,0.00,0.22,0.22,0.00,0.22,0.00,0.00,0.00,0.11,0.00,2.28,0.66
pendant,word,0,2,0,0,0,1,0,2,2,0,2,9,0.22,0.00,0.22,0.22,0.00,0.22,0.00,0.00,0.00,0.11,0.00,2.28,0.66
ancien,lemma,2,2,0,0,0,0,0,0,1,2,2,9,0.22,0.00,0.00,0.11,0.22,0.22,0.22,0.00,0.00,0.00,0.00,2.28,0.66
quel,lemma,0,1,0,0,1,0,0,4,1,1,1,9,0.11,0.00,0.44,0.11,0.11,0.11,0.00,0.00,0.11,0.00,0.00,2.28,0.66
regard,word,0,1,0,1,1,0,0,0,1,1,4,9,0.11,0.11,0.00,0.11,0.11,0.44,0.00,0.00,0.11,0.00,0.00,2.28,0.66
regard,lemma,0,1,0,1,1,0,0,0,1,1,4,9,0.11,0.11,0.00,0.11,0.11,0.44,0.00,0.00,0.11,0.00,0.00,2.28,0.66
france,word,2,9,0,0,0,3,0,3,5,0,1,23,0.39,0.00,0.13,0.22,0.00,0.04,0.09,0.00,0.00,0.13,0.00,2.28,0.66
france,lemma,2,9,0,0,0,3,0,3,5,0,1,23,0.39,0.00,0.13,0.22,0.00,0.04,0.09,0.00,0.00,0.13,0.00,2.28,0.66
«,punctuation,1,26,1,0,10,2,0,5,13,0,2,60,0.43,0.00,0.08,0.22,0.00,0.03,0.02,0.02,0.17,0.03,0.00,2.25,0.65
»,punctuation,1,26,1,0,10,2,0,5,13,0,2,60,0.43,0.00,0.08,0.22,0.00,0.03,0.02,0.02,0.17,0.03,0.00,2.25,0.65
fois,word,3,3,0,0,0,0,0,5,3,6,0,20,0.15,0.00,0.25,0.15,0.30,0.00,0.15,0.00,0.00,0.00,0.00,2.25,0.65
fois,lemma,3,3,0,0,0,0,0,5,3,6,0,20,0.15,0.00,0.25,0.15,0.30,0.00,0.15,0.00,0.00,0.00,0.00,2.25,0.65
mondial,lemma,2,0,0,0,0,1,0,1,0,1,1,6,0.00,0.00,0.17,0.00,0.17,0.17,0.33,0.00,0.00,0.17,0.00,2.25,0.65
utiliser,lemma,0,1,0,0,1,0,0,1,2,1,0,6,0.17,0.00,0.17,0.33,0.17,0.00,0.00,0.00,0.17,0.00,0.00,2.25,0.65
image,word,0,0,0,0,1,1,0,2,0,1,1,6,0.00,0.00,0.33,0.00,0.17,0.17,0.00,0.00,0.17,0.17,0.00,2.25,0.65
arrivé,word,1,0,0,0,0,1,0,1,0,2,1,6,0.00,0.00,0.17,0.00,0.33,0.17,0.17,0.00,0.00,0.17,0.00,2.25,0.65
battre,word,0,2,0,0,1,0,0,1,1,0,1,6,0.33,0.00,0.17,0.17,0.00,0.17,0.00,0.00,0.17,0.00,0.00,2.25,0.65
j'avais,word,0,1,0,0,0,1,0,2,0,1,1,6,0.17,0.00,0.33,0.00,0.17,0.17,0.00,0.00,0.00,0.17,0.00,2.25,0.65
presque,word,0,0,0,0,1,1,0,2,0,1,1,6,0.00,0.00,0.33,0.00,0.17,0.17,0.00,0.00,0.17,0.17,0.00,2.25,0.65
pieds,word,1,0,0,0,0,1,0,2,1,1,0,6,0.00,0.00,0.33,0.17,0.17,0.00,0.17,0.00,0.00,0.17,0.00,2.25,0.65
faisait,word,0,1,0,1,0,0,0,0,2,1,1,6,0.17,0.17,0.00,0.33,0.17,0.17,0.00,0.00,0.00,0.00,0.00,2.25,0.65
jeune,word,1,1,0,0,0,1,0,1,0,2,0,6,0.17,0.00,0.17,0.00,0.33,0.00,0.17,0.00,0.00,0.17,0.00,2.25,0.65
détourner,lemma,0,1,0,1,1,0,0,2,0,0,1,6,0.17,0.17,0.33,0.00,0.00,0.17,0.00,0.00,0.17,0.00,0.00,2.25,0.65
chef,word,1,0,0,0,0,1,0,1,1,0,2,6,0.00,0.00,0.17,0.17,0.00,0.33,0.17,0.00,0.00,0.17,0.00,2.25,0.65
avance,lemma,0,0,0,0,2,0,0,1,1,1,1,6,0.00,0.00,0.17,0.17,0.17,0.17,0.00,0.00,0.33,0.00,0.00,2.25,0.65
renforcer,lemma,1,1,0,0,0,2,0,1,1,0,0,6,0.17,0.00,0.17,0.17,0.00,0.00,0.17,0.00,0.00,0.33,0.00,2.25,0.65
sais,word,0,1,0,1,1,2,0,1,0,0,0,6,0.17,0.17,0.17,0.00,0.00,0.00,0.00,0.00,0.17,0.33,0.00,2.25,0.65
senti,word,0,0,1,0,1,0,0,0,2,1,1,6,0.00,0.00,0.00,0.33,0.17,0.17,0.00,0.17,0.17,0.00,0.00,2.25,0.65
nom,word,0,2,0,1,0,0,0,1,1,1,0,6,0.33,0.17,0.17,0.17,0.17,0.00,0.00,0.00,0.00,0.00,0.00,2.25,0.65
chef,lemma,1,0,0,0,0,1,0,1,1,0,2,6,0.00,0.00,0.17,0.17,0.00,0.33,0.17,0.00,0.00,0.17,0.00,2.25,0.65
tas,word,0,1,0,2,0,1,0,1,0,1,0,6,0.17,0.33,0.17,0.00,0.17,0.00,0.00,0.00,0.00,0.17,0.00,2.25,0.65
tas,lemma,0,1,0,2,0,1,0,1,0,1,0,6,0.17,0.33,0.17,0.00,0.17,0.00,0.00,0.00,0.00,0.17,0.00,2.25,0.65
cp,word,0,2,0,2,0,1,0,0,2,0,1,8,0.25,0.25,0.00,0.25,0.00,0.12,0.00,0.00,0.00,0.12,0.00,2.25,0.65
cp,lemma,0,2,0,2,0,1,0,0,2,0,1,8,0.25,0.25,0.00,0.25,0.00,0.12,0.00,0.00,0.00,0.12,0.00,2.25,0.65
longtemps,lemma,0,2,0,0,0,1,0,1,2,0,2,8,0.25,0.00,0.12,0.25,0.00,0.25,0.00,0.00,0.00,0.12,0.00,2.25,0.65
longtemps,word,0,2,0,0,0,1,0,1,2,0,2,8,0.25,0.00,0.12,0.25,0.00,0.25,0.00,0.00,0.00,0.12,0.00,2.25,0.65
grands,word,0,1,0,0,0,2,0,2,0,2,1,8,0.12,0.00,0.25,0.00,0.25,0.12,0.00,0.00,0.00,0.25,0.00,2.25,0.65
dernier,lemma,2,0,0,0,0,0,0,2,3,1,2,10,0.00,0.00,0.20,0.30,0.10,0.20,0.20,0.00,0.00,0.00,0.00,2.25,0.65
petite,word,0,0,0,0,0,2,0,3,2,1,2,10,0.00,0.00,0.30,0.20,0.10,0.20,0.00,0.00,0.00,0.20,0.00,2.25,0.65
mort,lemma,2,5,0,0,1,0,0,2,12,1,11,34,0.15,0.00,0.06,0.35,0.03,0.32,0.06,0.00,0.03,0.00,0.00,2.24,0.65
argent,word,0,17,0,1,0,2,0,3,6,3,3,35,0.49,0.03,0.09,0.17,0.09,0.09,0.00,0.00,0.00,0.06,0.00,2.24,0.65
argent,lemma,0,17,0,1,0,2,0,3,6,3,3,35,0.49,0.03,0.09,0.17,0.09,0.09,0.00,0.00,0.00,0.06,0.00,2.24,0.65
confiance,lemma,0,1,0,0,1,0,0,2,1,0,2,7,0.14,0.00,0.29,0.14,0.00,0.29,0.00,0.00,0.14,0.00,0.00,2.24,0.65
écrit,word,0,1,0,0,1,2,0,2,0,1,0,7,0.14,0.00,0.29,0.00,0.14,0.00,0.00,0.00,0.14,0.29,0.00,2.24,0.65
comment,lemma,1,1,0,0,1,0,0,0,2,0,2,7,0.14,0.00,0.00,0.29,0.00,0.29,0.14,0.00,0.14,0.00,0.00,2.24,0.65
comment,word,1,1,0,0,1,0,0,0,2,0,2,7,0.14,0.00,0.00,0.29,0.00,0.29,0.14,0.00,0.14,0.00,0.00,2.24,0.65
apprendre,lemma,0,1,0,0,0,1,0,2,2,0,1,7,0.14,0.00,0.29,0.29,0.00,0.14,0.00,0.00,0.00,0.14,0.00,2.24,0.65
confiance,word,0,1,0,0,1,0,0,2,1,0,2,7,0.14,0.00,0.29,0.14,0.00,0.29,0.00,0.00,0.14,0.00,0.00,2.24,0.65
apprendre,word,0,1,0,0,0,1,0,2,2,0,1,7,0.14,0.00,0.29,0.29,0.00,0.14,0.00,0.00,0.00,0.14,0.00,2.24,0.65
scène,lemma,0,0,0,0,0,1,0,2,1,2,1,7,0.00,0.00,0.29,0.14,0.29,0.14,0.00,0.00,0.00,0.14,0.00,2.24,0.65
livre,word,0,1,0,0,0,1,0,2,0,2,1,7,0.14,0.00,0.29,0.00,0.29,0.14,0.00,0.00,0.00,0.14,0.00,2.24,0.65
écrire,lemma,0,1,0,0,1,2,0,2,0,1,0,7,0.14,0.00,0.29,0.00,0.14,0.00,0.00,0.00,0.14,0.29,0.00,2.24,0.65
passer,lemma,0,1,0,1,1,0,0,6,12,3,3,27,0.04,0.04,0.22,0.44,0.11,0.11,0.00,0.00,0.04,0.00,0.00,2.23,0.65
entrer,lemma,0,11,0,0,0,4,0,6,11,2,1,35,0.31,0.00,0.17,0.31,0.06,0.03,0.00,0.00,0.00,0.11,0.00,2.23,0.64
idée,word,1,2,0,0,0,0,0,7,1,3,2,16,0.12,0.00,0.44,0.06,0.19,0.12,0.06,0.00,0.00,0.00,0.00,2.22,0.64
chance,lemma,2,1,0,0,0,2,0,7,0,1,3,16,0.06,0.00,0.44,0.00,0.06,0.19,0.12,0.00,0.00,0.12,0.00,2.22,0.64
chance,word,2,1,0,0,0,2,0,7,0,1,3,16,0.06,0.00,0.44,0.00,0.06,0.19,0.12,0.00,0.00,0.12,0.00,2.22,0.64
véritable,word,5,1,0,0,1,0,0,1,2,0,1,11,0.09,0.00,0.09,0.18,0.00,0.09,0.45,0.00,0.09,0.00,0.00,2.22,0.64
certain,lemma,0,6,0,0,0,0,0,2,3,3,3,17,0.35,0.00,0.12,0.18,0.18,0.18,0.00,0.00,0.00,0.00,0.00,2.22,0.64
gagner,lemma,3,3,1,0,0,16,0,22,3,3,1,52,0.06,0.00,0.42,0.06,0.06,0.02,0.06,0.02,0.00,0.31,0.00,2.22,0.64
trump,word,1,6,0,0,2,0,0,0,3,1,1,14,0.43,0.00,0.00,0.21,0.07,0.07,0.07,0.00,0.14,0.00,0.00,2.22,0.64
trump,lemma,1,6,0,0,2,0,0,0,3,1,1,14,0.43,0.00,0.00,0.21,0.07,0.07,0.07,0.00,0.14,0.00,0.00,2.22,0.64
vie,lemma,1,14,0,0,0,0,0,18,12,2,11,58,0.24,0.00,0.31,0.21,0.03,0.19,0.02,0.00,0.00,0.00,0.00,2.21,0.64
vie,word,1,14,0,0,0,0,0,18,12,2,11,58,0.24,0.00,0.31,0.21,0.03,0.19,0.02,0.00,0.00,0.00,0.00,2.21,0.64
fort,lemma,1,6,0,0,1,1,0,0,5,0,3,17,0.35,0.00,0.00,0.29,0.00,0.18,0.06,0.00,0.06,0.06,0.00,2.21,0.64
enfants,word,0,4,0,1,0,1,0,3,8,2,0,19,0.21,0.05,0.16,0.42,0.11,0.00,0.00,0.00,0.00,0.05,0.00,2.21,0.64
histoire,word,0,0,0,0,1,4,0,4,3,3,0,15,0.00,0.00,0.27,0.20,0.20,0.00,0.00,0.00,0.07,0.27,0.00,2.21,0.64
famille,word,1,3,0,0,0,0,0,3,4,0,4,15,0.20,0.00,0.20,0.27,0.00,0.27,0.07,0.00,0.00,0.00,0.00,2.21,0.64
gros,word,0,15,0,13,2,0,0,3,3,2,1,39,0.38,0.33,0.08,0.08,0.05,0.03,0.00,0.00,0.05,0.00,0.00,2.20,0.64
!,punctuation,28,95,0,12,4,24,1,145,16,346,33,704,0.13,0.02,0.21,0.02,0.49,0.05,0.04,0.00,0.01,0.03,0.00,2.20,0.64
jouer,word,0,2,0,1,0,2,0,0,1,0,3,9,0.22,0.11,0.00,0.11,0.00,0.33,0.00,0.00,0.00,0.22,0.00,2.20,0.64
sou,lemma,0,3,0,2,0,2,0,1,0,1,0,9,0.33,0.22,0.11,0.00,0.11,0.00,0.00,0.00,0.00,0.22,0.00,2.20,0.64
paris,lemma,0,2,0,0,0,0,0,2,4,1,2,11,0.18,0.00,0.18,0.36,0.09,0.18,0.00,0.00,0.00,0.00,0.00,2.19,0.63
paris,word,0,2,0,0,0,0,0,2,4,1,2,11,0.18,0.00,0.18,0.36,0.09,0.18,0.00,0.00,0.00,0.00,0.00,2.19,0.63
certains,word,0,3,0,0,0,0,0,1,1,2,3,10,0.30,0.00,0.10,0.10,0.20,0.30,0.00,0.00,0.00,0.00,0.00,2.17,0.63
tenir,lemma,0,2,0,0,1,1,0,3,0,3,0,10,0.20,0.00,0.30,0.00,0.30,0.00,0.00,0.00,0.10,0.10,0.00,2.17,0.63
mieux,lemma,1,2,0,0,0,3,0,3,0,0,1,10,0.20,0.00,0.30,0.00,0.00,0.10,0.10,0.00,0.00,0.30,0.00,2.17,0.63
mieux,word,1,2,0,0,0,3,0,3,0,0,1,10,0.20,0.00,0.30,0.00,0.00,0.10,0.10,0.00,0.00,0.30,0.00,2.17,0.63
difficile,lemma,0,5,0,2,3,0,0,0,5,2,15,32,0.16,0.06,0.00,0.16,0.06,0.47,0.00,0.00,0.09,0.00,0.00,2.17,0.63
record,word,6,0,0,0,0,4,0,4,0,4,1,19,0.00,0.00,0.21,0.00,0.21,0.05,0.32,0.00,0.00,0.21,0.00,2.17,0.63
famille,lemma,1,6,0,0,0,0,0,4,5,0,5,21,0.29,0.00,0.19,0.24,0.00,0.24,0.05,0.00,0.00,0.00,0.00,2.17,0.63
venir,word,0,1,0,0,1,1,0,1,5,0,1,10,0.10,0.00,0.10,0.50,0.00,0.10,0.00,0.00,0.10,0.10,0.00,2.16,0.62
temps,word,0,2,0,0,0,0,0,3,1,5,3,14,0.14,0.00,0.21,0.07,0.36,0.21,0.00,0.00,0.00,0.00,0.00,2.16,0.62
temps,lemma,0,2,0,0,0,0,0,3,1,5,3,14,0.14,0.00,0.21,0.07,0.36,0.21,0.00,0.00,0.00,0.00,0.00,2.16,0.62
idée,lemma,0,2,0,0,0,0,0,6,2,2,3,15,0.13,0.00,0.40,0.13,0.13,0.20,0.00,0.00,0.00,0.00,0.00,2.16,0.62
unique,word,1,0,0,0,0,3,0,2,0,1,1,8,0.00,0.00,0.25,0.00,0.12,0.12,0.12,0.00,0.00,0.38,0.00,2.16,0.62
qu'il,word,1,1,0,0,0,0,0,0,2,3,1,8,0.12,0.00,0.00,0.25,0.38,0.12,0.12,0.00,0.00,0.00,0.00,2.16,0.62
unique,lemma,1,0,0,0,0,3,0,2,0,1,1,8,0.00,0.00,0.25,0.00,0.12,0.12,0.12,0.00,0.00,0.38,0.00,2.16,0.62
sacrer,lemma,1,1,0,0,0,3,0,2,0,1,0,8,0.12,0.00,0.25,0.00,0.12,0.00,0.12,0.00,0.00,0.38,0.00,2.16,0.62
rare,word,2,0,0,0,0,1,0,1,1,3,0,8,0.00,0.00,0.12,0.12,0.38,0.00,0.25,0.00,0.00,0.12,0.00,2.16,0.62
sœur,word,1,0,0,0,0,1,0,3,2,0,1,8,0.00,0.00,0.38,0.25,0.00,0.12,0.12,0.00,0.00,0.12,0.00,2.16,0.62
bas,lemma,0,2,0,1,0,0,0,1,3,0,1,8,0.25,0.12,0.12,0.38,0.00,0.12,0.00,0.00,0.00,0.00,0.00,2.16,0.62
quelle,word,2,1,0,0,1,0,0,3,1,0,0,8,0.12,0.00,0.38,0.12,0.00,0.00,0.25,0.00,0.12,0.00,0.00,2.16,0.62
pied,lemma,1,0,0,0,0,1,0,2,3,1,0,8,0.00,0.00,0.25,0.38,0.12,0.00,0.12,0.00,0.00,0.12,0.00,2.16,0.62
record,lemma,7,0,0,0,0,6,0,6,0,5,1,25,0.00,0.00,0.24,0.00,0.20,0.04,0.28,0.00,0.00,0.24,0.00,2.15,0.62
bon,word,0,5,0,0,1,2,0,13,1,1,3,26,0.19,0.00,0.50,0.04,0.04,0.12,0.00,0.00,0.04,0.08,0.00,2.14,0.62
parents,word,1,1,0,0,0,1,0,3,6,1,0,13,0.08,0.00,0.23,0.46,0.08,0.00,0.08,0.00,0.00,0.08,0.00,2.14,0.62
puissant,lemma,3,1,0,0,0,1,0,0,6,1,1,13,0.08,0.00,0.00,0.46,0.08,0.08,0.23,0.00,0.00,0.08,0.00,2.14,0.62
parent,lemma,1,1,0,0,0,1,0,3,6,1,0,13,0.08,0.00,0.23,0.46,0.08,0.00,0.08,0.00,0.00,0.08,0.00,2.14,0.62
aurait,word,0,5,0,0,2,0,0,0,3,2,1,13,0.38,0.00,0.00,0.23,0.15,0.08,0.00,0.00,0.15,0.00,0.00,2.13,0.62
parler,lemma,0,13,0,0,3,0,0,1,4,2,4,27,0.48,0.00,0.04,0.15,0.07,0.15,0.00,0.00,0.11,0.00,0.00,2.13,0.62
danseuse,word,1,0,0,0,0,1,0,3,1,0,1,7,0.00,0.00,0.43,0.14,0.00,0.14,0.14,0.00,0.00,0.14,0.00,2.13,0.62
souvent,lemma,1,3,0,1,0,0,0,0,0,1,1,7,0.43,0.14,0.00,0.00,0.14,0.14,0.14,0.00,0.00,0.00,0.00,2.13,0.62
souvent,word,1,3,0,1,0,0,0,0,0,1,1,7,0.43,0.14,0.00,0.00,0.14,0.14,0.14,0.00,0.00,0.00,0.00,2.13,0.62
malade,word,0,1,0,0,0,0,0,1,3,1,1,7,0.14,0.00,0.14,0.43,0.14,0.14,0.00,0.00,0.00,0.00,0.00,2.13,0.62
surtout,lemma,1,3,0,0,0,1,0,0,1,1,0,7,0.43,0.00,0.00,0.14,0.14,0.00,0.14,0.00,0.00,0.14,0.00,2.13,0.62
marier,lemma,1,0,0,0,1,0,0,3,0,1,1,7,0.00,0.00,0.43,0.00,0.14,0.14,0.14,0.00,0.14,0.00,0.00,2.13,0.62
surtout,word,1,3,0,0,0,1,0,0,1,1,0,7,0.43,0.00,0.00,0.14,0.14,0.00,0.14,0.00,0.00,0.14,0.00,2.13,0.62
imposer,lemma,0,1,0,0,0,1,0,1,3,0,1,7,0.14,0.00,0.14,0.43,0.00,0.14,0.00,0.00,0.00,0.14,0.00,2.13,0.62
manger,word,0,3,0,1,0,0,0,1,1,0,1,7,0.43,0.14,0.14,0.14,0.00,0.14,0.00,0.00,0.00,0.00,0.00,2.13,0.62
nom,lemma,0,3,0,1,0,0,0,1,1,1,0,7,0.43,0.14,0.14,0.14,0.14,0.00,0.00,0.00,0.00,0.00,0.00,2.13,0.62
long,lemma,1,1,0,1,0,0,0,1,0,3,0,7,0.14,0.14,0.14,0.00,0.43,0.00,0.14,0.00,0.00,0.00,0.00,2.13,0.62
jours,word,0,1,0,0,0,0,0,4,2,1,2,10,0.10,0.00,0.40,0.20,0.10,0.20,0.00,0.00,0.00,0.00,0.00,2.12,0.61
occasion,word,0,0,0,0,1,2,0,4,2,0,1,10,0.00,0.00,0.40,0.20,0.00,0.10,0.00,0.00,0.10,0.20,0.00,2.12,0.61
occasion,lemma,0,0,0,0,1,2,0,4,2,0,1,10,0.00,0.00,0.40,0.20,0.00,0.10,0.00,0.00,0.10,0.20,0.00,2.12,0.61
regarder,lemma,1,4,0,0,0,0,0,2,1,2,0,10,0.40,0.00,0.20,0.10,0.20,0.00,0.10,0.00,0.00,0.00,0.00,2.12,0.61
chien,lemma,0,4,0,2,1,0,0,0,1,0,2,10,0.40,0.20,0.00,0.10,0.00,0.20,0.00,0.00,0.10,0.00,0.00,2.12,0.61
millions,word,0,2,0,0,0,1,0,1,4,0,3,11,0.18,0.00,0.09,0.36,0.00,0.27,0.00,0.00,0.00,0.09,0.00,2.12,0.61
manger,lemma,0,4,0,2,0,0,0,1,1,0,3,11,0.36,0.18,0.09,0.09,0.00,0.27,0.00,0.00,0.00,0.00,0.00,2.12,0.61
immense,word,1,4,0,0,0,1,0,3,2,0,0,11,0.36,0.00,0.27,0.18,0.00,0.00,0.09,0.00,0.00,0.09,0.00,2.12,0.61
lettre,word,0,2,2,0,0,2,0,5,0,1,0,12,0.17,0.00,0.42,0.00,0.08,0.00,0.00,0.17,0.00,0.17,0.00,2.12,0.61
lettre,lemma,0,2,2,0,0,2,0,5,0,1,0,12,0.17,0.00,0.42,0.00,0.08,0.00,0.00,0.17,0.00,0.17,0.00,2.12,0.61
mètres,word,8,0,0,0,0,10,0,10,1,9,0,38,0.00,0.00,0.26,0.03,0.24,0.00,0.21,0.00,0.00,0.26,0.00,2.12,0.61
mètre,lemma,8,0,0,0,0,10,0,10,1,9,0,38,0.00,0.00,0.26,0.03,0.24,0.00,0.21,0.00,0.00,0.26,0.00,2.12,0.61
gros,lemma,0,25,0,18,2,1,0,3,3,2,2,56,0.45,0.32,0.05,0.05,0.04,0.04,0.00,0.00,0.04,0.02,0.00,2.12,0.61
parler,word,0,8,0,0,3,0,0,1,3,1,1,17,0.47,0.00,0.06,0.18,0.06,0.06,0.00,0.00,0.18,0.00,0.00,2.12,0.61
fort,word,1,0,0,0,1,1,0,0,3,0,3,9,0.00,0.00,0.00,0.33,0.00,0.33,0.11,0.00,0.11,0.11,0.00,2.11,0.61
:,punctuation,0,3,0,0,1,0,0,3,0,1,1,9,0.33,0.00,0.33,0.00,0.11,0.11,0.00,0.00,0.11,0.00,0.00,2.11,0.61
billes,word,0,1,0,0,0,6,0,7,1,1,2,18,0.06,0.00,0.39,0.06,0.06,0.11,0.00,0.00,0.00,0.33,0.00,2.11,0.61
nombreux,lemma,2,17,0,0,0,2,0,2,9,1,2,35,0.49,0.00,0.06,0.26,0.03,0.06,0.06,0.00,0.00,0.06,0.00,2.10,0.61
frrrintek,word,0,0,1,0,0,0,0,6,5,3,2,17,0.00,0.00,0.35,0.29,0.18,0.12,0.00,0.06,0.00,0.00,0.00,2.09,0.61
frrrintek,lemma,0,0,1,0,0,0,0,6,5,3,2,17,0.00,0.00,0.35,0.29,0.18,0.12,0.00,0.06,0.00,0.00,0.00,2.09,0.61
aimer,lemma,0,7,0,2,2,0,0,2,0,0,6,19,0.37,0.11,0.11,0.00,0.00,0.32,0.00,0.00,0.11,0.00,0.00,2.08,0.60
chasser,lemma,0,3,0,1,1,0,0,0,5,0,3,13,0.23,0.08,0.00,0.38,0.00,0.23,0.00,0.00,0.08,0.00,0.00,2.08,0.60
ami,lemma,1,3,0,0,1,0,0,4,0,0,5,14,0.21,0.00,0.29,0.00,0.00,0.36,0.07,0.00,0.07,0.00,0.00,2.07,0.60
gens,word,0,10,0,1,1,1,0,0,5,0,7,25,0.40,0.04,0.00,0.20,0.00,0.28,0.00,0.00,0.04,0.04,0.00,2.06,0.60
gens,lemma,0,10,0,1,1,1,0,0,5,0,7,25,0.40,0.04,0.00,0.20,0.00,0.28,0.00,0.00,0.04,0.04,0.00,2.06,0.60
?,punctuation,1,44,0,2,0,1,0,3,19,40,6,116,0.38,0.02,0.03,0.16,0.34,0.05,0.01,0.00,0.00,0.01,0.00,2.06,0.60
croire,lemma,0,4,0,1,0,0,0,1,1,7,1,15,0.27,0.07,0.07,0.07,0.47,0.07,0.00,0.00,0.00,0.00,0.00,2.06,0.60
important,lemma,1,1,0,0,0,2,0,1,4,0,0,9,0.11,0.00,0.11,0.44,0.00,0.00,0.11,0.00,0.00,0.22,0.00,2.06,0.60
silence,lemma,0,1,0,0,1,0,0,0,1,2,4,9,0.11,0.00,0.00,0.11,0.22,0.44,0.00,0.00,0.11,0.00,0.00,2.06,0.60
malade,lemma,0,1,0,0,0,0,0,1,4,1,2,9,0.11,0.00,0.11,0.44,0.11,0.22,0.00,0.00,0.00,0.00,0.00,2.06,0.60
silence,word,0,1,0,0,1,0,0,0,1,2,4,9,0.11,0.00,0.00,0.11,0.22,0.44,0.00,0.00,0.11,0.00,0.00,2.06,0.60
film,lemma,1,2,0,0,0,1,0,1,0,4,0,9,0.22,0.00,0.11,0.00,0.44,0.00,0.11,0.00,0.00,0.11,0.00,2.06,0.60
vivre,word,0,5,0,0,0,1,0,2,0,1,3,12,0.42,0.00,0.17,0.00,0.08,0.25,0.00,0.00,0.00,0.08,0.00,2.05,0.59
recevoir,lemma,2,1,0,0,0,8,0,11,3,1,0,26,0.04,0.00,0.42,0.12,0.04,0.00,0.08,0.00,0.00,0.31,0.00,2.05,0.59
est-ce,word,1,1,0,0,0,0,0,1,3,4,0,10,0.10,0.00,0.10,0.30,0.40,0.00,0.10,0.00,0.00,0.00,0.00,2.05,0.59
mauvaises,word,0,5,0,0,1,0,0,0,2,1,2,11,0.45,0.00,0.00,0.18,0.09,0.18,0.00,0.00,0.09,0.00,0.00,2.04,0.59
travail,lemma,0,18,0,0,0,3,0,6,7,0,5,39,0.46,0.00,0.15,0.18,0.00,0.13,0.00,0.00,0.00,0.08,0.00,2.04,0.59
bille,lemma,0,1,0,0,0,7,0,8,1,1,2,20,0.05,0.00,0.40,0.05,0.05,0.10,0.00,0.00,0.00,0.35,0.00,2.04,0.59
travail,word,0,17,0,0,0,3,0,6,7,0,4,37,0.46,0.00,0.16,0.19,0.00,0.11,0.00,0.00,0.00,0.08,0.00,2.04,0.59
porter,lemma,0,7,0,0,0,0,0,2,2,1,4,16,0.44,0.00,0.12,0.12,0.06,0.25,0.00,0.00,0.00,0.00,0.00,2.02,0.58
personnes,word,0,6,0,0,0,1,0,2,20,4,6,39,0.15,0.00,0.05,0.51,0.10,0.15,0.00,0.00,0.00,0.03,0.00,2.02,0.58
juste,word,1,16,0,1,0,0,0,3,2,1,12,36,0.44,0.03,0.08,0.06,0.03,0.33,0.03,0.00,0.00,0.00,0.00,2.01,0.58
ville,lemma,1,8,0,0,1,0,0,0,10,3,1,24,0.33,0.00,0.00,0.42,0.12,0.04,0.04,0.00,0.04,0.00,0.00,2.00,0.58
envie,word,1,1,0,0,0,0,0,1,0,0,1,4,0.25,0.00,0.25,0.00,0.00,0.25,0.25,0.00,0.00,0.00,0.00,2.00,0.58
connues,word,1,0,0,0,0,1,0,1,0,1,0,4,0.00,0.00,0.25,0.00,0.25,0.00,0.25,0.00,0.00,0.25,0.00,2.00,0.58
rôle,word,1,1,0,0,0,0,0,0,0,1,1,4,0.25,0.00,0.00,0.00,0.25,0.25,0.25,0.00,0.00,0.00,0.00,2.00,0.58
rôle,lemma,1,1,0,0,0,0,0,0,0,1,1,4,0.25,0.00,0.00,0.00,0.25,0.25,0.25,0.00,0.00,0.00,0.00,2.00,0.58
épreuve,word,1,0,0,0,0,1,0,1,0,1,0,4,0.00,0.00,0.25,0.00,0.25,0.00,0.25,0.00,0.00,0.25,0.00,2.00,0.58
affronter,word,0,1,0,0,0,1,0,0,1,0,1,4,0.25,0.00,0.00,0.25,0.00,0.25,0.00,0.00,0.00,0.25,0.00,2.00,0.58
carrémer,lemma,0,1,0,0,0,1,0,1,0,0,1,4,0.25,0.00,0.25,0.00,0.00,0.25,0.00,0.00,0.00,0.25,0.00,2.00,0.58
carrément,word,0,1,0,0,0,1,0,1,0,0,1,4,0.25,0.00,0.25,0.00,0.00,0.25,0.00,0.00,0.00,0.25,0.00,2.00,0.58
connu,lemma,1,0,0,0,0,1,0,1,0,1,0,4,0.00,0.00,0.25,0.00,0.25,0.00,0.25,0.00,0.00,0.25,0.00,2.00,0.58
blanc,lemma,1,4,0,0,0,1,0,1,1,0,0,8,0.50,0.00,0.12,0.12,0.00,0.00,0.12,0.00,0.00,0.12,0.00,2.00,0.58
papier,lemma,0,0,0,0,1,0,0,1,1,0,1,4,0.00,0.00,0.25,0.25,0.00,0.25,0.00,0.00,0.25,0.00,0.00,2.00,0.58
machine,word,1,0,0,0,1,1,0,0,1,0,0,4,0.00,0.00,0.00,0.25,0.00,0.00,0.25,0.00,0.25,0.25,0.00,2.00,0.58
e,lemma,0,1,0,0,0,1,0,1,0,0,1,4,0.25,0.00,0.25,0.00,0.00,0.25,0.00,0.00,0.00,0.25,0.00,2.00,0.58
atteindre,lemma,0,0,0,0,0,1,1,1,0,0,1,4,0.00,0.00,0.25,0.00,0.00,0.25,0.00,0.00,0.00,0.25,0.25,2.00,0.58
terrain,lemma,1,0,0,0,0,0,0,1,0,1,1,4,0.00,0.00,0.25,0.00,0.25,0.25,0.25,0.00,0.00,0.00,0.00,2.00,0.58
terrain,word,1,0,0,0,0,0,0,1,0,1,1,4,0.00,0.00,0.25,0.00,0.25,0.25,0.25,0.00,0.00,0.00,0.00,2.00,0.58
suivie,word,1,0,0,0,0,1,0,1,0,1,0,4,0.00,0.00,0.25,0.00,0.25,0.00,0.25,0.00,0.00,0.25,0.00,2.00,0.58
inventer,lemma,0,1,0,0,0,1,0,1,0,1,0,4,0.25,0.00,0.25,0.00,0.25,0.00,0.00,0.00,0.00,0.25,0.00,2.00,0.58
conduite,word,0,0,1,0,1,0,0,1,0,1,0,4,0.00,0.00,0.25,0.00,0.25,0.00,0.00,0.25,0.25,0.00,0.00,2.00,0.58
pa,word,0,1,0,1,1,0,0,0,0,1,0,4,0.25,0.25,0.00,0.00,0.25,0.00,0.00,0.00,0.25,0.00,0.00,2.00,0.58
conduite,lemma,0,0,1,0,1,0,0,1,0,1,0,4,0.00,0.00,0.25,0.00,0.25,0.00,0.00,0.25,0.25,0.00,0.00,2.00,0.58
suivie,lemma,1,0,0,0,0,1,0,1,0,1,0,4,0.00,0.00,0.25,0.00,0.25,0.00,0.25,0.00,0.00,0.25,0.00,2.00,0.58
papier,word,0,0,0,0,1,0,0,1,1,0,1,4,0.00,0.00,0.25,0.25,0.00,0.25,0.00,0.00,0.25,0.00,0.00,2.00,0.58
copine,lemma,0,1,0,0,0,1,0,1,0,0,1,4,0.25,0.00,0.25,0.00,0.00,0.25,0.00,0.00,0.00,0.25,0.00,2.00,0.58
auxquelles,word,1,0,0,0,0,1,0,1,0,1,0,4,0.00,0.00,0.25,0.00,0.25,0.00,0.25,0.00,0.00,0.25,0.00,2.00,0.58
mondiale,word,1,0,0,0,0,1,0,1,0,0,1,4,0.00,0.00,0.25,0.00,0.00,0.25,0.25,0.00,0.00,0.25,0.00,2.00,0.58
longueur,lemma,1,0,0,0,0,1,0,1,0,1,0,4,0.00,0.00,0.25,0.00,0.25,0.00,0.25,0.00,0.00,0.25,0.00,2.00,0.58
nu,lemma,1,0,0,0,0,1,0,1,0,1,0,4,0.00,0.00,0.25,0.00,0.25,0.00,0.25,0.00,0.00,0.25,0.00,2.00,0.58
vitesse,lemma,1,0,0,0,0,1,0,1,0,0,1,4,0.00,0.00,0.25,0.00,0.00,0.25,0.25,0.00,0.00,0.25,0.00,2.00,0.58
oublier,word,0,1,0,1,0,0,0,1,0,0,1,4,0.25,0.25,0.25,0.00,0.00,0.25,0.00,0.00,0.00,0.00,0.00,2.00,0.58
nus,word,1,0,0,0,0,1,0,1,0,1,0,4,0.00,0.00,0.25,0.00,0.25,0.00,0.25,0.00,0.00,0.25,0.00,2.00,0.58
sentir,word,0,0,0,0,1,0,0,1,1,0,1,4,0.00,0.00,0.25,0.25,0.00,0.25,0.00,0.00,0.25,0.00,0.00,2.00,0.58
châtelet,lemma,0,0,0,0,0,0,0,1,1,1,1,4,0.00,0.00,0.25,0.25,0.25,0.25,0.00,0.00,0.00,0.00,0.00,2.00,0.58
châtelet,word,0,0,0,0,0,0,0,1,1,1,1,4,0.00,0.00,0.25,0.25,0.25,0.25,0.00,0.00,0.00,0.00,0.00,2.00,0.58
participe,word,1,0,0,0,0,1,0,1,0,1,0,4,0.00,0.00,0.25,0.00,0.25,0.00,0.25,0.00,0.00,0.25,0.00,2.00,0.58
vitesse,word,1,0,0,0,0,1,0,1,0,0,1,4,0.00,0.00,0.25,0.00,0.00,0.25,0.25,0.00,0.00,0.25,0.00,2.00,0.58
aimerais,word,0,1,0,0,0,1,0,1,0,0,1,4,0.25,0.00,0.25,0.00,0.00,0.25,0.00,0.00,0.00,0.25,0.00,2.00,0.58
rat,lemma,0,1,0,0,1,0,0,0,1,0,1,4,0.25,0.00,0.00,0.25,0.00,0.25,0.00,0.00,0.25,0.00,0.00,2.00,0.58
devenu,word,0,0,0,0,1,0,0,1,0,1,1,4,0.00,0.00,0.25,0.00,0.25,0.25,0.00,0.00,0.25,0.00,0.00,2.00,0.58
vache,word,1,0,0,1,0,1,0,1,0,0,0,4,0.00,0.25,0.25,0.00,0.00,0.00,0.25,0.00,0.00,0.25,0.00,2.00,0.58
participe,lemma,1,0,0,0,0,1,0,1,0,1,0,4,0.00,0.00,0.25,0.00,0.25,0.00,0.25,0.00,0.00,0.25,0.00,2.00,0.58
mains,word,0,1,0,0,0,1,0,1,1,0,0,4,0.25,0.00,0.25,0.25,0.00,0.00,0.00,0.00,0.00,0.25,0.00,2.00,0.58
lors,lemma,0,1,0,0,0,0,0,1,1,0,1,4,0.25,0.00,0.25,0.25,0.00,0.25,0.00,0.00,0.00,0.00,0.00,2.00,0.58
longue,word,1,1,0,1,0,0,0,0,0,1,0,4,0.25,0.25,0.00,0.00,0.25,0.00,0.25,0.00,0.00,0.00,0.00,2.00,0.58
impression,lemma,0,0,0,0,1,1,0,1,0,0,1,4,0.00,0.00,0.25,0.00,0.00,0.25,0.00,0.00,0.25,0.25,0.00,2.00,0.58
mordre,lemma,0,1,1,0,0,0,0,0,1,0,1,4,0.25,0.00,0.00,0.25,0.00,0.25,0.00,0.25,0.00,0.00,0.00,2.00,0.58
sai,lemma,0,1,0,1,0,1,0,1,0,0,0,4,0.25,0.25,0.25,0.00,0.00,0.00,0.00,0.00,0.00,0.25,0.00,2.00,0.58
sait,word,0,0,0,0,1,0,0,1,1,0,1,4,0.00,0.00,0.25,0.25,0.00,0.25,0.00,0.00,0.25,0.00,0.00,2.00,0.58
c'était,word,0,0,0,0,0,0,0,1,1,1,1,4,0.00,0.00,0.25,0.25,0.25,0.25,0.00,0.00,0.00,0.00,0.00,2.00,0.58
auxquelles,lemma,1,0,0,0,0,1,0,1,0,1,0,4,0.00,0.00,0.25,0.00,0.25,0.00,0.25,0.00,0.00,0.25,0.00,2.00,0.58
saut,word,1,0,0,0,0,1,0,1,0,1,0,4,0.00,0.00,0.25,0.00,0.25,0.00,0.25,0.00,0.00,0.25,0.00,2.00,0.58
longueur,word,1,0,0,0,0,1,0,1,0,1,0,4,0.00,0.00,0.25,0.00,0.25,0.00,0.25,0.00,0.00,0.25,0.00,2.00,0.58
lors,word,0,1,0,0,0,0,0,1,1,0,1,4,0.25,0.00,0.25,0.25,0.00,0.25,0.00,0.00,0.00,0.00,0.00,2.00,0.58
entier,lemma,0,1,0,0,0,1,0,1,1,0,0,4,0.25,0.00,0.25,0.25,0.00,0.00,0.00,0.00,0.00,0.25,0.00,2.00,0.58
saut,lemma,1,0,0,0,0,1,0,1,0,1,0,4,0.00,0.00,0.25,0.00,0.25,0.00,0.25,0.00,0.00,0.25,0.00,2.00,0.58
mauvais,lemma,0,12,0,0,1,0,0,0,7,3,6,29,0.41,0.00,0.00,0.24,0.10,0.21,0.00,0.00,0.03,0.00,0.00,2.00,0.58
nouvelle,word,1,2,0,0,0,0,0,6,0,1,3,13,0.15,0.00,0.46,0.00,0.08,0.23,0.08,0.00,0.00,0.00,0.00,1.99,0.57
ville,word,1,3,0,0,1,0,0,0,6,2,0,13,0.23,0.00,0.00,0.46,0.15,0.00,0.08,0.00,0.08,0.00,0.00,1.99,0.57
juste,lemma,1,17,0,1,0,0,0,3,2,1,12,37,0.46,0.03,0.08,0.05,0.03,0.32,0.03,0.00,0.00,0.00,0.00,1.99,0.57
grave,lemma,1,10,0,1,0,0,0,1,20,1,14,48,0.21,0.02,0.02,0.42,0.02,0.29,0.02,0.00,0.00,0.00,0.00,1.98,0.57
qu'est-ce,word,0,2,0,0,0,0,0,0,3,3,3,11,0.18,0.00,0.00,0.27,0.27,0.27,0.00,0.00,0.00,0.00,0.00,1.98,0.57
bon,lemma,0,8,0,0,1,4,0,29,2,2,5,51,0.16,0.00,0.57,0.04,0.04,0.10,0.00,0.00,0.02,0.08,0.00,1.98,0.57
épreuve,lemma,2,0,0,0,0,3,0,3,0,2,0,10,0.00,0.00,0.30,0.00,0.20,0.00,0.20,0.00,0.00,0.30,0.00,1.97,0.57
mis,word,0,6,0,0,1,0,0,1,2,0,5,15,0.40,0.00,0.07,0.13,0.00,0.33,0.00,0.00,0.07,0.00,0.00,1.97,0.57
mot,lemma,1,0,0,0,0,1,0,5,0,1,2,10,0.00,0.00,0.50,0.00,0.10,0.20,0.10,0.00,0.00,0.10,0.00,1.96,0.57
réaliser,lemma,1,1,0,0,0,1,0,5,0,2,0,10,0.10,0.00,0.50,0.00,0.20,0.00,0.10,0.00,0.00,0.10,0.00,1.96,0.57
grave,word,1,4,0,1,0,0,0,1,17,1,11,36,0.11,0.03,0.03,0.47,0.03,0.31,0.03,0.00,0.00,0.00,0.00,1.96,0.57
finir,lemma,0,3,0,0,0,0,0,4,3,0,2,12,0.25,0.00,0.33,0.25,0.00,0.17,0.00,0.00,0.00,0.00,0.00,1.96,0.57
performance,word,3,0,0,0,0,4,0,3,0,2,0,12,0.00,0.00,0.25,0.00,0.17,0.00,0.25,0.00,0.00,0.33,0.00,1.96,0.57
performance,lemma,3,0,0,0,0,4,0,3,0,2,0,12,0.00,0.00,0.25,0.00,0.17,0.00,0.25,0.00,0.00,0.33,0.00,1.96,0.57
victime,lemma,1,12,0,0,6,0,0,0,18,1,30,68,0.18,0.00,0.00,0.26,0.01,0.44,0.01,0.00,0.09,0.00,0.00,1.96,0.57
deuxième,word,0,0,0,0,0,2,0,2,2,1,0,7,0.00,0.00,0.29,0.29,0.14,0.00,0.00,0.00,0.00,0.29,0.00,1.95,0.56
demande,lemma,0,2,0,0,0,0,0,1,2,0,2,7,0.29,0.00,0.14,0.29,0.00,0.29,0.00,0.00,0.00,0.00,0.00,1.95,0.56
espèce,lemma,0,2,0,0,0,0,0,0,2,1,2,7,0.29,0.00,0.00,0.29,0.14,0.29,0.00,0.00,0.00,0.00,0.00,1.95,0.56
demande,word,0,2,0,0,0,0,0,1,2,0,2,7,0.29,0.00,0.14,0.29,0.00,0.29,0.00,0.00,0.00,0.00,0.00,1.95,0.56
deuxième,lemma,0,0,0,0,0,2,0,2,2,1,0,7,0.00,0.00,0.29,0.29,0.14,0.00,0.00,0.00,0.00,0.29,0.00,1.95,0.56
prix,word,1,16,0,0,0,10,0,11,1,1,0,40,0.40,0.00,0.28,0.03,0.03,0.00,0.03,0.00,0.00,0.25,0.00,1.94,0.56
prix,lemma,1,16,0,0,0,10,0,11,1,1,0,40,0.40,0.00,0.28,0.03,0.03,0.00,0.03,0.00,0.00,0.25,0.00,1.94,0.56
école,word,0,0,0,0,0,2,0,2,7,1,8,20,0.00,0.00,0.10,0.35,0.05,0.40,0.00,0.00,0.00,0.10,0.00,1.94,0.56
paix,word,0,2,0,0,0,6,0,6,1,0,1,16,0.12,0.00,0.38,0.06,0.00,0.06,0.00,0.00,0.00,0.38,0.00,1.94,0.56
paix,lemma,0,2,0,0,0,6,0,6,1,0,1,16,0.12,0.00,0.38,0.06,0.00,0.06,0.00,0.00,0.00,0.38,0.00,1.94,0.56
mauvaise,word,0,2,0,0,0,0,0,0,4,2,3,11,0.18,0.00,0.00,0.36,0.18,0.27,0.00,0.00,0.00,0.00,0.00,1.94,0.56
remporté,word,2,0,0,0,0,7,0,11,0,2,2,24,0.00,0.00,0.46,0.00,0.08,0.08,0.08,0.00,0.00,0.29,0.00,1.93,0.56
exploits,word,2,0,0,0,0,1,0,1,0,1,0,5,0.00,0.00,0.20,0.00,0.20,0.00,0.40,0.00,0.00,0.20,0.00,1.92,0.56
l'air,word,0,1,0,0,0,0,0,1,1,2,0,5,0.20,0.00,0.20,0.20,0.40,0.00,0.00,0.00,0.00,0.00,0.00,1.92,0.56
élu,word,1,1,0,0,0,0,0,0,1,2,0,5,0.20,0.00,0.00,0.20,0.40,0.00,0.20,0.00,0.00,0.00,0.00,1.92,0.56
électricité,word,1,0,0,0,0,0,0,1,2,0,1,5,0.00,0.00,0.20,0.40,0.00,0.20,0.20,0.00,0.00,0.00,0.00,1.92,0.56
exprimer,lemma,0,2,0,0,0,1,0,1,0,0,1,5,0.40,0.00,0.20,0.00,0.00,0.20,0.00,0.00,0.00,0.20,0.00,1.92,0.56
milieu,word,0,0,0,0,0,0,0,1,2,1,1,5,0.00,0.00,0.20,0.40,0.20,0.20,0.00,0.00,0.00,0.00,0.00,1.92,0.56
œil,word,0,2,0,1,0,1,0,1,0,0,0,5,0.40,0.20,0.20,0.00,0.00,0.00,0.00,0.00,0.00,0.20,0.00,1.92,0.56
aimer,word,0,2,0,1,1,0,0,0,0,0,1,5,0.40,0.20,0.00,0.00,0.00,0.20,0.00,0.00,0.20,0.00,0.00,1.92,0.56
ailleurs,word,0,2,0,1,0,0,0,0,1,1,0,5,0.40,0.20,0.00,0.20,0.20,0.00,0.00,0.00,0.00,0.00,0.00,1.92,0.56
électricité,lemma,1,0,0,0,0,0,0,1,2,0,1,5,0.00,0.00,0.20,0.40,0.00,0.20,0.20,0.00,0.00,0.00,0.00,1.92,0.56
d'être,word,0,2,0,1,1,0,0,0,0,0,1,5,0.40,0.20,0.00,0.00,0.00,0.20,0.00,0.00,0.20,0.00,0.00,1.92,0.56
polluer,lemma,0,2,0,1,0,0,0,0,1,0,1,5,0.40,0.20,0.00,0.20,0.00,0.20,0.00,0.00,0.00,0.00,0.00,1.92,0.56
empêcher,lemma,0,2,0,0,0,0,0,2,4,0,2,10,0.20,0.00,0.20,0.40,0.00,0.20,0.00,0.00,0.00,0.00,0.00,1.92,0.56
travers,word,0,1,0,0,0,1,0,2,0,1,0,5,0.20,0.00,0.40,0.00,0.20,0.00,0.00,0.00,0.00,0.20,0.00,1.92,0.56
cinq,lemma,0,0,0,0,0,2,0,1,1,0,1,5,0.00,0.00,0.20,0.20,0.00,0.20,0.00,0.00,0.00,0.40,0.00,1.92,0.56
national,word,0,1,0,0,0,2,0,1,0,0,1,5,0.20,0.00,0.20,0.00,0.00,0.20,0.00,0.00,0.00,0.40,0.00,1.92,0.56
milieu,lemma,0,0,0,0,0,0,0,1,2,1,1,5,0.00,0.00,0.20,0.40,0.20,0.20,0.00,0.00,0.00,0.00,0.00,1.92,0.56
machine,lemma,1,0,0,0,1,2,0,0,1,0,0,5,0.00,0.00,0.00,0.20,0.00,0.00,0.20,0.00,0.20,0.40,0.00,1.92,0.56
mauver,lemma,0,2,0,0,1,0,0,0,1,0,1,5,0.40,0.00,0.00,0.20,0.00,0.20,0.00,0.00,0.20,0.00,0.00,1.92,0.56
moutons,word,0,1,0,1,0,0,0,0,0,1,2,5,0.20,0.20,0.00,0.00,0.20,0.40,0.00,0.00,0.00,0.00,0.00,1.92,0.56
tour,lemma,0,1,0,0,1,0,0,0,2,1,0,5,0.20,0.00,0.00,0.40,0.20,0.00,0.00,0.00,0.20,0.00,0.00,1.92,0.56
montrer,word,0,1,0,0,1,2,0,1,0,0,0,5,0.20,0.00,0.20,0.00,0.00,0.00,0.00,0.00,0.20,0.40,0.00,1.92,0.56
impressionner,word,1,0,0,0,0,2,0,1,0,1,0,5,0.00,0.00,0.20,0.00,0.20,0.00,0.20,0.00,0.00,0.40,0.00,1.92,0.56
installer,word,0,1,0,0,0,1,0,1,2,0,0,5,0.20,0.00,0.20,0.40,0.00,0.00,0.00,0.00,0.00,0.20,0.00,1.92,0.56
pardon,word,0,0,1,0,1,0,0,1,0,0,2,5,0.00,0.00,0.20,0.00,0.00,0.40,0.00,0.20,0.20,0.00,0.00,1.92,0.56
sujet,word,0,1,0,0,2,0,0,0,1,0,1,5,0.20,0.00,0.00,0.20,0.00,0.20,0.00,0.00,0.40,0.00,0.00,1.92,0.56
quel,word,0,1,0,0,0,0,0,2,0,1,1,5,0.20,0.00,0.40,0.00,0.20,0.20,0.00,0.00,0.00,0.00,0.00,1.92,0.56
public,lemma,0,1,0,0,1,0,0,0,2,0,1,5,0.20,0.00,0.00,0.40,0.00,0.20,0.00,0.00,0.20,0.00,0.00,1.92,0.56
petits,word,0,0,0,0,0,0,0,2,1,1,1,5,0.00,0.00,0.40,0.20,0.20,0.20,0.00,0.00,0.00,0.00,0.00,1.92,0.56
pardon,lemma,0,0,1,0,1,0,0,1,0,0,2,5,0.00,0.00,0.20,0.00,0.00,0.40,0.00,0.20,0.20,0.00,0.00,1.92,0.56
sujet,lemma,0,1,0,0,2,0,0,0,1,0,1,5,0.20,0.00,0.00,0.20,0.00,0.20,0.00,0.00,0.40,0.00,0.00,1.92,0.56
jeu,lemma,2,2,0,0,0,2,0,4,0,0,0,10,0.20,0.00,0.40,0.00,0.00,0.00,0.20,0.00,0.00,0.20,0.00,1.92,0.56
bataille,lemma,0,2,0,0,0,1,0,1,1,0,0,5,0.40,0.00,0.20,0.20,0.00,0.00,0.00,0.00,0.00,0.20,0.00,1.92,0.56
jolie,lemma,0,1,0,0,0,1,0,2,0,1,0,5,0.20,0.00,0.40,0.00,0.20,0.00,0.00,0.00,0.00,0.20,0.00,1.92,0.56
bataille,word,0,2,0,0,0,1,0,1,1,0,0,5,0.40,0.00,0.20,0.20,0.00,0.00,0.00,0.00,0.00,0.20,0.00,1.92,0.56
facilement,lemma,0,0,0,0,1,0,0,1,1,0,2,5,0.00,0.00,0.20,0.20,0.00,0.40,0.00,0.00,0.20,0.00,0.00,1.92,0.56
montre,word,0,1,0,2,0,0,0,0,1,0,1,5,0.20,0.40,0.00,0.20,0.00,0.20,0.00,0.00,0.00,0.00,0.00,1.92,0.56
facilement,word,0,0,0,0,1,0,0,1,1,0,2,5,0.00,0.00,0.20,0.20,0.00,0.40,0.00,0.00,0.20,0.00,0.00,1.92,0.56
sacré,word,2,0,0,0,0,1,0,1,0,1,0,5,0.00,0.00,0.20,0.00,0.20,0.00,0.40,0.00,0.00,0.20,0.00,1.92,0.56
frère,lemma,0,2,0,0,0,0,0,2,2,0,4,10,0.20,0.00,0.20,0.20,0.00,0.40,0.00,0.00,0.00,0.00,0.00,1.92,0.56
œil,lemma,0,2,0,1,0,1,0,1,0,0,0,5,0.40,0.20,0.20,0.00,0.00,0.00,0.00,0.00,0.00,0.20,0.00,1.92,0.56
classe,word,0,1,0,0,0,0,0,2,1,0,1,5,0.20,0.00,0.40,0.20,0.00,0.20,0.00,0.00,0.00,0.00,0.00,1.92,0.56
frère,word,0,2,0,0,0,0,0,2,2,0,4,10,0.20,0.00,0.20,0.20,0.00,0.40,0.00,0.00,0.00,0.00,0.00,1.92,0.56
déclarer,lemma,0,2,0,0,0,1,0,1,1,0,0,5,0.40,0.00,0.20,0.20,0.00,0.00,0.00,0.00,0.00,0.20,0.00,1.92,0.56
lit,lemma,0,1,0,0,0,0,0,1,2,0,1,5,0.20,0.00,0.20,0.40,0.00,0.20,0.00,0.00,0.00,0.00,0.00,1.92,0.56
tombe,lemma,0,0,0,0,2,0,0,1,0,1,1,5,0.00,0.00,0.20,0.00,0.20,0.20,0.00,0.00,0.40,0.00,0.00,1.92,0.56
cinq,word,0,0,0,0,0,2,0,1,1,0,1,5,0.00,0.00,0.20,0.20,0.00,0.20,0.00,0.00,0.00,0.40,0.00,1.92,0.56
sentiment,word,0,1,0,0,1,1,0,2,0,0,0,5,0.20,0.00,0.40,0.00,0.00,0.00,0.00,0.00,0.20,0.20,0.00,1.92,0.56
travers,lemma,0,1,0,0,0,1,0,2,0,1,0,5,0.20,0.00,0.40,0.00,0.20,0.00,0.00,0.00,0.00,0.20,0.00,1.92,0.56
ensemble,lemma,0,2,0,0,0,0,0,1,1,0,1,5,0.40,0.00,0.20,0.20,0.00,0.20,0.00,0.00,0.00,0.00,0.00,1.92,0.56
sentiment,lemma,0,1,0,0,1,1,0,2,0,0,0,5,0.20,0.00,0.40,0.00,0.00,0.00,0.00,0.00,0.20,0.20,0.00,1.92,0.56
bouche,word,1,1,0,0,0,0,0,2,0,1,0,5,0.20,0.00,0.40,0.00,0.20,0.00,0.20,0.00,0.00,0.00,0.00,1.92,0.56
bouche,lemma,1,1,0,0,0,0,0,2,0,1,0,5,0.20,0.00,0.40,0.00,0.20,0.00,0.20,0.00,0.00,0.00,0.00,1.92,0.56
tombe,word,0,0,0,0,2,0,0,1,0,1,1,5,0.00,0.00,0.20,0.00,0.20,0.20,0.00,0.00,0.40,0.00,0.00,1.92,0.56
classe,lemma,0,1,0,0,0,0,0,2,1,0,1,5,0.20,0.00,0.40,0.20,0.00,0.20,0.00,0.00,0.00,0.00,0.00,1.92,0.56
presque,lemma,0,0,0,0,1,1,0,2,0,1,0,5,0.00,0.00,0.40,0.00,0.20,0.00,0.00,0.00,0.20,0.20,0.00,1.92,0.56
élu,lemma,1,1,0,0,0,0,0,0,1,2,0,5,0.20,0.00,0.00,0.20,0.40,0.00,0.20,0.00,0.00,0.00,0.00,1.92,0.56
habiter,lemma,0,1,0,0,1,0,0,0,2,0,1,5,0.20,0.00,0.00,0.40,0.00,0.20,0.00,0.00,0.20,0.00,0.00,1.92,0.56
dernier,word,2,0,0,0,0,0,0,1,0,1,2,6,0.00,0.00,0.17,0.00,0.17,0.33,0.33,0.00,0.00,0.00,0.00,1.92,0.55
épreuves,word,1,0,0,0,0,2,0,2,0,1,0,6,0.00,0.00,0.33,0.00,0.17,0.00,0.17,0.00,0.00,0.33,0.00,1.92,0.55
préférer,lemma,0,1,0,0,0,0,0,2,1,0,2,6,0.17,0.00,0.33,0.17,0.00,0.33,0.00,0.00,0.00,0.00,0.00,1.92,0.55
championnes,word,1,0,0,0,0,2,0,2,0,1,0,6,0.00,0.00,0.33,0.00,0.17,0.00,0.17,0.00,0.00,0.33,0.00,1.92,0.55
montrer,lemma,0,2,0,0,1,2,0,1,0,0,0,6,0.33,0.00,0.17,0.00,0.00,0.00,0.00,0.00,0.17,0.33,0.00,1.92,0.55
mouton,lemma,0,2,0,1,0,0,0,0,0,1,2,6,0.33,0.17,0.00,0.00,0.17,0.33,0.00,0.00,0.00,0.00,0.00,1.92,0.55
enfant,word,0,0,0,0,0,2,0,1,2,0,1,6,0.00,0.00,0.17,0.33,0.00,0.17,0.00,0.00,0.00,0.33,0.00,1.92,0.55
femme,word,0,1,0,0,0,2,0,2,0,0,1,6,0.17,0.00,0.33,0.00,0.00,0.17,0.00,0.00,0.00,0.33,0.00,1.92,0.55
arracher,lemma,0,2,0,0,0,0,0,0,1,1,2,6,0.33,0.00,0.00,0.17,0.17,0.33,0.00,0.00,0.00,0.00,0.00,1.92,0.55
records,word,1,0,0,0,0,2,0,2,0,1,0,6,0.00,0.00,0.33,0.00,0.17,0.00,0.17,0.00,0.00,0.33,0.00,1.92,0.55
représenter,lemma,0,2,0,0,1,2,0,0,0,0,1,6,0.33,0.00,0.00,0.00,0.00,0.17,0.00,0.00,0.17,0.33,0.00,1.92,0.55
ancien,word,2,0,0,0,0,0,0,0,1,1,2,6,0.00,0.00,0.00,0.17,0.17,0.33,0.33,0.00,0.00,0.00,0.00,1.92,0.55
ailleurs,lemma,0,2,0,1,0,0,0,0,1,2,0,6,0.33,0.17,0.00,0.17,0.33,0.00,0.00,0.00,0.00,0.00,0.00,1.92,0.55
partie,word,0,2,0,0,0,0,1,0,2,1,0,6,0.33,0.00,0.00,0.33,0.17,0.00,0.00,0.00,0.00,0.00,0.17,1.92,0.55
américain,word,1,2,0,0,0,0,0,0,2,1,0,6,0.33,0.00,0.00,0.33,0.17,0.00,0.17,0.00,0.00,0.00,0.00,1.92,0.55
vécue,word,0,2,0,0,1,0,0,0,0,1,2,6,0.33,0.00,0.00,0.00,0.17,0.33,0.00,0.00,0.17,0.00,0.00,1.92,0.55
équipe,word,0,1,0,0,0,1,0,2,0,0,2,6,0.17,0.00,0.33,0.00,0.00,0.33,0.00,0.00,0.00,0.17,0.00,1.92,0.55
sortir,lemma,0,2,0,1,0,0,0,0,2,1,0,6,0.33,0.17,0.00,0.33,0.17,0.00,0.00,0.00,0.00,0.00,0.00,1.92,0.55
lire,lemma,0,1,0,0,0,1,0,2,2,0,0,6,0.17,0.00,0.33,0.33,0.00,0.00,0.00,0.00,0.00,0.17,0.00,1.92,0.55
nature,lemma,1,2,0,0,0,1,0,0,2,0,0,6,0.33,0.00,0.00,0.33,0.00,0.00,0.17,0.00,0.00,0.17,0.00,1.92,0.55
nature,word,1,2,0,0,0,1,0,0,2,0,0,6,0.33,0.00,0.00,0.33,0.00,0.00,0.17,0.00,0.00,0.17,0.00,1.92,0.55
partie,lemma,0,2,0,0,0,0,1,0,2,1,0,6,0.33,0.00,0.00,0.33,0.17,0.00,0.00,0.00,0.00,0.00,0.17,1.92,0.55
voter,lemma,0,2,0,0,1,1,0,0,2,0,0,6,0.33,0.00,0.00,0.33,0.00,0.00,0.00,0.00,0.17,0.17,0.00,1.92,0.55
servir,lemma,0,2,0,0,0,1,0,2,1,0,0,6,0.33,0.00,0.33,0.17,0.00,0.00,0.00,0.00,0.00,0.17,0.00,1.92,0.55
prendre,lemma,0,20,0,1,1,0,0,1,13,2,3,41,0.49,0.02,0.02,0.32,0.05,0.07,0.00,0.00,0.02,0.00,0.00,1.91,0.55
décider,lemma,0,2,0,0,0,0,0,2,3,1,0,8,0.25,0.00,0.25,0.38,0.12,0.00,0.00,0.00,0.00,0.00,0.00,1.91,0.55
heure,lemma,0,2,0,0,1,0,0,2,0,0,3,8,0.25,0.00,0.25,0.00,0.00,0.38,0.00,0.00,0.12,0.00,0.00,1.91,0.55
national,lemma,0,2,0,0,0,3,0,2,0,0,1,8,0.25,0.00,0.25,0.00,0.00,0.12,0.00,0.00,0.00,0.38,0.00,1.91,0.55
agressions,word,0,2,0,0,2,0,0,0,3,0,1,8,0.25,0.00,0.00,0.38,0.00,0.12,0.00,0.00,0.25,0.00,0.00,1.91,0.55
vivent,word,0,0,0,0,0,1,0,2,2,0,3,8,0.00,0.00,0.25,0.25,0.00,0.38,0.00,0.00,0.00,0.12,0.00,1.91,0.55
théâtre,lemma,0,2,0,0,0,0,0,3,2,1,0,8,0.25,0.00,0.38,0.25,0.12,0.00,0.00,0.00,0.00,0.00,0.00,1.91,0.55
équipe,lemma,0,1,0,0,0,2,0,3,0,0,2,8,0.12,0.00,0.38,0.00,0.00,0.25,0.00,0.00,0.00,0.25,0.00,1.91,0.55
mettre,lemma,0,19,0,0,1,0,0,5,8,0,6,39,0.49,0.00,0.13,0.21,0.00,0.15,0.00,0.00,0.03,0.00,0.00,1.91,0.55
fille,lemma,0,1,0,0,0,0,0,3,0,3,3,10,0.10,0.00,0.30,0.00,0.30,0.30,0.00,0.00,0.00,0.00,0.00,1.90,0.55
femme,lemma,0,10,0,0,0,3,0,3,0,2,1,19,0.53,0.00,0.16,0.00,0.11,0.05,0.00,0.00,0.00,0.16,0.00,1.89,0.55
impressionner,lemma,8,0,0,0,0,3,0,1,2,11,0,25,0.00,0.00,0.04,0.08,0.44,0.00,0.32,0.00,0.00,0.12,0.00,1.89,0.55
noire,word,0,0,0,0,0,3,0,3,1,0,2,9,0.00,0.00,0.33,0.11,0.00,0.22,0.00,0.00,0.00,0.33,0.00,1.89,0.55
amis,word,0,3,0,0,1,0,0,3,0,0,2,9,0.33,0.00,0.33,0.00,0.00,0.22,0.00,0.00,0.11,0.00,0.00,1.89,0.55
école,lemma,0,1,0,0,0,2,0,2,14,1,10,30,0.03,0.00,0.07,0.47,0.03,0.33,0.00,0.00,0.00,0.07,0.00,1.89,0.55
entendre,lemma,0,5,0,0,1,0,0,1,0,1,1,9,0.56,0.00,0.11,0.00,0.11,0.11,0.00,0.00,0.11,0.00,0.00,1.88,0.54
olympique,lemma,2,0,0,0,0,7,0,7,0,1,1,18,0.00,0.00,0.39,0.00,0.06,0.06,0.11,0.00,0.00,0.39,0.00,1.88,0.54
remporte,word,2,0,0,0,0,4,0,7,0,4,0,17,0.00,0.00,0.41,0.00,0.24,0.00,0.12,0.00,0.00,0.24,0.00,1.87,0.54
demander,lemma,0,6,0,0,1,0,0,1,2,0,1,11,0.55,0.00,0.09,0.18,0.00,0.09,0.00,0.00,0.09,0.00,0.00,1.87,0.54
pris,word,0,1,0,1,0,0,0,0,6,2,1,11,0.09,0.09,0.00,0.55,0.18,0.09,0.00,0.00,0.00,0.00,0.00,1.87,0.54
danseur,lemma,1,0,0,0,0,2,0,6,1,0,1,11,0.00,0.00,0.55,0.09,0.00,0.09,0.09,0.00,0.00,0.18,0.00,1.87,0.54
choses,word,0,16,0,0,0,2,0,4,4,0,3,29,0.55,0.00,0.14,0.14,0.00,0.10,0.00,0.00,0.00,0.07,0.00,1.87,0.54
juif,lemma,0,7,0,2,0,0,0,0,3,0,4,16,0.44,0.12,0.00,0.19,0.00,0.25,0.00,0.00,0.00,0.00,0.00,1.85,0.53
cause,word,0,4,0,0,0,0,0,2,7,0,3,16,0.25,0.00,0.12,0.44,0.00,0.19,0.00,0.00,0.00,0.00,0.00,1.85,0.53
cause,lemma,0,4,0,0,0,0,0,2,7,0,3,16,0.25,0.00,0.12,0.44,0.00,0.19,0.00,0.00,0.00,0.00,0.00,1.85,0.53
peine,word,0,4,0,0,0,0,0,1,2,0,3,10,0.40,0.00,0.10,0.20,0.00,0.30,0.00,0.00,0.00,0.00,0.00,1.85,0.53
particulier,lemma,0,2,0,0,0,0,0,0,3,1,1,7,0.29,0.00,0.00,0.43,0.14,0.14,0.00,0.00,0.00,0.00,0.00,1.84,0.53
ensemble,word,0,2,0,0,0,0,0,3,1,0,1,7,0.29,0.00,0.43,0.14,0.00,0.14,0.00,0.00,0.00,0.00,0.00,1.84,0.53
théâtre,word,0,2,0,0,0,0,0,3,1,1,0,7,0.29,0.00,0.43,0.14,0.14,0.00,0.00,0.00,0.00,0.00,0.00,1.84,0.53
n'a,word,1,2,0,0,0,0,0,0,3,0,1,7,0.29,0.00,0.00,0.43,0.00,0.14,0.14,0.00,0.00,0.00,0.00,1.84,0.53
lutter,lemma,0,2,0,0,1,0,0,0,3,0,1,7,0.29,0.00,0.00,0.43,0.00,0.14,0.00,0.00,0.14,0.00,0.00,1.84,0.53
père,lemma,0,2,0,0,0,0,0,0,1,1,3,7,0.29,0.00,0.00,0.14,0.14,0.43,0.00,0.00,0.00,0.00,0.00,1.84,0.53
père,word,0,2,0,0,0,0,0,0,1,1,3,7,0.29,0.00,0.00,0.14,0.14,0.43,0.00,0.00,0.00,0.00,0.00,1.84,0.53
honneur,word,2,1,0,0,0,3,0,1,0,0,0,7,0.14,0.00,0.14,0.00,0.00,0.00,0.29,0.00,0.00,0.43,0.00,1.84,0.53
oublier,lemma,0,2,0,1,0,0,0,1,0,0,3,7,0.29,0.14,0.14,0.00,0.00,0.43,0.00,0.00,0.00,0.00,0.00,1.84,0.53
général,word,0,3,0,0,0,0,0,1,0,1,2,7,0.43,0.00,0.14,0.00,0.14,0.29,0.00,0.00,0.00,0.00,0.00,1.84,0.53
agression,lemma,0,2,0,0,2,0,0,0,4,0,6,14,0.14,0.00,0.00,0.29,0.00,0.43,0.00,0.00,0.14,0.00,0.00,1.84,0.53
coupe,lemma,0,0,0,0,0,1,0,3,1,0,2,7,0.00,0.00,0.43,0.14,0.00,0.29,0.00,0.00,0.00,0.14,0.00,1.84,0.53
réveiller,lemma,0,3,0,1,0,0,0,0,1,2,0,7,0.43,0.14,0.00,0.14,0.29,0.00,0.00,0.00,0.00,0.00,0.00,1.84,0.53
complètement,lemma,0,2,0,0,0,0,0,1,3,1,0,7,0.29,0.00,0.14,0.43,0.14,0.00,0.00,0.00,0.00,0.00,0.00,1.84,0.53
près,word,1,1,0,0,0,0,0,0,3,0,2,7,0.14,0.00,0.00,0.43,0.00,0.29,0.14,0.00,0.00,0.00,0.00,1.84,0.53
mère,lemma,0,3,0,0,0,0,0,0,1,1,2,7,0.43,0.00,0.00,0.14,0.14,0.29,0.00,0.00,0.00,0.00,0.00,1.84,0.53
porter,word,0,3,0,0,0,0,0,1,0,1,2,7,0.43,0.00,0.14,0.00,0.14,0.29,0.00,0.00,0.00,0.00,0.00,1.84,0.53
vraie,lemma,0,0,0,0,0,1,0,3,1,2,0,7,0.00,0.00,0.43,0.14,0.29,0.00,0.00,0.00,0.00,0.14,0.00,1.84,0.53
heure,word,0,1,0,0,1,0,0,2,0,0,3,7,0.14,0.00,0.29,0.00,0.00,0.43,0.00,0.00,0.14,0.00,0.00,1.84,0.53
parle,lemma,2,3,0,1,0,1,0,0,0,0,0,7,0.43,0.14,0.00,0.00,0.00,0.00,0.29,0.00,0.00,0.14,0.00,1.84,0.53
près,lemma,1,1,0,0,0,0,0,0,3,0,2,7,0.14,0.00,0.00,0.43,0.00,0.29,0.14,0.00,0.00,0.00,0.00,1.84,0.53
installer,lemma,0,3,0,0,0,1,0,1,2,0,0,7,0.43,0.00,0.14,0.29,0.00,0.00,0.00,0.00,0.00,0.14,0.00,1.84,0.53
complètement,word,0,2,0,0,0,0,0,1,3,1,0,7,0.29,0.00,0.14,0.43,0.14,0.00,0.00,0.00,0.00,0.00,0.00,1.84,0.53
anglais,word,0,2,0,0,1,0,0,0,1,0,3,7,0.29,0.00,0.00,0.14,0.00,0.43,0.00,0.00,0.14,0.00,0.00,1.84,0.53
revenir,lemma,0,0,0,0,0,0,0,1,3,2,1,7,0.00,0.00,0.14,0.43,0.29,0.14,0.00,0.00,0.00,0.00,0.00,1.84,0.53
continuer,lemma,0,3,0,1,0,0,0,0,2,0,1,7,0.43,0.14,0.00,0.29,0.00,0.14,0.00,0.00,0.00,0.00,0.00,1.84,0.53
événement,word,0,0,0,0,0,1,0,3,1,2,0,7,0.00,0.00,0.43,0.14,0.29,0.00,0.00,0.00,0.00,0.14,0.00,1.84,0.53
vraie,word,0,0,0,0,0,1,0,3,1,2,0,7,0.00,0.00,0.43,0.14,0.29,0.00,0.00,0.00,0.00,0.14,0.00,1.84,0.53
anglais,lemma,0,2,0,0,1,0,0,0,1,0,3,7,0.29,0.00,0.00,0.14,0.00,0.43,0.00,0.00,0.14,0.00,0.00,1.84,0.53
médaille,lemma,3,0,0,0,0,13,0,13,0,3,1,33,0.00,0.00,0.39,0.00,0.09,0.03,0.09,0.00,0.00,0.39,0.00,1.84,0.53
envoyer,lemma,1,4,0,0,0,0,0,2,2,0,0,9,0.44,0.00,0.22,0.22,0.00,0.00,0.11,0.00,0.00,0.00,0.00,1.84,0.53
jeux,word,2,1,0,0,0,2,0,4,0,0,0,9,0.11,0.00,0.44,0.00,0.00,0.00,0.22,0.00,0.00,0.22,0.00,1.84,0.53
star,lemma,4,0,0,0,0,2,0,1,0,2,0,9,0.00,0.00,0.11,0.00,0.22,0.00,0.44,0.00,0.00,0.22,0.00,1.84,0.53
star,word,4,0,0,0,0,2,0,1,0,2,0,9,0.00,0.00,0.11,0.00,0.22,0.00,0.44,0.00,0.00,0.22,0.00,1.84,0.53
champion,lemma,3,0,0,0,0,10,0,8,0,1,1,23,0.00,0.00,0.35,0.00,0.04,0.04,0.13,0.00,0.00,0.43,0.00,1.83,0.53
victime,word,1,1,0,0,4,0,0,0,11,1,17,35,0.03,0.00,0.00,0.31,0.03,0.49,0.03,0.00,0.11,0.00,0.00,1.83,0.53
difficiles,word,0,5,0,1,0,0,0,0,4,0,5,15,0.33,0.07,0.00,0.27,0.00,0.33,0.00,0.00,0.00,0.00,0.00,1.83,0.53
devenir,word,0,0,0,0,0,1,0,2,4,0,4,11,0.00,0.00,0.18,0.36,0.00,0.36,0.00,0.00,0.00,0.09,0.00,1.82,0.53
peine,lemma,0,4,0,0,0,0,0,1,2,0,4,11,0.36,0.00,0.09,0.18,0.00,0.36,0.00,0.00,0.00,0.00,0.00,1.82,0.53
animal,lemma,1,4,0,1,0,0,0,0,12,0,7,25,0.16,0.04,0.00,0.48,0.00,0.28,0.04,0.00,0.00,0.00,0.00,1.82,0.53
manquer,lemma,0,3,0,0,0,0,0,0,1,1,3,8,0.38,0.00,0.00,0.12,0.12,0.38,0.00,0.00,0.00,0.00,0.00,1.81,0.52
filles,word,0,1,0,0,0,0,0,3,0,1,3,8,0.12,0.00,0.38,0.00,0.12,0.38,0.00,0.00,0.00,0.00,0.00,1.81,0.52
honneur,lemma,3,1,0,0,0,3,0,1,0,0,0,8,0.12,0.00,0.12,0.00,0.00,0.00,0.38,0.00,0.00,0.38,0.00,1.81,0.52
fous,word,0,1,0,0,0,0,0,1,3,1,0,6,0.17,0.00,0.17,0.50,0.17,0.00,0.00,0.00,0.00,0.00,0.00,1.79,0.52
blague,word,0,3,0,1,0,0,0,1,0,1,0,6,0.50,0.17,0.17,0.00,0.17,0.00,0.00,0.00,0.00,0.00,0.00,1.79,0.52
lieu,lemma,0,3,0,0,0,0,0,1,1,0,1,6,0.50,0.00,0.17,0.17,0.00,0.17,0.00,0.00,0.00,0.00,0.00,1.79,0.52
plutôt,lemma,0,0,0,0,0,1,0,0,1,3,1,6,0.00,0.00,0.00,0.17,0.50,0.17,0.00,0.00,0.00,0.17,0.00,1.79,0.52
trouvé,word,0,0,0,0,0,1,0,3,1,1,0,6,0.00,0.00,0.50,0.17,0.17,0.00,0.00,0.00,0.00,0.17,0.00,1.79,0.52
lit,word,0,1,0,0,0,0,0,1,3,0,1,6,0.17,0.00,0.17,0.50,0.00,0.17,0.00,0.00,0.00,0.00,0.00,1.79,0.52
plutôt,word,0,0,0,0,0,1,0,0,1,3,1,6,0.00,0.00,0.00,0.17,0.50,0.17,0.00,0.00,0.00,0.17,0.00,1.79,0.52
commencer,lemma,0,1,0,0,0,0,0,1,3,1,0,6,0.17,0.00,0.17,0.50,0.17,0.00,0.00,0.00,0.00,0.00,0.00,1.79,0.52
passer,word,0,0,0,1,0,0,0,3,0,1,1,6,0.00,0.17,0.50,0.00,0.17,0.17,0.00,0.00,0.00,0.00,0.00,1.79,0.52
vieux,lemma,0,3,0,0,1,0,0,1,0,1,0,6,0.50,0.00,0.17,0.00,0.17,0.00,0.00,0.00,0.17,0.00,0.00,1.79,0.52
voient,word,1,3,0,0,0,0,0,1,1,0,0,6,0.50,0.00,0.17,0.17,0.00,0.00,0.17,0.00,0.00,0.00,0.00,1.79,0.52
salle,lemma,0,1,0,0,0,0,0,1,3,0,1,6,0.17,0.00,0.17,0.50,0.00,0.17,0.00,0.00,0.00,0.00,0.00,1.79,0.52
emploi,lemma,0,3,0,0,0,0,0,0,1,1,1,6,0.50,0.00,0.00,0.17,0.17,0.17,0.00,0.00,0.00,0.00,0.00,1.79,0.52
familles,word,0,3,0,0,0,0,0,1,1,0,1,6,0.50,0.00,0.17,0.17,0.00,0.17,0.00,0.00,0.00,0.00,0.00,1.79,0.52
répondre,lemma,0,1,0,0,1,0,0,0,3,0,1,6,0.17,0.00,0.00,0.50,0.00,0.17,0.00,0.00,0.17,0.00,0.00,1.79,0.52
laisser,lemma,0,11,1,0,0,1,0,1,3,0,1,18,0.61,0.00,0.06,0.17,0.00,0.06,0.00,0.06,0.00,0.06,0.00,1.79,0.52
année,lemma,0,1,0,0,0,0,0,3,5,0,2,11,0.09,0.00,0.27,0.45,0.00,0.18,0.00,0.00,0.00,0.00,0.00,1.79,0.52
exploit,lemma,14,0,0,0,0,5,0,5,0,4,0,28,0.00,0.00,0.18,0.00,0.14,0.00,0.50,0.00,0.00,0.18,0.00,1.79,0.52
super,lemma,5,0,0,0,0,1,0,6,0,3,0,15,0.00,0.00,0.40,0.00,0.20,0.00,0.33,0.00,0.00,0.07,0.00,1.78,0.52
super,word,5,0,0,0,0,1,0,6,0,3,0,15,0.00,0.00,0.40,0.00,0.20,0.00,0.33,0.00,0.00,0.07,0.00,1.78,0.52
américain,lemma,1,13,0,0,0,0,0,1,3,1,2,21,0.62,0.00,0.05,0.14,0.05,0.10,0.05,0.00,0.00,0.00,0.00,1.78,0.51
victimes,word,0,11,0,0,2,0,0,0,7,0,13,33,0.33,0.00,0.00,0.21,0.00,0.39,0.00,0.00,0.06,0.00,0.00,1.78,0.51
rue,lemma,0,12,0,0,0,0,0,4,2,1,2,21,0.57,0.00,0.19,0.10,0.05,0.10,0.00,0.00,0.00,0.00,0.00,1.77,0.51
dû,word,0,1,1,0,1,0,0,0,8,0,6,17,0.06,0.00,0.00,0.47,0.00,0.35,0.00,0.06,0.06,0.00,0.00,1.76,0.51
remporter,lemma,4,0,0,0,0,20,0,31,0,6,2,63,0.00,0.00,0.49,0.00,0.10,0.03,0.06,0.00,0.00,0.32,0.00,1.76,0.51
noir,word,2,5,0,0,0,0,0,0,2,1,0,10,0.50,0.00,0.00,0.20,0.10,0.00,0.20,0.00,0.00,0.00,0.00,1.76,0.51
arrêter,lemma,0,12,0,2,0,0,0,0,6,0,5,25,0.48,0.08,0.00,0.24,0.00,0.20,0.00,0.00,0.00,0.00,0.00,1.76,0.51
peuple,lemma,0,4,0,0,0,1,0,1,3,0,0,9,0.44,0.00,0.11,0.33,0.00,0.00,0.00,0.00,0.00,0.11,0.00,1.75,0.51
voix,lemma,0,4,0,0,0,0,0,0,3,1,1,9,0.44,0.00,0.00,0.33,0.11,0.11,0.00,0.00,0.00,0.00,0.00,1.75,0.51
voix,word,0,4,0,0,0,0,0,0,3,1,1,9,0.44,0.00,0.00,0.33,0.11,0.11,0.00,0.00,0.00,0.00,0.00,1.75,0.51
disparaître,lemma,0,1,0,0,0,0,0,0,4,1,3,9,0.11,0.00,0.00,0.44,0.11,0.33,0.00,0.00,0.00,0.00,0.00,1.75,0.51
donner,lemma,0,4,0,0,0,1,0,3,0,0,1,9,0.44,0.00,0.33,0.00,0.00,0.11,0.00,0.00,0.00,0.11,0.00,1.75,0.51
exploit,word,12,0,0,0,0,4,0,4,0,3,0,23,0.00,0.00,0.17,0.00,0.13,0.00,0.52,0.00,0.00,0.17,0.00,1.75,0.51
années,word,0,1,0,0,0,0,0,1,4,0,2,8,0.12,0.00,0.12,0.50,0.00,0.25,0.00,0.00,0.00,0.00,0.00,1.75,0.51
chien,word,0,4,0,2,1,0,0,0,0,0,1,8,0.50,0.25,0.00,0.00,0.00,0.12,0.00,0.00,0.12,0.00,0.00,1.75,0.51
garçon,lemma,0,4,0,0,0,0,0,1,1,0,2,8,0.50,0.00,0.12,0.12,0.00,0.25,0.00,0.00,0.00,0.00,0.00,1.75,0.51
acteur,lemma,0,1,0,0,0,2,0,4,0,1,0,8,0.12,0.00,0.50,0.00,0.12,0.00,0.00,0.00,0.00,0.25,0.00,1.75,0.51
faisant,word,0,4,0,0,0,1,0,1,2,0,0,8,0.50,0.00,0.12,0.25,0.00,0.00,0.00,0.00,0.00,0.12,0.00,1.75,0.51
riche,lemma,1,4,0,0,0,1,0,0,0,0,2,8,0.50,0.00,0.00,0.00,0.00,0.25,0.12,0.00,0.00,0.12,0.00,1.75,0.51
problème,word,0,4,0,0,1,0,0,0,1,0,2,8,0.50,0.00,0.00,0.12,0.00,0.25,0.00,0.00,0.12,0.00,0.00,1.75,0.51
considérer,lemma,4,2,0,0,0,1,0,0,1,0,0,8,0.25,0.00,0.00,0.12,0.00,0.00,0.50,0.00,0.00,0.12,0.00,1.75,0.51
poste,lemma,0,4,0,0,0,0,0,0,2,1,1,8,0.50,0.00,0.00,0.25,0.12,0.12,0.00,0.00,0.00,0.00,0.00,1.75,0.51
dur,lemma,0,4,0,0,2,0,0,0,2,0,8,16,0.25,0.00,0.00,0.12,0.00,0.50,0.00,0.00,0.12,0.00,0.00,1.75,0.51
train,lemma,0,1,0,0,2,0,0,0,1,0,4,8,0.12,0.00,0.00,0.12,0.00,0.50,0.00,0.00,0.25,0.00,0.00,1.75,0.51
médailles,word,3,0,0,0,0,11,0,11,0,3,0,28,0.00,0.00,0.39,0.00,0.11,0.00,0.11,0.00,0.00,0.39,0.00,1.75,0.51
coups,word,1,3,0,0,0,0,0,0,7,0,4,15,0.20,0.00,0.00,0.47,0.00,0.27,0.07,0.00,0.00,0.00,0.00,1.75,0.50
grandes,word,0,6,0,0,0,1,0,4,2,0,0,13,0.46,0.00,0.31,0.15,0.00,0.00,0.00,0.00,0.00,0.08,0.00,1.74,0.50
états-unis,word,0,6,0,0,0,1,0,2,4,0,0,13,0.46,0.00,0.15,0.31,0.00,0.00,0.00,0.00,0.00,0.08,0.00,1.74,0.50
difficile,word,0,0,0,1,3,0,0,0,1,2,10,17,0.00,0.06,0.00,0.06,0.12,0.59,0.00,0.00,0.18,0.00,0.00,1.74,0.50
choqué,word,0,8,0,0,0,0,0,0,4,15,3,30,0.27,0.00,0.00,0.13,0.50,0.10,0.00,0.00,0.00,0.00,0.00,1.73,0.50
olympiques,word,2,0,0,0,0,5,0,6,0,1,0,14,0.00,0.00,0.43,0.00,0.07,0.00,0.14,0.00,0.00,0.36,0.00,1.73,0.50
dormir,lemma,0,0,0,0,0,0,0,1,4,1,4,10,0.00,0.00,0.10,0.40,0.10,0.40,0.00,0.00,0.00,0.00,0.00,1.72,0.50
animaux,word,0,4,0,1,0,0,0,0,9,0,6,20,0.20,0.05,0.00,0.45,0.00,0.30,0.00,0.00,0.00,0.00,0.00,1.72,0.50
tué,word,0,6,0,0,0,0,0,0,10,1,5,22,0.27,0.00,0.00,0.45,0.05,0.23,0.00,0.00,0.00,0.00,0.00,1.72,0.50
assez,word,1,26,0,0,0,2,0,1,1,3,6,40,0.65,0.00,0.03,0.03,0.07,0.15,0.03,0.00,0.00,0.05,0.00,1.71,0.49
assez,lemma,1,26,0,0,0,2,0,1,1,3,6,40,0.65,0.00,0.03,0.03,0.07,0.15,0.03,0.00,0.00,0.05,0.00,1.71,0.49
mettre,word,0,8,0,0,0,0,0,3,4,0,1,16,0.50,0.00,0.19,0.25,0.00,0.06,0.00,0.00,0.00,0.00,0.00,1.70,0.49
moment,lemma,0,2,0,0,0,0,0,8,1,1,1,13,0.15,0.00,0.62,0.08,0.08,0.08,0.00,0.00,0.00,0.00,0.00,1.70,0.49
subir,lemma,0,4,0,0,1,0,0,0,4,0,9,18,0.22,0.00,0.00,0.22,0.00,0.50,0.00,0.00,0.06,0.00,0.00,1.70,0.49
attendre,lemma,0,1,0,0,1,0,0,3,0,5,0,10,0.10,0.00,0.30,0.00,0.50,0.00,0.00,0.00,0.10,0.00,0.00,1.69,0.49
etats-unis,word,0,6,0,0,0,0,0,0,7,1,2,16,0.38,0.00,0.00,0.44,0.06,0.12,0.00,0.00,0.00,0.00,0.00,1.68,0.48
parfois,word,0,5,0,0,0,0,0,0,4,1,1,11,0.45,0.00,0.00,0.36,0.09,0.09,0.00,0.00,0.00,0.00,0.00,1.68,0.48
sale,lemma,0,4,0,5,1,0,0,0,0,0,1,11,0.36,0.45,0.00,0.00,0.00,0.09,0.00,0.00,0.09,0.00,0.00,1.68,0.48
sale,word,0,4,0,5,1,0,0,0,0,0,1,11,0.36,0.45,0.00,0.00,0.00,0.09,0.00,0.00,0.09,0.00,0.00,1.68,0.48
parfois,lemma,0,5,0,0,0,0,0,0,4,1,1,11,0.45,0.00,0.00,0.36,0.09,0.09,0.00,0.00,0.00,0.00,0.00,1.68,0.48
rendu,word,5,0,0,0,0,0,0,1,0,1,4,11,0.00,0.00,0.09,0.00,0.09,0.36,0.45,0.00,0.00,0.00,0.00,1.68,0.48
amour,lemma,0,0,0,1,0,1,0,7,0,1,1,11,0.00,0.09,0.64,0.00,0.09,0.09,0.00,0.00,0.00,0.09,0.00,1.67,0.48
membre,lemma,0,4,0,0,0,0,0,1,0,1,1,7,0.57,0.00,0.14,0.00,0.14,0.14,0.00,0.00,0.00,0.00,0.00,1.66,0.48
permettre,lemma,0,4,0,0,0,1,0,1,0,0,1,7,0.57,0.00,0.14,0.00,0.00,0.14,0.00,0.00,0.00,0.14,0.00,1.66,0.48
autant,lemma,1,1,0,0,0,0,0,1,0,4,0,7,0.14,0.00,0.14,0.00,0.57,0.00,0.14,0.00,0.00,0.00,0.00,1.66,0.48
autant,word,1,1,0,0,0,0,0,1,0,4,0,7,0.14,0.00,0.14,0.00,0.57,0.00,0.14,0.00,0.00,0.00,0.00,1.66,0.48
belle,word,1,0,0,0,0,0,0,4,1,1,0,7,0.00,0.00,0.57,0.14,0.14,0.00,0.14,0.00,0.00,0.00,0.00,1.66,0.48
demander,word,0,4,0,0,1,0,0,1,0,0,1,7,0.57,0.00,0.14,0.00,0.00,0.14,0.00,0.00,0.14,0.00,0.00,1.66,0.48
disparu,word,0,1,0,0,0,0,0,0,4,1,1,7,0.14,0.00,0.00,0.57,0.14,0.14,0.00,0.00,0.00,0.00,0.00,1.66,0.48
gêner,lemma,0,1,0,1,4,0,0,0,0,1,0,7,0.14,0.14,0.00,0.00,0.14,0.00,0.00,0.00,0.57,0.00,0.00,1.66,0.48
soupire,word,0,1,0,1,0,0,0,0,1,0,4,7,0.14,0.14,0.00,0.14,0.00,0.57,0.00,0.00,0.00,0.00,0.00,1.66,0.48
connaître,lemma,0,0,0,0,0,0,0,1,1,1,4,7,0.00,0.00,0.14,0.14,0.14,0.57,0.00,0.00,0.00,0.00,0.00,1.66,0.48
soupire,lemma,0,1,0,1,0,0,0,0,1,0,4,7,0.14,0.14,0.00,0.14,0.00,0.57,0.00,0.00,0.00,0.00,0.00,1.66,0.48
choquer,lemma,0,15,0,0,0,0,0,0,7,25,3,50,0.30,0.00,0.00,0.14,0.50,0.06,0.00,0.00,0.00,0.00,0.00,1.66,0.48
général,lemma,0,5,0,0,0,0,0,1,0,1,2,9,0.56,0.00,0.11,0.00,0.11,0.22,0.00,0.00,0.00,0.00,0.00,1.66,0.48
subissent,word,0,2,0,0,1,0,0,0,1,0,5,9,0.22,0.00,0.00,0.11,0.00,0.56,0.00,0.00,0.11,0.00,0.00,1.66,0.48
qu'on,word,0,5,0,0,1,0,0,0,1,0,2,9,0.56,0.00,0.00,0.11,0.00,0.22,0.00,0.00,0.11,0.00,0.00,1.66,0.48
jeunes,word,0,5,0,0,0,0,0,2,1,0,1,9,0.56,0.00,0.22,0.11,0.00,0.11,0.00,0.00,0.00,0.00,0.00,1.66,0.48
quelqu,word,1,2,0,0,1,0,0,0,5,0,0,9,0.22,0.00,0.00,0.56,0.00,0.00,0.11,0.00,0.11,0.00,0.00,1.66,0.48
main,lemma,0,1,0,0,0,1,0,5,2,0,0,9,0.11,0.00,0.56,0.22,0.00,0.00,0.00,0.00,0.00,0.11,0.00,1.66,0.48
problème,lemma,0,10,0,0,1,0,0,0,3,0,6,20,0.50,0.00,0.00,0.15,0.00,0.30,0.00,0.00,0.05,0.00,0.00,1.65,0.48
terre,lemma,0,6,0,0,0,0,0,0,8,1,2,17,0.35,0.00,0.00,0.47,0.06,0.12,0.00,0.00,0.00,0.00,0.00,1.65,0.48
tuer,lemma,0,14,0,0,0,0,0,0,24,1,15,54,0.26,0.00,0.00,0.44,0.02,0.28,0.00,0.00,0.00,0.00,0.00,1.64,0.48
violentes,word,0,6,0,1,0,0,0,0,4,0,1,12,0.50,0.08,0.00,0.33,0.00,0.08,0.00,0.00,0.00,0.00,0.00,1.63,0.47
président,lemma,1,27,0,0,0,1,0,2,1,4,3,39,0.69,0.00,0.05,0.03,0.10,0.08,0.03,0.00,0.00,0.03,0.00,1.62,0.47
reçu,word,1,0,0,0,0,5,0,6,0,1,0,13,0.00,0.00,0.46,0.00,0.08,0.00,0.08,0.00,0.00,0.38,0.00,1.61,0.47
mauvais,word,0,7,0,0,1,0,0,0,2,0,2,12,0.58,0.00,0.00,0.17,0.00,0.17,0.00,0.00,0.08,0.00,0.00,1.61,0.47
rue,word,0,7,0,0,0,0,0,1,2,0,2,12,0.58,0.00,0.08,0.17,0.00,0.17,0.00,0.00,0.00,0.00,0.00,1.61,0.47
meilleur,lemma,1,3,0,0,0,11,0,9,0,0,0,24,0.12,0.00,0.38,0.00,0.00,0.00,0.04,0.00,0.00,0.46,0.00,1.61,0.47
violence,word,0,3,0,0,0,0,0,2,8,0,1,14,0.21,0.00,0.14,0.57,0.00,0.07,0.00,0.00,0.00,0.00,0.00,1.61,0.47
harcèlemer,lemma,0,1,0,0,2,0,0,0,7,0,9,19,0.05,0.00,0.00,0.37,0.00,0.47,0.00,0.00,0.11,0.00,0.00,1.61,0.46
harcèlement,word,0,1,0,0,2,0,0,0,7,0,9,19,0.05,0.00,0.00,0.37,0.00,0.47,0.00,0.00,0.11,0.00,0.00,1.61,0.46
conditions,word,0,13,0,0,0,0,0,2,3,0,4,22,0.59,0.00,0.09,0.14,0.00,0.18,0.00,0.00,0.00,0.00,0.00,1.60,0.46
condition,lemma,0,13,0,0,0,0,0,2,3,0,4,22,0.59,0.00,0.09,0.14,0.00,0.18,0.00,0.00,0.00,0.00,0.00,1.60,0.46
violence,lemma,0,12,0,0,0,0,0,2,23,0,6,43,0.28,0.00,0.05,0.53,0.00,0.14,0.00,0.00,0.00,0.00,0.00,1.60,0.46
devenues,word,0,1,0,0,0,0,0,0,1,0,1,3,0.33,0.00,0.00,0.33,0.00,0.33,0.00,0.00,0.00,0.00,0.00,1.58,0.46
tribunal,lemma,0,1,0,0,1,0,0,0,1,0,0,3,0.33,0.00,0.00,0.33,0.00,0.00,0.00,0.00,0.33,0.00,0.00,1.58,0.46
passés,word,0,0,0,0,1,0,0,1,1,0,0,3,0.00,0.00,0.33,0.33,0.00,0.00,0.00,0.00,0.33,0.00,0.00,1.58,0.46
ider,lemma,1,0,0,0,0,0,0,1,0,1,0,3,0.00,0.00,0.33,0.00,0.33,0.00,0.33,0.00,0.00,0.00,0.00,1.58,0.46
tromper,lemma,0,1,1,0,0,0,0,0,0,1,0,3,0.33,0.00,0.00,0.00,0.33,0.00,0.00,0.33,0.00,0.00,0.00,1.58,0.46
arraché,word,0,1,0,0,0,0,0,0,1,1,0,3,0.33,0.00,0.00,0.33,0.33,0.00,0.00,0.00,0.00,0.00,0.00,1.58,0.46
tribunal,word,0,1,0,0,1,0,0,0,1,0,0,3,0.33,0.00,0.00,0.33,0.00,0.00,0.00,0.00,0.33,0.00,0.00,1.58,0.46
pauvreté,word,0,2,0,0,0,0,0,0,2,0,2,6,0.33,0.00,0.00,0.33,0.00,0.33,0.00,0.00,0.00,0.00,0.00,1.58,0.46
pousser,lemma,0,1,0,1,0,0,0,0,1,0,0,3,0.33,0.33,0.00,0.33,0.00,0.00,0.00,0.00,0.00,0.00,0.00,1.58,0.46
courir,lemma,0,1,0,0,0,0,0,0,1,0,1,3,0.33,0.00,0.00,0.33,0.00,0.33,0.00,0.00,0.00,0.00,0.00,1.58,0.46
course,word,0,0,0,0,0,1,0,1,1,0,0,3,0.00,0.00,0.33,0.33,0.00,0.00,0.00,0.00,0.00,0.33,0.00,1.58,0.46
couleur,lemma,0,0,0,0,0,1,0,1,0,0,1,3,0.00,0.00,0.33,0.00,0.00,0.33,0.00,0.00,0.00,0.33,0.00,1.58,0.46
couleurs,word,0,0,0,0,0,1,0,1,0,0,1,3,0.00,0.00,0.33,0.00,0.00,0.33,0.00,0.00,0.00,0.33,0.00,1.58,0.46
pauvreté,lemma,0,2,0,0,0,0,0,0,2,0,2,6,0.33,0.00,0.00,0.33,0.00,0.33,0.00,0.00,0.00,0.00,0.00,1.58,0.46
course,lemma,0,0,0,0,0,1,0,1,1,0,0,3,0.00,0.00,0.33,0.33,0.00,0.00,0.00,0.00,0.00,0.33,0.00,1.58,0.46
ouvert,word,0,1,0,0,0,1,0,0,1,0,0,3,0.33,0.00,0.00,0.33,0.00,0.00,0.00,0.00,0.00,0.33,0.00,1.58,0.46
interdits,word,0,1,0,0,0,0,0,0,1,0,1,3,0.33,0.00,0.00,0.33,0.00,0.33,0.00,0.00,0.00,0.00,0.00,1.58,0.46
intérieur,lemma,0,1,0,0,0,0,0,0,1,0,1,3,0.33,0.00,0.00,0.33,0.00,0.33,0.00,0.00,0.00,0.00,0.00,1.58,0.46
intérieur,word,0,1,0,0,0,0,0,0,1,0,1,3,0.33,0.00,0.00,0.33,0.00,0.33,0.00,0.00,0.00,0.00,0.00,1.58,0.46
texte,word,0,1,0,0,0,0,0,1,1,0,0,3,0.33,0.00,0.33,0.33,0.00,0.00,0.00,0.00,0.00,0.00,0.00,1.58,0.46
texte,lemma,0,1,0,0,0,0,0,1,1,0,0,3,0.33,0.00,0.33,0.33,0.00,0.00,0.00,0.00,0.00,0.00,0.00,1.58,0.46
insister,lemma,0,1,0,0,0,0,0,1,1,0,0,3,0.33,0.00,0.33,0.33,0.00,0.00,0.00,0.00,0.00,0.00,0.00,1.58,0.46
insiste,word,0,1,0,0,0,0,0,1,1,0,0,3,0.33,0.00,0.33,0.33,0.00,0.00,0.00,0.00,0.00,0.00,0.00,1.58,0.46
impressionnante,word,1,0,0,0,0,0,0,0,1,1,0,3,0.00,0.00,0.00,0.33,0.33,0.00,0.33,0.00,0.00,0.00,0.00,1.58,0.46
talent,lemma,0,0,0,0,1,1,0,0,0,0,1,3,0.00,0.00,0.00,0.00,0.00,0.33,0.00,0.00,0.33,0.33,0.00,1.58,0.46
potable,word,0,1,0,0,0,0,0,0,1,0,1,3,0.33,0.00,0.00,0.33,0.00,0.33,0.00,0.00,0.00,0.00,0.00,1.58,0.46
potable,lemma,0,1,0,0,0,0,0,0,1,0,1,3,0.33,0.00,0.00,0.33,0.00,0.33,0.00,0.00,0.00,0.00,0.00,1.58,0.46
d'accord,word,0,1,0,0,0,0,0,1,1,0,0,3,0.33,0.00,0.33,0.33,0.00,0.00,0.00,0.00,0.00,0.00,0.00,1.58,0.46
permet,word,0,0,0,0,0,1,0,1,0,0,1,3,0.00,0.00,0.33,0.00,0.00,0.33,0.00,0.00,0.00,0.33,0.00,1.58,0.46
pensé,word,0,0,0,1,0,0,0,0,0,1,1,3,0.00,0.33,0.00,0.00,0.33,0.33,0.00,0.00,0.00,0.00,0.00,1.58,0.46
distribution,lemma,1,0,0,0,0,0,0,1,0,1,0,3,0.00,0.00,0.33,0.00,0.33,0.00,0.33,0.00,0.00,0.00,0.00,1.58,0.46
fabuleux,lemma,1,0,0,0,0,0,0,1,0,1,0,3,0.00,0.00,0.33,0.00,0.33,0.00,0.33,0.00,0.00,0.00,0.00,1.58,0.46
fabuleux,word,1,0,0,0,0,0,0,1,0,1,0,3,0.00,0.00,0.33,0.00,0.33,0.00,0.33,0.00,0.00,0.00,0.00,1.58,0.46
aïe,word,0,1,0,0,1,0,0,0,0,0,1,3,0.33,0.00,0.00,0.00,0.00,0.33,0.00,0.00,0.33,0.00,0.00,1.58,0.46
aïe,lemma,0,1,0,0,1,0,0,0,0,0,1,3,0.33,0.00,0.00,0.00,0.00,0.33,0.00,0.00,0.33,0.00,0.00,1.58,0.46
bain,lemma,0,1,0,0,0,0,0,0,0,1,1,3,0.33,0.00,0.00,0.00,0.33,0.33,0.00,0.00,0.00,0.00,0.00,1.58,0.46
sélection,lemma,0,0,0,0,0,1,0,1,0,1,0,3,0.00,0.00,0.33,0.00,0.33,0.00,0.00,0.00,0.00,0.33,0.00,1.58,0.46
sélection,word,0,0,0,0,0,1,0,1,0,1,0,3,0.00,0.00,0.33,0.00,0.33,0.00,0.00,0.00,0.00,0.33,0.00,1.58,0.46
symbole,lemma,1,1,0,0,0,0,0,0,0,0,1,3,0.33,0.00,0.00,0.00,0.00,0.33,0.33,0.00,0.00,0.00,0.00,1.58,0.46
présenter,lemma,1,0,1,0,1,0,0,0,0,0,0,3,0.00,0.00,0.00,0.00,0.00,0.00,0.33,0.33,0.33,0.00,0.00,1.58,0.46
discours,word,0,1,0,0,0,0,0,0,1,0,1,3,0.33,0.00,0.00,0.33,0.00,0.33,0.00,0.00,0.00,0.00,0.00,1.58,0.46
discours,lemma,0,1,0,0,0,0,0,0,1,0,1,3,0.33,0.00,0.00,0.33,0.00,0.33,0.00,0.00,0.00,0.00,0.00,1.58,0.46
professeur,lemma,0,0,0,0,0,0,0,0,1,1,1,3,0.00,0.00,0.00,0.33,0.33,0.33,0.00,0.00,0.00,0.00,0.00,1.58,0.46
copines,word,0,0,0,0,0,1,0,1,0,0,1,3,0.00,0.00,0.33,0.00,0.00,0.33,0.00,0.00,0.00,0.33,0.00,1.58,0.46
construire,lemma,0,0,0,0,0,1,0,0,1,0,1,3,0.00,0.00,0.00,0.33,0.00,0.33,0.00,0.00,0.00,0.33,0.00,1.58,0.46
suivant,lemma,0,0,0,0,1,0,0,0,0,1,1,3,0.00,0.00,0.00,0.00,0.33,0.33,0.00,0.00,0.33,0.00,0.00,1.58,0.46
prestigieuse,word,1,0,0,0,0,1,0,1,0,0,0,3,0.00,0.00,0.33,0.00,0.00,0.00,0.33,0.00,0.00,0.33,0.00,1.58,0.46
distribution,word,1,0,0,0,0,0,0,1,0,1,0,3,0.00,0.00,0.33,0.00,0.33,0.00,0.33,0.00,0.00,0.00,0.00,1.58,0.46
jolies,word,0,1,0,0,0,1,0,1,0,0,0,3,0.33,0.00,0.33,0.00,0.00,0.00,0.00,0.00,0.00,0.33,0.00,1.58,0.46
joindre,lemma,0,1,0,0,0,1,0,1,0,0,0,3,0.33,0.00,0.33,0.00,0.00,0.00,0.00,0.00,0.00,0.33,0.00,1.58,0.46
excellent,word,1,0,0,0,0,1,0,0,0,1,0,3,0.00,0.00,0.00,0.00,0.33,0.00,0.33,0.00,0.00,0.33,0.00,1.58,0.46
bas,word,0,1,0,1,0,0,0,1,0,0,0,3,0.33,0.33,0.33,0.00,0.00,0.00,0.00,0.00,0.00,0.00,0.00,1.58,0.46
sévèrement,word,1,1,0,0,0,0,0,0,1,0,0,3,0.33,0.00,0.00,0.33,0.00,0.00,0.33,0.00,0.00,0.00,0.00,1.58,0.46
sévèrement,lemma,1,1,0,0,0,0,0,0,1,0,0,3,0.33,0.00,0.00,0.33,0.00,0.00,0.33,0.00,0.00,0.00,0.00,1.58,0.46
table,lemma,0,1,0,0,0,0,0,1,0,1,0,3,0.33,0.00,0.33,0.00,0.33,0.00,0.00,0.00,0.00,0.00,0.00,1.58,0.46
doute,lemma,0,1,0,0,0,1,0,0,0,1,0,3,0.33,0.00,0.00,0.00,0.33,0.00,0.00,0.00,0.00,0.33,0.00,1.58,0.46
drame,word,0,1,0,0,0,0,0,0,1,0,1,3,0.33,0.00,0.00,0.33,0.00,0.33,0.00,0.00,0.00,0.00,0.00,1.58,0.46
qu'un,word,0,0,0,1,0,0,0,0,1,1,0,3,0.00,0.33,0.00,0.33,0.33,0.00,0.00,0.00,0.00,0.00,0.00,1.58,0.46
doigt,lemma,0,1,1,0,0,0,0,0,0,0,1,3,0.33,0.00,0.00,0.00,0.00,0.33,0.00,0.33,0.00,0.00,0.00,1.58,0.46
publics,word,0,1,0,0,0,0,0,0,1,0,1,3,0.33,0.00,0.00,0.33,0.00,0.33,0.00,0.00,0.00,0.00,0.00,1.58,0.46
drame,lemma,0,1,0,0,0,0,0,0,1,0,1,3,0.33,0.00,0.00,0.33,0.00,0.33,0.00,0.00,0.00,0.00,0.00,1.58,0.46
oiseaux,word,0,0,0,0,0,0,0,0,1,1,1,3,0.00,0.00,0.00,0.33,0.33,0.33,0.00,0.00,0.00,0.00,0.00,1.58,0.46
courir,word,0,1,0,0,0,0,0,0,1,0,1,3,0.33,0.00,0.00,0.33,0.00,0.33,0.00,0.00,0.00,0.00,0.00,1.58,0.46
film,word,0,0,0,0,0,1,0,1,0,1,0,3,0.00,0.00,0.33,0.00,0.33,0.00,0.00,0.00,0.00,0.33,0.00,1.58,0.46
véritables,word,1,0,0,0,0,1,0,1,0,0,0,3,0.00,0.00,0.33,0.00,0.00,0.00,0.33,0.00,0.00,0.33,0.00,1.58,0.46
adolescent,lemma,0,1,0,0,0,0,0,0,1,1,0,3,0.33,0.00,0.00,0.33,0.33,0.00,0.00,0.00,0.00,0.00,0.00,1.58,0.46
acteur,word,0,0,0,0,0,1,0,1,0,1,0,3,0.00,0.00,0.33,0.00,0.33,0.00,0.00,0.00,0.00,0.33,0.00,1.58,0.46
élève,lemma,0,0,0,0,0,2,0,2,0,0,2,6,0.00,0.00,0.33,0.00,0.00,0.33,0.00,0.00,0.00,0.33,0.00,1.58,0.46
ventre,lemma,0,0,0,1,0,0,0,1,1,0,0,3,0.00,0.33,0.33,0.33,0.00,0.00,0.00,0.00,0.00,0.00,0.00,1.58,0.46
ventre,word,0,0,0,1,0,0,0,1,1,0,0,3,0.00,0.33,0.33,0.33,0.00,0.00,0.00,0.00,0.00,0.00,0.00,1.58,0.46
forcés,word,0,1,0,0,0,0,0,0,1,0,1,3,0.33,0.00,0.00,0.33,0.00,0.33,0.00,0.00,0.00,0.00,0.00,1.58,0.46
arrête,word,0,1,0,1,0,0,0,0,0,0,1,3,0.33,0.33,0.00,0.00,0.00,0.33,0.00,0.00,0.00,0.00,0.00,1.58,0.46
froid,lemma,1,1,0,0,0,0,0,0,1,0,0,3,0.33,0.00,0.00,0.33,0.00,0.00,0.33,0.00,0.00,0.00,0.00,1.58,0.46
grâce,lemma,0,0,0,0,0,1,0,1,0,1,0,3,0.00,0.00,0.33,0.00,0.33,0.00,0.00,0.00,0.00,0.33,0.00,1.58,0.46
habits,word,0,1,0,0,0,0,0,1,0,0,1,3,0.33,0.00,0.33,0.00,0.00,0.33,0.00,0.00,0.00,0.00,0.00,1.58,0.46
habit,lemma,0,1,0,0,0,0,0,1,0,0,1,3,0.33,0.00,0.33,0.00,0.00,0.33,0.00,0.00,0.00,0.00,0.00,1.58,0.46
grâce,word,0,0,0,0,0,1,0,1,0,1,0,3,0.00,0.00,0.33,0.00,0.33,0.00,0.00,0.00,0.00,0.33,0.00,1.58,0.46
élèves,word,0,0,0,0,0,2,0,2,0,0,2,6,0.00,0.00,0.33,0.00,0.00,0.33,0.00,0.00,0.00,0.33,0.00,1.58,0.46
"""",punctuation,0,2,0,0,2,0,0,0,2,0,0,6,0.33,0.00,0.00,0.33,0.00,0.00,0.00,0.00,0.33,0.00,0.00,1.58,0.46
reconnu,word,0,1,0,0,0,1,0,1,0,0,0,3,0.33,0.00,0.33,0.00,0.00,0.00,0.00,0.00,0.00,0.33,0.00,1.58,0.46
riche,word,1,0,0,0,0,1,0,0,0,0,1,3,0.00,0.00,0.00,0.00,0.00,0.33,0.33,0.00,0.00,0.33,0.00,1.58,0.46
n'y,word,0,0,0,0,0,1,0,1,0,0,1,3,0.00,0.00,0.33,0.00,0.00,0.33,0.00,0.00,0.00,0.33,0.00,1.58,0.46
neige,lemma,1,0,0,0,0,0,0,0,0,1,1,3,0.00,0.00,0.00,0.00,0.33,0.33,0.33,0.00,0.00,0.00,0.00,1.58,0.46
blanc,word,0,1,0,0,0,1,0,1,0,0,0,3,0.33,0.00,0.33,0.00,0.00,0.00,0.00,0.00,0.00,0.33,0.00,1.58,0.46
laisser,word,0,8,1,0,0,1,0,1,0,0,1,12,0.67,0.00,0.08,0.00,0.00,0.08,0.00,0.08,0.00,0.08,0.00,1.58,0.46
stage,word,0,0,0,0,0,0,0,1,1,0,1,3,0.00,0.00,0.33,0.33,0.00,0.33,0.00,0.00,0.00,0.00,0.00,1.58,0.46
bloquaient,word,0,1,0,0,1,0,0,0,1,0,0,3,0.33,0.00,0.00,0.33,0.00,0.00,0.00,0.00,0.33,0.00,0.00,1.58,0.46
jugés,word,0,1,0,0,0,0,0,0,1,0,1,3,0.33,0.00,0.00,0.33,0.00,0.33,0.00,0.00,0.00,0.00,0.00,1.58,0.46
billy,word,0,0,0,0,1,1,0,1,0,0,0,3,0.00,0.00,0.33,0.00,0.00,0.00,0.00,0.00,0.33,0.33,0.00,1.58,0.46
billy,lemma,0,0,0,0,1,1,0,1,0,0,0,3,0.00,0.00,0.33,0.00,0.00,0.00,0.00,0.00,0.33,0.33,0.00,1.58,0.46
pa,lemma,0,1,0,1,1,0,0,0,0,0,0,3,0.33,0.33,0.00,0.00,0.00,0.00,0.00,0.00,0.33,0.00,0.00,1.58,0.46
quasiment,lemma,0,0,0,0,0,0,0,1,0,1,1,3,0.00,0.00,0.33,0.00,0.33,0.33,0.00,0.00,0.00,0.00,0.00,1.58,0.46
quasiment,word,0,0,0,0,0,0,0,1,0,1,1,3,0.00,0.00,0.33,0.00,0.33,0.33,0.00,0.00,0.00,0.00,0.00,1.58,0.46
sombre,lemma,0,1,0,1,0,0,0,0,0,0,1,3,0.33,0.33,0.00,0.00,0.00,0.33,0.00,0.00,0.00,0.00,0.00,1.58,0.46
sombre,word,0,1,0,1,0,0,0,0,0,0,1,3,0.33,0.33,0.00,0.00,0.00,0.33,0.00,0.00,0.00,0.00,0.00,1.58,0.46
oiseau,lemma,0,0,0,0,0,0,0,0,1,1,1,3,0.00,0.00,0.00,0.33,0.33,0.33,0.00,0.00,0.00,0.00,0.00,1.58,0.46
livres,word,0,0,0,0,0,0,0,0,1,1,1,3,0.00,0.00,0.00,0.33,0.33,0.33,0.00,0.00,0.00,0.00,0.00,1.58,0.46
situé,word,0,1,0,0,0,0,0,0,1,0,1,3,0.33,0.00,0.00,0.33,0.00,0.33,0.00,0.00,0.00,0.00,0.00,1.58,0.46
simple,word,0,0,0,0,0,0,0,1,0,1,1,3,0.00,0.00,0.33,0.00,0.33,0.33,0.00,0.00,0.00,0.00,0.00,1.58,0.46
service,lemma,0,1,0,1,0,0,0,0,1,0,0,3,0.33,0.33,0.00,0.33,0.00,0.00,0.00,0.00,0.00,0.00,0.00,1.58,0.46
service,word,0,1,0,1,0,0,0,0,1,0,0,3,0.33,0.33,0.00,0.33,0.00,0.00,0.00,0.00,0.00,0.00,0.00,1.58,0.46
servir,word,0,0,0,0,0,1,0,1,1,0,0,3,0.00,0.00,0.33,0.33,0.00,0.00,0.00,0.00,0.00,0.33,0.00,1.58,0.46
seulement,word,1,0,0,0,0,0,0,0,1,1,0,3,0.00,0.00,0.00,0.33,0.33,0.00,0.33,0.00,0.00,0.00,0.00,1.58,0.46
club,word,1,0,0,0,0,1,0,1,0,0,0,3,0.00,0.00,0.33,0.00,0.00,0.00,0.33,0.00,0.00,0.33,0.00,1.58,0.46
essaie,word,0,1,0,0,0,1,0,1,0,0,0,3,0.33,0.00,0.33,0.00,0.00,0.00,0.00,0.00,0.00,0.33,0.00,1.58,0.46
racont,lemma,0,1,0,0,0,0,0,1,0,0,1,3,0.33,0.00,0.33,0.00,0.00,0.33,0.00,0.00,0.00,0.00,0.00,1.58,0.46
ravager,lemma,0,2,0,0,0,0,0,0,2,0,2,6,0.33,0.00,0.00,0.33,0.00,0.33,0.00,0.00,0.00,0.00,0.00,1.58,0.46
occupent,word,0,1,0,0,0,0,0,1,0,0,1,3,0.33,0.00,0.33,0.00,0.00,0.33,0.00,0.00,0.00,0.00,0.00,1.58,0.46
nuit,lemma,0,1,0,0,0,0,0,0,1,0,1,3,0.33,0.00,0.00,0.33,0.00,0.33,0.00,0.00,0.00,0.00,0.00,1.58,0.46
club,lemma,1,0,0,0,0,1,0,1,0,0,0,3,0.00,0.00,0.33,0.00,0.00,0.00,0.33,0.00,0.00,0.33,0.00,1.58,0.46
raconte,word,0,1,0,0,0,0,0,1,0,0,1,3,0.33,0.00,0.33,0.00,0.00,0.33,0.00,0.00,0.00,0.00,0.00,1.58,0.46
montrant,word,0,1,0,0,0,1,0,1,0,0,0,3,0.33,0.00,0.33,0.00,0.00,0.00,0.00,0.00,0.00,0.33,0.00,1.58,0.46
mont,word,0,0,0,0,0,1,0,1,1,0,0,3,0.00,0.00,0.33,0.33,0.00,0.00,0.00,0.00,0.00,0.33,0.00,1.58,0.46
mont,lemma,0,0,0,0,0,1,0,1,1,0,0,3,0.00,0.00,0.33,0.33,0.00,0.00,0.00,0.00,0.00,0.33,0.00,1.58,0.46
simple,lemma,0,0,0,0,0,0,0,1,0,1,1,3,0.00,0.00,0.33,0.00,0.33,0.33,0.00,0.00,0.00,0.00,0.00,1.58,0.46
bord,lemma,0,0,0,0,0,0,0,1,1,0,1,3,0.00,0.00,0.33,0.33,0.00,0.33,0.00,0.00,0.00,0.00,0.00,1.58,0.46
bord,word,0,0,0,0,0,0,0,1,1,0,1,3,0.00,0.00,0.33,0.33,0.00,0.33,0.00,0.00,0.00,0.00,0.00,1.58,0.46
mérite,word,1,1,0,0,0,0,0,0,0,0,1,3,0.33,0.00,0.00,0.00,0.00,0.33,0.33,0.00,0.00,0.00,0.00,1.58,0.46
ruiner,lemma,0,1,0,0,0,0,0,0,1,0,1,3,0.33,0.00,0.00,0.33,0.00,0.33,0.00,0.00,0.00,0.00,0.00,1.58,0.46
méchant,lemma,0,0,0,0,0,0,0,0,1,1,1,3,0.00,0.00,0.00,0.33,0.33,0.33,0.00,0.00,0.00,0.00,0.00,1.58,0.46
retourner,lemma,0,1,0,1,0,0,0,1,0,0,0,3,0.33,0.33,0.33,0.00,0.00,0.00,0.00,0.00,0.00,0.00,0.00,1.58,0.46
ressentir,lemma,1,0,0,0,0,0,0,0,0,1,1,3,0.00,0.00,0.00,0.00,0.33,0.33,0.33,0.00,0.00,0.00,0.00,1.58,0.46
nationale,word,0,1,0,0,0,1,0,1,0,0,0,3,0.33,0.00,0.33,0.00,0.00,0.00,0.00,0.00,0.00,0.33,0.00,1.58,0.46
méthode,word,0,1,0,0,0,1,0,0,0,1,0,3,0.33,0.00,0.00,0.00,0.33,0.00,0.00,0.00,0.00,0.33,0.00,1.58,0.46
métier,word,0,0,0,0,0,1,0,1,0,0,1,3,0.00,0.00,0.33,0.00,0.00,0.33,0.00,0.00,0.00,0.33,0.00,1.58,0.46
mérite,lemma,1,1,0,0,0,0,0,0,0,0,1,3,0.33,0.00,0.00,0.00,0.00,0.33,0.33,0.00,0.00,0.00,0.00,1.58,0.46
méthode,lemma,0,1,0,0,0,1,0,0,0,1,0,3,0.33,0.00,0.00,0.00,0.33,0.00,0.00,0.00,0.00,0.33,0.00,1.58,0.46
retard,lemma,0,0,0,0,1,0,0,0,0,1,1,3,0.00,0.00,0.00,0.00,0.33,0.33,0.00,0.00,0.33,0.00,0.00,1.58,0.46
retrouvé,word,0,1,0,0,0,0,0,1,0,1,0,3,0.33,0.00,0.33,0.00,0.33,0.00,0.00,0.00,0.00,0.00,0.00,1.58,0.46
remplie,lemma,0,0,0,0,1,0,0,0,0,1,1,3,0.00,0.00,0.00,0.00,0.33,0.33,0.00,0.00,0.33,0.00,0.00,1.58,0.46
remplie,word,0,0,0,0,1,0,0,0,0,1,1,3,0.00,0.00,0.00,0.00,0.33,0.33,0.00,0.00,0.33,0.00,0.00,1.58,0.46
restait,word,0,1,0,0,0,0,0,0,1,1,0,3,0.33,0.00,0.00,0.33,0.33,0.00,0.00,0.00,0.00,0.00,0.00,1.58,0.46
moderne,word,1,1,0,0,0,1,0,0,0,0,0,3,0.33,0.00,0.00,0.00,0.00,0.00,0.33,0.00,0.00,0.33,0.00,1.58,0.46
retard,word,0,0,0,0,1,0,0,0,0,1,1,3,0.00,0.00,0.00,0.00,0.33,0.33,0.00,0.00,0.33,0.00,0.00,1.58,0.46
seulement,lemma,1,0,0,0,0,0,0,0,1,1,0,3,0.00,0.00,0.00,0.33,0.33,0.00,0.33,0.00,0.00,0.00,0.00,1.58,0.46
londres,lemma,0,0,0,0,0,1,0,1,1,0,0,3,0.00,0.00,0.33,0.33,0.00,0.00,0.00,0.00,0.00,0.33,0.00,1.58,0.46
londres,word,0,0,0,0,0,1,0,1,1,0,0,3,0.00,0.00,0.33,0.33,0.00,0.00,0.00,0.00,0.00,0.33,0.00,1.58,0.46
etat,lemma,0,1,0,0,0,0,0,0,1,0,1,3,0.33,0.00,0.00,0.33,0.00,0.33,0.00,0.00,0.00,0.00,0.00,1.58,0.46
etat,word,0,1,0,0,0,0,0,0,1,0,1,3,0.33,0.00,0.00,0.33,0.00,0.33,0.00,0.00,0.00,0.00,0.00,1.58,0.46
espace,lemma,1,0,0,0,0,0,0,0,1,0,1,3,0.00,0.00,0.00,0.33,0.00,0.33,0.33,0.00,0.00,0.00,0.00,1.58,0.46
espace,word,1,0,0,0,0,0,0,0,1,0,1,3,0.00,0.00,0.00,0.33,0.00,0.33,0.33,0.00,0.00,0.00,0.00,1.58,0.46
esprit,lemma,0,0,0,0,1,0,0,0,1,0,1,3,0.00,0.00,0.00,0.33,0.00,0.33,0.00,0.00,0.33,0.00,0.00,1.58,0.46
scènes,word,0,0,0,0,0,0,0,1,1,0,1,3,0.00,0.00,0.33,0.33,0.00,0.33,0.00,0.00,0.00,0.00,0.00,1.58,0.46
rupture,word,0,0,0,0,0,0,0,0,1,1,1,3,0.00,0.00,0.00,0.33,0.33,0.33,0.00,0.00,0.00,0.00,0.00,1.58,0.46
rupture,lemma,0,0,0,0,0,0,0,0,1,1,1,3,0.00,0.00,0.00,0.33,0.33,0.33,0.00,0.00,0.00,0.00,0.00,1.58,0.46
reçoit,word,1,0,0,0,0,1,0,1,0,0,0,3,0.00,0.00,0.33,0.00,0.00,0.00,0.33,0.00,0.00,0.33,0.00,1.58,0.46
centre,lemma,0,1,0,0,0,0,0,0,1,0,1,3,0.33,0.00,0.00,0.33,0.00,0.33,0.00,0.00,0.00,0.00,0.00,1.58,0.46
chasse,word,0,0,0,1,0,0,0,1,1,0,0,3,0.00,0.33,0.33,0.33,0.00,0.00,0.00,0.00,0.00,0.00,0.00,1.58,0.46
moderne,lemma,1,1,0,0,0,1,0,0,0,0,0,3,0.33,0.00,0.00,0.00,0.00,0.00,0.33,0.00,0.00,0.33,0.00,1.58,0.46
mode,word,0,1,0,0,0,0,0,1,0,1,0,3,0.33,0.00,0.33,0.00,0.33,0.00,0.00,0.00,0.00,0.00,0.00,1.58,0.46
mode,lemma,0,1,0,0,0,0,0,1,0,1,0,3,0.33,0.00,0.33,0.00,0.33,0.00,0.00,0.00,0.00,0.00,0.00,1.58,0.46
effort,lemma,0,1,0,0,0,1,0,1,0,0,0,3,0.33,0.00,0.33,0.00,0.00,0.00,0.00,0.00,0.00,0.33,0.00,1.58,0.46
enfin,word,0,1,0,0,1,0,0,1,0,0,0,3,0.33,0.00,0.33,0.00,0.00,0.00,0.00,0.00,0.33,0.00,0.00,1.58,0.46
samber,lemma,0,0,0,0,0,0,0,1,1,1,0,3,0.00,0.00,0.33,0.33,0.33,0.00,0.00,0.00,0.00,0.00,0.00,1.58,0.46
samba,word,0,0,0,0,0,0,0,1,1,1,0,3,0.00,0.00,0.33,0.33,0.33,0.00,0.00,0.00,0.00,0.00,0.00,1.58,0.46
changer,lemma,0,1,0,1,0,0,0,0,1,0,0,3,0.33,0.33,0.00,0.33,0.00,0.00,0.00,0.00,0.00,0.00,0.00,1.58,0.46
entrée,word,0,1,0,0,0,1,0,1,0,0,0,3,0.33,0.00,0.33,0.00,0.00,0.00,0.00,0.00,0.00,0.33,0.00,1.58,0.46
enfin,lemma,0,1,0,0,1,0,0,1,0,0,0,3,0.33,0.00,0.33,0.00,0.00,0.00,0.00,0.00,0.33,0.00,0.00,1.58,0.46
royaume,lemma,0,1,0,0,0,1,0,1,0,0,0,3,0.33,0.00,0.33,0.00,0.00,0.00,0.00,0.00,0.00,0.33,0.00,1.58,0.46
bruit,lemma,0,1,0,0,0,0,0,1,1,0,0,3,0.33,0.00,0.33,0.33,0.00,0.00,0.00,0.00,0.00,0.00,0.00,1.58,0.46
bruit,word,0,1,0,0,0,0,0,1,1,0,0,3,0.33,0.00,0.33,0.33,0.00,0.00,0.00,0.00,0.00,0.00,0.00,1.58,0.46
brésil,lemma,0,1,0,0,0,0,0,0,1,0,1,3,0.33,0.00,0.00,0.33,0.00,0.33,0.00,0.00,0.00,0.00,0.00,1.58,0.46
brésil,word,0,1,0,0,0,0,0,0,1,0,1,3,0.33,0.00,0.00,0.33,0.00,0.33,0.00,0.00,0.00,0.00,0.00,1.58,0.46
sauter,lemma,0,0,0,0,0,0,0,0,1,1,1,3,0.00,0.00,0.00,0.33,0.33,0.33,0.00,0.00,0.00,0.00,0.00,1.58,0.46
sauver,lemma,0,0,0,0,0,1,0,1,1,0,0,3,0.00,0.00,0.33,0.33,0.00,0.00,0.00,0.00,0.00,0.33,0.00,1.58,0.46
camarade,lemma,0,0,0,0,1,1,0,0,0,0,1,3,0.00,0.00,0.00,0.00,0.00,0.33,0.00,0.00,0.33,0.33,0.00,1.58,0.46
bée,lemma,1,0,0,0,0,0,0,1,0,1,0,3,0.00,0.00,0.33,0.00,0.33,0.00,0.33,0.00,0.00,0.00,0.00,1.58,0.46
emploi,word,0,1,0,0,0,0,0,0,0,1,1,3,0.33,0.00,0.00,0.00,0.33,0.33,0.00,0.00,0.00,0.00,0.00,1.58,0.46
embarquer,lemma,0,0,0,0,0,0,0,0,1,1,1,3,0.00,0.00,0.00,0.33,0.33,0.33,0.00,0.00,0.00,0.00,0.00,1.58,0.46
mangent,word,0,1,0,1,0,0,0,0,0,0,1,3,0.33,0.33,0.00,0.00,0.00,0.33,0.00,0.00,0.00,0.00,0.00,1.58,0.46
entrer,word,0,1,0,0,0,0,0,1,1,0,0,3,0.33,0.00,0.33,0.33,0.00,0.00,0.00,0.00,0.00,0.00,0.00,1.58,0.46
bée,word,1,0,0,0,0,0,0,1,0,1,0,3,0.00,0.00,0.33,0.00,0.33,0.00,0.33,0.00,0.00,0.00,0.00,1.58,0.46
brûlés,word,0,1,0,0,0,0,0,0,1,0,1,3,0.33,0.00,0.00,0.33,0.00,0.33,0.00,0.00,0.00,0.00,0.00,1.58,0.46
buts,word,1,0,0,0,0,1,0,1,0,0,0,3,0.00,0.00,0.33,0.00,0.00,0.00,0.33,0.00,0.00,0.33,0.00,1.58,0.46
rouler,lemma,0,0,0,0,1,0,0,0,0,1,1,3,0.00,0.00,0.00,0.00,0.33,0.33,0.00,0.00,0.33,0.00,0.00,1.58,0.46
maîtrise,word,0,1,0,0,0,1,0,0,0,0,1,3,0.33,0.00,0.00,0.00,0.00,0.33,0.00,0.00,0.00,0.33,0.00,1.58,0.46
maîtrise,lemma,0,1,0,0,0,1,0,0,0,0,1,3,0.33,0.00,0.00,0.00,0.00,0.33,0.00,0.00,0.00,0.33,0.00,1.58,0.46
rythme,word,0,1,0,0,0,0,0,1,1,0,0,3,0.33,0.00,0.33,0.33,0.00,0.00,0.00,0.00,0.00,0.00,0.00,1.58,0.46
majorité,word,0,1,0,0,0,0,0,0,1,1,0,3,0.33,0.00,0.00,0.33,0.33,0.00,0.00,0.00,0.00,0.00,0.00,1.58,0.46
majorité,lemma,0,1,0,0,0,0,0,0,1,1,0,3,0.33,0.00,0.00,0.33,0.33,0.00,0.00,0.00,0.00,0.00,0.00,1.58,0.46
réconforter,lemma,0,1,0,0,0,0,0,0,1,0,1,3,0.33,0.00,0.00,0.33,0.00,0.33,0.00,0.00,0.00,0.00,0.00,1.58,0.46
capable,word,0,1,0,1,0,0,0,0,1,0,0,3,0.33,0.33,0.00,0.33,0.00,0.00,0.00,0.00,0.00,0.00,0.00,1.58,0.46
capable,lemma,0,1,0,1,0,0,0,0,1,0,0,3,0.33,0.33,0.00,0.33,0.00,0.00,0.00,0.00,0.00,0.00,0.00,1.58,0.46
catégorie,lemma,0,0,0,0,0,1,0,1,0,1,0,3,0.00,0.00,0.33,0.00,0.33,0.00,0.00,0.00,0.00,0.33,0.00,1.58,0.46
celer,lemma,0,1,0,0,0,0,0,1,0,1,0,3,0.33,0.00,0.33,0.00,0.33,0.00,0.00,0.00,0.00,0.00,0.00,1.58,0.46
réussite,word,0,0,0,0,0,1,0,1,0,0,1,3,0.00,0.00,0.33,0.00,0.00,0.33,0.00,0.00,0.00,0.33,0.00,1.58,0.46
catégorie,word,0,0,0,0,0,1,0,1,0,1,0,3,0.00,0.00,0.33,0.00,0.33,0.00,0.00,0.00,0.00,0.33,0.00,1.58,0.46
aimerai,lemma,0,1,0,0,0,1,0,1,0,0,0,3,0.33,0.00,0.33,0.00,0.00,0.00,0.00,0.00,0.00,0.33,0.00,1.58,0.46
voisins,word,0,1,0,0,0,0,0,1,1,0,0,3,0.33,0.00,0.33,0.33,0.00,0.00,0.00,0.00,0.00,0.00,0.00,1.58,0.46
campagne,lemma,1,0,0,0,0,1,0,0,0,1,0,3,0.00,0.00,0.00,0.00,0.33,0.00,0.33,0.00,0.00,0.33,0.00,1.58,0.46
réussite,lemma,0,0,0,0,0,1,0,1,0,0,1,3,0.00,0.00,0.33,0.00,0.00,0.33,0.00,0.00,0.00,0.33,0.00,1.58,0.46
visiteur,lemma,0,1,0,0,0,0,0,1,0,1,0,3,0.33,0.00,0.33,0.00,0.33,0.00,0.00,0.00,0.00,0.00,0.00,1.58,0.46
voie,lemma,0,1,0,0,0,1,0,0,0,0,1,3,0.33,0.00,0.00,0.00,0.00,0.33,0.00,0.00,0.00,0.33,0.00,1.58,0.46
visibilité,lemma,0,0,0,0,0,1,0,1,0,1,0,3,0.00,0.00,0.33,0.00,0.33,0.00,0.00,0.00,0.00,0.33,0.00,1.58,0.46
visibilité,word,0,0,0,0,0,1,0,1,0,1,0,3,0.00,0.00,0.33,0.00,0.33,0.00,0.00,0.00,0.00,0.33,0.00,1.58,0.46
héroïque,lemma,1,0,1,0,1,0,0,0,0,0,0,3,0.00,0.00,0.00,0.00,0.00,0.00,0.33,0.33,0.33,0.00,0.00,1.58,0.46
horribles,word,0,0,0,1,0,0,0,0,1,0,1,3,0.00,0.33,0.00,0.33,0.00,0.33,0.00,0.00,0.00,0.00,0.00,1.58,0.46
peuples,word,0,0,0,0,0,1,0,1,1,0,0,3,0.00,0.00,0.33,0.33,0.00,0.00,0.00,0.00,0.00,0.33,0.00,1.58,0.46
cris,word,0,1,0,0,0,0,0,0,1,1,0,3,0.33,0.00,0.00,0.33,0.33,0.00,0.00,0.00,0.00,0.00,0.00,1.58,0.46
pleine,lemma,0,1,0,0,0,0,0,1,1,0,0,3,0.33,0.00,0.33,0.33,0.00,0.00,0.00,0.00,0.00,0.00,0.00,1.58,0.46
pleine,word,0,1,0,0,0,0,0,1,1,0,0,3,0.33,0.00,0.33,0.33,0.00,0.00,0.00,0.00,0.00,0.00,0.00,1.58,0.46
pleurent,word,0,1,0,0,0,0,0,0,1,0,1,3,0.33,0.00,0.00,0.33,0.00,0.33,0.00,0.00,0.00,0.00,0.00,1.58,0.46
plaint,word,0,1,0,0,0,0,0,0,1,0,1,3,0.33,0.00,0.00,0.33,0.00,0.33,0.00,0.00,0.00,0.00,0.00,1.58,0.46
crie,lemma,0,1,0,0,0,0,0,1,1,0,0,3,0.33,0.00,0.33,0.33,0.00,0.00,0.00,0.00,0.00,0.00,0.00,1.58,0.46
gaz,lemma,0,1,0,0,0,0,0,0,1,0,1,3,0.33,0.00,0.00,0.33,0.00,0.33,0.00,0.00,0.00,0.00,0.00,1.58,0.46
gaz,word,0,1,0,0,0,0,0,0,1,0,1,3,0.33,0.00,0.00,0.33,0.00,0.33,0.00,0.00,0.00,0.00,0.00,1.58,0.46
étudier,lemma,0,0,0,0,0,1,0,1,1,0,0,3,0.00,0.00,0.33,0.33,0.00,0.00,0.00,0.00,0.00,0.33,0.00,1.58,0.46
agresser,lemma,0,5,0,0,0,0,0,0,5,0,4,14,0.36,0.00,0.00,0.36,0.00,0.29,0.00,0.00,0.00,0.00,0.00,1.58,0.46
voisin,lemma,0,5,0,1,0,0,0,1,7,0,0,14,0.36,0.07,0.07,0.50,0.00,0.00,0.00,0.00,0.00,0.00,0.00,1.57,0.46
roi,lemma,0,7,0,0,0,0,0,0,4,1,1,13,0.54,0.00,0.00,0.31,0.08,0.08,0.00,0.00,0.00,0.00,0.00,1.57,0.45
roi,word,0,7,0,0,0,0,0,0,4,1,1,13,0.54,0.00,0.00,0.31,0.08,0.08,0.00,0.00,0.00,0.00,0.00,1.57,0.45
plaindre,lemma,0,6,0,0,0,0,0,1,1,0,2,10,0.60,0.00,0.10,0.10,0.00,0.20,0.00,0.00,0.00,0.00,0.00,1.57,0.45
cher,word,0,6,0,0,0,1,0,0,2,0,1,10,0.60,0.00,0.00,0.20,0.00,0.10,0.00,0.00,0.00,0.10,0.00,1.57,0.45
ferme,word,0,6,0,1,0,0,0,0,2,1,0,10,0.60,0.10,0.00,0.20,0.10,0.00,0.00,0.00,0.00,0.00,0.00,1.57,0.45
ferme,lemma,0,6,0,1,0,0,0,0,2,1,0,10,0.60,0.10,0.00,0.20,0.10,0.00,0.00,0.00,0.00,0.00,0.00,1.57,0.45
agressées,word,0,4,0,0,0,0,0,0,3,0,3,10,0.40,0.00,0.00,0.30,0.00,0.30,0.00,0.00,0.00,0.00,0.00,1.57,0.45
douer,lemma,3,0,0,0,0,3,0,4,0,0,0,10,0.00,0.00,0.40,0.00,0.00,0.00,0.30,0.00,0.00,0.30,0.00,1.57,0.45
beau,lemma,3,0,0,0,0,2,0,11,2,0,0,18,0.00,0.00,0.61,0.11,0.00,0.00,0.17,0.00,0.00,0.11,0.00,1.57,0.45
maison,word,0,0,0,0,0,0,0,2,14,3,4,23,0.00,0.00,0.09,0.61,0.13,0.17,0.00,0.00,0.00,0.00,0.00,1.56,0.45
terroristes,word,0,6,0,0,1,0,0,0,7,0,1,15,0.40,0.00,0.00,0.47,0.00,0.07,0.00,0.00,0.07,0.00,0.00,1.56,0.45
liberté,lemma,0,3,0,0,0,0,0,2,3,0,0,8,0.38,0.00,0.25,0.38,0.00,0.00,0.00,0.00,0.00,0.00,0.00,1.56,0.45
point,lemma,0,3,0,0,0,0,0,0,0,3,2,8,0.38,0.00,0.00,0.00,0.38,0.25,0.00,0.00,0.00,0.00,0.00,1.56,0.45
réduire,lemma,0,2,0,0,0,0,0,0,3,0,3,8,0.25,0.00,0.00,0.38,0.00,0.38,0.00,0.00,0.00,0.00,0.00,1.56,0.45
dizaines,word,0,0,0,0,0,0,0,0,3,2,2,7,0.00,0.00,0.00,0.43,0.29,0.29,0.00,0.00,0.00,0.00,0.00,1.56,0.45
dizaine,lemma,0,0,0,0,0,0,0,0,3,2,2,7,0.00,0.00,0.00,0.43,0.29,0.29,0.00,0.00,0.00,0.00,0.00,1.56,0.45
déchirer,lemma,0,2,0,0,0,0,0,0,3,0,2,7,0.29,0.00,0.00,0.43,0.00,0.29,0.00,0.00,0.00,0.00,0.00,1.56,0.45
génial,word,2,0,0,0,0,1,0,9,0,3,0,15,0.00,0.00,0.60,0.00,0.20,0.00,0.13,0.00,0.00,0.07,0.00,1.55,0.45
génial,lemma,2,0,0,0,0,1,0,9,0,3,0,15,0.00,0.00,0.60,0.00,0.20,0.00,0.13,0.00,0.00,0.07,0.00,1.55,0.45
civil,lemma,0,4,0,0,0,0,0,0,5,0,3,12,0.33,0.00,0.00,0.42,0.00,0.25,0.00,0.00,0.00,0.00,0.00,1.55,0.45
guerre,lemma,2,11,0,0,0,0,0,1,37,0,9,60,0.18,0.00,0.02,0.62,0.00,0.15,0.03,0.00,0.00,0.00,0.00,1.55,0.45
quitter,word,0,1,0,0,0,0,0,0,7,1,3,12,0.08,0.00,0.00,0.58,0.08,0.25,0.00,0.00,0.00,0.00,0.00,1.55,0.45
devant,lemma,0,5,0,1,0,0,0,0,0,1,1,8,0.62,0.12,0.00,0.00,0.12,0.12,0.00,0.00,0.00,0.00,0.00,1.55,0.45
vient,word,0,1,0,0,0,1,0,5,0,1,0,8,0.12,0.00,0.62,0.00,0.12,0.00,0.00,0.00,0.00,0.12,0.00,1.55,0.45
emporter,lemma,1,5,0,0,0,0,0,1,1,0,0,8,0.62,0.00,0.12,0.12,0.00,0.00,0.12,0.00,0.00,0.00,0.00,1.55,0.45
devant,word,0,5,0,1,0,0,0,0,0,1,1,8,0.62,0.12,0.00,0.00,0.12,0.12,0.00,0.00,0.00,0.00,0.00,1.55,0.45
mariage,lemma,0,0,0,0,0,1,0,5,0,1,1,8,0.00,0.00,0.62,0.00,0.12,0.12,0.00,0.00,0.00,0.12,0.00,1.55,0.45
police,lemma,0,10,0,0,0,0,0,1,4,0,2,17,0.59,0.00,0.06,0.24,0.00,0.12,0.00,0.00,0.00,0.00,0.00,1.55,0.45
police,word,0,10,0,0,0,0,0,1,4,0,2,17,0.59,0.00,0.06,0.24,0.00,0.12,0.00,0.00,0.00,0.00,0.00,1.55,0.45
président,word,1,25,0,0,0,1,0,1,1,3,3,35,0.71,0.00,0.03,0.03,0.09,0.09,0.03,0.00,0.00,0.03,0.00,1.54,0.45
quitter,lemma,0,3,0,0,0,0,0,0,12,1,4,20,0.15,0.00,0.00,0.60,0.05,0.20,0.00,0.00,0.00,0.00,0.00,1.53,0.44
terrible,word,0,1,0,0,1,0,0,0,6,0,8,16,0.06,0.00,0.00,0.38,0.00,0.50,0.00,0.00,0.06,0.00,0.00,1.53,0.44
douée,word,2,0,0,0,0,3,0,4,0,0,0,9,0.00,0.00,0.44,0.00,0.00,0.00,0.22,0.00,0.00,0.33,0.00,1.53,0.44
pauvres,word,0,4,0,0,0,0,0,0,2,0,3,9,0.44,0.00,0.00,0.22,0.00,0.33,0.00,0.00,0.00,0.00,0.00,1.53,0.44
blesser,lemma,0,0,0,0,2,0,0,0,4,0,3,9,0.00,0.00,0.00,0.44,0.00,0.33,0.00,0.00,0.22,0.00,0.00,1.53,0.44
plusieurs,word,0,13,0,0,0,0,0,2,4,0,2,21,0.62,0.00,0.10,0.19,0.00,0.10,0.00,0.00,0.00,0.00,0.00,1.53,0.44
plusieurs,lemma,0,13,0,0,0,0,0,2,4,0,2,21,0.62,0.00,0.10,0.19,0.00,0.10,0.00,0.00,0.00,0.00,0.00,1.53,0.44
pauvre,lemma,0,4,0,0,0,0,0,0,3,0,6,13,0.31,0.00,0.00,0.23,0.00,0.46,0.00,0.00,0.00,0.00,0.00,1.53,0.44
insécurité,word,0,2,0,0,0,0,0,0,2,0,1,5,0.40,0.00,0.00,0.40,0.00,0.20,0.00,0.00,0.00,0.00,0.00,1.52,0.44
cru,word,0,2,0,0,0,0,0,0,0,2,1,5,0.40,0.00,0.00,0.00,0.40,0.20,0.00,0.00,0.00,0.00,0.00,1.52,0.44
dessus,lemma,0,1,0,0,2,0,0,0,2,0,0,5,0.20,0.00,0.00,0.40,0.00,0.00,0.00,0.00,0.40,0.00,0.00,1.52,0.44
d'un,word,0,2,0,0,0,0,0,0,1,0,2,5,0.40,0.00,0.00,0.20,0.00,0.40,0.00,0.00,0.00,0.00,0.00,1.52,0.44
espèces,word,0,0,0,0,0,0,0,0,2,1,2,5,0.00,0.00,0.00,0.40,0.20,0.40,0.00,0.00,0.00,0.00,0.00,1.52,0.44
liberté,word,0,1,0,0,0,0,0,2,2,0,0,5,0.20,0.00,0.40,0.40,0.00,0.00,0.00,0.00,0.00,0.00,0.00,1.52,0.44
question,word,0,2,0,0,0,0,0,0,2,0,1,5,0.40,0.00,0.00,0.40,0.00,0.20,0.00,0.00,0.00,0.00,0.00,1.52,0.44
coupe,word,0,0,0,0,0,0,0,2,1,0,2,5,0.00,0.00,0.40,0.20,0.00,0.40,0.00,0.00,0.00,0.00,0.00,1.52,0.44
char,lemma,0,0,0,0,0,0,0,1,2,2,0,5,0.00,0.00,0.20,0.40,0.40,0.00,0.00,0.00,0.00,0.00,0.00,1.52,0.44
langue,lemma,0,2,0,0,0,0,0,2,0,0,1,5,0.40,0.00,0.40,0.00,0.00,0.20,0.00,0.00,0.00,0.00,0.00,1.52,0.44
décidé,word,0,2,0,0,0,0,0,2,1,0,0,5,0.40,0.00,0.40,0.20,0.00,0.00,0.00,0.00,0.00,0.00,0.00,1.52,0.44
obtenu,word,0,0,0,0,0,2,0,2,0,1,0,5,0.00,0.00,0.40,0.00,0.20,0.00,0.00,0.00,0.00,0.40,0.00,1.52,0.44
aider,word,0,2,0,0,0,0,0,2,1,0,0,5,0.40,0.00,0.40,0.20,0.00,0.00,0.00,0.00,0.00,0.00,0.00,1.52,0.44
croit,lemma,0,2,0,0,0,0,0,2,0,1,0,5,0.40,0.00,0.40,0.00,0.20,0.00,0.00,0.00,0.00,0.00,0.00,1.52,0.44
viol,lemma,0,2,0,0,1,0,0,0,2,0,0,5,0.40,0.00,0.00,0.40,0.00,0.00,0.00,0.00,0.20,0.00,0.00,1.52,0.44
score,lemma,0,2,0,0,0,0,0,0,0,1,2,5,0.40,0.00,0.00,0.00,0.20,0.40,0.00,0.00,0.00,0.00,0.00,1.52,0.44
humain,word,0,0,0,0,0,0,0,1,2,0,2,5,0.00,0.00,0.20,0.40,0.00,0.40,0.00,0.00,0.00,0.00,0.00,1.52,0.44
centaines,word,0,2,0,0,0,0,0,0,0,1,2,5,0.40,0.00,0.00,0.00,0.20,0.40,0.00,0.00,0.00,0.00,0.00,1.52,0.44
pile,lemma,0,0,0,0,0,0,0,2,4,0,4,10,0.00,0.00,0.20,0.40,0.00,0.40,0.00,0.00,0.00,0.00,0.00,1.52,0.44
éviter,lemma,0,2,0,0,0,0,0,0,2,0,1,5,0.40,0.00,0.00,0.40,0.00,0.20,0.00,0.00,0.00,0.00,0.00,1.52,0.44
but,lemma,1,0,0,0,0,2,0,2,0,0,0,5,0.00,0.00,0.40,0.00,0.00,0.00,0.20,0.00,0.00,0.40,0.00,1.52,0.44
voler,word,0,2,0,0,0,0,0,0,2,0,1,5,0.40,0.00,0.00,0.40,0.00,0.20,0.00,0.00,0.00,0.00,0.00,1.52,0.44
plaire,lemma,0,2,0,0,0,0,0,2,0,1,0,5,0.40,0.00,0.40,0.00,0.20,0.00,0.00,0.00,0.00,0.00,0.00,1.52,0.44
accident,lemma,0,4,0,0,0,0,0,0,4,0,2,10,0.40,0.00,0.00,0.40,0.00,0.20,0.00,0.00,0.00,0.00,0.00,1.52,0.44
langue,word,0,2,0,0,0,0,0,2,0,0,1,5,0.40,0.00,0.40,0.00,0.00,0.20,0.00,0.00,0.00,0.00,0.00,1.52,0.44
dieu,lemma,2,2,0,0,0,0,0,0,0,0,1,5,0.40,0.00,0.00,0.00,0.00,0.20,0.40,0.00,0.00,0.00,0.00,1.52,0.44
surveiller,lemma,0,2,0,1,0,0,0,0,2,0,0,5,0.40,0.20,0.00,0.40,0.00,0.00,0.00,0.00,0.00,0.00,0.00,1.52,0.44
bateau,lemma,0,2,0,0,0,0,0,1,2,0,0,5,0.40,0.00,0.20,0.40,0.00,0.00,0.00,0.00,0.00,0.00,0.00,1.52,0.44
insécurité,lemma,0,2,0,0,0,0,0,0,2,0,1,5,0.40,0.00,0.00,0.40,0.00,0.20,0.00,0.00,0.00,0.00,0.00,1.52,0.44
question,lemma,0,2,0,0,0,0,0,0,2,0,1,5,0.40,0.00,0.00,0.40,0.00,0.20,0.00,0.00,0.00,0.00,0.00,1.52,0.44
émerveillée,word,2,0,0,0,0,0,0,2,0,1,0,5,0.00,0.00,0.40,0.00,0.20,0.00,0.40,0.00,0.00,0.00,0.00,1.52,0.44
grand-mère,word,0,0,0,0,0,0,0,2,1,2,0,5,0.00,0.00,0.40,0.20,0.40,0.00,0.00,0.00,0.00,0.00,0.00,1.52,0.44
guerres,word,0,4,0,0,0,0,0,0,4,0,2,10,0.40,0.00,0.00,0.40,0.00,0.20,0.00,0.00,0.00,0.00,0.00,1.52,0.44
élire,lemma,0,0,0,0,0,2,0,2,0,1,0,5,0.00,0.00,0.40,0.00,0.20,0.00,0.00,0.00,0.00,0.40,0.00,1.52,0.44
acte,word,0,1,0,0,0,0,0,0,2,0,2,5,0.20,0.00,0.00,0.40,0.00,0.40,0.00,0.00,0.00,0.00,0.00,1.52,0.44
voulaient,word,0,2,0,0,0,0,0,0,1,0,2,5,0.40,0.00,0.00,0.20,0.00,0.40,0.00,0.00,0.00,0.00,0.00,1.52,0.44
élue,word,0,0,0,0,0,2,0,2,0,1,0,5,0.00,0.00,0.40,0.00,0.20,0.00,0.00,0.00,0.00,0.40,0.00,1.52,0.44
impose,word,0,2,0,0,0,0,0,0,2,0,1,5,0.40,0.00,0.00,0.40,0.00,0.20,0.00,0.00,0.00,0.00,0.00,1.52,0.44
prendre,word,0,8,0,0,0,0,0,1,4,0,1,14,0.57,0.00,0.07,0.29,0.00,0.07,0.00,0.00,0.00,0.00,0.00,1.52,0.44
rendre,lemma,14,1,0,0,0,0,0,1,0,1,14,31,0.03,0.00,0.03,0.00,0.03,0.45,0.45,0.00,0.00,0.00,0.00,1.52,0.44
pleurer,lemma,0,3,0,0,0,1,0,4,9,0,32,49,0.06,0.00,0.08,0.18,0.00,0.65,0.00,0.00,0.00,0.02,0.00,1.51,0.44
rêve,lemma,0,1,0,0,0,0,0,9,1,1,1,13,0.08,0.00,0.69,0.08,0.08,0.08,0.00,0.00,0.00,0.00,0.00,1.51,0.44
rêve,word,0,1,0,0,0,0,0,9,1,1,1,13,0.08,0.00,0.69,0.08,0.08,0.08,0.00,0.00,0.00,0.00,0.00,1.51,0.44
insulte,lemma,0,6,0,0,18,0,0,1,1,0,2,28,0.21,0.00,0.04,0.04,0.00,0.07,0.00,0.00,0.64,0.00,0.00,1.50,0.43
restent,word,0,2,0,0,0,0,0,0,1,0,1,4,0.50,0.00,0.00,0.25,0.00,0.25,0.00,0.00,0.00,0.00,0.00,1.50,0.43
rester,word,0,0,0,0,1,0,0,1,0,0,2,4,0.00,0.00,0.25,0.00,0.00,0.50,0.00,0.00,0.25,0.00,0.00,1.50,0.43
reste,word,2,0,0,0,0,0,0,0,0,1,1,4,0.00,0.00,0.00,0.00,0.25,0.25,0.50,0.00,0.00,0.00,0.00,1.50,0.43
choc,word,0,1,0,0,0,0,0,0,1,2,0,4,0.25,0.00,0.00,0.25,0.50,0.00,0.00,0.00,0.00,0.00,0.00,1.50,0.43
minable,lemma,0,0,1,0,1,0,0,0,0,0,2,4,0.00,0.00,0.00,0.00,0.00,0.50,0.00,0.25,0.25,0.00,0.00,1.50,0.43
rêver,lemma,0,0,0,0,0,1,0,2,0,0,1,4,0.00,0.00,0.50,0.00,0.00,0.25,0.00,0.00,0.00,0.25,0.00,1.50,0.43
réalisé,word,0,1,0,0,0,0,0,2,0,1,0,4,0.25,0.00,0.50,0.00,0.25,0.00,0.00,0.00,0.00,0.00,0.00,1.50,0.43
graves,word,0,6,0,0,0,0,0,0,3,0,3,12,0.50,0.00,0.00,0.25,0.00,0.25,0.00,0.00,0.00,0.00,0.00,1.50,0.43
réveiller,word,0,2,0,1,0,0,0,0,1,0,0,4,0.50,0.25,0.00,0.25,0.00,0.00,0.00,0.00,0.00,0.00,0.00,1.50,0.43
sac,lemma,0,0,0,0,0,1,0,2,1,0,0,4,0.00,0.00,0.50,0.25,0.00,0.00,0.00,0.00,0.00,0.25,0.00,1.50,0.43
réussir,word,0,1,0,0,0,0,0,0,2,0,1,4,0.25,0.00,0.00,0.50,0.00,0.25,0.00,0.00,0.00,0.00,0.00,1.50,0.43
loin,lemma,0,2,0,0,0,0,0,0,1,1,0,4,0.50,0.00,0.00,0.25,0.25,0.00,0.00,0.00,0.00,0.00,0.00,1.50,0.43
entraîne,word,0,0,0,0,0,0,0,1,2,0,1,4,0.00,0.00,0.25,0.50,0.00,0.25,0.00,0.00,0.00,0.00,0.00,1.50,0.43
lycée,lemma,0,1,0,0,0,0,0,0,2,1,0,4,0.25,0.00,0.00,0.50,0.25,0.00,0.00,0.00,0.00,0.00,0.00,1.50,0.43
sacrée,word,0,0,0,0,0,2,0,1,0,1,0,4,0.00,0.00,0.25,0.00,0.25,0.00,0.00,0.00,0.00,0.50,0.00,1.50,0.43
sac,word,0,0,0,0,0,1,0,2,1,0,0,4,0.00,0.00,0.50,0.25,0.00,0.00,0.00,0.00,0.00,0.25,0.00,1.50,0.43
scène,word,0,0,0,0,0,1,0,1,0,2,0,4,0.00,0.00,0.25,0.00,0.50,0.00,0.00,0.00,0.00,0.25,0.00,1.50,0.43
lycée,word,0,1,0,0,0,0,0,0,2,1,0,4,0.25,0.00,0.00,0.50,0.25,0.00,0.00,0.00,0.00,0.00,0.00,1.50,0.43
employés,word,0,2,0,0,0,0,0,0,1,0,1,4,0.50,0.00,0.00,0.25,0.00,0.25,0.00,0.00,0.00,0.00,0.00,1.50,0.43
employé,lemma,0,2,0,0,0,0,0,0,1,0,1,4,0.50,0.00,0.00,0.25,0.00,0.25,0.00,0.00,0.00,0.00,0.00,1.50,0.43
réduites,word,0,1,0,0,0,0,0,0,2,0,1,4,0.25,0.00,0.00,0.50,0.00,0.25,0.00,0.00,0.00,0.00,0.00,1.50,0.43
mari,lemma,0,1,0,0,0,1,0,0,0,0,2,4,0.25,0.00,0.00,0.00,0.00,0.50,0.00,0.00,0.00,0.25,0.00,1.50,0.43
agressés,word,0,1,0,0,0,0,0,0,2,0,1,4,0.25,0.00,0.00,0.50,0.00,0.25,0.00,0.00,0.00,0.00,0.00,1.50,0.43
cœur,lemma,0,1,0,0,0,0,0,2,0,1,0,4,0.25,0.00,0.50,0.00,0.25,0.00,0.00,0.00,0.00,0.00,0.00,1.50,0.43
pire,lemma,0,1,0,0,1,0,0,0,2,0,0,4,0.25,0.00,0.00,0.50,0.00,0.00,0.00,0.00,0.25,0.00,0.00,1.50,0.43
voiture,lemma,0,6,0,0,0,0,0,0,3,3,0,12,0.50,0.00,0.00,0.25,0.25,0.00,0.00,0.00,0.00,0.00,0.00,1.50,0.43
vote,lemma,0,2,0,0,0,0,0,0,1,0,1,4,0.50,0.00,0.00,0.25,0.00,0.25,0.00,0.00,0.00,0.00,0.00,1.50,0.43
vote,word,0,2,0,0,0,0,0,0,1,0,1,4,0.50,0.00,0.00,0.25,0.00,0.25,0.00,0.00,0.00,0.00,0.00,1.50,0.43
réseau,lemma,0,2,0,0,1,0,0,0,1,0,0,4,0.50,0.00,0.00,0.25,0.00,0.00,0.00,0.00,0.25,0.00,0.00,1.50,0.43
homosexuel,lemma,0,0,0,0,2,0,0,0,1,0,1,4,0.00,0.00,0.00,0.25,0.00,0.25,0.00,0.00,0.50,0.00,0.00,1.50,0.43
homophobie,word,0,0,0,0,1,0,0,0,1,0,2,4,0.00,0.00,0.00,0.25,0.00,0.50,0.00,0.00,0.25,0.00,0.00,1.50,0.43
homophobie,lemma,0,0,0,0,1,0,0,0,1,0,2,4,0.00,0.00,0.00,0.25,0.00,0.50,0.00,0.00,0.25,0.00,0.00,1.50,0.43
hôtel,lemma,1,0,0,0,0,0,0,2,1,0,0,4,0.00,0.00,0.50,0.25,0.00,0.00,0.25,0.00,0.00,0.00,0.00,1.50,0.43
homophobes,word,0,1,0,0,2,0,0,0,1,0,0,4,0.25,0.00,0.00,0.25,0.00,0.00,0.00,0.00,0.50,0.00,0.00,1.50,0.43
flavia,lemma,0,0,0,0,0,0,0,1,1,0,2,4,0.00,0.00,0.25,0.25,0.00,0.50,0.00,0.00,0.00,0.00,0.00,1.50,0.43
flavia,word,0,0,0,0,0,0,0,1,1,0,2,4,0.00,0.00,0.25,0.25,0.00,0.50,0.00,0.00,0.00,0.00,0.00,1.50,0.43
photo,lemma,0,4,0,2,0,0,0,2,0,0,0,8,0.50,0.25,0.25,0.00,0.00,0.00,0.00,0.00,0.00,0.00,0.00,1.50,0.43
pire,word,0,1,0,0,1,0,0,0,2,0,0,4,0.25,0.00,0.00,0.50,0.00,0.00,0.00,0.00,0.25,0.00,0.00,1.50,0.43
cœur,word,0,1,0,0,0,0,0,2,0,1,0,4,0.25,0.00,0.50,0.00,0.25,0.00,0.00,0.00,0.00,0.00,0.00,1.50,0.43
gagnent,word,0,1,0,0,0,1,0,2,0,0,0,4,0.25,0.00,0.50,0.00,0.00,0.00,0.00,0.00,0.00,0.25,0.00,1.50,0.43
crie,word,0,2,0,0,0,0,0,1,1,0,0,4,0.50,0.00,0.25,0.25,0.00,0.00,0.00,0.00,0.00,0.00,0.00,1.50,0.43
cri,lemma,0,1,0,0,0,0,0,0,2,1,0,4,0.25,0.00,0.00,0.50,0.25,0.00,0.00,0.00,0.00,0.00,0.00,1.50,0.43
épouser,lemma,0,1,0,0,0,0,0,2,0,0,1,4,0.25,0.00,0.50,0.00,0.00,0.25,0.00,0.00,0.00,0.00,0.00,1.50,0.43
acclamer,lemma,2,0,0,0,0,1,0,1,0,0,0,4,0.00,0.00,0.25,0.00,0.00,0.00,0.50,0.00,0.00,0.25,0.00,1.50,0.43
envoyer,word,0,1,0,0,0,0,0,2,1,0,0,4,0.25,0.00,0.50,0.25,0.00,0.00,0.00,0.00,0.00,0.00,0.00,1.50,0.43
environ,word,0,1,0,0,0,0,0,0,0,2,1,4,0.25,0.00,0.00,0.00,0.50,0.25,0.00,0.00,0.00,0.00,0.00,1.50,0.43
environ,lemma,0,1,0,0,0,0,0,0,0,2,1,4,0.25,0.00,0.00,0.00,0.50,0.25,0.00,0.00,0.00,0.00,0.00,1.50,0.43
choc,lemma,0,1,0,0,0,0,0,0,1,2,0,4,0.25,0.00,0.00,0.25,0.50,0.00,0.00,0.00,0.00,0.00,0.00,1.50,0.43
nouveaux,word,0,2,0,0,0,0,0,1,1,0,0,4,0.50,0.00,0.25,0.25,0.00,0.00,0.00,0.00,0.00,0.00,0.00,1.50,0.43
n'était,word,0,0,1,0,1,0,0,0,0,2,0,4,0.00,0.00,0.00,0.00,0.50,0.00,0.00,0.25,0.25,0.00,0.00,1.50,0.43
début,lemma,0,2,0,0,0,0,0,1,1,0,0,4,0.50,0.00,0.25,0.25,0.00,0.00,0.00,0.00,0.00,0.00,0.00,1.50,0.43
début,word,0,2,0,0,0,0,0,1,1,0,0,4,0.50,0.00,0.25,0.25,0.00,0.00,0.00,0.00,0.00,0.00,0.00,1.50,0.43
nulle,word,0,1,0,0,0,0,0,0,1,0,2,4,0.25,0.00,0.00,0.25,0.00,0.50,0.00,0.00,0.00,0.00,0.00,1.50,0.43
nul,lemma,0,0,1,0,0,0,0,0,1,0,2,4,0.00,0.00,0.00,0.25,0.00,0.50,0.00,0.25,0.00,0.00,0.00,1.50,0.43
nuage,word,0,0,0,0,0,1,0,2,1,0,0,4,0.00,0.00,0.50,0.25,0.00,0.00,0.00,0.00,0.00,0.25,0.00,1.50,0.43
défense,lemma,0,2,0,0,0,0,0,0,0,1,1,4,0.50,0.00,0.00,0.00,0.25,0.25,0.00,0.00,0.00,0.00,0.00,1.50,0.43
cible,lemma,0,0,0,0,2,0,0,0,1,0,1,4,0.00,0.00,0.00,0.25,0.00,0.25,0.00,0.00,0.50,0.00,0.00,1.50,0.43
cible,word,0,0,0,0,2,0,0,0,1,0,1,4,0.00,0.00,0.00,0.25,0.00,0.25,0.00,0.00,0.50,0.00,0.00,1.50,0.43
cinéma,lemma,0,0,0,0,0,0,0,1,1,2,0,4,0.00,0.00,0.25,0.25,0.50,0.00,0.00,0.00,0.00,0.00,0.00,1.50,0.43
nuit,word,0,2,0,0,0,0,0,0,1,0,1,4,0.50,0.00,0.00,0.25,0.00,0.25,0.00,0.00,0.00,0.00,0.00,1.50,0.43
seraient,word,0,2,0,0,0,0,0,0,1,1,0,4,0.50,0.00,0.00,0.25,0.25,0.00,0.00,0.00,0.00,0.00,0.00,1.50,0.43
situer,lemma,0,2,0,0,0,0,0,0,1,0,1,4,0.50,0.00,0.00,0.25,0.00,0.25,0.00,0.00,0.00,0.00,0.00,1.50,0.43
serait,word,0,0,0,0,0,0,0,1,2,1,0,4,0.00,0.00,0.25,0.50,0.25,0.00,0.00,0.00,0.00,0.00,0.00,1.50,0.43
sembler,lemma,0,2,0,0,0,0,0,1,0,0,1,4,0.50,0.00,0.25,0.00,0.00,0.25,0.00,0.00,0.00,0.00,0.00,1.50,0.43
cochons,word,0,1,0,0,0,0,0,0,0,1,2,4,0.25,0.00,0.00,0.00,0.25,0.50,0.00,0.00,0.00,0.00,0.00,1.50,0.43
cochon,lemma,0,1,0,0,0,0,0,0,0,1,2,4,0.25,0.00,0.00,0.00,0.25,0.50,0.00,0.00,0.00,0.00,0.00,1.50,0.43
lieu,word,0,2,0,0,0,0,0,1,0,0,1,4,0.50,0.00,0.25,0.00,0.00,0.25,0.00,0.00,0.00,0.00,0.00,1.50,0.43
lieux,word,0,1,0,0,0,0,0,0,2,1,0,4,0.25,0.00,0.00,0.50,0.25,0.00,0.00,0.00,0.00,0.00,0.00,1.50,0.43
métier,lemma,0,0,0,0,0,1,0,1,0,0,2,4,0.00,0.00,0.25,0.00,0.00,0.50,0.00,0.00,0.00,0.25,0.00,1.50,0.43
musée,lemma,0,0,0,0,0,2,0,1,1,0,0,4,0.00,0.00,0.25,0.25,0.00,0.00,0.00,0.00,0.00,0.50,0.00,1.50,0.43
mots,word,1,0,0,0,0,0,0,2,0,1,0,4,0.00,0.00,0.50,0.00,0.25,0.00,0.25,0.00,0.00,0.00,0.00,1.50,0.43
montre,lemma,0,1,0,2,0,0,0,0,1,0,0,4,0.25,0.50,0.00,0.25,0.00,0.00,0.00,0.00,0.00,0.00,0.00,1.50,0.43
réalise,word,0,0,0,0,0,1,0,2,0,1,0,4,0.00,0.00,0.50,0.00,0.25,0.00,0.00,0.00,0.00,0.25,0.00,1.50,0.43
loin,word,0,2,0,0,0,0,0,0,1,1,0,4,0.50,0.00,0.00,0.25,0.25,0.00,0.00,0.00,0.00,0.00,0.00,1.50,0.43
soldat,lemma,0,1,0,0,0,0,0,0,2,0,1,4,0.25,0.00,0.00,0.50,0.00,0.25,0.00,0.00,0.00,0.00,0.00,1.50,0.43
soldats,word,0,1,0,0,0,0,0,0,2,0,1,4,0.25,0.00,0.00,0.50,0.00,0.25,0.00,0.00,0.00,0.00,0.00,1.50,0.43
ennui,lemma,0,2,0,0,0,0,0,0,1,0,1,4,0.50,0.00,0.00,0.25,0.00,0.25,0.00,0.00,0.00,0.00,0.00,1.50,0.43
minable,word,0,0,1,0,1,0,0,0,0,0,2,4,0.00,0.00,0.00,0.00,0.00,0.50,0.00,0.25,0.25,0.00,0.00,1.50,0.43
effondrée,word,0,0,0,0,0,0,0,0,2,1,1,4,0.00,0.00,0.00,0.50,0.25,0.25,0.00,0.00,0.00,0.00,0.00,1.50,0.43
monstre,lemma,0,2,0,0,0,0,0,1,0,0,1,4,0.50,0.00,0.25,0.00,0.00,0.25,0.00,0.00,0.00,0.00,0.00,1.50,0.43
ridicule,lemma,0,1,0,0,1,0,0,0,2,0,0,4,0.25,0.00,0.00,0.50,0.00,0.00,0.00,0.00,0.25,0.00,0.00,1.50,0.43
enfermer,lemma,0,2,0,0,0,0,0,0,2,0,4,8,0.25,0.00,0.00,0.25,0.00,0.50,0.00,0.00,0.00,0.00,0.00,1.50,0.43
ennuis,word,0,2,0,0,0,0,0,0,1,0,1,4,0.50,0.00,0.00,0.25,0.00,0.25,0.00,0.00,0.00,0.00,0.00,1.50,0.43
rythme,lemma,0,1,0,0,0,0,0,2,1,0,0,4,0.25,0.00,0.50,0.25,0.00,0.00,0.00,0.00,0.00,0.00,0.00,1.50,0.43
reste,lemma,2,0,0,0,0,0,0,0,0,1,1,4,0.00,0.00,0.00,0.00,0.25,0.25,0.50,0.00,0.00,0.00,0.00,1.50,0.43
retenir,lemma,0,0,0,0,1,0,0,0,2,0,1,4,0.00,0.00,0.00,0.50,0.00,0.25,0.00,0.00,0.25,0.00,0.00,1.50,0.43
exactement,word,0,1,0,0,0,1,0,2,0,0,0,4,0.25,0.00,0.50,0.00,0.00,0.00,0.00,0.00,0.00,0.25,0.00,1.50,0.43
olympique,word,0,0,0,0,0,2,0,1,0,0,1,4,0.00,0.00,0.25,0.00,0.00,0.25,0.00,0.00,0.00,0.50,0.00,1.50,0.43
condamné,word,0,2,0,0,0,0,0,0,1,0,1,4,0.50,0.00,0.00,0.25,0.00,0.25,0.00,0.00,0.00,0.00,0.00,1.50,0.43
quartier,lemma,0,1,0,0,0,0,0,0,2,0,1,4,0.25,0.00,0.00,0.50,0.00,0.25,0.00,0.00,0.00,0.00,0.00,1.50,0.43
ose,word,0,1,0,0,2,0,0,0,1,0,0,4,0.25,0.00,0.00,0.25,0.00,0.00,0.00,0.00,0.50,0.00,0.00,1.50,0.43
drapeaux,word,0,1,0,0,0,0,0,1,0,0,2,4,0.25,0.00,0.25,0.00,0.00,0.50,0.00,0.00,0.00,0.00,0.00,1.50,0.43
ouvrir,lemma,0,1,0,0,0,1,0,0,2,0,0,4,0.25,0.00,0.00,0.50,0.00,0.00,0.00,0.00,0.00,0.25,0.00,1.50,0.43
excuses,word,0,1,2,0,1,0,0,0,0,0,0,4,0.25,0.00,0.00,0.00,0.00,0.00,0.00,0.50,0.25,0.00,0.00,1.50,0.43
juive,word,0,2,0,0,0,0,0,0,1,0,1,4,0.50,0.00,0.00,0.25,0.00,0.25,0.00,0.00,0.00,0.00,0.00,1.50,0.43
juger,lemma,0,2,0,0,0,0,0,0,1,0,1,4,0.50,0.00,0.00,0.25,0.00,0.25,0.00,0.00,0.00,0.00,0.00,1.50,0.43
soleil,lemma,0,1,0,0,0,0,0,1,0,0,2,4,0.25,0.00,0.25,0.00,0.00,0.50,0.00,0.00,0.00,0.00,0.00,1.50,0.43
soleil,word,0,1,0,0,0,0,0,1,0,0,2,4,0.25,0.00,0.25,0.00,0.00,0.50,0.00,0.00,0.00,0.00,0.00,1.50,0.43
souci,lemma,0,0,0,0,0,0,0,1,1,0,2,4,0.00,0.00,0.25,0.25,0.00,0.50,0.00,0.00,0.00,0.00,0.00,1.50,0.43
quell,lemma,2,1,0,0,0,0,0,1,0,0,0,4,0.25,0.00,0.25,0.00,0.00,0.00,0.50,0.00,0.00,0.00,0.00,1.50,0.43
punition,word,0,1,0,0,0,0,0,0,2,0,1,4,0.25,0.00,0.00,0.50,0.00,0.25,0.00,0.00,0.00,0.00,0.00,1.50,0.43
punition,lemma,0,1,0,0,0,0,0,0,2,0,1,4,0.25,0.00,0.00,0.50,0.00,0.25,0.00,0.00,0.00,0.00,0.00,1.50,0.43
sortir,word,0,1,0,1,0,0,0,0,2,0,0,4,0.25,0.25,0.00,0.50,0.00,0.00,0.00,0.00,0.00,0.00,0.00,1.50,0.43
stage,lemma,0,0,0,0,0,0,0,2,1,0,1,4,0.00,0.00,0.50,0.25,0.00,0.25,0.00,0.00,0.00,0.00,0.00,1.50,0.43
blessés,word,0,1,0,0,0,0,0,0,2,0,1,4,0.25,0.00,0.00,0.50,0.00,0.25,0.00,0.00,0.00,0.00,0.00,1.50,0.43
billet,lemma,0,2,0,0,0,1,0,1,0,0,0,4,0.50,0.00,0.25,0.00,0.00,0.00,0.00,0.00,0.00,0.25,0.00,1.50,0.43
billets,word,0,2,0,0,0,1,0,1,0,0,0,4,0.50,0.00,0.25,0.00,0.00,0.00,0.00,0.00,0.00,0.25,0.00,1.50,0.43
blessé,lemma,0,1,0,0,0,0,0,0,2,0,1,4,0.25,0.00,0.00,0.50,0.00,0.25,0.00,0.00,0.00,0.00,0.00,1.50,0.43
iran,lemma,0,2,0,0,0,0,0,1,1,0,0,4,0.50,0.00,0.25,0.25,0.00,0.00,0.00,0.00,0.00,0.00,0.00,1.50,0.43
jeter,lemma,0,0,0,0,1,0,0,0,1,0,2,4,0.00,0.00,0.00,0.25,0.00,0.50,0.00,0.00,0.25,0.00,0.00,1.50,0.43
difficultés,word,0,2,0,0,0,0,0,0,1,0,1,4,0.50,0.00,0.00,0.25,0.00,0.25,0.00,0.00,0.00,0.00,0.00,1.50,0.43
devoirs,word,0,2,0,0,0,0,0,1,1,0,0,4,0.50,0.00,0.25,0.25,0.00,0.00,0.00,0.00,0.00,0.00,0.00,1.50,0.43
difficulté,lemma,0,2,0,0,0,0,0,0,1,0,1,4,0.50,0.00,0.00,0.25,0.00,0.25,0.00,0.00,0.00,0.00,0.00,1.50,0.43
dieu,word,1,2,0,0,0,0,0,0,0,0,1,4,0.50,0.00,0.00,0.00,0.00,0.25,0.25,0.00,0.00,0.00,0.00,1.50,0.43
discriminer,lemma,0,2,0,0,1,0,0,0,0,0,1,4,0.50,0.00,0.00,0.00,0.00,0.25,0.00,0.00,0.25,0.00,0.00,1.50,0.43
discriminer,word,0,2,0,0,1,0,0,0,0,0,1,4,0.50,0.00,0.00,0.00,0.00,0.25,0.00,0.00,0.25,0.00,0.00,1.50,0.43
proie,lemma,0,1,0,0,0,0,0,0,2,0,1,4,0.25,0.00,0.00,0.50,0.00,0.25,0.00,0.00,0.00,0.00,0.00,1.50,0.43
préoccupations,word,0,1,0,0,0,0,0,0,1,0,2,4,0.25,0.00,0.00,0.25,0.00,0.50,0.00,0.00,0.00,0.00,0.00,1.50,0.43
prof,lemma,0,2,0,0,1,0,0,0,1,0,0,4,0.50,0.00,0.00,0.25,0.00,0.00,0.00,0.00,0.25,0.00,0.00,1.50,0.43
proie,word,0,1,0,0,0,0,0,0,2,0,1,4,0.25,0.00,0.00,0.50,0.00,0.25,0.00,0.00,0.00,0.00,0.00,1.50,0.43
considérés,word,1,2,0,0,0,0,0,0,1,0,0,4,0.50,0.00,0.00,0.25,0.00,0.00,0.25,0.00,0.00,0.00,0.00,1.50,0.43
dessus,word,0,1,0,0,2,0,0,0,1,0,0,4,0.25,0.00,0.00,0.25,0.00,0.00,0.00,0.00,0.50,0.00,0.00,1.50,0.43
danseurs,word,1,0,0,0,0,1,0,2,0,0,0,4,0.00,0.00,0.50,0.00,0.00,0.00,0.25,0.00,0.00,0.25,0.00,1.50,0.43
puissants,word,1,0,0,0,0,0,0,0,2,1,0,4,0.00,0.00,0.00,0.50,0.25,0.00,0.25,0.00,0.00,0.00,0.00,1.50,0.43
journée,word,0,2,0,0,0,0,0,1,1,0,0,4,0.50,0.00,0.25,0.25,0.00,0.00,0.00,0.00,0.00,0.00,0.00,1.50,0.43
battu,lemma,0,0,0,0,0,1,0,2,0,1,0,4,0.00,0.00,0.50,0.00,0.25,0.00,0.00,0.00,0.00,0.25,0.00,1.50,0.43
joué,word,0,1,0,0,0,1,0,2,0,0,0,4,0.25,0.00,0.50,0.00,0.00,0.00,0.00,0.00,0.00,0.25,0.00,1.50,0.43
facile,word,0,0,0,0,1,0,0,1,0,0,2,4,0.00,0.00,0.25,0.00,0.00,0.50,0.00,0.00,0.25,0.00,0.00,1.50,0.43
facile,lemma,0,0,0,0,1,0,0,1,0,0,2,4,0.00,0.00,0.25,0.00,0.00,0.50,0.00,0.00,0.25,0.00,0.00,1.50,0.43
fai,lemma,0,0,0,1,0,0,0,1,0,2,0,4,0.00,0.25,0.25,0.00,0.50,0.00,0.00,0.00,0.00,0.00,0.00,1.50,0.43
faudrait,word,0,1,0,0,0,0,0,0,1,0,2,4,0.25,0.00,0.00,0.25,0.00,0.50,0.00,0.00,0.00,0.00,0.00,1.50,0.43
baisser,lemma,0,0,0,0,1,0,0,0,2,0,1,4,0.00,0.00,0.00,0.50,0.00,0.25,0.00,0.00,0.25,0.00,0.00,1.50,0.43
excellent,lemma,2,0,0,0,0,1,0,0,0,1,0,4,0.00,0.00,0.00,0.00,0.25,0.00,0.50,0.00,0.00,0.25,0.00,1.50,0.43
joue,lemma,0,0,0,0,1,0,1,0,0,2,0,4,0.00,0.00,0.00,0.00,0.50,0.00,0.00,0.00,0.25,0.00,0.25,1.50,0.43
impressionné,word,2,0,0,0,0,0,0,0,1,1,0,4,0.00,0.00,0.00,0.25,0.25,0.00,0.50,0.00,0.00,0.00,0.00,1.50,0.43
finale,lemma,0,0,0,0,0,1,0,1,0,0,2,4,0.00,0.00,0.25,0.00,0.00,0.50,0.00,0.00,0.00,0.25,0.00,1.50,0.43
ticket,lemma,0,2,0,0,0,0,0,1,0,0,1,4,0.50,0.00,0.25,0.00,0.00,0.25,0.00,0.00,0.00,0.00,0.00,1.50,0.43
terminer,lemma,0,0,0,0,1,0,0,0,1,0,2,4,0.00,0.00,0.00,0.25,0.00,0.50,0.00,0.00,0.25,0.00,0.00,1.50,0.43
finale,word,0,0,0,0,0,1,0,1,0,0,2,4,0.00,0.00,0.25,0.00,0.00,0.50,0.00,0.00,0.00,0.25,0.00,1.50,0.43
finisse,word,0,1,0,0,0,0,0,1,2,0,0,4,0.25,0.00,0.25,0.50,0.00,0.00,0.00,0.00,0.00,0.00,0.00,1.50,0.43
importe,word,0,2,0,1,0,0,0,0,1,0,0,4,0.50,0.25,0.00,0.25,0.00,0.00,0.00,0.00,0.00,0.00,0.00,1.50,0.43
important,word,1,0,0,0,0,2,0,1,0,0,0,4,0.00,0.00,0.25,0.00,0.00,0.00,0.25,0.00,0.00,0.50,0.00,1.50,0.43
positive,word,0,0,0,0,1,0,0,2,0,0,1,4,0.00,0.00,0.50,0.00,0.00,0.25,0.00,0.00,0.25,0.00,0.00,1.50,0.43
participer,lemma,0,0,0,0,0,1,0,2,0,0,1,4,0.00,0.00,0.50,0.00,0.00,0.25,0.00,0.00,0.00,0.25,0.00,1.50,0.43
parvenir,lemma,0,0,0,0,1,0,0,0,2,0,1,4,0.00,0.00,0.00,0.50,0.00,0.25,0.00,0.00,0.25,0.00,0.00,1.50,0.43
poste,word,0,2,0,0,0,0,0,0,1,1,0,4,0.50,0.00,0.00,0.25,0.25,0.00,0.00,0.00,0.00,0.00,0.00,1.50,0.43
cours,lemma,0,1,0,0,1,0,0,0,2,0,0,4,0.25,0.00,0.00,0.50,0.00,0.00,0.00,0.00,0.25,0.00,0.00,1.50,0.43
cours,word,0,1,0,0,1,0,0,0,2,0,0,4,0.25,0.00,0.00,0.50,0.00,0.00,0.00,0.00,0.25,0.00,0.00,1.50,0.43
fin,word,1,2,0,0,0,0,0,0,1,0,0,4,0.50,0.00,0.00,0.25,0.00,0.00,0.25,0.00,0.00,0.00,0.00,1.50,0.43
fin,lemma,1,2,0,0,0,0,0,0,1,0,0,4,0.50,0.00,0.00,0.25,0.00,0.00,0.25,0.00,0.00,0.00,0.00,1.50,0.43
images,word,0,0,0,1,1,0,0,0,0,0,2,4,0.00,0.25,0.00,0.00,0.00,0.50,0.00,0.00,0.25,0.00,0.00,1.50,0.43
assister,lemma,0,0,0,0,0,0,0,1,0,2,1,4,0.00,0.00,0.25,0.00,0.50,0.25,0.00,0.00,0.00,0.00,0.00,1.50,0.43
toit,lemma,0,0,0,0,0,0,0,0,2,1,1,4,0.00,0.00,0.00,0.50,0.25,0.25,0.00,0.00,0.00,0.00,0.00,1.50,0.43
toit,word,0,0,0,0,0,0,0,0,2,1,1,4,0.00,0.00,0.00,0.50,0.25,0.25,0.00,0.00,0.00,0.00,0.00,1.50,0.43
torturer,lemma,0,1,0,0,0,0,0,0,2,0,1,4,0.25,0.00,0.00,0.50,0.00,0.25,0.00,0.00,0.00,0.00,0.00,1.50,0.43
tour,word,0,0,0,0,1,0,0,0,2,1,0,4,0.00,0.00,0.00,0.50,0.25,0.00,0.00,0.00,0.25,0.00,0.00,1.50,0.43
folle,word,0,1,0,0,0,0,0,2,0,1,0,4,0.25,0.00,0.50,0.00,0.25,0.00,0.00,0.00,0.00,0.00,0.00,1.50,0.43
forme,word,0,0,0,0,0,1,0,1,2,0,0,4,0.00,0.00,0.25,0.50,0.00,0.00,0.00,0.00,0.00,0.25,0.00,1.50,0.43
forme,lemma,0,0,0,0,0,1,0,1,2,0,0,4,0.00,0.00,0.25,0.50,0.00,0.00,0.00,0.00,0.00,0.25,0.00,1.50,0.43
forcément,word,0,1,0,0,0,0,0,0,2,0,1,4,0.25,0.00,0.00,0.50,0.00,0.25,0.00,0.00,0.00,0.00,0.00,1.50,0.43
truc,lemma,0,2,0,1,0,0,0,1,0,0,0,4,0.50,0.25,0.25,0.00,0.00,0.00,0.00,0.00,0.00,0.00,0.00,1.50,0.43
vague,lemma,0,1,0,0,0,0,0,0,2,1,0,4,0.25,0.00,0.00,0.50,0.25,0.00,0.00,0.00,0.00,0.00,0.00,1.50,0.43
vexer,lemma,0,1,0,0,1,0,0,0,0,0,2,4,0.25,0.00,0.00,0.00,0.00,0.50,0.00,0.00,0.25,0.00,0.00,1.50,0.43
viennent,word,0,2,0,0,0,0,0,0,1,1,0,4,0.50,0.00,0.00,0.25,0.25,0.00,0.00,0.00,0.00,0.00,0.00,1.50,0.43
top,word,0,0,0,0,0,1,0,1,2,0,0,4,0.00,0.00,0.25,0.50,0.00,0.00,0.00,0.00,0.00,0.25,0.00,1.50,0.43
top,lemma,0,0,0,0,0,1,0,1,2,0,0,4,0.00,0.00,0.25,0.50,0.00,0.00,0.00,0.00,0.00,0.25,0.00,1.50,0.43
frappé,word,0,0,0,0,1,0,0,0,2,0,1,4,0.00,0.00,0.00,0.50,0.00,0.25,0.00,0.00,0.25,0.00,0.00,1.50,0.43
échec,lemma,0,1,0,0,0,0,0,0,0,1,2,4,0.25,0.00,0.00,0.00,0.25,0.50,0.00,0.00,0.00,0.00,0.00,1.50,0.43
écrier,lemma,0,1,0,0,0,0,0,2,0,1,0,4,0.25,0.00,0.50,0.00,0.25,0.00,0.00,0.00,0.00,0.00,0.00,1.50,0.43
frappé,lemma,0,0,0,0,1,0,0,0,2,0,1,4,0.00,0.00,0.00,0.50,0.00,0.25,0.00,0.00,0.25,0.00,0.00,1.50,0.43
émotion,lemma,1,0,0,0,0,0,0,2,0,0,1,4,0.00,0.00,0.50,0.00,0.00,0.25,0.25,0.00,0.00,0.00,0.00,1.50,0.43
émotion,word,1,0,0,0,0,0,0,2,0,0,1,4,0.00,0.00,0.50,0.00,0.00,0.25,0.25,0.00,0.00,0.00,0.00,1.50,0.43
nombreuses,word,1,15,0,0,0,0,0,0,6,1,1,24,0.62,0.00,0.00,0.25,0.04,0.04,0.04,0.00,0.00,0.00,0.00,1.50,0.43
choquante,lemma,0,4,0,0,0,0,0,0,3,7,0,14,0.29,0.00,0.00,0.21,0.50,0.00,0.00,0.00,0.00,0.00,0.00,1.49,0.43
choquantes,word,0,4,0,0,0,0,0,0,3,7,0,14,0.29,0.00,0.00,0.21,0.50,0.00,0.00,0.00,0.00,0.00,0.00,1.49,0.43
perdu,word,0,1,0,0,0,0,0,1,3,0,8,13,0.08,0.00,0.08,0.23,0.00,0.62,0.00,0.00,0.00,0.00,0.00,1.49,0.43
impressionnant,word,3,0,0,0,0,1,0,0,1,8,0,13,0.00,0.00,0.00,0.08,0.62,0.00,0.23,0.00,0.00,0.08,0.00,1.49,0.43
guerre,word,2,7,0,0,0,0,0,1,33,0,7,50,0.14,0.00,0.02,0.66,0.00,0.14,0.04,0.00,0.00,0.00,0.00,1.49,0.43
civile,word,0,2,0,0,0,0,0,0,5,0,3,10,0.20,0.00,0.00,0.50,0.00,0.30,0.00,0.00,0.00,0.00,0.00,1.49,0.43
juifs,word,0,5,0,0,0,0,0,0,2,0,3,10,0.50,0.00,0.00,0.20,0.00,0.30,0.00,0.00,0.00,0.00,0.00,1.49,0.43
harceler,lemma,0,2,0,0,2,0,0,0,1,0,9,14,0.14,0.00,0.00,0.07,0.00,0.64,0.00,0.00,0.14,0.00,0.00,1.48,0.43
maison,lemma,0,0,0,0,0,0,0,3,23,3,7,36,0.00,0.00,0.08,0.64,0.08,0.19,0.00,0.00,0.00,0.00,0.00,1.47,0.42
tuer,word,0,9,0,0,0,0,0,0,4,0,4,17,0.53,0.00,0.00,0.24,0.00,0.24,0.00,0.00,0.00,0.00,0.00,1.47,0.42
terroriste,lemma,0,6,0,0,1,0,0,0,10,0,1,18,0.33,0.00,0.00,0.56,0.00,0.06,0.00,0.00,0.06,0.00,0.00,1.46,0.42
oh,word,0,0,0,0,0,0,0,6,1,10,1,18,0.00,0.00,0.33,0.06,0.56,0.06,0.00,0.00,0.00,0.00,0.00,1.46,0.42
oh,lemma,0,0,0,0,0,0,0,6,1,10,1,18,0.00,0.00,0.33,0.06,0.56,0.06,0.00,0.00,0.00,0.00,0.00,1.46,0.42
terrible,lemma,0,1,0,0,1,0,0,0,10,0,8,20,0.05,0.00,0.00,0.50,0.00,0.40,0.00,0.00,0.05,0.00,0.00,1.46,0.42
éclaté,word,0,3,0,0,0,0,0,2,1,0,0,6,0.50,0.00,0.33,0.17,0.00,0.00,0.00,0.00,0.00,0.00,0.00,1.46,0.42
voiture,word,0,1,0,0,0,0,0,0,2,3,0,6,0.17,0.00,0.00,0.33,0.50,0.00,0.00,0.00,0.00,0.00,0.00,1.46,0.42
émerveiller,lemma,3,0,0,0,0,0,0,2,0,1,0,6,0.00,0.00,0.33,0.00,0.17,0.00,0.50,0.00,0.00,0.00,0.00,1.46,0.42
activité,lemma,0,2,0,0,0,0,0,0,3,0,1,6,0.33,0.00,0.00,0.50,0.00,0.17,0.00,0.00,0.00,0.00,0.00,1.46,0.42
nourriture,word,1,0,0,0,0,0,0,0,3,0,2,6,0.00,0.00,0.00,0.50,0.00,0.33,0.17,0.00,0.00,0.00,0.00,1.46,0.42
remarques,word,0,1,0,0,3,0,0,0,0,0,2,6,0.17,0.00,0.00,0.00,0.00,0.33,0.00,0.00,0.50,0.00,0.00,1.46,0.42
religieux,lemma,0,2,0,0,0,0,0,0,3,1,0,6,0.33,0.00,0.00,0.50,0.17,0.00,0.00,0.00,0.00,0.00,0.00,1.46,0.42
croit,word,0,3,0,0,0,0,0,2,0,1,0,6,0.50,0.00,0.33,0.00,0.17,0.00,0.00,0.00,0.00,0.00,0.00,1.46,0.42
buteur,lemma,1,0,0,0,0,3,0,2,0,0,0,6,0.00,0.00,0.33,0.00,0.00,0.00,0.17,0.00,0.00,0.50,0.00,1.46,0.42
beaux,word,0,0,0,0,0,0,0,3,2,1,0,6,0.00,0.00,0.50,0.33,0.17,0.00,0.00,0.00,0.00,0.00,0.00,1.46,0.42
champion,word,2,0,0,0,0,3,0,1,0,0,0,6,0.00,0.00,0.17,0.00,0.00,0.00,0.33,0.00,0.00,0.50,0.00,1.46,0.42
cas,lemma,0,0,0,0,0,0,0,1,2,3,0,6,0.00,0.00,0.17,0.33,0.50,0.00,0.00,0.00,0.00,0.00,0.00,1.46,0.42
cas,word,0,0,0,0,0,0,0,1,2,3,0,6,0.00,0.00,0.17,0.33,0.50,0.00,0.00,0.00,0.00,0.00,0.00,1.46,0.42
tenter,lemma,0,2,0,0,0,0,0,0,3,0,1,6,0.33,0.00,0.00,0.50,0.00,0.17,0.00,0.00,0.00,0.00,0.00,1.46,0.42
films,word,1,2,0,0,0,0,0,0,0,3,0,6,0.33,0.00,0.00,0.00,0.50,0.00,0.17,0.00,0.00,0.00,0.00,1.46,0.42
remarque,lemma,0,1,0,0,3,0,0,0,0,0,2,6,0.17,0.00,0.00,0.00,0.00,0.33,0.00,0.00,0.50,0.00,0.00,1.46,0.42
quitté,word,0,2,0,0,0,0,0,0,3,0,1,6,0.33,0.00,0.00,0.50,0.00,0.17,0.00,0.00,0.00,0.00,0.00,1.46,0.42
policier,lemma,0,6,0,0,0,0,0,0,4,0,2,12,0.50,0.00,0.00,0.33,0.00,0.17,0.00,0.00,0.00,0.00,0.00,1.46,0.42
raison,lemma,0,0,0,0,0,3,0,0,2,0,1,6,0.00,0.00,0.00,0.33,0.00,0.17,0.00,0.00,0.00,0.50,0.00,1.46,0.42
nourriture,lemma,1,0,0,0,0,0,0,0,3,0,2,6,0.00,0.00,0.00,0.50,0.00,0.33,0.17,0.00,0.00,0.00,0.00,1.46,0.42
mot,word,0,0,0,0,0,1,0,3,0,0,2,6,0.00,0.00,0.50,0.00,0.00,0.33,0.00,0.00,0.00,0.17,0.00,1.46,0.42
chambre,lemma,0,0,0,0,0,0,0,2,1,0,3,6,0.00,0.00,0.33,0.17,0.00,0.50,0.00,0.00,0.00,0.00,0.00,1.46,0.42
volé,word,0,3,2,0,1,0,0,0,0,0,0,6,0.50,0.00,0.00,0.00,0.00,0.00,0.00,0.33,0.17,0.00,0.00,1.46,0.42
embête,lemma,0,2,0,0,1,0,0,0,0,0,3,6,0.33,0.00,0.00,0.00,0.00,0.50,0.00,0.00,0.17,0.00,0.00,1.46,0.42
empêcher,word,0,0,0,0,0,0,0,2,3,0,1,6,0.00,0.00,0.33,0.50,0.00,0.17,0.00,0.00,0.00,0.00,0.00,1.46,0.42
certaines,word,0,3,0,0,0,0,0,0,2,1,0,6,0.50,0.00,0.00,0.33,0.17,0.00,0.00,0.00,0.00,0.00,0.00,1.46,0.42
buteur,word,1,0,0,0,0,3,0,2,0,0,0,6,0.00,0.00,0.33,0.00,0.00,0.00,0.17,0.00,0.00,0.50,0.00,1.46,0.42
mère,word,0,3,0,0,0,0,0,0,0,1,2,6,0.50,0.00,0.00,0.00,0.17,0.33,0.00,0.00,0.00,0.00,0.00,1.46,0.42
événement,lemma,0,0,0,0,0,0,0,3,1,2,0,6,0.00,0.00,0.50,0.17,0.33,0.00,0.00,0.00,0.00,0.00,0.00,1.46,0.42
pd,word,0,3,0,1,2,0,0,0,0,0,0,6,0.50,0.17,0.00,0.00,0.00,0.00,0.00,0.00,0.33,0.00,0.00,1.46,0.42
laisse,word,0,3,0,0,0,0,0,0,1,0,2,6,0.50,0.00,0.00,0.17,0.00,0.33,0.00,0.00,0.00,0.00,0.00,1.46,0.42
l'école,word,0,1,0,0,0,0,0,0,3,0,2,6,0.17,0.00,0.00,0.50,0.00,0.33,0.00,0.00,0.00,0.00,0.00,1.46,0.42
joueur,word,1,0,0,0,0,2,0,3,0,0,0,6,0.00,0.00,0.50,0.00,0.00,0.00,0.17,0.00,0.00,0.33,0.00,1.46,0.42
pd,lemma,0,3,0,1,2,0,0,0,0,0,0,6,0.50,0.17,0.00,0.00,0.00,0.00,0.00,0.00,0.33,0.00,0.00,1.46,0.42
rejetés,word,0,3,0,0,0,0,0,0,1,0,2,6,0.50,0.00,0.00,0.17,0.00,0.33,0.00,0.00,0.00,0.00,0.00,1.46,0.42
comprendre,lemma,0,3,0,0,0,0,0,1,2,0,0,6,0.50,0.00,0.17,0.33,0.00,0.00,0.00,0.00,0.00,0.00,0.00,1.46,0.42
condamner,lemma,0,3,0,0,0,0,0,0,1,0,2,6,0.50,0.00,0.00,0.17,0.00,0.33,0.00,0.00,0.00,0.00,0.00,1.46,0.42
ministre,word,0,3,0,0,0,0,0,1,2,0,0,6,0.50,0.00,0.17,0.33,0.00,0.00,0.00,0.00,0.00,0.00,0.00,1.46,0.42
eau,word,0,1,0,0,0,0,0,0,3,0,2,6,0.17,0.00,0.00,0.50,0.00,0.33,0.00,0.00,0.00,0.00,0.00,1.46,0.42
catastrophe,word,0,0,0,0,0,0,0,0,3,1,2,6,0.00,0.00,0.00,0.50,0.17,0.33,0.00,0.00,0.00,0.00,0.00,1.46,0.42
battu,word,0,0,0,0,0,2,0,3,0,1,0,6,0.00,0.00,0.50,0.00,0.17,0.00,0.00,0.00,0.00,0.33,0.00,1.46,0.42
morts,word,0,3,0,0,0,0,0,0,3,0,7,13,0.23,0.00,0.00,0.23,0.00,0.54,0.00,0.00,0.00,0.00,0.00,1.46,0.42
insultes,word,0,2,0,0,14,0,0,1,1,0,2,20,0.10,0.00,0.05,0.05,0.00,0.10,0.00,0.00,0.70,0.00,0.00,1.46,0.42
violences,word,0,9,0,0,0,0,0,0,15,0,5,29,0.31,0.00,0.00,0.52,0.00,0.17,0.00,0.00,0.00,0.00,0.00,1.45,0.42
grosse,word,0,10,0,5,0,1,0,0,0,0,1,17,0.59,0.29,0.00,0.00,0.00,0.06,0.00,0.00,0.00,0.06,0.00,1.45,0.42
droit,lemma,0,10,0,0,0,1,0,5,1,0,0,17,0.59,0.00,0.29,0.06,0.00,0.00,0.00,0.00,0.00,0.06,0.00,1.45,0.42
oscar,lemma,1,0,0,0,0,3,0,3,0,0,0,7,0.00,0.00,0.43,0.00,0.00,0.00,0.14,0.00,0.00,0.43,0.00,1.45,0.42
feu,lemma,0,3,0,0,0,1,0,0,3,0,0,7,0.43,0.00,0.00,0.43,0.00,0.00,0.00,0.00,0.00,0.14,0.00,1.45,0.42
feu,word,0,3,0,0,0,1,0,0,3,0,0,7,0.43,0.00,0.00,0.43,0.00,0.00,0.00,0.00,0.00,0.14,0.00,1.45,0.42
s'est,word,0,0,0,0,0,0,0,3,0,1,3,7,0.00,0.00,0.43,0.00,0.14,0.43,0.00,0.00,0.00,0.00,0.00,1.45,0.42
champs,word,0,3,0,0,0,0,0,0,3,0,1,7,0.43,0.00,0.00,0.43,0.00,0.14,0.00,0.00,0.00,0.00,0.00,1.45,0.42
centaine,lemma,0,3,0,0,0,0,0,0,0,1,3,7,0.43,0.00,0.00,0.00,0.14,0.43,0.00,0.00,0.00,0.00,0.00,1.45,0.42
gagne,word,0,1,0,0,0,3,0,3,0,0,0,7,0.14,0.00,0.43,0.00,0.00,0.00,0.00,0.00,0.00,0.43,0.00,1.45,0.42
mariage,word,0,0,0,0,0,1,0,6,0,1,1,9,0.00,0.00,0.67,0.00,0.11,0.11,0.00,0.00,0.00,0.11,0.00,1.45,0.42
occuper,lemma,0,6,0,1,0,0,0,1,0,0,1,9,0.67,0.11,0.11,0.00,0.00,0.11,0.00,0.00,0.00,0.00,0.00,1.45,0.42
prend,word,0,6,0,0,1,0,0,0,1,0,1,9,0.67,0.00,0.00,0.11,0.00,0.11,0.00,0.00,0.11,0.00,0.00,1.45,0.42
acte,lemma,0,5,0,0,0,0,0,0,2,0,2,9,0.56,0.00,0.00,0.22,0.00,0.22,0.00,0.00,0.00,0.00,0.00,1.44,0.41
village,lemma,0,3,0,0,0,0,0,0,6,0,2,11,0.27,0.00,0.00,0.55,0.00,0.18,0.00,0.00,0.00,0.00,0.00,1.44,0.41
rejeter,lemma,0,3,0,0,0,0,0,0,2,0,6,11,0.27,0.00,0.00,0.18,0.00,0.55,0.00,0.00,0.00,0.00,0.00,1.44,0.41
problèmes,word,0,7,0,0,0,0,0,0,2,0,4,13,0.54,0.00,0.00,0.15,0.00,0.31,0.00,0.00,0.00,0.00,0.00,1.42,0.41
cher,lemma,0,8,0,0,0,1,0,0,2,0,1,12,0.67,0.00,0.00,0.17,0.00,0.08,0.00,0.00,0.00,0.08,0.00,1.42,0.41
violent,lemma,0,14,0,1,0,0,0,0,17,0,2,34,0.41,0.03,0.00,0.50,0.00,0.06,0.00,0.00,0.00,0.00,0.00,1.42,0.41
perdre,lemma,0,1,0,0,0,0,0,1,12,0,9,23,0.04,0.00,0.04,0.52,0.00,0.39,0.00,0.00,0.00,0.00,0.00,1.41,0.41
espionner,lemma,0,4,0,0,0,0,0,0,3,1,0,8,0.50,0.00,0.00,0.38,0.12,0.00,0.00,0.00,0.00,0.00,0.00,1.41,0.41
dormir,word,0,0,0,0,0,0,0,1,3,0,4,8,0.00,0.00,0.12,0.38,0.00,0.50,0.00,0.00,0.00,0.00,0.00,1.41,0.41
joueur,lemma,1,0,0,0,0,3,0,4,0,0,0,8,0.00,0.00,0.50,0.00,0.00,0.00,0.12,0.00,0.00,0.38,0.00,1.41,0.41
pourrait,word,0,0,0,0,0,0,0,0,4,3,1,8,0.00,0.00,0.00,0.50,0.38,0.12,0.00,0.00,0.00,0.00,0.00,1.41,0.41
soient,word,0,3,0,0,0,0,0,1,4,0,0,8,0.38,0.00,0.12,0.50,0.00,0.00,0.00,0.00,0.00,0.00,0.00,1.41,0.41
brûler,lemma,0,3,0,0,0,0,0,0,4,0,1,8,0.38,0.00,0.00,0.50,0.00,0.12,0.00,0.00,0.00,0.00,0.00,1.41,0.41
obtenir,lemma,0,0,0,0,0,3,0,4,0,1,0,8,0.00,0.00,0.50,0.00,0.12,0.00,0.00,0.00,0.00,0.38,0.00,1.41,0.41
meilleure,word,0,1,0,0,0,3,0,4,0,0,0,8,0.12,0.00,0.50,0.00,0.00,0.00,0.00,0.00,0.00,0.38,0.00,1.41,0.41
champ,lemma,0,3,0,0,0,0,0,0,4,0,1,8,0.38,0.00,0.00,0.50,0.00,0.12,0.00,0.00,0.00,0.00,0.00,1.41,0.41
remettre,lemma,0,3,0,0,0,0,0,0,4,0,1,8,0.38,0.00,0.00,0.50,0.00,0.12,0.00,0.00,0.00,0.00,0.00,1.41,0.41
état,word,1,12,0,0,0,0,0,0,3,0,2,18,0.67,0.00,0.00,0.17,0.00,0.11,0.06,0.00,0.00,0.00,0.00,1.40,0.41
état,lemma,1,12,0,0,0,0,0,0,3,0,2,18,0.67,0.00,0.00,0.17,0.00,0.11,0.06,0.00,0.00,0.00,0.00,1.40,0.41
horrible,lemma,0,0,0,2,0,0,0,0,8,0,7,17,0.00,0.12,0.00,0.47,0.00,0.41,0.00,0.00,0.00,0.00,0.00,1.40,0.41
personn,lemma,0,4,0,0,0,1,0,0,0,0,4,9,0.44,0.00,0.00,0.00,0.00,0.44,0.00,0.00,0.00,0.11,0.00,1.39,0.40
forcer,lemma,0,4,0,0,0,0,0,0,1,0,4,9,0.44,0.00,0.00,0.11,0.00,0.44,0.00,0.00,0.00,0.00,0.00,1.39,0.40
championne,word,0,0,0,0,0,4,0,4,0,0,1,9,0.00,0.00,0.44,0.00,0.00,0.11,0.00,0.00,0.00,0.44,0.00,1.39,0.40
policiers,word,0,4,0,0,0,0,0,0,4,0,1,9,0.44,0.00,0.00,0.44,0.00,0.11,0.00,0.00,0.00,0.00,0.00,1.39,0.40
cool,lemma,4,1,0,0,0,0,0,0,0,2,0,7,0.14,0.00,0.00,0.00,0.29,0.00,0.57,0.00,0.00,0.00,0.00,1.38,0.40
bonbons,word,1,0,0,0,0,0,0,4,0,2,0,7,0.00,0.00,0.57,0.00,0.29,0.00,0.14,0.00,0.00,0.00,0.00,1.38,0.40
bonbon,lemma,1,0,0,0,0,0,0,4,0,2,0,7,0.00,0.00,0.57,0.00,0.29,0.00,0.14,0.00,0.00,0.00,0.00,1.38,0.40
passé,word,0,0,0,0,0,0,0,1,4,0,2,7,0.00,0.00,0.14,0.57,0.00,0.29,0.00,0.00,0.00,0.00,0.00,1.38,0.40
accident,word,0,2,0,0,0,0,0,0,4,0,1,7,0.29,0.00,0.00,0.57,0.00,0.14,0.00,0.00,0.00,0.00,0.00,1.38,0.40
laisse,lemma,0,4,0,0,0,0,0,0,1,0,2,7,0.57,0.00,0.00,0.14,0.00,0.29,0.00,0.00,0.00,0.00,0.00,1.38,0.40
passe,word,0,0,0,0,0,0,0,1,4,2,0,7,0.00,0.00,0.14,0.57,0.29,0.00,0.00,0.00,0.00,0.00,0.00,1.38,0.40
terre,word,0,0,0,0,0,0,0,0,4,1,2,7,0.00,0.00,0.00,0.57,0.14,0.29,0.00,0.00,0.00,0.00,0.00,1.38,0.40
cool,word,4,1,0,0,0,0,0,0,0,2,0,7,0.14,0.00,0.00,0.00,0.29,0.00,0.57,0.00,0.00,0.00,0.00,1.38,0.40
train,word,0,0,0,0,2,0,0,0,1,0,4,7,0.00,0.00,0.00,0.14,0.00,0.57,0.00,0.00,0.29,0.00,0.00,1.38,0.40
fêter,word,0,0,0,0,0,1,0,4,0,2,0,7,0.00,0.00,0.57,0.00,0.29,0.00,0.00,0.00,0.00,0.14,0.00,1.38,0.40
aider,lemma,0,4,0,0,0,0,0,2,1,0,0,7,0.57,0.00,0.29,0.14,0.00,0.00,0.00,0.00,0.00,0.00,0.00,1.38,0.40
regarde,word,1,4,0,0,0,0,0,2,0,0,0,7,0.57,0.00,0.29,0.00,0.00,0.00,0.14,0.00,0.00,0.00,0.00,1.38,0.40
fêter,lemma,0,0,0,0,0,1,0,4,0,2,0,7,0.00,0.00,0.57,0.00,0.29,0.00,0.00,0.00,0.00,0.14,0.00,1.38,0.40
retrouvés,word,0,2,0,0,0,0,0,0,1,0,4,7,0.29,0.00,0.00,0.14,0.00,0.57,0.00,0.00,0.00,0.00,0.00,1.38,0.40
éclater,lemma,0,4,0,0,0,0,0,2,1,0,0,7,0.57,0.00,0.29,0.14,0.00,0.00,0.00,0.00,0.00,0.00,0.00,1.38,0.40
ami,word,1,0,0,0,0,0,0,1,0,0,3,5,0.00,0.00,0.20,0.00,0.00,0.60,0.20,0.00,0.00,0.00,0.00,1.37,0.40
peut-être,word,0,0,1,0,0,0,0,0,3,0,1,5,0.00,0.00,0.00,0.60,0.00,0.20,0.00,0.20,0.00,0.00,0.00,1.37,0.40
match,lemma,0,0,0,0,0,1,0,3,0,0,1,5,0.00,0.00,0.60,0.00,0.00,0.20,0.00,0.00,0.00,0.20,0.00,1.37,0.40
homophobe,lemma,0,1,0,0,3,0,0,0,1,0,0,5,0.20,0.00,0.00,0.20,0.00,0.00,0.00,0.00,0.60,0.00,0.00,1.37,0.40
novembre,lemma,1,0,0,0,0,0,0,0,3,0,1,5,0.00,0.00,0.00,0.60,0.00,0.20,0.20,0.00,0.00,0.00,0.00,1.37,0.40
embête,word,0,1,0,0,1,0,0,0,0,0,3,5,0.20,0.00,0.00,0.00,0.00,0.60,0.00,0.00,0.20,0.00,0.00,1.37,0.40
logement,lemma,0,1,0,0,0,0,0,0,1,0,3,5,0.20,0.00,0.00,0.20,0.00,0.60,0.00,0.00,0.00,0.00,0.00,1.37,0.40
million,word,0,0,0,0,0,0,0,3,1,1,0,5,0.00,0.00,0.60,0.20,0.20,0.00,0.00,0.00,0.00,0.00,0.00,1.37,0.40
envers,lemma,0,3,0,0,0,0,0,0,1,1,0,5,0.60,0.00,0.00,0.20,0.20,0.00,0.00,0.00,0.00,0.00,0.00,1.37,0.40
partout,lemma,0,0,0,0,0,1,0,3,0,0,1,5,0.00,0.00,0.60,0.00,0.00,0.20,0.00,0.00,0.00,0.20,0.00,1.37,0.40
appartement,lemma,0,0,0,1,0,0,0,0,3,0,1,5,0.00,0.20,0.00,0.60,0.00,0.20,0.00,0.00,0.00,0.00,0.00,1.37,0.40
papa,lemma,0,0,0,0,0,0,0,1,1,0,3,5,0.00,0.00,0.20,0.20,0.00,0.60,0.00,0.00,0.00,0.00,0.00,1.37,0.40
partout,word,0,0,0,0,0,1,0,3,0,0,1,5,0.00,0.00,0.60,0.00,0.00,0.20,0.00,0.00,0.00,0.20,0.00,1.37,0.40
excuse,lemma,0,1,3,0,1,0,0,0,0,0,0,5,0.20,0.00,0.00,0.00,0.00,0.00,0.00,0.60,0.20,0.00,0.00,1.37,0.40
européenne,word,0,3,0,0,0,0,0,0,1,0,1,5,0.60,0.00,0.00,0.20,0.00,0.20,0.00,0.00,0.00,0.00,0.00,1.37,0.40
drapeau,lemma,0,1,0,0,0,0,0,1,0,0,3,5,0.20,0.00,0.20,0.00,0.00,0.60,0.00,0.00,0.00,0.00,0.00,1.37,0.40
envers,word,0,3,0,0,0,0,0,0,1,1,0,5,0.60,0.00,0.00,0.20,0.20,0.00,0.00,0.00,0.00,0.00,0.00,1.37,0.40
papa,word,0,0,0,0,0,0,0,1,1,0,3,5,0.00,0.00,0.20,0.20,0.00,0.60,0.00,0.00,0.00,0.00,0.00,1.37,0.40
raison,word,0,0,0,0,0,3,0,0,1,0,1,5,0.00,0.00,0.00,0.20,0.00,0.20,0.00,0.00,0.00,0.60,0.00,1.37,0.40
comprendre,word,0,3,0,0,0,0,0,1,1,0,0,5,0.60,0.00,0.20,0.20,0.00,0.00,0.00,0.00,0.00,0.00,0.00,1.37,0.40
positif,lemma,0,0,0,0,1,0,0,3,0,0,1,5,0.00,0.00,0.60,0.00,0.00,0.20,0.00,0.00,0.20,0.00,0.00,1.37,0.40
bonnes,word,0,3,0,0,0,0,0,1,1,0,0,5,0.60,0.00,0.20,0.20,0.00,0.00,0.00,0.00,0.00,0.00,0.00,1.37,0.40
sévère,lemma,0,1,0,0,0,0,0,0,3,0,1,5,0.20,0.00,0.00,0.60,0.00,0.20,0.00,0.00,0.00,0.00,0.00,1.37,0.40
spectacle,lemma,0,1,0,0,0,0,0,3,1,0,0,5,0.20,0.00,0.60,0.20,0.00,0.00,0.00,0.00,0.00,0.00,0.00,1.37,0.40
bravo,word,1,1,0,0,0,3,0,0,0,0,0,5,0.20,0.00,0.00,0.00,0.00,0.00,0.20,0.00,0.00,0.60,0.00,1.37,0.40
bravo,lemma,1,1,0,0,0,3,0,0,0,0,0,5,0.20,0.00,0.00,0.00,0.00,0.00,0.20,0.00,0.00,0.60,0.00,1.37,0.40
véhicule,word,0,1,0,1,0,0,0,0,3,0,0,5,0.20,0.20,0.00,0.60,0.00,0.00,0.00,0.00,0.00,0.00,0.00,1.37,0.40
résultats,word,0,3,0,0,0,0,0,1,0,0,1,5,0.60,0.00,0.20,0.00,0.00,0.20,0.00,0.00,0.00,0.00,0.00,1.37,0.40
chassés,word,0,1,0,0,0,0,0,0,3,0,1,5,0.20,0.00,0.00,0.60,0.00,0.20,0.00,0.00,0.00,0.00,0.00,1.37,0.40
importer,lemma,0,3,0,1,0,0,0,0,1,0,0,5,0.60,0.20,0.00,0.20,0.00,0.00,0.00,0.00,0.00,0.00,0.00,1.37,0.40
reconnaître,lemma,0,3,0,0,0,1,0,1,0,0,0,5,0.60,0.00,0.20,0.00,0.00,0.00,0.00,0.00,0.00,0.20,0.00,1.37,0.40
rage,word,0,1,0,0,0,0,0,0,3,0,1,5,0.20,0.00,0.00,0.60,0.00,0.20,0.00,0.00,0.00,0.00,0.00,1.37,0.40
rage,lemma,0,1,0,0,0,0,0,0,3,0,1,5,0.20,0.00,0.00,0.60,0.00,0.20,0.00,0.00,0.00,0.00,0.00,1.37,0.40
interdire,lemma,0,3,0,0,0,0,0,0,1,0,1,5,0.60,0.00,0.00,0.20,0.00,0.20,0.00,0.00,0.00,0.00,0.00,1.37,0.40
postes,word,0,3,0,0,0,0,0,0,1,0,1,5,0.60,0.00,0.00,0.20,0.00,0.20,0.00,0.00,0.00,0.00,0.00,1.37,0.40
produire,lemma,1,0,0,0,0,0,0,0,3,1,0,5,0.00,0.00,0.00,0.60,0.20,0.00,0.20,0.00,0.00,0.00,0.00,1.37,0.40
préoccupation,lemma,0,1,0,0,0,0,0,0,1,0,3,5,0.20,0.00,0.00,0.20,0.00,0.60,0.00,0.00,0.00,0.00,0.00,1.37,0.40
subir,word,0,1,0,0,0,0,0,0,1,0,3,5,0.20,0.00,0.00,0.20,0.00,0.60,0.00,0.00,0.00,0.00,0.00,1.37,0.40
blagu,lemma,0,3,0,1,0,0,0,0,0,1,0,5,0.60,0.20,0.00,0.00,0.20,0.00,0.00,0.00,0.00,0.00,0.00,1.37,0.40
attaques,word,0,2,0,0,0,0,0,0,6,0,2,10,0.20,0.00,0.00,0.60,0.00,0.20,0.00,0.00,0.00,0.00,0.00,1.37,0.40
cadeau,word,0,1,0,0,0,0,0,3,0,1,0,5,0.20,0.00,0.60,0.00,0.20,0.00,0.00,0.00,0.00,0.00,0.00,1.37,0.40
avai,lemma,0,0,0,0,1,3,0,1,0,0,0,5,0.00,0.00,0.20,0.00,0.00,0.00,0.00,0.00,0.20,0.60,0.00,1.37,0.40
maltraités,word,0,0,0,0,0,0,0,0,1,1,3,5,0.00,0.00,0.00,0.20,0.20,0.60,0.00,0.00,0.00,0.00,0.00,1.37,0.40
véhicule,lemma,0,1,0,1,0,0,0,0,3,0,0,5,0.20,0.20,0.00,0.60,0.00,0.00,0.00,0.00,0.00,0.00,0.00,1.37,0.40
garder,lemma,0,3,0,0,0,0,0,1,1,0,0,5,0.60,0.00,0.20,0.20,0.00,0.00,0.00,0.00,0.00,0.00,0.00,1.37,0.40
moments,word,0,0,0,0,0,0,0,3,1,0,1,5,0.00,0.00,0.60,0.20,0.00,0.20,0.00,0.00,0.00,0.00,0.00,1.37,0.40
là-bas,word,0,1,0,0,0,0,0,0,3,0,1,5,0.20,0.00,0.00,0.60,0.00,0.20,0.00,0.00,0.00,0.00,0.00,1.37,0.40
moquer,word,0,0,0,1,3,0,0,0,1,0,0,5,0.00,0.20,0.00,0.20,0.00,0.00,0.00,0.00,0.60,0.00,0.00,1.37,0.40
novembre,word,1,0,0,0,0,0,0,0,3,0,1,5,0.00,0.00,0.00,0.60,0.00,0.20,0.20,0.00,0.00,0.00,0.00,1.37,0.40
gagné,word,1,0,0,0,0,8,0,14,0,1,0,24,0.00,0.00,0.58,0.00,0.04,0.00,0.04,0.00,0.00,0.33,0.00,1.36,0.39
fortement,lemma,0,5,0,0,0,0,0,0,4,0,1,10,0.50,0.00,0.00,0.40,0.00,0.10,0.00,0.00,0.00,0.00,0.00,1.36,0.39
punir,lemma,0,5,0,0,0,0,0,0,4,0,1,10,0.50,0.00,0.00,0.40,0.00,0.10,0.00,0.00,0.00,0.00,0.00,1.36,0.39
fortement,word,0,5,0,0,0,0,0,0,4,0,1,10,0.50,0.00,0.00,0.40,0.00,0.10,0.00,0.00,0.00,0.00,0.00,1.36,0.39
tués,word,0,1,0,0,0,0,0,0,5,0,4,10,0.10,0.00,0.00,0.50,0.00,0.40,0.00,0.00,0.00,0.00,0.00,1.36,0.39
moitié,word,0,1,0,0,0,0,0,0,4,0,5,10,0.10,0.00,0.00,0.40,0.00,0.50,0.00,0.00,0.00,0.00,0.00,1.36,0.39
moitié,lemma,0,1,0,0,0,0,0,0,4,0,5,10,0.10,0.00,0.00,0.40,0.00,0.50,0.00,0.00,0.00,0.00,0.00,1.36,0.39
amour,word,0,0,0,1,0,1,0,7,0,1,0,10,0.00,0.10,0.70,0.00,0.10,0.00,0.00,0.00,0.00,0.10,0.00,1.36,0.39
femmes,word,0,9,0,0,0,1,0,1,0,2,0,13,0.69,0.00,0.08,0.00,0.15,0.00,0.00,0.00,0.00,0.08,0.00,1.35,0.39
partir,lemma,0,0,0,0,0,0,0,1,3,0,5,9,0.00,0.00,0.11,0.33,0.00,0.56,0.00,0.00,0.00,0.00,0.00,1.35,0.39
aise,lemma,0,0,0,0,5,0,0,3,1,0,0,9,0.00,0.00,0.33,0.11,0.00,0.00,0.00,0.00,0.56,0.00,0.00,1.35,0.39
rues,word,0,5,0,0,0,0,0,3,0,1,0,9,0.56,0.00,0.33,0.00,0.11,0.00,0.00,0.00,0.00,0.00,0.00,1.35,0.39
jusqu,word,1,0,0,0,0,0,0,3,0,5,0,9,0.00,0.00,0.33,0.00,0.56,0.00,0.11,0.00,0.00,0.00,0.00,1.35,0.39
territoire,lemma,0,3,0,0,0,0,0,0,5,0,1,9,0.33,0.00,0.00,0.56,0.00,0.11,0.00,0.00,0.00,0.00,0.00,1.35,0.39
spectaculaire,word,5,0,0,0,0,1,0,0,0,3,0,9,0.00,0.00,0.00,0.00,0.33,0.00,0.56,0.00,0.00,0.11,0.00,1.35,0.39
obliger,lemma,0,3,0,0,1,0,0,0,5,0,0,9,0.33,0.00,0.00,0.56,0.00,0.00,0.00,0.00,0.11,0.00,0.00,1.35,0.39
spectaculaire,lemma,5,0,0,0,0,1,0,0,0,3,0,9,0.00,0.00,0.00,0.00,0.33,0.00,0.56,0.00,0.00,0.11,0.00,1.35,0.39
villes,word,0,5,0,0,0,0,0,0,3,1,0,9,0.56,0.00,0.00,0.33,0.11,0.00,0.00,0.00,0.00,0.00,0.00,1.35,0.39
médaille,word,0,0,0,0,0,5,0,5,0,0,1,11,0.00,0.00,0.45,0.00,0.00,0.09,0.00,0.00,0.00,0.45,0.00,1.35,0.39
droit,word,0,5,0,0,0,1,0,5,0,0,0,11,0.45,0.00,0.45,0.00,0.00,0.00,0.00,0.00,0.00,0.09,0.00,1.35,0.39
dur,word,0,3,0,0,2,0,0,0,0,0,8,13,0.23,0.00,0.00,0.00,0.00,0.62,0.00,0.00,0.15,0.00,0.00,1.33,0.39
défendre,lemma,0,6,0,0,0,0,0,0,4,0,1,11,0.55,0.00,0.00,0.36,0.00,0.09,0.00,0.00,0.00,0.00,0.00,1.32,0.38
merci,lemma,0,1,0,0,0,4,0,6,0,0,0,11,0.09,0.00,0.55,0.00,0.00,0.00,0.00,0.00,0.00,0.36,0.00,1.32,0.38
new,lemma,0,6,0,0,0,1,0,4,0,0,0,11,0.55,0.00,0.36,0.00,0.00,0.00,0.00,0.00,0.00,0.09,0.00,1.32,0.38
pleuré,word,0,0,0,0,0,0,0,1,4,0,6,11,0.00,0.00,0.09,0.36,0.00,0.55,0.00,0.00,0.00,0.00,0.00,1.32,0.38
merci,word,0,1,0,0,0,4,0,6,0,0,0,11,0.09,0.00,0.55,0.00,0.00,0.00,0.00,0.00,0.00,0.36,0.00,1.32,0.38
défendre,word,0,6,0,0,0,0,0,0,4,0,1,11,0.55,0.00,0.00,0.36,0.00,0.09,0.00,0.00,0.00,0.00,0.00,1.32,0.38
bonne,word,0,0,0,0,0,2,0,12,0,1,2,17,0.00,0.00,0.71,0.00,0.06,0.12,0.00,0.00,0.00,0.12,0.00,1.32,0.38
…,punctuation,2,9,0,0,25,0,1,3,11,229,19,299,0.03,0.00,0.01,0.04,0.77,0.06,0.01,0.00,0.08,0.00,0.00,1.32,0.38
lois,word,0,5,0,0,0,0,0,0,2,0,1,8,0.62,0.00,0.00,0.25,0.00,0.12,0.00,0.00,0.00,0.00,0.00,1.30,0.38
musulmans,word,0,5,0,0,0,0,0,0,2,0,1,8,0.62,0.00,0.00,0.25,0.00,0.12,0.00,0.00,0.00,0.00,0.00,1.30,0.38
environnement,word,0,5,0,0,0,0,0,0,2,0,1,8,0.62,0.00,0.00,0.25,0.00,0.12,0.00,0.00,0.00,0.00,0.00,1.30,0.38
aise,word,0,0,0,0,5,0,0,2,1,0,0,8,0.00,0.00,0.25,0.12,0.00,0.00,0.00,0.00,0.62,0.00,0.00,1.30,0.38
alvin,lemma,0,0,0,0,0,2,0,5,0,0,1,8,0.00,0.00,0.62,0.00,0.00,0.12,0.00,0.00,0.00,0.25,0.00,1.30,0.38
exceptionnel,lemma,2,0,0,0,0,0,0,1,0,5,0,8,0.00,0.00,0.12,0.00,0.62,0.00,0.25,0.00,0.00,0.00,0.00,1.30,0.38
eau,lemma,0,1,0,0,0,0,0,0,5,0,2,8,0.12,0.00,0.00,0.62,0.00,0.25,0.00,0.00,0.00,0.00,0.00,1.30,0.38
alvin,word,0,0,0,0,0,2,0,5,0,0,1,8,0.00,0.00,0.62,0.00,0.00,0.12,0.00,0.00,0.00,0.25,0.00,1.30,0.38
moment,word,0,2,0,0,0,0,0,5,0,1,0,8,0.25,0.00,0.62,0.00,0.12,0.00,0.00,0.00,0.00,0.00,0.00,1.30,0.38
meurent,word,0,1,0,0,0,0,0,0,5,0,2,8,0.12,0.00,0.00,0.62,0.00,0.25,0.00,0.00,0.00,0.00,0.00,1.30,0.38
t'es,word,0,5,0,2,0,0,0,0,0,0,1,8,0.62,0.25,0.00,0.00,0.00,0.12,0.00,0.00,0.00,0.00,0.00,1.30,0.38
environnement,lemma,0,5,0,0,0,0,0,0,2,0,1,8,0.62,0.00,0.00,0.25,0.00,0.12,0.00,0.00,0.00,0.00,0.00,1.30,0.38
persécutés,word,0,1,0,0,0,0,0,0,5,0,2,8,0.12,0.00,0.00,0.62,0.00,0.25,0.00,0.00,0.00,0.00,0.00,1.30,0.38
ailey,lemma,0,0,0,0,0,2,0,5,0,0,1,8,0.00,0.00,0.62,0.00,0.00,0.12,0.00,0.00,0.00,0.25,0.00,1.30,0.38
ailey,word,0,0,0,0,0,2,0,5,0,0,1,8,0.00,0.00,0.62,0.00,0.00,0.12,0.00,0.00,0.00,0.25,0.00,1.30,0.38
horrible,word,0,0,0,1,0,0,0,0,7,0,6,14,0.00,0.07,0.00,0.50,0.00,0.43,0.00,0.00,0.00,0.00,0.00,1.30,0.37
meilleur,word,1,0,0,0,0,7,0,5,0,0,0,13,0.00,0.00,0.38,0.00,0.00,0.00,0.08,0.00,0.00,0.54,0.00,1.30,0.37
humain,lemma,0,0,0,0,0,0,0,1,6,0,3,10,0.00,0.00,0.10,0.60,0.00,0.30,0.00,0.00,0.00,0.00,0.00,1.30,0.37
catastrophe,lemma,0,0,0,0,0,0,0,0,6,1,3,10,0.00,0.00,0.00,0.60,0.10,0.30,0.00,0.00,0.00,0.00,0.00,1.30,0.37
impressionnant,lemma,6,0,0,0,0,0,0,0,1,3,0,10,0.00,0.00,0.00,0.10,0.30,0.00,0.60,0.00,0.00,0.00,0.00,1.30,0.37
renvoyer,lemma,0,1,0,0,0,0,0,0,6,0,3,10,0.10,0.00,0.00,0.60,0.00,0.30,0.00,0.00,0.00,0.00,0.00,1.30,0.37
voisin,word,0,3,0,1,0,0,0,0,6,0,0,10,0.30,0.10,0.00,0.60,0.00,0.00,0.00,0.00,0.00,0.00,0.00,1.30,0.37
militaires,word,0,3,0,0,0,1,0,0,6,0,0,10,0.30,0.00,0.00,0.60,0.00,0.00,0.00,0.00,0.00,0.10,0.00,1.30,0.37
militaire,lemma,0,3,0,0,0,1,0,0,6,0,0,10,0.30,0.00,0.00,0.60,0.00,0.00,0.00,0.00,0.00,0.10,0.00,1.30,0.37
responsables,word,0,6,0,0,0,0,0,0,3,0,1,10,0.60,0.00,0.00,0.30,0.00,0.10,0.00,0.00,0.00,0.00,0.00,1.30,0.37
soit,word,0,3,0,0,0,0,0,1,6,0,0,10,0.30,0.00,0.10,0.60,0.00,0.00,0.00,0.00,0.00,0.00,0.00,1.30,0.37
sexuel,lemma,0,0,0,0,1,0,0,0,6,0,3,10,0.00,0.00,0.00,0.60,0.00,0.30,0.00,0.00,0.10,0.00,0.00,1.30,0.37
persécuter,lemma,0,2,0,0,0,0,0,0,9,0,3,14,0.14,0.00,0.00,0.64,0.00,0.21,0.00,0.00,0.00,0.00,0.00,1.29,0.37
attaqué,word,0,7,0,0,0,0,0,0,4,0,1,12,0.58,0.00,0.00,0.33,0.00,0.08,0.00,0.00,0.00,0.00,0.00,1.28,0.37
drôle,word,0,2,0,0,0,0,0,16,0,29,1,48,0.04,0.00,0.33,0.00,0.60,0.02,0.00,0.00,0.00,0.00,0.00,1.27,0.37
santé,word,0,6,0,0,0,0,0,0,8,0,1,15,0.40,0.00,0.00,0.53,0.00,0.07,0.00,0.00,0.00,0.00,0.00,1.27,0.37
santé,lemma,0,6,0,0,0,0,0,0,8,0,1,15,0.40,0.00,0.00,0.53,0.00,0.07,0.00,0.00,0.00,0.00,0.00,1.27,0.37
mourir,lemma,0,2,0,0,0,0,0,0,17,0,15,34,0.06,0.00,0.00,0.50,0.00,0.44,0.00,0.00,0.00,0.00,0.00,1.26,0.36
drôle,lemma,0,2,0,0,0,0,0,18,0,32,1,53,0.04,0.00,0.34,0.00,0.60,0.02,0.00,0.00,0.00,0.00,0.00,1.26,0.36
attaque,lemma,0,2,0,0,0,0,0,0,8,0,2,12,0.17,0.00,0.00,0.67,0.00,0.17,0.00,0.00,0.00,0.00,0.00,1.25,0.36
suffit,word,0,4,0,0,0,0,0,1,0,0,1,6,0.67,0.00,0.17,0.00,0.00,0.17,0.00,0.00,0.00,0.00,0.00,1.25,0.36
compétition,word,0,0,0,0,0,4,0,1,0,1,0,6,0.00,0.00,0.17,0.00,0.17,0.00,0.00,0.00,0.00,0.67,0.00,1.25,0.36
punir,word,0,4,0,0,0,0,0,0,1,0,1,6,0.67,0.00,0.00,0.17,0.00,0.17,0.00,0.00,0.00,0.00,0.00,1.25,0.36
compétition,lemma,0,0,0,0,0,4,0,1,0,1,0,6,0.00,0.00,0.17,0.00,0.17,0.00,0.00,0.00,0.00,0.67,0.00,1.25,0.36
garçons,word,0,4,0,0,0,0,0,0,1,0,1,6,0.67,0.00,0.00,0.17,0.00,0.17,0.00,0.00,0.00,0.00,0.00,1.25,0.36
groupe,lemma,0,1,0,0,0,0,0,0,4,1,0,6,0.17,0.00,0.00,0.67,0.17,0.00,0.00,0.00,0.00,0.00,0.00,1.25,0.36
gronder,lemma,0,4,0,0,0,0,0,0,1,0,1,6,0.67,0.00,0.00,0.17,0.00,0.17,0.00,0.00,0.00,0.00,0.00,1.25,0.36
quotidien,lemma,0,4,0,0,1,0,0,1,0,0,0,6,0.67,0.00,0.17,0.00,0.00,0.00,0.00,0.00,0.17,0.00,0.00,1.25,0.36
sexuelles,word,0,0,0,0,1,0,0,0,4,0,1,6,0.00,0.00,0.00,0.67,0.00,0.17,0.00,0.00,0.17,0.00,0.00,1.25,0.36
moquerie,lemma,0,0,0,0,4,0,0,1,0,0,1,6,0.00,0.00,0.17,0.00,0.00,0.17,0.00,0.00,0.67,0.00,0.00,1.25,0.36
espionner,word,0,4,0,0,0,0,0,0,1,1,0,6,0.67,0.00,0.00,0.17,0.17,0.00,0.00,0.00,0.00,0.00,0.00,1.25,0.36
party,lemma,0,1,0,0,0,0,0,4,0,0,1,6,0.17,0.00,0.67,0.00,0.00,0.17,0.00,0.00,0.00,0.00,0.00,1.25,0.36
photos,word,0,4,0,1,0,0,0,1,0,0,0,6,0.67,0.17,0.17,0.00,0.00,0.00,0.00,0.00,0.00,0.00,0.00,1.25,0.36
attentat,lemma,0,3,0,0,0,0,0,0,12,0,3,18,0.17,0.00,0.00,0.67,0.00,0.17,0.00,0.00,0.00,0.00,0.00,1.25,0.36
européen,lemma,0,4,0,0,0,0,0,0,1,0,1,6,0.67,0.00,0.00,0.17,0.00,0.17,0.00,0.00,0.00,0.00,0.00,1.25,0.36
prestigieux,lemma,4,0,0,0,0,1,0,1,0,0,0,6,0.00,0.00,0.17,0.00,0.00,0.00,0.67,0.00,0.00,0.17,0.00,1.25,0.36
moqueries,word,0,0,0,0,4,0,0,1,0,0,1,6,0.00,0.00,0.17,0.00,0.00,0.17,0.00,0.00,0.67,0.00,0.00,1.25,0.36
membres,word,0,4,0,0,0,0,0,1,0,0,1,6,0.67,0.00,0.17,0.00,0.00,0.17,0.00,0.00,0.00,0.00,0.00,1.25,0.36
résultat,lemma,0,4,0,0,0,0,0,1,0,0,1,6,0.67,0.00,0.17,0.00,0.00,0.17,0.00,0.00,0.00,0.00,0.00,1.25,0.36
arrêté,word,0,4,0,0,0,0,0,0,1,0,1,6,0.67,0.00,0.00,0.17,0.00,0.17,0.00,0.00,0.00,0.00,0.00,1.25,0.36
différent,lemma,1,4,0,0,0,0,0,0,1,0,0,6,0.67,0.00,0.00,0.17,0.00,0.00,0.17,0.00,0.00,0.00,0.00,1.25,0.36
lui-même,word,0,4,0,0,1,0,0,0,0,0,1,6,0.67,0.00,0.00,0.00,0.00,0.17,0.00,0.00,0.17,0.00,0.00,1.25,0.36
attentats,word,0,2,0,0,0,0,0,0,10,0,3,15,0.13,0.00,0.00,0.67,0.00,0.20,0.00,0.00,0.00,0.00,0.00,1.24,0.36
beau,word,3,0,0,0,0,2,0,10,0,0,0,15,0.00,0.00,0.67,0.00,0.00,0.00,0.20,0.00,0.00,0.13,0.00,1.24,0.36
responsable,lemma,0,7,0,0,0,0,0,0,3,0,1,11,0.64,0.00,0.00,0.27,0.00,0.09,0.00,0.00,0.00,0.00,0.00,1.24,0.36
détruire,lemma,0,2,0,0,0,0,0,0,13,0,5,20,0.10,0.00,0.00,0.65,0.00,0.25,0.00,0.00,0.00,0.00,0.00,1.24,0.36
façon,word,0,6,0,0,0,0,0,2,1,0,0,9,0.67,0.00,0.22,0.11,0.00,0.00,0.00,0.00,0.00,0.00,0.00,1.22,0.35
façon,lemma,0,6,0,0,0,0,0,2,1,0,0,9,0.67,0.00,0.22,0.11,0.00,0.00,0.00,0.00,0.00,0.00,0.00,1.22,0.35
échapper,lemma,0,2,0,0,0,0,0,0,6,1,0,9,0.22,0.00,0.00,0.67,0.11,0.00,0.00,0.00,0.00,0.00,0.00,1.22,0.35
côté,lemma,0,2,0,0,0,0,0,1,6,0,0,9,0.22,0.00,0.11,0.67,0.00,0.00,0.00,0.00,0.00,0.00,0.00,1.22,0.35
europe,word,0,0,0,0,0,0,0,0,6,1,2,9,0.00,0.00,0.00,0.67,0.11,0.22,0.00,0.00,0.00,0.00,0.00,1.22,0.35
arrêter,word,0,6,0,1,0,0,0,0,0,0,2,9,0.67,0.11,0.00,0.00,0.00,0.22,0.00,0.00,0.00,0.00,0.00,1.22,0.35
porc,lemma,0,2,0,6,0,0,0,0,0,1,0,9,0.22,0.67,0.00,0.00,0.11,0.00,0.00,0.00,0.00,0.00,0.00,1.22,0.35
europe,lemma,0,0,0,0,0,0,0,0,6,1,2,9,0.00,0.00,0.00,0.67,0.11,0.22,0.00,0.00,0.00,0.00,0.00,1.22,0.35
musulman,lemma,0,6,0,0,0,0,0,0,2,0,1,9,0.67,0.00,0.00,0.22,0.00,0.11,0.00,0.00,0.00,0.00,0.00,1.22,0.35
porc,word,0,2,0,6,0,0,0,0,0,1,0,9,0.22,0.67,0.00,0.00,0.11,0.00,0.00,0.00,0.00,0.00,0.00,1.22,0.35
américains,word,0,6,0,0,0,0,0,0,1,0,2,9,0.67,0.00,0.00,0.11,0.00,0.22,0.00,0.00,0.00,0.00,0.00,1.22,0.35
soutenir,lemma,0,6,0,0,0,0,0,2,1,0,0,9,0.67,0.00,0.22,0.11,0.00,0.00,0.00,0.00,0.00,0.00,0.00,1.22,0.35
savoir,word,0,6,0,0,0,0,0,0,1,0,2,9,0.67,0.00,0.00,0.11,0.00,0.22,0.00,0.00,0.00,0.00,0.00,1.22,0.35
affronter,lemma,0,9,0,0,0,1,0,0,1,0,1,12,0.75,0.00,0.00,0.08,0.00,0.08,0.00,0.00,0.00,0.08,0.00,1.21,0.35
trouver,word,0,0,0,0,1,0,0,0,8,0,3,12,0.00,0.00,0.00,0.67,0.00,0.25,0.00,0.00,0.08,0.00,0.00,1.19,0.34
ministre,lemma,0,7,0,0,0,0,0,1,2,0,0,10,0.70,0.00,0.10,0.20,0.00,0.00,0.00,0.00,0.00,0.00,0.00,1.16,0.33
pourquoi,lemma,0,7,0,0,0,0,0,0,0,1,2,10,0.70,0.00,0.00,0.00,0.10,0.20,0.00,0.00,0.00,0.00,0.00,1.16,0.33
pourquoi,word,0,7,0,0,0,0,0,0,0,1,2,10,0.70,0.00,0.00,0.00,0.10,0.20,0.00,0.00,0.00,0.00,0.00,1.16,0.33
conséquences,word,0,1,0,0,0,0,0,0,7,0,2,10,0.10,0.00,0.00,0.70,0.00,0.20,0.00,0.00,0.00,0.00,0.00,1.16,0.33
conséquence,lemma,0,1,0,0,0,0,0,0,7,0,2,10,0.10,0.00,0.00,0.70,0.00,0.20,0.00,0.00,0.00,0.00,0.00,1.16,0.33
travailler,lemma,1,16,0,0,0,0,0,0,2,0,2,21,0.76,0.00,0.00,0.10,0.00,0.10,0.05,0.00,0.00,0.00,0.00,1.15,0.33
merveilleux,word,5,0,0,0,0,0,0,1,0,1,0,7,0.00,0.00,0.14,0.00,0.14,0.00,0.71,0.00,0.00,0.00,0.00,1.15,0.33
julien,word,0,5,0,1,0,0,0,1,0,0,0,7,0.71,0.14,0.14,0.00,0.00,0.00,0.00,0.00,0.00,0.00,0.00,1.15,0.33
julien,lemma,0,5,0,1,0,0,0,1,0,0,0,7,0.71,0.14,0.14,0.00,0.00,0.00,0.00,0.00,0.00,0.00,0.00,1.15,0.33
particulièrement,lemma,0,1,0,0,0,1,0,0,5,0,0,7,0.14,0.00,0.00,0.71,0.00,0.00,0.00,0.00,0.00,0.14,0.00,1.15,0.33
moquer,lemma,0,0,0,1,5,0,0,0,1,0,0,7,0.00,0.14,0.00,0.14,0.00,0.00,0.00,0.00,0.71,0.00,0.00,1.15,0.33
particulièrement,word,0,1,0,0,0,1,0,0,5,0,0,7,0.14,0.00,0.00,0.71,0.00,0.00,0.00,0.00,0.00,0.14,0.00,1.15,0.33
merveilleux,lemma,5,0,0,0,0,0,0,1,0,1,0,7,0.00,0.00,0.14,0.00,0.14,0.00,0.71,0.00,0.00,0.00,0.00,1.15,0.33
héros,lemma,5,0,0,0,0,1,0,0,1,0,0,7,0.00,0.00,0.00,0.14,0.00,0.00,0.71,0.00,0.00,0.14,0.00,1.15,0.33
pollution,word,0,1,0,0,0,0,0,0,5,0,1,7,0.14,0.00,0.00,0.71,0.00,0.14,0.00,0.00,0.00,0.00,0.00,1.15,0.33
supporter,lemma,0,5,0,0,1,0,0,0,0,0,1,7,0.71,0.00,0.00,0.00,0.00,0.14,0.00,0.00,0.14,0.00,0.00,1.15,0.33
héros,word,5,0,0,0,0,1,0,0,1,0,0,7,0.00,0.00,0.00,0.14,0.00,0.00,0.71,0.00,0.00,0.14,0.00,1.15,0.33
ca,word,0,5,0,1,0,0,0,0,0,0,1,7,0.71,0.14,0.00,0.00,0.00,0.14,0.00,0.00,0.00,0.00,0.00,1.15,0.33
bâtiment,lemma,0,1,0,0,0,0,0,0,5,0,1,7,0.14,0.00,0.00,0.71,0.00,0.14,0.00,0.00,0.00,0.00,0.00,1.15,0.33
bâtiments,word,0,1,0,0,0,0,0,0,5,0,1,7,0.14,0.00,0.00,0.71,0.00,0.14,0.00,0.00,0.00,0.00,0.00,1.15,0.33
ca,lemma,0,5,0,1,0,0,0,0,0,0,1,7,0.71,0.14,0.00,0.00,0.00,0.14,0.00,0.00,0.00,0.00,0.00,1.15,0.33
bel,lemma,1,0,0,0,0,1,0,5,0,0,0,7,0.00,0.00,0.71,0.00,0.00,0.00,0.14,0.00,0.00,0.14,0.00,1.15,0.33
pollution,lemma,0,1,0,0,0,0,0,0,5,0,1,7,0.14,0.00,0.00,0.71,0.00,0.14,0.00,0.00,0.00,0.00,0.00,1.15,0.33
politique,word,0,9,0,0,0,0,0,0,3,0,1,13,0.69,0.00,0.00,0.23,0.00,0.08,0.00,0.00,0.00,0.00,0.00,1.14,0.33
attaquer,lemma,0,11,0,0,0,0,0,0,18,0,1,30,0.37,0.00,0.00,0.60,0.00,0.03,0.00,0.00,0.00,0.00,0.00,1.14,0.33
pleurer,word,0,2,0,0,0,1,0,2,0,0,17,22,0.09,0.00,0.09,0.00,0.00,0.77,0.00,0.00,0.00,0.05,0.00,1.12,0.32
danser,lemma,0,0,0,0,1,2,0,8,0,0,0,11,0.00,0.00,0.73,0.00,0.00,0.00,0.00,0.00,0.09,0.18,0.00,1.10,0.32
dictature,word,0,1,0,0,0,0,0,0,8,0,2,11,0.09,0.00,0.00,0.73,0.00,0.18,0.00,0.00,0.00,0.00,0.00,1.10,0.32
place,lemma,0,11,0,0,0,1,0,1,0,0,1,14,0.79,0.00,0.07,0.00,0.00,0.07,0.00,0.00,0.00,0.07,0.00,1.09,0.31
grondouk,word,0,1,0,0,0,0,0,0,0,6,1,8,0.12,0.00,0.00,0.00,0.75,0.12,0.00,0.00,0.00,0.00,0.00,1.06,0.31
arme,word,0,1,0,0,0,1,0,0,6,0,0,8,0.12,0.00,0.00,0.75,0.00,0.00,0.00,0.00,0.00,0.12,0.00,1.06,0.31
détruire,word,0,1,0,0,0,0,0,0,6,0,1,8,0.12,0.00,0.00,0.75,0.00,0.12,0.00,0.00,0.00,0.00,0.00,1.06,0.31
voulu,word,0,6,0,0,1,0,0,0,0,0,1,8,0.75,0.00,0.00,0.00,0.00,0.12,0.00,0.00,0.12,0.00,0.00,1.06,0.31
sûr,lemma,0,0,0,0,0,0,0,6,0,1,1,8,0.00,0.00,0.75,0.00,0.12,0.12,0.00,0.00,0.00,0.00,0.00,1.06,0.31
révolter,lemma,0,6,0,0,0,0,0,0,1,0,1,8,0.75,0.00,0.00,0.12,0.00,0.12,0.00,0.00,0.00,0.00,0.00,1.06,0.31
grondouk,lemma,0,1,0,0,0,0,0,0,0,6,1,8,0.12,0.00,0.00,0.00,0.75,0.12,0.00,0.00,0.00,0.00,0.00,1.06,0.31
sûr,word,0,0,0,0,0,0,0,6,0,1,1,8,0.00,0.00,0.75,0.00,0.12,0.12,0.00,0.00,0.00,0.00,0.00,1.06,0.31
contre,lemma,0,73,0,0,2,1,0,3,6,0,4,89,0.82,0.00,0.03,0.07,0.00,0.04,0.00,0.00,0.02,0.01,0.00,1.06,0.31
contre,word,0,73,0,0,2,1,0,3,6,0,4,89,0.82,0.00,0.03,0.07,0.00,0.04,0.00,0.00,0.02,0.01,0.00,1.06,0.31
casser,lemma,0,11,0,0,0,0,0,0,1,0,3,15,0.73,0.00,0.00,0.07,0.00,0.20,0.00,0.00,0.00,0.00,0.00,1.05,0.30
dictature,lemma,0,1,0,0,0,0,0,0,9,0,2,12,0.08,0.00,0.00,0.75,0.00,0.17,0.00,0.00,0.00,0.00,0.00,1.04,0.30
arme,lemma,0,2,0,0,0,1,0,0,9,0,0,12,0.17,0.00,0.00,0.75,0.00,0.00,0.00,0.00,0.00,0.08,0.00,1.04,0.30
emprisonné,word,0,0,0,0,0,0,0,0,2,0,2,4,0.00,0.00,0.00,0.50,0.00,0.50,0.00,0.00,0.00,0.00,0.00,1.00,0.29
vive,word,0,2,0,0,0,0,0,0,0,0,2,4,0.50,0.00,0.00,0.00,0.00,0.50,0.00,0.00,0.00,0.00,0.00,1.00,0.29
emprisonner,lemma,0,0,0,0,0,0,0,0,2,0,2,4,0.00,0.00,0.00,0.50,0.00,0.50,0.00,0.00,0.00,0.00,0.00,1.00,0.29
malala,lemma,2,0,0,0,0,0,0,0,0,2,0,4,0.00,0.00,0.00,0.00,0.50,0.00,0.50,0.00,0.00,0.00,0.00,1.00,0.29
malala,word,2,0,0,0,0,0,0,0,0,2,0,4,0.00,0.00,0.00,0.00,0.50,0.00,0.50,0.00,0.00,0.00,0.00,1.00,0.29
humeur,lemma,0,2,0,0,0,0,0,2,0,0,0,4,0.50,0.00,0.50,0.00,0.00,0.00,0.00,0.00,0.00,0.00,0.00,1.00,0.29
déposer,lemma,0,2,0,0,0,0,0,0,0,0,2,4,0.50,0.00,0.00,0.00,0.00,0.50,0.00,0.00,0.00,0.00,0.00,1.00,0.29
éliminer,lemma,0,0,0,0,0,0,0,0,2,0,2,4,0.00,0.00,0.00,0.50,0.00,0.50,0.00,0.00,0.00,0.00,0.00,1.00,0.29
applaudir,lemma,2,0,0,0,0,0,0,2,0,0,0,4,0.00,0.00,0.50,0.00,0.00,0.00,0.50,0.00,0.00,0.00,0.00,1.00,0.29
tuées,word,0,0,0,0,0,0,0,0,2,0,2,4,0.00,0.00,0.00,0.50,0.00,0.50,0.00,0.00,0.00,0.00,0.00,1.00,0.29
gagnera,word,0,0,0,0,0,2,0,2,0,0,0,4,0.00,0.00,0.50,0.00,0.00,0.00,0.00,0.00,0.00,0.50,0.00,1.00,0.29
trésor,lemma,0,0,0,0,0,2,0,2,0,0,0,4,0.00,0.00,0.50,0.00,0.00,0.00,0.00,0.00,0.00,0.50,0.00,1.00,0.29
trésor,word,0,0,0,0,0,2,0,2,0,0,0,4,0.00,0.00,0.50,0.00,0.00,0.00,0.00,0.00,0.00,0.50,0.00,1.00,0.29
nobel,lemma,0,0,0,0,0,3,0,3,0,0,0,6,0.00,0.00,0.50,0.00,0.00,0.00,0.00,0.00,0.00,0.50,0.00,1.00,0.29
nobel,word,0,0,0,0,0,3,0,3,0,0,0,6,0.00,0.00,0.50,0.00,0.00,0.00,0.00,0.00,0.00,0.50,0.00,1.00,0.29
vexe,word,0,2,0,0,0,0,0,0,0,0,2,4,0.50,0.00,0.00,0.00,0.00,0.50,0.00,0.00,0.00,0.00,0.00,1.00,0.29
vexé,word,0,0,0,0,2,0,0,0,0,0,2,4,0.00,0.00,0.00,0.00,0.00,0.50,0.00,0.00,0.50,0.00,0.00,1.00,0.29
violente,word,0,2,0,0,0,0,0,0,2,0,0,4,0.50,0.00,0.00,0.50,0.00,0.00,0.00,0.00,0.00,0.00,0.00,1.00,0.29
gloire,word,0,0,0,0,0,2,0,2,0,0,0,4,0.00,0.00,0.50,0.00,0.00,0.00,0.00,0.00,0.00,0.50,0.00,1.00,0.29
volonté,lemma,0,2,0,0,0,0,0,2,0,0,0,4,0.50,0.00,0.50,0.00,0.00,0.00,0.00,0.00,0.00,0.00,0.00,1.00,0.29
zone,lemma,0,3,0,0,0,0,0,0,3,0,0,6,0.50,0.00,0.00,0.50,0.00,0.00,0.00,0.00,0.00,0.00,0.00,1.00,0.29
gagne,lemma,0,0,0,0,0,2,0,2,0,0,0,4,0.00,0.00,0.50,0.00,0.00,0.00,0.00,0.00,0.00,0.50,0.00,1.00,0.29
volonté,word,0,2,0,0,0,0,0,2,0,0,0,4,0.50,0.00,0.50,0.00,0.00,0.00,0.00,0.00,0.00,0.00,0.00,1.00,0.29
choisir,lemma,0,3,0,0,0,0,0,0,0,0,3,6,0.50,0.00,0.00,0.00,0.00,0.50,0.00,0.00,0.00,0.00,0.00,1.00,0.29
faute,lemma,0,3,3,0,0,0,0,0,0,0,0,6,0.50,0.00,0.00,0.00,0.00,0.00,0.00,0.50,0.00,0.00,0.00,1.00,0.29
merd,lemma,0,2,0,2,0,0,0,0,0,0,0,4,0.50,0.50,0.00,0.00,0.00,0.00,0.00,0.00,0.00,0.00,0.00,1.00,0.29
habitude,lemma,0,0,0,0,0,0,0,0,2,2,0,4,0.00,0.00,0.00,0.50,0.50,0.00,0.00,0.00,0.00,0.00,0.00,1.00,0.29
chambre,word,0,0,0,0,0,0,0,2,0,0,2,4,0.00,0.00,0.50,0.00,0.00,0.50,0.00,0.00,0.00,0.00,0.00,1.00,0.29
char,word,0,0,0,0,0,0,0,0,2,2,0,4,0.00,0.00,0.00,0.50,0.50,0.00,0.00,0.00,0.00,0.00,0.00,1.00,0.29
récompense,lemma,0,0,0,0,0,6,0,6,0,0,0,12,0.00,0.00,0.50,0.00,0.00,0.00,0.00,0.00,0.00,0.50,0.00,1.00,0.29
chant,lemma,0,2,0,0,0,0,0,2,0,0,0,4,0.50,0.00,0.50,0.00,0.00,0.00,0.00,0.00,0.00,0.00,0.00,1.00,0.29
négatives,word,0,0,0,0,2,0,0,0,0,0,2,4,0.00,0.00,0.00,0.00,0.00,0.50,0.00,0.00,0.50,0.00,0.00,1.00,0.29
gloire,lemma,0,0,0,0,0,2,0,2,0,0,0,4,0.00,0.00,0.50,0.00,0.00,0.00,0.00,0.00,0.00,0.50,0.00,1.00,0.29
gouine,lemma,0,3,0,3,0,0,0,0,0,0,0,6,0.50,0.50,0.00,0.00,0.00,0.00,0.00,0.00,0.00,0.00,0.00,1.00,0.29
gouine,word,0,3,0,3,0,0,0,0,0,0,0,6,0.50,0.50,0.00,0.00,0.00,0.00,0.00,0.00,0.00,0.00,0.00,1.00,0.29
élevé,lemma,0,2,0,0,0,0,0,0,2,0,0,4,0.50,0.00,0.00,0.50,0.00,0.00,0.00,0.00,0.00,0.00,0.00,1.00,0.29
sexuellement,word,0,2,0,0,0,0,0,0,0,0,2,4,0.50,0.00,0.00,0.00,0.00,0.50,0.00,0.00,0.00,0.00,0.00,1.00,0.29
contrôle,lemma,0,2,0,0,0,0,0,0,2,0,0,4,0.50,0.00,0.00,0.50,0.00,0.00,0.00,0.00,0.00,0.00,0.00,1.00,0.29
reine,word,0,0,0,0,0,2,0,2,0,0,0,4,0.00,0.00,0.50,0.00,0.00,0.00,0.00,0.00,0.00,0.50,0.00,1.00,0.29
humeur,word,0,2,0,0,0,0,0,2,0,0,0,4,0.50,0.00,0.50,0.00,0.00,0.00,0.00,0.00,0.00,0.00,0.00,1.00,0.29
avouer,lemma,0,0,2,0,2,0,0,0,0,0,0,4,0.00,0.00,0.00,0.00,0.00,0.00,0.00,0.50,0.50,0.00,0.00,1.00,0.29
boîte,lemma,0,2,0,0,0,0,0,0,0,2,0,4,0.50,0.00,0.00,0.00,0.50,0.00,0.00,0.00,0.00,0.00,0.00,1.00,0.29
soutenir,word,0,2,0,0,0,0,0,2,0,0,0,4,0.50,0.00,0.50,0.00,0.00,0.00,0.00,0.00,0.00,0.00,0.00,1.00,0.29
bouquin,lemma,0,0,0,0,0,0,0,0,2,0,2,4,0.00,0.00,0.00,0.50,0.00,0.50,0.00,0.00,0.00,0.00,0.00,1.00,0.29
bouquins,word,0,0,0,0,0,0,0,0,2,0,2,4,0.00,0.00,0.00,0.50,0.00,0.50,0.00,0.00,0.00,0.00,0.00,1.00,0.29
bombes,word,0,3,0,0,0,0,0,0,3,0,0,6,0.50,0.00,0.00,0.50,0.00,0.00,0.00,0.00,0.00,0.00,0.00,1.00,0.29
boîte,word,0,2,0,0,0,0,0,0,0,2,0,4,0.50,0.00,0.00,0.00,0.50,0.00,0.00,0.00,0.00,0.00,0.00,1.00,0.29
rétorqu,lemma,0,2,0,0,0,2,0,0,0,0,0,4,0.50,0.00,0.00,0.00,0.00,0.00,0.00,0.00,0.00,0.50,0.00,1.00,0.29
bronze,word,0,0,0,0,0,2,0,2,0,0,0,4,0.00,0.00,0.50,0.00,0.00,0.00,0.00,0.00,0.00,0.50,0.00,1.00,0.29
impatient,lemma,0,2,0,0,0,0,0,2,0,0,0,4,0.50,0.00,0.50,0.00,0.00,0.00,0.00,0.00,0.00,0.00,0.00,1.00,0.29
bronze,lemma,0,0,0,0,0,2,0,2,0,0,0,4,0.00,0.00,0.50,0.00,0.00,0.00,0.00,0.00,0.00,0.50,0.00,1.00,0.29
coupable,lemma,0,3,3,0,0,0,0,0,0,0,0,6,0.50,0.00,0.00,0.00,0.00,0.00,0.00,0.50,0.00,0.00,0.00,1.00,0.29
contrôle,word,0,2,0,0,0,0,0,0,2,0,0,4,0.50,0.00,0.00,0.50,0.00,0.00,0.00,0.00,0.00,0.00,0.00,1.00,0.29
reine,lemma,0,0,0,0,0,2,0,2,0,0,0,4,0.00,0.00,0.50,0.00,0.00,0.00,0.00,0.00,0.00,0.50,0.00,1.00,0.29
insulter,lemma,0,11,0,0,11,0,0,0,0,0,0,22,0.50,0.00,0.00,0.00,0.00,0.00,0.00,0.00,0.50,0.00,0.00,1.00,0.29
respecté,word,2,2,0,0,0,0,0,0,0,0,0,4,0.50,0.00,0.00,0.00,0.00,0.00,0.50,0.00,0.00,0.00,0.00,1.00,0.29
timidement,word,0,0,0,0,2,0,0,0,2,0,0,4,0.00,0.00,0.00,0.50,0.00,0.00,0.00,0.00,0.50,0.00,0.00,1.00,0.29
réussit,word,0,0,0,0,0,2,0,2,0,0,0,4,0.00,0.00,0.50,0.00,0.00,0.00,0.00,0.00,0.00,0.50,0.00,1.00,0.29
récompense,word,0,0,0,0,0,6,0,6,0,0,0,12,0.00,0.00,0.50,0.00,0.00,0.00,0.00,0.00,0.00,0.50,0.00,1.00,0.29
discrimination,lemma,0,2,0,0,0,0,0,0,0,0,2,4,0.50,0.00,0.00,0.00,0.00,0.50,0.00,0.00,0.00,0.00,0.00,1.00,0.29
particulier,word,0,2,0,0,0,0,0,0,2,0,0,4,0.50,0.00,0.00,0.50,0.00,0.00,0.00,0.00,0.00,0.00,0.00,1.00,0.29
organiser,word,0,2,0,0,0,0,0,2,0,0,0,4,0.50,0.00,0.50,0.00,0.00,0.00,0.00,0.00,0.00,0.00,0.00,1.00,0.29
titres,word,0,0,0,0,0,2,0,2,0,0,0,4,0.00,0.00,0.50,0.00,0.00,0.00,0.00,0.00,0.00,0.50,0.00,1.00,0.29
totalement,word,0,2,0,0,0,0,0,0,2,0,0,4,0.50,0.00,0.00,0.50,0.00,0.00,0.00,0.00,0.00,0.00,0.00,1.00,0.29
enfermés,word,0,0,0,0,0,0,0,0,2,0,2,4,0.00,0.00,0.00,0.50,0.00,0.50,0.00,0.00,0.00,0.00,0.00,1.00,0.29
adultes,word,0,2,0,0,0,0,0,0,2,0,0,4,0.50,0.00,0.00,0.50,0.00,0.00,0.00,0.00,0.00,0.00,0.00,1.00,0.29
piles,word,0,0,0,0,0,0,0,0,4,0,4,8,0.00,0.00,0.00,0.50,0.00,0.50,0.00,0.00,0.00,0.00,0.00,1.00,0.29
mystérieux,lemma,0,0,0,0,0,0,0,0,2,2,0,4,0.00,0.00,0.00,0.50,0.50,0.00,0.00,0.00,0.00,0.00,0.00,1.00,0.29
médaill,lemma,0,0,0,0,0,3,0,3,0,0,0,6,0.00,0.00,0.50,0.00,0.00,0.00,0.00,0.00,0.00,0.50,0.00,1.00,0.29
mortes,word,0,0,0,0,0,0,0,0,2,0,2,4,0.00,0.00,0.00,0.50,0.00,0.50,0.00,0.00,0.00,0.00,0.00,1.00,0.29
rétorque,word,0,2,0,0,0,2,0,0,0,0,0,4,0.50,0.00,0.00,0.00,0.00,0.00,0.00,0.00,0.00,0.50,0.00,1.00,0.29
totalement,lemma,0,2,0,0,0,0,0,0,2,0,0,4,0.50,0.00,0.00,0.50,0.00,0.00,0.00,0.00,0.00,0.00,0.00,1.00,0.29
habitude,word,0,0,0,0,0,0,0,0,2,2,0,4,0.00,0.00,0.00,0.50,0.50,0.00,0.00,0.00,0.00,0.00,0.00,1.00,0.29
timidement,lemma,0,0,0,0,2,0,0,0,2,0,0,4,0.00,0.00,0.00,0.50,0.00,0.00,0.00,0.00,0.50,0.00,0.00,1.00,0.29
frustrant,word,0,2,0,0,0,0,0,0,0,0,2,4,0.50,0.00,0.00,0.00,0.00,0.50,0.00,0.00,0.00,0.00,0.00,1.00,0.29
j'étais,word,0,0,2,0,0,0,0,0,0,0,2,4,0.00,0.00,0.00,0.00,0.00,0.50,0.00,0.50,0.00,0.00,0.00,1.00,0.29
sauvages,word,0,0,0,0,0,0,0,0,3,0,3,6,0.00,0.00,0.00,0.50,0.00,0.50,0.00,0.00,0.00,0.00,0.00,1.00,0.29
pote,lemma,0,2,0,0,0,0,0,0,0,0,2,4,0.50,0.00,0.00,0.00,0.00,0.50,0.00,0.00,0.00,0.00,0.00,1.00,0.29
armée,word,0,2,0,0,0,0,0,0,2,0,0,4,0.50,0.00,0.00,0.50,0.00,0.00,0.00,0.00,0.00,0.00,0.00,1.00,0.29
exceptionnel,word,2,0,0,0,0,0,0,0,0,2,0,4,0.00,0.00,0.00,0.00,0.50,0.00,0.50,0.00,0.00,0.00,0.00,1.00,0.29
exclame,lemma,0,0,0,0,0,0,0,2,0,2,0,4,0.00,0.00,0.50,0.00,0.50,0.00,0.00,0.00,0.00,0.00,0.00,1.00,0.29
existent,word,0,2,0,0,0,0,0,0,2,0,0,4,0.50,0.00,0.00,0.50,0.00,0.00,0.00,0.00,0.00,0.00,0.00,1.00,0.29
hommage,lemma,16,0,0,0,0,0,0,0,0,0,17,33,0.00,0.00,0.00,0.00,0.00,0.52,0.48,0.00,0.00,0.00,0.00,1.00,0.29
hommage,word,15,0,0,0,0,0,0,0,0,0,16,31,0.00,0.00,0.00,0.00,0.00,0.52,0.48,0.00,0.00,0.00,0.00,1.00,0.29
rire,lemma,0,2,0,0,0,0,0,21,1,2,0,26,0.08,0.00,0.81,0.04,0.08,0.00,0.00,0.00,0.00,0.00,0.00,1.00,0.29
rendre,word,7,0,0,0,0,0,0,0,0,0,6,13,0.00,0.00,0.00,0.00,0.00,0.46,0.54,0.00,0.00,0.00,0.00,1.00,0.29
bande,lemma,0,6,0,5,0,0,0,0,0,0,0,11,0.55,0.45,0.00,0.00,0.00,0.00,0.00,0.00,0.00,0.00,0.00,0.99,0.29
bande,word,0,6,0,5,0,0,0,0,0,0,0,11,0.55,0.45,0.00,0.00,0.00,0.00,0.00,0.00,0.00,0.00,0.00,0.99,0.29
effondrer,lemma,0,0,0,0,0,0,0,0,10,1,2,13,0.00,0.00,0.00,0.77,0.08,0.15,0.00,0.00,0.00,0.00,0.00,0.99,0.29
loup,lemma,0,4,0,0,0,0,0,0,5,0,0,9,0.44,0.00,0.00,0.56,0.00,0.00,0.00,0.00,0.00,0.00,0.00,0.99,0.29
carburant,word,0,5,0,0,0,0,0,0,4,0,0,9,0.56,0.00,0.00,0.44,0.00,0.00,0.00,0.00,0.00,0.00,0.00,0.99,0.29
merde,word,0,9,0,7,0,0,0,0,0,0,0,16,0.56,0.44,0.00,0.00,0.00,0.00,0.00,0.00,0.00,0.00,0.00,0.99,0.29
s'en,word,0,7,0,1,0,0,0,0,1,0,0,9,0.78,0.11,0.00,0.11,0.00,0.00,0.00,0.00,0.00,0.00,0.00,0.99,0.29
cadeau,lemma,0,1,0,0,0,0,0,7,0,1,0,9,0.11,0.00,0.78,0.00,0.11,0.00,0.00,0.00,0.00,0.00,0.00,0.99,0.29
tomber,lemma,0,0,0,0,0,0,0,0,4,0,3,7,0.00,0.00,0.00,0.57,0.00,0.43,0.00,0.00,0.00,0.00,0.00,0.99,0.28
insulte,word,0,3,0,0,4,0,0,0,0,0,0,7,0.43,0.00,0.00,0.00,0.00,0.00,0.00,0.00,0.57,0.00,0.00,0.99,0.28
sauvage,lemma,0,0,0,0,0,0,0,0,4,0,3,7,0.00,0.00,0.00,0.57,0.00,0.43,0.00,0.00,0.00,0.00,0.00,0.99,0.28
produits,word,0,4,0,0,0,0,0,0,3,0,0,7,0.57,0.00,0.00,0.43,0.00,0.00,0.00,0.00,0.00,0.00,0.00,0.99,0.28
combat,lemma,0,0,0,0,0,0,0,0,4,0,3,7,0.00,0.00,0.00,0.57,0.00,0.43,0.00,0.00,0.00,0.00,0.00,0.99,0.28
produit,lemma,0,4,0,0,0,0,0,0,3,0,0,7,0.57,0.00,0.00,0.43,0.00,0.00,0.00,0.00,0.00,0.00,0.00,0.99,0.28
citoyens,word,0,4,0,0,0,0,0,0,3,0,0,7,0.57,0.00,0.00,0.43,0.00,0.00,0.00,0.00,0.00,0.00,0.00,0.99,0.28
territoire,word,0,3,0,0,0,0,0,0,4,0,0,7,0.43,0.00,0.00,0.57,0.00,0.00,0.00,0.00,0.00,0.00,0.00,0.99,0.28
merde,lemma,0,8,0,6,0,0,0,0,0,0,0,14,0.57,0.43,0.00,0.00,0.00,0.00,0.00,0.00,0.00,0.00,0.00,0.99,0.28
toucher,lemma,0,0,0,0,0,0,0,0,4,0,3,7,0.00,0.00,0.00,0.57,0.00,0.43,0.00,0.00,0.00,0.00,0.00,0.99,0.28
titre,lemma,0,0,0,0,0,3,0,4,0,0,0,7,0.00,0.00,0.57,0.00,0.00,0.00,0.00,0.00,0.00,0.43,0.00,0.99,0.28
origine,lemma,0,3,0,0,0,0,0,0,4,0,0,7,0.43,0.00,0.00,0.57,0.00,0.00,0.00,0.00,0.00,0.00,0.00,0.99,0.28
origine,word,0,3,0,0,0,0,0,0,4,0,0,7,0.43,0.00,0.00,0.57,0.00,0.00,0.00,0.00,0.00,0.00,0.00,0.99,0.28
malgré,word,0,0,0,0,0,0,0,0,0,2,3,5,0.00,0.00,0.00,0.00,0.40,0.60,0.00,0.00,0.00,0.00,0.00,0.97,0.28
drôles,word,0,0,0,0,0,0,0,2,0,3,0,5,0.00,0.00,0.40,0.00,0.60,0.00,0.00,0.00,0.00,0.00,0.00,0.97,0.28
villages,word,0,3,0,0,0,0,0,0,2,0,0,5,0.60,0.00,0.00,0.40,0.00,0.00,0.00,0.00,0.00,0.00,0.00,0.97,0.28
violents,word,0,6,0,0,0,0,0,0,4,0,0,10,0.60,0.00,0.00,0.40,0.00,0.00,0.00,0.00,0.00,0.00,0.00,0.97,0.28
insulter,word,0,6,0,0,4,0,0,0,0,0,0,10,0.60,0.00,0.00,0.00,0.00,0.00,0.00,0.00,0.40,0.00,0.00,0.97,0.28
vaccins,word,0,2,0,0,0,0,0,0,3,0,0,5,0.40,0.00,0.00,0.60,0.00,0.00,0.00,0.00,0.00,0.00,0.00,0.97,0.28
applaudi,word,3,0,0,0,0,0,0,2,0,0,0,5,0.00,0.00,0.40,0.00,0.00,0.00,0.60,0.00,0.00,0.00,0.00,0.97,0.28
malgré,lemma,0,0,0,0,0,0,0,0,0,2,3,5,0.00,0.00,0.00,0.00,0.40,0.60,0.00,0.00,0.00,0.00,0.00,0.97,0.28
puissent,word,0,2,0,0,0,0,0,0,3,0,0,5,0.40,0.00,0.00,0.60,0.00,0.00,0.00,0.00,0.00,0.00,0.00,0.97,0.28
remporter,word,0,0,0,0,0,6,0,9,0,0,0,15,0.00,0.00,0.60,0.00,0.00,0.00,0.00,0.00,0.00,0.40,0.00,0.97,0.28
cacher,lemma,0,6,0,0,0,0,0,0,9,0,0,15,0.40,0.00,0.00,0.60,0.00,0.00,0.00,0.00,0.00,0.00,0.00,0.97,0.28
capitale,word,0,3,0,0,0,0,0,0,2,0,0,5,0.60,0.00,0.00,0.40,0.00,0.00,0.00,0.00,0.00,0.00,0.00,0.97,0.28
armée,lemma,0,2,0,0,0,0,0,0,3,0,0,5,0.40,0.00,0.00,0.60,0.00,0.00,0.00,0.00,0.00,0.00,0.00,0.97,0.28
renvoyé,word,0,0,0,0,0,0,0,0,2,0,3,5,0.00,0.00,0.00,0.40,0.00,0.60,0.00,0.00,0.00,0.00,0.00,0.97,0.28
revendiquer,lemma,0,3,0,0,0,0,0,0,2,0,0,5,0.60,0.00,0.00,0.40,0.00,0.00,0.00,0.00,0.00,0.00,0.00,0.97,0.28
choquant,word,0,3,0,0,0,0,0,0,0,2,0,5,0.60,0.00,0.00,0.00,0.40,0.00,0.00,0.00,0.00,0.00,0.00,0.97,0.28
population,lemma,0,2,0,0,0,0,0,0,3,0,0,5,0.40,0.00,0.00,0.60,0.00,0.00,0.00,0.00,0.00,0.00,0.00,0.97,0.28
point,word,0,0,0,0,0,0,0,0,0,3,2,5,0.00,0.00,0.00,0.00,0.60,0.40,0.00,0.00,0.00,0.00,0.00,0.97,0.28
exclame,word,0,0,0,0,0,0,0,2,0,3,0,5,0.00,0.00,0.40,0.00,0.60,0.00,0.00,0.00,0.00,0.00,0.00,0.97,0.28
exister,lemma,0,2,0,0,0,0,0,0,3,0,0,5,0.40,0.00,0.00,0.60,0.00,0.00,0.00,0.00,0.00,0.00,0.00,0.97,0.28
face,word,0,2,0,0,0,0,0,0,3,0,0,5,0.40,0.00,0.00,0.60,0.00,0.00,0.00,0.00,0.00,0.00,0.00,0.97,0.28
face,lemma,0,2,0,0,0,0,0,0,3,0,0,5,0.40,0.00,0.00,0.60,0.00,0.00,0.00,0.00,0.00,0.00,0.00,0.97,0.28
jong-un,word,0,3,0,0,2,0,0,0,0,0,0,5,0.60,0.00,0.00,0.00,0.00,0.00,0.00,0.00,0.40,0.00,0.00,0.97,0.28
jong,lemma,0,3,0,0,2,0,0,0,0,0,0,5,0.60,0.00,0.00,0.00,0.00,0.00,0.00,0.00,0.40,0.00,0.00,0.97,0.28
climatique,lemma,0,3,0,0,0,0,0,0,2,0,0,5,0.60,0.00,0.00,0.40,0.00,0.00,0.00,0.00,0.00,0.00,0.00,0.97,0.28
tomber,word,0,0,0,0,0,0,0,0,2,0,3,5,0.00,0.00,0.00,0.40,0.00,0.60,0.00,0.00,0.00,0.00,0.00,0.97,0.28
autour,word,0,0,0,0,0,0,0,3,2,0,0,5,0.00,0.00,0.60,0.40,0.00,0.00,0.00,0.00,0.00,0.00,0.00,0.97,0.28
autour,lemma,0,0,0,0,0,0,0,3,2,0,0,5,0.00,0.00,0.60,0.40,0.00,0.00,0.00,0.00,0.00,0.00,0.00,0.97,0.28
dommage,lemma,0,2,0,0,0,0,0,0,0,0,3,5,0.40,0.00,0.00,0.00,0.00,0.60,0.00,0.00,0.00,0.00,0.00,0.97,0.28
kim,word,0,3,0,0,2,0,0,0,0,0,0,5,0.60,0.00,0.00,0.00,0.00,0.00,0.00,0.00,0.40,0.00,0.00,0.97,0.28
kim,lemma,0,3,0,0,2,0,0,0,0,0,0,5,0.60,0.00,0.00,0.00,0.00,0.00,0.00,0.00,0.40,0.00,0.00,0.97,0.28
pleurant,word,0,0,0,0,0,0,0,0,3,0,2,5,0.00,0.00,0.00,0.60,0.00,0.40,0.00,0.00,0.00,0.00,0.00,0.97,0.28
capitale,lemma,0,3,0,0,0,0,0,0,2,0,0,5,0.60,0.00,0.00,0.40,0.00,0.00,0.00,0.00,0.00,0.00,0.00,0.97,0.28
inondation,lemma,0,0,0,0,0,0,0,0,3,0,2,5,0.00,0.00,0.00,0.60,0.00,0.40,0.00,0.00,0.00,0.00,0.00,0.97,0.28
faute,word,0,2,3,0,0,0,0,0,0,0,0,5,0.40,0.00,0.00,0.00,0.00,0.00,0.00,0.60,0.00,0.00,0.00,0.97,0.28
choqués,word,0,2,0,0,0,0,0,0,0,3,0,5,0.40,0.00,0.00,0.00,0.60,0.00,0.00,0.00,0.00,0.00,0.00,0.97,0.28
oscar,word,0,0,0,0,0,3,0,2,0,0,0,5,0.00,0.00,0.40,0.00,0.00,0.00,0.00,0.00,0.00,0.60,0.00,0.97,0.28
lutter,word,0,2,0,0,0,0,0,0,3,0,0,5,0.40,0.00,0.00,0.60,0.00,0.00,0.00,0.00,0.00,0.00,0.00,0.97,0.28
négatif,lemma,0,0,0,0,2,0,0,0,0,0,3,5,0.00,0.00,0.00,0.00,0.00,0.60,0.00,0.00,0.40,0.00,0.00,0.97,0.28
adulte,lemma,0,2,0,0,0,0,0,0,3,0,0,5,0.40,0.00,0.00,0.60,0.00,0.00,0.00,0.00,0.00,0.00,0.00,0.97,0.28
terres,word,0,6,0,0,0,0,0,0,4,0,0,10,0.60,0.00,0.00,0.40,0.00,0.00,0.00,0.00,0.00,0.00,0.00,0.97,0.28
éléphants,word,0,2,0,0,0,0,0,0,0,0,3,5,0.40,0.00,0.00,0.00,0.00,0.60,0.00,0.00,0.00,0.00,0.00,0.97,0.28
tempête,lemma,0,0,0,0,0,0,0,0,3,0,2,5,0.00,0.00,0.00,0.60,0.00,0.40,0.00,0.00,0.00,0.00,0.00,0.97,0.28
éléphant,lemma,0,2,0,0,0,0,0,0,0,0,3,5,0.40,0.00,0.00,0.00,0.00,0.60,0.00,0.00,0.00,0.00,0.00,0.97,0.28
traité,word,0,3,0,0,5,0,0,0,0,0,0,8,0.38,0.00,0.00,0.00,0.00,0.00,0.00,0.00,0.62,0.00,0.00,0.95,0.28
homosexualité,lemma,0,0,0,0,5,0,0,0,0,0,3,8,0.00,0.00,0.00,0.00,0.00,0.38,0.00,0.00,0.62,0.00,0.00,0.95,0.28
homosexualité,word,0,0,0,0,5,0,0,0,0,0,3,8,0.00,0.00,0.00,0.00,0.00,0.38,0.00,0.00,0.62,0.00,0.00,0.95,0.28
malheur,word,0,0,0,0,0,0,0,0,6,0,10,16,0.00,0.00,0.00,0.38,0.00,0.62,0.00,0.00,0.00,0.00,0.00,0.95,0.28
malheur,lemma,0,0,0,0,0,0,0,0,6,0,10,16,0.00,0.00,0.00,0.38,0.00,0.62,0.00,0.00,0.00,0.00,0.00,0.95,0.28
citoyen,lemma,0,5,0,0,0,0,0,0,3,0,0,8,0.62,0.00,0.00,0.38,0.00,0.00,0.00,0.00,0.00,0.00,0.00,0.95,0.28
politique,lemma,0,25,0,0,0,0,0,0,5,0,2,32,0.78,0.00,0.00,0.16,0.00,0.06,0.00,0.00,0.00,0.00,0.00,0.95,0.27
respecter,lemma,2,11,0,1,0,0,0,0,0,0,0,14,0.79,0.07,0.00,0.00,0.00,0.00,0.14,0.00,0.00,0.00,0.00,0.95,0.27
hausse,word,0,8,0,0,0,0,0,0,1,0,1,10,0.80,0.00,0.00,0.10,0.00,0.10,0.00,0.00,0.00,0.00,0.00,0.92,0.27
hausse,lemma,0,8,0,0,0,0,0,0,1,0,1,10,0.80,0.00,0.00,0.10,0.00,0.10,0.00,0.00,0.00,0.00,0.00,0.92,0.27
travailler,word,0,16,0,0,0,0,0,0,2,0,2,20,0.80,0.00,0.00,0.10,0.00,0.10,0.00,0.00,0.00,0.00,0.00,0.92,0.27
ouragan,lemma,0,0,0,0,0,0,0,0,1,2,0,3,0.00,0.00,0.00,0.33,0.67,0.00,0.00,0.00,0.00,0.00,0.00,0.92,0.27
parfait,lemma,2,0,0,0,0,1,0,0,0,0,0,3,0.00,0.00,0.00,0.00,0.00,0.00,0.67,0.00,0.00,0.33,0.00,0.92,0.27
chine,lemma,0,4,0,0,0,0,0,0,8,0,0,12,0.33,0.00,0.00,0.67,0.00,0.00,0.00,0.00,0.00,0.00,0.00,0.92,0.27
chienne,word,0,1,0,2,0,0,0,0,0,0,0,3,0.33,0.67,0.00,0.00,0.00,0.00,0.00,0.00,0.00,0.00,0.00,0.92,0.27
chienne,lemma,0,1,0,2,0,0,0,0,0,0,0,3,0.33,0.67,0.00,0.00,0.00,0.00,0.00,0.00,0.00,0.00,0.00,0.92,0.27
choquée,word,0,0,0,0,0,0,0,0,1,2,0,3,0.00,0.00,0.00,0.33,0.67,0.00,0.00,0.00,0.00,0.00,0.00,0.92,0.27
choisissent,word,0,1,0,0,0,0,0,0,0,0,2,3,0.33,0.00,0.00,0.00,0.00,0.67,0.00,0.00,0.00,0.00,0.00,0.92,0.27
chine,word,0,4,0,0,0,0,0,0,8,0,0,12,0.33,0.00,0.00,0.67,0.00,0.00,0.00,0.00,0.00,0.00,0.00,0.92,0.27
revoir,lemma,0,0,0,0,2,0,0,1,0,0,0,3,0.00,0.00,0.33,0.00,0.00,0.00,0.00,0.00,0.67,0.00,0.00,0.92,0.27
j'allais,word,0,0,0,0,0,0,0,0,1,0,2,3,0.00,0.00,0.00,0.33,0.00,0.67,0.00,0.00,0.00,0.00,0.00,0.92,0.27
isoler,lemma,0,0,0,0,0,0,0,0,2,0,1,3,0.00,0.00,0.00,0.67,0.00,0.33,0.00,0.00,0.00,0.00,0.00,0.92,0.27
renvoyer,word,0,1,0,0,0,0,0,0,2,0,0,3,0.33,0.00,0.00,0.67,0.00,0.00,0.00,0.00,0.00,0.00,0.00,0.92,0.27
renoncer,lemma,0,2,0,0,0,0,0,0,0,0,1,3,0.67,0.00,0.00,0.00,0.00,0.33,0.00,0.00,0.00,0.00,0.00,0.92,0.27
rendait,word,1,0,0,0,0,0,0,0,0,0,2,3,0.00,0.00,0.00,0.00,0.00,0.67,0.33,0.00,0.00,0.00,0.00,0.92,0.27
remportée,word,0,0,0,0,0,1,0,2,0,0,0,3,0.00,0.00,0.67,0.00,0.00,0.00,0.00,0.00,0.00,0.33,0.00,0.92,0.27
ressembler,lemma,0,2,0,0,0,0,0,0,0,1,0,3,0.67,0.00,0.00,0.00,0.33,0.00,0.00,0.00,0.00,0.00,0.00,0.92,0.27
entrez,word,0,0,0,0,0,1,0,2,0,0,0,3,0.00,0.00,0.67,0.00,0.00,0.00,0.00,0.00,0.00,0.33,0.00,0.92,0.27
jalousie,lemma,0,1,0,0,0,0,2,0,0,0,0,3,0.33,0.00,0.00,0.00,0.00,0.00,0.00,0.00,0.00,0.00,0.67,0.92,0.27
ensuite,word,0,1,0,0,0,0,0,0,2,0,0,3,0.33,0.00,0.00,0.67,0.00,0.00,0.00,0.00,0.00,0.00,0.00,0.92,0.27
ensuite,lemma,0,1,0,0,0,0,0,0,2,0,0,3,0.33,0.00,0.00,0.67,0.00,0.00,0.00,0.00,0.00,0.00,0.00,0.92,0.27
pute,word,0,10,0,5,0,0,0,0,0,0,0,15,0.67,0.33,0.00,0.00,0.00,0.00,0.00,0.00,0.00,0.00,0.00,0.92,0.27
pute,lemma,0,10,0,5,0,0,0,0,0,0,0,15,0.67,0.33,0.00,0.00,0.00,0.00,0.00,0.00,0.00,0.00,0.00,0.92,0.27
pure,word,0,2,0,1,0,0,0,0,0,0,0,3,0.67,0.33,0.00,0.00,0.00,0.00,0.00,0.00,0.00,0.00,0.00,0.92,0.27
pur,lemma,0,2,0,1,0,0,0,0,0,0,0,3,0.67,0.33,0.00,0.00,0.00,0.00,0.00,0.00,0.00,0.00,0.00,0.92,0.27
commettre,word,0,2,0,0,0,0,0,0,0,0,1,3,0.67,0.00,0.00,0.00,0.00,0.33,0.00,0.00,0.00,0.00,0.00,0.92,0.27
composé,word,0,0,0,0,0,1,0,2,0,0,0,3,0.00,0.00,0.67,0.00,0.00,0.00,0.00,0.00,0.00,0.33,0.00,0.92,0.27
quotidien,word,0,2,0,0,0,0,0,1,0,0,0,3,0.67,0.00,0.33,0.00,0.00,0.00,0.00,0.00,0.00,0.00,0.00,0.92,0.27
rate,word,0,0,0,0,1,0,0,0,0,0,2,3,0.00,0.00,0.00,0.00,0.00,0.67,0.00,0.00,0.33,0.00,0.00,0.92,0.27
pareil,lemma,0,2,0,0,0,0,0,0,0,0,1,3,0.67,0.00,0.00,0.00,0.00,0.33,0.00,0.00,0.00,0.00,0.00,0.92,0.27
donnent,word,0,0,0,0,0,1,0,2,0,0,0,3,0.00,0.00,0.67,0.00,0.00,0.00,0.00,0.00,0.00,0.33,0.00,0.92,0.27
paniquer,lemma,0,0,0,0,0,0,0,0,2,1,0,3,0.00,0.00,0.00,0.67,0.33,0.00,0.00,0.00,0.00,0.00,0.00,0.92,0.27
dirigeant,word,1,2,0,0,0,0,0,0,0,0,0,3,0.67,0.00,0.00,0.00,0.00,0.00,0.33,0.00,0.00,0.00,0.00,0.92,0.27
contenir,lemma,0,0,0,0,0,0,0,0,1,2,0,3,0.00,0.00,0.00,0.33,0.67,0.00,0.00,0.00,0.00,0.00,0.00,0.92,0.27
contaminer,lemma,0,1,0,0,0,0,0,0,2,0,0,3,0.33,0.00,0.00,0.67,0.00,0.00,0.00,0.00,0.00,0.00,0.00,0.92,0.27
considérablemer,lemma,0,0,0,0,0,1,0,2,0,0,0,3,0.00,0.00,0.67,0.00,0.00,0.00,0.00,0.00,0.00,0.33,0.00,0.92,0.27
contrôler,lemma,1,2,0,0,0,0,0,0,0,0,0,3,0.67,0.00,0.00,0.00,0.00,0.00,0.33,0.00,0.00,0.00,0.00,0.92,0.27
considérablement,word,0,0,0,0,0,1,0,2,0,0,0,3,0.00,0.00,0.67,0.00,0.00,0.00,0.00,0.00,0.00,0.33,0.00,0.92,0.27
jouet,lemma,0,0,0,0,0,0,0,2,0,0,1,3,0.00,0.00,0.67,0.00,0.00,0.33,0.00,0.00,0.00,0.00,0.00,0.92,0.27
joue,word,0,0,0,0,0,0,1,0,0,2,0,3,0.00,0.00,0.00,0.00,0.67,0.00,0.00,0.00,0.00,0.00,0.33,0.92,0.27
cinéma,word,0,0,0,0,0,0,0,1,0,2,0,3,0.00,0.00,0.33,0.00,0.67,0.00,0.00,0.00,0.00,0.00,0.00,0.92,0.27
domaine,word,0,2,0,0,0,0,0,1,0,0,0,3,0.67,0.00,0.33,0.00,0.00,0.00,0.00,0.00,0.00,0.00,0.00,0.92,0.27
domaine,lemma,0,2,0,0,0,0,0,1,0,0,0,3,0.67,0.00,0.33,0.00,0.00,0.00,0.00,0.00,0.00,0.00,0.00,0.92,0.27
paniqué,word,0,0,0,0,0,0,0,0,2,1,0,3,0.00,0.00,0.00,0.67,0.33,0.00,0.00,0.00,0.00,0.00,0.00,0.92,0.27
camp,lemma,0,0,0,0,0,0,0,0,2,0,1,3,0.00,0.00,0.00,0.67,0.00,0.33,0.00,0.00,0.00,0.00,0.00,0.92,0.27
réservoir,lemma,0,0,0,0,0,0,0,0,2,1,0,3,0.00,0.00,0.00,0.67,0.33,0.00,0.00,0.00,0.00,0.00,0.00,0.92,0.27
réseaux,word,0,2,0,0,0,0,0,0,1,0,0,3,0.67,0.00,0.00,0.33,0.00,0.00,0.00,0.00,0.00,0.00,0.00,0.92,0.27
opposé,word,0,2,0,0,0,0,0,0,1,0,0,3,0.67,0.00,0.00,0.33,0.00,0.00,0.00,0.00,0.00,0.00,0.00,0.92,0.27
onze,word,0,0,0,0,0,0,0,0,0,1,2,3,0.00,0.00,0.00,0.00,0.33,0.67,0.00,0.00,0.00,0.00,0.00,0.92,0.27
rouge,lemma,0,1,0,0,0,0,0,0,2,0,0,3,0.33,0.00,0.00,0.67,0.00,0.00,0.00,0.00,0.00,0.00,0.00,0.92,0.27
russie,word,0,2,0,0,0,0,0,1,0,0,0,3,0.67,0.00,0.33,0.00,0.00,0.00,0.00,0.00,0.00,0.00,0.00,0.92,0.27
russie,lemma,0,2,0,0,0,0,0,1,0,0,0,3,0.67,0.00,0.33,0.00,0.00,0.00,0.00,0.00,0.00,0.00,0.00,0.92,0.27
royal,lemma,0,2,0,0,0,0,0,1,0,0,0,3,0.67,0.00,0.33,0.00,0.00,0.00,0.00,0.00,0.00,0.00,0.00,0.92,0.27
rouges,word,0,1,0,0,0,0,0,0,2,0,0,3,0.33,0.00,0.00,0.67,0.00,0.00,0.00,0.00,0.00,0.00,0.00,0.92,0.27
réagir,word,0,2,0,0,0,0,0,0,0,1,0,3,0.67,0.00,0.00,0.00,0.33,0.00,0.00,0.00,0.00,0.00,0.00,0.92,0.27
chrétiens,word,0,1,0,0,0,0,0,0,2,0,0,3,0.33,0.00,0.00,0.67,0.00,0.00,0.00,0.00,0.00,0.00,0.00,0.92,0.27
clinton,lemma,0,2,0,0,0,0,0,0,0,1,0,3,0.67,0.00,0.00,0.00,0.33,0.00,0.00,0.00,0.00,0.00,0.00,0.92,0.27
inondations,word,0,0,0,0,0,0,0,0,4,0,2,6,0.00,0.00,0.00,0.67,0.00,0.33,0.00,0.00,0.00,0.00,0.00,0.92,0.27
fière,lemma,0,0,0,0,0,2,0,1,0,0,0,3,0.00,0.00,0.33,0.00,0.00,0.00,0.00,0.00,0.00,0.67,0.00,0.92,0.27
nuage,lemma,0,0,0,0,0,1,0,2,0,0,0,3,0.00,0.00,0.67,0.00,0.00,0.00,0.00,0.00,0.00,0.33,0.00,0.92,0.27
onze,lemma,0,0,0,0,0,0,0,0,0,1,2,3,0.00,0.00,0.00,0.00,0.33,0.67,0.00,0.00,0.00,0.00,0.00,0.92,0.27
ordre,lemma,0,2,0,0,0,0,0,0,1,0,0,3,0.67,0.00,0.00,0.33,0.00,0.00,0.00,0.00,0.00,0.00,0.00,0.92,0.27
opération,lemma,0,1,0,0,0,0,0,0,2,0,0,3,0.33,0.00,0.00,0.67,0.00,0.00,0.00,0.00,0.00,0.00,0.00,0.92,0.27
sexuellement,lemma,0,1,0,0,0,0,0,0,0,0,2,3,0.33,0.00,0.00,0.00,0.00,0.67,0.00,0.00,0.00,0.00,0.00,0.92,0.27
seras,word,0,1,0,0,0,0,0,2,0,0,0,3,0.33,0.00,0.67,0.00,0.00,0.00,0.00,0.00,0.00,0.00,0.00,0.92,0.27
sentent,word,0,2,0,0,0,0,0,4,0,0,0,6,0.33,0.00,0.67,0.00,0.00,0.00,0.00,0.00,0.00,0.00,0.00,0.92,0.27
soirée,lemma,0,1,0,0,0,0,0,2,0,0,0,3,0.33,0.00,0.67,0.00,0.00,0.00,0.00,0.00,0.00,0.00,0.00,0.92,0.27
soigner,lemma,0,0,0,0,0,0,0,0,2,0,1,3,0.00,0.00,0.00,0.67,0.00,0.33,0.00,0.00,0.00,0.00,0.00,0.92,0.27
six,word,0,0,0,0,0,0,0,0,1,0,2,3,0.00,0.00,0.00,0.33,0.00,0.67,0.00,0.00,0.00,0.00,0.00,0.92,0.27
chrétien,lemma,0,1,0,0,0,0,0,0,2,0,0,3,0.33,0.00,0.00,0.67,0.00,0.00,0.00,0.00,0.00,0.00,0.00,0.92,0.27
clinton,word,0,2,0,0,0,0,0,0,0,1,0,3,0.67,0.00,0.00,0.00,0.33,0.00,0.00,0.00,0.00,0.00,0.00,0.92,0.27
ordre,word,0,2,0,0,0,0,0,0,1,0,0,3,0.67,0.00,0.00,0.33,0.00,0.00,0.00,0.00,0.00,0.00,0.00,0.92,0.27
climatique,word,0,1,0,0,0,0,0,0,2,0,0,3,0.33,0.00,0.00,0.67,0.00,0.00,0.00,0.00,0.00,0.00,0.00,0.92,0.27
iran,word,0,2,0,0,0,0,0,0,1,0,0,3,0.67,0.00,0.00,0.33,0.00,0.00,0.00,0.00,0.00,0.00,0.00,0.92,0.27
jalousies,word,0,1,0,0,0,0,2,0,0,0,0,3,0.33,0.00,0.00,0.00,0.00,0.00,0.00,0.00,0.00,0.00,0.67,0.92,0.27
enrager,lemma,0,2,0,0,1,0,0,0,0,0,0,3,0.67,0.00,0.00,0.00,0.00,0.00,0.00,0.00,0.33,0.00,0.00,0.92,0.27
engager,lemma,0,2,0,0,0,0,0,0,4,0,0,6,0.33,0.00,0.00,0.67,0.00,0.00,0.00,0.00,0.00,0.00,0.00,0.92,0.27
enfermer,word,0,1,0,0,0,0,0,0,0,0,2,3,0.33,0.00,0.00,0.00,0.00,0.67,0.00,0.00,0.00,0.00,0.00,0.92,0.27
enfer,lemma,0,2,0,0,0,1,0,0,0,0,0,3,0.67,0.00,0.00,0.00,0.00,0.00,0.00,0.00,0.00,0.33,0.00,0.92,0.27
loup,word,0,2,0,0,0,0,0,0,4,0,0,6,0.33,0.00,0.00,0.67,0.00,0.00,0.00,0.00,0.00,0.00,0.00,0.92,0.27
osent,word,0,0,0,0,2,0,0,0,1,0,0,3,0.00,0.00,0.00,0.33,0.00,0.00,0.00,0.00,0.67,0.00,0.00,0.92,0.27
ose,lemma,0,0,0,0,2,0,0,0,1,0,0,3,0.00,0.00,0.00,0.33,0.00,0.00,0.00,0.00,0.67,0.00,0.00,0.92,0.27
candidat,lemma,0,1,0,0,0,0,0,0,0,2,0,3,0.33,0.00,0.00,0.00,0.67,0.00,0.00,0.00,0.00,0.00,0.00,0.92,0.27
immeuble,lemma,0,0,0,0,0,0,0,0,2,0,1,3,0.00,0.00,0.00,0.67,0.00,0.33,0.00,0.00,0.00,0.00,0.00,0.92,0.27
causer,lemma,0,2,0,0,0,0,0,0,0,0,1,3,0.67,0.00,0.00,0.00,0.00,0.33,0.00,0.00,0.00,0.00,0.00,0.92,0.27
naturelles,word,0,1,0,0,0,0,0,0,2,0,0,3,0.33,0.00,0.00,0.67,0.00,0.00,0.00,0.00,0.00,0.00,0.00,0.92,0.27
naturel,lemma,0,1,0,0,0,0,0,0,2,0,0,3,0.33,0.00,0.00,0.67,0.00,0.00,0.00,0.00,0.00,0.00,0.00,0.92,0.27
mésaventure,word,0,0,0,0,0,0,0,0,1,2,0,3,0.00,0.00,0.00,0.33,0.67,0.00,0.00,0.00,0.00,0.00,0.00,0.92,0.27
mésaventure,lemma,0,0,0,0,0,0,0,0,1,2,0,3,0.00,0.00,0.00,0.33,0.67,0.00,0.00,0.00,0.00,0.00,0.00,0.92,0.27
nombre,word,0,0,0,0,0,0,0,0,2,0,1,3,0.00,0.00,0.00,0.67,0.00,0.33,0.00,0.00,0.00,0.00,0.00,0.92,0.27
nombre,lemma,0,0,0,0,0,0,0,0,2,0,1,3,0.00,0.00,0.00,0.67,0.00,0.33,0.00,0.00,0.00,0.00,0.00,0.92,0.27
réagir,lemma,0,2,0,0,0,0,0,0,0,1,0,3,0.67,0.00,0.00,0.00,0.33,0.00,0.00,0.00,0.00,0.00,0.00,0.92,0.27
râle,lemma,0,2,0,0,0,0,0,0,0,0,1,3,0.67,0.00,0.00,0.00,0.00,0.33,0.00,0.00,0.00,0.00,0.00,0.92,0.27
répression,word,0,0,0,0,0,0,0,0,2,0,1,3,0.00,0.00,0.00,0.67,0.00,0.33,0.00,0.00,0.00,0.00,0.00,0.92,0.27
répression,lemma,0,0,0,0,0,0,0,0,2,0,1,3,0.00,0.00,0.00,0.67,0.00,0.33,0.00,0.00,0.00,0.00,0.00,0.92,0.27
loups,word,0,2,0,0,0,0,0,0,1,0,0,3,0.67,0.00,0.00,0.33,0.00,0.00,0.00,0.00,0.00,0.00,0.00,0.92,0.27
meurtre,lemma,0,2,0,0,0,0,0,0,1,0,0,3,0.67,0.00,0.00,0.33,0.00,0.00,0.00,0.00,0.00,0.00,0.00,0.92,0.27
turquie,word,0,2,0,0,0,0,0,0,1,0,0,3,0.67,0.00,0.00,0.33,0.00,0.00,0.00,0.00,0.00,0.00,0.00,0.92,0.27
turquie,lemma,0,2,0,0,0,0,0,0,1,0,0,3,0.67,0.00,0.00,0.33,0.00,0.00,0.00,0.00,0.00,0.00,0.00,0.92,0.27
trône,word,0,0,0,0,0,0,0,0,2,1,0,3,0.00,0.00,0.00,0.67,0.33,0.00,0.00,0.00,0.00,0.00,0.00,0.92,0.27
trône,lemma,0,0,0,0,0,0,0,0,2,1,0,3,0.00,0.00,0.00,0.67,0.33,0.00,0.00,0.00,0.00,0.00,0.00,0.92,0.27
trouve,word,0,0,0,0,0,0,0,1,0,2,0,3,0.00,0.00,0.33,0.00,0.67,0.00,0.00,0.00,0.00,0.00,0.00,0.92,0.27
ému,lemma,0,0,0,0,1,0,0,2,0,0,0,3,0.00,0.00,0.67,0.00,0.00,0.00,0.00,0.00,0.33,0.00,0.00,0.92,0.27
physique,word,0,2,0,0,0,0,0,0,1,0,0,3,0.67,0.00,0.00,0.33,0.00,0.00,0.00,0.00,0.00,0.00,0.00,0.92,0.27
physique,lemma,0,2,0,0,0,0,0,0,1,0,0,3,0.67,0.00,0.00,0.33,0.00,0.00,0.00,0.00,0.00,0.00,0.00,0.92,0.27
peuple,word,0,4,0,0,0,0,0,0,2,0,0,6,0.67,0.00,0.00,0.33,0.00,0.00,0.00,0.00,0.00,0.00,0.00,0.92,0.27
persécutée,word,0,0,0,0,0,0,0,0,2,0,1,3,0.00,0.00,0.00,0.67,0.00,0.33,0.00,0.00,0.00,0.00,0.00,0.92,0.27
logement,word,0,1,0,0,0,0,0,0,0,0,2,3,0.33,0.00,0.00,0.00,0.00,0.67,0.00,0.00,0.00,0.00,0.00,0.92,0.27
perdrait,word,0,0,0,0,0,0,0,0,1,0,2,3,0.00,0.00,0.00,0.33,0.00,0.67,0.00,0.00,0.00,0.00,0.00,0.92,0.27
pensent,word,0,2,0,0,0,0,0,0,0,0,1,3,0.67,0.00,0.00,0.00,0.00,0.33,0.00,0.00,0.00,0.00,0.00,0.92,0.27
zones,word,0,1,0,0,0,0,0,0,2,0,0,3,0.33,0.00,0.00,0.67,0.00,0.00,0.00,0.00,0.00,0.00,0.00,0.92,0.27
zone,word,0,2,0,0,0,0,0,0,1,0,0,3,0.67,0.00,0.00,0.33,0.00,0.00,0.00,0.00,0.00,0.00,0.00,0.92,0.27
vérité,word,0,2,0,0,0,0,0,0,0,0,1,3,0.67,0.00,0.00,0.00,0.00,0.33,0.00,0.00,0.00,0.00,0.00,0.92,0.27
électrique,word,0,1,0,0,0,0,0,0,2,0,0,3,0.33,0.00,0.00,0.67,0.00,0.00,0.00,0.00,0.00,0.00,0.00,0.92,0.27
électrique,lemma,0,1,0,0,0,0,0,0,2,0,0,3,0.33,0.00,0.00,0.67,0.00,0.00,0.00,0.00,0.00,0.00,0.00,0.92,0.27
égard,word,0,2,0,0,0,0,0,0,1,0,0,3,0.67,0.00,0.00,0.33,0.00,0.00,0.00,0.00,0.00,0.00,0.00,0.92,0.27
égard,lemma,0,2,0,0,0,0,0,0,1,0,0,3,0.67,0.00,0.00,0.33,0.00,0.00,0.00,0.00,0.00,0.00,0.00,0.92,0.27
piano,word,0,0,0,0,0,0,0,1,0,0,2,3,0.00,0.00,0.33,0.00,0.00,0.67,0.00,0.00,0.00,0.00,0.00,0.92,0.27
ait,word,0,0,0,0,0,0,0,1,2,0,0,3,0.00,0.00,0.33,0.67,0.00,0.00,0.00,0.00,0.00,0.00,0.00,0.92,0.27
aide,lemma,0,0,0,0,0,0,0,1,2,0,0,3,0.00,0.00,0.33,0.67,0.00,0.00,0.00,0.00,0.00,0.00,0.00,0.92,0.27
participer,word,0,0,0,0,0,1,0,2,0,0,0,3,0.00,0.00,0.67,0.00,0.00,0.00,0.00,0.00,0.00,0.33,0.00,0.92,0.27
gronde,word,0,2,0,0,0,0,0,0,1,0,0,3,0.67,0.00,0.00,0.33,0.00,0.00,0.00,0.00,0.00,0.00,0.00,0.92,0.27
vague,word,0,0,0,0,0,0,0,0,2,1,0,3,0.00,0.00,0.00,0.67,0.33,0.00,0.00,0.00,0.00,0.00,0.00,0.92,0.27
venait,word,0,1,0,0,0,0,0,0,0,0,2,3,0.33,0.00,0.00,0.00,0.00,0.67,0.00,0.00,0.00,0.00,0.00,0.92,0.27
valeur,lemma,0,1,0,0,0,0,0,2,0,0,0,3,0.33,0.00,0.67,0.00,0.00,0.00,0.00,0.00,0.00,0.00,0.00,0.92,0.27
viol,word,0,2,0,0,0,0,0,0,1,0,0,3,0.67,0.00,0.00,0.33,0.00,0.00,0.00,0.00,0.00,0.00,0.00,0.92,0.27
village,word,0,0,0,0,0,0,0,0,4,0,2,6,0.00,0.00,0.00,0.67,0.00,0.33,0.00,0.00,0.00,0.00,0.00,0.92,0.27
vif,lemma,0,2,0,0,0,0,0,0,0,0,1,3,0.67,0.00,0.00,0.00,0.00,0.33,0.00,0.00,0.00,0.00,0.00,0.92,0.27
animer,lemma,0,0,0,0,0,0,0,2,0,1,0,3,0.00,0.00,0.67,0.00,0.33,0.00,0.00,0.00,0.00,0.00,0.00,0.92,0.27
animal,word,1,0,0,0,0,0,0,0,2,0,0,3,0.00,0.00,0.00,0.67,0.00,0.00,0.33,0.00,0.00,0.00,0.00,0.92,0.27
angoissé,word,0,1,0,0,0,0,0,0,2,0,0,3,0.33,0.00,0.00,0.67,0.00,0.00,0.00,0.00,0.00,0.00,0.00,0.92,0.27
arabe,word,0,1,0,2,0,0,0,0,0,0,0,3,0.33,0.67,0.00,0.00,0.00,0.00,0.00,0.00,0.00,0.00,0.00,0.92,0.27
meurtre,word,0,2,0,0,0,0,0,0,1,0,0,3,0.67,0.00,0.00,0.33,0.00,0.00,0.00,0.00,0.00,0.00,0.00,0.92,0.27
grand-père,word,0,0,0,0,0,0,0,1,0,0,2,3,0.00,0.00,0.33,0.00,0.00,0.67,0.00,0.00,0.00,0.00,0.00,0.92,0.27
graisse,word,0,1,0,2,0,0,0,0,0,0,0,3,0.33,0.67,0.00,0.00,0.00,0.00,0.00,0.00,0.00,0.00,0.00,0.92,0.27
graisse,lemma,0,1,0,2,0,0,0,0,0,0,0,3,0.33,0.67,0.00,0.00,0.00,0.00,0.00,0.00,0.00,0.00,0.00,0.92,0.27
université,word,0,2,0,0,0,0,0,0,0,0,1,3,0.67,0.00,0.00,0.00,0.00,0.33,0.00,0.00,0.00,0.00,0.00,0.92,0.27
vaches,word,0,2,0,0,0,0,0,0,0,0,1,3,0.67,0.00,0.00,0.00,0.00,0.33,0.00,0.00,0.00,0.00,0.00,0.92,0.27
vaccin,lemma,0,2,0,0,0,0,0,0,4,0,0,6,0.33,0.00,0.00,0.67,0.00,0.00,0.00,0.00,0.00,0.00,0.00,0.92,0.27
utilisation,word,0,1,0,0,0,0,0,0,2,0,0,3,0.33,0.00,0.00,0.67,0.00,0.00,0.00,0.00,0.00,0.00,0.00,0.92,0.27
utilisation,lemma,0,1,0,0,0,0,0,0,2,0,0,3,0.33,0.00,0.00,0.67,0.00,0.00,0.00,0.00,0.00,0.00,0.00,0.92,0.27
apparition,lemma,0,0,0,0,0,0,0,0,2,1,0,3,0.00,0.00,0.00,0.67,0.33,0.00,0.00,0.00,0.00,0.00,0.00,0.92,0.27
année,word,0,0,0,0,0,0,0,2,1,0,0,3,0.00,0.00,0.67,0.33,0.00,0.00,0.00,0.00,0.00,0.00,0.00,0.92,0.27
annoncer,lemma,0,0,0,0,0,0,0,2,1,0,0,3,0.00,0.00,0.67,0.33,0.00,0.00,0.00,0.00,0.00,0.00,0.00,0.92,0.27
accidents,word,0,2,0,0,0,0,0,0,0,0,1,3,0.67,0.00,0.00,0.00,0.00,0.33,0.00,0.00,0.00,0.00,0.00,0.92,0.27
apparition,word,0,0,0,0,0,0,0,0,2,1,0,3,0.00,0.00,0.00,0.67,0.33,0.00,0.00,0.00,0.00,0.00,0.00,0.92,0.27
jasper,word,0,1,0,0,2,0,0,0,0,0,0,3,0.33,0.00,0.00,0.00,0.00,0.00,0.00,0.00,0.67,0.00,0.00,0.92,0.27
jasper,lemma,0,1,0,0,2,0,0,0,0,0,0,3,0.33,0.00,0.00,0.00,0.00,0.00,0.00,0.00,0.67,0.00,0.00,0.92,0.27
jamar,word,0,0,0,0,0,1,0,2,0,0,0,3,0.00,0.00,0.67,0.00,0.00,0.00,0.00,0.00,0.00,0.33,0.00,0.92,0.27
exactement,lemma,0,0,0,0,0,1,0,2,0,0,0,3,0.00,0.00,0.67,0.00,0.00,0.00,0.00,0.00,0.00,0.33,0.00,0.92,0.27
profiter,word,0,2,0,0,0,0,0,1,0,0,0,3,0.67,0.00,0.33,0.00,0.00,0.00,0.00,0.00,0.00,0.00,0.00,0.92,0.27
profiter,lemma,0,2,0,0,0,0,0,1,0,0,0,3,0.67,0.00,0.33,0.00,0.00,0.00,0.00,0.00,0.00,0.00,0.00,0.92,0.27
produire,word,1,0,0,0,0,0,0,0,2,0,0,3,0.00,0.00,0.00,0.67,0.00,0.00,0.33,0.00,0.00,0.00,0.00,0.92,0.27
prison,word,0,2,0,0,0,0,0,0,4,0,0,6,0.33,0.00,0.00,0.67,0.00,0.00,0.00,0.00,0.00,0.00,0.00,0.92,0.27
prison,lemma,0,2,0,0,0,0,0,0,4,0,0,6,0.33,0.00,0.00,0.67,0.00,0.00,0.00,0.00,0.00,0.00,0.00,0.92,0.27
propos,word,0,2,0,0,0,0,0,0,0,1,0,3,0.67,0.00,0.00,0.00,0.33,0.00,0.00,0.00,0.00,0.00,0.00,0.92,0.27
propos,lemma,0,2,0,0,0,0,0,0,0,1,0,3,0.67,0.00,0.00,0.00,0.33,0.00,0.00,0.00,0.00,0.00,0.00,0.92,0.27
gilets,word,0,2,0,0,0,0,0,0,1,0,0,3,0.67,0.00,0.00,0.33,0.00,0.00,0.00,0.00,0.00,0.00,0.00,0.92,0.27
discriminations,word,0,1,0,0,0,0,0,0,0,0,2,3,0.33,0.00,0.00,0.00,0.00,0.67,0.00,0.00,0.00,0.00,0.00,0.92,0.27
euro,word,0,0,0,0,0,1,0,2,0,0,0,3,0.00,0.00,0.67,0.00,0.00,0.00,0.00,0.00,0.00,0.33,0.00,0.92,0.27
envoyé,word,1,2,0,0,0,0,0,0,0,0,0,3,0.67,0.00,0.00,0.00,0.00,0.00,0.33,0.00,0.00,0.00,0.00,0.92,0.27
lever,lemma,0,1,0,0,0,0,0,2,0,0,0,3,0.33,0.00,0.67,0.00,0.00,0.00,0.00,0.00,0.00,0.00,0.00,0.92,0.27
lesbiennes,word,0,1,0,2,0,0,0,0,0,0,0,3,0.33,0.67,0.00,0.00,0.00,0.00,0.00,0.00,0.00,0.00,0.00,0.92,0.27
partager,word,0,4,0,0,0,0,0,2,0,0,0,6,0.67,0.00,0.33,0.00,0.00,0.00,0.00,0.00,0.00,0.00,0.00,0.92,0.27
descendus,word,0,4,0,0,0,0,0,2,0,0,0,6,0.67,0.00,0.33,0.00,0.00,0.00,0.00,0.00,0.00,0.00,0.00,0.92,0.27
ranger,lemma,0,0,0,0,0,1,0,2,0,0,0,3,0.00,0.00,0.67,0.00,0.00,0.00,0.00,0.00,0.00,0.33,0.00,0.92,0.27
long,word,0,0,0,0,0,0,0,1,0,2,0,3,0.00,0.00,0.33,0.00,0.67,0.00,0.00,0.00,0.00,0.00,0.00,0.92,0.27
six,lemma,0,0,0,0,0,0,0,0,1,0,2,3,0.00,0.00,0.00,0.33,0.00,0.67,0.00,0.00,0.00,0.00,0.00,0.92,0.27
libertés,word,0,2,0,0,0,0,0,0,1,0,0,3,0.67,0.00,0.00,0.33,0.00,0.00,0.00,0.00,0.00,0.00,0.00,0.92,0.27
organiser,lemma,0,3,0,0,0,0,0,6,0,0,0,9,0.33,0.00,0.67,0.00,0.00,0.00,0.00,0.00,0.00,0.00,0.00,0.92,0.27
danser,word,0,0,0,0,1,0,0,2,0,0,0,3,0.00,0.00,0.67,0.00,0.00,0.00,0.00,0.00,0.33,0.00,0.00,0.92,0.27
voté,word,0,2,0,0,1,0,0,0,0,0,0,3,0.67,0.00,0.00,0.00,0.00,0.00,0.00,0.00,0.33,0.00,0.00,0.92,0.27
voter,word,0,0,0,0,0,1,0,0,2,0,0,3,0.00,0.00,0.00,0.67,0.00,0.00,0.00,0.00,0.00,0.33,0.00,0.92,0.27
voile,word,0,2,0,1,0,0,0,0,0,0,0,3,0.67,0.33,0.00,0.00,0.00,0.00,0.00,0.00,0.00,0.00,0.00,0.92,0.27
afin,word,0,1,0,0,0,0,0,0,2,0,0,3,0.33,0.00,0.00,0.67,0.00,0.00,0.00,0.00,0.00,0.00,0.00,0.92,0.27
afin,lemma,0,1,0,0,0,0,0,0,2,0,0,3,0.33,0.00,0.00,0.67,0.00,0.00,0.00,0.00,0.00,0.00,0.00,0.92,0.27
absolument,word,1,0,0,0,0,0,0,2,0,0,0,3,0.00,0.00,0.67,0.00,0.00,0.00,0.33,0.00,0.00,0.00,0.00,0.92,0.27
échappé,word,0,0,0,0,0,0,0,0,2,1,0,3,0.00,0.00,0.00,0.67,0.33,0.00,0.00,0.00,0.00,0.00,0.00,0.92,0.27
échapper,word,0,2,0,0,0,0,0,0,4,0,0,6,0.33,0.00,0.00,0.67,0.00,0.00,0.00,0.00,0.00,0.00,0.00,0.92,0.27
actrice,word,0,0,0,0,0,1,0,2,0,0,0,3,0.00,0.00,0.67,0.00,0.00,0.00,0.00,0.00,0.00,0.33,0.00,0.92,0.27
écrire,word,0,0,0,0,0,0,0,2,1,0,0,3,0.00,0.00,0.67,0.33,0.00,0.00,0.00,0.00,0.00,0.00,0.00,0.92,0.27
écrir,lemma,0,0,0,0,0,0,0,2,1,0,0,3,0.00,0.00,0.67,0.33,0.00,0.00,0.00,0.00,0.00,0.00,0.00,0.92,0.27
alarme,word,0,0,0,0,0,0,0,0,2,1,0,3,0.00,0.00,0.00,0.67,0.33,0.00,0.00,0.00,0.00,0.00,0.00,0.92,0.27
précipite,word,0,0,0,0,0,0,0,2,1,0,0,3,0.00,0.00,0.67,0.33,0.00,0.00,0.00,0.00,0.00,0.00,0.00,0.92,0.27
jamar,lemma,0,0,0,0,0,1,0,2,0,0,0,3,0.00,0.00,0.67,0.00,0.00,0.00,0.00,0.00,0.00,0.33,0.00,0.92,0.27
faisaient,word,0,0,0,0,0,0,0,0,2,0,1,3,0.00,0.00,0.00,0.67,0.00,0.33,0.00,0.00,0.00,0.00,0.00,0.92,0.27
faim,word,0,1,0,0,0,0,0,0,0,0,2,3,0.33,0.00,0.00,0.00,0.00,0.67,0.00,0.00,0.00,0.00,0.00,0.92,0.27
faim,lemma,0,1,0,0,0,0,0,0,0,0,2,3,0.33,0.00,0.00,0.00,0.00,0.67,0.00,0.00,0.00,0.00,0.00,0.92,0.27
jaunes,word,0,2,0,0,0,0,0,0,1,0,0,3,0.67,0.00,0.00,0.33,0.00,0.00,0.00,0.00,0.00,0.00,0.00,0.92,0.27
fantômes,word,1,0,0,0,0,0,0,0,2,0,0,3,0.00,0.00,0.00,0.67,0.00,0.00,0.33,0.00,0.00,0.00,0.00,0.92,0.27
fantôme,lemma,1,0,0,0,0,0,0,0,2,0,0,3,0.00,0.00,0.00,0.67,0.00,0.00,0.33,0.00,0.00,0.00,0.00,0.92,0.27
famine,word,0,0,0,0,0,0,0,0,4,0,2,6,0.00,0.00,0.00,0.67,0.00,0.33,0.00,0.00,0.00,0.00,0.00,0.92,0.27
profs,word,0,2,0,0,0,0,0,0,1,0,0,3,0.67,0.00,0.00,0.33,0.00,0.00,0.00,0.00,0.00,0.00,0.00,0.92,0.27
propre,lemma,0,1,0,0,0,0,0,0,2,0,0,3,0.33,0.00,0.00,0.67,0.00,0.00,0.00,0.00,0.00,0.00,0.00,0.92,0.27
préoccuper,lemma,0,4,0,0,0,0,0,0,2,0,0,6,0.67,0.00,0.00,0.33,0.00,0.00,0.00,0.00,0.00,0.00,0.00,0.92,0.27
précipiter,lemma,0,0,0,0,0,0,0,2,1,0,0,3,0.00,0.00,0.67,0.33,0.00,0.00,0.00,0.00,0.00,0.00,0.00,0.92,0.27
ajouter,lemma,0,0,0,0,0,0,0,1,2,0,0,3,0.00,0.00,0.33,0.67,0.00,0.00,0.00,0.00,0.00,0.00,0.00,0.92,0.27
touchés,word,0,0,0,0,0,0,0,0,1,0,2,3,0.00,0.00,0.00,0.33,0.00,0.67,0.00,0.00,0.00,0.00,0.00,0.92,0.27
torturés,word,0,0,0,0,0,0,0,0,2,0,1,3,0.00,0.00,0.00,0.67,0.00,0.33,0.00,0.00,0.00,0.00,0.00,0.92,0.27
arrivée,lemma,0,2,0,0,0,0,0,0,4,0,0,6,0.33,0.00,0.00,0.67,0.00,0.00,0.00,0.00,0.00,0.00,0.00,0.92,0.27
arrivent,word,0,0,0,0,0,0,0,0,0,1,2,3,0.00,0.00,0.00,0.00,0.33,0.67,0.00,0.00,0.00,0.00,0.00,0.92,0.27
traverser,lemma,0,2,0,0,1,0,0,0,0,0,0,3,0.67,0.00,0.00,0.00,0.00,0.00,0.00,0.00,0.33,0.00,0.00,0.92,0.27
détruites,word,0,0,0,0,0,0,0,0,4,0,2,6,0.00,0.00,0.00,0.67,0.00,0.33,0.00,0.00,0.00,0.00,0.00,0.92,0.27
détester,lemma,0,1,0,0,0,0,0,0,0,0,2,3,0.33,0.00,0.00,0.00,0.00,0.67,0.00,0.00,0.00,0.00,0.00,0.92,0.27
désolée,word,0,0,0,0,2,0,0,0,0,0,1,3,0.00,0.00,0.00,0.00,0.00,0.33,0.00,0.00,0.67,0.00,0.00,0.92,0.27
toilette,lemma,0,0,0,0,0,0,0,0,2,1,0,3,0.00,0.00,0.00,0.67,0.33,0.00,0.00,0.00,0.00,0.00,0.00,0.92,0.27
titre,word,0,0,0,0,0,1,0,2,0,0,0,3,0.00,0.00,0.67,0.00,0.00,0.00,0.00,0.00,0.00,0.33,0.00,0.92,0.27
foutre,word,0,2,0,1,0,0,0,0,0,0,0,3,0.67,0.33,0.00,0.00,0.00,0.00,0.00,0.00,0.00,0.00,0.00,0.92,0.27
bête,lemma,0,0,0,0,0,0,0,1,2,0,0,3,0.00,0.00,0.33,0.67,0.00,0.00,0.00,0.00,0.00,0.00,0.00,0.92,0.27
frustrer,lemma,0,2,0,0,0,0,0,0,0,0,4,6,0.33,0.00,0.00,0.00,0.00,0.67,0.00,0.00,0.00,0.00,0.00,0.92,0.27
autonomie,word,0,1,0,0,0,0,0,0,2,0,0,3,0.33,0.00,0.00,0.67,0.00,0.00,0.00,0.00,0.00,0.00,0.00,0.92,0.27
autonomie,lemma,0,1,0,0,0,0,0,0,2,0,0,3,0.33,0.00,0.00,0.67,0.00,0.00,0.00,0.00,0.00,0.00,0.00,0.92,0.27
auraient,word,0,0,0,0,0,0,0,0,2,0,1,3,0.00,0.00,0.00,0.67,0.00,0.33,0.00,0.00,0.00,0.00,0.00,0.92,0.27
mobilisent,word,0,2,0,0,0,0,0,0,1,0,0,3,0.67,0.00,0.00,0.33,0.00,0.00,0.00,0.00,0.00,0.00,0.00,0.92,0.27
endroit,word,0,0,0,0,0,0,0,1,2,0,0,3,0.00,0.00,0.33,0.67,0.00,0.00,0.00,0.00,0.00,0.00,0.00,0.92,0.27
endroit,lemma,0,0,0,0,0,0,0,1,2,0,0,3,0.00,0.00,0.33,0.67,0.00,0.00,0.00,0.00,0.00,0.00,0.00,0.92,0.27
emplois,word,0,2,0,0,0,0,0,0,1,0,0,3,0.67,0.00,0.00,0.33,0.00,0.00,0.00,0.00,0.00,0.00,0.00,0.92,0.27
dévorer,lemma,0,0,0,0,0,0,0,2,1,0,0,3,0.00,0.00,0.67,0.33,0.00,0.00,0.00,0.00,0.00,0.00,0.00,0.92,0.27
accepter,lemma,0,0,0,0,1,0,0,0,2,0,0,3,0.00,0.00,0.00,0.67,0.00,0.00,0.00,0.00,0.33,0.00,0.00,0.92,0.27
portable,word,0,0,0,0,0,0,0,0,2,1,0,3,0.00,0.00,0.00,0.67,0.33,0.00,0.00,0.00,0.00,0.00,0.00,0.92,0.27
fouiller,lemma,0,2,0,0,0,0,0,0,0,1,0,3,0.67,0.00,0.00,0.00,0.33,0.00,0.00,0.00,0.00,0.00,0.00,0.92,0.27
sûrement,lemma,0,0,0,0,0,0,0,1,0,2,0,3,0.00,0.00,0.33,0.00,0.67,0.00,0.00,0.00,0.00,0.00,0.00,0.92,0.27
tenté,word,0,2,0,0,0,0,0,0,1,0,0,3,0.67,0.00,0.00,0.33,0.00,0.00,0.00,0.00,0.00,0.00,0.00,0.92,0.27
tenir,word,0,0,0,0,0,0,0,2,0,1,0,3,0.00,0.00,0.67,0.00,0.33,0.00,0.00,0.00,0.00,0.00,0.00,0.92,0.27
hein,word,0,1,0,0,0,0,0,0,0,2,0,3,0.33,0.00,0.00,0.00,0.67,0.00,0.00,0.00,0.00,0.00,0.00,0.92,0.27
hein,lemma,0,1,0,0,0,0,0,0,0,2,0,3,0.33,0.00,0.00,0.00,0.67,0.00,0.00,0.00,0.00,0.00,0.00,0.92,0.27
hillary,word,0,2,0,0,0,0,0,0,0,1,0,3,0.67,0.00,0.00,0.00,0.33,0.00,0.00,0.00,0.00,0.00,0.00,0.92,0.27
hillary,lemma,0,2,0,0,0,0,0,0,0,1,0,3,0.67,0.00,0.00,0.00,0.33,0.00,0.00,0.00,0.00,0.00,0.00,0.92,0.27
hors,word,0,0,0,0,0,0,0,0,3,6,0,9,0.00,0.00,0.00,0.33,0.67,0.00,0.00,0.00,0.00,0.00,0.00,0.92,0.27
moque,lemma,0,2,0,0,0,0,0,0,0,0,1,3,0.67,0.00,0.00,0.00,0.00,0.33,0.00,0.00,0.00,0.00,0.00,0.92,0.27
montagne,word,0,1,0,0,0,0,0,0,2,0,0,3,0.33,0.00,0.00,0.67,0.00,0.00,0.00,0.00,0.00,0.00,0.00,0.92,0.27
mystérieux,word,0,0,0,0,0,0,0,0,2,1,0,3,0.00,0.00,0.00,0.67,0.33,0.00,0.00,0.00,0.00,0.00,0.00,0.92,0.27
traiter,lemma,0,3,0,0,6,0,0,0,0,0,0,9,0.33,0.00,0.00,0.00,0.00,0.00,0.00,0.00,0.67,0.00,0.00,0.92,0.27
musique,word,0,1,0,0,0,0,0,2,0,0,0,3,0.33,0.00,0.67,0.00,0.00,0.00,0.00,0.00,0.00,0.00,0.00,0.92,0.27
musique,lemma,0,1,0,0,0,0,0,2,0,0,0,3,0.33,0.00,0.67,0.00,0.00,0.00,0.00,0.00,0.00,0.00,0.00,0.92,0.27
murmure,word,0,2,0,0,0,0,0,0,1,0,0,3,0.67,0.00,0.00,0.33,0.00,0.00,0.00,0.00,0.00,0.00,0.00,0.92,0.27
murmure,lemma,0,2,0,0,0,0,0,0,1,0,0,3,0.67,0.00,0.00,0.33,0.00,0.00,0.00,0.00,0.00,0.00,0.00,0.92,0.27
attaqu,lemma,0,1,0,0,0,0,0,0,2,0,0,3,0.33,0.00,0.00,0.67,0.00,0.00,0.00,0.00,0.00,0.00,0.00,0.92,0.27
troupeau,lemma,0,0,0,1,0,0,0,0,2,0,0,3,0.00,0.33,0.00,0.67,0.00,0.00,0.00,0.00,0.00,0.00,0.00,0.92,0.27
millimètre,word,0,0,0,0,0,0,0,0,2,1,0,3,0.00,0.00,0.00,0.67,0.33,0.00,0.00,0.00,0.00,0.00,0.00,0.92,0.27
millimètre,lemma,0,0,0,0,0,0,0,0,2,1,0,3,0.00,0.00,0.00,0.67,0.33,0.00,0.00,0.00,0.00,0.00,0.00,0.92,0.27
mille,word,0,2,0,1,0,0,0,0,0,0,0,3,0.67,0.33,0.00,0.00,0.00,0.00,0.00,0.00,0.00,0.00,0.00,0.92,0.27
mille,lemma,0,2,0,1,0,0,0,0,0,0,0,3,0.67,0.33,0.00,0.00,0.00,0.00,0.00,0.00,0.00,0.00,0.00,0.92,0.27
migrants,word,0,2,0,0,0,0,0,0,1,0,0,3,0.67,0.00,0.00,0.33,0.00,0.00,0.00,0.00,0.00,0.00,0.00,0.92,0.27
harcelé,word,0,0,0,0,0,0,0,0,1,0,2,3,0.00,0.00,0.00,0.33,0.00,0.67,0.00,0.00,0.00,0.00,0.00,0.92,0.27
musée,word,0,0,0,0,0,2,0,1,0,0,0,3,0.00,0.00,0.33,0.00,0.00,0.00,0.00,0.00,0.00,0.67,0.00,0.92,0.27
cul,lemma,0,2,0,1,0,0,0,0,0,0,0,3,0.67,0.33,0.00,0.00,0.00,0.00,0.00,0.00,0.00,0.00,0.00,0.92,0.27
cu,word,0,1,0,2,0,0,0,0,0,0,0,3,0.33,0.67,0.00,0.00,0.00,0.00,0.00,0.00,0.00,0.00,0.00,0.92,0.27
cu,lemma,0,1,0,2,0,0,0,0,0,0,0,3,0.33,0.67,0.00,0.00,0.00,0.00,0.00,0.00,0.00,0.00,0.00,0.92,0.27
côtés,word,0,2,0,0,0,0,0,1,0,0,0,3,0.67,0.00,0.33,0.00,0.00,0.00,0.00,0.00,0.00,0.00,0.00,0.92,0.27
absolument,lemma,1,0,0,0,0,0,0,2,0,0,0,3,0.00,0.00,0.67,0.00,0.00,0.00,0.33,0.00,0.00,0.00,0.00,0.92,0.27
émue,word,0,0,0,0,1,0,0,2,0,0,0,3,0.00,0.00,0.67,0.00,0.00,0.00,0.00,0.00,0.33,0.00,0.00,0.92,0.27
échec,word,0,1,0,0,0,0,0,0,0,0,2,3,0.33,0.00,0.00,0.00,0.00,0.67,0.00,0.00,0.00,0.00,0.00,0.92,0.27
gronder,word,0,2,0,0,0,0,0,0,0,0,1,3,0.67,0.00,0.00,0.00,0.00,0.33,0.00,0.00,0.00,0.00,0.00,0.92,0.27
pavé,word,0,0,0,0,0,0,0,0,0,1,2,3,0.00,0.00,0.00,0.00,0.33,0.67,0.00,0.00,0.00,0.00,0.00,0.92,0.27
piano,lemma,0,0,0,0,0,0,0,1,0,0,2,3,0.00,0.00,0.33,0.00,0.00,0.67,0.00,0.00,0.00,0.00,0.00,0.92,0.27
migrant,lemma,0,2,0,0,0,0,0,0,1,0,0,3,0.67,0.00,0.00,0.33,0.00,0.00,0.00,0.00,0.00,0.00,0.00,0.92,0.27
possèdent,word,0,1,0,0,0,0,0,0,2,0,0,3,0.33,0.00,0.00,0.67,0.00,0.00,0.00,0.00,0.00,0.00,0.00,0.92,0.27
viens,lemma,0,0,0,0,0,0,0,2,1,0,0,3,0.00,0.00,0.67,0.33,0.00,0.00,0.00,0.00,0.00,0.00,0.00,0.92,0.27
voile,lemma,0,2,0,1,0,0,0,0,0,0,0,3,0.67,0.33,0.00,0.00,0.00,0.00,0.00,0.00,0.00,0.00,0.00,0.92,0.27
adversaire,lemma,0,2,0,0,0,0,0,0,1,0,0,3,0.67,0.00,0.00,0.33,0.00,0.00,0.00,0.00,0.00,0.00,0.00,0.92,0.27
manqué,word,0,2,0,0,0,0,0,0,0,0,1,3,0.67,0.00,0.00,0.00,0.00,0.33,0.00,0.00,0.00,0.00,0.00,0.92,0.27
manque,lemma,0,2,0,0,0,0,0,1,0,0,0,3,0.67,0.00,0.33,0.00,0.00,0.00,0.00,0.00,0.00,0.00,0.00,0.92,0.27
mec,lemma,0,2,0,1,0,0,0,0,0,0,0,3,0.67,0.33,0.00,0.00,0.00,0.00,0.00,0.00,0.00,0.00,0.00,0.92,0.27
matchs,word,0,0,0,0,0,1,0,2,0,0,0,3,0.00,0.00,0.67,0.00,0.00,0.00,0.00,0.00,0.00,0.33,0.00,0.92,0.27
mariés,word,0,0,0,0,0,0,0,1,0,0,2,3,0.00,0.00,0.33,0.00,0.00,0.67,0.00,0.00,0.00,0.00,0.00,0.92,0.27
meilleurs,word,0,2,0,0,0,1,0,0,0,0,0,3,0.67,0.00,0.00,0.00,0.00,0.00,0.00,0.00,0.00,0.33,0.00,0.92,0.27
agités,word,0,2,0,0,0,0,1,0,0,0,0,3,0.67,0.00,0.00,0.00,0.00,0.00,0.00,0.00,0.00,0.00,0.33,0.92,0.27
gigantesque,lemma,0,2,0,0,0,0,0,1,0,0,0,3,0.67,0.00,0.33,0.00,0.00,0.00,0.00,0.00,0.00,0.00,0.00,0.92,0.27
gamin,lemma,0,2,0,0,0,0,0,1,0,0,0,3,0.67,0.00,0.33,0.00,0.00,0.00,0.00,0.00,0.00,0.00,0.00,0.92,0.27
viens,word,0,0,0,0,0,0,0,2,1,0,0,3,0.00,0.00,0.67,0.33,0.00,0.00,0.00,0.00,0.00,0.00,0.00,0.92,0.27
courant,lemma,0,0,0,0,0,0,0,0,1,2,0,3,0.00,0.00,0.00,0.33,0.67,0.00,0.00,0.00,0.00,0.00,0.00,0.92,0.27
posséder,lemma,0,1,0,0,0,0,0,0,2,0,0,3,0.33,0.00,0.00,0.67,0.00,0.00,0.00,0.00,0.00,0.00,0.00,0.92,0.27
premiers,word,0,0,0,0,0,1,0,2,0,0,0,3,0.00,0.00,0.67,0.00,0.00,0.00,0.00,0.00,0.00,0.33,0.00,0.92,0.27
pouvait,word,0,0,1,0,0,0,0,0,0,0,2,3,0.00,0.00,0.00,0.00,0.00,0.67,0.00,0.33,0.00,0.00,0.00,0.92,0.27
demandé,word,0,2,0,0,0,0,0,0,1,0,0,3,0.67,0.00,0.00,0.33,0.00,0.00,0.00,0.00,0.00,0.00,0.00,0.92,0.27
explosion,word,0,0,0,0,0,0,0,0,2,1,0,3,0.00,0.00,0.00,0.67,0.33,0.00,0.00,0.00,0.00,0.00,0.00,0.92,0.27
explosion,lemma,0,0,0,0,0,0,0,0,2,1,0,3,0.00,0.00,0.00,0.67,0.33,0.00,0.00,0.00,0.00,0.00,0.00,0.92,0.27
exemple,word,0,0,0,0,0,0,0,0,2,0,1,3,0.00,0.00,0.00,0.67,0.00,0.33,0.00,0.00,0.00,0.00,0.00,0.92,0.27
exemple,lemma,0,0,0,0,0,0,0,0,2,0,1,3,0.00,0.00,0.00,0.67,0.00,0.33,0.00,0.00,0.00,0.00,0.00,0.92,0.27
extraordinaire,lemma,1,0,0,0,0,0,0,0,0,2,0,3,0.00,0.00,0.00,0.00,0.67,0.00,0.33,0.00,0.00,0.00,0.00,0.92,0.27
exprimer,word,0,2,0,0,0,0,0,0,0,0,1,3,0.67,0.00,0.00,0.00,0.00,0.33,0.00,0.00,0.00,0.00,0.00,0.92,0.27
cul,word,0,2,0,1,0,0,0,0,0,0,0,3,0.67,0.33,0.00,0.00,0.00,0.00,0.00,0.00,0.00,0.00,0.00,0.92,0.27
population,word,0,2,0,0,0,0,0,0,1,0,0,3,0.67,0.00,0.00,0.33,0.00,0.00,0.00,0.00,0.00,0.00,0.00,0.92,0.27
cérémonie,word,1,0,0,0,0,0,0,2,0,0,0,3,0.00,0.00,0.67,0.00,0.00,0.00,0.33,0.00,0.00,0.00,0.00,0.92,0.27
cérémonie,lemma,1,0,0,0,0,0,0,2,0,0,0,3,0.00,0.00,0.67,0.00,0.00,0.00,0.33,0.00,0.00,0.00,0.00,0.92,0.27
crasseuse,lemma,0,2,0,4,0,0,0,0,0,0,0,6,0.33,0.67,0.00,0.00,0.00,0.00,0.00,0.00,0.00,0.00,0.00,0.92,0.27
plaît,word,0,2,0,0,0,0,0,1,0,0,0,3,0.67,0.00,0.33,0.00,0.00,0.00,0.00,0.00,0.00,0.00,0.00,0.92,0.27
crient,word,0,0,0,0,0,0,0,0,2,1,0,3,0.00,0.00,0.00,0.67,0.33,0.00,0.00,0.00,0.00,0.00,0.00,0.92,0.27
crasseux,lemma,0,1,0,2,0,0,0,0,0,0,0,3,0.33,0.67,0.00,0.00,0.00,0.00,0.00,0.00,0.00,0.00,0.00,0.92,0.27
journée,lemma,0,2,0,0,0,0,0,1,0,0,0,3,0.67,0.00,0.33,0.00,0.00,0.00,0.00,0.00,0.00,0.00,0.00,0.92,0.27
jouets,word,0,0,0,0,0,0,0,2,0,0,1,3,0.00,0.00,0.67,0.00,0.00,0.33,0.00,0.00,0.00,0.00,0.00,0.92,0.27
abeille,lemma,0,0,0,0,0,0,0,0,2,0,1,3,0.00,0.00,0.00,0.67,0.00,0.33,0.00,0.00,0.00,0.00,0.00,0.92,0.27
pavé,lemma,0,0,0,0,0,0,0,0,0,1,2,3,0.00,0.00,0.00,0.00,0.33,0.67,0.00,0.00,0.00,0.00,0.00,0.92,0.27
célèbre,lemma,0,2,0,0,0,0,0,0,0,0,1,3,0.67,0.00,0.00,0.00,0.00,0.33,0.00,0.00,0.00,0.00,0.00,0.92,0.27
portable,lemma,0,0,0,0,0,0,0,0,2,1,0,3,0.00,0.00,0.00,0.67,0.33,0.00,0.00,0.00,0.00,0.00,0.00,0.92,0.27
déforestation,word,0,0,0,0,0,0,0,0,2,0,1,3,0.00,0.00,0.00,0.67,0.00,0.33,0.00,0.00,0.00,0.00,0.00,0.92,0.27
déforestation,lemma,0,0,0,0,0,0,0,0,2,0,1,3,0.00,0.00,0.00,0.67,0.00,0.33,0.00,0.00,0.00,0.00,0.00,0.92,0.27
dépenser,word,0,1,0,0,0,0,0,0,2,0,0,3,0.33,0.00,0.00,0.67,0.00,0.00,0.00,0.00,0.00,0.00,0.00,0.92,0.27
dépenser,lemma,0,1,0,0,0,0,0,0,2,0,0,3,0.33,0.00,0.00,0.67,0.00,0.00,0.00,0.00,0.00,0.00,0.00,0.92,0.27
légende,word,2,0,0,0,0,1,0,0,0,0,0,3,0.00,0.00,0.00,0.00,0.00,0.00,0.67,0.00,0.00,0.33,0.00,0.92,0.27
députés,word,0,1,0,0,0,0,0,2,0,0,0,3,0.33,0.00,0.67,0.00,0.00,0.00,0.00,0.00,0.00,0.00,0.00,0.92,0.27
député,lemma,0,1,0,0,0,0,0,2,0,0,0,3,0.33,0.00,0.67,0.00,0.00,0.00,0.00,0.00,0.00,0.00,0.00,0.92,0.27
déplacer,word,0,1,0,0,0,0,0,0,0,0,2,3,0.33,0.00,0.00,0.00,0.00,0.67,0.00,0.00,0.00,0.00,0.00,0.92,0.27
spectacle,word,0,0,0,0,0,0,0,2,1,0,0,3,0.00,0.00,0.67,0.33,0.00,0.00,0.00,0.00,0.00,0.00,0.00,0.92,0.27
souvenir,lemma,0,0,0,0,0,0,0,6,0,0,3,9,0.00,0.00,0.67,0.00,0.00,0.33,0.00,0.00,0.00,0.00,0.00,0.92,0.27
bisou,lemma,0,0,0,1,0,0,0,2,0,0,0,3,0.00,0.33,0.67,0.00,0.00,0.00,0.00,0.00,0.00,0.00,0.00,0.92,0.27
sûrement,word,0,0,0,0,0,0,0,1,0,2,0,3,0.00,0.00,0.33,0.00,0.67,0.00,0.00,0.00,0.00,0.00,0.00,0.92,0.27
birmanie,lemma,0,0,0,0,0,0,0,0,2,0,1,3,0.00,0.00,0.00,0.67,0.00,0.33,0.00,0.00,0.00,0.00,0.00,0.92,0.27
birmane,word,0,1,0,0,0,0,0,0,2,0,0,3,0.33,0.00,0.00,0.67,0.00,0.00,0.00,0.00,0.00,0.00,0.00,0.92,0.27
birman,lemma,0,1,0,0,0,0,0,0,2,0,0,3,0.33,0.00,0.00,0.67,0.00,0.00,0.00,0.00,0.00,0.00,0.00,0.92,0.27
besoin,word,0,0,0,1,0,0,0,2,0,0,0,3,0.00,0.33,0.67,0.00,0.00,0.00,0.00,0.00,0.00,0.00,0.00,0.92,0.27
fièvre,lemma,0,0,0,0,1,0,0,0,2,0,0,3,0.00,0.00,0.00,0.67,0.00,0.00,0.00,0.00,0.33,0.00,0.00,0.92,0.27
fières,word,0,0,0,0,0,2,0,1,0,0,0,3,0.00,0.00,0.33,0.00,0.00,0.00,0.00,0.00,0.00,0.67,0.00,0.92,0.27
forcé,word,0,2,0,0,0,0,0,0,0,0,1,3,0.67,0.00,0.00,0.00,0.00,0.33,0.00,0.00,0.00,0.00,0.00,0.92,0.27
force,lemma,0,1,0,0,0,0,0,0,2,0,0,3,0.33,0.00,0.00,0.67,0.00,0.00,0.00,0.00,0.00,0.00,0.00,0.92,0.27
immenses,word,1,2,0,0,0,0,0,0,0,0,0,3,0.67,0.00,0.00,0.00,0.00,0.00,0.33,0.00,0.00,0.00,0.00,0.92,0.27
braconnage,word,0,1,0,0,0,0,0,0,0,0,2,3,0.33,0.00,0.00,0.00,0.00,0.67,0.00,0.00,0.00,0.00,0.00,0.92,0.27
braconnage,lemma,0,1,0,0,0,0,0,0,0,0,2,3,0.33,0.00,0.00,0.00,0.00,0.67,0.00,0.00,0.00,0.00,0.00,0.92,0.27
birmanie,word,0,0,0,0,0,0,0,0,2,0,1,3,0.00,0.00,0.00,0.67,0.00,0.33,0.00,0.00,0.00,0.00,0.00,0.92,0.27
magnifique,lemma,2,0,0,0,0,0,0,1,0,0,0,3,0.00,0.00,0.33,0.00,0.00,0.00,0.67,0.00,0.00,0.00,0.00,0.92,0.27
rêver,word,0,0,0,0,0,1,0,2,0,0,0,3,0.00,0.00,0.67,0.00,0.00,0.00,0.00,0.00,0.00,0.33,0.00,0.92,0.27
cacher,word,0,6,0,0,0,0,0,0,3,0,0,9,0.67,0.00,0.00,0.33,0.00,0.00,0.00,0.00,0.00,0.00,0.00,0.92,0.27
abeilles,word,0,0,0,0,0,0,0,0,2,0,1,3,0.00,0.00,0.00,0.67,0.00,0.33,0.00,0.00,0.00,0.00,0.00,0.92,0.27
bébé,lemma,0,2,0,1,0,0,0,0,0,0,0,3,0.67,0.33,0.00,0.00,0.00,0.00,0.00,0.00,0.00,0.00,0.00,0.92,0.27
semaine,lemma,0,0,0,0,0,0,0,2,1,0,0,3,0.00,0.00,0.67,0.33,0.00,0.00,0.00,0.00,0.00,0.00,0.00,0.92,0.27
secret,lemma,0,0,0,0,0,1,0,0,2,0,0,3,0.00,0.00,0.00,0.67,0.00,0.00,0.00,0.00,0.00,0.33,0.00,0.92,0.27
score,word,0,0,0,0,0,0,0,0,0,1,2,3,0.00,0.00,0.00,0.00,0.33,0.67,0.00,0.00,0.00,0.00,0.00,0.92,0.27
scolaire,lemma,0,2,0,0,0,0,0,0,1,0,0,3,0.67,0.00,0.00,0.33,0.00,0.00,0.00,0.00,0.00,0.00,0.00,0.92,0.27
imposer,word,0,0,0,0,0,0,0,0,2,0,1,3,0.00,0.00,0.00,0.67,0.00,0.33,0.00,0.00,0.00,0.00,0.00,0.92,0.27
importante,word,0,1,0,0,0,0,0,0,2,0,0,3,0.33,0.00,0.00,0.67,0.00,0.00,0.00,0.00,0.00,0.00,0.00,0.92,0.27
impressionnants,word,2,0,0,0,0,0,0,0,0,1,0,3,0.00,0.00,0.00,0.00,0.33,0.00,0.67,0.00,0.00,0.00,0.00,0.92,0.27
immeubles,word,0,0,0,0,0,0,0,0,2,0,1,3,0.00,0.00,0.00,0.67,0.00,0.33,0.00,0.00,0.00,0.00,0.00,0.92,0.27
incroyables,word,2,0,0,0,0,0,0,0,0,4,0,6,0.00,0.00,0.00,0.00,0.67,0.00,0.33,0.00,0.00,0.00,0.00,0.92,0.27
inciter,lemma,0,2,0,1,0,0,0,0,0,0,0,3,0.67,0.33,0.00,0.00,0.00,0.00,0.00,0.00,0.00,0.00,0.00,0.92,0.27
incapable,lemma,0,2,0,0,0,0,0,0,0,1,0,3,0.67,0.00,0.00,0.00,0.33,0.00,0.00,0.00,0.00,0.00,0.00,0.92,0.27
informatiques,word,0,2,0,0,0,0,0,0,1,0,0,3,0.67,0.00,0.00,0.33,0.00,0.00,0.00,0.00,0.00,0.00,0.00,0.92,0.27
nouvelles,word,0,0,0,0,0,0,0,1,2,0,0,3,0.00,0.00,0.33,0.67,0.00,0.00,0.00,0.00,0.00,0.00,0.00,0.92,0.27
notamment,word,0,0,0,0,0,0,0,0,2,0,1,3,0.00,0.00,0.00,0.67,0.00,0.33,0.00,0.00,0.00,0.00,0.00,0.92,0.27
notamment,lemma,0,0,0,0,0,0,0,0,2,0,1,3,0.00,0.00,0.00,0.67,0.00,0.33,0.00,0.00,0.00,0.00,0.00,0.92,0.27
décourage,word,0,1,0,0,0,0,0,0,0,0,2,3,0.33,0.00,0.00,0.00,0.00,0.67,0.00,0.00,0.00,0.00,0.00,0.92,0.27
décourage,lemma,0,1,0,0,0,0,0,0,0,0,2,3,0.33,0.00,0.00,0.00,0.00,0.67,0.00,0.00,0.00,0.00,0.00,0.92,0.27
déclaré,word,0,2,0,0,0,0,0,0,1,0,0,3,0.67,0.00,0.00,0.33,0.00,0.00,0.00,0.00,0.00,0.00,0.00,0.92,0.27
décide,word,0,0,0,0,0,0,0,0,2,1,0,3,0.00,0.00,0.00,0.67,0.33,0.00,0.00,0.00,0.00,0.00,0.00,0.92,0.27
impatiente,word,0,2,0,0,0,0,0,1,0,0,0,3,0.67,0.00,0.33,0.00,0.00,0.00,0.00,0.00,0.00,0.00,0.00,0.92,0.27
suicider,lemma,0,0,0,0,0,0,0,0,1,0,2,3,0.00,0.00,0.00,0.33,0.00,0.67,0.00,0.00,0.00,0.00,0.00,0.92,0.27
surgir,lemma,0,0,0,0,0,0,0,0,1,2,0,3,0.00,0.00,0.00,0.33,0.67,0.00,0.00,0.00,0.00,0.00,0.00,0.92,0.27
système,word,0,1,0,0,0,0,0,0,2,0,0,3,0.33,0.00,0.00,0.67,0.00,0.00,0.00,0.00,0.00,0.00,0.00,0.92,0.27
avouait,word,0,0,2,0,1,0,0,0,0,0,0,3,0.00,0.00,0.00,0.00,0.00,0.00,0.00,0.67,0.33,0.00,0.00,0.92,0.27
déplacer,lemma,0,1,0,0,0,0,0,0,0,0,2,3,0.33,0.00,0.00,0.00,0.00,0.67,0.00,0.00,0.00,0.00,0.00,0.92,0.27
sportif,lemma,0,0,0,0,0,2,0,0,0,1,0,3,0.00,0.00,0.00,0.00,0.33,0.00,0.00,0.00,0.00,0.67,0.00,0.92,0.27
blancs,word,0,2,0,0,0,0,0,0,1,0,0,3,0.67,0.00,0.00,0.33,0.00,0.00,0.00,0.00,0.00,0.00,0.00,0.92,0.27
succès,word,0,0,0,0,0,1,0,2,0,0,0,3,0.00,0.00,0.67,0.00,0.00,0.00,0.00,0.00,0.00,0.33,0.00,0.92,0.27
succès,lemma,0,0,0,0,0,1,0,2,0,0,0,3,0.00,0.00,0.67,0.00,0.00,0.00,0.00,0.00,0.00,0.33,0.00,0.92,0.27
subit,word,0,0,0,0,0,0,0,0,1,0,2,3,0.00,0.00,0.00,0.33,0.00,0.67,0.00,0.00,0.00,0.00,0.00,0.92,0.27
subit,lemma,0,0,0,0,0,0,0,0,1,0,2,3,0.00,0.00,0.00,0.33,0.00,0.67,0.00,0.00,0.00,0.00,0.00,0.92,0.27
bouger,lemma,0,0,0,0,0,0,0,1,2,0,0,3,0.00,0.00,0.33,0.67,0.00,0.00,0.00,0.00,0.00,0.00,0.00,0.92,0.27
tempête,word,0,0,0,0,0,0,0,0,2,0,1,3,0.00,0.00,0.00,0.67,0.00,0.33,0.00,0.00,0.00,0.00,0.00,0.92,0.27
tiens,word,0,0,0,0,0,1,0,0,0,2,0,3,0.00,0.00,0.00,0.00,0.67,0.00,0.00,0.00,0.00,0.33,0.00,0.92,0.27
augmenter,lemma,0,2,0,0,0,0,0,0,1,0,0,3,0.67,0.00,0.00,0.33,0.00,0.00,0.00,0.00,0.00,0.00,0.00,0.92,0.27
attentat,word,0,1,0,0,0,0,0,0,2,0,0,3,0.33,0.00,0.00,0.67,0.00,0.00,0.00,0.00,0.00,0.00,0.00,0.92,0.27
attendre,word,0,0,0,0,1,0,0,2,0,0,0,3,0.00,0.00,0.67,0.00,0.00,0.00,0.00,0.00,0.33,0.00,0.00,0.92,0.27
timides,word,0,0,0,0,2,0,0,1,0,0,0,3,0.00,0.00,0.33,0.00,0.00,0.00,0.00,0.00,0.67,0.00,0.00,0.92,0.27
aventure,lemma,0,1,0,0,0,0,0,0,0,2,0,3,0.33,0.00,0.00,0.00,0.67,0.00,0.00,0.00,0.00,0.00,0.00,0.92,0.27
avancer,lemma,0,2,0,1,0,0,0,0,0,0,0,3,0.67,0.33,0.00,0.00,0.00,0.00,0.00,0.00,0.00,0.00,0.00,0.92,0.27
hors,lemma,0,0,0,0,0,0,0,0,3,6,0,9,0.00,0.00,0.00,0.33,0.67,0.00,0.00,0.00,0.00,0.00,0.00,0.92,0.27
tel,lemma,0,0,0,0,0,0,1,0,0,2,0,3,0.00,0.00,0.00,0.00,0.67,0.00,0.00,0.00,0.00,0.00,0.33,0.92,0.27
talent,word,0,0,0,0,0,2,0,1,0,0,0,3,0.00,0.00,0.33,0.00,0.00,0.00,0.00,0.00,0.00,0.67,0.00,0.92,0.27
sœurs,word,0,2,0,0,0,0,0,0,0,0,1,3,0.67,0.00,0.00,0.00,0.00,0.33,0.00,0.00,0.00,0.00,0.00,0.92,0.27
stupide,word,0,1,0,0,0,0,0,0,0,0,2,3,0.33,0.00,0.00,0.00,0.00,0.67,0.00,0.00,0.00,0.00,0.00,0.92,0.27
malades,word,0,0,0,0,0,0,0,0,2,0,1,3,0.00,0.00,0.00,0.67,0.00,0.33,0.00,0.00,0.00,0.00,0.00,0.92,0.27
maltraitées,word,0,0,0,0,0,0,0,0,1,0,2,3,0.00,0.00,0.00,0.33,0.00,0.67,0.00,0.00,0.00,0.00,0.00,0.92,0.27
maltraité,lemma,0,0,0,0,0,0,0,0,0,1,2,3,0.00,0.00,0.00,0.00,0.33,0.67,0.00,0.00,0.00,0.00,0.00,0.92,0.27
maltraiter,lemma,0,0,0,0,0,0,0,0,2,0,4,6,0.00,0.00,0.00,0.33,0.00,0.67,0.00,0.00,0.00,0.00,0.00,0.92,0.27
maltraitance,lemma,0,0,0,0,0,0,0,0,1,0,2,3,0.00,0.00,0.00,0.33,0.00,0.67,0.00,0.00,0.00,0.00,0.00,0.92,0.27
fièvre,word,0,0,0,0,1,0,0,0,2,0,0,3,0.00,0.00,0.00,0.67,0.00,0.00,0.00,0.00,0.33,0.00,0.00,0.92,0.27
beal,lemma,0,0,0,0,0,0,0,2,0,1,0,3,0.00,0.00,0.67,0.00,0.33,0.00,0.00,0.00,0.00,0.00,0.00,0.92,0.27
bateaux,word,0,2,0,0,0,0,0,0,1,0,0,3,0.67,0.00,0.00,0.33,0.00,0.00,0.00,0.00,0.00,0.00,0.00,0.92,0.27
montagne,lemma,0,1,0,0,0,0,0,0,2,0,0,3,0.33,0.00,0.00,0.67,0.00,0.00,0.00,0.00,0.00,0.00,0.00,0.92,0.27
effondrés,word,0,0,0,0,0,0,0,0,2,0,1,3,0.00,0.00,0.00,0.67,0.00,0.33,0.00,0.00,0.00,0.00,0.00,0.92,0.27
effondrement,word,0,0,0,0,0,0,0,0,1,0,2,3,0.00,0.00,0.00,0.33,0.00,0.67,0.00,0.00,0.00,0.00,0.00,0.92,0.27
suicider,word,0,0,0,0,0,0,0,0,1,0,2,3,0.00,0.00,0.00,0.33,0.00,0.67,0.00,0.00,0.00,0.00,0.00,0.92,0.27
moyens,word,0,2,0,0,0,0,0,0,0,0,1,3,0.67,0.00,0.00,0.00,0.00,0.33,0.00,0.00,0.00,0.00,0.00,0.92,0.27
moyen,lemma,0,2,0,0,0,0,0,0,0,0,1,3,0.67,0.00,0.00,0.00,0.00,0.33,0.00,0.00,0.00,0.00,0.00,0.92,0.27
sérieux,lemma,0,2,0,1,0,0,0,0,0,0,0,3,0.67,0.33,0.00,0.00,0.00,0.00,0.00,0.00,0.00,0.00,0.00,0.92,0.27
série,word,0,0,0,1,0,0,0,0,0,2,0,3,0.00,0.33,0.00,0.00,0.67,0.00,0.00,0.00,0.00,0.00,0.00,0.92,0.27
série,lemma,0,0,0,1,0,0,0,0,0,2,0,3,0.00,0.33,0.00,0.00,0.67,0.00,0.00,0.00,0.00,0.00,0.00,0.92,0.27
ballet,word,0,0,0,0,0,0,0,2,0,1,0,3,0.00,0.00,0.67,0.00,0.33,0.00,0.00,0.00,0.00,0.00,0.00,0.92,0.27
ballet,lemma,0,0,0,0,0,0,0,2,0,1,0,3,0.00,0.00,0.67,0.00,0.33,0.00,0.00,0.00,0.00,0.00,0.00,0.92,0.27
baissant,word,0,0,0,0,1,0,0,0,2,0,0,3,0.00,0.00,0.00,0.67,0.00,0.00,0.00,0.00,0.33,0.00,0.00,0.92,0.27
sévère,word,0,1,0,0,0,0,0,0,2,0,0,3,0.33,0.00,0.00,0.67,0.00,0.00,0.00,0.00,0.00,0.00,0.00,0.92,0.27
stupide,lemma,0,1,0,0,0,0,0,0,0,0,2,3,0.33,0.00,0.00,0.00,0.00,0.67,0.00,0.00,0.00,0.00,0.00,0.92,0.27
suite,word,0,1,0,0,0,0,0,2,0,0,0,3,0.33,0.00,0.67,0.00,0.00,0.00,0.00,0.00,0.00,0.00,0.00,0.92,0.27
suite,lemma,0,1,0,0,0,0,0,2,0,0,0,3,0.33,0.00,0.67,0.00,0.00,0.00,0.00,0.00,0.00,0.00,0.00,0.92,0.27
effondrement,lemma,0,0,0,0,0,0,0,0,1,0,2,3,0.00,0.00,0.00,0.33,0.00,0.67,0.00,0.00,0.00,0.00,0.00,0.92,0.27
souffrir,word,0,0,0,1,0,0,0,0,2,0,12,15,0.00,0.07,0.00,0.13,0.00,0.80,0.00,0.00,0.00,0.00,0.00,0.91,0.26
loi,lemma,0,19,0,0,0,0,0,0,4,0,1,24,0.79,0.00,0.00,0.17,0.00,0.04,0.00,0.00,0.00,0.00,0.00,0.89,0.26
victoire,word,0,1,0,0,0,3,0,16,0,0,0,20,0.05,0.00,0.80,0.00,0.00,0.00,0.00,0.00,0.00,0.15,0.00,0.88,0.26
victoire,lemma,0,1,0,0,0,3,0,16,0,0,0,20,0.05,0.00,0.80,0.00,0.00,0.00,0.00,0.00,0.00,0.15,0.00,0.88,0.26
descendre,lemma,0,7,0,0,0,0,0,3,0,0,0,10,0.70,0.00,0.30,0.00,0.00,0.00,0.00,0.00,0.00,0.00,0.00,0.88,0.25
casse,word,0,7,0,0,0,0,0,0,0,0,3,10,0.70,0.00,0.00,0.00,0.00,0.30,0.00,0.00,0.00,0.00,0.00,0.88,0.25
carburant,lemma,0,10,0,0,0,0,0,0,4,0,0,14,0.71,0.00,0.00,0.29,0.00,0.00,0.00,0.00,0.00,0.00,0.00,0.86,0.25
venger,lemma,0,5,0,0,0,0,0,0,0,0,2,7,0.71,0.00,0.00,0.00,0.00,0.29,0.00,0.00,0.00,0.00,0.00,0.86,0.25
venger,word,0,5,0,0,0,0,0,0,0,0,2,7,0.71,0.00,0.00,0.00,0.00,0.29,0.00,0.00,0.00,0.00,0.00,0.86,0.25
critiques,word,0,5,0,0,0,0,0,0,2,0,0,7,0.71,0.00,0.00,0.29,0.00,0.00,0.00,0.00,0.00,0.00,0.00,0.86,0.25
dansé,word,0,0,0,0,0,2,0,5,0,0,0,7,0.00,0.00,0.71,0.00,0.00,0.00,0.00,0.00,0.00,0.29,0.00,0.86,0.25
dollar,lemma,0,0,0,0,0,0,0,5,0,2,0,7,0.00,0.00,0.71,0.00,0.29,0.00,0.00,0.00,0.00,0.00,0.00,0.86,0.25
souvenir,word,0,0,0,0,0,0,0,5,0,0,2,7,0.00,0.00,0.71,0.00,0.00,0.29,0.00,0.00,0.00,0.00,0.00,0.86,0.25
dollars,word,0,0,0,0,0,0,0,5,0,2,0,7,0.00,0.00,0.71,0.00,0.29,0.00,0.00,0.00,0.00,0.00,0.00,0.86,0.25
religion,word,0,5,0,0,0,0,0,0,2,0,0,7,0.71,0.00,0.00,0.29,0.00,0.00,0.00,0.00,0.00,0.00,0.00,0.86,0.25
paul,word,0,5,0,2,0,0,0,0,0,0,0,7,0.71,0.29,0.00,0.00,0.00,0.00,0.00,0.00,0.00,0.00,0.00,0.86,0.25
insulté,word,0,2,0,0,5,0,0,0,0,0,0,7,0.29,0.00,0.00,0.00,0.00,0.00,0.00,0.00,0.71,0.00,0.00,0.86,0.25
partager,lemma,0,5,0,0,0,0,0,2,0,0,0,7,0.71,0.00,0.29,0.00,0.00,0.00,0.00,0.00,0.00,0.00,0.00,0.86,0.25
famine,lemma,0,0,0,0,0,0,0,0,5,0,2,7,0.00,0.00,0.00,0.71,0.00,0.29,0.00,0.00,0.00,0.00,0.00,0.86,0.25
crasseuse,word,0,2,0,5,0,0,0,0,0,0,0,7,0.29,0.71,0.00,0.00,0.00,0.00,0.00,0.00,0.00,0.00,0.00,0.86,0.25
paul,lemma,0,5,0,2,0,0,0,0,0,0,0,7,0.71,0.29,0.00,0.00,0.00,0.00,0.00,0.00,0.00,0.00,0.00,0.86,0.25
menacé,word,0,3,0,0,0,0,0,0,8,0,0,11,0.27,0.00,0.00,0.73,0.00,0.00,0.00,0.00,0.00,0.00,0.00,0.85,0.24
bombe,lemma,0,3,0,0,0,0,0,0,8,0,0,11,0.27,0.00,0.00,0.73,0.00,0.00,0.00,0.00,0.00,0.00,0.00,0.85,0.24
mourir,word,0,0,0,0,0,0,0,0,8,0,3,11,0.00,0.00,0.00,0.73,0.00,0.27,0.00,0.00,0.00,0.00,0.00,0.85,0.24
élection,word,0,11,0,0,0,0,0,4,0,0,0,15,0.73,0.00,0.27,0.00,0.00,0.00,0.00,0.00,0.00,0.00,0.00,0.84,0.24
protéger,lemma,0,5,0,0,0,0,0,0,25,0,1,31,0.16,0.00,0.00,0.81,0.00,0.03,0.00,0.00,0.00,0.00,0.00,0.83,0.24
payer,lemma,0,10,0,1,0,0,0,0,0,0,1,12,0.83,0.08,0.00,0.00,0.00,0.08,0.00,0.00,0.00,0.00,0.00,0.82,0.24
t'as,word,0,10,0,1,0,0,0,0,0,1,0,12,0.83,0.08,0.00,0.00,0.08,0.00,0.00,0.00,0.00,0.00,0.00,0.82,0.24
accord,lemma,0,20,0,0,0,0,0,2,2,0,0,24,0.83,0.00,0.08,0.08,0.00,0.00,0.00,0.00,0.00,0.00,0.00,0.82,0.24
sourire,word,0,1,0,0,0,0,0,10,0,0,1,12,0.08,0.00,0.83,0.00,0.00,0.08,0.00,0.00,0.00,0.00,0.00,0.82,0.24
message,lemma,0,3,0,0,0,0,0,1,0,0,0,4,0.75,0.00,0.25,0.00,0.00,0.00,0.00,0.00,0.00,0.00,0.00,0.81,0.23
mesures,word,0,6,0,0,0,0,0,0,2,0,0,8,0.75,0.00,0.00,0.25,0.00,0.00,0.00,0.00,0.00,0.00,0.00,0.81,0.23
système,lemma,0,1,0,0,0,0,0,0,3,0,0,4,0.25,0.00,0.00,0.75,0.00,0.00,0.00,0.00,0.00,0.00,0.00,0.81,0.23
arabe,lemma,0,1,0,3,0,0,0,0,0,0,0,4,0.25,0.75,0.00,0.00,0.00,0.00,0.00,0.00,0.00,0.00,0.00,0.81,0.23
défaite,lemma,0,3,0,0,0,0,0,0,0,0,1,4,0.75,0.00,0.00,0.00,0.00,0.25,0.00,0.00,0.00,0.00,0.00,0.81,0.23
suffisamment,lemma,0,6,0,0,0,0,0,0,2,0,0,8,0.75,0.00,0.00,0.25,0.00,0.00,0.00,0.00,0.00,0.00,0.00,0.81,0.23
tâche,lemma,0,3,0,1,0,0,0,0,0,0,0,4,0.75,0.25,0.00,0.00,0.00,0.00,0.00,0.00,0.00,0.00,0.00,0.81,0.23
passage,lemma,0,0,0,0,0,0,0,1,3,0,0,4,0.00,0.00,0.25,0.75,0.00,0.00,0.00,0.00,0.00,0.00,0.00,0.81,0.23
défaite,word,0,3,0,0,0,0,0,0,0,0,1,4,0.75,0.00,0.00,0.00,0.00,0.25,0.00,0.00,0.00,0.00,0.00,0.81,0.23
misère,lemma,0,0,0,0,0,0,0,0,1,0,3,4,0.00,0.00,0.00,0.25,0.00,0.75,0.00,0.00,0.00,0.00,0.00,0.81,0.23
menaçant,word,0,1,0,0,0,0,0,0,3,0,0,4,0.25,0.00,0.00,0.75,0.00,0.00,0.00,0.00,0.00,0.00,0.00,0.81,0.23
découvrir,word,0,0,0,0,0,0,0,1,0,3,0,4,0.00,0.00,0.25,0.00,0.75,0.00,0.00,0.00,0.00,0.00,0.00,0.81,0.23
odeur,lemma,0,1,0,3,0,0,0,0,0,0,0,4,0.25,0.75,0.00,0.00,0.00,0.00,0.00,0.00,0.00,0.00,0.00,0.81,0.23
croisière,word,0,0,0,0,0,0,0,3,0,0,1,4,0.00,0.00,0.75,0.00,0.00,0.25,0.00,0.00,0.00,0.00,0.00,0.81,0.23
croisière,lemma,0,0,0,0,0,0,0,3,0,0,1,4,0.00,0.00,0.75,0.00,0.00,0.25,0.00,0.00,0.00,0.00,0.00,0.81,0.23
expérience,word,0,0,0,0,0,0,0,0,0,3,1,4,0.00,0.00,0.00,0.00,0.75,0.25,0.00,0.00,0.00,0.00,0.00,0.81,0.23
expérience,lemma,0,0,0,0,0,0,0,0,0,3,1,4,0.00,0.00,0.00,0.00,0.75,0.25,0.00,0.00,0.00,0.00,0.00,0.81,0.23
expulser,word,0,3,0,1,0,0,0,0,0,0,0,4,0.75,0.25,0.00,0.00,0.00,0.00,0.00,0.00,0.00,0.00,0.00,0.81,0.23
expulser,lemma,0,3,0,1,0,0,0,0,0,0,0,4,0.75,0.25,0.00,0.00,0.00,0.00,0.00,0.00,0.00,0.00,0.00,0.81,0.23
passage,word,0,0,0,0,0,0,0,1,3,0,0,4,0.00,0.00,0.25,0.75,0.00,0.00,0.00,0.00,0.00,0.00,0.00,0.81,0.23
suffisamment,word,0,6,0,0,0,0,0,0,2,0,0,8,0.75,0.00,0.00,0.25,0.00,0.00,0.00,0.00,0.00,0.00,0.00,0.81,0.23
grogné,word,0,3,0,0,0,0,0,0,0,0,1,4,0.75,0.00,0.00,0.00,0.00,0.25,0.00,0.00,0.00,0.00,0.00,0.81,0.23
oser,lemma,0,0,0,0,3,0,0,0,1,0,0,4,0.00,0.00,0.00,0.25,0.00,0.00,0.00,0.00,0.75,0.00,0.00,0.81,0.23
extrêmement,lemma,0,0,0,0,0,0,0,0,3,0,1,4,0.00,0.00,0.00,0.75,0.00,0.25,0.00,0.00,0.00,0.00,0.00,0.81,0.23
composer,lemma,0,0,0,0,0,1,0,3,0,0,0,4,0.00,0.00,0.75,0.00,0.00,0.00,0.00,0.00,0.00,0.25,0.00,0.81,0.23
poisson,lemma,0,3,0,0,0,0,0,0,1,0,0,4,0.75,0.00,0.00,0.25,0.00,0.00,0.00,0.00,0.00,0.00,0.00,0.81,0.23
poissons,word,0,3,0,0,0,0,0,0,1,0,0,4,0.75,0.00,0.00,0.25,0.00,0.00,0.00,0.00,0.00,0.00,0.00,0.81,0.23
eh,word,0,0,0,0,0,0,0,0,0,3,1,4,0.00,0.00,0.00,0.00,0.75,0.25,0.00,0.00,0.00,0.00,0.00,0.81,0.23
lancer,lemma,0,3,0,0,0,0,0,0,1,0,0,4,0.75,0.00,0.00,0.25,0.00,0.00,0.00,0.00,0.00,0.00,0.00,0.81,0.23
procès,lemma,0,0,0,0,0,0,0,3,0,1,0,4,0.00,0.00,0.75,0.00,0.25,0.00,0.00,0.00,0.00,0.00,0.00,0.81,0.23
procès,word,0,0,0,0,0,0,0,3,0,1,0,4,0.00,0.00,0.75,0.00,0.25,0.00,0.00,0.00,0.00,0.00,0.00,0.81,0.23
chercher,lemma,0,1,0,0,0,0,0,0,3,0,0,4,0.25,0.00,0.00,0.75,0.00,0.00,0.00,0.00,0.00,0.00,0.00,0.81,0.23
augmentation,lemma,0,6,0,0,0,0,0,0,2,0,0,8,0.75,0.00,0.00,0.25,0.00,0.00,0.00,0.00,0.00,0.00,0.00,0.81,0.23
humains,word,0,0,0,0,0,0,0,0,3,0,1,4,0.00,0.00,0.00,0.75,0.00,0.25,0.00,0.00,0.00,0.00,0.00,0.81,0.23
proposer,lemma,0,3,0,0,0,0,0,0,1,0,0,4,0.75,0.00,0.00,0.25,0.00,0.00,0.00,0.00,0.00,0.00,0.00,0.81,0.23
protest,lemma,0,3,0,1,0,0,0,0,0,0,0,4,0.75,0.25,0.00,0.00,0.00,0.00,0.00,0.00,0.00,0.00,0.00,0.81,0.23
hui,word,0,0,0,0,0,0,0,0,1,3,0,4,0.00,0.00,0.00,0.25,0.75,0.00,0.00,0.00,0.00,0.00,0.00,0.81,0.23
tendue,word,0,3,0,0,0,0,0,0,1,0,0,4,0.75,0.00,0.00,0.25,0.00,0.00,0.00,0.00,0.00,0.00,0.00,0.81,0.23
aucune,word,0,3,0,0,0,0,0,0,0,0,1,4,0.75,0.00,0.00,0.00,0.00,0.25,0.00,0.00,0.00,0.00,0.00,0.81,0.23
aujourd,word,0,0,0,0,0,0,0,0,1,3,0,4,0.00,0.00,0.00,0.25,0.75,0.00,0.00,0.00,0.00,0.00,0.00,0.81,0.23
effet,lemma,0,1,0,0,0,0,0,0,3,0,0,4,0.25,0.00,0.00,0.75,0.00,0.00,0.00,0.00,0.00,0.00,0.00,0.81,0.23
sert,word,0,3,0,0,0,0,0,0,1,0,0,4,0.75,0.00,0.00,0.25,0.00,0.00,0.00,0.00,0.00,0.00,0.00,0.81,0.23
cauchemar,word,0,0,0,0,0,0,0,0,3,0,1,4,0.00,0.00,0.00,0.75,0.00,0.25,0.00,0.00,0.00,0.00,0.00,0.81,0.23
derrière,word,0,1,0,0,0,0,0,0,3,0,0,4,0.25,0.00,0.00,0.75,0.00,0.00,0.00,0.00,0.00,0.00,0.00,0.81,0.23
derrière,lemma,0,1,0,0,0,0,0,0,3,0,0,4,0.25,0.00,0.00,0.75,0.00,0.00,0.00,0.00,0.00,0.00,0.00,0.81,0.23
objets,word,1,0,0,0,0,0,0,0,0,3,0,4,0.00,0.00,0.00,0.00,0.75,0.00,0.25,0.00,0.00,0.00,0.00,0.81,0.23
athlète,lemma,0,1,0,0,0,0,0,0,3,0,0,4,0.25,0.00,0.00,0.75,0.00,0.00,0.00,0.00,0.00,0.00,0.00,0.81,0.23
catastrophes,word,0,0,0,0,0,0,0,0,3,0,1,4,0.00,0.00,0.00,0.75,0.00,0.25,0.00,0.00,0.00,0.00,0.00,0.81,0.23
arthur,word,0,0,0,1,0,0,0,3,0,0,0,4,0.00,0.25,0.75,0.00,0.00,0.00,0.00,0.00,0.00,0.00,0.00,0.81,0.23
comporter,lemma,0,3,0,1,0,0,0,0,0,0,0,4,0.75,0.25,0.00,0.00,0.00,0.00,0.00,0.00,0.00,0.00,0.00,0.81,0.23
suffire,lemma,0,6,0,0,0,0,0,0,0,0,2,8,0.75,0.00,0.00,0.00,0.00,0.25,0.00,0.00,0.00,0.00,0.00,0.81,0.23
travailleurs,word,0,3,0,0,0,0,0,0,1,0,0,4,0.75,0.00,0.00,0.25,0.00,0.00,0.00,0.00,0.00,0.00,0.00,0.81,0.23
travailleur,lemma,0,3,0,0,0,0,0,0,1,0,0,4,0.75,0.00,0.00,0.25,0.00,0.00,0.00,0.00,0.00,0.00,0.00,0.81,0.23
athlètes,word,0,1,0,0,0,0,0,0,3,0,0,4,0.25,0.00,0.00,0.75,0.00,0.00,0.00,0.00,0.00,0.00,0.00,0.81,0.23
eh,lemma,0,0,0,0,0,0,0,0,0,3,1,4,0.00,0.00,0.00,0.00,0.75,0.25,0.00,0.00,0.00,0.00,0.00,0.81,0.23
impressionnantes,word,3,0,0,0,0,0,0,0,0,1,0,4,0.00,0.00,0.00,0.00,0.25,0.00,0.75,0.00,0.00,0.00,0.00,0.81,0.23
drole,word,0,1,0,0,0,0,0,3,0,0,0,4,0.25,0.00,0.75,0.00,0.00,0.00,0.00,0.00,0.00,0.00,0.00,0.81,0.23
coupable,word,0,1,3,0,0,0,0,0,0,0,0,4,0.25,0.00,0.00,0.00,0.00,0.00,0.00,0.75,0.00,0.00,0.00,0.81,0.23
arthur,lemma,0,0,0,1,0,0,0,3,0,0,0,4,0.00,0.25,0.75,0.00,0.00,0.00,0.00,0.00,0.00,0.00,0.00,0.81,0.23
île,lemma,0,0,0,0,0,0,0,0,3,1,0,4,0.00,0.00,0.00,0.75,0.25,0.00,0.00,0.00,0.00,0.00,0.00,0.81,0.23
meme,lemma,0,3,0,0,0,0,0,0,0,0,1,4,0.75,0.00,0.00,0.00,0.00,0.25,0.00,0.00,0.00,0.00,0.00,0.81,0.23
conflits,word,0,3,0,0,0,0,0,0,1,0,0,4,0.75,0.00,0.00,0.25,0.00,0.00,0.00,0.00,0.00,0.00,0.00,0.81,0.23
garde,word,0,0,0,1,0,0,0,3,0,0,0,4,0.00,0.25,0.75,0.00,0.00,0.00,0.00,0.00,0.00,0.00,0.00,0.81,0.23
garde,lemma,0,0,0,1,0,0,0,3,0,0,0,4,0.00,0.25,0.75,0.00,0.00,0.00,0.00,0.00,0.00,0.00,0.00,0.81,0.23
illégalement,word,0,3,0,0,0,0,0,0,1,0,0,4,0.75,0.00,0.00,0.25,0.00,0.00,0.00,0.00,0.00,0.00,0.00,0.81,0.23
puissante,word,1,0,0,0,0,0,0,0,3,0,0,4,0.00,0.00,0.00,0.75,0.00,0.00,0.25,0.00,0.00,0.00,0.00,0.81,0.23
illégalemer,lemma,0,3,0,0,0,0,0,0,1,0,0,4,0.75,0.00,0.00,0.25,0.00,0.00,0.00,0.00,0.00,0.00,0.00,0.81,0.23
oreille,lemma,0,1,0,0,0,0,0,3,0,0,0,4,0.25,0.00,0.75,0.00,0.00,0.00,0.00,0.00,0.00,0.00,0.00,0.81,0.23
genre,lemma,1,3,0,0,0,0,0,0,0,0,0,4,0.75,0.00,0.00,0.00,0.00,0.00,0.25,0.00,0.00,0.00,0.00,0.81,0.23
garder,word,0,3,0,0,0,0,0,0,1,0,0,4,0.75,0.00,0.00,0.25,0.00,0.00,0.00,0.00,0.00,0.00,0.00,0.81,0.23
continue,word,0,3,0,1,0,0,0,0,0,0,0,4,0.75,0.25,0.00,0.00,0.00,0.00,0.00,0.00,0.00,0.00,0.00,0.81,0.23
forte,word,0,3,0,0,0,0,0,0,1,0,0,4,0.75,0.00,0.00,0.25,0.00,0.00,0.00,0.00,0.00,0.00,0.00,0.81,0.23
fermer,lemma,0,1,0,0,0,0,0,0,3,0,0,4,0.25,0.00,0.00,0.75,0.00,0.00,0.00,0.00,0.00,0.00,0.00,0.81,0.23
salles,word,0,0,0,0,0,0,0,1,3,0,0,4,0.00,0.00,0.25,0.75,0.00,0.00,0.00,0.00,0.00,0.00,0.00,0.81,0.23
armes,word,0,1,0,0,0,0,0,0,3,0,0,4,0.25,0.00,0.00,0.75,0.00,0.00,0.00,0.00,0.00,0.00,0.00,0.81,0.23
fortes,word,0,3,0,0,0,0,0,0,1,0,0,4,0.75,0.00,0.00,0.25,0.00,0.00,0.00,0.00,0.00,0.00,0.00,0.81,0.23
genre,word,1,3,0,0,0,0,0,0,0,0,0,4,0.75,0.00,0.00,0.00,0.00,0.00,0.25,0.00,0.00,0.00,0.00,0.81,0.23
religieuses,word,0,1,0,0,0,0,0,0,3,0,0,4,0.25,0.00,0.00,0.75,0.00,0.00,0.00,0.00,0.00,0.00,0.00,0.81,0.23
maisons,word,0,0,0,0,0,0,0,0,9,0,3,12,0.00,0.00,0.00,0.75,0.00,0.25,0.00,0.00,0.00,0.00,0.00,0.81,0.23
acheter,lemma,0,3,0,0,0,0,0,0,0,0,1,4,0.75,0.00,0.00,0.00,0.00,0.25,0.00,0.00,0.00,0.00,0.00,0.81,0.23
refusé,word,0,3,0,0,0,0,0,1,0,0,0,4,0.75,0.00,0.25,0.00,0.00,0.00,0.00,0.00,0.00,0.00,0.00,0.81,0.23
parce,word,0,1,0,0,0,0,0,0,3,0,0,4,0.25,0.00,0.00,0.75,0.00,0.00,0.00,0.00,0.00,0.00,0.00,0.81,0.23
parce,lemma,0,1,0,0,0,0,0,0,3,0,0,4,0.25,0.00,0.00,0.75,0.00,0.00,0.00,0.00,0.00,0.00,0.00,0.81,0.23
économique,lemma,0,3,0,0,0,0,0,0,1,0,0,4,0.75,0.00,0.00,0.25,0.00,0.00,0.00,0.00,0.00,0.00,0.00,0.81,0.23
maladie,word,0,0,0,0,0,0,0,0,6,0,2,8,0.00,0.00,0.00,0.75,0.00,0.25,0.00,0.00,0.00,0.00,0.00,0.81,0.23
donner,word,0,3,0,0,0,0,0,1,0,0,0,4,0.75,0.00,0.25,0.00,0.00,0.00,0.00,0.00,0.00,0.00,0.00,0.81,0.23
sort,lemma,0,3,0,1,0,0,0,0,0,0,0,4,0.75,0.25,0.00,0.00,0.00,0.00,0.00,0.00,0.00,0.00,0.00,0.81,0.23
sort,word,0,3,0,1,0,0,0,0,0,0,0,4,0.75,0.25,0.00,0.00,0.00,0.00,0.00,0.00,0.00,0.00,0.00,0.81,0.23
volontairement,lemma,0,3,0,0,0,0,0,0,0,0,1,4,0.75,0.00,0.00,0.00,0.00,0.25,0.00,0.00,0.00,0.00,0.00,0.81,0.23
retrouver,word,0,0,0,0,1,0,0,3,0,0,0,4,0.00,0.00,0.75,0.00,0.00,0.00,0.00,0.00,0.25,0.00,0.00,0.81,0.23
religion,lemma,0,6,0,0,0,0,0,0,2,0,0,8,0.75,0.00,0.00,0.25,0.00,0.00,0.00,0.00,0.00,0.00,0.00,0.81,0.23
glace,lemma,0,0,0,0,0,0,0,1,3,0,0,4,0.00,0.00,0.25,0.75,0.00,0.00,0.00,0.00,0.00,0.00,0.00,0.81,0.23
gilet,lemma,0,3,0,0,0,0,0,0,1,0,0,4,0.75,0.00,0.00,0.25,0.00,0.00,0.00,0.00,0.00,0.00,0.00,0.81,0.23
abriter,lemma,0,3,0,0,0,0,0,0,1,0,0,4,0.75,0.00,0.00,0.25,0.00,0.00,0.00,0.00,0.00,0.00,0.00,0.81,0.23
activités,word,0,0,0,0,0,0,0,0,3,0,1,4,0.00,0.00,0.00,0.75,0.00,0.25,0.00,0.00,0.00,0.00,0.00,0.81,0.23
meme,word,0,3,0,0,0,0,0,0,0,0,1,4,0.75,0.00,0.00,0.00,0.00,0.25,0.00,0.00,0.00,0.00,0.00,0.81,0.23
ue,word,0,3,0,0,0,0,0,0,0,1,0,4,0.75,0.00,0.00,0.00,0.25,0.00,0.00,0.00,0.00,0.00,0.00,0.81,0.23
téléphone,word,0,0,0,0,0,0,0,0,3,1,0,4,0.00,0.00,0.00,0.75,0.25,0.00,0.00,0.00,0.00,0.00,0.00,0.81,0.23
jaune,lemma,0,3,0,0,0,0,0,0,1,0,0,4,0.75,0.00,0.00,0.25,0.00,0.00,0.00,0.00,0.00,0.00,0.00,0.81,0.23
élection,lemma,0,12,0,0,0,0,0,4,0,0,0,16,0.75,0.00,0.25,0.00,0.00,0.00,0.00,0.00,0.00,0.00,0.00,0.81,0.23
téléphone,lemma,0,0,0,0,0,0,0,0,3,1,0,4,0.00,0.00,0.00,0.75,0.25,0.00,0.00,0.00,0.00,0.00,0.00,0.81,0.23
amusant,word,0,2,0,0,0,0,0,6,0,0,0,8,0.25,0.00,0.75,0.00,0.00,0.00,0.00,0.00,0.00,0.00,0.00,0.81,0.23
opposent,word,0,3,0,0,0,0,0,0,1,0,0,4,0.75,0.00,0.00,0.25,0.00,0.00,0.00,0.00,0.00,0.00,0.00,0.81,0.23
armé,word,0,0,0,0,0,0,0,0,3,0,1,4,0.00,0.00,0.00,0.75,0.00,0.25,0.00,0.00,0.00,0.00,0.00,0.81,0.23
célébré,lemma,0,0,0,0,0,1,0,3,0,0,0,4,0.00,0.00,0.75,0.00,0.00,0.00,0.00,0.00,0.00,0.25,0.00,0.81,0.23
extrêmement,word,0,0,0,0,0,0,0,0,3,0,1,4,0.00,0.00,0.00,0.75,0.00,0.25,0.00,0.00,0.00,0.00,0.00,0.81,0.23
besoin,lemma,0,0,0,1,0,0,0,3,0,0,0,4,0.00,0.25,0.75,0.00,0.00,0.00,0.00,0.00,0.00,0.00,0.00,0.81,0.23
soumettre,lemma,0,3,0,0,0,0,0,0,1,0,0,4,0.75,0.00,0.00,0.25,0.00,0.00,0.00,0.00,0.00,0.00,0.00,0.81,0.23
informatique,lemma,0,3,0,0,0,0,0,0,1,0,0,4,0.75,0.00,0.00,0.25,0.00,0.00,0.00,0.00,0.00,0.00,0.00,0.81,0.23
humiliation,lemma,0,0,0,0,3,0,0,0,0,0,1,4,0.00,0.00,0.00,0.00,0.00,0.25,0.00,0.00,0.75,0.00,0.00,0.81,0.23
ue,lemma,0,3,0,0,0,0,0,0,0,1,0,4,0.75,0.00,0.00,0.00,0.25,0.00,0.00,0.00,0.00,0.00,0.00,0.81,0.23
amazonien,lemma,0,0,0,0,0,0,0,0,3,0,1,4,0.00,0.00,0.00,0.75,0.00,0.25,0.00,0.00,0.00,0.00,0.00,0.81,0.23
objet,lemma,1,0,0,0,0,0,0,0,0,3,0,4,0.00,0.00,0.00,0.00,0.75,0.00,0.25,0.00,0.00,0.00,0.00,0.81,0.23
augmentation,word,0,6,0,0,0,0,0,0,2,0,0,8,0.75,0.00,0.00,0.25,0.00,0.00,0.00,0.00,0.00,0.00,0.00,0.81,0.23
humiliations,word,0,0,0,0,3,0,0,0,0,0,1,4,0.00,0.00,0.00,0.00,0.00,0.25,0.00,0.00,0.75,0.00,0.00,0.81,0.23
quittent,word,0,0,0,0,0,0,0,0,3,0,1,4,0.00,0.00,0.00,0.75,0.00,0.25,0.00,0.00,0.00,0.00,0.00,0.81,0.23
ordinateur,lemma,0,0,0,0,0,1,0,3,0,0,0,4,0.00,0.00,0.75,0.00,0.00,0.00,0.00,0.00,0.00,0.25,0.00,0.81,0.23
fan,lemma,3,0,0,0,0,1,0,0,0,0,0,4,0.00,0.00,0.00,0.00,0.00,0.00,0.75,0.00,0.00,0.25,0.00,0.81,0.23
proteste,word,0,3,0,1,0,0,0,0,0,0,0,4,0.75,0.25,0.00,0.00,0.00,0.00,0.00,0.00,0.00,0.00,0.00,0.81,0.23
amazonienne,word,0,0,0,0,0,0,0,0,3,0,1,4,0.00,0.00,0.00,0.75,0.00,0.25,0.00,0.00,0.00,0.00,0.00,0.81,0.23
payer,word,0,3,0,0,0,0,0,0,0,0,1,4,0.75,0.00,0.00,0.00,0.00,0.25,0.00,0.00,0.00,0.00,0.00,0.81,0.23
volontairement,word,0,3,0,0,0,0,0,0,0,0,1,4,0.75,0.00,0.00,0.00,0.00,0.25,0.00,0.00,0.00,0.00,0.00,0.81,0.23
pauvre,word,0,0,0,0,0,0,0,0,1,0,3,4,0.00,0.00,0.00,0.25,0.00,0.75,0.00,0.00,0.00,0.00,0.00,0.81,0.23
grogner,lemma,0,3,0,0,0,0,0,0,0,0,1,4,0.75,0.00,0.00,0.00,0.00,0.25,0.00,0.00,0.00,0.00,0.00,0.81,0.23
protéger,word,0,4,0,0,0,0,0,0,23,0,1,28,0.14,0.00,0.00,0.82,0.00,0.04,0.00,0.00,0.00,0.00,0.00,0.81,0.23
politiques,word,0,16,0,0,0,0,0,0,2,0,1,19,0.84,0.00,0.00,0.11,0.00,0.05,0.00,0.00,0.00,0.00,0.00,0.77,0.22
place,word,0,11,0,0,0,1,0,1,0,0,0,13,0.85,0.00,0.08,0.00,0.00,0.00,0.00,0.00,0.00,0.08,0.00,0.77,0.22
tendre,lemma,0,11,0,0,0,0,0,1,1,0,0,13,0.85,0.00,0.08,0.08,0.00,0.00,0.00,0.00,0.00,0.00,0.00,0.77,0.22
pourtant,word,0,1,0,0,0,0,0,0,0,11,1,13,0.08,0.00,0.00,0.00,0.85,0.08,0.00,0.00,0.00,0.00,0.00,0.77,0.22
pourtant,lemma,0,1,0,0,0,0,0,0,0,11,1,13,0.08,0.00,0.00,0.00,0.85,0.08,0.00,0.00,0.00,0.00,0.00,0.77,0.22
journalistes,word,0,7,0,0,0,0,0,0,2,0,0,9,0.78,0.00,0.00,0.22,0.00,0.00,0.00,0.00,0.00,0.00,0.00,0.76,0.22
troupe,lemma,0,0,0,0,0,2,0,7,0,0,0,9,0.00,0.00,0.78,0.00,0.00,0.00,0.00,0.00,0.00,0.22,0.00,0.76,0.22
attaquer,word,0,2,0,0,0,0,0,0,7,0,0,9,0.22,0.00,0.00,0.78,0.00,0.00,0.00,0.00,0.00,0.00,0.00,0.76,0.22
découvre,word,0,0,0,0,0,0,0,0,2,7,0,9,0.00,0.00,0.00,0.22,0.78,0.00,0.00,0.00,0.00,0.00,0.00,0.76,0.22
troupe,word,0,0,0,0,0,2,0,7,0,0,0,9,0.00,0.00,0.78,0.00,0.00,0.00,0.00,0.00,0.00,0.22,0.00,0.76,0.22
appeler,lemma,1,12,0,0,0,0,0,0,0,1,0,14,0.86,0.00,0.00,0.00,0.07,0.00,0.07,0.00,0.00,0.00,0.00,0.73,0.21
route,lemma,0,12,0,0,0,0,0,0,1,1,0,14,0.86,0.00,0.00,0.07,0.07,0.00,0.00,0.00,0.00,0.00,0.00,0.73,0.21
racisme,lemma,0,4,0,0,0,0,0,0,1,0,0,5,0.80,0.00,0.00,0.20,0.00,0.00,0.00,0.00,0.00,0.00,0.00,0.72,0.21
révolte,word,0,8,0,0,0,0,0,0,2,0,0,10,0.80,0.00,0.00,0.20,0.00,0.00,0.00,0.00,0.00,0.00,0.00,0.72,0.21
preuve,word,0,4,0,0,0,0,0,0,1,0,0,5,0.80,0.00,0.00,0.20,0.00,0.00,0.00,0.00,0.00,0.00,0.00,0.72,0.21
révolte,lemma,0,8,0,0,0,0,0,0,2,0,0,10,0.80,0.00,0.00,0.20,0.00,0.00,0.00,0.00,0.00,0.00,0.00,0.72,0.21
football,word,0,0,0,0,0,1,0,4,0,0,0,5,0.00,0.00,0.80,0.00,0.00,0.00,0.00,0.00,0.00,0.20,0.00,0.72,0.21
cauchemar,lemma,0,0,0,0,0,0,0,0,4,0,1,5,0.00,0.00,0.00,0.80,0.00,0.20,0.00,0.00,0.00,0.00,0.00,0.72,0.21
supprimer,lemma,0,4,0,0,0,0,0,0,0,0,1,5,0.80,0.00,0.00,0.00,0.00,0.20,0.00,0.00,0.00,0.00,0.00,0.72,0.21
protesté,word,0,4,0,0,0,0,0,0,0,1,0,5,0.80,0.00,0.00,0.00,0.20,0.00,0.00,0.00,0.00,0.00,0.00,0.72,0.21
football,lemma,0,0,0,0,0,1,0,4,0,0,0,5,0.00,0.00,0.80,0.00,0.00,0.00,0.00,0.00,0.00,0.20,0.00,0.72,0.21
appartenir,lemma,0,0,0,0,0,0,0,0,4,1,0,5,0.00,0.00,0.00,0.80,0.20,0.00,0.00,0.00,0.00,0.00,0.00,0.72,0.21
célébré,word,0,0,0,0,0,1,0,4,0,0,0,5,0.00,0.00,0.80,0.00,0.00,0.00,0.00,0.00,0.00,0.20,0.00,0.72,0.21
entrent,word,0,4,0,0,0,0,0,0,1,0,0,5,0.80,0.00,0.00,0.20,0.00,0.00,0.00,0.00,0.00,0.00,0.00,0.72,0.21
planète,word,0,0,0,1,0,0,0,0,4,0,0,5,0.00,0.20,0.00,0.80,0.00,0.00,0.00,0.00,0.00,0.00,0.00,0.72,0.21
planète,lemma,0,0,0,1,0,0,0,0,4,0,0,5,0.00,0.20,0.00,0.80,0.00,0.00,0.00,0.00,0.00,0.00,0.00,0.72,0.21
université,lemma,0,4,0,0,0,0,0,0,0,0,1,5,0.80,0.00,0.00,0.00,0.00,0.20,0.00,0.00,0.00,0.00,0.00,0.72,0.21
offert,word,0,0,0,0,0,1,0,4,0,0,0,5,0.00,0.00,0.80,0.00,0.00,0.00,0.00,0.00,0.00,0.20,0.00,0.72,0.21
rapporter,lemma,0,1,0,0,0,0,0,0,4,0,0,5,0.20,0.00,0.00,0.80,0.00,0.00,0.00,0.00,0.00,0.00,0.00,0.72,0.21
allait,word,0,0,0,0,0,0,0,1,4,0,0,5,0.00,0.00,0.20,0.80,0.00,0.00,0.00,0.00,0.00,0.00,0.00,0.72,0.21
york,word,0,0,0,0,0,1,0,4,0,0,0,5,0.00,0.00,0.80,0.00,0.00,0.00,0.00,0.00,0.00,0.20,0.00,0.72,0.21
york,lemma,0,0,0,0,0,1,0,4,0,0,0,5,0.00,0.00,0.80,0.00,0.00,0.00,0.00,0.00,0.00,0.20,0.00,0.72,0.21
vidéo,lemma,0,4,0,0,1,0,0,0,0,0,0,5,0.80,0.00,0.00,0.00,0.00,0.00,0.00,0.00,0.20,0.00,0.00,0.72,0.21
rond,lemma,0,4,0,0,0,0,0,0,0,1,0,5,0.80,0.00,0.00,0.00,0.20,0.00,0.00,0.00,0.00,0.00,0.00,0.72,0.21
angoisser,lemma,0,1,0,0,0,0,0,0,4,0,0,5,0.20,0.00,0.00,0.80,0.00,0.00,0.00,0.00,0.00,0.00,0.00,0.72,0.21
rohingyas,lemma,0,4,0,0,0,0,0,0,1,0,0,5,0.80,0.00,0.00,0.20,0.00,0.00,0.00,0.00,0.00,0.00,0.00,0.72,0.21
rit,word,0,1,0,0,0,0,0,4,0,0,0,5,0.20,0.00,0.80,0.00,0.00,0.00,0.00,0.00,0.00,0.00,0.00,0.72,0.21
rigole,word,0,1,0,0,0,0,0,4,0,0,0,5,0.20,0.00,0.80,0.00,0.00,0.00,0.00,0.00,0.00,0.00,0.00,0.72,0.21
épidémie,word,0,1,0,0,0,0,0,0,4,0,0,5,0.20,0.00,0.00,0.80,0.00,0.00,0.00,0.00,0.00,0.00,0.00,0.72,0.21
féliciter,lemma,0,0,0,0,0,1,0,4,0,0,0,5,0.00,0.00,0.80,0.00,0.00,0.00,0.00,0.00,0.00,0.20,0.00,0.72,0.21
affaires,word,0,4,0,0,0,0,0,0,0,1,0,5,0.80,0.00,0.00,0.00,0.20,0.00,0.00,0.00,0.00,0.00,0.00,0.72,0.21
affaire,lemma,0,4,0,0,0,0,0,0,0,1,0,5,0.80,0.00,0.00,0.00,0.20,0.00,0.00,0.00,0.00,0.00,0.00,0.72,0.21
ah,word,0,0,0,0,0,0,0,1,0,4,0,5,0.00,0.00,0.20,0.00,0.80,0.00,0.00,0.00,0.00,0.00,0.00,0.72,0.21
île,word,0,0,0,0,0,0,0,0,4,1,0,5,0.00,0.00,0.00,0.80,0.20,0.00,0.00,0.00,0.00,0.00,0.00,0.72,0.21
menace,lemma,0,3,0,0,0,0,0,0,12,0,0,15,0.20,0.00,0.00,0.80,0.00,0.00,0.00,0.00,0.00,0.00,0.00,0.72,0.21
ah,lemma,0,0,0,0,0,0,0,1,0,4,0,5,0.00,0.00,0.20,0.00,0.80,0.00,0.00,0.00,0.00,0.00,0.00,0.72,0.21
riches,word,0,4,0,0,0,0,0,0,0,0,1,5,0.80,0.00,0.00,0.00,0.00,0.20,0.00,0.00,0.00,0.00,0.00,0.72,0.21
combats,word,0,0,0,0,0,0,0,0,4,0,1,5,0.00,0.00,0.00,0.80,0.00,0.20,0.00,0.00,0.00,0.00,0.00,0.72,0.21
accusent,lemma,0,4,0,0,0,0,0,0,1,0,0,5,0.80,0.00,0.00,0.20,0.00,0.00,0.00,0.00,0.00,0.00,0.00,0.72,0.21
rohingyas,word,0,4,0,0,0,0,0,0,1,0,0,5,0.80,0.00,0.00,0.20,0.00,0.00,0.00,0.00,0.00,0.00,0.00,0.72,0.21
main,word,0,0,0,0,0,0,0,4,1,0,0,5,0.00,0.00,0.80,0.20,0.00,0.00,0.00,0.00,0.00,0.00,0.00,0.72,0.21
mobiliser,lemma,0,4,0,0,0,0,0,0,1,0,0,5,0.80,0.00,0.00,0.20,0.00,0.00,0.00,0.00,0.00,0.00,0.00,0.72,0.21
tirer,lemma,0,0,0,0,0,0,0,1,4,0,0,5,0.00,0.00,0.20,0.80,0.00,0.00,0.00,0.00,0.00,0.00,0.00,0.72,0.21
porté,word,0,4,0,0,0,0,0,0,0,0,1,5,0.80,0.00,0.00,0.00,0.00,0.20,0.00,0.00,0.00,0.00,0.00,0.72,0.21
new,word,0,0,0,0,0,1,0,4,0,0,0,5,0.00,0.00,0.80,0.00,0.00,0.00,0.00,0.00,0.00,0.20,0.00,0.72,0.21
pyjama,lemma,0,0,0,0,0,0,0,4,0,0,1,5,0.00,0.00,0.80,0.00,0.00,0.20,0.00,0.00,0.00,0.00,0.00,0.72,0.21
pyjama,word,0,0,0,0,0,0,0,4,0,0,1,5,0.00,0.00,0.80,0.00,0.00,0.20,0.00,0.00,0.00,0.00,0.00,0.72,0.21
attaque,word,0,1,0,0,0,0,0,0,4,0,0,5,0.20,0.00,0.00,0.80,0.00,0.00,0.00,0.00,0.00,0.00,0.00,0.72,0.21
arrivée,word,0,1,0,0,0,0,0,0,4,0,0,5,0.20,0.00,0.00,0.80,0.00,0.00,0.00,0.00,0.00,0.00,0.00,0.72,0.21
coûter,lemma,0,4,0,0,0,0,0,0,0,0,1,5,0.80,0.00,0.00,0.00,0.00,0.20,0.00,0.00,0.00,0.00,0.00,0.72,0.21
preuve,lemma,0,4,0,0,0,0,0,0,1,0,0,5,0.80,0.00,0.00,0.20,0.00,0.00,0.00,0.00,0.00,0.00,0.00,0.72,0.21
entreprises,word,0,4,0,0,0,0,0,0,1,0,0,5,0.80,0.00,0.00,0.20,0.00,0.00,0.00,0.00,0.00,0.00,0.00,0.72,0.21
misère,word,0,0,0,0,0,0,0,0,1,0,4,5,0.00,0.00,0.00,0.20,0.00,0.80,0.00,0.00,0.00,0.00,0.00,0.72,0.21
parlé,word,0,4,0,0,0,0,0,0,0,0,1,5,0.80,0.00,0.00,0.00,0.00,0.20,0.00,0.00,0.00,0.00,0.00,0.72,0.21
gouverner,word,0,4,0,0,0,0,0,0,1,0,0,5,0.80,0.00,0.00,0.20,0.00,0.00,0.00,0.00,0.00,0.00,0.00,0.72,0.21
partir,word,0,0,0,0,0,0,0,0,1,0,4,5,0.00,0.00,0.00,0.20,0.00,0.80,0.00,0.00,0.00,0.00,0.00,0.72,0.21
party,word,0,0,0,0,0,0,0,4,0,0,1,5,0.00,0.00,0.80,0.00,0.00,0.20,0.00,0.00,0.00,0.00,0.00,0.72,0.21
opposer,lemma,0,8,0,0,0,0,0,0,2,0,0,10,0.80,0.00,0.00,0.20,0.00,0.00,0.00,0.00,0.00,0.00,0.00,0.72,0.21
obligés,word,0,1,0,0,0,0,0,0,4,0,0,5,0.20,0.00,0.00,0.80,0.00,0.00,0.00,0.00,0.00,0.00,0.00,0.72,0.21
croire,word,0,0,0,0,0,0,0,1,0,4,0,5,0.00,0.00,0.20,0.00,0.80,0.00,0.00,0.00,0.00,0.00,0.00,0.72,0.21
mesure,lemma,0,8,0,0,0,0,0,0,2,0,0,10,0.80,0.00,0.00,0.20,0.00,0.00,0.00,0.00,0.00,0.00,0.00,0.72,0.21
joyeux,word,0,0,0,0,0,0,0,4,0,1,0,5,0.00,0.00,0.80,0.00,0.20,0.00,0.00,0.00,0.00,0.00,0.00,0.72,0.21
exceptionnelle,word,0,0,0,0,0,0,0,1,0,4,0,5,0.00,0.00,0.20,0.00,0.80,0.00,0.00,0.00,0.00,0.00,0.00,0.72,0.21
fuir,word,0,1,1,0,1,0,0,0,23,0,0,26,0.04,0.00,0.00,0.88,0.00,0.00,0.00,0.04,0.04,0.00,0.00,0.70,0.20
journaliste,lemma,0,9,0,0,0,0,0,0,2,0,0,11,0.82,0.00,0.00,0.18,0.00,0.00,0.00,0.00,0.00,0.00,0.00,0.68,0.20
incroyable,lemma,2,0,0,0,0,0,0,0,0,9,0,11,0.00,0.00,0.00,0.00,0.82,0.00,0.18,0.00,0.00,0.00,0.00,0.68,0.20
souffrir,lemma,0,0,0,1,0,0,0,0,2,0,20,23,0.00,0.04,0.00,0.09,0.00,0.87,0.00,0.00,0.00,0.00,0.00,0.68,0.20
menace,word,0,4,0,0,0,0,0,0,19,0,0,23,0.17,0.00,0.00,0.83,0.00,0.00,0.00,0.00,0.00,0.00,0.00,0.67,0.19
compte,word,0,5,0,0,0,0,0,0,0,1,0,6,0.83,0.00,0.00,0.00,0.17,0.00,0.00,0.00,0.00,0.00,0.00,0.65,0.19
candidature,lemma,0,5,0,0,0,0,0,0,0,0,1,6,0.83,0.00,0.00,0.00,0.00,0.17,0.00,0.00,0.00,0.00,0.00,0.65,0.19
candidature,word,0,5,0,0,0,0,0,0,0,0,1,6,0.83,0.00,0.00,0.00,0.00,0.17,0.00,0.00,0.00,0.00,0.00,0.65,0.19
médias,word,0,5,0,0,0,0,0,0,1,0,0,6,0.83,0.00,0.00,0.17,0.00,0.00,0.00,0.00,0.00,0.00,0.00,0.65,0.19
média,lemma,0,5,0,0,0,0,0,0,1,0,0,6,0.83,0.00,0.00,0.17,0.00,0.00,0.00,0.00,0.00,0.00,0.00,0.65,0.19
changements,word,0,5,0,0,0,0,0,1,0,0,0,6,0.83,0.00,0.17,0.00,0.00,0.00,0.00,0.00,0.00,0.00,0.00,0.65,0.19
compte,lemma,0,5,0,0,0,0,0,0,0,1,0,6,0.83,0.00,0.00,0.00,0.17,0.00,0.00,0.00,0.00,0.00,0.00,0.65,0.19
droits,word,0,5,0,0,0,0,0,0,1,0,0,6,0.83,0.00,0.00,0.17,0.00,0.00,0.00,0.00,0.00,0.00,0.00,0.65,0.19
racisme,word,0,5,0,0,0,0,0,0,1,0,0,6,0.83,0.00,0.00,0.17,0.00,0.00,0.00,0.00,0.00,0.00,0.00,0.65,0.19
repas,word,0,0,0,0,0,0,0,5,0,0,1,6,0.00,0.00,0.83,0.00,0.00,0.17,0.00,0.00,0.00,0.00,0.00,0.65,0.19
découverte,lemma,0,0,0,0,0,0,0,1,0,5,0,6,0.00,0.00,0.17,0.00,0.83,0.00,0.00,0.00,0.00,0.00,0.00,0.65,0.19
découverte,word,0,0,0,0,0,0,0,1,0,5,0,6,0.00,0.00,0.17,0.00,0.83,0.00,0.00,0.00,0.00,0.00,0.00,0.65,0.19
repas,lemma,0,0,0,0,0,0,0,5,0,0,1,6,0.00,0.00,0.83,0.00,0.00,0.17,0.00,0.00,0.00,0.00,0.00,0.65,0.19
voitures,word,0,5,0,0,0,0,0,0,1,0,0,6,0.83,0.00,0.00,0.17,0.00,0.00,0.00,0.00,0.00,0.00,0.00,0.65,0.19
couilles,word,0,5,0,1,0,0,0,0,0,0,0,6,0.83,0.17,0.00,0.00,0.00,0.00,0.00,0.00,0.00,0.00,0.00,0.65,0.19
couille,lemma,0,5,0,1,0,0,0,0,0,0,0,6,0.83,0.17,0.00,0.00,0.00,0.00,0.00,0.00,0.00,0.00,0.00,0.65,0.19
joyeux,lemma,0,0,0,0,0,0,0,5,0,1,0,6,0.00,0.00,0.83,0.00,0.17,0.00,0.00,0.00,0.00,0.00,0.00,0.65,0.19
action,lemma,0,5,0,0,0,0,0,1,0,0,0,6,0.83,0.00,0.17,0.00,0.00,0.00,0.00,0.00,0.00,0.00,0.00,0.65,0.19
agression,word,0,0,0,0,0,0,0,0,1,0,5,6,0.00,0.00,0.00,0.17,0.00,0.83,0.00,0.00,0.00,0.00,0.00,0.65,0.19
perdre,word,0,0,0,0,0,0,0,0,5,0,1,6,0.00,0.00,0.00,0.83,0.00,0.17,0.00,0.00,0.00,0.00,0.00,0.65,0.19
forêt,word,0,0,0,0,0,0,0,0,5,0,1,6,0.00,0.00,0.00,0.83,0.00,0.17,0.00,0.00,0.00,0.00,0.00,0.65,0.19
célébrer,word,0,1,0,0,0,0,0,5,0,0,0,6,0.17,0.00,0.83,0.00,0.00,0.00,0.00,0.00,0.00,0.00,0.00,0.65,0.19
forêt,lemma,0,0,0,0,0,0,0,0,5,0,1,6,0.00,0.00,0.00,0.83,0.00,0.17,0.00,0.00,0.00,0.00,0.00,0.65,0.19
boum,word,0,0,0,0,0,0,0,0,5,1,0,6,0.00,0.00,0.00,0.83,0.17,0.00,0.00,0.00,0.00,0.00,0.00,0.65,0.19
violemment,lemma,0,5,0,0,0,0,0,0,1,0,0,6,0.83,0.00,0.00,0.17,0.00,0.00,0.00,0.00,0.00,0.00,0.00,0.65,0.19
américaine,word,0,5,0,0,0,0,0,1,0,0,0,6,0.83,0.00,0.17,0.00,0.00,0.00,0.00,0.00,0.00,0.00,0.00,0.65,0.19
refuser,lemma,0,15,0,0,0,0,0,3,0,0,0,18,0.83,0.00,0.17,0.00,0.00,0.00,0.00,0.00,0.00,0.00,0.00,0.65,0.19
violemment,word,0,5,0,0,0,0,0,0,1,0,0,6,0.83,0.00,0.00,0.17,0.00,0.00,0.00,0.00,0.00,0.00,0.00,0.65,0.19
gueule,lemma,0,5,0,1,0,0,0,0,0,0,0,6,0.83,0.17,0.00,0.00,0.00,0.00,0.00,0.00,0.00,0.00,0.00,0.65,0.19
provoquer,lemma,0,1,0,0,0,0,0,0,5,0,0,6,0.17,0.00,0.00,0.83,0.00,0.00,0.00,0.00,0.00,0.00,0.00,0.65,0.19
boum,lemma,0,0,0,0,0,0,0,0,5,1,0,6,0.00,0.00,0.00,0.83,0.17,0.00,0.00,0.00,0.00,0.00,0.00,0.65,0.19
amusant,lemma,0,2,0,0,0,0,0,11,0,0,0,13,0.15,0.00,0.85,0.00,0.00,0.00,0.00,0.00,0.00,0.00,0.00,0.62,0.18
sourire,lemma,0,0,0,0,1,0,0,16,0,0,1,18,0.00,0.00,0.89,0.00,0.00,0.06,0.00,0.00,0.06,0.00,0.00,0.61,0.18
armer,lemma,0,0,0,0,0,0,0,0,6,0,1,7,0.00,0.00,0.00,0.86,0.00,0.14,0.00,0.00,0.00,0.00,0.00,0.59,0.17
décevoir,lemma,0,0,0,0,0,0,0,0,1,0,6,7,0.00,0.00,0.00,0.14,0.00,0.86,0.00,0.00,0.00,0.00,0.00,0.59,0.17
persécution,lemma,0,0,0,0,0,0,0,0,6,0,1,7,0.00,0.00,0.00,0.86,0.00,0.14,0.00,0.00,0.00,0.00,0.00,0.59,0.17
encourager,lemma,0,0,0,0,0,1,0,6,0,0,0,7,0.00,0.00,0.86,0.00,0.00,0.00,0.00,0.00,0.00,0.14,0.00,0.59,0.17
réfugier,word,0,1,0,0,0,0,0,0,6,0,0,7,0.14,0.00,0.00,0.86,0.00,0.00,0.00,0.00,0.00,0.00,0.00,0.59,0.17
fuient,lemma,0,0,0,0,0,0,0,0,6,0,1,7,0.00,0.00,0.00,0.86,0.00,0.14,0.00,0.00,0.00,0.00,0.00,0.59,0.17
persécutions,word,0,0,0,0,0,0,0,0,6,0,1,7,0.00,0.00,0.00,0.86,0.00,0.14,0.00,0.00,0.00,0.00,0.00,0.59,0.17
pierre,lemma,1,6,0,0,0,0,0,0,0,0,0,7,0.86,0.00,0.00,0.00,0.00,0.00,0.14,0.00,0.00,0.00,0.00,0.59,0.17
menaces,word,0,1,0,0,0,0,0,0,6,0,0,7,0.14,0.00,0.00,0.86,0.00,0.00,0.00,0.00,0.00,0.00,0.00,0.59,0.17
gouvernement,word,0,18,0,0,0,0,0,0,3,0,0,21,0.86,0.00,0.00,0.14,0.00,0.00,0.00,0.00,0.00,0.00,0.00,0.59,0.17
gouverner,lemma,0,6,0,0,0,0,0,0,1,0,0,7,0.86,0.00,0.00,0.14,0.00,0.00,0.00,0.00,0.00,0.00,0.00,0.59,0.17
embêter,lemma,0,1,0,0,0,0,0,0,0,0,6,7,0.14,0.00,0.00,0.00,0.00,0.86,0.00,0.00,0.00,0.00,0.00,0.59,0.17
pierre,word,1,6,0,0,0,0,0,0,0,0,0,7,0.86,0.00,0.00,0.00,0.00,0.00,0.14,0.00,0.00,0.00,0.00,0.59,0.17
célébrer,lemma,0,1,0,0,0,0,0,6,0,0,0,7,0.14,0.00,0.86,0.00,0.00,0.00,0.00,0.00,0.00,0.00,0.00,0.59,0.17
enfuir,lemma,0,0,0,0,0,0,0,0,6,1,0,7,0.00,0.00,0.00,0.86,0.14,0.00,0.00,0.00,0.00,0.00,0.00,0.59,0.17
présidentiel,lemma,0,6,0,0,0,0,0,1,0,0,0,7,0.86,0.00,0.14,0.00,0.00,0.00,0.00,0.00,0.00,0.00,0.00,0.59,0.17
épidémie,lemma,0,1,0,0,0,0,0,0,6,0,0,7,0.14,0.00,0.00,0.86,0.00,0.00,0.00,0.00,0.00,0.00,0.00,0.59,0.17
donnée,lemma,0,6,0,0,0,0,0,0,1,0,0,7,0.86,0.00,0.00,0.14,0.00,0.00,0.00,0.00,0.00,0.00,0.00,0.59,0.17
larme,lemma,0,0,0,0,1,0,0,0,0,0,6,7,0.00,0.00,0.00,0.00,0.00,0.86,0.00,0.00,0.14,0.00,0.00,0.59,0.17
larmes,word,0,0,0,0,1,0,0,0,0,0,6,7,0.00,0.00,0.00,0.00,0.00,0.86,0.00,0.00,0.14,0.00,0.00,0.59,0.17
données,word,0,6,0,0,0,0,0,0,1,0,0,7,0.86,0.00,0.00,0.14,0.00,0.00,0.00,0.00,0.00,0.00,0.00,0.59,0.17
maladie,lemma,0,0,0,0,0,0,0,0,12,0,2,14,0.00,0.00,0.00,0.86,0.00,0.14,0.00,0.00,0.00,0.00,0.00,0.59,0.17
stop,word,0,6,0,1,0,0,0,0,0,0,0,7,0.86,0.14,0.00,0.00,0.00,0.00,0.00,0.00,0.00,0.00,0.00,0.59,0.17
respecter,word,0,6,0,1,0,0,0,0,0,0,0,7,0.86,0.14,0.00,0.00,0.00,0.00,0.00,0.00,0.00,0.00,0.00,0.59,0.17
présidentielle,word,0,6,0,0,0,0,0,1,0,0,0,7,0.86,0.00,0.14,0.00,0.00,0.00,0.00,0.00,0.00,0.00,0.00,0.59,0.17
stop,lemma,0,6,0,1,0,0,0,0,0,0,0,7,0.86,0.14,0.00,0.00,0.00,0.00,0.00,0.00,0.00,0.00,0.00,0.59,0.17
commettre,lemma,0,6,0,0,0,0,0,0,0,0,1,7,0.86,0.00,0.00,0.00,0.00,0.14,0.00,0.00,0.00,0.00,0.00,0.59,0.17
con,word,0,6,0,1,0,0,0,0,0,0,0,7,0.86,0.14,0.00,0.00,0.00,0.00,0.00,0.00,0.00,0.00,0.00,0.59,0.17
critique,lemma,0,13,0,0,0,0,0,0,2,0,0,15,0.87,0.00,0.00,0.13,0.00,0.00,0.00,0.00,0.00,0.00,0.00,0.57,0.16
fuir,lemma,0,1,1,0,1,0,0,0,47,0,1,51,0.02,0.00,0.00,0.92,0.00,0.02,0.00,0.02,0.02,0.00,0.00,0.55,0.16
accord,word,0,19,0,0,0,0,0,1,1,0,0,21,0.90,0.00,0.05,0.05,0.00,0.00,0.00,0.00,0.00,0.00,0.00,0.55,0.16
découvrir,lemma,0,0,0,0,0,0,0,1,2,28,0,31,0.00,0.00,0.03,0.06,0.90,0.00,0.00,0.00,0.00,0.00,0.00,0.55,0.16
offrir,lemma,0,0,0,0,0,1,0,7,0,0,0,8,0.00,0.00,0.88,0.00,0.00,0.00,0.00,0.00,0.00,0.12,0.00,0.54,0.16
loi,word,0,14,0,0,0,0,0,0,2,0,0,16,0.88,0.00,0.00,0.12,0.00,0.00,0.00,0.00,0.00,0.00,0.00,0.54,0.16
regretter,lemma,0,0,1,0,0,0,0,0,0,0,7,8,0.00,0.00,0.00,0.00,0.00,0.88,0.00,0.12,0.00,0.00,0.00,0.54,0.16
gouvernement,lemma,0,21,0,0,0,0,0,0,3,0,0,24,0.88,0.00,0.00,0.12,0.00,0.00,0.00,0.00,0.00,0.00,0.00,0.54,0.16
agir,lemma,0,7,0,0,0,0,0,0,0,1,0,8,0.88,0.00,0.00,0.00,0.12,0.00,0.00,0.00,0.00,0.00,0.00,0.54,0.16
regrette,word,0,0,1,0,0,0,0,0,0,0,7,8,0.00,0.00,0.00,0.00,0.00,0.88,0.00,0.12,0.00,0.00,0.00,0.54,0.16
conflit,lemma,0,14,0,0,0,0,0,0,2,0,0,16,0.88,0.00,0.00,0.12,0.00,0.00,0.00,0.00,0.00,0.00,0.00,0.54,0.16
tranquille,lemma,0,7,0,0,0,0,0,1,0,0,0,8,0.88,0.00,0.12,0.00,0.00,0.00,0.00,0.00,0.00,0.00,0.00,0.54,0.16
mouvement,word,0,7,0,0,0,0,0,0,1,0,0,8,0.88,0.00,0.00,0.12,0.00,0.00,0.00,0.00,0.00,0.00,0.00,0.54,0.16
marrant,word,0,1,0,0,0,0,0,7,0,0,0,8,0.12,0.00,0.88,0.00,0.00,0.00,0.00,0.00,0.00,0.00,0.00,0.54,0.16
hasard,word,0,0,0,0,0,0,0,1,0,7,0,8,0.00,0.00,0.12,0.00,0.88,0.00,0.00,0.00,0.00,0.00,0.00,0.54,0.16
hasard,lemma,0,0,0,0,0,0,0,1,0,7,0,8,0.00,0.00,0.12,0.00,0.88,0.00,0.00,0.00,0.00,0.00,0.00,0.54,0.16
disputer,lemma,0,7,0,0,0,0,0,1,0,0,0,8,0.88,0.00,0.12,0.00,0.00,0.00,0.00,0.00,0.00,0.00,0.00,0.54,0.16
bloquer,lemma,0,20,0,0,1,0,0,0,1,0,0,22,0.91,0.00,0.00,0.05,0.00,0.00,0.00,0.00,0.05,0.00,0.00,0.53,0.15
accusé,word,0,20,0,0,1,0,0,0,1,0,0,22,0.91,0.00,0.00,0.05,0.00,0.00,0.00,0.00,0.05,0.00,0.00,0.53,0.15
fuient,word,0,0,0,0,0,0,0,0,15,0,2,17,0.00,0.00,0.00,0.88,0.00,0.12,0.00,0.00,0.00,0.00,0.00,0.52,0.15
menacer,word,0,1,0,0,0,0,0,0,8,0,0,9,0.11,0.00,0.00,0.89,0.00,0.00,0.00,0.00,0.00,0.00,0.00,0.50,0.15
décision,word,0,8,0,0,0,0,0,1,0,0,0,9,0.89,0.00,0.11,0.00,0.00,0.00,0.00,0.00,0.00,0.00,0.00,0.50,0.15
violent,word,0,0,0,0,0,0,0,0,8,0,1,9,0.00,0.00,0.00,0.89,0.00,0.11,0.00,0.00,0.00,0.00,0.00,0.50,0.15
changement,lemma,0,8,0,0,0,0,0,1,0,0,0,9,0.89,0.00,0.11,0.00,0.00,0.00,0.00,0.00,0.00,0.00,0.00,0.50,0.15
dérange,word,0,1,0,0,0,0,0,0,0,0,8,9,0.11,0.00,0.00,0.00,0.00,0.89,0.00,0.00,0.00,0.00,0.00,0.50,0.15
protestations,word,0,8,0,0,0,0,0,0,1,0,0,9,0.89,0.00,0.00,0.11,0.00,0.00,0.00,0.00,0.00,0.00,0.00,0.50,0.15
dérange,lemma,0,1,0,0,0,0,0,0,0,0,8,9,0.11,0.00,0.00,0.00,0.00,0.89,0.00,0.00,0.00,0.00,0.00,0.50,0.15
con,lemma,0,8,0,1,0,0,0,0,0,0,0,9,0.89,0.11,0.00,0.00,0.00,0.00,0.00,0.00,0.00,0.00,0.00,0.50,0.15
menacer,lemma,0,7,0,0,0,0,0,0,56,0,0,63,0.11,0.00,0.00,0.89,0.00,0.00,0.00,0.00,0.00,0.00,0.00,0.50,0.15
gueule,word,0,8,0,1,0,0,0,0,0,0,0,9,0.89,0.11,0.00,0.00,0.00,0.00,0.00,0.00,0.00,0.00,0.00,0.50,0.15
marrant,lemma,0,1,0,0,0,0,0,9,0,0,0,10,0.10,0.00,0.90,0.00,0.00,0.00,0.00,0.00,0.00,0.00,0.00,0.47,0.14
v,lemma,0,9,0,0,0,0,0,1,0,0,0,10,0.90,0.00,0.10,0.00,0.00,0.00,0.00,0.00,0.00,0.00,0.00,0.47,0.14
mentir,lemma,0,9,0,0,0,0,0,1,0,0,0,10,0.90,0.00,0.10,0.00,0.00,0.00,0.00,0.00,0.00,0.00,0.00,0.47,0.14
refuse,word,0,9,0,0,0,0,0,1,0,0,0,10,0.90,0.00,0.10,0.00,0.00,0.00,0.00,0.00,0.00,0.00,0.00,0.47,0.14
mouvement,lemma,0,9,0,0,0,0,0,0,1,0,0,10,0.90,0.00,0.00,0.10,0.00,0.00,0.00,0.00,0.00,0.00,0.00,0.47,0.14
protester,lemma,0,26,0,0,0,0,0,0,0,1,1,28,0.93,0.00,0.00,0.00,0.04,0.04,0.00,0.00,0.00,0.00,0.00,0.44,0.13
macron,word,0,10,0,0,0,0,0,1,0,0,0,11,0.91,0.00,0.09,0.00,0.00,0.00,0.00,0.00,0.00,0.00,0.00,0.44,0.13
désaccord,word,0,10,0,1,0,0,0,0,0,0,0,11,0.91,0.09,0.00,0.00,0.00,0.00,0.00,0.00,0.00,0.00,0.00,0.44,0.13
emmanuel,lemma,0,10,0,0,0,0,0,1,0,0,0,11,0.91,0.00,0.09,0.00,0.00,0.00,0.00,0.00,0.00,0.00,0.00,0.44,0.13
emmanuel,word,0,10,0,0,0,0,0,1,0,0,0,11,0.91,0.00,0.09,0.00,0.00,0.00,0.00,0.00,0.00,0.00,0.00,0.44,0.13
réfugier,lemma,0,1,0,0,0,0,0,0,10,0,0,11,0.09,0.00,0.00,0.91,0.00,0.00,0.00,0.00,0.00,0.00,0.00,0.44,0.13
macron,lemma,0,10,0,0,0,0,0,1,0,0,0,11,0.91,0.00,0.09,0.00,0.00,0.00,0.00,0.00,0.00,0.00,0.00,0.44,0.13
surprise,word,0,0,0,0,0,0,0,2,1,39,0,42,0.00,0.00,0.05,0.02,0.93,0.00,0.00,0.00,0.00,0.00,0.00,0.44,0.13
surprise,lemma,0,0,0,0,0,0,0,2,1,41,0,44,0.00,0.00,0.05,0.02,0.93,0.00,0.00,0.00,0.00,0.00,0.00,0.42,0.12
injuste,word,0,11,0,0,0,0,0,0,0,0,1,12,0.92,0.00,0.00,0.00,0.00,0.08,0.00,0.00,0.00,0.00,0.00,0.41,0.12
conflit,word,0,11,0,0,0,0,0,0,1,0,0,12,0.92,0.00,0.00,0.08,0.00,0.00,0.00,0.00,0.00,0.00,0.00,0.41,0.12
désaccord,lemma,0,11,0,1,0,0,0,0,0,0,0,12,0.92,0.08,0.00,0.00,0.00,0.00,0.00,0.00,0.00,0.00,0.00,0.41,0.12
dirigeant,lemma,1,11,0,0,0,0,0,0,0,0,0,12,0.92,0.00,0.00,0.00,0.00,0.00,0.08,0.00,0.00,0.00,0.00,0.41,0.12
rire,word,0,2,0,0,0,0,0,23,0,0,0,25,0.08,0.00,0.92,0.00,0.00,0.00,0.00,0.00,0.00,0.00,0.00,0.40,0.12
mere,lemma,0,12,0,1,0,0,0,0,0,0,0,13,0.92,0.08,0.00,0.00,0.00,0.00,0.00,0.00,0.00,0.00,0.00,0.39,0.11
routes,word,0,12,0,0,0,0,0,0,1,0,0,13,0.92,0.00,0.00,0.08,0.00,0.00,0.00,0.00,0.00,0.00,0.00,0.39,0.11
injuste,lemma,0,13,0,0,0,0,0,0,0,0,1,14,0.93,0.00,0.00,0.00,0.00,0.07,0.00,0.00,0.00,0.00,0.00,0.37,0.11
étonnant,word,0,1,0,0,0,0,0,0,0,14,0,15,0.07,0.00,0.00,0.00,0.93,0.00,0.00,0.00,0.00,0.00,0.00,0.35,0.10
décision,lemma,0,16,0,0,0,0,0,1,0,0,0,17,0.94,0.00,0.06,0.00,0.00,0.00,0.00,0.00,0.00,0.00,0.00,0.32,0.09
protestation,lemma,0,16,0,0,0,0,0,0,1,0,0,17,0.94,0.00,0.00,0.06,0.00,0.00,0.00,0.00,0.00,0.00,0.00,0.32,0.09
rir,lemma,0,1,0,0,0,0,0,16,0,0,0,17,0.06,0.00,0.94,0.00,0.00,0.00,0.00,0.00,0.00,0.00,0.00,0.32,0.09
inquiet,lemma,0,0,0,0,0,0,0,0,50,0,3,53,0.00,0.00,0.00,0.94,0.00,0.06,0.00,0.00,0.00,0.00,0.00,0.31,0.09
accuse,word,0,18,0,0,0,0,0,0,1,0,0,19,0.95,0.00,0.00,0.05,0.00,0.00,0.00,0.00,0.00,0.00,0.00,0.30,0.09
triste,word,0,0,0,0,0,0,0,0,0,1,20,21,0.00,0.00,0.00,0.00,0.05,0.95,0.00,0.00,0.00,0.00,0.00,0.28,0.08
manifestations,word,0,62,0,0,0,0,0,0,3,0,0,65,0.95,0.00,0.00,0.05,0.00,0.00,0.00,0.00,0.00,0.00,0.00,0.27,0.08
accuser,lemma,0,79,0,0,1,0,0,0,2,0,0,82,0.96,0.00,0.00,0.02,0.00,0.00,0.00,0.00,0.01,0.00,0.00,0.26,0.08
accusent,word,0,22,0,0,0,0,0,0,1,0,0,23,0.96,0.00,0.00,0.04,0.00,0.00,0.00,0.00,0.00,0.00,0.00,0.26,0.07
manifestation,lemma,0,69,0,0,0,0,0,0,3,0,0,72,0.96,0.00,0.00,0.04,0.00,0.00,0.00,0.00,0.00,0.00,0.00,0.25,0.07
étonnant,lemma,0,1,0,0,0,0,0,0,0,24,0,25,0.04,0.00,0.00,0.00,0.96,0.00,0.00,0.00,0.00,0.00,0.00,0.24,0.07
plaisir,word,0,0,0,0,0,0,0,26,0,0,1,27,0.00,0.00,0.96,0.00,0.00,0.04,0.00,0.00,0.00,0.00,0.00,0.23,0.07
plaisir,lemma,0,0,0,0,0,0,0,26,0,0,1,27,0.00,0.00,0.96,0.00,0.00,0.04,0.00,0.00,0.00,0.00,0.00,0.23,0.07
triste,lemma,0,0,0,0,0,0,0,0,0,1,28,29,0.00,0.00,0.00,0.00,0.03,0.97,0.00,0.00,0.00,0.00,0.00,0.22,0.06
inquiète,word,0,0,0,0,0,0,0,0,30,0,1,31,0.00,0.00,0.00,0.97,0.00,0.03,0.00,0.00,0.00,0.00,0.00,0.21,0.06
dangereux,lemma,0,1,0,0,0,0,0,0,42,0,0,43,0.02,0.00,0.00,0.98,0.00,0.00,0.00,0.00,0.00,0.00,0.00,0.16,0.05
peur,lemma,0,1,0,0,0,0,0,0,133,0,1,135,0.01,0.00,0.00,0.99,0.00,0.01,0.00,0.00,0.00,0.00,0.00,0.13,0.04
peur,word,0,1,0,0,0,0,0,0,133,0,1,135,0.01,0.00,0.00,0.99,0.00,0.01,0.00,0.00,0.00,0.00,0.00,0.13,0.04
dangereux,word,0,1,0,0,0,0,0,0,57,0,0,58,0.02,0.00,0.00,0.98,0.00,0.00,0.00,0.00,0.00,0.00,0.00,0.13,0.04
embêtant,lemma,0,0,0,0,0,0,0,0,0,0,4,4,0.00,0.00,0.00,0.00,0.00,1.00,0.00,0.00,0.00,0.00,0.00,-0.00,-0.00
polémique,lemma,0,4,0,0,0,0,0,0,0,0,0,4,1.00,0.00,0.00,0.00,0.00,0.00,0.00,0.00,0.00,0.00,0.00,-0.00,-0.00
polémique,word,0,4,0,0,0,0,0,0,0,0,0,4,1.00,0.00,0.00,0.00,0.00,0.00,0.00,0.00,0.00,0.00,0.00,-0.00,-0.00
tiré,word,0,0,0,0,0,0,0,0,4,0,0,4,0.00,0.00,0.00,1.00,0.00,0.00,0.00,0.00,0.00,0.00,0.00,-0.00,-0.00
embêtant,word,0,0,0,0,0,0,0,0,0,0,4,4,0.00,0.00,0.00,0.00,0.00,1.00,0.00,0.00,0.00,0.00,0.00,-0.00,-0.00
profondément,lemma,0,3,0,0,0,0,0,0,0,0,0,3,1.00,0.00,0.00,0.00,0.00,0.00,0.00,0.00,0.00,0.00,0.00,-0.00,-0.00
judiciaire,word,0,3,0,0,0,0,0,0,0,0,0,3,1.00,0.00,0.00,0.00,0.00,0.00,0.00,0.00,0.00,0.00,0.00,-0.00,-0.00
covid,word,0,0,0,0,0,0,0,0,4,0,0,4,0.00,0.00,0.00,1.00,0.00,0.00,0.00,0.00,0.00,0.00,0.00,-0.00,-0.00
corée,word,0,0,0,0,0,0,0,0,4,0,0,4,0.00,0.00,0.00,1.00,0.00,0.00,0.00,0.00,0.00,0.00,0.00,-0.00,-0.00
emporte,word,0,3,0,0,0,0,0,0,0,0,0,3,1.00,0.00,0.00,0.00,0.00,0.00,0.00,0.00,0.00,0.00,0.00,-0.00,-0.00
ete,lemma,0,4,0,0,0,0,0,0,0,0,0,4,1.00,0.00,0.00,0.00,0.00,0.00,0.00,0.00,0.00,0.00,0.00,-0.00,-0.00
projet,word,0,3,0,0,0,0,0,0,0,0,0,3,1.00,0.00,0.00,0.00,0.00,0.00,0.00,0.00,0.00,0.00,0.00,-0.00,-0.00
humanitaire,lemma,0,0,0,0,0,0,0,0,5,0,0,5,0.00,0.00,0.00,1.00,0.00,0.00,0.00,0.00,0.00,0.00,0.00,-0.00,-0.00
humanitaire,word,0,0,0,0,0,0,0,0,4,0,0,4,0.00,0.00,0.00,1.00,0.00,0.00,0.00,0.00,0.00,0.00,0.00,-0.00,-0.00
projet,lemma,0,3,0,0,0,0,0,0,0,0,0,3,1.00,0.00,0.00,0.00,0.00,0.00,0.00,0.00,0.00,0.00,0.00,-0.00,-0.00
gâteau,lemma,0,0,0,0,0,0,0,5,0,0,0,5,0.00,0.00,1.00,0.00,0.00,0.00,0.00,0.00,0.00,0.00,0.00,-0.00,-0.00
gâteau,word,0,0,0,0,0,0,0,4,0,0,0,4,0.00,0.00,1.00,0.00,0.00,0.00,0.00,0.00,0.00,0.00,0.00,-0.00,-0.00
habitant,lemma,0,0,0,0,0,0,0,0,6,0,0,6,0.00,0.00,0.00,1.00,0.00,0.00,0.00,0.00,0.00,0.00,0.00,-0.00,-0.00
encourager,word,0,0,0,0,0,0,0,5,0,0,0,5,0.00,0.00,1.00,0.00,0.00,0.00,0.00,0.00,0.00,0.00,0.00,-0.00,-0.00
habitation,lemma,0,0,0,0,0,0,0,0,6,0,0,6,0.00,0.00,0.00,1.00,0.00,0.00,0.00,0.00,0.00,0.00,0.00,-0.00,-0.00
habitations,word,0,0,0,0,0,0,0,0,6,0,0,6,0.00,0.00,0.00,1.00,0.00,0.00,0.00,0.00,0.00,0.00,0.00,-0.00,-0.00
frapper,lemma,0,0,0,0,0,0,0,0,4,0,0,4,0.00,0.00,0.00,1.00,0.00,0.00,0.00,0.00,0.00,0.00,0.00,-0.00,-0.00
frein,lemma,0,0,0,0,0,0,0,0,3,0,0,3,0.00,0.00,0.00,1.00,0.00,0.00,0.00,0.00,0.00,0.00,0.00,-0.00,-0.00
corée,lemma,0,0,0,0,0,0,0,0,4,0,0,4,0.00,0.00,0.00,1.00,0.00,0.00,0.00,0.00,0.00,0.00,0.00,-0.00,-0.00
profondément,word,0,3,0,0,0,0,0,0,0,0,0,3,1.00,0.00,0.00,0.00,0.00,0.00,0.00,0.00,0.00,0.00,0.00,-0.00,-0.00
désespérer,lemma,0,0,0,0,0,0,0,0,0,0,3,3,0.00,0.00,0.00,0.00,0.00,1.00,0.00,0.00,0.00,0.00,0.00,-0.00,-0.00
détresse,lemma,0,0,0,0,0,0,0,0,4,0,0,4,0.00,0.00,0.00,1.00,0.00,0.00,0.00,0.00,0.00,0.00,0.00,-0.00,-0.00
détresse,word,0,0,0,0,0,0,0,0,4,0,0,4,0.00,0.00,0.00,1.00,0.00,0.00,0.00,0.00,0.00,0.00,0.00,-0.00,-0.00
habitants,word,0,0,0,0,0,0,0,0,6,0,0,6,0.00,0.00,0.00,1.00,0.00,0.00,0.00,0.00,0.00,0.00,0.00,-0.00,-0.00
craignaient,word,0,0,0,0,0,0,0,0,3,0,0,3,0.00,0.00,0.00,1.00,0.00,0.00,0.00,0.00,0.00,0.00,0.00,-0.00,-0.00
craignaient,lemma,0,0,0,0,0,0,0,0,3,0,0,3,0.00,0.00,0.00,1.00,0.00,0.00,0.00,0.00,0.00,0.00,0.00,-0.00,-0.00
prestigieux,word,3,0,0,0,0,0,0,0,0,0,0,3,0.00,0.00,0.00,0.00,0.00,0.00,1.00,0.00,0.00,0.00,0.00,-0.00,-0.00
poutine,word,0,6,0,0,0,0,0,0,0,0,0,6,1.00,0.00,0.00,0.00,0.00,0.00,0.00,0.00,0.00,0.00,0.00,-0.00,-0.00
fuite,lemma,0,0,0,0,0,0,0,0,5,0,0,5,0.00,0.00,0.00,1.00,0.00,0.00,0.00,0.00,0.00,0.00,0.00,-0.00,-0.00
fuite,word,0,0,0,0,0,0,0,0,5,0,0,5,0.00,0.00,0.00,1.00,0.00,0.00,0.00,0.00,0.00,0.00,0.00,-0.00,-0.00
furieux,lemma,0,4,0,0,0,0,0,0,0,0,0,4,1.00,0.00,0.00,0.00,0.00,0.00,0.00,0.00,0.00,0.00,0.00,-0.00,-0.00
furieux,word,0,3,0,0,0,0,0,0,0,0,0,3,1.00,0.00,0.00,0.00,0.00,0.00,0.00,0.00,0.00,0.00,0.00,-0.00,-0.00
effrayer,lemma,0,0,0,0,0,0,0,0,11,0,0,11,0.00,0.00,0.00,1.00,0.00,0.00,0.00,0.00,0.00,0.00,0.00,-0.00,-0.00
poursuivre,lemma,0,3,0,0,0,0,0,0,0,0,0,3,1.00,0.00,0.00,0.00,0.00,0.00,0.00,0.00,0.00,0.00,0.00,-0.00,-0.00
pourraient,word,0,0,0,0,0,0,0,0,4,0,0,4,0.00,0.00,0.00,1.00,0.00,0.00,0.00,0.00,0.00,0.00,0.00,-0.00,-0.00
frite,lemma,0,0,0,0,0,0,0,3,0,0,0,3,0.00,0.00,1.00,0.00,0.00,0.00,0.00,0.00,0.00,0.00,0.00,-0.00,-0.00
frites,word,0,0,0,0,0,0,0,3,0,0,0,3,0.00,0.00,1.00,0.00,0.00,0.00,0.00,0.00,0.00,0.00,0.00,-0.00,-0.00
ftg,lemma,0,11,0,0,0,0,0,0,0,0,0,11,1.00,0.00,0.00,0.00,0.00,0.00,0.00,0.00,0.00,0.00,0.00,-0.00,-0.00
ftg,word,0,11,0,0,0,0,0,0,0,0,0,11,1.00,0.00,0.00,0.00,0.00,0.00,0.00,0.00,0.00,0.00,0.00,-0.00,-0.00
fui,word,0,0,0,0,0,0,0,0,13,0,0,13,0.00,0.00,0.00,1.00,0.00,0.00,0.00,0.00,0.00,0.00,0.00,-0.00,-0.00
crise,word,0,0,0,0,0,0,0,0,4,0,0,4,0.00,0.00,0.00,1.00,0.00,0.00,0.00,0.00,0.00,0.00,0.00,-0.00,-0.00
crise,lemma,0,0,0,0,0,0,0,0,4,0,0,4,0.00,0.00,0.00,1.00,0.00,0.00,0.00,0.00,0.00,0.00,0.00,-0.00,-0.00
poutine,lemma,0,6,0,0,0,0,0,0,0,0,0,6,1.00,0.00,0.00,0.00,0.00,0.00,0.00,0.00,0.00,0.00,0.00,-0.00,-0.00
manifester,lemma,0,35,0,0,0,0,0,0,0,0,0,35,1.00,0.00,0.00,0.00,0.00,0.00,0.00,0.00,0.00,0.00,0.00,-0.00,-0.00
manifester,word,0,15,0,0,0,0,0,0,0,0,0,15,1.00,0.00,0.00,0.00,0.00,0.00,0.00,0.00,0.00,0.00,0.00,-0.00,-0.00
manifesté,word,0,16,0,0,0,0,0,0,0,0,0,16,1.00,0.00,0.00,0.00,0.00,0.00,0.00,0.00,0.00,0.00,0.00,-0.00,-0.00
manipuler,lemma,0,3,0,0,0,0,0,0,0,0,0,3,1.00,0.00,0.00,0.00,0.00,0.00,0.00,0.00,0.00,0.00,0.00,-0.00,-0.00
effrayants,word,0,0,0,0,0,0,0,0,5,0,0,5,0.00,0.00,0.00,1.00,0.00,0.00,0.00,0.00,0.00,0.00,0.00,-0.00,-0.00
honte,word,0,0,0,0,11,0,0,0,0,0,0,11,0.00,0.00,0.00,0.00,0.00,0.00,0.00,0.00,1.00,0.00,0.00,-0.00,-0.00
effrayé,word,0,0,0,0,0,0,0,0,4,0,0,4,0.00,0.00,0.00,1.00,0.00,0.00,0.00,0.00,0.00,0.00,0.00,-0.00,-0.00
corruption,word,0,12,0,0,0,0,0,0,0,0,0,12,1.00,0.00,0.00,0.00,0.00,0.00,0.00,0.00,0.00,0.00,0.00,-0.00,-0.00
possible,lemma,0,0,0,0,0,0,0,0,3,0,0,3,0.00,0.00,0.00,1.00,0.00,0.00,0.00,0.00,0.00,0.00,0.00,-0.00,-0.00
potentiellement,word,0,4,0,0,0,0,0,0,0,0,0,4,1.00,0.00,0.00,0.00,0.00,0.00,0.00,0.00,0.00,0.00,0.00,-0.00,-0.00
attaquent,word,0,0,0,0,0,0,0,0,5,0,0,5,0.00,0.00,0.00,1.00,0.00,0.00,0.00,0.00,0.00,0.00,0.00,-0.00,-0.00
potentiellement,lemma,0,4,0,0,0,0,0,0,0,0,0,4,1.00,0.00,0.00,0.00,0.00,0.00,0.00,0.00,0.00,0.00,0.00,-0.00,-0.00
potentielle,word,0,0,0,0,0,0,0,0,3,0,0,3,0.00,0.00,0.00,1.00,0.00,0.00,0.00,0.00,0.00,0.00,0.00,-0.00,-0.00
potentielle,lemma,0,0,0,0,0,0,0,0,3,0,0,3,0.00,0.00,0.00,1.00,0.00,0.00,0.00,0.00,0.00,0.00,0.00,-0.00,-0.00
tranquille,word,0,7,0,0,0,0,0,0,0,0,0,7,1.00,0.00,0.00,0.00,0.00,0.00,0.00,0.00,0.00,0.00,0.00,-0.00,-0.00
armés,word,0,0,0,0,0,0,0,0,3,0,0,3,0.00,0.00,0.00,1.00,0.00,0.00,0.00,0.00,0.00,0.00,0.00,-0.00,-0.00
arrete,lemma,0,7,0,0,0,0,0,0,0,0,0,7,1.00,0.00,0.00,0.00,0.00,0.00,0.00,0.00,0.00,0.00,0.00,-0.00,-0.00
arrete,word,0,7,0,0,0,0,0,0,0,0,0,7,1.00,0.00,0.00,0.00,0.00,0.00,0.00,0.00,0.00,0.00,0.00,-0.00,-0.00
corruption,lemma,0,12,0,0,0,0,0,0,0,0,0,12,1.00,0.00,0.00,0.00,0.00,0.00,0.00,0.00,0.00,0.00,0.00,-0.00,-0.00
heureuses,word,0,0,0,0,0,0,0,3,0,0,0,3,0.00,0.00,1.00,0.00,0.00,0.00,0.00,0.00,0.00,0.00,0.00,-0.00,-0.00
heureux,lemma,0,0,0,0,0,0,0,36,0,0,0,36,0.00,0.00,1.00,0.00,0.00,0.00,0.00,0.00,0.00,0.00,0.00,-0.00,-0.00
heureux,word,0,0,0,0,0,0,0,27,0,0,0,27,0.00,0.00,1.00,0.00,0.00,0.00,0.00,0.00,0.00,0.00,0.00,-0.00,-0.00
historique,lemma,0,0,0,0,0,0,0,3,0,0,0,3,0.00,0.00,1.00,0.00,0.00,0.00,0.00,0.00,0.00,0.00,0.00,-0.00,-0.00
historique,word,0,0,0,0,0,0,0,3,0,0,0,3,0.00,0.00,1.00,0.00,0.00,0.00,0.00,0.00,0.00,0.00,0.00,-0.00,-0.00
effrayant,lemma,0,0,0,0,0,0,0,0,6,0,0,6,0.00,0.00,0.00,1.00,0.00,0.00,0.00,0.00,0.00,0.00,0.00,-0.00,-0.00
effrayant,word,0,0,0,0,0,0,0,0,4,0,0,4,0.00,0.00,0.00,1.00,0.00,0.00,0.00,0.00,0.00,0.00,0.00,-0.00,-0.00
dispute,lemma,0,3,0,0,0,0,0,0,0,0,0,3,1.00,0.00,0.00,0.00,0.00,0.00,0.00,0.00,0.00,0.00,0.00,-0.00,-0.00
tendues,word,0,6,0,0,0,0,0,0,0,0,0,6,1.00,0.00,0.00,0.00,0.00,0.00,0.00,0.00,0.00,0.00,0.00,-0.00,-0.00
lait,word,0,3,0,0,0,0,0,0,0,0,0,3,1.00,0.00,0.00,0.00,0.00,0.00,0.00,0.00,0.00,0.00,0.00,-0.00,-0.00
mur,lemma,0,0,0,0,0,0,0,0,4,0,0,4,0.00,0.00,0.00,1.00,0.00,0.00,0.00,0.00,0.00,0.00,0.00,-0.00,-0.00
muslim,lemma,0,3,0,0,0,0,0,0,0,0,0,3,1.00,0.00,0.00,0.00,0.00,0.00,0.00,0.00,0.00,0.00,0.00,-0.00,-0.00
muslim,word,0,3,0,0,0,0,0,0,0,0,0,3,1.00,0.00,0.00,0.00,0.00,0.00,0.00,0.00,0.00,0.00,0.00,-0.00,-0.00
déçue,lemma,0,0,0,0,0,0,0,0,0,0,4,4,0.00,0.00,0.00,0.00,0.00,1.00,0.00,0.00,0.00,0.00,0.00,-0.00,-0.00
déçue,word,0,0,0,0,0,0,0,0,0,0,6,6,0.00,0.00,0.00,0.00,0.00,1.00,0.00,0.00,0.00,0.00,0.00,-0.00,-0.00
déçus,word,0,0,0,0,0,0,0,0,0,0,4,4,0.00,0.00,0.00,0.00,0.00,1.00,0.00,0.00,0.00,0.00,0.00,-0.00,-0.00
dîner,lemma,0,0,0,0,0,0,0,4,0,0,0,4,0.00,0.00,1.00,0.00,0.00,0.00,0.00,0.00,0.00,0.00,0.00,-0.00,-0.00
lancé,word,0,3,0,0,0,0,0,0,0,0,0,3,1.00,0.00,0.00,0.00,0.00,0.00,0.00,0.00,0.00,0.00,0.00,-0.00,-0.00
fake,word,0,6,0,0,0,0,0,0,0,0,0,6,1.00,0.00,0.00,0.00,0.00,0.00,0.00,0.00,0.00,0.00,0.00,-0.00,-0.00
fake,lemma,0,6,0,0,0,0,0,0,0,0,0,6,1.00,0.00,0.00,0.00,0.00,0.00,0.00,0.00,0.00,0.00,0.00,-0.00,-0.00
préoccuper,word,0,4,0,0,0,0,0,0,0,0,0,4,1.00,0.00,0.00,0.00,0.00,0.00,0.00,0.00,0.00,0.00,0.00,-0.00,-0.00
surprenant,lemma,0,0,0,0,0,0,0,0,0,9,0,9,0.00,0.00,0.00,0.00,1.00,0.00,0.00,0.00,0.00,0.00,0.00,-0.00,-0.00
surprenant,word,0,0,0,0,0,0,0,0,0,4,0,4,0.00,0.00,0.00,0.00,1.00,0.00,0.00,0.00,0.00,0.00,0.00,-0.00,-0.00
surprenante,word,0,0,0,0,0,0,0,0,0,4,0,4,0.00,0.00,0.00,0.00,1.00,0.00,0.00,0.00,0.00,0.00,0.00,-0.00,-0.00
surprendre,lemma,0,0,0,0,0,0,0,0,0,10,0,10,0.00,0.00,0.00,0.00,1.00,0.00,0.00,0.00,0.00,0.00,0.00,-0.00,-0.00
surprendre,word,0,0,0,0,0,0,0,0,0,3,0,3,0.00,0.00,0.00,0.00,1.00,0.00,0.00,0.00,0.00,0.00,0.00,-0.00,-0.00
heureusement,word,0,0,0,0,0,0,0,17,0,0,0,17,0.00,0.00,1.00,0.00,0.00,0.00,0.00,0.00,0.00,0.00,0.00,-0.00,-0.00
joie,word,0,0,0,0,0,0,0,18,0,0,0,18,0.00,0.00,1.00,0.00,0.00,0.00,0.00,0.00,0.00,0.00,0.00,-0.00,-0.00
bloquer,word,0,5,0,0,0,0,0,0,0,0,0,5,1.00,0.00,0.00,0.00,0.00,0.00,0.00,0.00,0.00,0.00,0.00,-0.00,-0.00
joie,lemma,0,0,0,0,0,0,0,18,0,0,0,18,0.00,0.00,1.00,0.00,0.00,0.00,0.00,0.00,0.00,0.00,0.00,-0.00,-0.00
degouter,lemma,0,0,0,4,0,0,0,0,0,0,0,4,0.00,1.00,0.00,0.00,0.00,0.00,0.00,0.00,0.00,0.00,0.00,-0.00,-0.00
stresser,lemma,0,0,0,0,0,0,0,0,4,0,0,4,0.00,0.00,0.00,1.00,0.00,0.00,0.00,0.00,0.00,0.00,0.00,-0.00,-0.00
stressé,word,0,0,0,0,0,0,0,0,3,0,0,3,0.00,0.00,0.00,1.00,0.00,0.00,0.00,0.00,0.00,0.00,0.00,-0.00,-0.00
disputent,word,0,3,0,0,0,0,0,0,0,0,0,3,1.00,0.00,0.00,0.00,0.00,0.00,0.00,0.00,0.00,0.00,0.00,-0.00,-0.00
heureuse,word,0,0,0,0,0,0,0,6,0,0,0,6,0.00,0.00,1.00,0.00,0.00,0.00,0.00,0.00,0.00,0.00,0.00,-0.00,-0.00
heureusement,lemma,0,0,0,0,0,0,0,17,0,0,0,17,0.00,0.00,1.00,0.00,0.00,0.00,0.00,0.00,0.00,0.00,0.00,-0.00,-0.00
bloquent,word,0,4,0,0,0,0,0,0,0,0,0,4,1.00,0.00,0.00,0.00,0.00,0.00,0.00,0.00,0.00,0.00,0.00,-0.00,-0.00
terrorisme,lemma,0,0,0,0,0,0,0,0,3,0,0,3,0.00,0.00,0.00,1.00,0.00,0.00,0.00,0.00,0.00,0.00,0.00,-0.00,-0.00
terrorisme,word,0,0,0,0,0,0,0,0,3,0,0,3,0.00,0.00,0.00,1.00,0.00,0.00,0.00,0.00,0.00,0.00,0.00,-0.00,-0.00
terroriste,word,0,0,0,0,0,0,0,0,3,0,0,3,0.00,0.00,0.00,1.00,0.00,0.00,0.00,0.00,0.00,0.00,0.00,-0.00,-0.00
tg,lemma,0,22,0,0,0,0,0,0,0,0,0,22,1.00,0.00,0.00,0.00,0.00,0.00,0.00,0.00,0.00,0.00,0.00,-0.00,-0.00
tg,word,0,22,0,0,0,0,0,0,0,0,0,22,1.00,0.00,0.00,0.00,0.00,0.00,0.00,0.00,0.00,0.00,0.00,-0.00,-0.00
attendait,word,0,0,0,0,0,0,0,0,0,3,0,3,0.00,0.00,0.00,0.00,1.00,0.00,0.00,0.00,0.00,0.00,0.00,-0.00,-0.00
attrister,lemma,0,0,0,0,0,0,0,0,0,0,3,3,0.00,0.00,0.00,0.00,0.00,1.00,0.00,0.00,0.00,0.00,0.00,-0.00,-0.00
deuil,word,0,0,0,0,0,0,0,0,0,0,4,4,0.00,0.00,0.00,0.00,0.00,1.00,0.00,0.00,0.00,0.00,0.00,-0.00,-0.00
dîner,word,0,0,0,0,0,0,0,3,0,0,0,3,0.00,0.00,1.00,0.00,0.00,0.00,0.00,0.00,0.00,0.00,0.00,-0.00,-0.00
taxes,word,0,4,0,0,0,0,0,0,0,0,0,4,1.00,0.00,0.00,0.00,0.00,0.00,0.00,0.00,0.00,0.00,0.00,-0.00,-0.00
deuil,lemma,0,0,0,0,0,0,0,0,0,0,4,4,0.00,0.00,0.00,0.00,0.00,1.00,0.00,0.00,0.00,0.00,0.00,-0.00,-0.00
etes,word,0,4,0,0,0,0,0,0,0,0,0,4,1.00,0.00,0.00,0.00,0.00,0.00,0.00,0.00,0.00,0.00,0.00,-0.00,-0.00
craint,word,0,0,0,0,0,0,0,0,8,0,0,8,0.00,0.00,0.00,1.00,0.00,0.00,0.00,0.00,0.00,0.00,0.00,-0.00,-0.00
tension,lemma,0,9,0,0,0,0,0,0,0,0,0,9,1.00,0.00,0.00,0.00,0.00,0.00,0.00,0.00,0.00,0.00,0.00,-0.00,-0.00
tensions,word,0,9,0,0,0,0,0,0,0,0,0,9,1.00,0.00,0.00,0.00,0.00,0.00,0.00,0.00,0.00,0.00,0.00,-0.00,-0.00
terribles,word,0,0,0,0,0,0,0,0,4,0,0,4,0.00,0.00,0.00,1.00,0.00,0.00,0.00,0.00,0.00,0.00,0.00,-0.00,-0.00
hont,lemma,0,0,0,0,8,0,0,0,0,0,0,8,0.00,0.00,0.00,0.00,0.00,0.00,0.00,0.00,1.00,0.00,0.00,-0.00,-0.00
honte,lemma,0,0,0,0,3,0,0,0,0,0,0,3,0.00,0.00,0.00,0.00,0.00,0.00,0.00,0.00,1.00,0.00,0.00,-0.00,-0.00
taxe,lemma,0,4,0,0,0,0,0,0,0,0,0,4,1.00,0.00,0.00,0.00,0.00,0.00,0.00,0.00,0.00,0.00,0.00,-0.00,-0.00
justice,word,0,6,0,0,0,0,0,0,0,0,0,6,1.00,0.00,0.00,0.00,0.00,0.00,0.00,0.00,0.00,0.00,0.00,-0.00,-0.00
effets,word,0,0,0,0,0,0,0,0,3,0,0,3,0.00,0.00,0.00,1.00,0.00,0.00,0.00,0.00,0.00,0.00,0.00,-0.00,-0.00
effondrer,word,0,0,0,0,0,0,0,0,5,0,0,5,0.00,0.00,0.00,1.00,0.00,0.00,0.00,0.00,0.00,0.00,0.00,-0.00,-0.00
banal,lemma,0,0,0,0,0,0,0,0,0,3,0,3,0.00,0.00,0.00,0.00,1.00,0.00,0.00,0.00,0.00,0.00,0.00,-0.00,-0.00
banal,word,0,0,0,0,0,0,0,0,0,3,0,3,0.00,0.00,0.00,0.00,1.00,0.00,0.00,0.00,0.00,0.00,0.00,-0.00,-0.00
bangladesh,lemma,0,0,0,0,0,0,0,0,6,0,0,6,0.00,0.00,0.00,1.00,0.00,0.00,0.00,0.00,0.00,0.00,0.00,-0.00,-0.00
bangladesh,word,0,0,0,0,0,0,0,0,6,0,0,6,0.00,0.00,0.00,1.00,0.00,0.00,0.00,0.00,0.00,0.00,0.00,-0.00,-0.00
sévir,lemma,0,0,0,0,0,0,0,0,3,0,0,3,0.00,0.00,0.00,1.00,0.00,0.00,0.00,0.00,0.00,0.00,0.00,-0.00,-0.00
manifestent,word,0,15,0,0,0,0,0,0,0,0,0,15,1.00,0.00,0.00,0.00,0.00,0.00,0.00,0.00,0.00,0.00,0.00,-0.00,-0.00
déçu,lemma,0,0,0,0,0,0,0,0,0,0,6,6,0.00,0.00,0.00,0.00,0.00,1.00,0.00,0.00,0.00,0.00,0.00,-0.00,-0.00
déçu,word,0,0,0,0,0,0,0,0,0,0,5,5,0.00,0.00,0.00,0.00,0.00,1.00,0.00,0.00,0.00,0.00,0.00,-0.00,-0.00
justice,lemma,0,6,0,0,0,0,0,0,0,0,0,6,1.00,0.00,0.00,0.00,0.00,0.00,0.00,0.00,0.00,0.00,0.00,-0.00,-0.00
prises,word,0,4,0,0,0,0,0,0,0,0,0,4,1.00,0.00,0.00,0.00,0.00,0.00,0.00,0.00,0.00,0.00,0.00,-0.00,-0.00
parti,lemma,0,4,0,0,0,0,0,0,0,0,0,4,1.00,0.00,0.00,0.00,0.00,0.00,0.00,0.00,0.00,0.00,0.00,-0.00,-0.00
avis,lemma,0,5,0,0,0,0,0,0,0,0,0,5,1.00,0.00,0.00,0.00,0.00,0.00,0.00,0.00,0.00,0.00,0.00,-0.00,-0.00
avis,word,0,6,0,0,0,0,0,0,0,0,0,6,1.00,0.00,0.00,0.00,0.00,0.00,0.00,0.00,0.00,0.00,0.00,-0.00,-0.00
manifeste,word,0,4,0,0,0,0,0,0,0,0,0,4,1.00,0.00,0.00,0.00,0.00,0.00,0.00,0.00,0.00,0.00,0.00,-0.00,-0.00
manifestent,lemma,0,15,0,0,0,0,0,0,0,0,0,15,1.00,0.00,0.00,0.00,0.00,0.00,0.00,0.00,0.00,0.00,0.00,-0.00,-0.00
sévit,word,0,0,0,0,0,0,0,0,3,0,0,3,0.00,0.00,0.00,1.00,0.00,0.00,0.00,0.00,0.00,0.00,0.00,-0.00,-0.00
énerv,lemma,0,5,0,0,0,0,0,0,0,0,0,5,1.00,0.00,0.00,0.00,0.00,0.00,0.00,0.00,0.00,0.00,0.00,-0.00,-0.00
énerve,word,0,5,0,0,0,0,0,0,0,0,0,5,1.00,0.00,0.00,0.00,0.00,0.00,0.00,0.00,0.00,0.00,0.00,-0.00,-0.00
énerver,lemma,0,3,0,0,0,0,0,0,0,0,0,3,1.00,0.00,0.00,0.00,0.00,0.00,0.00,0.00,0.00,0.00,0.00,-0.00,-0.00
pk,lemma,0,4,0,0,0,0,0,0,0,0,0,4,1.00,0.00,0.00,0.00,0.00,0.00,0.00,0.00,0.00,0.00,0.00,-0.00,-0.00
abdelaziz,lemma,0,4,0,0,0,0,0,0,0,0,0,4,1.00,0.00,0.00,0.00,0.00,0.00,0.00,0.00,0.00,0.00,0.00,-0.00,-0.00
affrontements,word,0,4,0,0,0,0,0,0,0,0,0,4,1.00,0.00,0.00,0.00,0.00,0.00,0.00,0.00,0.00,0.00,0.00,-0.00,-0.00
affrontement,lemma,0,4,0,0,0,0,0,0,0,0,0,4,1.00,0.00,0.00,0.00,0.00,0.00,0.00,0.00,0.00,0.00,0.00,-0.00,-0.00
abri,word,0,0,0,0,0,0,0,0,4,0,0,4,0.00,0.00,0.00,1.00,0.00,0.00,0.00,0.00,0.00,0.00,0.00,-0.00,-0.00
craindre,lemma,0,0,0,0,0,0,0,0,20,0,0,20,0.00,0.00,0.00,1.00,0.00,0.00,0.00,0.00,0.00,0.00,0.00,-0.00,-0.00
accusait,word,0,4,0,0,0,0,0,0,0,0,0,4,1.00,0.00,0.00,0.00,0.00,0.00,0.00,0.00,0.00,0.00,0.00,-0.00,-0.00
accus,lemma,0,4,0,0,0,0,0,0,0,0,0,4,1.00,0.00,0.00,0.00,0.00,0.00,0.00,0.00,0.00,0.00,0.00,-0.00,-0.00
abdelaziz,word,0,4,0,0,0,0,0,0,0,0,0,4,1.00,0.00,0.00,0.00,0.00,0.00,0.00,0.00,0.00,0.00,0.00,-0.00,-0.00
fâcher,lemma,0,3,0,0,0,0,0,0,0,0,0,3,1.00,0.00,0.00,0.00,0.00,0.00,0.00,0.00,0.00,0.00,0.00,-0.00,-0.00
fâché,lemma,0,5,0,0,0,0,0,0,0,0,0,5,1.00,0.00,0.00,0.00,0.00,0.00,0.00,0.00,0.00,0.00,0.00,-0.00,-0.00
fâchés,word,0,5,0,0,0,0,0,0,0,0,0,5,1.00,0.00,0.00,0.00,0.00,0.00,0.00,0.00,0.00,0.00,0.00,-0.00,-0.00
affoler,lemma,0,0,0,0,0,0,0,0,3,0,0,3,0.00,0.00,0.00,1.00,0.00,0.00,0.00,0.00,0.00,0.00,0.00,-0.00,-0.00
fête,lemma,0,0,0,0,0,0,0,32,0,0,0,32,0.00,0.00,1.00,0.00,0.00,0.00,0.00,0.00,0.00,0.00,0.00,-0.00,-0.00
abri,lemma,0,0,0,0,0,0,0,0,4,0,0,4,0.00,0.00,0.00,1.00,0.00,0.00,0.00,0.00,0.00,0.00,0.00,-0.00,-0.00
ambiance,word,0,0,0,0,0,0,0,5,0,0,0,5,0.00,0.00,1.00,0.00,0.00,0.00,0.00,0.00,0.00,0.00,0.00,-0.00,-0.00
dangereuses,word,0,0,0,0,0,0,0,0,11,0,0,11,0.00,0.00,0.00,1.00,0.00,0.00,0.00,0.00,0.00,0.00,0.00,-0.00,-0.00
dangereuse,word,0,0,0,0,0,0,0,0,15,0,0,15,0.00,0.00,0.00,1.00,0.00,0.00,0.00,0.00,0.00,0.00,0.00,-0.00,-0.00
vidéo,word,0,3,0,0,0,0,0,0,0,0,0,3,1.00,0.00,0.00,0.00,0.00,0.00,0.00,0.00,0.00,0.00,0.00,-0.00,-0.00
dangereuse,lemma,0,0,0,0,0,0,0,0,5,0,0,5,0.00,0.00,0.00,1.00,0.00,0.00,0.00,0.00,0.00,0.00,0.00,-0.00,-0.00
dangereu,lemma,0,0,0,0,0,0,0,0,36,0,0,36,0.00,0.00,0.00,1.00,0.00,0.00,0.00,0.00,0.00,0.00,0.00,-0.00,-0.00
danger,word,0,0,0,0,0,0,0,0,34,0,0,34,0.00,0.00,0.00,1.00,0.00,0.00,0.00,0.00,0.00,0.00,0.00,-0.00,-0.00
virus,lemma,0,0,0,0,0,0,0,0,4,0,0,4,0.00,0.00,0.00,1.00,0.00,0.00,0.00,0.00,0.00,0.00,0.00,-0.00,-0.00
pk,word,0,4,0,0,0,0,0,0,0,0,0,4,1.00,0.00,0.00,0.00,0.00,0.00,0.00,0.00,0.00,0.00,0.00,-0.00,-0.00
gueul,lemma,0,5,0,0,0,0,0,0,0,0,0,5,1.00,0.00,0.00,0.00,0.00,0.00,0.00,0.00,0.00,0.00,0.00,-0.00,-0.00
danger,lemma,0,0,0,0,0,0,0,0,36,0,0,36,0.00,0.00,0.00,1.00,0.00,0.00,0.00,0.00,0.00,0.00,0.00,-0.00,-0.00
personnelles,word,0,4,0,0,0,0,0,0,0,0,0,4,1.00,0.00,0.00,0.00,0.00,0.00,0.00,0.00,0.00,0.00,0.00,-0.00,-0.00
personnel,lemma,0,6,0,0,0,0,0,0,0,0,0,6,1.00,0.00,0.00,0.00,0.00,0.00,0.00,0.00,0.00,0.00,0.00,-0.00,-0.00
personnage,word,0,0,0,0,0,0,0,0,0,3,0,3,0.00,0.00,0.00,0.00,1.00,0.00,0.00,0.00,0.00,0.00,0.00,-0.00,-0.00
personnage,lemma,0,0,0,0,0,0,0,0,0,3,0,3,0.00,0.00,0.00,0.00,1.00,0.00,0.00,0.00,0.00,0.00,0.00,-0.00,-0.00
danse,word,0,0,0,0,0,0,0,7,0,0,0,7,0.00,0.00,1.00,0.00,0.00,0.00,0.00,0.00,0.00,0.00,0.00,-0.00,-0.00
danse,lemma,0,0,0,0,0,0,0,7,0,0,0,7,0.00,0.00,1.00,0.00,0.00,0.00,0.00,0.00,0.00,0.00,0.00,-0.00,-0.00
virus,word,0,0,0,0,0,0,0,0,4,0,0,4,0.00,0.00,0.00,1.00,0.00,0.00,0.00,0.00,0.00,0.00,0.00,-0.00,-0.00
étonnement,word,0,0,0,0,0,0,0,0,0,4,0,4,0.00,0.00,0.00,0.00,1.00,0.00,0.00,0.00,0.00,0.00,0.00,-0.00,-0.00
étonner,lemma,0,0,0,0,0,0,0,0,0,17,0,17,0.00,0.00,0.00,0.00,1.00,0.00,0.00,0.00,0.00,0.00,0.00,-0.00,-0.00
étonné,word,0,0,0,0,0,0,0,0,0,7,0,7,0.00,0.00,0.00,0.00,1.00,0.00,0.00,0.00,0.00,0.00,0.00,-0.00,-0.00
écoles,word,0,0,0,0,0,0,0,0,4,0,0,4,0.00,0.00,0.00,1.00,0.00,0.00,0.00,0.00,0.00,0.00,0.00,-0.00,-0.00
agréable,word,0,0,0,0,0,0,0,4,0,0,0,4,0.00,0.00,1.00,0.00,0.00,0.00,0.00,0.00,0.00,0.00,0.00,-0.00,-0.00
actes,word,0,4,0,0,0,0,0,0,0,0,0,4,1.00,0.00,0.00,0.00,0.00,0.00,0.00,0.00,0.00,0.00,0.00,-0.00,-0.00
agréable,lemma,0,0,0,0,0,0,0,4,0,0,0,4,0.00,0.00,1.00,0.00,0.00,0.00,0.00,0.00,0.00,0.00,0.00,-0.00,-0.00
accusés,word,0,6,0,0,0,0,0,0,0,0,0,6,1.00,0.00,0.00,0.00,0.00,0.00,0.00,0.00,0.00,0.00,0.00,-0.00,-0.00
fête,word,0,0,0,0,0,0,0,30,0,0,0,30,0.00,0.00,1.00,0.00,0.00,0.00,0.00,0.00,0.00,0.00,0.00,-0.00,-0.00
épidémies,word,0,0,0,0,0,0,0,0,3,0,0,3,0.00,0.00,0.00,1.00,0.00,0.00,0.00,0.00,0.00,0.00,0.00,-0.00,-0.00
étonn,lemma,0,0,0,0,0,0,0,0,0,6,0,6,0.00,0.00,0.00,0.00,1.00,0.00,0.00,0.00,0.00,0.00,0.00,-0.00,-0.00
étonnante,word,0,0,0,0,0,0,0,0,0,10,0,10,0.00,0.00,0.00,0.00,1.00,0.00,0.00,0.00,0.00,0.00,0.00,-0.00,-0.00
étonne,word,0,0,0,0,0,0,0,0,0,6,0,6,0.00,0.00,0.00,0.00,1.00,0.00,0.00,0.00,0.00,0.00,0.00,-0.00,-0.00
accusant,word,0,4,0,0,0,0,0,0,0,0,0,4,1.00,0.00,0.00,0.00,0.00,0.00,0.00,0.00,0.00,0.00,0.00,-0.00,-0.00
amuser,word,0,0,0,0,0,0,0,12,0,0,0,12,0.00,0.00,1.00,0.00,0.00,0.00,0.00,0.00,0.00,0.00,0.00,-0.00,-0.00
accuser,word,0,4,0,0,0,0,0,0,0,0,0,4,1.00,0.00,0.00,0.00,0.00,0.00,0.00,0.00,0.00,0.00,0.00,-0.00,-0.00
amuser,lemma,0,0,0,0,0,0,0,21,0,0,0,21,0.00,0.00,1.00,0.00,0.00,0.00,0.00,0.00,0.00,0.00,0.00,-0.00,-0.00
amusé,word,0,0,0,0,0,0,0,3,0,0,0,3,0.00,0.00,1.00,0.00,0.00,0.00,0.00,0.00,0.00,0.00,0.00,-0.00,-0.00
adorer,lemma,0,0,0,0,0,0,0,3,0,0,0,3,0.00,0.00,1.00,0.00,0.00,0.00,0.00,0.00,0.00,0.00,0.00,-0.00,-0.00
adore,word,0,0,0,0,0,0,0,3,0,0,0,3,0.00,0.00,1.00,0.00,0.00,0.00,0.00,0.00,0.00,0.00,0.00,-0.00,-0.00
admirer,word,3,0,0,0,0,0,0,0,0,0,0,3,0.00,0.00,0.00,0.00,0.00,0.00,1.00,0.00,0.00,0.00,0.00,-0.00,-0.00
étonnés,word,0,0,0,0,0,0,0,0,0,6,0,6,0.00,0.00,0.00,0.00,1.00,0.00,0.00,0.00,0.00,0.00,0.00,-0.00,-0.00
étrange,lemma,0,0,0,0,0,0,0,0,0,10,0,10,0.00,0.00,0.00,0.00,1.00,0.00,0.00,0.00,0.00,0.00,0.00,-0.00,-0.00
étrange,word,0,0,0,0,0,0,0,0,0,8,0,8,0.00,0.00,0.00,0.00,1.00,0.00,0.00,0.00,0.00,0.00,0.00,-0.00,-0.00
évacuer,lemma,0,0,0,0,0,0,0,0,3,0,0,3,0.00,0.00,0.00,1.00,0.00,0.00,0.00,0.00,0.00,0.00,0.00,-0.00,-0.00
évacuer,word,0,0,0,0,0,0,0,0,3,0,0,3,0.00,0.00,0.00,1.00,0.00,0.00,0.00,0.00,0.00,0.00,0.00,-0.00,-0.00
étonnement,lemma,0,0,0,0,0,0,0,0,0,4,0,4,0.00,0.00,0.00,0.00,1.00,0.00,0.00,0.00,0.00,0.00,0.00,-0.00,-0.00
marre,lemma,0,7,0,0,0,0,0,0,0,0,0,7,1.00,0.00,0.00,0.00,0.00,0.00,0.00,0.00,0.00,0.00,0.00,-0.00,-0.00
actions,word,0,5,0,0,0,0,0,0,0,0,0,5,1.00,0.00,0.00,0.00,0.00,0.00,0.00,0.00,0.00,0.00,0.00,-0.00,-0.00
marrantes,word,0,0,0,0,0,0,0,3,0,0,0,3,0.00,0.00,1.00,0.00,0.00,0.00,0.00,0.00,0.00,0.00,0.00,-0.00,-0.00
affrontent,word,0,3,0,0,0,0,0,0,0,0,0,3,1.00,0.00,0.00,0.00,0.00,0.00,0.00,0.00,0.00,0.00,0.00,-0.00,-0.00
amusent,word,0,0,0,0,0,0,0,6,0,0,0,6,0.00,0.00,1.00,0.00,0.00,0.00,0.00,0.00,0.00,0.00,0.00,-0.00,-0.00
alarmant,lemma,0,0,0,0,0,0,0,0,4,0,0,4,0.00,0.00,0.00,1.00,0.00,0.00,0.00,0.00,0.00,0.00,0.00,-0.00,-0.00
alerte,lemma,0,0,0,0,0,0,0,0,3,0,0,3,0.00,0.00,0.00,1.00,0.00,0.00,0.00,0.00,0.00,0.00,0.00,-0.00,-0.00
amusent,lemma,0,0,0,0,0,0,0,5,0,0,0,5,0.00,0.00,1.00,0.00,0.00,0.00,0.00,0.00,0.00,0.00,0.00,-0.00,-0.00
menacent,word,0,0,0,0,0,0,0,0,8,0,0,8,0.00,0.00,0.00,1.00,0.00,0.00,0.00,0.00,0.00,0.00,0.00,-0.00,-0.00
marre,word,0,7,0,0,0,0,0,0,0,0,0,7,1.00,0.00,0.00,0.00,0.00,0.00,0.00,0.00,0.00,0.00,0.00,-0.00,-0.00
menaçante,word,0,0,0,0,0,0,0,0,4,0,0,4,0.00,0.00,0.00,1.00,0.00,0.00,0.00,0.00,0.00,0.00,0.00,-0.00,-0.00
critiquent,word,0,10,0,0,0,0,0,0,0,0,0,10,1.00,0.00,0.00,0.00,0.00,0.00,0.00,0.00,0.00,0.00,0.00,-0.00,-0.00
mentir,word,0,7,0,0,0,0,0,0,0,0,0,7,1.00,0.00,0.00,0.00,0.00,0.00,0.00,0.00,0.00,0.00,0.00,-0.00,-0.00
tristes,word,0,0,0,0,0,0,0,0,0,0,8,8,0.00,0.00,0.00,0.00,0.00,1.00,0.00,0.00,0.00,0.00,0.00,-0.00,-0.00
tristesse,lemma,0,0,0,0,0,0,0,0,0,0,10,10,0.00,0.00,0.00,0.00,0.00,1.00,0.00,0.00,0.00,0.00,0.00,-0.00,-0.00
tristesse,word,0,0,0,0,0,0,0,0,0,0,10,10,0.00,0.00,0.00,0.00,0.00,1.00,0.00,0.00,0.00,0.00,0.00,-0.00,-0.00
critique,word,0,8,0,0,0,0,0,0,0,0,0,8,1.00,0.00,0.00,0.00,0.00,0.00,0.00,0.00,0.00,0.00,0.00,-0.00,-0.00
judiciaire,lemma,0,3,0,0,0,0,0,0,0,0,0,3,1.00,0.00,0.00,0.00,0.00,0.00,0.00,0.00,0.00,0.00,0.00,-0.00,-0.00
ambiance,lemma,0,0,0,0,0,0,0,5,0,0,0,5,0.00,0.00,1.00,0.00,0.00,0.00,0.00,0.00,0.00,0.00,0.00,-0.00,-0.00
exiger,lemma,0,4,0,0,0,0,0,0,0,0,0,4,1.00,0.00,0.00,0.00,0.00,0.00,0.00,0.00,0.00,0.00,0.00,-0.00,-0.00
menacée,word,0,0,0,0,0,0,0,0,3,0,0,3,0.00,0.00,0.00,1.00,0.00,0.00,0.00,0.00,0.00,0.00,0.00,-0.00,-0.00
exceptionnelle,lemma,0,0,0,0,0,0,0,0,0,3,0,3,0.00,0.00,0.00,0.00,1.00,0.00,0.00,0.00,0.00,0.00,0.00,-0.00,-0.00
grommèle,lemma,0,3,0,0,0,0,0,0,0,0,0,3,1.00,0.00,0.00,0.00,0.00,0.00,0.00,0.00,0.00,0.00,0.00,-0.00,-0.00
grommèle,word,0,3,0,0,0,0,0,0,0,0,0,3,1.00,0.00,0.00,0.00,0.00,0.00,0.00,0.00,0.00,0.00,0.00,-0.00,-0.00
groupes,word,0,0,0,0,0,0,0,0,4,0,0,4,0.00,0.00,0.00,1.00,0.00,0.00,0.00,0.00,0.00,0.00,0.00,-0.00,-0.00
grèv,lemma,0,12,0,0,0,0,0,0,0,0,0,12,1.00,0.00,0.00,0.00,0.00,0.00,0.00,0.00,0.00,0.00,0.00,-0.00,-0.00
grève,lemma,0,27,0,0,0,0,0,0,0,0,0,27,1.00,0.00,0.00,0.00,0.00,0.00,0.00,0.00,0.00,0.00,0.00,-0.00,-0.00
exploser,word,0,0,0,0,0,0,0,0,3,0,0,3,0.00,0.00,0.00,1.00,0.00,0.00,0.00,0.00,0.00,0.00,0.00,-0.00,-0.00
craindre,word,0,0,0,0,0,0,0,0,4,0,0,4,0.00,0.00,0.00,1.00,0.00,0.00,0.00,0.00,0.00,0.00,0.00,-0.00,-0.00
manifestation,word,0,7,0,0,0,0,0,0,0,0,0,7,1.00,0.00,0.00,0.00,0.00,0.00,0.00,0.00,0.00,0.00,0.00,-0.00,-0.00
manifeste,lemma,0,4,0,0,0,0,0,0,0,0,0,4,1.00,0.00,0.00,0.00,0.00,0.00,0.00,0.00,0.00,0.00,0.00,-0.00,-0.00
truquer,lemma,0,7,0,0,0,0,0,0,0,0,0,7,1.00,0.00,0.00,0.00,0.00,0.00,0.00,0.00,0.00,0.00,0.00,-0.00,-0.00
truqué,word,0,4,0,0,0,0,0,0,0,0,0,4,1.00,0.00,0.00,0.00,0.00,0.00,0.00,0.00,0.00,0.00,0.00,-0.00,-0.00
falsifier,lemma,0,5,0,0,0,0,0,0,0,0,0,5,1.00,0.00,0.00,0.00,0.00,0.00,0.00,0.00,0.00,0.00,0.00,-0.00,-0.00
craignent,word,0,0,0,0,0,0,0,0,19,0,0,19,0.00,0.00,0.00,1.00,0.00,0.00,0.00,0.00,0.00,0.00,0.00,-0.00,-0.00
mere,word,0,11,0,0,0,0,0,0,0,0,0,11,1.00,0.00,0.00,0.00,0.00,0.00,0.00,0.00,0.00,0.00,0.00,-0.00,-0.00
menaçante,lemma,0,0,0,0,0,0,0,0,3,0,0,3,0.00,0.00,0.00,1.00,0.00,0.00,0.00,0.00,0.00,0.00,0.00,-0.00,-0.00
critiquée,word,0,12,0,0,0,0,0,0,0,0,0,12,1.00,0.00,0.00,0.00,0.00,0.00,0.00,0.00,0.00,0.00,0.00,-0.00,-0.00
critiqué,word,0,19,0,0,0,0,0,0,0,0,0,19,1.00,0.00,0.00,0.00,0.00,0.00,0.00,0.00,0.00,0.00,0.00,-0.00,-0.00
ministres,word,0,4,0,0,0,0,0,0,0,0,0,4,1.00,0.00,0.00,0.00,0.00,0.00,0.00,0.00,0.00,0.00,0.00,-0.00,-0.00
mise,word,0,4,0,0,0,0,0,0,0,0,0,4,1.00,0.00,0.00,0.00,0.00,0.00,0.00,0.00,0.00,0.00,0.00,-0.00,-0.00
critiquer,word,0,8,0,0,0,0,0,0,0,0,0,8,1.00,0.00,0.00,0.00,0.00,0.00,0.00,0.00,0.00,0.00,0.00,-0.00,-0.00
menacés,word,0,0,0,0,0,0,0,0,6,0,0,6,0.00,0.00,0.00,1.00,0.00,0.00,0.00,0.00,0.00,0.00,0.00,-0.00,-0.00
menaçait,word,0,0,0,0,0,0,0,0,4,0,0,4,0.00,0.00,0.00,1.00,0.00,0.00,0.00,0.00,0.00,0.00,0.00,-0.00,-0.00
menaçant,lemma,0,0,0,0,0,0,0,0,3,0,0,3,0.00,0.00,0.00,1.00,0.00,0.00,0.00,0.00,0.00,0.00,0.00,-0.00,-0.00
critiquer,lemma,0,55,0,0,0,0,0,0,0,0,0,55,1.00,0.00,0.00,0.00,0.00,0.00,0.00,0.00,0.00,0.00,0.00,-0.00,-0.00
critiqués,word,0,7,0,0,0,0,0,0,0,0,0,7,1.00,0.00,0.00,0.00,0.00,0.00,0.00,0.00,0.00,0.00,0.00,-0.00,-0.00
union,lemma,0,3,0,0,0,0,0,0,0,0,0,3,1.00,0.00,0.00,0.00,0.00,0.00,0.00,0.00,0.00,0.00,0.00,-0.00,-0.00
union,word,0,3,0,0,0,0,0,0,0,0,0,3,1.00,0.00,0.00,0.00,0.00,0.00,0.00,0.00,0.00,0.00,0.00,-0.00,-0.00
plaisanterie,word,0,0,0,0,0,0,0,3,0,0,0,3,0.00,0.00,1.00,0.00,0.00,0.00,0.00,0.00,0.00,0.00,0.00,-0.00,-0.00
utilisateur,lemma,0,3,0,0,0,0,0,0,0,0,0,3,1.00,0.00,0.00,0.00,0.00,0.00,0.00,0.00,0.00,0.00,0.00,-0.00,-0.00
amus,lemma,0,0,0,0,0,0,0,11,0,0,0,11,0.00,0.00,1.00,0.00,0.00,0.00,0.00,0.00,0.00,0.00,0.00,-0.00,-0.00
plaisanterie,lemma,0,0,0,0,0,0,0,3,0,0,0,3,0.00,0.00,1.00,0.00,0.00,0.00,0.00,0.00,0.00,0.00,0.00,-0.00,-0.00
agir,word,0,5,0,0,0,0,0,0,0,0,0,5,1.00,0.00,0.00,0.00,0.00,0.00,0.00,0.00,0.00,0.00,0.00,-0.00,-0.00
amusante,word,0,0,0,0,0,0,0,3,0,0,0,3,0.00,0.00,1.00,0.00,0.00,0.00,0.00,0.00,0.00,0.00,0.00,-0.00,-0.00
grève,word,0,35,0,0,0,0,0,0,0,0,0,35,1.00,0.00,0.00,0.00,0.00,0.00,0.00,0.00,0.00,0.00,0.00,-0.00,-0.00
admiration,lemma,3,0,0,0,0,0,0,0,0,0,0,3,0.00,0.00,0.00,0.00,0.00,0.00,1.00,0.00,0.00,0.00,0.00,-0.00,-0.00
admiration,word,3,0,0,0,0,0,0,0,0,0,0,3,0.00,0.00,0.00,0.00,0.00,0.00,1.00,0.00,0.00,0.00,0.00,-0.00,-0.00
admirer,lemma,6,0,0,0,0,0,0,0,0,0,0,6,0.00,0.00,0.00,0.00,0.00,0.00,1.00,0.00,0.00,0.00,0.00,-0.00,-0.00
vladimir,lemma,0,7,0,0,0,0,0,0,0,0,0,7,1.00,0.00,0.00,0.00,0.00,0.00,0.00,0.00,0.00,0.00,0.00,-0.00,-0.00
vladimir,word,0,7,0,0,0,0,0,0,0,0,0,7,1.00,0.00,0.00,0.00,0.00,0.00,0.00,0.00,0.00,0.00,0.00,-0.00,-0.00
alerte,word,0,0,0,0,0,0,0,0,3,0,0,3,0.00,0.00,0.00,1.00,0.00,0.00,0.00,0.00,0.00,0.00,0.00,-0.00,-0.00
affrontés,word,0,3,0,0,0,0,0,0,0,0,0,3,1.00,0.00,0.00,0.00,0.00,0.00,0.00,0.00,0.00,0.00,0.00,-0.00,-0.00
vs,word,0,11,0,0,0,0,0,0,0,0,0,11,1.00,0.00,0.00,0.00,0.00,0.00,0.00,0.00,0.00,0.00,0.00,-0.00,-0.00
amuse,word,0,0,0,0,0,0,0,12,0,0,0,12,0.00,0.00,1.00,0.00,0.00,0.00,0.00,0.00,0.00,0.00,0.00,-0.00,-0.00
grèves,word,0,5,0,0,0,0,0,0,0,0,0,5,1.00,0.00,0.00,0.00,0.00,0.00,0.00,0.00,0.00,0.00,0.00,-0.00,-0.00
parti,word,0,4,0,0,0,0,0,0,0,0,0,4,1.00,0.00,0.00,0.00,0.00,0.00,0.00,0.00,0.00,0.00,0.00,-0.00,-0.00
glace,word,0,0,0,0,0,0,0,0,3,0,0,3,0.00,0.00,0.00,1.00,0.00,0.00,0.00,0.00,0.00,0.00,0.00,-0.00,-0.00
plainte,word,0,8,0,0,0,0,0,0,0,0,0,8,1.00,0.00,0.00,0.00,0.00,0.00,0.00,0.00,0.00,0.00,0.00,-0.00,-0.00
plainte,lemma,0,9,0,0,0,0,0,0,0,0,0,9,1.00,0.00,0.00,0.00,0.00,0.00,0.00,0.00,0.00,0.00,0.00,-0.00,-0.00
gouvernements,word,0,3,0,0,0,0,0,0,0,0,0,3,1.00,0.00,0.00,0.00,0.00,0.00,0.00,0.00,0.00,0.00,0.00,-0.00,-0.00
plaignent,word,0,4,0,0,0,0,0,0,0,0,0,4,1.00,0.00,0.00,0.00,0.00,0.00,0.00,0.00,0.00,0.00,0.00,-0.00,-0.00
cyclone,lemma,0,0,0,0,0,0,0,0,6,0,0,6,0.00,0.00,0.00,1.00,0.00,0.00,0.00,0.00,0.00,0.00,0.00,-0.00,-0.00
pleure,word,0,0,0,0,0,0,0,0,0,0,5,5,0.00,0.00,0.00,0.00,0.00,1.00,0.00,0.00,0.00,0.00,0.00,-0.00,-0.00
utilisateurs,word,0,3,0,0,0,0,0,0,0,0,0,3,1.00,0.00,0.00,0.00,0.00,0.00,0.00,0.00,0.00,0.00,0.00,-0.00,-0.00
plaisante,word,0,0,0,0,0,0,0,7,0,0,0,7,0.00,0.00,1.00,0.00,0.00,0.00,0.00,0.00,0.00,0.00,0.00,-0.00,-0.00
angoisse,lemma,0,0,0,0,0,0,0,0,6,0,0,6,0.00,0.00,0.00,1.00,0.00,0.00,0.00,0.00,0.00,0.00,0.00,-0.00,-0.00
angoisse,word,0,0,0,0,0,0,0,0,3,0,0,3,0.00,0.00,0.00,1.00,0.00,0.00,0.00,0.00,0.00,0.00,0.00,-0.00,-0.00
plaisante,lemma,0,0,0,0,0,0,0,7,0,0,0,7,0.00,0.00,1.00,0.00,0.00,0.00,0.00,0.00,0.00,0.00,0.00,-0.00,-0.00
côté,word,0,0,0,0,0,0,0,0,6,0,0,6,0.00,0.00,0.00,1.00,0.00,0.00,0.00,0.00,0.00,0.00,0.00,-0.00,-0.00
cyclones,word,0,0,0,0,0,0,0,0,4,0,0,4,0.00,0.00,0.00,1.00,0.00,0.00,0.00,0.00,0.00,0.00,0.00,-0.00,-0.00
appelé,word,0,7,0,0,0,0,0,0,0,0,0,7,1.00,0.00,0.00,0.00,0.00,0.00,0.00,0.00,0.00,0.00,0.00,-0.00,-0.00
craignent,lemma,0,0,0,0,0,0,0,0,14,0,0,14,0.00,0.00,0.00,1.00,0.00,0.00,0.00,0.00,0.00,0.00,0.00,-0.00,-0.00
payé,word,0,3,0,0,0,0,0,0,0,0,0,3,1.00,0.00,0.00,0.00,0.00,0.00,0.00,0.00,0.00,0.00,0.00,-0.00,-0.00
lutte,lemma,0,6,0,0,0,0,0,0,0,0,0,6,1.00,0.00,0.00,0.00,0.00,0.00,0.00,0.00,0.00,0.00,0.00,-0.00,-0.00
défiler,lemma,0,3,0,0,0,0,0,0,0,0,0,3,1.00,0.00,0.00,0.00,0.00,0.00,0.00,0.00,0.00,0.00,0.00,-0.00,-0.00
ntm,lemma,0,3,0,0,0,0,0,0,0,0,0,3,1.00,0.00,0.00,0.00,0.00,0.00,0.00,0.00,0.00,0.00,0.00,-0.00,-0.00
ntm,word,0,3,0,0,0,0,0,0,0,0,0,3,1.00,0.00,0.00,0.00,0.00,0.00,0.00,0.00,0.00,0.00,0.00,-0.00,-0.00
nucléaire,lemma,0,0,0,0,0,0,0,0,5,0,0,5,0.00,0.00,0.00,1.00,0.00,0.00,0.00,0.00,0.00,0.00,0.00,-0.00,-0.00
nucléaire,word,0,0,0,0,0,0,0,0,4,0,0,4,0.00,0.00,0.00,1.00,0.00,0.00,0.00,0.00,0.00,0.00,0.00,-0.00,-0.00
régime,word,0,6,0,0,0,0,0,0,0,0,0,6,1.00,0.00,0.00,0.00,0.00,0.00,0.00,0.00,0.00,0.00,0.00,-0.00,-0.00
régner,lemma,0,3,0,0,0,0,0,0,0,0,0,3,1.00,0.00,0.00,0.00,0.00,0.00,0.00,0.00,0.00,0.00,0.00,-0.00,-0.00
falsifié,word,0,4,0,0,0,0,0,0,0,0,0,4,1.00,0.00,0.00,0.00,0.00,0.00,0.00,0.00,0.00,0.00,0.00,-0.00,-0.00
réjouit,word,0,0,0,0,0,0,0,5,0,0,0,5,0.00,0.00,1.00,0.00,0.00,0.00,0.00,0.00,0.00,0.00,0.00,-0.00,-0.00
entreprise,word,0,3,0,0,0,0,0,0,0,0,0,3,1.00,0.00,0.00,0.00,0.00,0.00,0.00,0.00,0.00,0.00,0.00,-0.00,-0.00
entreprise,lemma,0,7,0,0,0,0,0,0,0,0,0,7,1.00,0.00,0.00,0.00,0.00,0.00,0.00,0.00,0.00,0.00,0.00,-0.00,-0.00
refuge,word,0,0,0,0,0,0,0,0,9,0,0,9,0.00,0.00,0.00,1.00,0.00,0.00,0.00,0.00,0.00,0.00,0.00,-0.00,-0.00
carburants,word,0,5,0,0,0,0,0,0,0,0,0,5,1.00,0.00,0.00,0.00,0.00,0.00,0.00,0.00,0.00,0.00,0.00,-0.00,-0.00
réclamer,lemma,0,40,0,0,0,0,0,0,0,0,0,40,1.00,0.00,0.00,0.00,0.00,0.00,0.00,0.00,0.00,0.00,0.00,-0.00,-0.00
réclamer,word,0,15,0,0,0,0,0,0,0,0,0,15,1.00,0.00,0.00,0.00,0.00,0.00,0.00,0.00,0.00,0.00,0.00,-0.00,-0.00
réclamé,word,0,4,0,0,0,0,0,0,0,0,0,4,1.00,0.00,0.00,0.00,0.00,0.00,0.00,0.00,0.00,0.00,0.00,-0.00,-0.00
réforme,lemma,0,6,0,0,0,0,0,0,0,0,0,6,1.00,0.00,0.00,0.00,0.00,0.00,0.00,0.00,0.00,0.00,0.00,-0.00,-0.00
réjouir,lemma,0,0,0,0,0,0,0,8,0,0,0,8,0.00,0.00,1.00,0.00,0.00,0.00,0.00,0.00,0.00,0.00,0.00,-0.00,-0.00
ronds-points,word,0,3,0,0,0,0,0,0,0,0,0,3,1.00,0.00,0.00,0.00,0.00,0.00,0.00,0.00,0.00,0.00,0.00,-0.00,-0.00
rapportent,word,0,0,0,0,0,0,0,0,4,0,0,4,0.00,0.00,0.00,1.00,0.00,0.00,0.00,0.00,0.00,0.00,0.00,-0.00,-0.00
raciste,word,0,4,0,0,0,0,0,0,0,0,0,4,1.00,0.00,0.00,0.00,0.00,0.00,0.00,0.00,0.00,0.00,0.00,-0.00,-0.00
oppose,word,0,3,0,0,0,0,0,0,0,0,0,3,1.00,0.00,0.00,0.00,0.00,0.00,0.00,0.00,0.00,0.00,0.00,-0.00,-0.00
raciste,lemma,0,5,0,0,0,0,0,0,0,0,0,5,1.00,0.00,0.00,0.00,0.00,0.00,0.00,0.00,0.00,0.00,0.00,-0.00,-0.00
entraîner,lemma,0,0,0,0,0,0,0,0,3,0,0,3,0.00,0.00,0.00,1.00,0.00,0.00,0.00,0.00,0.00,0.00,0.00,-0.00,-0.00
enthousiasme,word,0,0,0,0,0,0,0,8,0,0,0,8,0.00,0.00,1.00,0.00,0.00,0.00,0.00,0.00,0.00,0.00,0.00,-0.00,-0.00
risque,word,0,0,0,0,0,0,0,0,7,0,0,7,0.00,0.00,0.00,1.00,0.00,0.00,0.00,0.00,0.00,0.00,0.00,-0.00,-0.00
lutte,word,0,6,0,0,0,0,0,0,0,0,0,6,1.00,0.00,0.00,0.00,0.00,0.00,0.00,0.00,0.00,0.00,0.00,-0.00,-0.00
nuire,lemma,0,5,0,0,0,0,0,0,0,0,0,5,1.00,0.00,0.00,0.00,0.00,0.00,0.00,0.00,0.00,0.00,0.00,-0.00,-0.00
nuire,word,0,4,0,0,0,0,0,0,0,0,0,4,1.00,0.00,0.00,0.00,0.00,0.00,0.00,0.00,0.00,0.00,0.00,-0.00,-0.00
nuisance,lemma,0,3,0,0,0,0,0,0,0,0,0,3,1.00,0.00,0.00,0.00,0.00,0.00,0.00,0.00,0.00,0.00,0.00,-0.00,-0.00
nuisances,word,0,3,0,0,0,0,0,0,0,0,0,3,1.00,0.00,0.00,0.00,0.00,0.00,0.00,0.00,0.00,0.00,0.00,-0.00,-0.00
enthousiasme,lemma,0,0,0,0,0,0,0,4,0,0,0,4,0.00,0.00,1.00,0.00,0.00,0.00,0.00,0.00,0.00,0.00,0.00,-0.00,-0.00
enthousiasm,lemma,0,0,0,0,0,0,0,4,0,0,0,4,0.00,0.00,1.00,0.00,0.00,0.00,0.00,0.00,0.00,0.00,0.00,-0.00,-0.00
ravir,lemma,0,0,0,0,0,0,0,8,0,0,0,8,0.00,0.00,1.00,0.00,0.00,0.00,0.00,0.00,0.00,0.00,0.00,-0.00,-0.00
originale,word,0,0,0,0,0,0,0,0,0,3,0,3,0.00,0.00,0.00,0.00,1.00,0.00,0.00,0.00,0.00,0.00,0.00,-0.00,-0.00
original,lemma,0,0,0,0,0,0,0,0,0,3,0,3,0.00,0.00,0.00,0.00,1.00,0.00,0.00,0.00,0.00,0.00,0.00,-0.00,-0.00
risquer,lemma,0,0,0,0,0,0,0,0,6,0,0,6,0.00,0.00,0.00,1.00,0.00,0.00,0.00,0.00,0.00,0.00,0.00,-0.00,-0.00
découvert,word,0,0,0,0,0,0,0,0,0,14,0,14,0.00,0.00,0.00,0.00,1.00,0.00,0.00,0.00,0.00,0.00,0.00,-0.00,-0.00
rebeller,lemma,0,3,0,0,0,0,0,0,0,0,0,3,1.00,0.00,0.00,0.00,0.00,0.00,0.00,0.00,0.00,0.00,0.00,-0.00,-0.00
impôt,lemma,0,3,0,0,0,0,0,0,0,0,0,3,1.00,0.00,0.00,0.00,0.00,0.00,0.00,0.00,0.00,0.00,0.00,-0.00,-0.00
inaction,lemma,0,4,0,0,0,0,0,0,0,0,0,4,1.00,0.00,0.00,0.00,0.00,0.00,0.00,0.00,0.00,0.00,0.00,-0.00,-0.00
inaction,word,0,4,0,0,0,0,0,0,0,0,0,4,1.00,0.00,0.00,0.00,0.00,0.00,0.00,0.00,0.00,0.00,0.00,-0.00,-0.00
inattendu,lemma,0,0,0,0,0,0,0,0,0,3,0,3,0.00,0.00,0.00,0.00,1.00,0.00,0.00,0.00,0.00,0.00,0.00,-0.00,-0.00
pénible,word,0,0,0,0,0,0,0,0,0,0,3,3,0.00,0.00,0.00,0.00,0.00,1.00,0.00,0.00,0.00,0.00,0.00,-0.00,-0.00
incroyable,word,0,0,0,0,0,0,0,0,0,5,0,5,0.00,0.00,0.00,0.00,1.00,0.00,0.00,0.00,0.00,0.00,0.00,-0.00,-0.00
réforme,word,0,4,0,0,0,0,0,0,0,0,0,4,1.00,0.00,0.00,0.00,0.00,0.00,0.00,0.00,0.00,0.00,0.00,-0.00,-0.00
noël,lemma,0,0,0,0,0,0,0,3,0,0,0,3,0.00,0.00,1.00,0.00,0.00,0.00,0.00,0.00,0.00,0.00,0.00,-0.00,-0.00
noël,word,0,0,0,0,0,0,0,3,0,0,0,3,0.00,0.00,1.00,0.00,0.00,0.00,0.00,0.00,0.00,0.00,0.00,-0.00,-0.00
pénible,lemma,0,0,0,0,0,0,0,0,0,0,3,3,0.00,0.00,0.00,0.00,0.00,1.00,0.00,0.00,0.00,0.00,0.00,-0.00,-0.00
péages,word,0,4,0,0,0,0,0,0,0,0,0,4,1.00,0.00,0.00,0.00,0.00,0.00,0.00,0.00,0.00,0.00,0.00,-0.00,-0.00
péage,lemma,0,4,0,0,0,0,0,0,0,0,0,4,1.00,0.00,0.00,0.00,0.00,0.00,0.00,0.00,0.00,0.00,0.00,-0.00,-0.00
décisions,word,0,8,0,0,0,0,0,0,0,0,0,8,1.00,0.00,0.00,0.00,0.00,0.00,0.00,0.00,0.00,0.00,0.00,-0.00,-0.00
putain,word,0,3,0,0,0,0,0,0,0,0,0,3,1.00,0.00,0.00,0.00,0.00,0.00,0.00,0.00,0.00,0.00,0.00,-0.00,-0.00
news,word,0,6,0,0,0,0,0,0,0,0,0,6,1.00,0.00,0.00,0.00,0.00,0.00,0.00,0.00,0.00,0.00,0.00,-0.00,-0.00
nicolás,lemma,0,3,0,0,0,0,0,0,0,0,0,3,1.00,0.00,0.00,0.00,0.00,0.00,0.00,0.00,0.00,0.00,0.00,-0.00,-0.00
nord,word,0,0,0,0,0,0,0,0,3,0,0,3,0.00,0.00,0.00,1.00,0.00,0.00,0.00,0.00,0.00,0.00,0.00,-0.00,-0.00
refuge,lemma,0,0,0,0,0,0,0,0,9,0,0,9,0.00,0.00,0.00,1.00,0.00,0.00,0.00,0.00,0.00,0.00,0.00,-0.00,-0.00
redouter,lemma,0,0,0,0,0,0,0,0,6,0,0,6,0.00,0.00,0.00,1.00,0.00,0.00,0.00,0.00,0.00,0.00,0.00,-0.00,-0.00
régime,lemma,0,6,0,0,0,0,0,0,0,0,0,6,1.00,0.00,0.00,0.00,0.00,0.00,0.00,0.00,0.00,0.00,0.00,-0.00,-0.00
russe,lemma,0,3,0,0,0,0,0,0,0,0,0,3,1.00,0.00,0.00,0.00,0.00,0.00,0.00,0.00,0.00,0.00,0.00,-0.00,-0.00
râler,lemma,0,4,0,0,0,0,0,0,0,0,0,4,1.00,0.00,0.00,0.00,0.00,0.00,0.00,0.00,0.00,0.00,0.00,-0.00,-0.00
râler,word,0,4,0,0,0,0,0,0,0,0,0,4,1.00,0.00,0.00,0.00,0.00,0.00,0.00,0.00,0.00,0.00,0.00,-0.00,-0.00
réclamaient,word,0,4,0,0,0,0,0,0,0,0,0,4,1.00,0.00,0.00,0.00,0.00,0.00,0.00,0.00,0.00,0.00,0.00,-0.00,-0.00
réclamait,word,0,4,0,0,0,0,0,0,0,0,0,4,1.00,0.00,0.00,0.00,0.00,0.00,0.00,0.00,0.00,0.00,0.00,-0.00,-0.00
accusée,word,0,8,0,0,0,0,0,0,0,0,0,8,1.00,0.00,0.00,0.00,0.00,0.00,0.00,0.00,0.00,0.00,0.00,-0.00,-0.00
réclame,word,0,12,0,0,0,0,0,0,0,0,0,12,1.00,0.00,0.00,0.00,0.00,0.00,0.00,0.00,0.00,0.00,0.00,-0.00,-0.00
réclament,word,0,10,0,0,0,0,0,0,0,0,0,10,1.00,0.00,0.00,0.00,0.00,0.00,0.00,0.00,0.00,0.00,0.00,-0.00,-0.00
centrale,lemma,0,0,0,0,0,0,0,0,3,0,0,3,0.00,0.00,0.00,1.00,0.00,0.00,0.00,0.00,0.00,0.00,0.00,-0.00,-0.00
redoute,word,0,0,0,0,0,0,0,0,6,0,0,6,0.00,0.00,0.00,1.00,0.00,0.00,0.00,0.00,0.00,0.00,0.00,-0.00,-0.00
changement,word,0,3,0,0,0,0,0,0,0,0,0,3,1.00,0.00,0.00,0.00,0.00,0.00,0.00,0.00,0.00,0.00,0.00,-0.00,-0.00
redoute,lemma,0,0,0,0,0,0,0,0,6,0,0,6,0.00,0.00,0.00,1.00,0.00,0.00,0.00,0.00,0.00,0.00,0.00,-0.00,-0.00
chauffer,lemma,0,3,0,0,0,0,0,0,0,0,0,3,1.00,0.00,0.00,0.00,0.00,0.00,0.00,0.00,0.00,0.00,0.00,-0.00,-0.00
reconnaitre,word,0,4,0,0,0,0,0,0,0,0,0,4,1.00,0.00,0.00,0.00,0.00,0.00,0.00,0.00,0.00,0.00,0.00,-0.00,-0.00
reconnaitre,lemma,0,4,0,0,0,0,0,0,0,0,0,4,1.00,0.00,0.00,0.00,0.00,0.00,0.00,0.00,0.00,0.00,0.00,-0.00,-0.00
réclame,lemma,0,12,0,0,0,0,0,0,0,0,0,12,1.00,0.00,0.00,0.00,0.00,0.00,0.00,0.00,0.00,0.00,0.00,-0.00,-0.00
chier,word,0,3,0,0,0,0,0,0,0,0,0,3,1.00,0.00,0.00,0.00,0.00,0.00,0.00,0.00,0.00,0.00,0.00,-0.00,-0.00
chinois,lemma,0,0,0,0,0,0,0,0,3,0,0,3,0.00,0.00,0.00,1.00,0.00,0.00,0.00,0.00,0.00,0.00,0.00,-0.00,-0.00
chinois,word,0,0,0,0,0,0,0,0,3,0,0,3,0.00,0.00,0.00,1.00,0.00,0.00,0.00,0.00,0.00,0.00,0.00,-0.00,-0.00
chocolat,lemma,0,0,0,0,0,0,0,4,0,0,0,4,0.00,0.00,1.00,0.00,0.00,0.00,0.00,0.00,0.00,0.00,0.00,-0.00,-0.00
chocolat,word,0,0,0,0,0,0,0,4,0,0,0,4,0.00,0.00,1.00,0.00,0.00,0.00,0.00,0.00,0.00,0.00,0.00,-0.00,-0.00
reprochaient,word,0,4,0,0,0,0,0,0,0,0,0,4,1.00,0.00,0.00,0.00,0.00,0.00,0.00,0.00,0.00,0.00,0.00,-0.00,-0.00
reproche,lemma,0,13,0,0,0,0,0,0,0,0,0,13,1.00,0.00,0.00,0.00,0.00,0.00,0.00,0.00,0.00,0.00,0.00,-0.00,-0.00
reproche,word,0,11,0,0,0,0,0,0,0,0,0,11,1.00,0.00,0.00,0.00,0.00,0.00,0.00,0.00,0.00,0.00,0.00,-0.00,-0.00
ravi,lemma,0,0,0,0,0,0,0,4,0,0,0,4,0.00,0.00,1.00,0.00,0.00,0.00,0.00,0.00,0.00,0.00,0.00,-0.00,-0.00
reprocher,lemma,0,15,0,0,0,0,0,0,0,0,0,15,1.00,0.00,0.00,0.00,0.00,0.00,0.00,0.00,0.00,0.00,0.00,-0.00,-0.00
interdir,lemma,0,4,0,0,0,0,0,0,0,0,0,4,1.00,0.00,0.00,0.00,0.00,0.00,0.00,0.00,0.00,0.00,0.00,-0.00,-0.00
interdiction,lemma,0,3,0,0,0,0,0,0,0,0,0,3,1.00,0.00,0.00,0.00,0.00,0.00,0.00,0.00,0.00,0.00,0.00,-0.00,-0.00
revendication,lemma,0,5,0,0,0,0,0,0,0,0,0,5,1.00,0.00,0.00,0.00,0.00,0.00,0.00,0.00,0.00,0.00,0.00,-0.00,-0.00
iront,word,0,0,0,0,0,0,0,0,3,0,0,3,0.00,0.00,0.00,1.00,0.00,0.00,0.00,0.00,0.00,0.00,0.00,-0.00,-0.00
j'ai,word,0,4,0,0,0,0,0,0,0,0,0,4,1.00,0.00,0.00,0.00,0.00,0.00,0.00,0.00,0.00,0.00,0.00,-0.00,-0.00
jaloux,lemma,0,0,0,0,0,0,7,0,0,0,0,7,0.00,0.00,0.00,0.00,0.00,0.00,0.00,0.00,0.00,0.00,1.00,-0.00,-0.00
inspirer,lemma,4,0,0,0,0,0,0,0,0,0,0,4,0.00,0.00,0.00,0.00,0.00,0.00,1.00,0.00,0.00,0.00,0.00,-0.00,-0.00
insolites,word,0,0,0,0,0,0,0,0,0,3,0,3,0.00,0.00,0.00,0.00,1.00,0.00,0.00,0.00,0.00,0.00,0.00,-0.00,-0.00
reprochent,word,0,11,0,0,0,0,0,0,0,0,0,11,1.00,0.00,0.00,0.00,0.00,0.00,0.00,0.00,0.00,0.00,0.00,-0.00,-0.00
inquiétudes,word,0,0,0,0,0,0,0,0,6,0,0,6,0.00,0.00,0.00,1.00,0.00,0.00,0.00,0.00,0.00,0.00,0.00,-0.00,-0.00
inquiétude,word,0,0,0,0,0,0,0,0,5,0,0,5,0.00,0.00,0.00,1.00,0.00,0.00,0.00,0.00,0.00,0.00,0.00,-0.00,-0.00
relations,word,0,7,0,0,0,0,0,0,0,0,0,7,1.00,0.00,0.00,0.00,0.00,0.00,0.00,0.00,0.00,0.00,0.00,-0.00,-0.00
relation,lemma,0,7,0,0,0,0,0,0,0,0,0,7,1.00,0.00,0.00,0.00,0.00,0.00,0.00,0.00,0.00,0.00,0.00,-0.00,-0.00
chômage,lemma,0,3,0,0,0,0,0,0,0,0,0,3,1.00,0.00,0.00,0.00,0.00,0.00,0.00,0.00,0.00,0.00,0.00,-0.00,-0.00
colèr,lemma,0,12,0,0,0,0,0,0,0,0,0,12,1.00,0.00,0.00,0.00,0.00,0.00,0.00,0.00,0.00,0.00,0.00,-0.00,-0.00
colère,lemma,0,42,0,0,0,0,0,0,0,0,0,42,1.00,0.00,0.00,0.00,0.00,0.00,0.00,0.00,0.00,0.00,0.00,-0.00,-0.00
colère,word,0,54,0,0,0,0,0,0,0,0,0,54,1.00,0.00,0.00,0.00,0.00,0.00,0.00,0.00,0.00,0.00,0.00,-0.00,-0.00
chier,lemma,0,3,0,0,0,0,0,0,0,0,0,3,1.00,0.00,0.00,0.00,0.00,0.00,0.00,0.00,0.00,0.00,0.00,-0.00,-0.00
chouette,word,0,0,0,0,0,0,0,3,0,0,0,3,0.00,0.00,1.00,0.00,0.00,0.00,0.00,0.00,0.00,0.00,0.00,-0.00,-0.00
christ,lemma,0,3,0,0,0,0,0,0,0,0,0,3,1.00,0.00,0.00,0.00,0.00,0.00,0.00,0.00,0.00,0.00,0.00,-0.00,-0.00
christ,word,0,3,0,0,0,0,0,0,0,0,0,3,1.00,0.00,0.00,0.00,0.00,0.00,0.00,0.00,0.00,0.00,0.00,-0.00,-0.00
ri,word,0,0,0,0,0,0,0,3,0,0,0,3,0.00,0.00,1.00,0.00,0.00,0.00,0.00,0.00,0.00,0.00,0.00,-0.00,-0.00
riant,word,0,0,0,0,0,0,0,3,0,0,0,3,0.00,0.00,1.00,0.00,0.00,0.00,0.00,0.00,0.00,0.00,0.00,-0.00,-0.00
interdire,word,0,4,0,0,0,0,0,0,0,0,0,4,1.00,0.00,0.00,0.00,0.00,0.00,0.00,0.00,0.00,0.00,0.00,-0.00,-0.00
rigol,lemma,0,0,0,0,0,0,0,4,0,0,0,4,0.00,0.00,1.00,0.00,0.00,0.00,0.00,0.00,0.00,0.00,0.00,-0.00,-0.00
revendications,word,0,4,0,0,0,0,0,0,0,0,0,4,1.00,0.00,0.00,0.00,0.00,0.00,0.00,0.00,0.00,0.00,0.00,-0.00,-0.00
revendique,word,0,3,0,0,0,0,0,0,0,0,0,3,1.00,0.00,0.00,0.00,0.00,0.00,0.00,0.00,0.00,0.00,0.00,-0.00,-0.00
chouette,lemma,0,0,0,0,0,0,0,3,0,0,0,3,0.00,0.00,1.00,0.00,0.00,0.00,0.00,0.00,0.00,0.00,0.00,-0.00,-0.00
fier,lemma,0,0,0,0,0,17,0,0,0,0,0,17,0.00,0.00,0.00,0.00,0.00,0.00,0.00,0.00,0.00,1.00,0.00,-0.00,-0.00
fier,word,0,0,0,0,0,7,0,0,0,0,0,7,0.00,0.00,0.00,0.00,0.00,0.00,0.00,0.00,0.00,1.00,0.00,-0.00,-0.00
fierter,lemma,0,0,0,0,0,3,0,0,0,0,0,3,0.00,0.00,0.00,0.00,0.00,0.00,0.00,0.00,0.00,1.00,0.00,-0.00,-0.00
fierté,lemma,0,0,0,0,0,5,0,0,0,0,0,5,0.00,0.00,0.00,0.00,0.00,0.00,0.00,0.00,0.00,1.00,0.00,-0.00,-0.00
fierté,word,0,0,0,0,0,8,0,0,0,0,0,8,0.00,0.00,0.00,0.00,0.00,0.00,0.00,0.00,0.00,1.00,0.00,-0.00,-0.00
internautes,word,0,3,0,0,0,0,0,0,0,0,0,3,1.00,0.00,0.00,0.00,0.00,0.00,0.00,0.00,0.00,0.00,0.00,-0.00,-0.00
rigoler,lemma,0,0,0,0,0,0,0,6,0,0,0,6,0.00,0.00,1.00,0.00,0.00,0.00,0.00,0.00,0.00,0.00,0.00,-0.00,-0.00
injustices,word,0,8,0,0,0,0,0,0,0,0,0,8,1.00,0.00,0.00,0.00,0.00,0.00,0.00,0.00,0.00,0.00,0.00,-0.00,-0.00
remette,word,0,0,0,0,0,0,0,0,4,0,0,4,0.00,0.00,0.00,1.00,0.00,0.00,0.00,0.00,0.00,0.00,0.00,-0.00,-0.00
inquiets,word,0,0,0,0,0,0,0,0,14,0,0,14,0.00,0.00,0.00,1.00,0.00,0.00,0.00,0.00,0.00,0.00,0.00,-0.00,-0.00
faux,lemma,0,6,0,0,0,0,0,0,0,0,0,6,1.00,0.00,0.00,0.00,0.00,0.00,0.00,0.00,0.00,0.00,0.00,-0.00,-0.00
favoriser,lemma,0,5,0,0,0,0,0,0,0,0,0,5,1.00,0.00,0.00,0.00,0.00,0.00,0.00,0.00,0.00,0.00,0.00,-0.00,-0.00
risques,word,0,0,0,0,0,0,0,0,7,0,0,7,0.00,0.00,0.00,1.00,0.00,0.00,0.00,0.00,0.00,0.00,0.00,-0.00,-0.00
internaute,lemma,0,3,0,0,0,0,0,0,0,0,0,3,1.00,0.00,0.00,0.00,0.00,0.00,0.00,0.00,0.00,0.00,0.00,-0.00,-0.00
ravie,word,0,0,0,0,0,0,0,5,0,0,0,5,0.00,0.00,1.00,0.00,0.00,0.00,0.00,0.00,0.00,0.00,0.00,-0.00,-0.00
ravi,word,0,0,0,0,0,0,0,4,0,0,0,4,0.00,0.00,1.00,0.00,0.00,0.00,0.00,0.00,0.00,0.00,0.00,-0.00,-0.00
rompre,lemma,0,3,0,0,0,0,0,0,0,0,0,3,1.00,0.00,0.00,0.00,0.00,0.00,0.00,0.00,0.00,0.00,0.00,-0.00,-0.00
rompu,word,0,3,0,0,0,0,0,0,0,0,0,3,1.00,0.00,0.00,0.00,0.00,0.00,0.00,0.00,0.00,0.00,0.00,-0.00,-0.00
inquiet,word,0,0,0,0,0,0,0,0,6,0,0,6,0.00,0.00,0.00,1.00,0.00,0.00,0.00,0.00,0.00,0.00,0.00,-0.00,-0.00
insolite,word,0,0,0,0,0,0,0,0,0,4,0,4,0.00,0.00,0.00,0.00,1.00,0.00,0.00,0.00,0.00,0.00,0.00,-0.00,-0.00
insolite,lemma,0,0,0,0,0,0,0,0,0,7,0,7,0.00,0.00,0.00,0.00,1.00,0.00,0.00,0.00,0.00,0.00,0.00,-0.00,-0.00
rigolé,word,0,0,0,0,0,0,0,3,0,0,0,3,0.00,0.00,1.00,0.00,0.00,0.00,0.00,0.00,0.00,0.00,0.00,-0.00,-0.00
inégalités,word,0,9,0,0,0,0,0,0,0,0,0,9,1.00,0.00,0.00,0.00,0.00,0.00,0.00,0.00,0.00,0.00,0.00,-0.00,-0.00
risque,lemma,0,0,0,0,0,0,0,0,14,0,0,14,0.00,0.00,0.00,1.00,0.00,0.00,0.00,0.00,0.00,0.00,0.00,-0.00,-0.00
inégalité,lemma,0,9,0,0,0,0,0,0,0,0,0,9,1.00,0.00,0.00,0.00,0.00,0.00,0.00,0.00,0.00,0.00,0.00,-0.00,-0.00
inédite,word,0,0,0,0,0,0,0,0,0,4,0,4,0.00,0.00,0.00,0.00,1.00,0.00,0.00,0.00,0.00,0.00,0.00,-0.00,-0.00
inédit,lemma,0,0,0,0,0,0,0,0,0,5,0,5,0.00,0.00,0.00,0.00,1.00,0.00,0.00,0.00,0.00,0.00,0.00,-0.00,-0.00
intriguer,lemma,0,0,0,0,0,0,0,0,0,3,0,3,0.00,0.00,0.00,0.00,1.00,0.00,0.00,0.00,0.00,0.00,0.00,-0.00,-0.00
inquiètent,word,0,0,0,0,0,0,0,0,14,0,0,14,0.00,0.00,0.00,1.00,0.00,0.00,0.00,0.00,0.00,0.00,0.00,-0.00,-0.00
inquiétant,lemma,0,0,0,0,0,0,0,0,4,0,0,4,0.00,0.00,0.00,1.00,0.00,0.00,0.00,0.00,0.00,0.00,0.00,-0.00,-0.00
inquiétant,word,0,0,0,0,0,0,0,0,6,0,0,6,0.00,0.00,0.00,1.00,0.00,0.00,0.00,0.00,0.00,0.00,0.00,-0.00,-0.00
inquiétante,lemma,0,0,0,0,0,0,0,0,3,0,0,3,0.00,0.00,0.00,1.00,0.00,0.00,0.00,0.00,0.00,0.00,0.00,-0.00,-0.00
inquiétantes,word,0,0,0,0,0,0,0,0,3,0,0,3,0.00,0.00,0.00,1.00,0.00,0.00,0.00,0.00,0.00,0.00,0.00,-0.00,-0.00
inquiéter,lemma,0,0,0,0,0,0,0,0,22,0,0,22,0.00,0.00,0.00,1.00,0.00,0.00,0.00,0.00,0.00,0.00,0.00,-0.00,-0.00
inquiétude,lemma,0,0,0,0,0,0,0,0,11,0,0,11,0.00,0.00,0.00,1.00,0.00,0.00,0.00,0.00,0.00,0.00,0.00,-0.00,-0.00
rigolo,lemma,0,0,0,0,0,0,0,5,0,0,0,5,0.00,0.00,1.00,0.00,0.00,0.00,0.00,0.00,0.00,0.00,0.00,-0.00,-0.00
favoriser,word,0,4,0,0,0,0,0,0,0,0,0,4,1.00,0.00,0.00,0.00,0.00,0.00,0.00,0.00,0.00,0.00,0.00,-0.00,-0.00
introduire,lemma,0,0,0,0,0,0,0,0,3,0,0,3,0.00,0.00,0.00,1.00,0.00,0.00,0.00,0.00,0.00,0.00,0.00,-0.00,-0.00
conversation,word,0,0,0,0,0,0,0,3,0,0,0,3,0.00,0.00,1.00,0.00,0.00,0.00,0.00,0.00,0.00,0.00,0.00,-0.00,-0.00
bombardements,word,0,0,0,0,0,0,0,0,5,0,0,5,0.00,0.00,0.00,1.00,0.00,0.00,0.00,0.00,0.00,0.00,0.00,-0.00,-0.00
conversation,lemma,0,0,0,0,0,0,0,3,0,0,0,3,0.00,0.00,1.00,0.00,0.00,0.00,0.00,0.00,0.00,0.00,0.00,-0.00,-0.00
contester,lemma,0,8,0,0,0,0,0,0,0,0,0,8,1.00,0.00,0.00,0.00,0.00,0.00,0.00,0.00,0.00,0.00,0.00,-0.00,-0.00
formidable,lemma,3,0,0,0,0,0,0,0,0,0,0,3,0.00,0.00,0.00,0.00,0.00,0.00,1.00,0.00,0.00,0.00,0.00,-0.00,-0.00
formidable,word,3,0,0,0,0,0,0,0,0,0,0,3,0.00,0.00,0.00,0.00,0.00,0.00,1.00,0.00,0.00,0.00,0.00,-0.00,-0.00
contestation,word,0,8,0,0,0,0,0,0,0,0,0,8,1.00,0.00,0.00,0.00,0.00,0.00,0.00,0.00,0.00,0.00,0.00,-0.00,-0.00
contestation,lemma,0,9,0,0,0,0,0,0,0,0,0,9,1.00,0.00,0.00,0.00,0.00,0.00,0.00,0.00,0.00,0.00,0.00,-0.00,-0.00
nicolás,word,0,3,0,0,0,0,0,0,0,0,0,3,1.00,0.00,0.00,0.00,0.00,0.00,0.00,0.00,0.00,0.00,0.00,-0.00,-0.00
protestent,word,0,4,0,0,0,0,0,0,0,0,0,4,1.00,0.00,0.00,0.00,0.00,0.00,0.00,0.00,0.00,0.00,0.00,-0.00,-0.00
icône,lemma,3,0,0,0,0,0,0,0,0,0,0,3,0.00,0.00,0.00,0.00,0.00,0.00,1.00,0.00,0.00,0.00,0.00,-0.00,-0.00
dénoncer,word,0,8,0,0,0,0,0,0,0,0,0,8,1.00,0.00,0.00,0.00,0.00,0.00,0.00,0.00,0.00,0.00,0.00,-0.00,-0.00
dénonçaient,word,0,4,0,0,0,0,0,0,0,0,0,4,1.00,0.00,0.00,0.00,0.00,0.00,0.00,0.00,0.00,0.00,0.00,-0.00,-0.00
départ,lemma,0,8,0,0,0,0,0,0,0,0,0,8,1.00,0.00,0.00,0.00,0.00,0.00,0.00,0.00,0.00,0.00,0.00,-0.00,-0.00
départ,word,0,8,0,0,0,0,0,0,0,0,0,8,1.00,0.00,0.00,0.00,0.00,0.00,0.00,0.00,0.00,0.00,0.00,-0.00,-0.00
dépression,lemma,0,0,0,0,0,0,0,0,0,0,7,7,0.00,0.00,0.00,0.00,0.00,1.00,0.00,0.00,0.00,0.00,0.00,-0.00,-0.00
dépression,word,0,0,0,0,0,0,0,0,0,0,6,6,0.00,0.00,0.00,0.00,0.00,1.00,0.00,0.00,0.00,0.00,0.00,-0.00,-0.00
protestation,word,0,8,0,0,0,0,0,0,0,0,0,8,1.00,0.00,0.00,0.00,0.00,0.00,0.00,0.00,0.00,0.00,0.00,-0.00,-0.00
protester,word,0,18,0,0,0,0,0,0,0,0,0,18,1.00,0.00,0.00,0.00,0.00,0.00,0.00,0.00,0.00,0.00,0.00,-0.00,-0.00
contente,word,0,0,0,0,0,0,0,10,0,0,0,10,0.00,0.00,1.00,0.00,0.00,0.00,0.00,0.00,0.00,0.00,0.00,-0.00,-0.00
content,word,0,0,0,0,0,0,0,4,0,0,0,4,0.00,0.00,1.00,0.00,0.00,0.00,0.00,0.00,0.00,0.00,0.00,-0.00,-0.00
souffrent,word,0,0,0,0,0,0,0,0,0,0,3,3,0.00,0.00,0.00,0.00,0.00,1.00,0.00,0.00,0.00,0.00,0.00,-0.00,-0.00
content,lemma,0,0,0,0,0,0,0,30,0,0,0,30,0.00,0.00,1.00,0.00,0.00,0.00,0.00,0.00,0.00,0.00,0.00,-0.00,-0.00
diriger,lemma,0,4,0,0,0,0,0,0,0,0,0,4,1.00,0.00,0.00,0.00,0.00,0.00,0.00,0.00,0.00,0.00,0.00,-0.00,-0.00
soulever,lemma,0,3,0,0,0,0,0,0,0,0,0,3,1.00,0.00,0.00,0.00,0.00,0.00,0.00,0.00,0.00,0.00,0.00,-0.00,-0.00
bombe,word,0,0,0,0,0,0,0,0,5,0,0,5,0.00,0.00,0.00,1.00,0.00,0.00,0.00,0.00,0.00,0.00,0.00,-0.00,-0.00
bonheur,lemma,0,0,0,0,0,0,0,14,0,0,0,14,0.00,0.00,1.00,0.00,0.00,0.00,0.00,0.00,0.00,0.00,0.00,-0.00,-0.00
puni,word,0,0,0,0,0,0,0,0,3,0,0,3,0.00,0.00,0.00,1.00,0.00,0.00,0.00,0.00,0.00,0.00,0.00,-0.00,-0.00
bons,word,0,0,0,0,0,0,0,3,0,0,0,3,0.00,0.00,1.00,0.00,0.00,0.00,0.00,0.00,0.00,0.00,0.00,-0.00,-0.00
dirigeants,word,0,8,0,0,0,0,0,0,0,0,0,8,1.00,0.00,0.00,0.00,0.00,0.00,0.00,0.00,0.00,0.00,0.00,-0.00,-0.00
différentes,word,0,3,0,0,0,0,0,0,0,0,0,3,1.00,0.00,0.00,0.00,0.00,0.00,0.00,0.00,0.00,0.00,0.00,-0.00,-0.00
bouteflika,lemma,0,4,0,0,0,0,0,0,0,0,0,4,1.00,0.00,0.00,0.00,0.00,0.00,0.00,0.00,0.00,0.00,0.00,-0.00,-0.00
bouteflika,word,0,4,0,0,0,0,0,0,0,0,0,4,1.00,0.00,0.00,0.00,0.00,0.00,0.00,0.00,0.00,0.00,0.00,-0.00,-0.00
icône,word,3,0,0,0,0,0,0,0,0,0,0,3,0.00,0.00,0.00,0.00,0.00,0.00,1.00,0.00,0.00,0.00,0.00,-0.00,-0.00
idol,lemma,4,0,0,0,0,0,0,0,0,0,0,4,0.00,0.00,0.00,0.00,0.00,0.00,1.00,0.00,0.00,0.00,0.00,-0.00,-0.00
idole,word,4,0,0,0,0,0,0,0,0,0,0,4,0.00,0.00,0.00,0.00,0.00,0.00,1.00,0.00,0.00,0.00,0.00,-0.00,-0.00
illégal,lemma,0,3,0,0,0,0,0,0,0,0,0,3,1.00,0.00,0.00,0.00,0.00,0.00,0.00,0.00,0.00,0.00,0.00,-0.00,-0.00
bonheur,word,0,0,0,0,0,0,0,14,0,0,0,14,0.00,0.00,1.00,0.00,0.00,0.00,0.00,0.00,0.00,0.00,0.00,-0.00,-0.00
jaloux,word,0,0,0,0,0,0,5,0,0,0,0,5,0.00,0.00,0.00,0.00,0.00,0.00,0.00,0.00,0.00,0.00,1.00,-0.00,-0.00
fausses,word,0,4,0,0,0,0,0,0,0,0,0,4,1.00,0.00,0.00,0.00,0.00,0.00,0.00,0.00,0.00,0.00,0.00,-0.00,-0.00
blague,lemma,0,0,0,0,0,0,0,6,0,0,0,6,0.00,0.00,1.00,0.00,0.00,0.00,0.00,0.00,0.00,0.00,0.00,-0.00,-0.00
blagues,word,0,0,0,0,0,0,0,5,0,0,0,5,0.00,0.00,1.00,0.00,0.00,0.00,0.00,0.00,0.00,0.00,0.00,-0.00,-0.00
sécheresse,lemma,0,0,0,0,0,0,0,0,7,0,0,7,0.00,0.00,0.00,1.00,0.00,0.00,0.00,0.00,0.00,0.00,0.00,-0.00,-0.00
sécheresse,word,0,0,0,0,0,0,0,0,7,0,0,7,0.00,0.00,0.00,1.00,0.00,0.00,0.00,0.00,0.00,0.00,0.00,-0.00,-0.00
sécurité,lemma,0,0,0,0,0,0,0,0,6,0,0,6,0.00,0.00,0.00,1.00,0.00,0.00,0.00,0.00,0.00,0.00,0.00,-0.00,-0.00
sécurité,word,0,0,0,0,0,0,0,0,6,0,0,6,0.00,0.00,0.00,1.00,0.00,0.00,0.00,0.00,0.00,0.00,0.00,-0.00,-0.00
bloquant,word,0,4,0,0,0,0,0,0,0,0,0,4,1.00,0.00,0.00,0.00,0.00,0.00,0.00,0.00,0.00,0.00,0.00,-0.00,-0.00
bah,lemma,0,4,0,0,0,0,0,0,0,0,0,4,1.00,0.00,0.00,0.00,0.00,0.00,0.00,0.00,0.00,0.00,0.00,-0.00,-0.00
bah,word,0,4,0,0,0,0,0,0,0,0,0,4,1.00,0.00,0.00,0.00,0.00,0.00,0.00,0.00,0.00,0.00,0.00,-0.00,-0.00
baise,word,0,4,0,0,0,0,0,0,0,0,0,4,1.00,0.00,0.00,0.00,0.00,0.00,0.00,0.00,0.00,0.00,0.00,-0.00,-0.00
surpris,lemma,0,0,0,0,0,0,0,0,0,8,0,8,0.00,0.00,0.00,0.00,1.00,0.00,0.00,0.00,0.00,0.00,0.00,-0.00,-0.00
surpris,word,0,0,0,0,0,0,0,0,0,11,0,11,0.00,0.00,0.00,0.00,1.00,0.00,0.00,0.00,0.00,0.00,0.00,-0.00,-0.00
fasse,word,0,3,0,0,0,0,0,0,0,0,0,3,1.00,0.00,0.00,0.00,0.00,0.00,0.00,0.00,0.00,0.00,0.00,-0.00,-0.00
surprises,word,0,0,0,0,0,0,0,0,0,5,0,5,0.00,0.00,0.00,0.00,1.00,0.00,0.00,0.00,0.00,0.00,0.00,-0.00,-0.00
sympa,lemma,0,0,0,0,0,0,0,4,0,0,0,4,0.00,0.00,1.00,0.00,0.00,0.00,0.00,0.00,0.00,0.00,0.00,-0.00,-0.00
sympa,word,0,0,0,0,0,0,0,3,0,0,0,3,0.00,0.00,1.00,0.00,0.00,0.00,0.00,0.00,0.00,0.00,0.00,-0.00,-0.00
séparer,lemma,0,0,0,0,0,0,0,0,0,0,3,3,0.00,0.00,0.00,0.00,0.00,1.00,0.00,0.00,0.00,0.00,0.00,-0.00,-0.00
déloyal,lemma,0,4,0,0,0,0,0,0,0,0,0,4,1.00,0.00,0.00,0.00,0.00,0.00,0.00,0.00,0.00,0.00,0.00,-0.00,-0.00
déloyale,word,0,4,0,0,0,0,0,0,0,0,0,4,1.00,0.00,0.00,0.00,0.00,0.00,0.00,0.00,0.00,0.00,0.00,-0.00,-0.00
démission,lemma,0,4,0,0,0,0,0,0,0,0,0,4,1.00,0.00,0.00,0.00,0.00,0.00,0.00,0.00,0.00,0.00,0.00,-0.00,-0.00
démission,word,0,4,0,0,0,0,0,0,0,0,0,4,1.00,0.00,0.00,0.00,0.00,0.00,0.00,0.00,0.00,0.00,0.00,-0.00,-0.00
dénonce,lemma,0,5,0,0,0,0,0,0,0,0,0,5,1.00,0.00,0.00,0.00,0.00,0.00,0.00,0.00,0.00,0.00,0.00,-0.00,-0.00
dénonce,word,0,5,0,0,0,0,0,0,0,0,0,5,1.00,0.00,0.00,0.00,0.00,0.00,0.00,0.00,0.00,0.00,0.00,-0.00,-0.00
dénoncent,word,0,6,0,0,0,0,0,0,0,0,0,6,1.00,0.00,0.00,0.00,0.00,0.00,0.00,0.00,0.00,0.00,0.00,-0.00,-0.00
dénoncer,lemma,0,26,0,0,0,0,0,0,0,0,0,26,1.00,0.00,0.00,0.00,0.00,0.00,0.00,0.00,0.00,0.00,0.00,-0.00,-0.00
janvier,lemma,0,5,0,0,0,0,0,0,0,0,0,5,1.00,0.00,0.00,0.00,0.00,0.00,0.00,0.00,0.00,0.00,0.00,-0.00,-0.00
mécontentement,lemma,0,16,0,0,0,0,0,0,0,0,0,16,1.00,0.00,0.00,0.00,0.00,0.00,0.00,0.00,0.00,0.00,0.00,-0.00,-0.00
mécontentement,word,0,14,0,0,0,0,0,0,0,0,0,14,1.00,0.00,0.00,0.00,0.00,0.00,0.00,0.00,0.00,0.00,0.00,-0.00,-0.00
mécontentements,word,0,3,0,0,0,0,0,0,0,0,0,3,1.00,0.00,0.00,0.00,0.00,0.00,0.00,0.00,0.00,0.00,0.00,-0.00,-0.00
mécontents,word,0,8,0,0,0,0,0,0,0,0,0,8,1.00,0.00,0.00,0.00,0.00,0.00,0.00,0.00,0.00,0.00,0.00,-0.00,-0.00
dégoûter,lemma,0,0,0,3,0,0,0,0,0,0,0,3,0.00,1.00,0.00,0.00,0.00,0.00,0.00,0.00,0.00,0.00,0.00,-0.00,-0.00
délicieux,lemma,0,0,0,0,0,0,0,3,0,0,0,3,0.00,0.00,1.00,0.00,0.00,0.00,0.00,0.00,0.00,0.00,0.00,-0.00,-0.00
délicieux,word,0,0,0,0,0,0,0,3,0,0,0,3,0.00,0.00,1.00,0.00,0.00,0.00,0.00,0.00,0.00,0.00,0.00,-0.00,-0.00
souriant,word,0,0,0,0,0,0,0,4,0,0,0,4,0.00,0.00,1.00,0.00,0.00,0.00,0.00,0.00,0.00,0.00,0.00,-0.00,-0.00
janvier,word,0,5,0,0,0,0,0,0,0,0,0,5,1.00,0.00,0.00,0.00,0.00,0.00,0.00,0.00,0.00,0.00,0.00,-0.00,-0.00
mécontent,lemma,0,10,0,0,0,0,0,0,0,0,0,10,1.00,0.00,0.00,0.00,0.00,0.00,0.00,0.00,0.00,0.00,0.00,-0.00,-0.00
société,word,0,7,0,0,0,0,0,0,0,0,0,7,1.00,0.00,0.00,0.00,0.00,0.00,0.00,0.00,0.00,0.00,0.00,-0.00,-0.00
brice,lemma,0,5,0,0,0,0,0,0,0,0,0,5,1.00,0.00,0.00,0.00,0.00,0.00,0.00,0.00,0.00,0.00,0.00,-0.00,-0.00
brice,word,0,5,0,0,0,0,0,0,0,0,0,5,1.00,0.00,0.00,0.00,0.00,0.00,0.00,0.00,0.00,0.00,0.00,-0.00,-0.00
cadeaux,word,0,0,0,0,0,0,0,5,0,0,0,5,0.00,0.00,1.00,0.00,0.00,0.00,0.00,0.00,0.00,0.00,0.00,-0.00,-0.00
caisse,lemma,0,3,0,0,0,0,0,0,0,0,0,3,1.00,0.00,0.00,0.00,0.00,0.00,0.00,0.00,0.00,0.00,0.00,-0.00,-0.00
caisses,word,0,3,0,0,0,0,0,0,0,0,0,3,1.00,0.00,0.00,0.00,0.00,0.00,0.00,0.00,0.00,0.00,0.00,-0.00,-0.00
satisfaire,word,0,0,0,0,0,0,0,4,0,0,0,4,0.00,0.00,1.00,0.00,0.00,0.00,0.00,0.00,0.00,0.00,0.00,-0.00,-0.00
scandale,lemma,0,5,0,0,0,0,0,0,0,0,0,5,1.00,0.00,0.00,0.00,0.00,0.00,0.00,0.00,0.00,0.00,0.00,-0.00,-0.00
sonores,word,0,3,0,0,0,0,0,0,0,0,0,3,1.00,0.00,0.00,0.00,0.00,0.00,0.00,0.00,0.00,0.00,0.00,-0.00,-0.00
pêcheur,lemma,0,3,0,0,0,0,0,0,0,0,0,3,1.00,0.00,0.00,0.00,0.00,0.00,0.00,0.00,0.00,0.00,0.00,-0.00,-0.00
injustice,lemma,0,15,0,0,0,0,0,0,0,0,0,15,1.00,0.00,0.00,0.00,0.00,0.00,0.00,0.00,0.00,0.00,0.00,-0.00,-0.00
injustice,word,0,7,0,0,0,0,0,0,0,0,0,7,1.00,0.00,0.00,0.00,0.00,0.00,0.00,0.00,0.00,0.00,0.00,-0.00,-0.00
confisquer,lemma,0,0,0,0,0,0,0,0,0,0,3,3,0.00,0.00,0.00,0.00,0.00,1.00,0.00,0.00,0.00,0.00,0.00,-0.00,-0.00
concurrence,word,0,4,0,0,0,0,0,0,0,0,0,4,1.00,0.00,0.00,0.00,0.00,0.00,0.00,0.00,0.00,0.00,0.00,-0.00,-0.00
révoltée,word,0,3,0,0,0,0,0,0,0,0,0,3,1.00,0.00,0.00,0.00,0.00,0.00,0.00,0.00,0.00,0.00,0.00,-0.00,-0.00
concurrence,lemma,0,4,0,0,0,0,0,0,0,0,0,4,1.00,0.00,0.00,0.00,0.00,0.00,0.00,0.00,0.00,0.00,0.00,-0.00,-0.00
satisfaire,lemma,0,0,0,0,0,0,0,7,0,0,0,7,0.00,0.00,1.00,0.00,0.00,0.00,0.00,0.00,0.00,0.00,0.00,-0.00,-0.00
indigner,lemma,0,3,0,0,0,0,0,0,0,0,0,3,1.00,0.00,0.00,0.00,0.00,0.00,0.00,0.00,0.00,0.00,0.00,-0.00,-0.00
scandale,word,0,5,0,0,0,0,0,0,0,0,0,5,1.00,0.00,0.00,0.00,0.00,0.00,0.00,0.00,0.00,0.00,0.00,-0.00,-0.00
niqu,lemma,0,5,0,0,0,0,0,0,0,0,0,5,1.00,0.00,0.00,0.00,0.00,0.00,0.00,0.00,0.00,0.00,0.00,-0.00,-0.00
nique,word,0,5,0,0,0,0,0,0,0,0,0,5,1.00,0.00,0.00,0.00,0.00,0.00,0.00,0.00,0.00,0.00,0.00,-0.00,-0.00
noirs,word,0,6,0,0,0,0,0,0,0,0,0,6,1.00,0.00,0.00,0.00,0.00,0.00,0.00,0.00,0.00,0.00,0.00,-0.00,-0.00
nord,lemma,0,0,0,0,0,0,0,0,3,0,0,3,0.00,0.00,0.00,1.00,0.00,0.00,0.00,0.00,0.00,0.00,0.00,-0.00,-0.00
putain,lemma,0,3,0,0,0,0,0,0,0,0,0,3,1.00,0.00,0.00,0.00,0.00,0.00,0.00,0.00,0.00,0.00,0.00,-0.00,-0.00
commun,word,0,0,0,0,0,0,0,0,0,5,0,5,0.00,0.00,0.00,0.00,1.00,0.00,0.00,0.00,0.00,0.00,0.00,-0.00,-0.00
catégoriquement,lemma,0,3,0,0,0,0,0,0,0,0,0,3,1.00,0.00,0.00,0.00,0.00,0.00,0.00,0.00,0.00,0.00,0.00,-0.00,-0.00
catégoriquement,word,0,3,0,0,0,0,0,0,0,0,0,3,1.00,0.00,0.00,0.00,0.00,0.00,0.00,0.00,0.00,0.00,0.00,-0.00,-0.00
société,lemma,0,7,0,0,0,0,0,0,0,0,0,7,1.00,0.00,0.00,0.00,0.00,0.00,0.00,0.00,0.00,0.00,0.00,-0.00,-0.00
commises,word,0,3,0,0,0,0,0,0,0,0,0,3,1.00,0.00,0.00,0.00,0.00,0.00,0.00,0.00,0.00,0.00,0.00,-0.00,-0.00
méfier,word,0,0,0,0,0,0,0,0,3,0,0,3,0.00,0.00,0.00,1.00,0.00,0.00,0.00,0.00,0.00,0.00,0.00,-0.00,-0.00
mêler,lemma,0,3,0,0,0,0,0,0,0,0,0,3,1.00,0.00,0.00,0.00,0.00,0.00,0.00,0.00,0.00,0.00,0.00,-0.00,-0.00
sensible,lemma,0,0,0,0,0,0,0,0,3,0,0,3,0.00,0.00,0.00,1.00,0.00,0.00,0.00,0.00,0.00,0.00,0.00,-0.00,-0.00
sensibles,word,0,0,0,0,0,0,0,0,3,0,0,3,0.00,0.00,0.00,1.00,0.00,0.00,0.00,0.00,0.00,0.00,0.00,-0.00,-0.00
pêcheurs,word,0,3,0,0,0,0,0,0,0,0,0,3,1.00,0.00,0.00,0.00,0.00,0.00,0.00,0.00,0.00,0.00,0.00,-0.00,-0.00
siffler,lemma,0,4,0,0,0,0,0,0,0,0,0,4,1.00,0.00,0.00,0.00,0.00,0.00,0.00,0.00,0.00,0.00,0.00,-0.00,-0.00
site,lemma,0,0,0,0,0,0,0,0,3,0,0,3,0.00,0.00,0.00,1.00,0.00,0.00,0.00,0.00,0.00,0.00,0.00,-0.00,-0.00
sites,word,0,0,0,0,0,0,0,0,3,0,0,3,0.00,0.00,0.00,1.00,0.00,0.00,0.00,0.00,0.00,0.00,0.00,-0.00,-0.00
commun,lemma,0,0,0,0,0,0,0,0,0,5,0,5,0.00,0.00,0.00,0.00,1.00,0.00,0.00,0.00,0.00,0.00,0.00,-0.00,-0.00
méfiance,word,0,0,0,0,0,0,0,0,5,0,0,5,0.00,0.00,0.00,1.00,0.00,0.00,0.00,0.00,0.00,0.00,0.00,-0.00,-0.00
diesel,lemma,0,4,0,0,0,0,0,0,0,0,0,4,1.00,0.00,0.00,0.00,0.00,0.00,0.00,0.00,0.00,0.00,0.00,-0.00,-0.00
dictateur,word,0,6,0,0,0,0,0,0,0,0,0,6,1.00,0.00,0.00,0.00,0.00,0.00,0.00,0.00,0.00,0.00,0.00,-0.00,-0.00
dictateur,lemma,0,6,0,0,0,0,0,0,0,0,0,6,1.00,0.00,0.00,0.00,0.00,0.00,0.00,0.00,0.00,0.00,0.00,-0.00,-0.00
panique,word,0,0,0,0,0,0,0,0,11,0,0,11,0.00,0.00,0.00,1.00,0.00,0.00,0.00,0.00,0.00,0.00,0.00,-0.00,-0.00
maladies,word,0,0,0,0,0,0,0,0,6,0,0,6,0.00,0.00,0.00,1.00,0.00,0.00,0.00,0.00,0.00,0.00,0.00,-0.00,-0.00
malheureusement,lemma,0,0,0,0,0,0,0,0,0,0,6,6,0.00,0.00,0.00,0.00,0.00,1.00,0.00,0.00,0.00,0.00,0.00,-0.00,-0.00
malheureusement,word,0,0,0,0,0,0,0,0,0,0,6,6,0.00,0.00,0.00,0.00,0.00,1.00,0.00,0.00,0.00,0.00,0.00,-0.00,-0.00
indépendance,lemma,0,4,0,0,0,0,0,0,0,0,0,4,1.00,0.00,0.00,0.00,0.00,0.00,0.00,0.00,0.00,0.00,0.00,-0.00,-0.00
bloqué,word,0,5,0,0,0,0,0,0,0,0,0,5,1.00,0.00,0.00,0.00,0.00,0.00,0.00,0.00,0.00,0.00,0.00,-0.00,-0.00
panique,lemma,0,0,0,0,0,0,0,0,11,0,0,11,0.00,0.00,0.00,1.00,0.00,0.00,0.00,0.00,0.00,0.00,0.00,-0.00,-0.00
contents,word,0,0,0,0,0,0,0,16,0,0,0,16,0.00,0.00,1.00,0.00,0.00,0.00,0.00,0.00,0.00,0.00,0.00,-0.00,-0.00
maduro,lemma,0,4,0,0,0,0,0,0,0,0,0,4,1.00,0.00,0.00,0.00,0.00,0.00,0.00,0.00,0.00,0.00,0.00,-0.00,-0.00
maduro,word,0,4,0,0,0,0,0,0,0,0,0,4,1.00,0.00,0.00,0.00,0.00,0.00,0.00,0.00,0.00,0.00,0.00,-0.00,-0.00
magasin,lemma,0,0,0,0,0,0,0,0,3,0,0,3,0.00,0.00,0.00,1.00,0.00,0.00,0.00,0.00,0.00,0.00,0.00,-0.00,-0.00
magique,lemma,0,0,0,0,0,0,0,0,0,4,0,4,0.00,0.00,0.00,0.00,1.00,0.00,0.00,0.00,0.00,0.00,0.00,-0.00,-0.00
magique,word,0,0,0,0,0,0,0,0,0,3,0,3,0.00,0.00,0.00,0.00,1.00,0.00,0.00,0.00,0.00,0.00,0.00,-0.00,-0.00
sonore,lemma,0,3,0,0,0,0,0,0,0,0,0,3,1.00,0.00,0.00,0.00,0.00,0.00,0.00,0.00,0.00,0.00,0.00,-0.00,-0.00
malheureux,lemma,0,0,0,0,0,0,0,0,0,0,3,3,0.00,0.00,0.00,0.00,0.00,1.00,0.00,0.00,0.00,0.00,0.00,-0.00,-0.00
indépendance,word,0,5,0,0,0,0,0,0,0,0,0,5,1.00,0.00,0.00,0.00,0.00,0.00,0.00,0.00,0.00,0.00,0.00,-0.00,-0.00
information,lemma,0,4,0,0,0,0,0,0,0,0,0,4,1.00,0.00,0.00,0.00,0.00,0.00,0.00,0.00,0.00,0.00,0.00,-0.00,-0.00
informations,word,0,4,0,0,0,0,0,0,0,0,0,4,1.00,0.00,0.00,0.00,0.00,0.00,0.00,0.00,0.00,0.00,0.00,-0.00,-0.00
r,word,0,3,0,0,0,0,0,0,0,0,0,3,1.00,0.00,0.00,0.00,0.00,0.00,0.00,0.00,0.00,0.00,0.00,-0.00,-0.00
initiative,lemma,0,3,0,0,0,0,0,0,0,0,0,3,1.00,0.00,0.00,0.00,0.00,0.00,0.00,0.00,0.00,0.00,0.00,-0.00,-0.00
méfier,lemma,0,0,0,0,0,0,0,0,7,0,0,7,0.00,0.00,0.00,1.00,0.00,0.00,0.00,0.00,0.00,0.00,0.00,-0.00,-0.00
bombardement,lemma,0,0,0,0,0,0,0,0,5,0,0,5,0.00,0.00,0.00,1.00,0.00,0.00,0.00,0.00,0.00,0.00,0.00,-0.00,-0.00
r,lemma,0,4,0,0,0,0,0,0,0,0,0,4,1.00,0.00,0.00,0.00,0.00,0.00,0.00,0.00,0.00,0.00,0.00,-0.00,-0.00
querelle,lemma,0,3,0,0,0,0,0,0,0,0,0,3,1.00,0.00,0.00,0.00,0.00,0.00,0.00,0.00,0.00,0.00,0.00,-0.00,-0.00
méfiance,lemma,0,0,0,0,0,0,0,0,5,0,0,5,0.00,0.00,0.00,1.00,0.00,0.00,0.00,0.00,0.00,0.00,0.00,-0.00,-0.00
fondation,lemma,0,3,0,0,0,0,0,0,0,0,0,3,1.00,0.00,0.00,0.00,0.00,0.00,0.00,0.00,0.00,0.00,0.00,-0.00,-0.00
fondations,word,0,3,0,0,0,0,0,0,0,0,0,3,1.00,0.00,0.00,0.00,0.00,0.00,0.00,0.00,0.00,0.00,0.00,-0.00,-0.00
connasse,lemma,0,3,0,0,0,0,0,0,0,0,0,3,1.00,0.00,0.00,0.00,0.00,0.00,0.00,0.00,0.00,0.00,0.00,-0.00,-0.00
manifestaient,word,0,3,0,0,0,0,0,0,0,0,0,3,1.00,0.00,0.00,0.00,0.00,0.00,0.00,0.00,0.00,0.00,0.00,-0.00,-0.00
ours,word,0,0,0,0,0,0,0,0,4,0,0,4,0.00,0.00,0.00,1.00,0.00,0.00,0.00,0.00,0.00,0.00,0.00,-0.00,-0.00
ours,lemma,0,0,0,0,0,0,0,0,4,0,0,4,0.00,0.00,0.00,1.00,0.00,0.00,0.00,0.00,0.00,0.00,0.00,-0.00,-0.00
drole,lemma,0,0,0,0,0,0,0,3,0,0,0,3,0.00,0.00,1.00,0.00,0.00,0.00,0.00,0.00,0.00,0.00,0.00,-0.00,-0.00
dommage,word,0,0,0,0,0,0,0,0,0,0,3,3,0.00,0.00,0.00,0.00,0.00,1.00,0.00,0.00,0.00,0.00,0.00,-0.00,-0.00
diesel,word,0,4,0,0,0,0,0,0,0,0,0,4,1.00,0.00,0.00,0.00,0.00,0.00,0.00,0.00,0.00,0.00,0.00,-0.00,-0.00
fière,word,0,0,0,0,0,8,0,0,0,0,0,8,0.00,0.00,0.00,0.00,0.00,0.00,0.00,0.00,0.00,1.00,0.00,-0.00,-0.00
