marker_value,marker_type,Comportementale,Désignée,Montrée,Suggérée,total_count,P(Comportementale),P(Désignée),P(Montrée),P(Suggérée),entropy,normalized_entropy
chercher,lemma,1.0,1.0,1.0,1.0,4.0,0.25,0.25,0.25,0.25,2.0,1.0
réveiller,word,1.0,1.0,1.0,1.0,4.0,0.25,0.25,0.25,0.25,2.0,1.0
parler,lemma,7.0,5.0,8.0,7.0,27.0,0.25925925925925924,0.18518518518518517,0.2962962962962963,0.25925925925925924,1.9803464138951994,0.9901732069475997
fou,lemma,4.0,9.0,8.0,10.0,31.0,0.12903225806451613,0.2903225806451613,0.25806451612903225,0.3225806451612903,1.9300477309722162,0.9650238654861081
décidé,word,1.0,1.0,1.0,2.0,5.0,0.2,0.2,0.2,0.4,1.9219280948873623,0.9609640474436811
dommage,lemma,1.0,1.0,1.0,2.0,5.0,0.2,0.2,0.2,0.4,1.9219280948873623,0.9609640474436811
comprendre,word,1.0,2.0,1.0,1.0,5.0,0.2,0.4,0.2,0.2,1.9219280948873623,0.9609640474436811
comprendre,lemma,1.0,2.0,1.0,2.0,6.0,0.16666666666666666,0.3333333333333333,0.16666666666666666,0.3333333333333333,1.9182958340544896,0.9591479170272448
me,word,8.0,5.0,13.0,7.0,33.0,0.24242424242424243,0.15151515151515152,0.3939393939393939,0.21212121212121213,1.9120655961865067,0.9560327980932534
me,lemma,8.0,5.0,13.0,7.0,33.0,0.24242424242424243,0.15151515151515152,0.3939393939393939,0.21212121212121213,1.9120655961865067,0.9560327980932534
problème,word,2.0,1.0,2.0,3.0,8.0,0.25,0.125,0.25,0.375,1.9056390622295665,0.9528195311147832
bas,lemma,3.0,1.0,2.0,2.0,8.0,0.375,0.125,0.25,0.25,1.9056390622295665,0.9528195311147832
façon,word,3.0,2.0,1.0,3.0,9.0,0.3333333333333333,0.2222222222222222,0.1111111111111111,0.3333333333333333,1.8910611120726526,0.9455305560363263
façon,lemma,3.0,2.0,1.0,3.0,9.0,0.3333333333333333,0.2222222222222222,0.1111111111111111,0.3333333333333333,1.8910611120726526,0.9455305560363263
vouloir,lemma,14.0,10.0,14.0,28.0,66.0,0.21212121212121213,0.15151515151515152,0.21212121212121213,0.42424242424242425,1.8863462923266434,0.9431731461633217
juif,lemma,3.0,2.0,5.0,6.0,16.0,0.1875,0.125,0.3125,0.375,1.882856063692049,0.9414280318460245
fou,word,3.0,9.0,6.0,4.0,22.0,0.13636363636363635,0.4090909090909091,0.2727272727272727,0.18181818181818182,1.8778867313886054,0.9389433656943027
tellement,lemma,2.0,6.0,3.0,3.0,14.0,0.14285714285714285,0.42857142857142855,0.21428571428571427,0.21428571428571427,1.8773870642966133,0.9386935321483066
tellement,word,2.0,6.0,3.0,3.0,14.0,0.14285714285714285,0.42857142857142855,0.21428571428571427,0.21428571428571427,1.8773870642966133,0.9386935321483066
parler,word,4.0,4.0,7.0,2.0,17.0,0.23529411764705882,0.23529411764705882,0.4117647058823529,0.11764705882352941,1.8726696380501497,0.9363348190250749
que,lemma,23.0,56.0,40.0,82.0,201.0,0.11442786069651742,0.27860696517412936,0.19900497512437812,0.4079601990049751,1.862742294170399,0.9313711470851995
que,word,23.0,56.0,38.0,82.0,199.0,0.11557788944723618,0.2814070351758794,0.19095477386934673,0.4120603015075377,1.8577587385633665,0.9288793692816832
fille,lemma,2.0,1.0,3.0,4.0,10.0,0.2,0.1,0.3,0.4,1.8464393446710154,0.9232196723355077
mieux,word,1.0,2.0,3.0,4.0,10.0,0.1,0.2,0.3,0.4,1.8464393446710154,0.9232196723355077
mieux,lemma,1.0,2.0,3.0,4.0,10.0,0.1,0.2,0.3,0.4,1.8464393446710154,0.9232196723355077
produit,lemma,3.0,2.0,1.0,1.0,7.0,0.42857142857142855,0.2857142857142857,0.14285714285714285,0.14285714285714285,1.8423709931771088,0.9211854965885544
produits,word,3.0,2.0,1.0,1.0,7.0,0.42857142857142855,0.2857142857142857,0.14285714285714285,0.14285714285714285,1.8423709931771088,0.9211854965885544
complètement,word,1.0,2.0,1.0,3.0,7.0,0.14285714285714285,0.2857142857142857,0.14285714285714285,0.42857142857142855,1.8423709931771086,0.9211854965885543
complètement,lemma,1.0,2.0,1.0,3.0,7.0,0.14285714285714285,0.2857142857142857,0.14285714285714285,0.42857142857142855,1.8423709931771086,0.9211854965885543
quelques,word,1.0,1.0,2.0,3.0,7.0,0.14285714285714285,0.14285714285714285,0.2857142857142857,0.42857142857142855,1.8423709931771086,0.9211854965885543
autant,word,1.0,3.0,1.0,2.0,7.0,0.14285714285714285,0.42857142857142855,0.14285714285714285,0.2857142857142857,1.8423709931771084,0.9211854965885542
autant,lemma,1.0,3.0,1.0,2.0,7.0,0.14285714285714285,0.42857142857142855,0.14285714285714285,0.2857142857142857,1.8423709931771084,0.9211854965885542
réveiller,lemma,3.0,1.0,1.0,2.0,7.0,0.42857142857142855,0.14285714285714285,0.14285714285714285,0.2857142857142857,1.8423709931771084,0.9211854965885542
vouloir,word,6.0,3.0,2.0,7.0,18.0,0.3333333333333333,0.16666666666666666,0.1111111111111111,0.3888888888888889,1.8412501702815547,0.9206250851407773
si,lemma,6.0,8.0,22.0,12.0,48.0,0.125,0.16666666666666666,0.4583333333333333,0.25,1.821695404408628,0.910847702204314
si,word,6.0,8.0,22.0,12.0,48.0,0.125,0.16666666666666666,0.4583333333333333,0.25,1.821695404408628,0.910847702204314
agir,lemma,3.0,1.0,1.0,3.0,8.0,0.375,0.125,0.125,0.375,1.811278124459133,0.9056390622295665
grand,word,2.0,8.0,3.0,7.0,20.0,0.1,0.4,0.15,0.35,1.8016094970590273,0.9008047485295136
faire,lemma,56.0,36.0,28.0,108.0,228.0,0.24561403508771928,0.15789473684210525,0.12280701754385964,0.47368421052631576,1.8001577170664234,0.9000788585332117
comme,word,18.0,6.0,19.0,34.0,77.0,0.23376623376623376,0.07792207792207792,0.24675324675324675,0.44155844155844154,1.7959711590295997,0.8979855795147998
comme,lemma,18.0,6.0,19.0,34.0,77.0,0.23376623376623376,0.07792207792207792,0.24675324675324675,0.44155844155844154,1.7959711590295997,0.8979855795147998
part,word,2.0,2.0,2.0,6.0,12.0,0.16666666666666666,0.16666666666666666,0.16666666666666666,0.5,1.792481250360578,0.896240625180289
cas,lemma,1.0,1.0,1.0,3.0,6.0,0.16666666666666666,0.16666666666666666,0.16666666666666666,0.5,1.792481250360578,0.896240625180289
cas,word,1.0,1.0,1.0,3.0,6.0,0.16666666666666666,0.16666666666666666,0.16666666666666666,0.5,1.792481250360578,0.896240625180289
part,lemma,2.0,2.0,2.0,6.0,12.0,0.16666666666666666,0.16666666666666666,0.16666666666666666,0.5,1.792481250360578,0.896240625180289
nom,word,1.0,1.0,3.0,1.0,6.0,0.16666666666666666,0.16666666666666666,0.5,0.16666666666666666,1.7924812503605778,0.8962406251802889
fait,lemma,5.0,1.0,2.0,3.0,11.0,0.45454545454545453,0.09090909090909091,0.18181818181818182,0.2727272727272727,1.789929075309999,0.8949645376549995
-,punctuation,34.0,22.0,39.0,91.0,186.0,0.1827956989247312,0.11827956989247312,0.20967741935483872,0.489247311827957,1.7895823003217888,0.8947911501608944
qu,word,15.0,28.0,21.0,61.0,125.0,0.12,0.224,0.168,0.488,1.7880007628906414,0.8940003814453207
yeux,word,4.0,2.0,1.0,5.0,12.0,0.3333333333333333,0.16666666666666666,0.08333333333333333,0.4166666666666667,1.7841591278514217,0.8920795639257109
en,lemma,121.0,99.0,29.0,194.0,443.0,0.27313769751693,0.2234762979683973,0.0654627539503386,0.43792325056433407,1.7736610886879536,0.8868305443439768
dire,lemma,12.0,3.0,16.0,22.0,53.0,0.22641509433962265,0.05660377358490566,0.3018867924528302,0.41509433962264153,1.7678839805851259,0.8839419902925629
juifs,word,2.0,2.0,1.0,5.0,10.0,0.2,0.2,0.1,0.5,1.7609640474436812,0.8804820237218406
frère,word,2.0,2.0,1.0,5.0,10.0,0.2,0.2,0.1,0.5,1.7609640474436812,0.8804820237218406
frère,lemma,2.0,2.0,1.0,5.0,10.0,0.2,0.2,0.1,0.5,1.7609640474436812,0.8804820237218406
vraiment,lemma,1.0,8.0,8.0,9.0,26.0,0.038461538461538464,0.3076923076923077,0.3076923076923077,0.34615384615384615,1.7570041407187533,0.8785020703593767
vraiment,word,1.0,8.0,8.0,9.0,26.0,0.038461538461538464,0.3076923076923077,0.3076923076923077,0.34615384615384615,1.7570041407187533,0.8785020703593767
la,word,181.0,134.0,72.0,382.0,769.0,0.235370611183355,0.17425227568270482,0.09362808842652796,0.4967490247074122,1.7518066676797666,0.8759033338398833
décider,lemma,2.0,1.0,1.0,4.0,8.0,0.25,0.125,0.125,0.5,1.75,0.875
dire,word,6.0,3.0,3.0,12.0,24.0,0.25,0.125,0.125,0.5,1.75,0.875
filles,word,2.0,1.0,1.0,4.0,8.0,0.25,0.125,0.125,0.5,1.75,0.875
chien,word,1.0,1.0,4.0,2.0,8.0,0.125,0.125,0.5,0.25,1.75,0.875
«,punctuation,22.0,12.0,3.0,23.0,60.0,0.36666666666666664,0.2,0.05,0.38333333333333336,1.7414929604393654,0.8707464802196827
»,punctuation,22.0,12.0,3.0,23.0,60.0,0.36666666666666664,0.2,0.05,0.38333333333333336,1.7414929604393654,0.8707464802196827
petit,word,7.0,5.0,2.0,13.0,27.0,0.25925925925925924,0.18518518518518517,0.07407407407407407,0.48148148148148145,1.7413007886570155,0.8706503943285078
fait,word,20.0,19.0,6.0,42.0,87.0,0.22988505747126436,0.21839080459770116,0.06896551724137931,0.4827586206896552,1.7402275025819438,0.8701137512909719
faire,word,25.0,9.0,18.0,52.0,104.0,0.2403846153846154,0.08653846153846154,0.17307692307692307,0.5,1.7378700534617908,0.8689350267308954
te,lemma,8.0,3.0,20.0,10.0,41.0,0.1951219512195122,0.07317073170731707,0.4878048780487805,0.24390243902439024,1.7377293131843194,0.8688646565921597
grand,lemma,20.0,17.0,4.0,34.0,75.0,0.26666666666666666,0.22666666666666666,0.05333333333333334,0.4533333333333333,1.73682979980902,0.86841489990451
ai,word,20.0,5.0,8.0,27.0,60.0,0.3333333333333333,0.08333333333333333,0.13333333333333333,0.45,1.7330545134318902,0.8665272567159451
te,word,8.0,3.0,20.0,9.0,40.0,0.2,0.075,0.5,0.225,1.7288587345650743,0.8644293672825372
oeil,lemma,5.0,2.0,1.0,6.0,14.0,0.35714285714285715,0.14285714285714285,0.07142857142857142,0.42857142857142855,1.7273966735744792,0.8636983367872396
ou,lemma,18.0,10.0,8.0,38.0,74.0,0.24324324324324326,0.13513513513513514,0.10810810810810811,0.5135135135135135,1.727032061768254,0.863516030884127
ou,word,18.0,10.0,8.0,38.0,74.0,0.24324324324324326,0.13513513513513514,0.10810810810810811,0.5135135135135135,1.727032061768254,0.863516030884127
chien,lemma,1.0,1.0,4.0,4.0,10.0,0.1,0.1,0.4,0.4,1.721928094887362,0.860964047443681
arrêter,lemma,11.0,1.0,6.0,7.0,25.0,0.44,0.04,0.24,0.28,1.7152558992251075,0.8576279496125537
cette,word,19.0,9.0,5.0,31.0,64.0,0.296875,0.140625,0.078125,0.484375,1.7120363458618924,0.8560181729309462
en,word,121.0,99.0,17.0,191.0,428.0,0.2827102803738318,0.23130841121495327,0.0397196261682243,0.4462616822429907,1.7081386416483642,0.8540693208241821
pour,lemma,53.0,21.0,24.0,103.0,201.0,0.263681592039801,0.1044776119402985,0.11940298507462686,0.5124378109452736,1.7079317693511538,0.8539658846755769
pour,word,53.0,21.0,24.0,103.0,201.0,0.263681592039801,0.1044776119402985,0.11940298507462686,0.5124378109452736,1.7079317693511538,0.8539658846755769
trop,word,7.0,13.0,6.0,29.0,55.0,0.12727272727272726,0.23636363636363636,0.10909090909090909,0.5272727272727272,1.7059338107380422,0.8529669053690211
trop,lemma,7.0,13.0,6.0,29.0,55.0,0.12727272727272726,0.23636363636363636,0.10909090909090909,0.5272727272727272,1.7059338107380422,0.8529669053690211
mettre,word,8.0,1.0,3.0,4.0,16.0,0.5,0.0625,0.1875,0.25,1.7028195311147831,0.8514097655573916
gros,word,6.0,4.0,21.0,8.0,39.0,0.15384615384615385,0.10256410256410256,0.5384615384615384,0.20512820512820512,1.7021088628960712,0.8510544314480356
',punctuation,29.0,21.0,114.0,104.0,268.0,0.10820895522388059,0.07835820895522388,0.4253731343283582,0.3880597014925373,1.6895395373290125,0.8447697686645063
autre,word,7.0,1.0,2.0,5.0,15.0,0.4666666666666667,0.06666666666666667,0.13333333333333333,0.3333333333333333,1.6894822670191822,0.8447411335095911
air,word,5.0,1.0,1.0,3.0,10.0,0.5,0.1,0.1,0.3,1.6854752972273346,0.8427376486136673
ce,lemma,54.0,32.0,28.0,138.0,252.0,0.21428571428571427,0.12698412698412698,0.1111111111111111,0.5476190476190477,1.6822551696513943,0.8411275848256972
le,lemma,497.0,287.0,137.0,985.0,1906.0,0.2607555089192025,0.15057712486883526,0.07187827911857293,0.5167890870933893,1.6821358595203546,0.8410679297601773
gens,lemma,4.0,3.0,4.0,14.0,25.0,0.16,0.12,0.16,0.56,1.6815419333359276,0.8407709666679638
gens,word,4.0,3.0,4.0,14.0,25.0,0.16,0.12,0.16,0.56,1.6815419333359276,0.8407709666679638
suis,word,5.0,2.0,10.0,2.0,19.0,0.2631578947368421,0.10526315789473684,0.5263157894736842,0.10526315789473684,1.677984280637773,0.8389921403188865
avec,word,27.0,9.0,11.0,51.0,98.0,0.2755102040816326,0.09183673469387756,0.11224489795918367,0.5204081632653061,1.6732942541463203,0.8366471270731601
avec,lemma,27.0,9.0,11.0,51.0,98.0,0.2755102040816326,0.09183673469387756,0.11224489795918367,0.5204081632653061,1.6732942541463203,0.8366471270731601
nom,lemma,1.0,1.0,4.0,1.0,7.0,0.14285714285714285,0.14285714285714285,0.5714285714285714,0.14285714285714285,1.6644977792004614,0.8322488896002307
autre,lemma,22.0,10.0,3.0,30.0,65.0,0.3384615384615385,0.15384615384615385,0.046153846153846156,0.46153846153846156,1.664085014115944,0.832042507057972
ce,word,17.0,15.0,20.0,69.0,121.0,0.14049586776859505,0.12396694214876033,0.1652892561983471,0.5702479338842975,1.6625245872677807,0.8312622936338904
tête,word,4.0,3.0,1.0,9.0,17.0,0.23529411764705882,0.17647058823529413,0.058823529411764705,0.5294117647058824,1.6589797521242051,0.8294898760621026
là,lemma,2.0,1.0,7.0,7.0,17.0,0.11764705882352941,0.058823529411764705,0.4117647058823529,0.4117647058823529,1.6578764348499595,0.8289382174249798
quelqu,word,2.0,1.0,1.0,5.0,9.0,0.2222222222222222,0.1111111111111111,0.1111111111111111,0.5555555555555556,1.657742726504889,0.8288713632524445
jeunes,word,2.0,1.0,1.0,5.0,9.0,0.2222222222222222,0.1111111111111111,0.1111111111111111,0.5555555555555556,1.657742726504889,0.8288713632524445
du,word,42.0,49.0,13.0,119.0,223.0,0.18834080717488788,0.21973094170403587,0.05829596412556054,0.5336322869955157,1.65656293001971,0.828281465009855
aux,word,26.0,12.0,3.0,34.0,75.0,0.3466666666666667,0.16,0.04,0.4533333333333333,1.656023933362584,0.828011966681292
un,word,93.0,85.0,31.0,252.0,461.0,0.2017353579175705,0.1843817787418655,0.06724511930585683,0.5466377440347071,1.653840672861608,0.826920336430804
",",punctuation,83.0,42.0,76.0,261.0,462.0,0.17965367965367965,0.09090909090909091,0.1645021645021645,0.564935064935065,1.6531958797603108,0.8265979398801554
aller,lemma,22.0,3.0,22.0,45.0,92.0,0.2391304347826087,0.03260869565217391,0.2391304347826087,0.4891304347826087,1.65287425978484,0.82643712989242
de,word,342.0,210.0,87.0,727.0,1366.0,0.25036603221083453,0.15373352855051245,0.0636896046852123,0.5322108345534406,1.652814826387274,0.826407413193637
laisser,word,1.0,1.0,5.0,5.0,12.0,0.08333333333333333,0.08333333333333333,0.4166666666666667,0.4166666666666667,1.6500224216483543,0.8250112108241772
beaucoup,word,15.0,18.0,1.0,25.0,59.0,0.2542372881355932,0.3050847457627119,0.01694915254237288,0.423728813559322,1.6494495967439171,0.8247247983719586
beaucoup,lemma,15.0,18.0,1.0,25.0,59.0,0.2542372881355932,0.3050847457627119,0.01694915254237288,0.423728813559322,1.6494495967439171,0.8247247983719586
entre,word,4.0,5.0,1.0,11.0,21.0,0.19047619047619047,0.23809523809523808,0.047619047619047616,0.5238095238095238,1.6464417904241373,0.8232208952120686
aussi,word,4.0,9.0,3.0,19.0,35.0,0.11428571428571428,0.2571428571428571,0.08571428571428572,0.5428571428571428,1.643716294928612,0.821858147464306
aussi,lemma,4.0,9.0,3.0,19.0,35.0,0.11428571428571428,0.2571428571428571,0.08571428571428572,0.5428571428571428,1.643716294928612,0.821858147464306
non,word,3.0,1.0,10.0,8.0,22.0,0.13636363636363635,0.045454545454545456,0.45454545454545453,0.36363636363636365,1.642423961771975,0.8212119808859875
non,lemma,3.0,1.0,10.0,8.0,22.0,0.13636363636363635,0.045454545454545456,0.45454545454545453,0.36363636363636365,1.642423961771975,0.8212119808859875
de,lemma,472.0,285.0,111.0,994.0,1862.0,0.2534908700322234,0.15306122448979592,0.059613319011815255,0.5338345864661654,1.6422988662288192,0.8211494331144096
eu,word,4.0,2.0,3.0,12.0,21.0,0.19047619047619047,0.09523809523809523,0.14285714285714285,0.5714285714285714,1.6411537317874583,0.8205768658937291
les,word,200.0,76.0,39.0,316.0,631.0,0.31695721077654515,0.12044374009508717,0.061806656101426306,0.5007923930269413,1.6410538305827873,0.8205269152913937
enfants,word,3.0,2.0,3.0,11.0,19.0,0.15789473684210525,0.10526315789473684,0.15789473684210525,0.5789473684210527,1.6393210497942587,0.8196605248971294
tête,lemma,5.0,3.0,1.0,10.0,19.0,0.2631578947368421,0.15789473684210525,0.05263157894736842,0.5263157894736842,1.6382533594712747,0.8191266797356374
bien,word,5.0,6.0,27.0,30.0,68.0,0.07352941176470588,0.08823529411764706,0.39705882352941174,0.4411764705882353,1.6358731955822077,0.8179365977911038
enfant,lemma,3.0,4.0,3.0,14.0,24.0,0.125,0.16666666666666666,0.125,0.5833333333333334,1.634431504340598,0.817215752170299
laisser,lemma,2.0,1.0,8.0,7.0,18.0,0.1111111111111111,0.05555555555555555,0.4444444444444444,0.3888888888888889,1.6337314206421327,0.8168657103210664
bien,lemma,5.0,6.0,27.0,31.0,69.0,0.07246376811594203,0.08695652173913043,0.391304347826087,0.4492753623188406,1.6290829544713497,0.8145414772356748
vie,lemma,6.0,8.0,10.0,34.0,58.0,0.10344827586206896,0.13793103448275862,0.1724137931034483,0.5862068965517241,1.6217259510635704,0.8108629755317852
vie,word,6.0,8.0,10.0,34.0,58.0,0.10344827586206896,0.13793103448275862,0.1724137931034483,0.5862068965517241,1.6217259510635704,0.8108629755317852
le,word,116.0,77.0,30.0,287.0,510.0,0.22745098039215686,0.15098039215686274,0.058823529411764705,0.5627450980392157,1.6049350743245763,0.8024675371622881
et,lemma,75.0,26.0,39.0,188.0,328.0,0.22865853658536586,0.07926829268292683,0.11890243902439024,0.573170731707317,1.6021671719660016,0.8010835859830008
et,word,75.0,26.0,39.0,188.0,328.0,0.22865853658536586,0.07926829268292683,0.11890243902439024,0.573170731707317,1.6021671719660016,0.8010835859830008
où,word,4.0,3.0,3.0,15.0,25.0,0.16,0.12,0.12,0.6,1.5993308322365363,0.7996654161182681
où,lemma,4.0,3.0,3.0,15.0,25.0,0.16,0.12,0.12,0.6,1.5993308322365363,0.7996654161182681
être,lemma,190.0,76.0,156.0,595.0,1017.0,0.18682399213372664,0.07472959685349066,0.15339233038348082,0.5850540806293019,1.5991486163911182,0.7995743081955591
pays,word,41.0,16.0,2.0,38.0,97.0,0.422680412371134,0.16494845360824742,0.020618556701030927,0.3917525773195876,1.5990790514634403,0.7995395257317202
s,word,113.0,55.0,3.0,75.0,246.0,0.45934959349593496,0.22357723577235772,0.012195121951219513,0.3048780487804878,1.5987287480785608,0.7993643740392804
un,lemma,286.0,197.0,84.0,762.0,1329.0,0.21519939804364183,0.14823175319789314,0.06320541760722348,0.5733634311512416,1.5970875930874215,0.7985437965437108
fois,word,3.0,2.0,3.0,12.0,20.0,0.15,0.1,0.15,0.6,1.5954618442383217,0.7977309221191609
fois,lemma,3.0,2.0,3.0,12.0,20.0,0.15,0.1,0.15,0.6,1.5954618442383217,0.7977309221191609
au,lemma,25.0,8.0,11.0,58.0,102.0,0.24509803921568626,0.0784313725490196,0.10784313725490197,0.5686274509803921,1.5948464177874018,0.7974232088937009
au,word,25.0,8.0,11.0,58.0,102.0,0.24509803921568626,0.0784313725490196,0.10784313725490197,0.5686274509803921,1.5948464177874018,0.7974232088937009
avoir,lemma,318.0,122.0,80.0,640.0,1160.0,0.27413793103448275,0.10517241379310345,0.06896551724137931,0.5517241379310345,1.5929823975304536,0.7964911987652268
porter,lemma,9.0,2.0,1.0,4.0,16.0,0.5625,0.125,0.0625,0.25,1.5919171866886992,0.7959585933443496
afin,lemma,1.0,1.0,0.0,1.0,3.0,0.3333333333333333,0.3333333333333333,0.0,0.3333333333333333,1.584962500721156,0.792481250360578
utiliser,lemma,2.0,2.0,0.0,2.0,6.0,0.3333333333333333,0.3333333333333333,0.0,0.3333333333333333,1.584962500721156,0.792481250360578
gilets,word,1.0,0.0,1.0,1.0,3.0,0.3333333333333333,0.0,0.3333333333333333,0.3333333333333333,1.584962500721156,0.792481250360578
froid,lemma,1.0,1.0,0.0,1.0,3.0,0.3333333333333333,0.3333333333333333,0.0,0.3333333333333333,1.584962500721156,0.792481250360578
endroit,lemma,1.0,1.0,0.0,1.0,3.0,0.3333333333333333,0.3333333333333333,0.0,0.3333333333333333,1.584962500721156,0.792481250360578
dommage,word,0.0,1.0,1.0,1.0,3.0,0.0,0.3333333333333333,0.3333333333333333,0.3333333333333333,1.584962500721156,0.792481250360578
enfer,lemma,1.0,0.0,1.0,1.0,3.0,0.3333333333333333,0.0,0.3333333333333333,0.3333333333333333,1.584962500721156,0.792481250360578
ventre,word,1.0,1.0,1.0,0.0,3.0,0.3333333333333333,0.3333333333333333,0.3333333333333333,0.0,1.584962500721156,0.792481250360578
engager,lemma,2.0,2.0,0.0,2.0,6.0,0.3333333333333333,0.3333333333333333,0.0,0.3333333333333333,1.584962500721156,0.792481250360578
fasse,word,1.0,1.0,1.0,0.0,3.0,0.3333333333333333,0.3333333333333333,0.3333333333333333,0.0,1.584962500721156,0.792481250360578
endroit,word,1.0,1.0,0.0,1.0,3.0,0.3333333333333333,0.3333333333333333,0.0,0.3333333333333333,1.584962500721156,0.792481250360578
:,punctuation,3.0,0.0,3.0,3.0,9.0,0.3333333333333333,0.0,0.3333333333333333,0.3333333333333333,1.584962500721156,0.792481250360578
voie,lemma,1.0,1.0,0.0,1.0,3.0,0.3333333333333333,0.3333333333333333,0.0,0.3333333333333333,1.584962500721156,0.792481250360578
voter,lemma,2.0,2.0,0.0,2.0,6.0,0.3333333333333333,0.3333333333333333,0.0,0.3333333333333333,1.584962500721156,0.792481250360578
utilisation,lemma,1.0,1.0,0.0,1.0,3.0,0.3333333333333333,0.3333333333333333,0.0,0.3333333333333333,1.584962500721156,0.792481250360578
utilisation,word,1.0,1.0,0.0,1.0,3.0,0.3333333333333333,0.3333333333333333,0.0,0.3333333333333333,1.584962500721156,0.792481250360578
force,lemma,1.0,0.0,1.0,1.0,3.0,0.3333333333333333,0.0,0.3333333333333333,0.3333333333333333,1.584962500721156,0.792481250360578
film,word,0.0,1.0,1.0,1.0,3.0,0.0,0.3333333333333333,0.3333333333333333,0.3333333333333333,1.584962500721156,0.792481250360578
ventre,lemma,1.0,1.0,1.0,0.0,3.0,0.3333333333333333,0.3333333333333333,0.3333333333333333,0.0,1.584962500721156,0.792481250360578
afin,word,1.0,1.0,0.0,1.0,3.0,0.3333333333333333,0.3333333333333333,0.0,0.3333333333333333,1.584962500721156,0.792481250360578
iran,word,1.0,1.0,0.0,1.0,3.0,0.3333333333333333,0.3333333333333333,0.0,0.3333333333333333,1.584962500721156,0.792481250360578
jaunes,word,1.0,0.0,1.0,1.0,3.0,0.3333333333333333,0.0,0.3333333333333333,0.3333333333333333,1.584962500721156,0.792481250360578
sévèrement,word,1.0,0.0,1.0,1.0,3.0,0.3333333333333333,0.0,0.3333333333333333,0.3333333333333333,1.584962500721156,0.792481250360578
troupeau,lemma,0.0,1.0,1.0,1.0,3.0,0.0,0.3333333333333333,0.3333333333333333,0.3333333333333333,1.584962500721156,0.792481250360578
gronde,word,1.0,1.0,0.0,1.0,3.0,0.3333333333333333,0.3333333333333333,0.0,0.3333333333333333,1.584962500721156,0.792481250360578
système,word,1.0,1.0,0.0,1.0,3.0,0.3333333333333333,0.3333333333333333,0.0,0.3333333333333333,1.584962500721156,0.792481250360578
ouvert,word,1.0,0.0,1.0,1.0,3.0,0.3333333333333333,0.0,0.3333333333333333,0.3333333333333333,1.584962500721156,0.792481250360578
opposé,word,1.0,1.0,0.0,1.0,3.0,0.3333333333333333,0.3333333333333333,0.0,0.3333333333333333,1.584962500721156,0.792481250360578
noël,word,1.0,0.0,1.0,1.0,3.0,0.3333333333333333,0.0,0.3333333333333333,0.3333333333333333,1.584962500721156,0.792481250360578
noël,lemma,1.0,0.0,1.0,1.0,3.0,0.3333333333333333,0.0,0.3333333333333333,0.3333333333333333,1.584962500721156,0.792481250360578
animer,lemma,1.0,1.0,0.0,1.0,3.0,0.3333333333333333,0.3333333333333333,0.0,0.3333333333333333,1.584962500721156,0.792481250360578
libertés,word,1.0,1.0,0.0,1.0,3.0,0.3333333333333333,0.3333333333333333,0.0,0.3333333333333333,1.584962500721156,0.792481250360578
service,lemma,0.0,1.0,1.0,1.0,3.0,0.0,0.3333333333333333,0.3333333333333333,0.3333333333333333,1.584962500721156,0.792481250360578
service,word,0.0,1.0,1.0,1.0,3.0,0.0,0.3333333333333333,0.3333333333333333,0.3333333333333333,1.584962500721156,0.792481250360578
loups,word,1.0,1.0,0.0,1.0,3.0,0.3333333333333333,0.3333333333333333,0.0,0.3333333333333333,1.584962500721156,0.792481250360578
centrale,lemma,1.0,1.0,0.0,1.0,3.0,0.3333333333333333,0.3333333333333333,0.0,0.3333333333333333,1.584962500721156,0.792481250360578
sévèrement,lemma,1.0,0.0,1.0,1.0,3.0,0.3333333333333333,0.0,0.3333333333333333,0.3333333333333333,1.584962500721156,0.792481250360578
isoler,lemma,1.0,1.0,0.0,1.0,3.0,0.3333333333333333,0.3333333333333333,0.0,0.3333333333333333,1.584962500721156,0.792481250360578
indigner,lemma,1.0,0.0,1.0,1.0,3.0,0.3333333333333333,0.0,0.3333333333333333,0.3333333333333333,1.584962500721156,0.792481250360578
besoin,word,0.0,1.0,1.0,1.0,3.0,0.0,0.3333333333333333,0.3333333333333333,0.3333333333333333,1.584962500721156,0.792481250360578
billy,lemma,1.0,0.0,1.0,1.0,3.0,0.3333333333333333,0.0,0.3333333333333333,0.3333333333333333,1.584962500721156,0.792481250360578
sauter,lemma,1.0,0.0,1.0,1.0,3.0,0.3333333333333333,0.0,0.3333333333333333,0.3333333333333333,1.584962500721156,0.792481250360578
profiter,word,1.0,1.0,0.0,1.0,3.0,0.3333333333333333,0.3333333333333333,0.0,0.3333333333333333,1.584962500721156,0.792481250360578
profiter,lemma,1.0,1.0,0.0,1.0,3.0,0.3333333333333333,0.3333333333333333,0.0,0.3333333333333333,1.584962500721156,0.792481250360578
ressembler,lemma,1.0,0.0,1.0,1.0,3.0,0.3333333333333333,0.0,0.3333333333333333,0.3333333333333333,1.584962500721156,0.792481250360578
billy,word,1.0,0.0,1.0,1.0,3.0,0.3333333333333333,0.0,0.3333333333333333,0.3333333333333333,1.584962500721156,0.792481250360578
royal,lemma,1.0,1.0,0.0,1.0,3.0,0.3333333333333333,0.3333333333333333,0.0,0.3333333333333333,1.584962500721156,0.792481250360578
plaisanterie,lemma,1.0,1.0,0.0,1.0,3.0,0.3333333333333333,0.3333333333333333,0.0,0.3333333333333333,1.584962500721156,0.792481250360578
plaisanterie,word,1.0,1.0,0.0,1.0,3.0,0.3333333333333333,0.3333333333333333,0.0,0.3333333333333333,1.584962500721156,0.792481250360578
plaît,word,0.0,1.0,1.0,1.0,3.0,0.0,0.3333333333333333,0.3333333333333333,0.3333333333333333,1.584962500721156,0.792481250360578
présenter,lemma,1.0,1.0,0.0,1.0,3.0,0.3333333333333333,0.3333333333333333,0.0,0.3333333333333333,1.584962500721156,0.792481250360578
racont,lemma,1.0,0.0,1.0,1.0,3.0,0.3333333333333333,0.0,0.3333333333333333,0.3333333333333333,1.584962500721156,0.792481250360578
raconte,word,1.0,0.0,1.0,1.0,3.0,0.3333333333333333,0.0,0.3333333333333333,0.3333333333333333,1.584962500721156,0.792481250360578
"""",punctuation,2.0,2.0,2.0,0.0,6.0,0.3333333333333333,0.3333333333333333,0.3333333333333333,0.0,1.584962500721156,0.792481250360578
égard,lemma,1.0,1.0,0.0,1.0,3.0,0.3333333333333333,0.3333333333333333,0.0,0.3333333333333333,1.584962500721156,0.792481250360578
égard,word,1.0,1.0,0.0,1.0,3.0,0.3333333333333333,0.3333333333333333,0.0,0.3333333333333333,1.584962500721156,0.792481250360578
électrique,lemma,1.0,1.0,0.0,1.0,3.0,0.3333333333333333,0.3333333333333333,0.0,0.3333333333333333,1.584962500721156,0.792481250360578
électrique,word,1.0,1.0,0.0,1.0,3.0,0.3333333333333333,0.3333333333333333,0.0,0.3333333333333333,1.584962500721156,0.792481250360578
on,lemma,9.0,5.0,37.0,45.0,96.0,0.09375,0.052083333333333336,0.3854166666666667,0.46875,1.5847319866531966,0.7923659933265983
qui,word,33.0,19.0,20.0,109.0,181.0,0.18232044198895028,0.10497237569060773,0.11049723756906077,0.6022099447513812,1.580805655079397,0.7904028275396985
qui,lemma,33.0,19.0,20.0,109.0,181.0,0.18232044198895028,0.10497237569060773,0.11049723756906077,0.6022099447513812,1.580805655079397,0.7904028275396985
ces,word,16.0,5.0,3.0,27.0,51.0,0.3137254901960784,0.09803921568627451,0.058823529411764705,0.5294117647058824,1.5793569001084773,0.7896784500542386
avoir,word,40.0,16.0,7.0,75.0,138.0,0.2898550724637681,0.11594202898550725,0.050724637681159424,0.5434782608695652,1.5745388767992647,0.7872694383996324
des,word,221.0,71.0,39.0,374.0,705.0,0.31347517730496455,0.10070921985815603,0.05531914893617021,0.5304964539007092,1.5743479215500673,0.7871739607750337
noir,lemma,8.0,2.0,2.0,14.0,26.0,0.3076923076923077,0.07692307692307693,0.07692307692307693,0.5384615384615384,1.573402452417767,0.7867012262088835
choses,word,7.0,5.0,1.0,16.0,29.0,0.2413793103448276,0.1724137931034483,0.034482758620689655,0.5517241379310345,1.5731146182710192,0.7865573091355096
devoir,lemma,9.0,3.0,3.0,20.0,35.0,0.2571428571428571,0.08571428571428572,0.08571428571428572,0.5714285714285714,1.5727783908005382,0.7863891954002691
problème,lemma,4.0,2.0,2.0,12.0,20.0,0.2,0.1,0.1,0.6,1.570950594454669,0.7854752972273344
fortement,word,4.0,3.0,0.0,3.0,10.0,0.4,0.3,0.0,0.3,1.5709505944546684,0.7854752972273342
fortement,lemma,4.0,3.0,0.0,3.0,10.0,0.4,0.3,0.0,0.3,1.5709505944546684,0.7854752972273342
ministre,lemma,4.0,3.0,0.0,3.0,10.0,0.4,0.3,0.0,0.3,1.5709505944546684,0.7854752972273342
très,word,37.0,92.0,4.0,104.0,237.0,0.15611814345991562,0.3881856540084388,0.016877637130801686,0.4388185654008439,1.5690672777075845,0.7845336388537922
très,lemma,37.0,92.0,4.0,104.0,237.0,0.15611814345991562,0.3881856540084388,0.016877637130801686,0.4388185654008439,1.5690672777075845,0.7845336388537922
dit,word,5.0,0.0,7.0,7.0,19.0,0.2631578947368421,0.0,0.3684210526315789,0.3684210526315789,1.5683164932728872,0.7841582466364436
trouver,lemma,7.0,1.0,3.0,13.0,24.0,0.2916666666666667,0.041666666666666664,0.125,0.5416666666666666,1.5636254885377856,0.7818127442688928
point,lemma,3.0,0.0,3.0,2.0,8.0,0.375,0.0,0.375,0.25,1.561278124459133,0.7806390622295665
religion,lemma,2.0,0.0,3.0,3.0,8.0,0.25,0.0,0.375,0.375,1.561278124459133,0.7806390622295665
soient,word,2.0,3.0,0.0,3.0,8.0,0.25,0.375,0.0,0.375,1.561278124459133,0.7806390622295665
citoyen,lemma,3.0,3.0,0.0,2.0,8.0,0.375,0.375,0.0,0.25,1.561278124459133,0.7806390622295665
a,word,98.0,48.0,35.0,265.0,446.0,0.21973094170403587,0.10762331838565023,0.07847533632286996,0.594170403587444,1.5608673080921016,0.7804336540460508
peu,lemma,9.0,34.0,3.0,12.0,58.0,0.15517241379310345,0.5862068965517241,0.05172413793103448,0.20689655172413793,1.5600930791567151,0.7800465395783576
peu,word,9.0,34.0,3.0,12.0,58.0,0.15517241379310345,0.5862068965517241,0.05172413793103448,0.20689655172413793,1.5600930791567151,0.7800465395783576
luire,lemma,28.0,3.0,6.0,30.0,67.0,0.417910447761194,0.04477611940298507,0.08955223880597014,0.44776119402985076,1.5574725010195802,0.7787362505097901
religion,word,2.0,0.0,2.0,3.0,7.0,0.2857142857142857,0.0,0.2857142857142857,0.42857142857142855,1.5566567074628228,0.7783283537314114
citoyens,word,2.0,3.0,0.0,2.0,7.0,0.2857142857142857,0.42857142857142855,0.0,0.2857142857142857,1.5566567074628228,0.7783283537314114
trump,lemma,4.0,4.0,0.0,6.0,14.0,0.2857142857142857,0.2857142857142857,0.0,0.42857142857142855,1.5566567074628228,0.7783283537314114
trump,word,4.0,4.0,0.0,6.0,14.0,0.2857142857142857,0.2857142857142857,0.0,0.42857142857142855,1.5566567074628228,0.7783283537314114
s'est,word,3.0,0.0,2.0,2.0,7.0,0.42857142857142855,0.0,0.2857142857142857,0.2857142857142857,1.5566567074628228,0.7783283537314114
livre,word,2.0,0.0,2.0,3.0,7.0,0.2857142857142857,0.0,0.2857142857142857,0.42857142857142855,1.5566567074628228,0.7783283537314114
idée,lemma,1.0,2.0,3.0,9.0,15.0,0.06666666666666667,0.13333333333333333,0.2,0.6,1.5546097612655667,0.7773048806327834
pays,lemma,41.0,16.0,1.0,38.0,96.0,0.4270833333333333,0.16666666666666666,0.010416666666666666,0.3958333333333333,1.5528700246774303,0.7764350123387151
lui,word,28.0,3.0,6.0,31.0,68.0,0.4117647058823529,0.04411764705882353,0.08823529411764706,0.45588235294117646,1.5514233420430386,0.7757116710215193
eux,word,6.0,3.0,1.0,13.0,23.0,0.2608695652173913,0.13043478260869565,0.043478260869565216,0.5652173913043478,1.5509367889994214,0.7754683944997107
être,word,21.0,20.0,6.0,69.0,116.0,0.1810344827586207,0.1724137931034483,0.05172413793103448,0.5948275862068966,1.550436251178246,0.775218125589123
réduire,lemma,1.0,1.0,1.0,5.0,8.0,0.125,0.125,0.125,0.625,1.5487949406953985,0.7743974703476992
autres,word,15.0,7.0,1.0,24.0,47.0,0.3191489361702128,0.14893617021276595,0.02127659574468085,0.5106382978723404,1.5483347366597915,0.7741673683298957
m,word,2.0,1.0,2.0,8.0,13.0,0.15384615384615385,0.07692307692307693,0.15384615384615385,0.6153846153846154,1.5465935642949382,0.7732967821474691
aller,word,4.0,2.0,1.0,10.0,17.0,0.23529411764705882,0.11764705882352941,0.058823529411764705,0.5882352941176471,1.54515219719895,0.772576098599475
certain,lemma,4.0,2.0,1.0,10.0,17.0,0.23529411764705882,0.11764705882352941,0.058823529411764705,0.5882352941176471,1.54515219719895,0.772576098599475
cela,lemma,5.0,7.0,30.0,46.0,88.0,0.056818181818181816,0.07954545454545454,0.3409090909090909,0.5227272727272727,1.5440714734586813,0.7720357367293407
.,punctuation,16.0,2.0,24.0,50.0,92.0,0.17391304347826086,0.021739130434782608,0.2608695652173913,0.5434782608695652,1.5427803309913175,0.7713901654956588
ça,word,5.0,8.0,33.0,50.0,96.0,0.052083333333333336,0.08333333333333333,0.34375,0.5208333333333334,1.540509835075302,0.770254917537651
),punctuation,10.0,4.0,1.0,17.0,32.0,0.3125,0.125,0.03125,0.53125,1.5404328359334565,0.7702164179667282
notre,lemma,1.0,4.0,3.0,12.0,20.0,0.05,0.2,0.15,0.6,1.533206219346495,0.7666031096732475
air,lemma,8.0,1.0,1.0,6.0,16.0,0.5,0.0625,0.0625,0.375,1.5306390622295665,0.7653195311147832
europe,lemma,3.0,2.0,0.0,4.0,9.0,0.3333333333333333,0.2222222222222222,0.0,0.4444444444444444,1.5304930567574826,0.7652465283787413
europe,word,3.0,2.0,0.0,4.0,9.0,0.3333333333333333,0.2222222222222222,0.0,0.4444444444444444,1.5304930567574826,0.7652465283787413
vite,lemma,3.0,0.0,2.0,4.0,9.0,0.3333333333333333,0.0,0.2222222222222222,0.4444444444444444,1.5304930567574826,0.7652465283787413
obliger,lemma,2.0,3.0,0.0,4.0,9.0,0.2222222222222222,0.3333333333333333,0.0,0.4444444444444444,1.5304930567574826,0.7652465283787413
vont,word,4.0,0.0,2.0,3.0,9.0,0.4444444444444444,0.0,0.2222222222222222,0.3333333333333333,1.5304930567574826,0.7652465283787413
vite,word,3.0,0.0,2.0,4.0,9.0,0.3333333333333333,0.0,0.2222222222222222,0.4444444444444444,1.5304930567574826,0.7652465283787413
loup,lemma,3.0,2.0,0.0,4.0,9.0,0.3333333333333333,0.2222222222222222,0.0,0.4444444444444444,1.5304930567574826,0.7652465283787413
arrêter,word,3.0,0.0,4.0,2.0,9.0,0.3333333333333333,0.0,0.4444444444444444,0.2222222222222222,1.5304930567574824,0.7652465283787412
dans,lemma,69.0,18.0,11.0,115.0,213.0,0.323943661971831,0.08450704225352113,0.051643192488262914,0.539906103286385,1.5289258586893655,0.7644629293446827
dans,word,69.0,18.0,11.0,115.0,213.0,0.323943661971831,0.08450704225352113,0.051643192488262914,0.539906103286385,1.5289258586893655,0.7644629293446827
femmes,word,4.0,3.0,0.0,6.0,13.0,0.3076923076923077,0.23076923076923078,0.0,0.46153846153846156,1.5262349099495225,0.7631174549747612
question,lemma,1.0,0.0,2.0,2.0,5.0,0.2,0.0,0.4,0.4,1.5219280948873621,0.7609640474436811
vidéo,lemma,1.0,0.0,2.0,2.0,5.0,0.2,0.0,0.4,0.4,1.5219280948873621,0.7609640474436811
puissent,word,1.0,2.0,0.0,2.0,5.0,0.2,0.4,0.0,0.4,1.5219280948873621,0.7609640474436811
question,word,1.0,0.0,2.0,2.0,5.0,0.2,0.0,0.4,0.4,1.5219280948873621,0.7609640474436811
exister,lemma,1.0,2.0,0.0,2.0,5.0,0.2,0.4,0.0,0.4,1.5219280948873621,0.7609640474436811
rapporter,lemma,0.0,2.0,1.0,2.0,5.0,0.0,0.4,0.2,0.4,1.5219280948873621,0.7609640474436811
agir,word,2.0,1.0,0.0,2.0,5.0,0.4,0.2,0.0,0.4,1.5219280948873621,0.7609640474436811
sujet,word,2.0,1.0,0.0,2.0,5.0,0.4,0.2,0.0,0.4,1.5219280948873621,0.7609640474436811
célébré,word,2.0,1.0,0.0,2.0,5.0,0.4,0.2,0.0,0.4,1.5219280948873621,0.7609640474436811
d'être,word,1.0,0.0,2.0,2.0,5.0,0.2,0.0,0.4,0.4,1.5219280948873621,0.7609640474436811
obligés,word,1.0,2.0,0.0,2.0,5.0,0.2,0.4,0.0,0.4,1.5219280948873621,0.7609640474436811
jolie,lemma,0.0,2.0,1.0,2.0,5.0,0.0,0.4,0.2,0.4,1.5219280948873621,0.7609640474436811
féliciter,lemma,1.0,2.0,0.0,2.0,5.0,0.2,0.4,0.0,0.4,1.5219280948873621,0.7609640474436811
incroyable,word,0.0,2.0,1.0,2.0,5.0,0.0,0.4,0.2,0.4,1.5219280948873621,0.7609640474436811
pardon,lemma,0.0,1.0,2.0,2.0,5.0,0.0,0.2,0.4,0.4,1.5219280948873621,0.7609640474436811
insécurité,lemma,2.0,1.0,0.0,2.0,5.0,0.4,0.2,0.0,0.4,1.5219280948873621,0.7609640474436811
santé,word,3.0,6.0,0.0,6.0,15.0,0.2,0.4,0.0,0.4,1.5219280948873621,0.7609640474436811
dieu,lemma,1.0,2.0,2.0,0.0,5.0,0.2,0.4,0.4,0.0,1.5219280948873621,0.7609640474436811
dernier,lemma,4.0,2.0,0.0,4.0,10.0,0.4,0.2,0.0,0.4,1.5219280948873621,0.7609640474436811
là-bas,word,2.0,1.0,0.0,2.0,5.0,0.4,0.2,0.0,0.4,1.5219280948873621,0.7609640474436811
misère,word,2.0,2.0,0.0,1.0,5.0,0.4,0.4,0.0,0.2,1.5219280948873621,0.7609640474436811
montre,word,0.0,2.0,2.0,1.0,5.0,0.0,0.4,0.4,0.2,1.5219280948873621,0.7609640474436811
sujet,lemma,2.0,1.0,0.0,2.0,5.0,0.4,0.2,0.0,0.4,1.5219280948873621,0.7609640474436811
supprimer,lemma,2.0,0.0,1.0,2.0,5.0,0.4,0.0,0.2,0.4,1.5219280948873621,0.7609640474436811
pardon,word,0.0,1.0,2.0,2.0,5.0,0.0,0.2,0.4,0.4,1.5219280948873621,0.7609640474436811
santé,lemma,3.0,6.0,0.0,6.0,15.0,0.2,0.4,0.0,0.4,1.5219280948873621,0.7609640474436811
insécurité,word,2.0,1.0,0.0,2.0,5.0,0.4,0.2,0.0,0.4,1.5219280948873621,0.7609640474436811
insulter,word,4.0,4.0,2.0,0.0,10.0,0.4,0.4,0.2,0.0,1.5219280948873621,0.7609640474436811
plaire,lemma,0.0,2.0,1.0,2.0,5.0,0.0,0.4,0.2,0.4,1.5219280948873621,0.7609640474436811
résultats,word,2.0,1.0,0.0,2.0,5.0,0.4,0.2,0.0,0.4,1.5219280948873621,0.7609640474436811
climatique,lemma,2.0,2.0,0.0,1.0,5.0,0.4,0.4,0.0,0.2,1.5219280948873621,0.7609640474436811
dû,word,7.0,1.0,1.0,8.0,17.0,0.4117647058823529,0.058823529411764705,0.058823529411764705,0.47058823529411764,1.519728461579561,0.7598642307897805
taire,lemma,3.0,1.0,14.0,6.0,24.0,0.125,0.041666666666666664,0.5833333333333334,0.25,1.519644525083787,0.7598222625418934
encore,lemma,1.0,3.0,6.0,14.0,24.0,0.041666666666666664,0.125,0.25,0.5833333333333334,1.519644525083787,0.7598222625418934
encore,word,1.0,3.0,6.0,14.0,24.0,0.041666666666666664,0.125,0.25,0.5833333333333334,1.519644525083787,0.7598222625418934
mon,word,5.0,0.0,9.0,11.0,25.0,0.2,0.0,0.36,0.44,1.516147658077609,0.7580738290388045
voir,word,0.0,8.0,7.0,14.0,29.0,0.0,0.27586206896551724,0.2413793103448276,0.4827586206896552,1.5147239826031003,0.7573619913015501
y,lemma,8.0,4.0,12.0,39.0,63.0,0.12698412698412698,0.06349206349206349,0.19047619047619047,0.6190476190476191,1.514577756130368,0.757288878065184
tous,word,9.0,2.0,6.0,26.0,43.0,0.20930232558139536,0.046511627906976744,0.13953488372093023,0.6046511627906976,1.513461668911955,0.7567308344559776
y,word,8.0,4.0,10.0,37.0,59.0,0.13559322033898305,0.06779661016949153,0.1694915254237288,0.6271186440677966,1.5102861768678622,0.7551430884339311
va,word,9.0,0.0,7.0,15.0,31.0,0.2903225806451613,0.0,0.22580645161290322,0.4838709677419355,1.5095457167897197,0.7547728583948599
font,word,9.0,4.0,0.0,6.0,19.0,0.47368421052631576,0.21052631578947367,0.0,0.3157894736842105,1.5090275125326515,0.7545137562663258
personne,word,3.0,1.0,7.0,15.0,26.0,0.11538461538461539,0.038461538461538464,0.2692307692307692,0.5769230769230769,1.5077577608066892,0.7538788804033446
croire,lemma,0.0,3.0,5.0,7.0,15.0,0.0,0.2,0.3333333333333333,0.4666666666666667,1.5058231002082845,0.7529115501041422
super,word,0.0,5.0,3.0,7.0,15.0,0.0,0.3333333333333333,0.2,0.4666666666666667,1.5058231002082845,0.7529115501041422
super,lemma,0.0,5.0,3.0,7.0,15.0,0.0,0.3333333333333333,0.2,0.4666666666666667,1.5058231002082845,0.7529115501041422
venir,lemma,6.0,3.0,2.0,18.0,29.0,0.20689655172413793,0.10344827586206896,0.06896551724137931,0.6206896551724138,1.5020047009050883,0.7510023504525442
passer,lemma,3.0,2.0,5.0,17.0,27.0,0.1111111111111111,0.07407407407407407,0.18518518518518517,0.6296296296296297,1.5011320844650964,0.7505660422325482
polémique,lemma,1.0,1.0,0.0,2.0,4.0,0.25,0.25,0.0,0.5,1.5,0.75
poissons,word,1.0,1.0,0.0,2.0,4.0,0.25,0.25,0.0,0.5,1.5,0.75
poisson,lemma,1.0,1.0,0.0,2.0,4.0,0.25,0.25,0.0,0.5,1.5,0.75
environnement,word,2.0,2.0,0.0,4.0,8.0,0.25,0.25,0.0,0.5,1.5,0.75
proposer,lemma,2.0,1.0,0.0,1.0,4.0,0.5,0.25,0.0,0.25,1.5,0.75
environnement,lemma,2.0,2.0,0.0,4.0,8.0,0.25,0.25,0.0,0.5,1.5,0.75
viennent,word,2.0,1.0,0.0,1.0,4.0,0.5,0.25,0.0,0.25,1.5,0.75
existent,word,1.0,1.0,0.0,2.0,4.0,0.25,0.25,0.0,0.5,1.5,0.75
donald,word,3.0,3.0,0.0,6.0,12.0,0.25,0.25,0.0,0.5,1.5,0.75
donald,lemma,3.0,3.0,0.0,6.0,12.0,0.25,0.25,0.0,0.5,1.5,0.75
cœur,word,2.0,0.0,1.0,1.0,4.0,0.5,0.0,0.25,0.25,1.5,0.75
cœur,lemma,2.0,0.0,1.0,1.0,4.0,0.5,0.0,0.25,0.25,1.5,0.75
diriger,lemma,1.0,1.0,0.0,2.0,4.0,0.25,0.25,0.0,0.5,1.5,0.75
athlète,lemma,1.0,1.0,0.0,2.0,4.0,0.25,0.25,0.0,0.5,1.5,0.75
effet,lemma,1.0,1.0,0.0,2.0,4.0,0.25,0.25,0.0,0.5,1.5,0.75
employé,lemma,1.0,1.0,0.0,2.0,4.0,0.25,0.25,0.0,0.5,1.5,0.75
remette,word,1.0,1.0,0.0,2.0,4.0,0.25,0.25,0.0,0.5,1.5,0.75
athlètes,word,1.0,1.0,0.0,2.0,4.0,0.25,0.25,0.0,0.5,1.5,0.75
employés,word,1.0,1.0,0.0,2.0,4.0,0.25,0.25,0.0,0.5,1.5,0.75
cours,lemma,1.0,2.0,0.0,1.0,4.0,0.25,0.5,0.0,0.25,1.5,0.75
cours,word,1.0,2.0,0.0,1.0,4.0,0.25,0.5,0.0,0.25,1.5,0.75
ennui,lemma,1.0,2.0,0.0,1.0,4.0,0.25,0.5,0.0,0.25,1.5,0.75
ennuis,word,1.0,2.0,0.0,1.0,4.0,0.25,0.5,0.0,0.25,1.5,0.75
entraîne,word,1.0,1.0,0.0,2.0,4.0,0.25,0.25,0.0,0.5,1.5,0.75
finisse,word,0.0,1.0,1.0,2.0,4.0,0.0,0.25,0.25,0.5,1.5,0.75
vais,word,4.0,0.0,2.0,2.0,8.0,0.5,0.0,0.25,0.25,1.5,0.75
faisant,word,2.0,2.0,0.0,4.0,8.0,0.25,0.25,0.0,0.5,1.5,0.75
vague,lemma,1.0,1.0,0.0,2.0,4.0,0.25,0.25,0.0,0.5,1.5,0.75
polémique,word,1.0,1.0,0.0,2.0,4.0,0.25,0.25,0.0,0.5,1.5,0.75
poste,word,1.0,0.0,1.0,2.0,4.0,0.25,0.0,0.25,0.5,1.5,0.75
pourrait,word,0.0,2.0,2.0,4.0,8.0,0.0,0.25,0.25,0.5,1.5,0.75
continue,word,1.0,0.0,1.0,2.0,4.0,0.25,0.0,0.25,0.5,1.5,0.75
iran,lemma,1.0,1.0,0.0,2.0,4.0,0.25,0.25,0.0,0.5,1.5,0.75
hôtel,lemma,1.0,1.0,0.0,2.0,4.0,0.25,0.25,0.0,0.5,1.5,0.75
homosexualité,word,2.0,2.0,0.0,4.0,8.0,0.25,0.25,0.0,0.5,1.5,0.75
humanitaire,word,0.0,1.0,1.0,2.0,4.0,0.0,0.25,0.25,0.5,1.5,0.75
salles,word,1.0,2.0,0.0,1.0,4.0,0.25,0.5,0.0,0.25,1.5,0.75
chine,lemma,3.0,3.0,0.0,6.0,12.0,0.25,0.25,0.0,0.5,1.5,0.75
chine,word,3.0,3.0,0.0,6.0,12.0,0.25,0.25,0.0,0.5,1.5,0.75
chocolat,lemma,1.0,0.0,1.0,2.0,4.0,0.25,0.0,0.25,0.5,1.5,0.75
besoin,lemma,0.0,2.0,1.0,1.0,4.0,0.0,0.5,0.25,0.25,1.5,0.75
payer,word,1.0,0.0,1.0,2.0,4.0,0.25,0.0,0.25,0.5,1.5,0.75
comporter,lemma,1.0,0.0,2.0,1.0,4.0,0.25,0.0,0.5,0.25,1.5,0.75
retenir,lemma,2.0,1.0,0.0,1.0,4.0,0.5,0.25,0.0,0.25,1.5,0.75
ue,word,1.0,1.0,0.0,2.0,4.0,0.25,0.25,0.0,0.5,1.5,0.75
ue,lemma,1.0,1.0,0.0,2.0,4.0,0.25,0.25,0.0,0.5,1.5,0.75
truc,lemma,0.0,1.0,2.0,1.0,4.0,0.0,0.25,0.5,0.25,1.5,0.75
payer,lemma,6.0,0.0,3.0,3.0,12.0,0.5,0.0,0.25,0.25,1.5,0.75
gilet,lemma,2.0,0.0,1.0,1.0,4.0,0.5,0.0,0.25,0.25,1.5,0.75
genre,word,0.0,1.0,1.0,2.0,4.0,0.0,0.25,0.25,0.5,1.5,0.75
homophobes,word,1.0,2.0,0.0,1.0,4.0,0.25,0.5,0.0,0.25,1.5,0.75
genre,lemma,0.0,1.0,1.0,2.0,4.0,0.0,0.25,0.25,0.5,1.5,0.75
homosexualité,lemma,2.0,2.0,0.0,4.0,8.0,0.25,0.25,0.0,0.5,1.5,0.75
parvenir,lemma,2.0,1.0,0.0,1.0,4.0,0.5,0.25,0.0,0.25,1.5,0.75
impatient,lemma,1.0,2.0,0.0,1.0,4.0,0.25,0.5,0.0,0.25,1.5,0.75
informatique,lemma,1.0,0.0,1.0,2.0,4.0,0.25,0.0,0.25,0.5,1.5,0.75
rôle,word,1.0,0.0,1.0,2.0,4.0,0.25,0.0,0.25,0.5,1.5,0.75
rôle,lemma,1.0,0.0,1.0,2.0,4.0,0.25,0.0,0.25,0.5,1.5,0.75
parce,lemma,0.0,2.0,1.0,1.0,4.0,0.0,0.5,0.25,0.25,1.5,0.75
parce,word,0.0,2.0,1.0,1.0,4.0,0.0,0.5,0.25,0.25,1.5,0.75
jaune,lemma,2.0,0.0,1.0,1.0,4.0,0.5,0.0,0.25,0.25,1.5,0.75
montre,lemma,0.0,1.0,2.0,1.0,4.0,0.0,0.25,0.5,0.25,1.5,0.75
liberté,lemma,2.0,2.0,0.0,4.0,8.0,0.25,0.25,0.0,0.5,1.5,0.75
monstre,lemma,1.0,0.0,2.0,1.0,4.0,0.25,0.0,0.5,0.25,1.5,0.75
totalement,lemma,1.0,1.0,0.0,2.0,4.0,0.25,0.25,0.0,0.5,1.5,0.75
totalement,word,1.0,1.0,0.0,2.0,4.0,0.25,0.25,0.0,0.5,1.5,0.75
chocolat,word,1.0,0.0,1.0,2.0,4.0,0.25,0.0,0.25,0.5,1.5,0.75
amusant,word,2.0,4.0,2.0,0.0,8.0,0.25,0.5,0.25,0.0,1.5,0.75
lequel,lemma,1.0,0.0,1.0,2.0,4.0,0.25,0.0,0.25,0.5,1.5,0.75
ministres,word,1.0,1.0,0.0,2.0,4.0,0.25,0.25,0.0,0.5,1.5,0.75
système,lemma,1.0,1.0,0.0,2.0,4.0,0.25,0.25,0.0,0.5,1.5,0.75
chambre,word,1.0,1.0,0.0,2.0,4.0,0.25,0.25,0.0,0.5,1.5,0.75
loin,lemma,1.0,0.0,1.0,2.0,4.0,0.25,0.0,0.25,0.5,1.5,0.75
lieu,word,1.0,0.0,1.0,2.0,4.0,0.25,0.0,0.25,0.5,1.5,0.75
message,lemma,1.0,0.0,1.0,2.0,4.0,0.25,0.0,0.25,0.5,1.5,0.75
loin,word,1.0,0.0,1.0,2.0,4.0,0.25,0.0,0.25,0.5,1.5,0.75
seraient,word,1.0,0.0,1.0,2.0,4.0,0.25,0.0,0.25,0.5,1.5,0.75
sort,lemma,1.0,0.0,1.0,2.0,4.0,0.25,0.0,0.25,0.5,1.5,0.75
sort,word,1.0,0.0,1.0,2.0,4.0,0.25,0.0,0.25,0.5,1.5,0.75
sortir,word,0.0,1.0,1.0,2.0,4.0,0.0,0.25,0.25,0.5,1.5,0.75
île,lemma,1.0,1.0,0.0,2.0,4.0,0.25,0.25,0.0,0.5,1.5,0.75
mains,word,2.0,0.0,1.0,1.0,4.0,0.5,0.0,0.25,0.25,1.5,0.75
derrière,lemma,1.0,1.0,0.0,2.0,4.0,0.25,0.25,0.0,0.5,1.5,0.75
derrière,word,1.0,1.0,0.0,2.0,4.0,0.25,0.25,0.0,0.5,1.5,0.75
devoir,word,1.0,1.0,0.0,2.0,4.0,0.25,0.25,0.0,0.5,1.5,0.75
dieu,word,1.0,1.0,2.0,0.0,4.0,0.25,0.25,0.5,0.0,1.5,0.75
célébré,lemma,1.0,1.0,0.0,2.0,4.0,0.25,0.25,0.0,0.5,1.5,0.75
élevé,lemma,1.0,1.0,0.0,2.0,4.0,0.25,0.25,0.0,0.5,1.5,0.75
grande,word,8.0,9.0,0.0,17.0,34.0,0.23529411764705882,0.2647058823529412,0.0,0.5,1.4987512731845576,0.7493756365922788
à,lemma,149.0,46.0,26.0,301.0,522.0,0.28544061302681994,0.08812260536398467,0.04980842911877394,0.5766283524904214,1.4986513703173494,0.7493256851586747
véritable,word,0.0,5.0,2.0,4.0,11.0,0.0,0.45454545454545453,0.18181818181818182,0.36363636363636365,1.4949188482339508,0.7474594241169754
peine,lemma,0.0,4.0,2.0,5.0,11.0,0.0,0.36363636363636365,0.18181818181818182,0.45454545454545453,1.4949188482339508,0.7474594241169754
demander,lemma,4.0,0.0,2.0,5.0,11.0,0.36363636363636365,0.0,0.18181818181818182,0.45454545454545453,1.4949188482339508,0.7474594241169754
toujours,lemma,2.0,3.0,4.0,16.0,25.0,0.08,0.12,0.16,0.64,1.4936606896881859,0.7468303448440929
toujours,word,2.0,3.0,4.0,16.0,25.0,0.08,0.12,0.16,0.64,1.4936606896881859,0.7468303448440929
j,word,1.0,1.0,9.0,7.0,18.0,0.05555555555555555,0.05555555555555555,0.5,0.3888888888888889,1.4932133643654213,0.7466066821827106
on,word,9.0,2.0,31.0,44.0,86.0,0.10465116279069768,0.023255813953488372,0.36046511627906974,0.5116279069767442,1.492260081969365,0.7461300409846825
gros,lemma,6.0,5.0,36.0,9.0,56.0,0.10714285714285714,0.08928571428571429,0.6428571428571429,0.16071428571428573,1.4901041980635363,0.7450520990317682
déjà,lemma,2.0,2.0,18.0,15.0,37.0,0.05405405405405406,0.05405405405405406,0.4864864864864865,0.40540540540540543,1.4888585288697769,0.7444292644348884
déjà,word,2.0,2.0,18.0,15.0,37.0,0.05405405405405406,0.05405405405405406,0.4864864864864865,0.40540540540540543,1.4888585288697769,0.7444292644348884
venir,word,3.0,2.0,0.0,5.0,10.0,0.3,0.2,0.0,0.5,1.4854752972273344,0.7427376486136672
livre,lemma,2.0,0.0,3.0,5.0,10.0,0.2,0.0,0.3,0.5,1.4854752972273344,0.7427376486136672
militaire,lemma,3.0,2.0,0.0,5.0,10.0,0.3,0.2,0.0,0.5,1.4854752972273344,0.7427376486136672
peine,word,0.0,3.0,2.0,5.0,10.0,0.0,0.3,0.2,0.5,1.4854752972273344,0.7427376486136672
militaires,word,3.0,2.0,0.0,5.0,10.0,0.3,0.2,0.0,0.5,1.4854752972273344,0.7427376486136672
violence,word,2.0,1.0,2.0,9.0,14.0,0.14285714285714285,0.07142857142857142,0.14285714285714285,0.6428571428571429,1.483831706844689,0.7419158534223445
loi,lemma,10.0,4.0,0.0,10.0,24.0,0.4166666666666667,0.16666666666666666,0.0,0.4166666666666667,1.4833557549816874,0.7416778774908437
toute,word,2.0,2.0,3.0,13.0,20.0,0.1,0.1,0.15,0.65,1.478897902987479,0.7394489514937395
président,lemma,20.0,8.0,0.0,11.0,39.0,0.5128205128205128,0.20512820512820512,0.0,0.28205128205128205,1.4779070982787224,0.7389535491393612
loi,word,8.0,3.0,0.0,5.0,16.0,0.5,0.1875,0.0,0.3125,1.4772170014624826,0.7386085007312413
entrer,lemma,8.0,5.0,1.0,21.0,35.0,0.22857142857142856,0.14285714285714285,0.02857142857142857,0.6,1.476474264008087,0.7382371320040435
plus,lemma,35.0,52.0,11.0,162.0,260.0,0.1346153846153846,0.2,0.04230769230769231,0.6230769230769231,1.4721477391487232,0.7360738695743616
plus,word,35.0,52.0,11.0,162.0,260.0,0.1346153846153846,0.2,0.04230769230769231,0.6230769230769231,1.4721477391487232,0.7360738695743616
homme,word,4.0,1.0,1.0,9.0,15.0,0.26666666666666666,0.06666666666666667,0.06666666666666667,0.6,1.471602261409798,0.735801130704899
est,word,55.0,12.0,66.0,217.0,350.0,0.15714285714285714,0.03428571428571429,0.18857142857142858,0.62,1.4678369302019856,0.7339184651009928
à,word,123.0,34.0,23.0,266.0,446.0,0.2757847533632287,0.07623318385650224,0.0515695067264574,0.5964125560538116,1.4608773133914577,0.7304386566957288
tendre,lemma,2.0,5.0,0.0,6.0,13.0,0.15384615384615385,0.38461538461538464,0.0,0.46153846153846156,1.4604846813131116,0.7302423406565558
homme,lemma,6.0,3.0,1.0,16.0,26.0,0.23076923076923078,0.11538461538461539,0.038461538461538464,0.6153846153846154,1.4594911601991536,0.7297455800995768
loup,word,2.0,1.0,0.0,3.0,6.0,0.3333333333333333,0.16666666666666666,0.0,0.5,1.4591479170272448,0.7295739585136224
vieux,lemma,2.0,0.0,1.0,3.0,6.0,0.3333333333333333,0.0,0.16666666666666666,0.5,1.4591479170272448,0.7295739585136224
quotidien,lemma,2.0,1.0,0.0,3.0,6.0,0.3333333333333333,0.16666666666666666,0.0,0.5,1.4591479170272448,0.7295739585136224
sortir,lemma,0.0,1.0,2.0,3.0,6.0,0.0,0.16666666666666666,0.3333333333333333,0.5,1.4591479170272448,0.7295739585136224
religieux,lemma,2.0,0.0,1.0,3.0,6.0,0.3333333333333333,0.0,0.16666666666666666,0.5,1.4591479170272448,0.7295739585136224
provoquer,lemma,1.0,2.0,0.0,3.0,6.0,0.16666666666666666,0.3333333333333333,0.0,0.5,1.4591479170272448,0.7295739585136224
droits,word,2.0,1.0,0.0,3.0,6.0,0.3333333333333333,0.16666666666666666,0.0,0.5,1.4591479170272448,0.7295739585136224
embête,lemma,2.0,3.0,0.0,1.0,6.0,0.3333333333333333,0.5,0.0,0.16666666666666666,1.4591479170272448,0.7295739585136224
senti,word,2.0,3.0,0.0,1.0,6.0,0.3333333333333333,0.5,0.0,0.16666666666666666,1.4591479170272448,0.7295739585136224
salle,lemma,3.0,2.0,0.0,1.0,6.0,0.5,0.3333333333333333,0.0,0.16666666666666666,1.4591479170272448,0.7295739585136224
gronder,lemma,2.0,1.0,0.0,3.0,6.0,0.3333333333333333,0.16666666666666666,0.0,0.5,1.4591479170272448,0.7295739585136224
vaccin,lemma,2.0,1.0,0.0,3.0,6.0,0.3333333333333333,0.16666666666666666,0.0,0.5,1.4591479170272448,0.7295739585136224
agression,word,1.0,2.0,0.0,3.0,6.0,0.16666666666666666,0.3333333333333333,0.0,0.5,1.4591479170272448,0.7295739585136224
fous,word,1.0,0.0,2.0,3.0,6.0,0.16666666666666666,0.0,0.3333333333333333,0.5,1.4591479170272448,0.7295739585136224
photos,word,2.0,0.0,3.0,1.0,6.0,0.3333333333333333,0.0,0.5,0.16666666666666666,1.4591479170272448,0.7295739585136224
peuple,word,2.0,1.0,0.0,3.0,6.0,0.3333333333333333,0.16666666666666666,0.0,0.5,1.4591479170272448,0.7295739585136224
répondre,lemma,2.0,1.0,0.0,3.0,6.0,0.3333333333333333,0.16666666666666666,0.0,0.5,1.4591479170272448,0.7295739585136224
laisse,word,0.0,1.0,2.0,3.0,6.0,0.0,0.16666666666666666,0.3333333333333333,0.5,1.4591479170272448,0.7295739585136224
village,word,2.0,1.0,0.0,3.0,6.0,0.3333333333333333,0.16666666666666666,0.0,0.5,1.4591479170272448,0.7295739585136224
familles,word,2.0,0.0,1.0,3.0,6.0,0.3333333333333333,0.0,0.16666666666666666,0.5,1.4591479170272448,0.7295739585136224
lui-même,word,2.0,1.0,0.0,3.0,6.0,0.3333333333333333,0.16666666666666666,0.0,0.5,1.4591479170272448,0.7295739585136224
mot,word,2.0,0.0,1.0,3.0,6.0,0.3333333333333333,0.0,0.16666666666666666,0.5,1.4591479170272448,0.7295739585136224
préoccuper,lemma,2.0,1.0,0.0,3.0,6.0,0.3333333333333333,0.16666666666666666,0.0,0.5,1.4591479170272448,0.7295739585136224
servir,lemma,0.0,1.0,2.0,3.0,6.0,0.0,0.16666666666666666,0.3333333333333333,0.5,1.4591479170272448,0.7295739585136224
régime,lemma,2.0,0.0,1.0,3.0,6.0,0.3333333333333333,0.0,0.16666666666666666,0.5,1.4591479170272448,0.7295739585136224
ministre,word,3.0,2.0,0.0,1.0,6.0,0.5,0.3333333333333333,0.0,0.16666666666666666,1.4591479170272448,0.7295739585136224
certaines,word,2.0,1.0,0.0,3.0,6.0,0.3333333333333333,0.16666666666666666,0.0,0.5,1.4591479170272448,0.7295739585136224
régime,word,2.0,0.0,1.0,3.0,6.0,0.3333333333333333,0.0,0.16666666666666666,0.5,1.4591479170272448,0.7295739585136224
zone,lemma,3.0,1.0,0.0,2.0,6.0,0.5,0.16666666666666666,0.0,0.3333333333333333,1.4591479170272446,0.7295739585136223
différent,lemma,3.0,1.0,0.0,2.0,6.0,0.5,0.16666666666666666,0.0,0.3333333333333333,1.4591479170272446,0.7295739585136223
lieu,lemma,3.0,0.0,1.0,2.0,6.0,0.5,0.0,0.16666666666666666,0.3333333333333333,1.4591479170272446,0.7295739585136223
coupable,lemma,1.0,3.0,0.0,2.0,6.0,0.16666666666666666,0.5,0.0,0.3333333333333333,1.4591479170272446,0.7295739585136223
voiture,word,3.0,0.0,1.0,2.0,6.0,0.5,0.0,0.16666666666666666,0.3333333333333333,1.4591479170272446,0.7295739585136223
plutôt,lemma,1.0,3.0,0.0,2.0,6.0,0.16666666666666666,0.5,0.0,0.3333333333333333,1.4591479170272446,0.7295739585136223
noirs,word,3.0,1.0,0.0,2.0,6.0,0.5,0.16666666666666666,0.0,0.3333333333333333,1.4591479170272446,0.7295739585136223
résultat,lemma,3.0,1.0,0.0,2.0,6.0,0.5,0.16666666666666666,0.0,0.3333333333333333,1.4591479170272446,0.7295739585136223
plutôt,word,1.0,3.0,0.0,2.0,6.0,0.16666666666666666,0.5,0.0,0.3333333333333333,1.4591479170272446,0.7295739585136223
faute,lemma,0.0,3.0,1.0,2.0,6.0,0.0,0.5,0.16666666666666666,0.3333333333333333,1.4591479170272446,0.7295739585136223
ancien,word,3.0,1.0,0.0,2.0,6.0,0.5,0.16666666666666666,0.0,0.3333333333333333,1.4591479170272446,0.7295739585136223
compte,word,3.0,0.0,1.0,2.0,6.0,0.5,0.0,0.16666666666666666,0.3333333333333333,1.4591479170272446,0.7295739585136223
compte,lemma,3.0,0.0,1.0,2.0,6.0,0.5,0.0,0.16666666666666666,0.3333333333333333,1.4591479170272446,0.7295739585136223
américaine,word,3.0,1.0,0.0,2.0,6.0,0.5,0.16666666666666666,0.0,0.3333333333333333,1.4591479170272446,0.7295739585136223
petit,lemma,8.0,6.0,2.0,28.0,44.0,0.18181818181818182,0.13636363636363635,0.045454545454545456,0.6363636363636364,1.4568017817750278,0.7284008908875139
leur,word,51.0,12.0,2.0,61.0,126.0,0.40476190476190477,0.09523809523809523,0.015873015873015872,0.48412698412698413,1.452770240638518,0.726385120319259
droit,lemma,5.0,1.0,1.0,10.0,17.0,0.29411764705882354,0.058823529411764705,0.058823529411764705,0.5882352941176471,1.450467463408549,0.7252337317042745
ne,word,31.0,27.0,22.0,158.0,238.0,0.13025210084033614,0.1134453781512605,0.09243697478991597,0.6638655462184874,1.449158511196979,0.7245792555984895
ne,lemma,31.0,27.0,22.0,158.0,238.0,0.13025210084033614,0.1134453781512605,0.09243697478991597,0.6638655462184874,1.449158511196979,0.7245792555984895
mère,lemma,1.0,0.0,3.0,3.0,7.0,0.14285714285714285,0.0,0.42857142857142855,0.42857142857142855,1.4488156357251847,0.7244078178625923
regarde,word,3.0,0.0,3.0,1.0,7.0,0.42857142857142855,0.0,0.42857142857142855,0.14285714285714285,1.4488156357251847,0.7244078178625923
comment,word,0.0,1.0,3.0,3.0,7.0,0.0,0.14285714285714285,0.42857142857142855,0.42857142857142855,1.4488156357251847,0.7244078178625923
lutter,lemma,3.0,1.0,0.0,3.0,7.0,0.42857142857142855,0.14285714285714285,0.0,0.42857142857142855,1.4488156357251847,0.7244078178625923
feu,lemma,3.0,1.0,0.0,3.0,7.0,0.42857142857142855,0.14285714285714285,0.0,0.42857142857142855,1.4488156357251847,0.7244078178625923
persécution,lemma,1.0,3.0,0.0,3.0,7.0,0.14285714285714285,0.42857142857142855,0.0,0.42857142857142855,1.4488156357251847,0.7244078178625923
feu,word,3.0,1.0,0.0,3.0,7.0,0.42857142857142855,0.14285714285714285,0.0,0.42857142857142855,1.4488156357251847,0.7244078178625923
particulièrement,lemma,1.0,3.0,0.0,3.0,7.0,0.14285714285714285,0.42857142857142855,0.0,0.42857142857142855,1.4488156357251847,0.7244078178625923
demander,word,3.0,0.0,1.0,3.0,7.0,0.42857142857142855,0.0,0.14285714285714285,0.42857142857142855,1.4488156357251847,0.7244078178625923
particulièrement,word,1.0,3.0,0.0,3.0,7.0,0.14285714285714285,0.42857142857142855,0.0,0.42857142857142855,1.4488156357251847,0.7244078178625923
persécutions,word,1.0,3.0,0.0,3.0,7.0,0.14285714285714285,0.42857142857142855,0.0,0.42857142857142855,1.4488156357251847,0.7244078178625923
territoire,word,3.0,1.0,0.0,3.0,7.0,0.42857142857142855,0.14285714285714285,0.0,0.42857142857142855,1.4488156357251847,0.7244078178625923
laisse,lemma,0.0,1.0,3.0,3.0,7.0,0.0,0.14285714285714285,0.42857142857142855,0.42857142857142855,1.4488156357251847,0.7244078178625923
comment,lemma,0.0,1.0,3.0,3.0,7.0,0.0,0.14285714285714285,0.42857142857142855,0.42857142857142855,1.4488156357251847,0.7244078178625923
je,word,6.0,1.0,27.0,11.0,45.0,0.13333333333333333,0.022222222222222223,0.6,0.24444444444444444,1.4486200881574336,0.7243100440787168
je,lemma,6.0,1.0,27.0,11.0,45.0,0.13333333333333333,0.022222222222222223,0.6,0.24444444444444444,1.4486200881574336,0.7243100440787168
assez,lemma,3.0,19.0,1.0,17.0,40.0,0.075,0.475,0.025,0.425,1.4481186309161784,0.7240593154580892
assez,word,3.0,19.0,1.0,17.0,40.0,0.075,0.475,0.025,0.425,1.4481186309161784,0.7240593154580892
pouvoir,lemma,14.0,12.0,9.0,69.0,104.0,0.1346153846153846,0.11538461538461539,0.08653846153846154,0.6634615384615384,1.44717018498595,0.723585092492975
d,word,114.0,56.0,7.0,247.0,424.0,0.2688679245283019,0.1320754716981132,0.01650943396226415,0.5825471698113207,1.4471196812004044,0.7235598406002022
mal,lemma,5.0,32.0,2.0,33.0,72.0,0.06944444444444445,0.4444444444444444,0.027777777777777776,0.4583333333333333,1.4466660234802877,0.7233330117401439
mal,word,5.0,32.0,2.0,33.0,72.0,0.06944444444444445,0.4444444444444444,0.027777777777777776,0.4583333333333333,1.4466660234802877,0.7233330117401439
travail,word,10.0,4.0,1.0,22.0,37.0,0.2702702702702703,0.10810810810810811,0.02702702702702703,0.5945945945945946,1.4438648099831615,0.7219324049915807
avaient,word,6.0,7.0,0.0,16.0,29.0,0.20689655172413793,0.2413793103448276,0.0,0.5517241379310345,1.4386272206886008,0.7193136103443004
bon,lemma,1.0,6.0,14.0,30.0,51.0,0.0196078431372549,0.11764705882352941,0.27450980392156865,0.5882352941176471,1.4367496207677908,0.7183748103838954
moins,word,5.0,16.0,0.0,16.0,37.0,0.13513513513513514,0.43243243243243246,0.0,0.43243243243243246,1.4362198392928196,0.7181099196464098
moins,lemma,5.0,16.0,0.0,16.0,37.0,0.13513513513513514,0.43243243243243246,0.0,0.43243243243243246,1.4362198392928196,0.7181099196464098
pas,word,34.0,22.0,94.0,256.0,406.0,0.08374384236453201,0.054187192118226604,0.2315270935960591,0.6305418719211823,1.435748271199388,0.717874135599694
pas,lemma,34.0,22.0,94.0,256.0,406.0,0.08374384236453201,0.054187192118226604,0.2315270935960591,0.6305418719211823,1.435748271199388,0.717874135599694
peuple,lemma,2.0,2.0,0.0,5.0,9.0,0.2222222222222222,0.2222222222222222,0.0,0.5555555555555556,1.4355205042826666,0.7177602521413333
jusqu,word,2.0,0.0,5.0,2.0,9.0,0.2222222222222222,0.0,0.5555555555555556,0.2222222222222222,1.4355205042826666,0.7177602521413333
mourir,word,0.0,3.0,2.0,6.0,11.0,0.0,0.2727272727272727,0.18181818181818182,0.5454545454545454,1.4353713907745331,0.7176856953872666
veut,word,3.0,0.0,6.0,10.0,19.0,0.15789473684210525,0.0,0.3157894736842105,0.5263157894736842,1.4329831210560051,0.7164915605280026
chose,lemma,9.0,5.0,4.0,35.0,53.0,0.16981132075471697,0.09433962264150944,0.07547169811320754,0.660377358490566,1.432375717195436,0.716187858597718
véritable,lemma,0.0,5.0,2.0,7.0,14.0,0.0,0.35714285714285715,0.14285714285714285,0.5,1.4315602842833155,0.7157801421416577
sur,lemma,23.0,12.0,5.0,71.0,111.0,0.2072072072072072,0.10810810810810811,0.04504504504504504,0.6396396396396397,1.431324326194841,0.7156621630974205
président,word,19.0,6.0,0.0,10.0,35.0,0.5428571428571428,0.17142857142857143,0.0,0.2857142857142857,1.4310064824127182,0.7155032412063591
se,lemma,149.0,20.0,8.0,88.0,265.0,0.5622641509433962,0.07547169811320754,0.03018867924528302,0.3320754716981132,1.4290007989347444,0.7145003994673722
se,word,149.0,20.0,8.0,88.0,265.0,0.5622641509433962,0.07547169811320754,0.03018867924528302,0.3320754716981132,1.4290007989347444,0.7145003994673722
son,lemma,137.0,37.0,14.0,263.0,451.0,0.30376940133037694,0.082039911308204,0.031042128603104215,0.5831485587583148,1.4273631510014004,0.7136815755007002
ont,word,128.0,31.0,2.0,138.0,299.0,0.4280936454849498,0.10367892976588629,0.006688963210702341,0.46153846153846156,1.426153979691816,0.713076989845908
jeune,lemma,2.0,1.0,2.0,10.0,15.0,0.13333333333333333,0.06666666666666667,0.13333333333333333,0.6666666666666666,1.4256051990169438,0.7128025995084719
nous,lemma,3.0,0.0,11.0,8.0,22.0,0.13636363636363635,0.0,0.5,0.36363636363636365,1.4226754683112182,0.7113377341556091
nous,word,3.0,0.0,11.0,8.0,22.0,0.13636363636363635,0.0,0.5,0.36363636363636365,1.4226754683112182,0.7113377341556091
son,word,36.0,16.0,3.0,84.0,139.0,0.2589928057553957,0.11510791366906475,0.02158273381294964,0.60431654676259,1.4223450218781652,0.7111725109390826
une,word,56.0,65.0,21.0,275.0,417.0,0.1342925659472422,0.15587529976019185,0.050359712230215826,0.6594724220623501,1.420189912356569,0.7100949561782846
états-unis,word,4.0,2.0,0.0,7.0,13.0,0.3076923076923077,0.15384615384615385,0.0,0.5384615384615384,1.419556298571613,0.7097781492858065
dont,lemma,2.0,1.0,1.0,8.0,12.0,0.16666666666666666,0.08333333333333333,0.08333333333333333,0.6666666666666666,1.4182958340544896,0.7091479170272448
dont,word,2.0,1.0,1.0,8.0,12.0,0.16666666666666666,0.08333333333333333,0.08333333333333333,0.6666666666666666,1.4182958340544896,0.7091479170272448
pouvoir,word,10.0,4.0,0.0,15.0,29.0,0.3448275862068966,0.13793103448275862,0.0,0.5172413793103449,1.4158209991620065,0.7079104995810033
penser,lemma,3.0,0.0,3.0,8.0,14.0,0.21428571428571427,0.0,0.21428571428571427,0.5714285714285714,1.41379956460568,0.70689978230284
l,word,109.0,44.0,7.0,236.0,396.0,0.27525252525252525,0.1111111111111111,0.017676767676767676,0.5959595959595959,1.4124315525934383,0.7062157762967192
ils,word,11.0,5.0,4.0,39.0,59.0,0.1864406779661017,0.0847457627118644,0.06779661016949153,0.6610169491525424,1.4115570355470146,0.7057785177735073
tout,lemma,20.0,12.0,24.0,116.0,172.0,0.11627906976744186,0.06976744186046512,0.13953488372093023,0.6744186046511628,1.4086891305247302,0.7043445652623651
travail,lemma,10.0,4.0,1.0,24.0,39.0,0.2564102564102564,0.10256410256410256,0.02564102564102564,0.6153846153846154,1.4069821940883669,0.7034910970441834
premier,lemma,5.0,3.0,3.0,23.0,34.0,0.14705882352941177,0.08823529411764706,0.08823529411764706,0.6764705882352942,1.406246945130485,0.7031234725652425
qu'il,word,0.0,1.0,4.0,3.0,8.0,0.0,0.125,0.5,0.375,1.4056390622295665,0.7028195311147832
photo,lemma,3.0,0.0,4.0,1.0,8.0,0.375,0.0,0.5,0.125,1.4056390622295665,0.7028195311147832
remettre,lemma,4.0,1.0,0.0,3.0,8.0,0.5,0.125,0.0,0.375,1.4056390622295665,0.7028195311147832
quelle,word,1.0,0.0,4.0,3.0,8.0,0.125,0.0,0.5,0.375,1.4056390622295665,0.7028195311147832
honneur,lemma,3.0,4.0,0.0,1.0,8.0,0.375,0.5,0.0,0.125,1.4056390622295665,0.7028195311147832
ça,lemma,0.0,1.0,3.0,4.0,8.0,0.0,0.125,0.375,0.5,1.4056390622295665,0.7028195311147832
train,lemma,3.0,1.0,0.0,4.0,8.0,0.375,0.125,0.0,0.5,1.4056390622295665,0.7028195311147832
veulent,word,0.0,4.0,1.0,3.0,8.0,0.0,0.5,0.125,0.375,1.4056390622295665,0.7028195311147832
emporter,lemma,4.0,1.0,0.0,3.0,8.0,0.5,0.125,0.0,0.375,1.4056390622295665,0.7028195311147832
sa,word,32.0,3.0,9.0,65.0,109.0,0.29357798165137616,0.027522935779816515,0.08256880733944955,0.5963302752293578,1.4036144131990014,0.7018072065995007
femme,lemma,4.0,4.0,0.0,11.0,19.0,0.21052631578947367,0.21052631578947367,0.0,0.5789473684210527,1.402993418443045,0.7014967092215225
sur,word,23.0,12.0,4.0,71.0,110.0,0.20909090909090908,0.10909090909090909,0.03636363636363636,0.6454545454545455,1.4023277091355906,0.7011638545677953
(,punctuation,10.0,4.0,0.0,16.0,30.0,0.3333333333333333,0.13333333333333333,0.0,0.5333333333333333,1.3995812306460644,0.6997906153230322
immense,lemma,8.0,2.0,0.0,5.0,15.0,0.5333333333333333,0.13333333333333333,0.0,0.3333333333333333,1.3995812306460644,0.6997906153230322
première,word,2.0,3.0,2.0,15.0,22.0,0.09090909090909091,0.13636363636363635,0.09090909090909091,0.6818181818181818,1.3976931442604223,0.6988465721302112
voir,lemma,1.0,8.0,14.0,38.0,61.0,0.01639344262295082,0.13114754098360656,0.22950819672131148,0.6229508196721312,1.3942748060930057,0.6971374030465028
il,lemma,21.0,18.0,41.0,166.0,246.0,0.08536585365853659,0.07317073170731707,0.16666666666666666,0.6747967479674797,1.392866156976449,0.6964330784882246
nombreux,lemma,14.0,4.0,0.0,17.0,35.0,0.4,0.11428571428571428,0.0,0.4857142857142857,1.3924305252289026,0.6962152626144513
dix,lemma,4.0,0.0,1.0,4.0,9.0,0.4444444444444444,0.0,0.1111111111111111,0.4444444444444444,1.3921472236645345,0.6960736118322672
quel,lemma,1.0,0.0,4.0,4.0,9.0,0.1111111111111111,0.0,0.4444444444444444,0.4444444444444444,1.3921472236645345,0.6960736118322672
ancien,lemma,4.0,1.0,0.0,4.0,9.0,0.4444444444444444,0.1111111111111111,0.0,0.4444444444444444,1.3921472236645345,0.6960736118322672
territoire,lemma,4.0,1.0,0.0,4.0,9.0,0.4444444444444444,0.1111111111111111,0.0,0.4444444444444444,1.3921472236645345,0.6960736118322672
subissent,word,1.0,4.0,0.0,4.0,9.0,0.1111111111111111,0.4444444444444444,0.0,0.4444444444444444,1.3921472236645345,0.6960736118322672
main,lemma,4.0,0.0,1.0,4.0,9.0,0.4444444444444444,0.0,0.1111111111111111,0.4444444444444444,1.3921472236645345,0.6960736118322672
dix,word,4.0,0.0,1.0,4.0,9.0,0.4444444444444444,0.0,0.1111111111111111,0.4444444444444444,1.3921472236645345,0.6960736118322672
mettre,lemma,26.0,2.0,4.0,7.0,39.0,0.6666666666666666,0.05128205128205128,0.10256410256410256,0.1794871794871795,1.3914812669116938,0.6957406334558469
alors,word,1.0,1.0,13.0,11.0,26.0,0.038461538461538464,0.038461538461538464,0.5,0.4230769230769231,1.3866141742624587,0.6933070871312293
alors,lemma,1.0,1.0,13.0,11.0,26.0,0.038461538461538464,0.038461538461538464,0.5,0.4230769230769231,1.3866141742624587,0.6933070871312293
finir,lemma,0.0,2.0,3.0,7.0,12.0,0.0,0.16666666666666666,0.25,0.5833333333333334,1.384431504340598,0.692215752170299
conflit,word,7.0,2.0,0.0,3.0,12.0,0.5833333333333334,0.16666666666666666,0.0,0.25,1.384431504340598,0.692215752170299
notre,word,0.0,2.0,3.0,7.0,12.0,0.0,0.16666666666666666,0.25,0.5833333333333334,1.384431504340598,0.692215752170299
bonne,word,0.0,4.0,3.0,10.0,17.0,0.0,0.23529411764705882,0.17647058823529413,0.5882352941176471,1.3830999911893338,0.6915499955946669
celui,lemma,7.0,2.0,1.0,17.0,27.0,0.25925925925925924,0.07407407407407407,0.037037037037037035,0.6296296296296297,1.3793929556575797,0.6896964778287898
fêter,lemma,2.0,0.0,1.0,4.0,7.0,0.2857142857142857,0.0,0.14285714285714285,0.5714285714285714,1.3787834934861753,0.6893917467430877
épidémie,lemma,2.0,1.0,0.0,4.0,7.0,0.2857142857142857,0.14285714285714285,0.0,0.5714285714285714,1.3787834934861753,0.6893917467430877
porter,word,4.0,0.0,1.0,2.0,7.0,0.5714285714285714,0.0,0.14285714285714285,0.2857142857142857,1.3787834934861753,0.6893917467430877
vrai,lemma,1.0,0.0,2.0,4.0,7.0,0.14285714285714285,0.0,0.2857142857142857,0.5714285714285714,1.3787834934861753,0.6893917467430877
bonbon,lemma,0.0,1.0,2.0,4.0,7.0,0.0,0.14285714285714285,0.2857142857142857,0.5714285714285714,1.3787834934861753,0.6893917467430877
passe,word,0.0,1.0,4.0,2.0,7.0,0.0,0.14285714285714285,0.5714285714285714,0.2857142857142857,1.3787834934861753,0.6893917467430877
installer,lemma,1.0,2.0,0.0,4.0,7.0,0.14285714285714285,0.2857142857142857,0.0,0.5714285714285714,1.3787834934861753,0.6893917467430877
honneur,word,2.0,4.0,0.0,1.0,7.0,0.2857142857142857,0.5714285714285714,0.0,0.14285714285714285,1.3787834934861753,0.6893917467430877
père,word,1.0,4.0,0.0,2.0,7.0,0.14285714285714285,0.5714285714285714,0.0,0.2857142857142857,1.3787834934861753,0.6893917467430877
toucher,lemma,1.0,2.0,0.0,4.0,7.0,0.14285714285714285,0.2857142857142857,0.0,0.5714285714285714,1.3787834934861753,0.6893917467430877
gouverner,lemma,2.0,1.0,0.0,4.0,7.0,0.2857142857142857,0.14285714285714285,0.0,0.5714285714285714,1.3787834934861753,0.6893917467430877
fêter,word,2.0,0.0,1.0,4.0,7.0,0.2857142857142857,0.0,0.14285714285714285,0.5714285714285714,1.3787834934861753,0.6893917467430877
père,lemma,1.0,4.0,0.0,2.0,7.0,0.14285714285714285,0.5714285714285714,0.0,0.2857142857142857,1.3787834934861753,0.6893917467430877
appeler,lemma,8.0,0.0,2.0,4.0,14.0,0.5714285714285714,0.0,0.14285714285714285,0.2857142857142857,1.3787834934861753,0.6893917467430877
bâtiment,lemma,2.0,1.0,0.0,4.0,7.0,0.2857142857142857,0.14285714285714285,0.0,0.5714285714285714,1.3787834934861753,0.6893917467430877
avance,word,4.0,0.0,1.0,2.0,7.0,0.5714285714285714,0.0,0.14285714285714285,0.2857142857142857,1.3787834934861753,0.6893917467430877
bâtiments,word,2.0,1.0,0.0,4.0,7.0,0.2857142857142857,0.14285714285714285,0.0,0.5714285714285714,1.3787834934861753,0.6893917467430877
bonbons,word,0.0,1.0,2.0,4.0,7.0,0.0,0.14285714285714285,0.2857142857142857,0.5714285714285714,1.3787834934861753,0.6893917467430877
français,lemma,6.0,3.0,0.0,12.0,21.0,0.2857142857142857,0.14285714285714285,0.0,0.5714285714285714,1.3787834934861753,0.6893917467430877
train,word,2.0,1.0,0.0,4.0,7.0,0.2857142857142857,0.14285714285714285,0.0,0.5714285714285714,1.3787834934861753,0.6893917467430877
français,word,4.0,2.0,0.0,8.0,14.0,0.2857142857142857,0.14285714285714285,0.0,0.5714285714285714,1.3787834934861753,0.6893917467430877
pu,word,1.0,2.0,2.0,11.0,16.0,0.0625,0.125,0.125,0.6875,1.3716407621868583,0.6858203810934291
liberté,word,1.0,1.0,0.0,3.0,5.0,0.2,0.2,0.0,0.6,1.3709505944546687,0.6854752972273344
planète,lemma,0.0,3.0,1.0,1.0,5.0,0.0,0.6,0.2,0.2,1.3709505944546687,0.6854752972273344
planète,word,0.0,3.0,1.0,1.0,5.0,0.0,0.6,0.2,0.2,1.3709505944546687,0.6854752972273344
embête,word,1.0,3.0,0.0,1.0,5.0,0.2,0.6,0.0,0.2,1.3709505944546687,0.6854752972273344
île,word,1.0,1.0,0.0,3.0,5.0,0.2,0.2,0.0,0.6,1.3709505944546687,0.6854752972273344
donc,word,1.0,0.0,3.0,1.0,5.0,0.2,0.0,0.6,0.2,1.3709505944546687,0.6854752972273344
facilement,lemma,1.0,1.0,0.0,3.0,5.0,0.2,0.2,0.0,0.6,1.3709505944546687,0.6854752972273344
faute,word,0.0,3.0,1.0,1.0,5.0,0.0,0.6,0.2,0.2,1.3709505944546687,0.6854752972273344
facilement,word,1.0,1.0,0.0,3.0,5.0,0.2,0.2,0.0,0.6,1.3709505944546687,0.6854752972273344
seront,word,0.0,1.0,1.0,3.0,5.0,0.0,0.2,0.2,0.6,1.3709505944546687,0.6854752972273344
lutter,word,1.0,1.0,0.0,3.0,5.0,0.2,0.2,0.0,0.6,1.3709505944546687,0.6854752972273344
public,lemma,3.0,1.0,0.0,1.0,5.0,0.6,0.2,0.0,0.2,1.3709505944546687,0.6854752972273344
épidémie,word,1.0,1.0,0.0,3.0,5.0,0.2,0.2,0.0,0.6,1.3709505944546687,0.6854752972273344
autour,lemma,1.0,1.0,0.0,3.0,5.0,0.2,0.2,0.0,0.6,1.3709505944546687,0.6854752972273344
affaires,word,1.0,0.0,3.0,1.0,5.0,0.2,0.0,0.6,0.2,1.3709505944546687,0.6854752972273344
bonnes,word,1.0,1.0,0.0,3.0,5.0,0.2,0.2,0.0,0.6,1.3709505944546687,0.6854752972273344
homophobe,lemma,1.0,3.0,0.0,1.0,5.0,0.2,0.6,0.0,0.2,1.3709505944546687,0.6854752972273344
donc,lemma,1.0,0.0,3.0,1.0,5.0,0.2,0.0,0.6,0.2,1.3709505944546687,0.6854752972273344
humanitaire,lemma,0.0,1.0,1.0,3.0,5.0,0.0,0.2,0.2,0.6,1.3709505944546687,0.6854752972273344
croire,word,0.0,1.0,1.0,3.0,5.0,0.0,0.2,0.2,0.6,1.3709505944546687,0.6854752972273344
autour,word,1.0,1.0,0.0,3.0,5.0,0.2,0.2,0.0,0.6,1.3709505944546687,0.6854752972273344
revendiquer,lemma,3.0,1.0,0.0,1.0,5.0,0.6,0.2,0.0,0.2,1.3709505944546687,0.6854752972273344
joyeux,word,1.0,3.0,0.0,1.0,5.0,0.2,0.6,0.0,0.2,1.3709505944546687,0.6854752972273344
national,word,1.0,1.0,0.0,3.0,5.0,0.2,0.2,0.0,0.6,1.3709505944546687,0.6854752972273344
aime,word,1.0,0.0,1.0,3.0,5.0,0.2,0.0,0.2,0.6,1.3709505944546687,0.6854752972273344
langue,word,1.0,0.0,1.0,3.0,5.0,0.2,0.0,0.2,0.6,1.3709505944546687,0.6854752972273344
langue,lemma,1.0,0.0,1.0,3.0,5.0,0.2,0.0,0.2,0.6,1.3709505944546687,0.6854752972273344
centaines,word,1.0,0.0,1.0,3.0,5.0,0.2,0.0,0.2,0.6,1.3709505944546687,0.6854752972273344
racisme,lemma,3.0,1.0,0.0,1.0,5.0,0.6,0.2,0.0,0.2,1.3709505944546687,0.6854752972273344
celles,word,3.0,1.0,0.0,1.0,5.0,0.6,0.2,0.0,0.2,1.3709505944546687,0.6854752972273344
affaire,lemma,1.0,0.0,3.0,1.0,5.0,0.2,0.0,0.6,0.2,1.3709505944546687,0.6854752972273344
rien,lemma,4.0,0.0,19.0,16.0,39.0,0.10256410256410256,0.0,0.48717948717948717,0.41025641025641024,1.369745225133322,0.684872612566661
rien,word,4.0,0.0,19.0,16.0,39.0,0.10256410256410256,0.0,0.48717948717948717,0.41025641025641024,1.369745225133322,0.684872612566661
conflit,lemma,9.0,2.0,0.0,5.0,16.0,0.5625,0.125,0.0,0.3125,1.3663146570363986,0.6831573285181993
leurs,word,25.0,12.0,0.0,51.0,88.0,0.2840909090909091,0.13636363636363635,0.0,0.5795454545454546,1.3638674459831124,0.6819337229915562
leur,lemma,25.0,12.0,0.0,51.0,88.0,0.2840909090909091,0.13636363636363635,0.0,0.5795454545454546,1.3638674459831124,0.6819337229915562
famille,lemma,6.0,1.0,1.0,13.0,21.0,0.2857142857142857,0.047619047619047616,0.047619047619047616,0.6190476190476191,1.3630083113425155,0.6815041556712578
même,lemma,8.0,4.0,68.0,25.0,105.0,0.0761904761904762,0.0380952380952381,0.6476190476190476,0.23809523809523808,1.361446680052873,0.6807233400264365
mentir,lemma,4.0,0.0,1.0,5.0,10.0,0.4,0.0,0.1,0.5,1.360964047443681,0.6804820237218405
pourquoi,word,1.0,0.0,5.0,4.0,10.0,0.1,0.0,0.5,0.4,1.360964047443681,0.6804820237218405
pourquoi,lemma,1.0,0.0,5.0,4.0,10.0,0.1,0.0,0.5,0.4,1.360964047443681,0.6804820237218405
responsables,word,4.0,1.0,0.0,5.0,10.0,0.4,0.1,0.0,0.5,1.360964047443681,0.6804820237218405
noir,word,4.0,0.0,1.0,5.0,10.0,0.4,0.0,0.1,0.5,1.360964047443681,0.6804820237218405
hausse,word,4.0,1.0,0.0,5.0,10.0,0.4,0.1,0.0,0.5,1.360964047443681,0.6804820237218405
parle,word,1.0,0.0,4.0,5.0,10.0,0.1,0.0,0.4,0.5,1.360964047443681,0.6804820237218405
hausse,lemma,4.0,1.0,0.0,5.0,10.0,0.4,0.1,0.0,0.5,1.360964047443681,0.6804820237218405
moi,word,0.0,2.0,7.0,10.0,19.0,0.0,0.10526315789473684,0.3684210526315789,0.5263157894736842,1.359992492218488,0.679996246109244
violence,lemma,8.0,4.0,2.0,29.0,43.0,0.18604651162790697,0.09302325581395349,0.046511627906976744,0.6744186046511628,1.3592543161276889,0.6796271580638444
arriver,lemma,2.0,2.0,2.0,14.0,20.0,0.1,0.1,0.1,0.7,1.3567796494470394,0.6783898247235197
problèmes,word,2.0,1.0,1.0,9.0,13.0,0.15384615384615385,0.07692307692307693,0.07692307692307693,0.6923076923076923,1.3520301017579528,0.6760150508789764
carburant,word,1.0,3.0,0.0,5.0,9.0,0.1111111111111111,0.3333333333333333,0.0,0.5555555555555556,1.3516441151533924,0.6758220575766962
blesser,lemma,1.0,3.0,0.0,5.0,9.0,0.1111111111111111,0.3333333333333333,0.0,0.5555555555555556,1.3516441151533924,0.6758220575766962
jouer,word,0.0,1.0,5.0,3.0,9.0,0.0,0.1111111111111111,0.5555555555555556,0.3333333333333333,1.3516441151533924,0.6758220575766962
journalistes,word,5.0,1.0,0.0,3.0,9.0,0.5555555555555556,0.1111111111111111,0.0,0.3333333333333333,1.3516441151533924,0.6758220575766962
soutenir,lemma,5.0,1.0,0.0,3.0,9.0,0.5555555555555556,0.1111111111111111,0.0,0.3333333333333333,1.3516441151533924,0.6758220575766962
changement,lemma,5.0,1.0,0.0,3.0,9.0,0.5555555555555556,0.1111111111111111,0.0,0.3333333333333333,1.3516441151533924,0.6758220575766962
dictature,word,5.0,1.0,0.0,5.0,11.0,0.45454545454545453,0.09090909090909091,0.0,0.45454545454545453,1.3485878960124222,0.6742939480062111
protéger,lemma,12.0,3.0,0.0,16.0,31.0,0.3870967741935484,0.0967741935483871,0.0,0.5161290322580645,1.3485692939088965,0.6742846469544482
attentat,lemma,4.0,3.0,0.0,11.0,18.0,0.2222222222222222,0.16666666666666666,0.0,0.6111111111111112,1.3472230399326601,0.6736115199663301
nombreuses,word,14.0,3.0,0.0,7.0,24.0,0.5833333333333334,0.125,0.0,0.2916666666666667,1.3470732979972746,0.6735366489986373
contre,word,53.0,12.0,0.0,24.0,89.0,0.5955056179775281,0.1348314606741573,0.0,0.2696629213483146,1.3449645082943622,0.6724822541471811
contre,lemma,53.0,12.0,0.0,24.0,89.0,0.5955056179775281,0.1348314606741573,0.0,0.2696629213483146,1.3449645082943622,0.6724822541471811
insulter,lemma,9.0,11.0,2.0,0.0,22.0,0.4090909090909091,0.5,0.09090909090909091,0.0,1.3420192178195207,0.6710096089097604
tout,word,8.0,8.0,13.0,68.0,97.0,0.08247422680412371,0.08247422680412371,0.13402061855670103,0.7010309278350515,1.3416325376422074,0.6708162688211037
génial,lemma,0.0,9.0,4.0,2.0,15.0,0.0,0.6,0.26666666666666666,0.13333333333333333,1.3382689280764646,0.6691344640382323
génial,word,0.0,9.0,4.0,2.0,15.0,0.0,0.6,0.26666666666666666,0.13333333333333333,1.3382689280764646,0.6691344640382323
moi,lemma,0.0,2.0,7.0,11.0,20.0,0.0,0.1,0.35,0.55,1.3366664819166874,0.6683332409583437
mort,word,6.0,4.0,0.0,16.0,26.0,0.23076923076923078,0.15384615384615385,0.0,0.6153846153846154,1.3346791410515946,0.6673395705257973
hommes,word,3.0,2.0,0.0,8.0,13.0,0.23076923076923078,0.15384615384615385,0.0,0.6153846153846154,1.3346791410515946,0.6673395705257973
mauvais,lemma,5.0,6.0,0.0,18.0,29.0,0.1724137931034483,0.20689655172413793,0.0,0.6206896551724138,1.334599425999111,0.6672997129995555
dictature,lemma,6.0,1.0,0.0,5.0,12.0,0.5,0.08333333333333333,0.0,0.4166666666666667,1.3250112108241772,0.6625056054120886
trouver,word,6.0,1.0,0.0,5.0,12.0,0.5,0.08333333333333333,0.0,0.4166666666666667,1.3250112108241772,0.6625056054120886
voiture,lemma,6.0,0.0,1.0,5.0,12.0,0.5,0.0,0.08333333333333333,0.4166666666666667,1.3250112108241772,0.6625056054120886
maisons,word,5.0,1.0,0.0,6.0,12.0,0.4166666666666667,0.08333333333333333,0.0,0.5,1.3250112108241772,0.6625056054120886
france,word,6.0,3.0,0.0,14.0,23.0,0.2608695652173913,0.13043478260869565,0.0,0.6086956521739131,1.3249692858267144,0.6624846429133572
france,lemma,6.0,3.0,0.0,14.0,23.0,0.2608695652173913,0.13043478260869565,0.0,0.6086956521739131,1.3249692858267144,0.6624846429133572
gagner,word,1.0,3.0,1.0,11.0,16.0,0.0625,0.1875,0.0625,0.6875,1.3244602933016414,0.6622301466508207
immense,word,6.0,1.0,0.0,4.0,11.0,0.5454545454545454,0.09090909090909091,0.0,0.36363636363636365,1.3221793455166666,0.6610896727583333
responsable,lemma,4.0,1.0,0.0,6.0,11.0,0.36363636363636365,0.09090909090909091,0.0,0.5454545454545454,1.3221793455166666,0.6610896727583333
village,lemma,4.0,1.0,0.0,6.0,11.0,0.36363636363636365,0.09090909090909091,0.0,0.5454545454545454,1.3221793455166666,0.6610896727583333
journaliste,lemma,6.0,1.0,0.0,4.0,11.0,0.5454545454545454,0.09090909090909091,0.0,0.36363636363636365,1.3221793455166666,0.6610896727583333
travailler,lemma,12.0,2.0,0.0,7.0,21.0,0.5714285714285714,0.09523809523809523,0.0,0.3333333333333333,1.3127443531093745,0.6563721765546873
lui,lemma,15.0,9.0,8.0,79.0,111.0,0.13513513513513514,0.08108108108108109,0.07207207207207207,0.7117117117117117,1.3067459289347931,0.6533729644673966
personne,lemma,10.0,4.0,3.0,39.0,56.0,0.17857142857142858,0.07142857142857142,0.05357142857142857,0.6964285714285714,1.3054825115814472,0.6527412557907236
terroriste,lemma,2.0,5.0,0.0,11.0,18.0,0.1111111111111111,0.2777777777777778,0.0,0.6111111111111112,1.2997367636952524,0.6498683818476262
t,word,2.0,0.0,11.0,5.0,18.0,0.1111111111111111,0.0,0.6111111111111112,0.2777777777777778,1.2997367636952522,0.6498683818476261
grands,word,2.0,0.0,1.0,5.0,8.0,0.25,0.0,0.125,0.625,1.2987949406953985,0.6493974703476992
sacrer,lemma,0.0,1.0,2.0,5.0,8.0,0.0,0.125,0.25,0.625,1.2987949406953985,0.6493974703476992
devant,word,5.0,1.0,0.0,2.0,8.0,0.625,0.125,0.0,0.25,1.2987949406953985,0.6493974703476992
devant,lemma,5.0,1.0,0.0,2.0,8.0,0.625,0.125,0.0,0.25,1.2987949406953985,0.6493974703476992
etats-unis,word,4.0,2.0,0.0,10.0,16.0,0.25,0.125,0.0,0.625,1.2987949406953985,0.6493974703476992
riche,lemma,2.0,1.0,0.0,5.0,8.0,0.25,0.125,0.0,0.625,1.2987949406953985,0.6493974703476992
augmentation,word,1.0,2.0,0.0,5.0,8.0,0.125,0.25,0.0,0.625,1.2987949406953985,0.6493974703476992
espionner,lemma,2.0,1.0,0.0,5.0,8.0,0.25,0.125,0.0,0.625,1.2987949406953985,0.6493974703476992
augmentation,lemma,1.0,2.0,0.0,5.0,8.0,0.125,0.25,0.0,0.625,1.2987949406953985,0.6493974703476992
acteur,lemma,2.0,1.0,0.0,5.0,8.0,0.25,0.125,0.0,0.625,1.2987949406953985,0.6493974703476992
elles,word,2.0,1.0,0.0,5.0,8.0,0.25,0.125,0.0,0.625,1.2987949406953985,0.6493974703476992
lois,word,2.0,1.0,0.0,5.0,8.0,0.25,0.125,0.0,0.625,1.2987949406953985,0.6493974703476992
plein,lemma,1.0,2.0,0.0,5.0,8.0,0.125,0.25,0.0,0.625,1.2987949406953985,0.6493974703476992
moment,word,1.0,0.0,2.0,5.0,8.0,0.125,0.0,0.25,0.625,1.2987949406953985,0.6493974703476992
nos,word,1.0,2.0,0.0,5.0,8.0,0.125,0.25,0.0,0.625,1.2987949406953985,0.6493974703476992
plein,word,1.0,2.0,0.0,5.0,8.0,0.125,0.25,0.0,0.625,1.2987949406953985,0.6493974703476992
prendre,word,7.0,1.0,0.0,6.0,14.0,0.5,0.07142857142857142,0.0,0.42857142857142855,1.2958363892911637,0.6479181946455819
battre,lemma,7.0,0.0,1.0,5.0,13.0,0.5384615384615384,0.0,0.07692307692307693,0.38461538461538464,1.2957378005380122,0.6478689002690061
jouer,lemma,0.0,1.0,5.0,7.0,13.0,0.0,0.07692307692307693,0.38461538461538464,0.5384615384615384,1.2957378005380122,0.6478689002690061
politique,word,7.0,1.0,0.0,5.0,13.0,0.5384615384615384,0.07692307692307693,0.0,0.38461538461538464,1.2957378005380122,0.6478689002690061
ferme,word,1.0,0.0,6.0,3.0,10.0,0.1,0.0,0.6,0.3,1.295461844238322,0.647730922119161
regarder,lemma,6.0,0.0,3.0,1.0,10.0,0.6,0.0,0.3,0.1,1.295461844238322,0.647730922119161
soit,word,1.0,6.0,0.0,3.0,10.0,0.1,0.6,0.0,0.3,1.295461844238322,0.647730922119161
ferme,lemma,1.0,0.0,6.0,3.0,10.0,0.1,0.0,0.6,0.3,1.295461844238322,0.647730922119161
guerre,word,15.0,5.0,0.0,30.0,50.0,0.3,0.1,0.0,0.6,1.295461844238322,0.647730922119161
mot,lemma,3.0,0.0,1.0,6.0,10.0,0.3,0.0,0.1,0.6,1.295461844238322,0.647730922119161
travailler,word,12.0,2.0,0.0,6.0,20.0,0.6,0.1,0.0,0.3,1.295461844238322,0.647730922119161
punir,lemma,3.0,1.0,0.0,6.0,10.0,0.3,0.1,0.0,0.6,1.295461844238322,0.647730922119161
attaques,word,3.0,1.0,0.0,6.0,10.0,0.3,0.1,0.0,0.6,1.295461844238322,0.647730922119161
été,word,32.0,17.0,1.0,95.0,145.0,0.2206896551724138,0.11724137931034483,0.006896551724137931,0.6551724137931034,1.2928528755825495,0.6464264377912747
il,word,9.0,12.0,32.0,123.0,176.0,0.05113636363636364,0.06818181818181818,0.18181818181818182,0.6988636363636364,1.2919420778511541,0.6459710389255771
politique,lemma,19.0,3.0,0.0,10.0,32.0,0.59375,0.09375,0.0,0.3125,1.2911002747979619,0.6455501373989809
carburant,lemma,2.0,3.0,0.0,9.0,14.0,0.14285714285714285,0.21428571428571427,0.0,0.6428571428571429,1.287054028118727,0.6435270140593635
mon,lemma,6.0,0.0,18.0,37.0,61.0,0.09836065573770492,0.0,0.29508196721311475,0.6065573770491803,1.2861766890619075,0.6430883445309538
attaque,lemma,4.0,1.0,0.0,7.0,12.0,0.3333333333333333,0.08333333333333333,0.0,0.5833333333333334,1.2806721295208872,0.6403360647604436
civil,lemma,4.0,1.0,0.0,7.0,12.0,0.3333333333333333,0.08333333333333333,0.0,0.5833333333333334,1.2806721295208872,0.6403360647604436
cour,word,1.0,0.0,4.0,7.0,12.0,0.08333333333333333,0.0,0.3333333333333333,0.5833333333333334,1.2806721295208872,0.6403360647604436
cour,lemma,1.0,0.0,4.0,7.0,12.0,0.08333333333333333,0.0,0.3333333333333333,0.5833333333333334,1.2806721295208872,0.6403360647604436
êtes,word,1.0,0.0,7.0,4.0,12.0,0.08333333333333333,0.0,0.5833333333333334,0.3333333333333333,1.280672129520887,0.6403360647604435
jour,lemma,1.0,2.0,3.0,15.0,21.0,0.047619047619047616,0.09523809523809523,0.14285714285714285,0.7142857142857143,1.280019973431558,0.640009986715779
vous,word,3.0,3.0,43.0,14.0,63.0,0.047619047619047616,0.047619047619047616,0.6825396825396826,0.2222222222222222,1.2766112192884307,0.6383056096442153
était,word,6.0,5.0,5.0,43.0,59.0,0.1016949152542373,0.0847457627118644,0.0847457627118644,0.7288135593220338,1.2714830424908112,0.6357415212454056
politiques,word,12.0,2.0,0.0,5.0,19.0,0.631578947368421,0.10526315789473684,0.0,0.2631578947368421,1.2674438038072335,0.6337219019036168
chez,lemma,5.0,2.0,0.0,12.0,19.0,0.2631578947368421,0.10526315789473684,0.0,0.631578947368421,1.2674438038072335,0.6337219019036168
chez,word,5.0,2.0,0.0,12.0,19.0,0.2631578947368421,0.10526315789473684,0.0,0.631578947368421,1.2674438038072335,0.6337219019036168
aimer,lemma,2.0,0.0,5.0,12.0,19.0,0.10526315789473684,0.0,0.2631578947368421,0.631578947368421,1.2674438038072335,0.6337219019036168
as,word,0.0,1.0,5.0,8.0,14.0,0.0,0.07142857142857142,0.35714285714285715,0.5714285714285714,1.2638091738835462,0.6319045869417731
histoire,lemma,0.0,2.0,4.0,11.0,17.0,0.0,0.11764705882352941,0.23529411764705882,0.6470588235294118,1.2607717938967942,0.6303858969483971
sont,word,51.0,6.0,3.0,93.0,153.0,0.3333333333333333,0.0392156862745098,0.0196078431372549,0.6078431372549019,1.2593478140646543,0.6296739070323272
prendre,lemma,16.0,1.0,1.0,23.0,41.0,0.3902439024390244,0.024390243902439025,0.024390243902439025,0.5609756097560976,1.2589684682934181,0.6294842341467091
drôle,word,0.0,19.0,3.0,26.0,48.0,0.0,0.3958333333333333,0.0625,0.5416666666666666,1.2583595230282398,0.6291797615141199
argent,lemma,6.0,2.0,2.0,25.0,35.0,0.17142857142857143,0.05714285714285714,0.05714285714285714,0.7142857142857143,1.254820738410822,0.627410369205411
argent,word,6.0,2.0,2.0,25.0,35.0,0.17142857142857143,0.05714285714285714,0.05714285714285714,0.7142857142857143,1.254820738410822,0.627410369205411
vous,lemma,3.0,3.0,45.0,14.0,65.0,0.046153846153846156,0.046153846153846156,0.6923076923076923,0.2153846153846154,1.2539657630597045,0.6269828815298523
police,lemma,9.0,1.0,0.0,7.0,17.0,0.5294117647058824,0.058823529411764705,0.0,0.4117647058823529,1.253297578463043,0.6266487892315215
police,word,9.0,1.0,0.0,7.0,17.0,0.5294117647058824,0.058823529411764705,0.0,0.4117647058823529,1.253297578463043,0.6266487892315215
membres,word,1.0,1.0,0.0,4.0,6.0,0.16666666666666666,0.16666666666666666,0.0,0.6666666666666666,1.2516291673878228,0.6258145836939114
prison,lemma,1.0,1.0,0.0,4.0,6.0,0.16666666666666666,0.16666666666666666,0.0,0.6666666666666666,1.2516291673878228,0.6258145836939114
événement,lemma,1.0,1.0,0.0,4.0,6.0,0.16666666666666666,0.16666666666666666,0.0,0.6666666666666666,1.2516291673878228,0.6258145836939114
éclaté,word,4.0,1.0,0.0,1.0,6.0,0.6666666666666666,0.16666666666666666,0.0,0.16666666666666666,1.2516291673878228,0.6258145836939114
subir,lemma,1.0,9.0,0.0,8.0,18.0,0.05555555555555555,0.5,0.0,0.4444444444444444,1.2516291673878228,0.6258145836939114
pd,word,0.0,1.0,4.0,1.0,6.0,0.0,0.16666666666666666,0.6666666666666666,0.16666666666666666,1.2516291673878228,0.6258145836939114
prison,word,1.0,1.0,0.0,4.0,6.0,0.16666666666666666,0.16666666666666666,0.0,0.6666666666666666,1.2516291673878228,0.6258145836939114
blague,lemma,1.0,4.0,0.0,1.0,6.0,0.16666666666666666,0.6666666666666666,0.0,0.16666666666666666,1.2516291673878228,0.6258145836939114
pd,lemma,0.0,1.0,4.0,1.0,6.0,0.0,0.16666666666666666,0.6666666666666666,0.16666666666666666,1.2516291673878228,0.6258145836939114
racisme,word,4.0,1.0,0.0,1.0,6.0,0.6666666666666666,0.16666666666666666,0.0,0.16666666666666666,1.2516291673878228,0.6258145836939114
joyeux,lemma,1.0,4.0,0.0,1.0,6.0,0.16666666666666666,0.6666666666666666,0.0,0.16666666666666666,1.2516291673878228,0.6258145836939114
aucun,lemma,1.0,1.0,0.0,4.0,6.0,0.16666666666666666,0.16666666666666666,0.0,0.6666666666666666,1.2516291673878228,0.6258145836939114
activité,lemma,1.0,1.0,0.0,4.0,6.0,0.16666666666666666,0.16666666666666666,0.0,0.6666666666666666,1.2516291673878228,0.6258145836939114
moqueries,word,1.0,1.0,0.0,4.0,6.0,0.16666666666666666,0.16666666666666666,0.0,0.6666666666666666,1.2516291673878228,0.6258145836939114
habitation,lemma,1.0,1.0,0.0,4.0,6.0,0.16666666666666666,0.16666666666666666,0.0,0.6666666666666666,1.2516291673878228,0.6258145836939114
habitations,word,1.0,1.0,0.0,4.0,6.0,0.16666666666666666,0.16666666666666666,0.0,0.6666666666666666,1.2516291673878228,0.6258145836939114
moquerie,lemma,1.0,1.0,0.0,4.0,6.0,0.16666666666666666,0.16666666666666666,0.0,0.6666666666666666,1.2516291673878228,0.6258145836939114
image,word,1.0,0.0,1.0,4.0,6.0,0.16666666666666666,0.0,0.16666666666666666,0.6666666666666666,1.2516291673878228,0.6258145836939114
chambre,lemma,1.0,1.0,0.0,4.0,6.0,0.16666666666666666,0.16666666666666666,0.0,0.6666666666666666,1.2516291673878228,0.6258145836939114
trouvé,word,1.0,0.0,1.0,4.0,6.0,0.16666666666666666,0.0,0.16666666666666666,0.6666666666666666,1.2516291673878228,0.6258145836939114
choisir,lemma,0.0,1.0,1.0,4.0,6.0,0.0,0.16666666666666666,0.16666666666666666,0.6666666666666666,1.2516291673878228,0.6258145836939114
dirigeant,lemma,8.0,2.0,0.0,2.0,12.0,0.6666666666666666,0.16666666666666666,0.0,0.16666666666666666,1.2516291673878228,0.6258145836939114
européen,lemma,1.0,1.0,0.0,4.0,6.0,0.16666666666666666,0.16666666666666666,0.0,0.6666666666666666,1.2516291673878228,0.6258145836939114
guerre,lemma,18.0,5.0,0.0,37.0,60.0,0.3,0.08333333333333333,0.0,0.6166666666666667,1.2499228451306923,0.6249614225653461
menacé,word,3.0,7.0,0.0,1.0,11.0,0.2727272727272727,0.6363636363636364,0.0,0.09090909090909091,1.2406705316766884,0.6203352658383442
parfois,lemma,3.0,0.0,1.0,7.0,11.0,0.2727272727272727,0.0,0.09090909090909091,0.6363636363636364,1.2406705316766884,0.6203352658383442
conditions,word,6.0,2.0,0.0,14.0,22.0,0.2727272727272727,0.09090909090909091,0.0,0.6363636363636364,1.2406705316766884,0.6203352658383442
droit,word,3.0,0.0,1.0,7.0,11.0,0.2727272727272727,0.0,0.09090909090909091,0.6363636363636364,1.2406705316766884,0.6203352658383442
condition,lemma,6.0,2.0,0.0,14.0,22.0,0.2727272727272727,0.09090909090909091,0.0,0.6363636363636364,1.2406705316766884,0.6203352658383442
mauvaises,word,3.0,1.0,0.0,7.0,11.0,0.2727272727272727,0.09090909090909091,0.0,0.6363636363636364,1.2406705316766884,0.6203352658383442
parfois,word,3.0,0.0,1.0,7.0,11.0,0.2727272727272727,0.0,0.09090909090909091,0.6363636363636364,1.2406705316766884,0.6203352658383442
même,word,5.0,3.0,68.0,24.0,100.0,0.05,0.03,0.68,0.24,1.2403451777854135,0.6201725888927068
drôle,lemma,0.0,21.0,3.0,29.0,53.0,0.0,0.39622641509433965,0.05660377358490566,0.5471698113207547,1.23971286514401,0.619856432572005
nouvelle,word,4.0,1.0,0.0,8.0,13.0,0.3076923076923077,0.07692307692307693,0.0,0.6153846153846154,1.2389012566026305,0.6194506283013153
depuis,word,1.0,1.0,2.0,11.0,15.0,0.06666666666666667,0.06666666666666667,0.13333333333333333,0.7333333333333333,1.2366407419411674,0.6183203709705837
depuis,lemma,1.0,1.0,2.0,11.0,15.0,0.06666666666666667,0.06666666666666667,0.13333333333333333,0.7333333333333333,1.2366407419411674,0.6183203709705837
insulte,lemma,9.0,17.0,0.0,2.0,28.0,0.32142857142857145,0.6071428571428571,0.0,0.07142857142857142,1.235348017977726,0.617674008988863
casser,lemma,1.0,0.0,9.0,5.0,15.0,0.06666666666666667,0.0,0.6,0.3333333333333333,1.2309595631140104,0.6154797815570052
sentir,lemma,3.0,3.0,1.0,19.0,26.0,0.11538461538461539,0.11538461538461539,0.038461538461538464,0.7307692307692307,1.2304244196889744,0.6152122098444872
avait,word,15.0,7.0,0.0,43.0,65.0,0.23076923076923078,0.1076923076923077,0.0,0.6615384615384615,1.2287643077865895,0.6143821538932948
nouveau,lemma,10.0,3.0,0.0,23.0,36.0,0.2777777777777778,0.08333333333333333,0.0,0.6388888888888888,1.2250335169881905,0.6125167584940953
sou,lemma,0.0,1.0,6.0,2.0,9.0,0.0,0.1111111111111111,0.6666666666666666,0.2222222222222222,1.224394445405986,0.612197222702993
hors,lemma,1.0,2.0,0.0,6.0,9.0,0.1111111111111111,0.2222222222222222,0.0,0.6666666666666666,1.224394445405986,0.612197222702993
hors,word,1.0,2.0,0.0,6.0,9.0,0.1111111111111111,0.2222222222222222,0.0,0.6666666666666666,1.224394445405986,0.612197222702993
sous,word,0.0,1.0,6.0,2.0,9.0,0.0,0.1111111111111111,0.6666666666666666,0.2222222222222222,1.224394445405986,0.612197222702993
musulman,lemma,2.0,1.0,0.0,6.0,9.0,0.2222222222222222,0.1111111111111111,0.0,0.6666666666666666,1.224394445405986,0.612197222702993
premier,word,2.0,0.0,1.0,6.0,9.0,0.2222222222222222,0.0,0.1111111111111111,0.6666666666666666,1.224394445405986,0.612197222702993
prend,word,2.0,0.0,1.0,6.0,9.0,0.2222222222222222,0.0,0.1111111111111111,0.6666666666666666,1.224394445405986,0.612197222702993
veux,word,1.0,0.0,6.0,2.0,9.0,0.1111111111111111,0.0,0.6666666666666666,0.2222222222222222,1.224394445405986,0.612197222702993
ton,word,1.0,0.0,11.0,10.0,22.0,0.045454545454545456,0.0,0.5,0.45454545454545453,1.2197484934607568,0.6098742467303784
mort,lemma,7.0,4.0,0.0,23.0,34.0,0.20588235294117646,0.11764705882352941,0.0,0.6764705882352942,1.2141272693763827,0.6070636346881914
quelque,lemma,3.0,1.0,4.0,22.0,30.0,0.1,0.03333333333333333,0.13333333333333333,0.7333333333333333,1.211477825202385,0.6057389126011925
mes,word,1.0,0.0,7.0,11.0,19.0,0.05263157894736842,0.0,0.3684210526315789,0.5789473684210527,1.2108100261060328,0.6054050130530164
personnes,word,7.0,3.0,1.0,28.0,39.0,0.1794871794871795,0.07692307692307693,0.02564102564102564,0.717948717948718,1.2081635067037966,0.6040817533518983
graves,word,1.0,1.0,1.0,9.0,12.0,0.08333333333333333,0.08333333333333333,0.08333333333333333,0.75,1.207518749639422,0.603759374819711
américain,lemma,8.0,1.0,0.0,12.0,21.0,0.38095238095238093,0.047619047619047616,0.0,0.5714285714285714,1.2009102795095283,0.6004551397547642
faut,word,0.0,1.0,8.0,12.0,21.0,0.0,0.047619047619047616,0.38095238095238093,0.5714285714285714,1.2009102795095283,0.6004551397547642
cet,word,2.0,3.0,0.0,11.0,16.0,0.125,0.1875,0.0,0.6875,1.1994602933016414,0.5997301466508207
attaquer,lemma,9.0,2.0,0.0,19.0,30.0,0.3,0.06666666666666667,0.0,0.6333333333333333,1.198892336661554,0.599446168330777
idée,word,1.0,0.0,5.0,10.0,16.0,0.0625,0.0,0.3125,0.625,1.198192411043098,0.599096205521549
amusant,lemma,2.0,9.0,2.0,0.0,13.0,0.15384615384615385,0.6923076923076923,0.15384615384615385,0.0,1.198183947911799,0.5990919739558995
ceux,word,4.0,1.0,0.0,9.0,14.0,0.2857142857142857,0.07142857142857142,0.0,0.6428571428571429,1.1981174211304033,0.5990587105652017
nouveau,word,4.0,1.0,0.0,9.0,14.0,0.2857142857142857,0.07142857142857142,0.0,0.6428571428571429,1.1981174211304033,0.5990587105652017
place,lemma,9.0,0.0,1.0,4.0,14.0,0.6428571428571429,0.0,0.07142857142857142,0.2857142857142857,1.1981174211304033,0.5990587105652017
quand,word,1.0,0.0,13.0,10.0,24.0,0.041666666666666664,0.0,0.5416666666666666,0.4166666666666667,1.1964209471916636,0.5982104735958318
quand,lemma,1.0,0.0,13.0,10.0,24.0,0.041666666666666664,0.0,0.5416666666666666,0.4166666666666667,1.1964209471916636,0.5982104735958318
par,lemma,15.0,18.0,3.0,99.0,135.0,0.1111111111111111,0.13333333333333333,0.022222222222222223,0.7333333333333333,1.1899770648276145,0.5949885324138072
rue,word,8.0,0.0,1.0,3.0,12.0,0.6666666666666666,0.0,0.08333333333333333,0.25,1.188721875540867,0.5943609377704335
lettre,word,1.0,0.0,3.0,8.0,12.0,0.08333333333333333,0.0,0.25,0.6666666666666666,1.188721875540867,0.5943609377704335
lettre,lemma,1.0,0.0,3.0,8.0,12.0,0.08333333333333333,0.0,0.25,0.6666666666666666,1.188721875540867,0.5943609377704335
bon,word,0.0,1.0,11.0,14.0,26.0,0.0,0.038461538461538464,0.4230769230769231,0.5384615384615384,1.1867198445327565,0.5933599222663782
juste,lemma,2.0,0.0,23.0,12.0,37.0,0.05405405405405406,0.0,0.6216216216216216,0.32432432432432434,1.1807648521704317,0.5903824260852159
violences,word,6.0,3.0,0.0,20.0,29.0,0.20689655172413793,0.10344827586206896,0.0,0.6896551724137931,1.1785594639469634,0.5892797319734817
protéger,word,12.0,1.0,0.0,15.0,28.0,0.42857142857142855,0.03571428571428571,0.0,0.5357142857142857,1.1779653169582593,0.5889826584791297
par,word,14.0,18.0,3.0,99.0,134.0,0.1044776119402985,0.13432835820895522,0.022388059701492536,0.7388059701492538,1.1748741768397657,0.5874370884198828
juste,word,2.0,0.0,23.0,11.0,36.0,0.05555555555555555,0.0,0.6388888888888888,0.3055555555555556,1.1672674238222691,0.5836337119111346
c'est,word,0.0,2.0,17.0,6.0,25.0,0.0,0.08,0.68,0.24,1.1639904575514164,0.5819952287757082
an,lemma,1.0,4.0,3.0,24.0,32.0,0.03125,0.125,0.09375,0.75,1.1626878900165245,0.5813439450082623
ans,word,1.0,4.0,3.0,24.0,32.0,0.03125,0.125,0.09375,0.75,1.1626878900165245,0.5813439450082623
famille,word,4.0,1.0,0.0,10.0,15.0,0.26666666666666666,0.06666666666666667,0.0,0.6666666666666666,1.1589385323502772,0.5794692661751386
rester,lemma,4.0,0.0,1.0,10.0,15.0,0.26666666666666666,0.0,0.06666666666666667,0.6666666666666666,1.1589385323502772,0.5794692661751386
opposer,lemma,7.0,1.0,0.0,2.0,10.0,0.7,0.1,0.0,0.2,1.1567796494470395,0.5783898247235197
humain,lemma,1.0,2.0,0.0,7.0,10.0,0.1,0.2,0.0,0.7,1.1567796494470395,0.5783898247235197
jours,word,1.0,0.0,2.0,7.0,10.0,0.1,0.0,0.2,0.7,1.1567796494470395,0.5783898247235197
certains,word,2.0,0.0,1.0,7.0,10.0,0.2,0.0,0.1,0.7,1.1567796494470395,0.5783898247235197
tenir,lemma,1.0,0.0,2.0,7.0,10.0,0.1,0.0,0.2,0.7,1.1567796494470395,0.5783898247235197
insultes,word,4.0,14.0,0.0,2.0,20.0,0.2,0.7,0.0,0.1,1.1567796494470395,0.5783898247235197
civile,word,2.0,1.0,0.0,7.0,10.0,0.2,0.1,0.0,0.7,1.1567796494470395,0.5783898247235197
animaux,word,1.0,3.0,1.0,15.0,20.0,0.05,0.15,0.05,0.75,1.1540157730727998,0.5770078865363999
falloir,lemma,0.0,1.0,11.0,17.0,29.0,0.0,0.034482758620689655,0.3793103448275862,0.5862068965517241,1.14968388801495,0.574841944007475
événement,word,1.0,1.0,0.0,5.0,7.0,0.14285714285714285,0.14285714285714285,0.0,0.7142857142857143,1.1488348542809166,0.5744174271404583
temps,lemma,2.0,0.0,2.0,10.0,14.0,0.14285714285714285,0.0,0.14285714285714285,0.7142857142857143,1.1488348542809166,0.5744174271404583
moquer,lemma,1.0,1.0,0.0,5.0,7.0,0.14285714285714285,0.14285714285714285,0.0,0.7142857142857143,1.1488348542809166,0.5744174271404583
écrit,word,1.0,0.0,1.0,5.0,7.0,0.14285714285714285,0.0,0.14285714285714285,0.7142857142857143,1.1488348542809166,0.5744174271404583
membre,lemma,1.0,1.0,0.0,5.0,7.0,0.14285714285714285,0.14285714285714285,0.0,0.7142857142857143,1.1488348542809166,0.5744174271404583
écrire,lemma,1.0,0.0,1.0,5.0,7.0,0.14285714285714285,0.0,0.14285714285714285,0.7142857142857143,1.1488348542809166,0.5744174271404583
apprendre,lemma,0.0,1.0,1.0,5.0,7.0,0.0,0.14285714285714285,0.14285714285714285,0.7142857142857143,1.1488348542809166,0.5744174271404583
éclater,lemma,5.0,1.0,0.0,1.0,7.0,0.7142857142857143,0.14285714285714285,0.0,0.14285714285714285,1.1488348542809166,0.5744174271404583
agression,lemma,2.0,2.0,0.0,10.0,14.0,0.14285714285714285,0.14285714285714285,0.0,0.7142857142857143,1.1488348542809166,0.5744174271404583
centaine,lemma,1.0,0.0,1.0,5.0,7.0,0.14285714285714285,0.0,0.14285714285714285,0.7142857142857143,1.1488348542809166,0.5744174271404583
apprendre,word,0.0,1.0,1.0,5.0,7.0,0.0,0.14285714285714285,0.14285714285714285,0.7142857142857143,1.1488348542809166,0.5744174271404583
général,word,5.0,1.0,0.0,1.0,7.0,0.7142857142857143,0.14285714285714285,0.0,0.14285714285714285,1.1488348542809166,0.5744174271404583
espèce,lemma,1.0,0.0,1.0,5.0,7.0,0.14285714285714285,0.0,0.14285714285714285,0.7142857142857143,1.1488348542809166,0.5744174271404583
temps,word,2.0,0.0,2.0,10.0,14.0,0.14285714285714285,0.0,0.14285714285714285,0.7142857142857143,1.1488348542809166,0.5744174271404583
ses,word,18.0,6.0,0.0,53.0,77.0,0.23376623376623376,0.07792207792207792,0.0,0.6883116883116883,1.147978630017783,0.5739893150088915
mais,lemma,2.0,1.0,36.0,12.0,51.0,0.0392156862745098,0.0196078431372549,0.7058823529411765,0.23529411764705882,1.1403302427444932,0.5701651213722466
mais,word,2.0,1.0,36.0,12.0,51.0,0.0392156862745098,0.0196078431372549,0.7058823529411765,0.23529411764705882,1.1403302427444932,0.5701651213722466
dur,word,1.0,0.0,3.0,9.0,13.0,0.07692307692307693,0.0,0.23076923076923078,0.6923076923076923,1.1401156785146092,0.5700578392573046
pauvre,lemma,1.0,0.0,3.0,9.0,13.0,0.07692307692307693,0.0,0.23076923076923078,0.6923076923076923,1.1401156785146092,0.5700578392573046
place,word,9.0,0.0,1.0,3.0,13.0,0.6923076923076923,0.0,0.07692307692307693,0.23076923076923078,1.1401156785146092,0.5700578392573046
étaient,word,10.0,1.0,0.0,17.0,28.0,0.35714285714285715,0.03571428571428571,0.0,0.6071428571428571,1.1392781631244115,0.5696390815622058
terroristes,word,2.0,2.0,0.0,11.0,15.0,0.13333333333333333,0.13333333333333333,0.0,0.7333333333333333,1.103307408607834,0.551653704303917
incroyable,lemma,0.0,8.0,1.0,2.0,11.0,0.0,0.7272727272727273,0.09090909090909091,0.18181818181818182,1.0957952550009336,0.5478976275004668
emmanuel,word,8.0,2.0,0.0,1.0,11.0,0.7272727272727273,0.18181818181818182,0.0,0.09090909090909091,1.0957952550009336,0.5478976275004668
jour,word,0.0,2.0,1.0,8.0,11.0,0.0,0.18181818181818182,0.09090909090909091,0.7272727272727273,1.0957952550009336,0.5478976275004668
énorme,lemma,0.0,8.0,1.0,2.0,11.0,0.0,0.7272727272727273,0.09090909090909091,0.18181818181818182,1.0957952550009336,0.5478976275004668
emmanuel,lemma,8.0,2.0,0.0,1.0,11.0,0.7272727272727273,0.18181818181818182,0.0,0.09090909090909091,1.0957952550009336,0.5478976275004668
new,lemma,2.0,0.0,1.0,8.0,11.0,0.18181818181818182,0.0,0.09090909090909091,0.7272727272727273,1.0957952550009336,0.5478976275004668
année,lemma,1.0,2.0,0.0,8.0,11.0,0.09090909090909091,0.18181818181818182,0.0,0.7272727272727273,1.0957952550009336,0.5478976275004668
macron,lemma,8.0,2.0,0.0,1.0,11.0,0.7272727272727273,0.18181818181818182,0.0,0.09090909090909091,1.0957952550009336,0.5478976275004668
macron,word,8.0,2.0,0.0,1.0,11.0,0.7272727272727273,0.18181818181818182,0.0,0.09090909090909091,1.0957952550009336,0.5478976275004668
animal,lemma,1.0,4.0,1.0,19.0,25.0,0.04,0.16,0.04,0.76,1.0954312795575998,0.5477156397787999
respecter,lemma,3.0,1.0,0.0,10.0,14.0,0.21428571428571427,0.07142857142857142,0.0,0.7142857142857143,1.0949143184120975,0.5474571592060488
elle,word,4.0,5.0,7.0,58.0,74.0,0.05405405405405406,0.06756756756756757,0.0945945945945946,0.7837837837837838,1.087507113652744,0.543753556826372
frrrintek,lemma,1.0,0.0,12.0,4.0,17.0,0.058823529411764705,0.0,0.7058823529411765,0.23529411764705882,1.0863128407412879,0.5431564203706439
frrrintek,word,1.0,0.0,12.0,4.0,17.0,0.058823529411764705,0.0,0.7058823529411765,0.23529411764705882,1.0863128407412879,0.5431564203706439
tu,word,3.0,1.0,60.0,19.0,83.0,0.03614457831325301,0.012048192771084338,0.7228915662650602,0.2289156626506024,1.0752930940685788,0.5376465470342894
fête,word,20.0,0.0,1.0,9.0,30.0,0.6666666666666666,0.0,0.03333333333333333,0.3,1.07462769858425,0.537313849292125
c,word,0.0,2.0,63.0,88.0,153.0,0.0,0.013071895424836602,0.4117647058823529,0.5751633986928104,1.0678543941921492,0.5339271970960746
doit,word,1.0,0.0,1.0,6.0,8.0,0.125,0.0,0.125,0.75,1.061278124459133,0.5306390622295665
mariage,lemma,1.0,1.0,0.0,6.0,8.0,0.125,0.125,0.0,0.75,1.061278124459133,0.5306390622295665
mouvement,word,6.0,1.0,0.0,1.0,8.0,0.75,0.125,0.0,0.125,1.061278124459133,0.5306390622295665
musulmans,word,1.0,1.0,0.0,6.0,8.0,0.125,0.125,0.0,0.75,1.061278124459133,0.5306390622295665
cause,lemma,2.0,2.0,0.0,12.0,16.0,0.125,0.125,0.0,0.75,1.061278124459133,0.5306390622295665
national,lemma,1.0,1.0,0.0,6.0,8.0,0.125,0.125,0.0,0.75,1.061278124459133,0.5306390622295665
vers,lemma,1.0,1.0,0.0,6.0,8.0,0.125,0.125,0.0,0.75,1.061278124459133,0.5306390622295665
longtemps,word,1.0,1.0,0.0,6.0,8.0,0.125,0.125,0.0,0.75,1.061278124459133,0.5306390622295665
suffisamment,lemma,1.0,1.0,0.0,6.0,8.0,0.125,0.125,0.0,0.75,1.061278124459133,0.5306390622295665
suffisamment,word,1.0,1.0,0.0,6.0,8.0,0.125,0.125,0.0,0.75,1.061278124459133,0.5306390622295665
vers,word,1.0,1.0,0.0,6.0,8.0,0.125,0.125,0.0,0.75,1.061278124459133,0.5306390622295665
longtemps,lemma,1.0,1.0,0.0,6.0,8.0,0.125,0.125,0.0,0.75,1.061278124459133,0.5306390622295665
cause,word,2.0,2.0,0.0,12.0,16.0,0.125,0.125,0.0,0.75,1.061278124459133,0.5306390622295665
maison,lemma,11.0,1.0,0.0,24.0,36.0,0.3055555555555556,0.027777777777777776,0.0,0.6666666666666666,1.0562347841557007,0.5281173920778504
attentats,word,3.0,1.0,0.0,11.0,15.0,0.2,0.06666666666666667,0.0,0.7333333333333333,1.0529815751302694,0.5264907875651347
histoire,word,0.0,1.0,3.0,11.0,15.0,0.0,0.06666666666666667,0.2,0.7333333333333333,1.0529815751302694,0.5264907875651347
peut,word,1.0,0.0,4.0,13.0,18.0,0.05555555555555555,0.0,0.2222222222222222,0.7222222222222222,1.0529407605626346,0.5264703802813173
avant,word,2.0,5.0,0.0,20.0,27.0,0.07407407407407407,0.18518518518518517,0.0,0.7407407407407407,1.0493985254159108,0.5246992627079554
avant,lemma,2.0,5.0,0.0,20.0,27.0,0.07407407407407407,0.18518518518518517,0.0,0.7407407407407407,1.0493985254159108,0.5246992627079554
n,word,15.0,2.0,19.0,124.0,160.0,0.09375,0.0125,0.11875,0.775,1.0492135687778097,0.5246067843889048
fête,lemma,22.0,0.0,1.0,9.0,32.0,0.6875,0.0,0.03125,0.28125,1.0425993555312076,0.5212996777656038
sourire,word,9.0,1.0,0.0,2.0,12.0,0.75,0.08333333333333333,0.0,0.16666666666666666,1.0408520829727552,0.5204260414863776
toutes,word,1.0,0.0,2.0,9.0,12.0,0.08333333333333333,0.0,0.16666666666666666,0.75,1.040852082972755,0.5204260414863775
horrible,lemma,0.0,13.0,2.0,2.0,17.0,0.0,0.7647058823529411,0.11764705882352941,0.11764705882352941,1.022420703848328,0.511210351924164
rir,lemma,13.0,2.0,0.0,2.0,17.0,0.7647058823529411,0.11764705882352941,0.0,0.11764705882352941,1.022420703848328,0.511210351924164
grave,lemma,1.0,5.0,4.0,38.0,48.0,0.020833333333333332,0.10416666666666667,0.08333333333333333,0.7916666666666666,1.0218190426942175,0.5109095213471088
crier,lemma,14.0,0.0,1.0,4.0,19.0,0.7368421052631579,0.0,0.05263157894736842,0.21052631578947367,1.0214554656116666,0.5107277328058333
dur,lemma,1.0,0.0,3.0,12.0,16.0,0.0625,0.0,0.1875,0.75,1.014097655573916,0.507048827786958
jamais,lemma,1.0,2.0,6.0,33.0,42.0,0.023809523809523808,0.047619047619047616,0.14285714285714285,0.7857142857142857,1.0119654955607627,0.5059827477803813
tu,lemma,3.0,0.0,46.0,13.0,62.0,0.04838709677419355,0.0,0.7419354838709677,0.20967741935483872,1.003479313344613,0.5017396566723065
misère,lemma,2.0,2.0,0.0,0.0,4.0,0.5,0.5,0.0,0.0,1.0,0.5
bouquin,lemma,0.0,0.0,2.0,2.0,4.0,0.0,0.0,0.5,0.5,1.0,0.5
pa,word,0.0,0.0,2.0,2.0,4.0,0.0,0.0,0.5,0.5,1.0,0.5
mordre,lemma,0.0,2.0,0.0,2.0,4.0,0.0,0.5,0.0,0.5,1.0,0.5
bouquins,word,0.0,0.0,2.0,2.0,4.0,0.0,0.0,0.5,0.5,1.0,0.5
mur,lemma,2.0,0.0,0.0,2.0,4.0,0.5,0.0,0.0,0.5,1.0,0.5
croit,word,0.0,0.0,3.0,3.0,6.0,0.0,0.0,0.5,0.5,1.0,0.5
parti,word,0.0,2.0,0.0,2.0,4.0,0.0,0.5,0.0,0.5,1.0,0.5
lieux,word,2.0,0.0,0.0,2.0,4.0,0.5,0.0,0.0,0.5,1.0,0.5
particulier,word,0.0,2.0,0.0,2.0,4.0,0.0,0.5,0.0,0.5,1.0,0.5
truqué,word,2.0,0.0,0.0,2.0,4.0,0.5,0.0,0.0,0.5,1.0,0.5
poste,lemma,4.0,0.0,0.0,4.0,8.0,0.5,0.0,0.0,0.5,1.0,0.5
ouvrir,lemma,2.0,0.0,0.0,2.0,4.0,0.5,0.0,0.0,0.5,1.0,0.5
adultes,word,0.0,2.0,0.0,2.0,4.0,0.0,0.5,0.0,0.5,1.0,0.5
voitures,word,3.0,0.0,0.0,3.0,6.0,0.5,0.0,0.0,0.5,1.0,0.5
piles,word,0.0,0.0,4.0,4.0,8.0,0.0,0.0,0.5,0.5,1.0,0.5
pile,lemma,0.0,0.0,5.0,5.0,10.0,0.0,0.0,0.5,0.5,1.0,0.5
conflits,word,2.0,0.0,0.0,2.0,4.0,0.5,0.0,0.0,0.5,1.0,0.5
candidature,lemma,3.0,0.0,0.0,3.0,6.0,0.5,0.0,0.0,0.5,1.0,0.5
objet,lemma,0.0,2.0,0.0,2.0,4.0,0.0,0.5,0.0,0.5,1.0,0.5
action,lemma,3.0,0.0,0.0,3.0,6.0,0.5,0.0,0.0,0.5,1.0,0.5
abriter,lemma,2.0,0.0,0.0,2.0,4.0,0.5,0.0,0.0,0.5,1.0,0.5
organiser,word,2.0,0.0,0.0,2.0,4.0,0.5,0.0,0.0,0.5,1.0,0.5
économique,lemma,2.0,0.0,0.0,2.0,4.0,0.5,0.0,0.0,0.5,1.0,0.5
forêt,lemma,0.0,3.0,0.0,3.0,6.0,0.0,0.5,0.0,0.5,1.0,0.5
forêt,word,0.0,3.0,0.0,3.0,6.0,0.0,0.5,0.0,0.5,1.0,0.5
ordinateur,lemma,2.0,0.0,0.0,2.0,4.0,0.5,0.0,0.0,0.5,1.0,0.5
oreille,lemma,2.0,0.0,0.0,2.0,4.0,0.5,0.0,0.0,0.5,1.0,0.5
personnel,lemma,3.0,0.0,0.0,3.0,6.0,0.5,0.0,0.0,0.5,1.0,0.5
personnelles,word,2.0,0.0,0.0,2.0,4.0,0.5,0.0,0.0,0.5,1.0,0.5
candidature,word,3.0,0.0,0.0,3.0,6.0,0.5,0.0,0.0,0.5,1.0,0.5
côté,word,3.0,0.0,0.0,3.0,6.0,0.5,0.0,0.0,0.5,1.0,0.5
menaçant,word,2.0,2.0,0.0,0.0,4.0,0.5,0.5,0.0,0.0,1.0,0.5
déloyale,word,2.0,0.0,0.0,2.0,4.0,0.5,0.0,0.0,0.5,1.0,0.5
favoriser,word,2.0,0.0,0.0,2.0,4.0,0.5,0.0,0.0,0.5,1.0,0.5
gagne,lemma,0.0,0.0,2.0,2.0,4.0,0.0,0.0,0.5,0.5,1.0,0.5
virus,word,0.0,2.0,0.0,2.0,4.0,0.0,0.5,0.0,0.5,1.0,0.5
virus,lemma,0.0,2.0,0.0,2.0,4.0,0.0,0.5,0.0,0.5,1.0,0.5
savoir,lemma,0.0,0.0,9.0,9.0,18.0,0.0,0.0,0.5,0.5,1.0,0.5
battre,word,3.0,0.0,0.0,3.0,6.0,0.5,0.0,0.0,0.5,1.0,0.5
armée,word,2.0,0.0,0.0,2.0,4.0,0.5,0.0,0.0,0.5,1.0,0.5
gagnera,word,2.0,0.0,0.0,2.0,4.0,0.5,0.0,0.0,0.5,1.0,0.5
objets,word,0.0,2.0,0.0,2.0,4.0,0.0,0.5,0.0,0.5,1.0,0.5
déloyal,lemma,2.0,0.0,0.0,2.0,4.0,0.5,0.0,0.0,0.5,1.0,0.5
décisions,word,4.0,0.0,0.0,4.0,8.0,0.5,0.0,0.0,0.5,1.0,0.5
ridicule,lemma,0.0,2.0,0.0,2.0,4.0,0.0,0.5,0.0,0.5,1.0,0.5
changements,word,3.0,0.0,0.0,3.0,6.0,0.5,0.0,0.0,0.5,1.0,0.5
humeur,word,0.0,2.0,0.0,2.0,4.0,0.0,0.5,0.0,0.5,1.0,0.5
tas,lemma,0.0,0.0,3.0,3.0,6.0,0.0,0.0,0.5,0.5,1.0,0.5
tas,word,0.0,0.0,3.0,3.0,6.0,0.0,0.0,0.5,0.5,1.0,0.5
expulser,word,2.0,0.0,0.0,2.0,4.0,0.5,0.0,0.0,0.5,1.0,0.5
prises,word,2.0,0.0,0.0,2.0,4.0,0.5,0.0,0.0,0.5,1.0,0.5
expulser,lemma,2.0,0.0,0.0,2.0,4.0,0.5,0.0,0.0,0.5,1.0,0.5
excuses,word,2.0,0.0,0.0,2.0,4.0,0.5,0.0,0.0,0.5,1.0,0.5
humiliations,word,0.0,2.0,0.0,2.0,4.0,0.0,0.5,0.0,0.5,1.0,0.5
illégalemer,lemma,2.0,0.0,0.0,2.0,4.0,0.5,0.0,0.0,0.5,1.0,0.5
chef,lemma,3.0,0.0,0.0,3.0,6.0,0.5,0.0,0.0,0.5,1.0,0.5
illégalement,word,2.0,0.0,0.0,2.0,4.0,0.5,0.0,0.0,0.5,1.0,0.5
amazonienne,word,0.0,2.0,0.0,2.0,4.0,0.0,0.5,0.0,0.5,1.0,0.5
punir,word,3.0,0.0,0.0,3.0,6.0,0.5,0.0,0.0,0.5,1.0,0.5
proteste,word,2.0,0.0,2.0,0.0,4.0,0.5,0.0,0.5,0.0,1.0,0.5
volontairement,lemma,2.0,0.0,0.0,2.0,4.0,0.5,0.0,0.0,0.5,1.0,0.5
amazonien,lemma,0.0,2.0,0.0,2.0,4.0,0.0,0.5,0.0,0.5,1.0,0.5
volontairement,word,2.0,0.0,0.0,2.0,4.0,0.5,0.0,0.0,0.5,1.0,0.5
journée,word,2.0,0.0,0.0,2.0,4.0,0.5,0.0,0.0,0.5,1.0,0.5
covid,word,0.0,2.0,0.0,2.0,4.0,0.0,0.5,0.0,0.5,1.0,0.5
avis,word,0.0,0.0,3.0,3.0,6.0,0.0,0.0,0.5,0.5,1.0,0.5
protest,lemma,2.0,0.0,2.0,0.0,4.0,0.5,0.0,0.5,0.0,1.0,0.5
chef,word,3.0,0.0,0.0,3.0,6.0,0.5,0.0,0.0,0.5,1.0,0.5
c'était,word,0.0,0.0,2.0,2.0,4.0,0.0,0.0,0.5,0.5,1.0,0.5
hui,word,0.0,0.0,2.0,2.0,4.0,0.0,0.0,0.5,0.5,1.0,0.5
parti,lemma,0.0,2.0,0.0,2.0,4.0,0.0,0.5,0.0,0.5,1.0,0.5
homosexuel,lemma,0.0,2.0,0.0,2.0,4.0,0.0,0.5,0.0,0.5,1.0,0.5
risquer,lemma,0.0,3.0,0.0,3.0,6.0,0.0,0.5,0.0,0.5,1.0,0.5
e,lemma,0.0,0.0,2.0,2.0,4.0,0.0,0.0,0.5,0.5,1.0,0.5
humeur,lemma,0.0,2.0,0.0,2.0,4.0,0.0,0.5,0.0,0.5,1.0,0.5
humiliation,lemma,0.0,2.0,0.0,2.0,4.0,0.0,0.5,0.0,0.5,1.0,0.5
falsifié,word,2.0,0.0,0.0,2.0,4.0,0.5,0.0,0.0,0.5,1.0,0.5
crise,lemma,0.0,2.0,0.0,2.0,4.0,0.0,0.5,0.0,0.5,1.0,0.5
crise,word,0.0,2.0,0.0,2.0,4.0,0.0,0.5,0.0,0.5,1.0,0.5
théâtre,lemma,4.0,0.0,0.0,4.0,8.0,0.5,0.0,0.0,0.5,1.0,0.5
dictateur,word,3.0,0.0,0.0,3.0,6.0,0.5,0.0,0.0,0.5,1.0,0.5
inaction,lemma,2.0,0.0,0.0,2.0,4.0,0.5,0.0,0.0,0.5,1.0,0.5
dictateur,lemma,3.0,0.0,0.0,3.0,6.0,0.5,0.0,0.0,0.5,1.0,0.5
terribles,word,0.0,2.0,0.0,2.0,4.0,0.0,0.5,0.0,0.5,1.0,0.5
corruption,word,6.0,0.0,0.0,6.0,12.0,0.5,0.0,0.0,0.5,1.0,0.5
préoccuper,word,2.0,0.0,0.0,2.0,4.0,0.5,0.0,0.0,0.5,1.0,0.5
jeter,lemma,2.0,0.0,0.0,2.0,4.0,0.5,0.0,0.0,0.5,1.0,0.5
inventer,lemma,0.0,0.0,2.0,2.0,4.0,0.0,0.0,0.5,0.5,1.0,0.5
corruption,lemma,6.0,0.0,0.0,6.0,12.0,0.5,0.0,0.0,0.5,1.0,0.5
timidement,lemma,2.0,2.0,0.0,0.0,4.0,0.5,0.5,0.0,0.0,1.0,0.5
timidement,word,2.0,2.0,0.0,0.0,4.0,0.5,0.5,0.0,0.0,1.0,0.5
extrêmement,lemma,0.0,2.0,0.0,2.0,4.0,0.0,0.5,0.0,0.5,1.0,0.5
extrêmement,word,0.0,2.0,0.0,2.0,4.0,0.0,0.5,0.0,0.5,1.0,0.5
attaqué,word,6.0,0.0,0.0,6.0,12.0,0.5,0.0,0.0,0.5,1.0,0.5
inaction,word,2.0,0.0,0.0,2.0,4.0,0.5,0.0,0.0,0.5,1.0,0.5
rapportent,word,0.0,2.0,0.0,2.0,4.0,0.0,0.5,0.0,0.5,1.0,0.5
mère,word,0.0,0.0,3.0,3.0,6.0,0.0,0.0,0.5,0.5,1.0,0.5
musée,lemma,2.0,0.0,0.0,2.0,4.0,0.5,0.0,0.0,0.5,1.0,0.5
r,lemma,0.0,0.0,2.0,2.0,4.0,0.0,0.0,0.5,0.5,1.0,0.5
quartier,lemma,2.0,0.0,0.0,2.0,4.0,0.5,0.0,0.0,0.5,1.0,0.5
excellent,lemma,0.0,0.0,2.0,2.0,4.0,0.0,0.0,0.5,0.5,1.0,0.5
exceptionnel,lemma,0.0,4.0,0.0,4.0,8.0,0.0,0.5,0.0,0.5,1.0,0.5
exceptionnel,word,0.0,2.0,0.0,2.0,4.0,0.0,0.5,0.0,0.5,1.0,0.5
aujourd,word,0.0,0.0,2.0,2.0,4.0,0.0,0.0,0.5,0.5,1.0,0.5
voulu,word,4.0,0.0,0.0,4.0,8.0,0.5,0.0,0.0,0.5,1.0,0.5
raciste,word,2.0,0.0,0.0,2.0,4.0,0.5,0.0,0.0,0.5,1.0,0.5
abri,lemma,2.0,0.0,0.0,2.0,4.0,0.5,0.0,0.0,0.5,1.0,0.5
garder,word,2.0,0.0,0.0,2.0,4.0,0.5,0.0,0.0,0.5,1.0,0.5
frustrant,word,0.0,2.0,0.0,2.0,4.0,0.0,0.5,0.0,0.5,1.0,0.5
abri,word,2.0,0.0,0.0,2.0,4.0,0.5,0.0,0.0,0.5,1.0,0.5
nuire,word,2.0,0.0,0.0,2.0,4.0,0.5,0.0,0.0,0.5,1.0,0.5
concurrence,word,2.0,0.0,0.0,2.0,4.0,0.5,0.0,0.0,0.5,1.0,0.5
concurrence,lemma,2.0,0.0,0.0,2.0,4.0,0.5,0.0,0.0,0.5,1.0,0.5
frustrer,lemma,0.0,3.0,0.0,3.0,6.0,0.0,0.5,0.0,0.5,1.0,0.5
célébrer,word,3.0,0.0,0.0,3.0,6.0,0.5,0.0,0.0,0.5,1.0,0.5
rire,lemma,21.0,1.0,2.0,2.0,26.0,0.8076923076923077,0.038461538461538464,0.07692307692307693,0.07692307692307693,0.9989525689736319,0.49947628448681597
plusieurs,word,10.0,0.0,0.0,11.0,21.0,0.47619047619047616,0.0,0.0,0.5238095238095238,0.998363672593813,0.4991818362969065
plusieurs,lemma,10.0,0.0,0.0,11.0,21.0,0.47619047619047616,0.0,0.0,0.5238095238095238,0.998363672593813,0.4991818362969065
décision,lemma,8.0,0.0,0.0,9.0,17.0,0.47058823529411764,0.0,0.0,0.5294117647058824,0.9975025463691152,0.4987512731845576
élection,word,7.0,0.0,0.0,8.0,15.0,0.4666666666666667,0.0,0.0,0.5333333333333333,0.9967916319816366,0.4983958159908183
jamais,word,1.0,2.0,6.0,34.0,43.0,0.023255813953488372,0.046511627906976744,0.13953488372093023,0.7906976744186046,0.9964156475663194,0.4982078237831597
roi,word,7.0,0.0,0.0,6.0,13.0,0.5384615384615384,0.0,0.0,0.46153846153846156,0.9957274520849255,0.49786372604246276
roi,lemma,7.0,0.0,0.0,6.0,13.0,0.5384615384615384,0.0,0.0,0.46153846153846156,0.9957274520849255,0.49786372604246276
ville,word,7.0,0.0,0.0,6.0,13.0,0.5384615384615384,0.0,0.0,0.46153846153846156,0.9957274520849255,0.49786372604246276
victimes,word,6.0,2.0,0.0,25.0,33.0,0.18181818181818182,0.06060606060606061,0.0,0.7575757575757576,0.9957220057616336,0.4978610028808168
ville,lemma,11.0,0.0,0.0,13.0,24.0,0.4583333333333333,0.0,0.0,0.5416666666666666,0.9949848281859701,0.49749241409298506
mauvaise,word,0.0,5.0,0.0,6.0,11.0,0.0,0.45454545454545453,0.0,0.5454545454545454,0.9940302114769565,0.49701510573847824
amus,lemma,6.0,5.0,0.0,0.0,11.0,0.5454545454545454,0.45454545454545453,0.0,0.0,0.9940302114769565,0.49701510573847824
paix,word,1.0,1.0,1.0,13.0,16.0,0.0625,0.0625,0.0625,0.8125,0.9933927290103626,0.4966963645051813
paix,lemma,1.0,1.0,1.0,13.0,16.0,0.0625,0.0625,0.0625,0.8125,0.9933927290103626,0.4966963645051813
moment,lemma,1.0,0.0,2.0,10.0,13.0,0.07692307692307693,0.0,0.15384615384615385,0.7692307692307693,0.9912642605354287,0.49563213026771435
regard,lemma,4.0,0.0,0.0,5.0,9.0,0.4444444444444444,0.0,0.0,0.5555555555555556,0.9910760598382222,0.4955380299191111
voix,word,5.0,0.0,0.0,4.0,9.0,0.5555555555555556,0.0,0.0,0.4444444444444444,0.9910760598382222,0.4955380299191111
tensions,word,0.0,5.0,0.0,4.0,9.0,0.0,0.5555555555555556,0.0,0.4444444444444444,0.9910760598382222,0.4955380299191111
côté,lemma,4.0,0.0,0.0,5.0,9.0,0.4444444444444444,0.0,0.0,0.5555555555555556,0.9910760598382222,0.4955380299191111
occuper,lemma,4.0,0.0,0.0,5.0,9.0,0.4444444444444444,0.0,0.0,0.5555555555555556,0.9910760598382222,0.4955380299191111
regard,word,4.0,0.0,0.0,5.0,9.0,0.4444444444444444,0.0,0.0,0.5555555555555556,0.9910760598382222,0.4955380299191111
état,word,10.0,0.0,0.0,8.0,18.0,0.5555555555555556,0.0,0.0,0.4444444444444444,0.9910760598382222,0.4955380299191111
silence,lemma,5.0,0.0,0.0,4.0,9.0,0.5555555555555556,0.0,0.0,0.4444444444444444,0.9910760598382222,0.4955380299191111
cacher,word,5.0,0.0,0.0,4.0,9.0,0.5555555555555556,0.0,0.0,0.4444444444444444,0.9910760598382222,0.4955380299191111
tension,lemma,0.0,5.0,0.0,4.0,9.0,0.0,0.5555555555555556,0.0,0.4444444444444444,0.9910760598382222,0.4955380299191111
villes,word,4.0,0.0,0.0,5.0,9.0,0.4444444444444444,0.0,0.0,0.5555555555555556,0.9910760598382222,0.4955380299191111
silence,word,5.0,0.0,0.0,4.0,9.0,0.5555555555555556,0.0,0.0,0.4444444444444444,0.9910760598382222,0.4955380299191111
personn,lemma,0.0,0.0,5.0,4.0,9.0,0.0,0.0,0.5555555555555556,0.4444444444444444,0.9910760598382222,0.4955380299191111
voix,lemma,5.0,0.0,0.0,4.0,9.0,0.5555555555555556,0.0,0.0,0.4444444444444444,0.9910760598382222,0.4955380299191111
américains,word,4.0,0.0,0.0,5.0,9.0,0.4444444444444444,0.0,0.0,0.5555555555555556,0.9910760598382222,0.4955380299191111
décision,word,4.0,0.0,0.0,5.0,9.0,0.4444444444444444,0.0,0.0,0.5555555555555556,0.9910760598382222,0.4955380299191111
policiers,word,4.0,0.0,0.0,5.0,9.0,0.4444444444444444,0.0,0.0,0.5555555555555556,0.9910760598382222,0.4955380299191111
état,lemma,10.0,0.0,0.0,8.0,18.0,0.5555555555555556,0.0,0.0,0.4444444444444444,0.9910760598382222,0.4955380299191111
élection,lemma,7.0,0.0,0.0,9.0,16.0,0.4375,0.0,0.0,0.5625,0.9886994082884974,0.4943497041442487
film,lemma,0.0,1.0,1.0,7.0,9.0,0.0,0.1111111111111111,0.1111111111111111,0.7777777777777778,0.9864267287308425,0.49321336436542124
entendre,lemma,1.0,0.0,1.0,7.0,9.0,0.1111111111111111,0.0,0.1111111111111111,0.7777777777777778,0.9864267287308425,0.49321336436542124
mariage,word,1.0,1.0,0.0,7.0,9.0,0.1111111111111111,0.1111111111111111,0.0,0.7777777777777778,0.9864267287308425,0.49321336436542124
général,lemma,7.0,1.0,0.0,1.0,9.0,0.7777777777777778,0.1111111111111111,0.0,0.1111111111111111,0.9864267287308424,0.4932133643654212
menacer,word,1.0,7.0,0.0,1.0,9.0,0.1111111111111111,0.7777777777777778,0.0,0.1111111111111111,0.9864267287308424,0.4932133643654212
truquer,lemma,3.0,0.0,0.0,4.0,7.0,0.42857142857142855,0.0,0.0,0.5714285714285714,0.9852281360342515,0.49261406801712576
mentir,word,3.0,0.0,0.0,4.0,7.0,0.42857142857142855,0.0,0.0,0.5714285714285714,0.9852281360342515,0.49261406801712576
particulier,lemma,0.0,3.0,0.0,4.0,7.0,0.0,0.42857142857142855,0.0,0.5714285714285714,0.9852281360342515,0.49261406801712576
surtout,lemma,0.0,0.0,4.0,3.0,7.0,0.0,0.0,0.5714285714285714,0.42857142857142855,0.9852281360342515,0.49261406801712576
surtout,word,0.0,0.0,4.0,3.0,7.0,0.0,0.0,0.5714285714285714,0.42857142857142855,0.9852281360342515,0.49261406801712576
combat,lemma,3.0,0.0,0.0,4.0,7.0,0.42857142857142855,0.0,0.0,0.5714285714285714,0.9852281360342515,0.49261406801712576
heure,word,3.0,0.0,0.0,4.0,7.0,0.42857142857142855,0.0,0.0,0.5714285714285714,0.9852281360342515,0.49261406801712576
société,word,4.0,0.0,0.0,3.0,7.0,0.5714285714285714,0.0,0.0,0.42857142857142855,0.9852281360342515,0.49261406801712576
gêner,lemma,0.0,4.0,0.0,3.0,7.0,0.0,0.5714285714285714,0.0,0.42857142857142855,0.9852281360342515,0.49261406801712576
parle,lemma,0.0,0.0,4.0,3.0,7.0,0.0,0.0,0.5714285714285714,0.42857142857142855,0.9852281360342515,0.49261406801712576
donnée,lemma,3.0,0.0,0.0,4.0,7.0,0.42857142857142855,0.0,0.0,0.5714285714285714,0.9852281360342515,0.49261406801712576
ensemble,word,4.0,0.0,0.0,3.0,7.0,0.5714285714285714,0.0,0.0,0.42857142857142855,0.9852281360342515,0.49261406801712576
continuer,lemma,3.0,0.0,0.0,4.0,7.0,0.42857142857142855,0.0,0.0,0.5714285714285714,0.9852281360342515,0.49261406801712576
présidentiel,lemma,3.0,0.0,0.0,4.0,7.0,0.42857142857142855,0.0,0.0,0.5714285714285714,0.9852281360342515,0.49261406801712576
présidentielle,word,3.0,0.0,0.0,4.0,7.0,0.42857142857142855,0.0,0.0,0.5714285714285714,0.9852281360342515,0.49261406801712576
insulte,word,4.0,3.0,0.0,0.0,7.0,0.5714285714285714,0.42857142857142855,0.0,0.0,0.9852281360342515,0.49261406801712576
vraie,word,0.0,4.0,0.0,3.0,7.0,0.0,0.5714285714285714,0.0,0.42857142857142855,0.9852281360342515,0.49261406801712576
célébrer,lemma,4.0,0.0,0.0,3.0,7.0,0.5714285714285714,0.0,0.0,0.42857142857142855,0.9852281360342515,0.49261406801712576
vraie,lemma,0.0,4.0,0.0,3.0,7.0,0.0,0.5714285714285714,0.0,0.42857142857142855,0.9852281360342515,0.49261406801712576
oui,word,0.0,0.0,4.0,3.0,7.0,0.0,0.0,0.5714285714285714,0.42857142857142855,0.9852281360342515,0.49261406801712576
oui,lemma,0.0,0.0,4.0,3.0,7.0,0.0,0.0,0.5714285714285714,0.42857142857142855,0.9852281360342515,0.49261406801712576
entreprise,lemma,4.0,0.0,0.0,3.0,7.0,0.5714285714285714,0.0,0.0,0.42857142857142855,0.9852281360342515,0.49261406801712576
relation,lemma,3.0,0.0,0.0,4.0,7.0,0.42857142857142855,0.0,0.0,0.5714285714285714,0.9852281360342515,0.49261406801712576
relations,word,3.0,0.0,0.0,4.0,7.0,0.42857142857142855,0.0,0.0,0.5714285714285714,0.9852281360342515,0.49261406801712576
théâtre,word,3.0,0.0,0.0,4.0,7.0,0.42857142857142855,0.0,0.0,0.5714285714285714,0.9852281360342515,0.49261406801712576
ami,lemma,6.0,0.0,0.0,8.0,14.0,0.42857142857142855,0.0,0.0,0.5714285714285714,0.9852281360342515,0.49261406801712576
commettre,lemma,4.0,0.0,0.0,3.0,7.0,0.5714285714285714,0.0,0.0,0.42857142857142855,0.9852281360342515,0.49261406801712576
société,lemma,4.0,0.0,0.0,3.0,7.0,0.5714285714285714,0.0,0.0,0.42857142857142855,0.9852281360342515,0.49261406801712576
données,word,3.0,0.0,0.0,4.0,7.0,0.42857142857142855,0.0,0.0,0.5714285714285714,0.9852281360342515,0.49261406801712576
partager,lemma,3.0,0.0,0.0,4.0,7.0,0.42857142857142855,0.0,0.0,0.5714285714285714,0.9852281360342515,0.49261406801712576
menacer,lemma,8.0,49.0,0.0,6.0,63.0,0.12698412698412698,0.7777777777777778,0.0,0.09523809523809523,0.9831440922940095,0.4915720461470047
violentes,word,7.0,0.0,0.0,5.0,12.0,0.5833333333333334,0.0,0.0,0.4166666666666667,0.9798687566511528,0.4899343783255764
là,word,0.0,0.0,7.0,5.0,12.0,0.0,0.0,0.5833333333333334,0.4166666666666667,0.9798687566511528,0.4899343783255764
amuse,word,7.0,5.0,0.0,0.0,12.0,0.5833333333333334,0.4166666666666667,0.0,0.0,0.9798687566511528,0.4899343783255764
policier,lemma,5.0,0.0,0.0,7.0,12.0,0.4166666666666667,0.0,0.0,0.5833333333333334,0.9798687566511528,0.4899343783255764
tuer,word,3.0,1.0,0.0,13.0,17.0,0.17647058823529413,0.058823529411764705,0.0,0.7647058823529411,0.9780155566622415,0.48900777833112075
fort,lemma,7.0,0.0,0.0,10.0,17.0,0.4117647058823529,0.0,0.0,0.5882352941176471,0.9774178175281716,0.4887089087640858
violent,lemma,14.0,0.0,0.0,20.0,34.0,0.4117647058823529,0.0,0.0,0.5882352941176471,0.9774178175281716,0.4887089087640858
gouvernement,lemma,18.0,1.0,0.0,5.0,24.0,0.75,0.041666666666666664,0.0,0.20833333333333334,0.9737837298712213,0.48689186493561065
raciste,lemma,2.0,0.0,0.0,3.0,5.0,0.4,0.0,0.0,0.6,0.9709505944546686,0.4854752972273343
tirer,lemma,2.0,0.0,0.0,3.0,5.0,0.4,0.0,0.0,0.6,0.9709505944546686,0.4854752972273343
novembre,lemma,2.0,0.0,0.0,3.0,5.0,0.4,0.0,0.0,0.6,0.9709505944546686,0.4854752972273343
novembre,word,2.0,0.0,0.0,3.0,5.0,0.4,0.0,0.0,0.6,0.9709505944546686,0.4854752972273343
élu,word,0.0,3.0,0.0,2.0,5.0,0.0,0.6,0.0,0.4,0.9709505944546686,0.4854752972273343
élu,lemma,0.0,3.0,0.0,2.0,5.0,0.0,0.6,0.0,0.4,0.9709505944546686,0.4854752972273343
garder,lemma,2.0,0.0,0.0,3.0,5.0,0.4,0.0,0.0,0.6,0.9709505944546686,0.4854752972273343
nucléaire,lemma,0.0,2.0,0.0,3.0,5.0,0.0,0.4,0.0,0.6,0.9709505944546686,0.4854752972273343
vrai,word,0.0,0.0,2.0,3.0,5.0,0.0,0.0,0.4,0.6,0.9709505944546686,0.4854752972273343
actions,word,3.0,0.0,0.0,2.0,5.0,0.6,0.0,0.0,0.4,0.9709505944546686,0.4854752972273343
installer,word,0.0,2.0,0.0,3.0,5.0,0.0,0.4,0.0,0.6,0.9709505944546686,0.4854752972273343
quel,word,0.0,0.0,3.0,2.0,5.0,0.0,0.0,0.6,0.4,0.9709505944546686,0.4854752972273343
énerve,word,2.0,3.0,0.0,0.0,5.0,0.4,0.6,0.0,0.0,0.9709505944546686,0.4854752972273343
énerv,lemma,2.0,3.0,0.0,0.0,5.0,0.4,0.6,0.0,0.0,0.9709505944546686,0.4854752972273343
œil,word,2.0,0.0,0.0,3.0,5.0,0.4,0.0,0.0,0.6,0.9709505944546686,0.4854752972273343
œil,lemma,2.0,0.0,0.0,3.0,5.0,0.4,0.0,0.0,0.6,0.9709505944546686,0.4854752972273343
étrange,lemma,0.0,6.0,0.0,4.0,10.0,0.0,0.6,0.0,0.4,0.9709505944546686,0.4854752972273343
ambiance,word,2.0,0.0,0.0,3.0,5.0,0.4,0.0,0.0,0.6,0.9709505944546686,0.4854752972273343
exploits,word,0.0,2.0,0.0,3.0,5.0,0.0,0.4,0.0,0.6,0.9709505944546686,0.4854752972273343
interdire,lemma,2.0,0.0,0.0,3.0,5.0,0.4,0.0,0.0,0.6,0.9709505944546686,0.4854752972273343
reconnaître,lemma,2.0,0.0,0.0,3.0,5.0,0.4,0.0,0.0,0.6,0.9709505944546686,0.4854752972273343
dessus,lemma,2.0,0.0,0.0,3.0,5.0,0.4,0.0,0.0,0.6,0.9709505944546686,0.4854752972273343
effondrer,word,0.0,2.0,0.0,3.0,5.0,0.0,0.4,0.0,0.6,0.9709505944546686,0.4854752972273343
lit,lemma,0.0,0.0,2.0,3.0,5.0,0.0,0.0,0.4,0.6,0.9709505944546686,0.4854752972273343
postes,word,3.0,0.0,0.0,2.0,5.0,0.6,0.0,0.0,0.4,0.9709505944546686,0.4854752972273343
cru,word,0.0,0.0,2.0,3.0,5.0,0.0,0.0,0.4,0.6,0.9709505944546686,0.4854752972273343
l,lemma,0.0,0.0,3.0,2.0,5.0,0.0,0.0,0.6,0.4,0.9709505944546686,0.4854752972273343
kim,lemma,3.0,2.0,0.0,0.0,5.0,0.6,0.4,0.0,0.0,0.9709505944546686,0.4854752972273343
kim,word,3.0,2.0,0.0,0.0,5.0,0.6,0.4,0.0,0.0,0.9709505944546686,0.4854752972273343
falsifier,lemma,2.0,0.0,0.0,3.0,5.0,0.4,0.0,0.0,0.6,0.9709505944546686,0.4854752972273343
riches,word,2.0,0.0,0.0,3.0,5.0,0.4,0.0,0.0,0.6,0.9709505944546686,0.4854752972273343
preuve,word,2.0,0.0,0.0,3.0,5.0,0.4,0.0,0.0,0.6,0.9709505944546686,0.4854752972273343
preuve,lemma,2.0,0.0,0.0,3.0,5.0,0.4,0.0,0.0,0.6,0.9709505944546686,0.4854752972273343
l'air,word,3.0,0.0,0.0,2.0,5.0,0.6,0.0,0.0,0.4,0.9709505944546686,0.4854752972273343
amusent,lemma,3.0,2.0,0.0,0.0,5.0,0.6,0.4,0.0,0.0,0.9709505944546686,0.4854752972273343
avis,lemma,0.0,0.0,3.0,2.0,5.0,0.0,0.0,0.6,0.4,0.9709505944546686,0.4854752972273343
voulaient,word,0.0,3.0,0.0,2.0,5.0,0.0,0.6,0.0,0.4,0.9709505944546686,0.4854752972273343
voler,word,2.0,0.0,0.0,3.0,5.0,0.4,0.0,0.0,0.6,0.9709505944546686,0.4854752972273343
excuse,lemma,3.0,0.0,0.0,2.0,5.0,0.6,0.0,0.0,0.4,0.9709505944546686,0.4854752972273343
exceptionnelle,word,0.0,3.0,0.0,2.0,5.0,0.0,0.6,0.0,0.4,0.9709505944546686,0.4854752972273343
impressionner,word,0.0,3.0,0.0,2.0,5.0,0.0,0.6,0.0,0.4,0.9709505944546686,0.4854752972273343
attaquent,word,0.0,2.0,0.0,3.0,5.0,0.0,0.4,0.0,0.6,0.9709505944546686,0.4854752972273343
importer,lemma,0.0,0.0,2.0,3.0,5.0,0.0,0.0,0.4,0.6,0.9709505944546686,0.4854752972273343
explosé,word,0.0,0.0,3.0,2.0,5.0,0.0,0.0,0.6,0.4,0.9709505944546686,0.4854752972273343
jong,lemma,3.0,2.0,0.0,0.0,5.0,0.6,0.4,0.0,0.0,0.9709505944546686,0.4854752972273343
entreprises,word,2.0,0.0,0.0,3.0,5.0,0.4,0.0,0.0,0.6,0.9709505944546686,0.4854752972273343
tombe,word,0.0,0.0,3.0,2.0,5.0,0.0,0.0,0.6,0.4,0.9709505944546686,0.4854752972273343
ambiance,lemma,2.0,0.0,0.0,3.0,5.0,0.4,0.0,0.0,0.6,0.9709505944546686,0.4854752972273343
janvier,word,3.0,0.0,0.0,2.0,5.0,0.6,0.0,0.0,0.4,0.9709505944546686,0.4854752972273343
tombe,lemma,0.0,0.0,3.0,2.0,5.0,0.0,0.0,0.6,0.4,0.9709505944546686,0.4854752972273343
ami,word,3.0,0.0,0.0,2.0,5.0,0.6,0.0,0.0,0.4,0.9709505944546686,0.4854752972273343
janvier,lemma,3.0,0.0,0.0,2.0,5.0,0.6,0.0,0.0,0.4,0.9709505944546686,0.4854752972273343
encourager,word,2.0,0.0,0.0,3.0,5.0,0.4,0.0,0.0,0.6,0.9709505944546686,0.4854752972273343
jong-un,word,3.0,2.0,0.0,0.0,5.0,0.6,0.4,0.0,0.0,0.9709505944546686,0.4854752972273343
rohingyas,word,2.0,0.0,0.0,3.0,5.0,0.4,0.0,0.0,0.6,0.9709505944546686,0.4854752972273343
rohingyas,lemma,2.0,0.0,0.0,3.0,5.0,0.4,0.0,0.0,0.6,0.9709505944546686,0.4854752972273343
sévère,lemma,0.0,2.0,0.0,3.0,5.0,0.0,0.4,0.0,0.6,0.9709505944546686,0.4854752972273343
classe,lemma,2.0,0.0,0.0,3.0,5.0,0.4,0.0,0.0,0.6,0.9709505944546686,0.4854752972273343
main,word,2.0,0.0,0.0,3.0,5.0,0.4,0.0,0.0,0.6,0.9709505944546686,0.4854752972273343
vaccins,word,2.0,0.0,0.0,3.0,5.0,0.4,0.0,0.0,0.6,0.9709505944546686,0.4854752972273343
aider,word,2.0,0.0,0.0,3.0,5.0,0.4,0.0,0.0,0.6,0.9709505944546686,0.4854752972273343
point,word,0.0,0.0,3.0,2.0,5.0,0.0,0.0,0.6,0.4,0.9709505944546686,0.4854752972273343
population,lemma,2.0,0.0,0.0,3.0,5.0,0.4,0.0,0.0,0.6,0.9709505944546686,0.4854752972273343
croit,lemma,0.0,0.0,2.0,3.0,5.0,0.0,0.0,0.4,0.6,0.9709505944546686,0.4854752972273343
classe,word,2.0,0.0,0.0,3.0,5.0,0.4,0.0,0.0,0.6,0.9709505944546686,0.4854752972273343
combats,word,2.0,0.0,0.0,3.0,5.0,0.4,0.0,0.0,0.6,0.9709505944546686,0.4854752972273343
bataille,word,2.0,0.0,0.0,3.0,5.0,0.4,0.0,0.0,0.6,0.9709505944546686,0.4854752972273343
bataille,lemma,2.0,0.0,0.0,3.0,5.0,0.4,0.0,0.0,0.6,0.9709505944546686,0.4854752972273343
veux,lemma,0.0,0.0,3.0,2.0,5.0,0.0,0.0,0.6,0.4,0.9709505944546686,0.4854752972273343
réjouit,word,3.0,2.0,0.0,0.0,5.0,0.6,0.4,0.0,0.0,0.9709505944546686,0.4854752972273343
favoriser,lemma,2.0,0.0,0.0,3.0,5.0,0.4,0.0,0.0,0.6,0.9709505944546686,0.4854752972273343
arrivée,word,0.0,2.0,0.0,3.0,5.0,0.0,0.4,0.0,0.6,0.9709505944546686,0.4854752972273343
villages,word,2.0,0.0,0.0,3.0,5.0,0.4,0.0,0.0,0.6,0.9709505944546686,0.4854752972273343
violents,word,6.0,0.0,0.0,4.0,10.0,0.6,0.0,0.0,0.4,0.9709505944546686,0.4854752972273343
armée,lemma,2.0,0.0,0.0,3.0,5.0,0.4,0.0,0.0,0.6,0.9709505944546686,0.4854752972273343
bateau,lemma,3.0,0.0,0.0,2.0,5.0,0.6,0.0,0.0,0.4,0.9709505944546686,0.4854752972273343
gouverner,word,2.0,0.0,0.0,3.0,5.0,0.4,0.0,0.0,0.6,0.9709505944546686,0.4854752972273343
parlé,word,2.0,0.0,0.0,3.0,5.0,0.4,0.0,0.0,0.6,0.9709505944546686,0.4854752972273343
adulte,lemma,0.0,3.0,0.0,2.0,5.0,0.0,0.6,0.0,0.4,0.9709505944546686,0.4854752972273343
partir,word,2.0,0.0,0.0,3.0,5.0,0.4,0.0,0.0,0.6,0.9709505944546686,0.4854752972273343
drôles,word,0.0,2.0,0.0,3.0,5.0,0.0,0.4,0.0,0.6,0.9709505944546686,0.4854752972273343
nuire,lemma,2.0,0.0,0.0,3.0,5.0,0.4,0.0,0.0,0.6,0.9709505944546686,0.4854752972273343
ton,lemma,1.0,0.0,33.0,12.0,46.0,0.021739130434782608,0.0,0.717391304347826,0.2608695652173913,0.9695498702421687,0.4847749351210843
rue,lemma,16.0,0.0,1.0,4.0,21.0,0.7619047619047619,0.0,0.047619047619047616,0.19047619047619047,0.9637459942073318,0.4818729971036659
gouvernement,word,16.0,1.0,0.0,4.0,21.0,0.7619047619047619,0.047619047619047616,0.0,0.19047619047619047,0.9637459942073318,0.4818729971036659
grandes,word,8.0,0.0,0.0,5.0,13.0,0.6153846153846154,0.0,0.0,0.38461538461538464,0.9612366047228759,0.48061830236143793
sans,word,4.0,3.0,1.0,35.0,43.0,0.09302325581395349,0.06976744186046512,0.023255813953488372,0.813953488372093,0.9546416594640214,0.4773208297320107
sans,lemma,4.0,3.0,1.0,35.0,43.0,0.09302325581395349,0.06976744186046512,0.023255813953488372,0.813953488372093,0.9546416594640214,0.4773208297320107
brûler,lemma,3.0,0.0,0.0,5.0,8.0,0.375,0.0,0.0,0.625,0.954434002924965,0.4772170014624825
traité,word,3.0,5.0,0.0,0.0,8.0,0.375,0.625,0.0,0.0,0.954434002924965,0.4772170014624825
détruire,word,0.0,3.0,0.0,5.0,8.0,0.0,0.375,0.0,0.625,0.954434002924965,0.4772170014624825
étrange,word,0.0,5.0,0.0,3.0,8.0,0.0,0.625,0.0,0.375,0.954434002924965,0.4772170014624825
voit,word,0.0,0.0,3.0,5.0,8.0,0.0,0.0,0.375,0.625,0.954434002924965,0.4772170014624825
réjouir,lemma,5.0,3.0,0.0,0.0,8.0,0.625,0.375,0.0,0.0,0.954434002924965,0.4772170014624825
enfermer,lemma,3.0,0.0,0.0,5.0,8.0,0.375,0.0,0.0,0.625,0.954434002924965,0.4772170014624825
exploser,lemma,0.0,0.0,3.0,5.0,8.0,0.0,0.0,0.375,0.625,0.954434002924965,0.4772170014624825
injustices,word,3.0,0.0,0.0,5.0,8.0,0.375,0.0,0.0,0.625,0.954434002924965,0.4772170014624825
blanc,lemma,3.0,0.0,0.0,5.0,8.0,0.375,0.0,0.0,0.625,0.954434002924965,0.4772170014624825
heure,lemma,3.0,0.0,0.0,5.0,8.0,0.375,0.0,0.0,0.625,0.954434002924965,0.4772170014624825
horrible,word,0.0,11.0,2.0,1.0,14.0,0.0,0.7857142857142857,0.14285714285714285,0.07142857142857142,0.9463729359854419,0.47318646799272096
danser,lemma,4.0,0.0,0.0,7.0,11.0,0.36363636363636365,0.0,0.0,0.6363636363636364,0.9456603046006401,0.47283015230032005
pris,word,4.0,0.0,0.0,7.0,11.0,0.36363636363636365,0.0,0.0,0.6363636363636364,0.9456603046006401,0.47283015230032005
rendu,word,7.0,0.0,0.0,4.0,11.0,0.6363636363636364,0.0,0.0,0.36363636363636365,0.9456603046006401,0.47283015230032005
joie,lemma,3.0,14.0,0.0,1.0,18.0,0.16666666666666666,0.7777777777777778,0.0,0.05555555555555555,0.9444885341662053,0.47224426708310263
joie,word,3.0,14.0,0.0,1.0,18.0,0.16666666666666666,0.7777777777777778,0.0,0.05555555555555555,0.9444885341662053,0.47224426708310263
mourir,lemma,1.0,3.0,2.0,28.0,34.0,0.029411764705882353,0.08823529411764706,0.058823529411764705,0.8235294117647058,0.9297915083157398,0.4648957541578699
énorme,word,0.0,8.0,1.0,1.0,10.0,0.0,0.8,0.1,0.1,0.9219280948873623,0.46096404744368114
terres,word,1.0,1.0,0.0,8.0,10.0,0.1,0.1,0.0,0.8,0.9219280948873623,0.46096404744368114
attendre,lemma,1.0,0.0,1.0,8.0,10.0,0.1,0.0,0.1,0.8,0.9219280948873623,0.46096404744368114
jeu,lemma,1.0,0.0,1.0,8.0,10.0,0.1,0.0,0.1,0.8,0.9219280948873623,0.46096404744368114
image,lemma,1.0,0.0,1.0,8.0,10.0,0.1,0.0,0.1,0.8,0.9219280948873623,0.46096404744368114
dormir,lemma,1.0,0.0,1.0,8.0,10.0,0.1,0.0,0.1,0.8,0.9219280948873623,0.46096404744368114
mouvement,lemma,8.0,1.0,0.0,1.0,10.0,0.8,0.1,0.0,0.1,0.9219280948873623,0.46096404744368114
révolte,word,8.0,1.0,0.0,1.0,10.0,0.8,0.1,0.0,0.1,0.9219280948873623,0.46096404744368114
révolte,lemma,8.0,1.0,0.0,1.0,10.0,0.8,0.1,0.0,0.1,0.9219280948873623,0.46096404744368114
épidémies,word,1.0,0.0,0.0,2.0,3.0,0.3333333333333333,0.0,0.0,0.6666666666666666,0.9182958340544896,0.4591479170272448
sonore,lemma,2.0,0.0,0.0,1.0,3.0,0.6666666666666666,0.0,0.0,0.3333333333333333,0.9182958340544896,0.4591479170272448
célèbre,lemma,2.0,0.0,0.0,1.0,3.0,0.6666666666666666,0.0,0.0,0.3333333333333333,0.9182958340544896,0.4591479170272448
nouvelles,word,0.0,1.0,0.0,2.0,3.0,0.0,0.3333333333333333,0.0,0.6666666666666666,0.9182958340544896,0.4591479170272448
neige,lemma,0.0,1.0,0.0,2.0,3.0,0.0,0.3333333333333333,0.0,0.6666666666666666,0.9182958340544896,0.4591479170272448
nuisance,lemma,2.0,0.0,0.0,1.0,3.0,0.6666666666666666,0.0,0.0,0.3333333333333333,0.9182958340544896,0.4591479170272448
évacuer,lemma,2.0,0.0,0.0,1.0,3.0,0.6666666666666666,0.0,0.0,0.3333333333333333,0.9182958340544896,0.4591479170272448
cérémonie,lemma,0.0,1.0,0.0,2.0,3.0,0.0,0.3333333333333333,0.0,0.6666666666666666,0.9182958340544896,0.4591479170272448
pousser,lemma,1.0,0.0,2.0,0.0,3.0,0.3333333333333333,0.0,0.6666666666666666,0.0,0.9182958340544896,0.4591479170272448
banal,word,0.0,1.0,0.0,2.0,3.0,0.0,0.3333333333333333,0.0,0.6666666666666666,0.9182958340544896,0.4591479170272448
banal,lemma,0.0,1.0,0.0,2.0,3.0,0.0,0.3333333333333333,0.0,0.6666666666666666,0.9182958340544896,0.4591479170272448
bain,lemma,2.0,0.0,0.0,1.0,3.0,0.6666666666666666,0.0,0.0,0.3333333333333333,0.9182958340544896,0.4591479170272448
dépenser,lemma,0.0,1.0,0.0,2.0,3.0,0.0,0.3333333333333333,0.0,0.6666666666666666,0.9182958340544896,0.4591479170272448
dévorer,lemma,2.0,0.0,0.0,1.0,3.0,0.6666666666666666,0.0,0.0,0.3333333333333333,0.9182958340544896,0.4591479170272448
fièvre,word,1.0,0.0,0.0,2.0,3.0,0.3333333333333333,0.0,0.0,0.6666666666666666,0.9182958340544896,0.4591479170272448
fièvre,lemma,1.0,0.0,0.0,2.0,3.0,0.3333333333333333,0.0,0.0,0.6666666666666666,0.9182958340544896,0.4591479170272448
gaz,lemma,1.0,0.0,0.0,2.0,3.0,0.3333333333333333,0.0,0.0,0.6666666666666666,0.9182958340544896,0.4591479170272448
gamin,lemma,1.0,0.0,2.0,0.0,3.0,0.3333333333333333,0.0,0.6666666666666666,0.0,0.9182958340544896,0.4591479170272448
frites,word,0.0,0.0,1.0,2.0,3.0,0.0,0.0,0.3333333333333333,0.6666666666666666,0.9182958340544896,0.4591479170272448
écrire,word,1.0,0.0,0.0,2.0,3.0,0.3333333333333333,0.0,0.0,0.6666666666666666,0.9182958340544896,0.4591479170272448
écrir,lemma,1.0,0.0,0.0,2.0,3.0,0.3333333333333333,0.0,0.0,0.6666666666666666,0.9182958340544896,0.4591479170272448
échappé,word,1.0,0.0,0.0,2.0,3.0,0.3333333333333333,0.0,0.0,0.6666666666666666,0.9182958340544896,0.4591479170272448
échapper,lemma,6.0,0.0,0.0,3.0,9.0,0.6666666666666666,0.0,0.0,0.3333333333333333,0.9182958340544896,0.4591479170272448
possible,lemma,0.0,1.0,0.0,2.0,3.0,0.0,0.3333333333333333,0.0,0.6666666666666666,0.9182958340544896,0.4591479170272448
savoir,word,0.0,0.0,6.0,3.0,9.0,0.0,0.0,0.6666666666666666,0.3333333333333333,0.9182958340544896,0.4591479170272448
secret,lemma,0.0,1.0,0.0,2.0,3.0,0.0,0.3333333333333333,0.0,0.6666666666666666,0.9182958340544896,0.4591479170272448
zones,word,0.0,1.0,0.0,2.0,3.0,0.0,0.3333333333333333,0.0,0.6666666666666666,0.9182958340544896,0.4591479170272448
bord,lemma,1.0,0.0,0.0,2.0,3.0,0.3333333333333333,0.0,0.0,0.6666666666666666,0.9182958340544896,0.4591479170272448
originale,word,0.0,1.0,0.0,2.0,3.0,0.0,0.3333333333333333,0.0,0.6666666666666666,0.9182958340544896,0.4591479170272448
original,lemma,0.0,1.0,0.0,2.0,3.0,0.0,0.3333333333333333,0.0,0.6666666666666666,0.9182958340544896,0.4591479170272448
méthode,lemma,0.0,0.0,1.0,2.0,3.0,0.0,0.0,0.3333333333333333,0.6666666666666666,0.9182958340544896,0.4591479170272448
fort,word,6.0,0.0,0.0,3.0,9.0,0.6666666666666666,0.0,0.0,0.3333333333333333,0.9182958340544896,0.4591479170272448
année,word,1.0,0.0,0.0,2.0,3.0,0.3333333333333333,0.0,0.0,0.6666666666666666,0.9182958340544896,0.4591479170272448
opération,lemma,0.0,1.0,0.0,2.0,3.0,0.0,0.3333333333333333,0.0,0.6666666666666666,0.9182958340544896,0.4591479170272448
oiseaux,word,0.0,1.0,0.0,2.0,3.0,0.0,0.3333333333333333,0.0,0.6666666666666666,0.9182958340544896,0.4591479170272448
oiseau,lemma,0.0,1.0,0.0,2.0,3.0,0.0,0.3333333333333333,0.0,0.6666666666666666,0.9182958340544896,0.4591479170272448
frite,lemma,0.0,0.0,1.0,2.0,3.0,0.0,0.0,0.3333333333333333,0.6666666666666666,0.9182958340544896,0.4591479170272448
frein,lemma,0.0,1.0,0.0,2.0,3.0,0.0,0.3333333333333333,0.0,0.6666666666666666,0.9182958340544896,0.4591479170272448
condamner,lemma,2.0,0.0,0.0,4.0,6.0,0.3333333333333333,0.0,0.0,0.6666666666666666,0.9182958340544896,0.4591479170272448
angoissé,word,0.0,2.0,1.0,0.0,3.0,0.0,0.6666666666666666,0.3333333333333333,0.0,0.9182958340544896,0.4591479170272448
climatique,word,1.0,2.0,0.0,0.0,3.0,0.3333333333333333,0.6666666666666666,0.0,0.0,0.9182958340544896,0.4591479170272448
moyens,word,1.0,0.0,0.0,2.0,3.0,0.3333333333333333,0.0,0.0,0.6666666666666666,0.9182958340544896,0.4591479170272448
demandé,word,0.0,0.0,1.0,2.0,3.0,0.0,0.0,0.3333333333333333,0.6666666666666666,0.9182958340544896,0.4591479170272448
différentes,word,2.0,0.0,0.0,1.0,3.0,0.6666666666666666,0.0,0.0,0.3333333333333333,0.9182958340544896,0.4591479170272448
cu,word,0.0,0.0,2.0,1.0,3.0,0.0,0.0,0.6666666666666666,0.3333333333333333,0.9182958340544896,0.4591479170272448
mêler,lemma,1.0,0.0,0.0,2.0,3.0,0.3333333333333333,0.0,0.0,0.6666666666666666,0.9182958340544896,0.4591479170272448
métier,word,0.0,1.0,0.0,2.0,3.0,0.0,0.3333333333333333,0.0,0.6666666666666666,0.9182958340544896,0.4591479170272448
méthode,word,0.0,0.0,1.0,2.0,3.0,0.0,0.0,0.3333333333333333,0.6666666666666666,0.9182958340544896,0.4591479170272448
organiser,lemma,3.0,0.0,0.0,6.0,9.0,0.3333333333333333,0.0,0.0,0.6666666666666666,0.9182958340544896,0.4591479170272448
ordre,word,1.0,0.0,0.0,2.0,3.0,0.3333333333333333,0.0,0.0,0.6666666666666666,0.9182958340544896,0.4591479170272448
ordre,lemma,1.0,0.0,0.0,2.0,3.0,0.3333333333333333,0.0,0.0,0.6666666666666666,0.9182958340544896,0.4591479170272448
musique,word,1.0,0.0,0.0,2.0,3.0,0.3333333333333333,0.0,0.0,0.6666666666666666,0.9182958340544896,0.4591479170272448
musique,lemma,1.0,0.0,0.0,2.0,3.0,0.3333333333333333,0.0,0.0,0.6666666666666666,0.9182958340544896,0.4591479170272448
glace,word,0.0,1.0,0.0,2.0,3.0,0.0,0.3333333333333333,0.0,0.6666666666666666,0.9182958340544896,0.4591479170272448
gigantesque,lemma,1.0,0.0,0.0,2.0,3.0,0.3333333333333333,0.0,0.0,0.6666666666666666,0.9182958340544896,0.4591479170272448
gaz,word,1.0,0.0,0.0,2.0,3.0,0.3333333333333333,0.0,0.0,0.6666666666666666,0.9182958340544896,0.4591479170272448
fondations,word,1.0,0.0,0.0,2.0,3.0,0.3333333333333333,0.0,0.0,0.6666666666666666,0.9182958340544896,0.4591479170272448
fondation,lemma,1.0,0.0,0.0,2.0,3.0,0.3333333333333333,0.0,0.0,0.6666666666666666,0.9182958340544896,0.4591479170272448
spectacle,word,1.0,0.0,0.0,2.0,3.0,0.3333333333333333,0.0,0.0,0.6666666666666666,0.9182958340544896,0.4591479170272448
suivant,lemma,2.0,0.0,0.0,1.0,3.0,0.6666666666666666,0.0,0.0,0.3333333333333333,0.9182958340544896,0.4591479170272448
suite,word,0.0,1.0,0.0,2.0,3.0,0.0,0.3333333333333333,0.0,0.6666666666666666,0.9182958340544896,0.4591479170272448
suite,lemma,0.0,1.0,0.0,2.0,3.0,0.0,0.3333333333333333,0.0,0.6666666666666666,0.9182958340544896,0.4591479170272448
gronder,word,1.0,0.0,0.0,2.0,3.0,0.3333333333333333,0.0,0.0,0.6666666666666666,0.9182958340544896,0.4591479170272448
habitant,lemma,0.0,2.0,0.0,4.0,6.0,0.0,0.3333333333333333,0.0,0.6666666666666666,0.9182958340544896,0.4591479170272448
habit,lemma,0.0,0.0,1.0,2.0,3.0,0.0,0.0,0.3333333333333333,0.6666666666666666,0.9182958340544896,0.4591479170272448
arrivent,word,1.0,0.0,0.0,2.0,3.0,0.3333333333333333,0.0,0.0,0.6666666666666666,0.9182958340544896,0.4591479170272448
arraché,word,1.0,0.0,0.0,2.0,3.0,0.3333333333333333,0.0,0.0,0.6666666666666666,0.9182958340544896,0.4591479170272448
arracher,lemma,2.0,0.0,0.0,4.0,6.0,0.3333333333333333,0.0,0.0,0.6666666666666666,0.9182958340544896,0.4591479170272448
s,lemma,0.0,0.0,1.0,2.0,3.0,0.0,0.0,0.3333333333333333,0.6666666666666666,0.9182958340544896,0.4591479170272448
révoltée,word,2.0,1.0,0.0,0.0,3.0,0.6666666666666666,0.3333333333333333,0.0,0.0,0.9182958340544896,0.4591479170272448
clinton,word,2.0,1.0,0.0,0.0,3.0,0.6666666666666666,0.3333333333333333,0.0,0.0,0.9182958340544896,0.4591479170272448
clinton,lemma,2.0,1.0,0.0,0.0,3.0,0.6666666666666666,0.3333333333333333,0.0,0.0,0.9182958340544896,0.4591479170272448
répression,lemma,0.0,1.0,0.0,2.0,3.0,0.0,0.3333333333333333,0.0,0.6666666666666666,0.9182958340544896,0.4591479170272448
régner,lemma,1.0,0.0,0.0,2.0,3.0,0.3333333333333333,0.0,0.0,0.6666666666666666,0.9182958340544896,0.4591479170272448
admiration,word,1.0,2.0,0.0,0.0,3.0,0.3333333333333333,0.6666666666666666,0.0,0.0,0.9182958340544896,0.4591479170272448
admiration,lemma,1.0,2.0,0.0,0.0,3.0,0.3333333333333333,0.6666666666666666,0.0,0.0,0.9182958340544896,0.4591479170272448
actrice,word,0.0,1.0,0.0,2.0,3.0,0.0,0.3333333333333333,0.0,0.6666666666666666,0.9182958340544896,0.4591479170272448
dernier,word,4.0,0.0,0.0,2.0,6.0,0.6666666666666666,0.0,0.0,0.3333333333333333,0.9182958340544896,0.4591479170272448
musée,word,1.0,0.0,0.0,2.0,3.0,0.3333333333333333,0.0,0.0,0.6666666666666666,0.9182958340544896,0.4591479170272448
cu,lemma,0.0,0.0,2.0,1.0,3.0,0.0,0.0,0.6666666666666666,0.3333333333333333,0.9182958340544896,0.4591479170272448
moyen,lemma,1.0,0.0,0.0,2.0,3.0,0.3333333333333333,0.0,0.0,0.6666666666666666,0.9182958340544896,0.4591479170272448
boum,word,0.0,0.0,2.0,4.0,6.0,0.0,0.0,0.3333333333333333,0.6666666666666666,0.9182958340544896,0.4591479170272448
boum,lemma,0.0,0.0,2.0,4.0,6.0,0.0,0.0,0.3333333333333333,0.6666666666666666,0.9182958340544896,0.4591479170272448
bord,word,1.0,0.0,0.0,2.0,3.0,0.3333333333333333,0.0,0.0,0.6666666666666666,0.9182958340544896,0.4591479170272448
pa,lemma,0.0,0.0,1.0,2.0,3.0,0.0,0.0,0.3333333333333333,0.6666666666666666,0.9182958340544896,0.4591479170272448
arrête,word,1.0,0.0,2.0,0.0,3.0,0.3333333333333333,0.0,0.6666666666666666,0.0,0.9182958340544896,0.4591479170272448
arrivée,lemma,0.0,2.0,0.0,4.0,6.0,0.0,0.3333333333333333,0.0,0.6666666666666666,0.9182958340544896,0.4591479170272448
forcé,word,1.0,0.0,0.0,2.0,3.0,0.3333333333333333,0.0,0.0,0.6666666666666666,0.9182958340544896,0.4591479170272448
russie,word,2.0,0.0,0.0,1.0,3.0,0.6666666666666666,0.0,0.0,0.3333333333333333,0.9182958340544896,0.4591479170272448
russie,lemma,2.0,0.0,0.0,1.0,3.0,0.6666666666666666,0.0,0.0,0.3333333333333333,0.9182958340544896,0.4591479170272448
royaume,lemma,0.0,1.0,0.0,2.0,3.0,0.0,0.3333333333333333,0.0,0.6666666666666666,0.9182958340544896,0.4591479170272448
habits,word,0.0,0.0,1.0,2.0,3.0,0.0,0.0,0.3333333333333333,0.6666666666666666,0.9182958340544896,0.4591479170272448
historique,word,1.0,0.0,0.0,2.0,3.0,0.3333333333333333,0.0,0.0,0.6666666666666666,0.9182958340544896,0.4591479170272448
historique,lemma,1.0,0.0,0.0,2.0,3.0,0.3333333333333333,0.0,0.0,0.6666666666666666,0.9182958340544896,0.4591479170272448
hillary,word,2.0,1.0,0.0,0.0,3.0,0.6666666666666666,0.3333333333333333,0.0,0.0,0.9182958340544896,0.4591479170272448
réagir,word,2.0,0.0,0.0,1.0,3.0,0.6666666666666666,0.0,0.0,0.3333333333333333,0.9182958340544896,0.4591479170272448
réagir,lemma,2.0,0.0,0.0,1.0,3.0,0.6666666666666666,0.0,0.0,0.3333333333333333,0.9182958340544896,0.4591479170272448
habitants,word,0.0,2.0,0.0,4.0,6.0,0.0,0.3333333333333333,0.0,0.6666666666666666,0.9182958340544896,0.4591479170272448
fierter,lemma,1.0,2.0,0.0,0.0,3.0,0.3333333333333333,0.6666666666666666,0.0,0.0,0.9182958340544896,0.4591479170272448
subit,word,0.0,2.0,0.0,1.0,3.0,0.0,0.6666666666666666,0.0,0.3333333333333333,0.9182958340544896,0.4591479170272448
subit,lemma,0.0,2.0,0.0,1.0,3.0,0.0,0.6666666666666666,0.0,0.3333333333333333,0.9182958340544896,0.4591479170272448
symbole,lemma,1.0,0.0,0.0,2.0,3.0,0.3333333333333333,0.0,0.0,0.6666666666666666,0.9182958340544896,0.4591479170272448
surgir,lemma,1.0,0.0,0.0,2.0,3.0,0.3333333333333333,0.0,0.0,0.6666666666666666,0.9182958340544896,0.4591479170272448
répression,word,0.0,1.0,0.0,2.0,3.0,0.0,0.3333333333333333,0.0,0.6666666666666666,0.9182958340544896,0.4591479170272448
amusent,word,4.0,2.0,0.0,0.0,6.0,0.6666666666666666,0.3333333333333333,0.0,0.0,0.9182958340544896,0.4591479170272448
sûrement,word,1.0,0.0,0.0,2.0,3.0,0.3333333333333333,0.0,0.0,0.6666666666666666,0.9182958340544896,0.4591479170272448
sûrement,lemma,1.0,0.0,0.0,2.0,3.0,0.3333333333333333,0.0,0.0,0.6666666666666666,0.9182958340544896,0.4591479170272448
sévit,word,0.0,1.0,0.0,2.0,3.0,0.0,0.3333333333333333,0.0,0.6666666666666666,0.9182958340544896,0.4591479170272448
sévir,lemma,0.0,1.0,0.0,2.0,3.0,0.0,0.3333333333333333,0.0,0.6666666666666666,0.9182958340544896,0.4591479170272448
sérieux,lemma,0.0,0.0,2.0,1.0,3.0,0.0,0.0,0.6666666666666666,0.3333333333333333,0.9182958340544896,0.4591479170272448
hillary,lemma,2.0,1.0,0.0,0.0,3.0,0.6666666666666666,0.3333333333333333,0.0,0.0,0.9182958340544896,0.4591479170272448
rythme,word,1.0,0.0,0.0,2.0,3.0,0.3333333333333333,0.0,0.0,0.6666666666666666,0.9182958340544896,0.4591479170272448
dispute,lemma,2.0,0.0,0.0,1.0,3.0,0.6666666666666666,0.0,0.0,0.3333333333333333,0.9182958340544896,0.4591479170272448
dirigeant,word,0.0,1.0,0.0,2.0,3.0,0.0,0.3333333333333333,0.0,0.6666666666666666,0.9182958340544896,0.4591479170272448
muslim,word,0.0,0.0,2.0,1.0,3.0,0.0,0.0,0.6666666666666666,0.3333333333333333,0.9182958340544896,0.4591479170272448
muslim,lemma,0.0,0.0,2.0,1.0,3.0,0.0,0.0,0.6666666666666666,0.3333333333333333,0.9182958340544896,0.4591479170272448
ouragan,lemma,0.0,1.0,0.0,2.0,3.0,0.0,0.3333333333333333,0.0,0.6666666666666666,0.9182958340544896,0.4591479170272448
vérité,word,0.0,0.0,2.0,1.0,3.0,0.0,0.0,0.6666666666666666,0.3333333333333333,0.9182958340544896,0.4591479170272448
distribution,word,0.0,0.0,2.0,1.0,3.0,0.0,0.0,0.6666666666666666,0.3333333333333333,0.9182958340544896,0.4591479170272448
distribution,lemma,0.0,0.0,2.0,1.0,3.0,0.0,0.0,0.6666666666666666,0.3333333333333333,0.9182958340544896,0.4591479170272448
talent,word,0.0,0.0,1.0,2.0,3.0,0.0,0.0,0.3333333333333333,0.6666666666666666,0.9182958340544896,0.4591479170272448
talent,lemma,0.0,0.0,1.0,2.0,3.0,0.0,0.0,0.3333333333333333,0.6666666666666666,0.9182958340544896,0.4591479170272448
table,lemma,0.0,0.0,2.0,1.0,3.0,0.0,0.0,0.6666666666666666,0.3333333333333333,0.9182958340544896,0.4591479170272448
riche,word,0.0,1.0,0.0,2.0,3.0,0.0,0.3333333333333333,0.0,0.6666666666666666,0.9182958340544896,0.4591479170272448
reçoit,word,1.0,0.0,0.0,2.0,3.0,0.3333333333333333,0.0,0.0,0.6666666666666666,0.9182958340544896,0.4591479170272448
rouler,lemma,2.0,0.0,0.0,1.0,3.0,0.6666666666666666,0.0,0.0,0.3333333333333333,0.9182958340544896,0.4591479170272448
rouges,word,0.0,1.0,0.0,2.0,3.0,0.0,0.3333333333333333,0.0,0.6666666666666666,0.9182958340544896,0.4591479170272448
rouge,lemma,0.0,1.0,0.0,2.0,3.0,0.0,0.3333333333333333,0.0,0.6666666666666666,0.9182958340544896,0.4591479170272448
rompu,word,2.0,0.0,0.0,1.0,3.0,0.6666666666666666,0.0,0.0,0.3333333333333333,0.9182958340544896,0.4591479170272448
rompre,lemma,2.0,0.0,0.0,1.0,3.0,0.6666666666666666,0.0,0.0,0.3333333333333333,0.9182958340544896,0.4591479170272448
réservoir,lemma,0.0,1.0,0.0,2.0,3.0,0.0,0.3333333333333333,0.0,0.6666666666666666,0.9182958340544896,0.4591479170272448
réseaux,word,1.0,0.0,0.0,2.0,3.0,0.3333333333333333,0.0,0.0,0.6666666666666666,0.9182958340544896,0.4591479170272448
faites,word,2.0,0.0,1.0,0.0,3.0,0.6666666666666666,0.0,0.3333333333333333,0.0,0.9182958340544896,0.4591479170272448
faisaient,word,2.0,1.0,0.0,0.0,3.0,0.6666666666666666,0.3333333333333333,0.0,0.0,0.9182958340544896,0.4591479170272448
construire,lemma,1.0,0.0,0.0,2.0,3.0,0.3333333333333333,0.0,0.0,0.6666666666666666,0.9182958340544896,0.4591479170272448
amusé,word,1.0,2.0,0.0,0.0,3.0,0.3333333333333333,0.6666666666666666,0.0,0.0,0.9182958340544896,0.4591479170272448
sensibles,word,0.0,1.0,0.0,2.0,3.0,0.0,0.3333333333333333,0.0,0.6666666666666666,0.9182958340544896,0.4591479170272448
soirée,lemma,0.0,0.0,1.0,2.0,3.0,0.0,0.0,0.3333333333333333,0.6666666666666666,0.9182958340544896,0.4591479170272448
apparition,word,0.0,1.0,0.0,2.0,3.0,0.0,0.3333333333333333,0.0,0.6666666666666666,0.9182958340544896,0.4591479170272448
apparition,lemma,0.0,1.0,0.0,2.0,3.0,0.0,0.3333333333333333,0.0,0.6666666666666666,0.9182958340544896,0.4591479170272448
chômage,lemma,2.0,0.0,0.0,1.0,3.0,0.6666666666666666,0.0,0.0,0.3333333333333333,0.9182958340544896,0.4591479170272448
fantômes,word,0.0,0.0,1.0,2.0,3.0,0.0,0.0,0.3333333333333333,0.6666666666666666,0.9182958340544896,0.4591479170272448
fantôme,lemma,0.0,0.0,1.0,2.0,3.0,0.0,0.0,0.3333333333333333,0.6666666666666666,0.9182958340544896,0.4591479170272448
voté,word,2.0,0.0,0.0,1.0,3.0,0.6666666666666666,0.0,0.0,0.3333333333333333,0.9182958340544896,0.4591479170272448
voter,word,0.0,2.0,0.0,1.0,3.0,0.0,0.6666666666666666,0.0,0.3333333333333333,0.9182958340544896,0.4591479170272448
moderne,word,1.0,0.0,0.0,2.0,3.0,0.3333333333333333,0.0,0.0,0.6666666666666666,0.9182958340544896,0.4591479170272448
partir,lemma,3.0,0.0,0.0,6.0,9.0,0.3333333333333333,0.0,0.0,0.6666666666666666,0.9182958340544896,0.4591479170272448
montrant,word,2.0,0.0,0.0,1.0,3.0,0.6666666666666666,0.0,0.0,0.3333333333333333,0.9182958340544896,0.4591479170272448
montagne,word,0.0,2.0,0.0,1.0,3.0,0.0,0.6666666666666666,0.0,0.3333333333333333,0.9182958340544896,0.4591479170272448
buts,word,1.0,0.0,0.0,2.0,3.0,0.3333333333333333,0.0,0.0,0.6666666666666666,0.9182958340544896,0.4591479170272448
partager,word,2.0,0.0,0.0,4.0,6.0,0.3333333333333333,0.0,0.0,0.6666666666666666,0.9182958340544896,0.4591479170272448
tel,lemma,0.0,0.0,1.0,2.0,3.0,0.0,0.0,0.3333333333333333,0.6666666666666666,0.9182958340544896,0.4591479170272448
fake,lemma,2.0,0.0,0.0,4.0,6.0,0.3333333333333333,0.0,0.0,0.6666666666666666,0.9182958340544896,0.4591479170272448
horribles,word,0.0,2.0,0.0,1.0,3.0,0.0,0.6666666666666666,0.0,0.3333333333333333,0.9182958340544896,0.4591479170272448
honte,lemma,0.0,2.0,1.0,0.0,3.0,0.0,0.6666666666666666,0.3333333333333333,0.0,0.9182958340544896,0.4591479170272448
ider,lemma,0.0,0.0,2.0,1.0,3.0,0.0,0.0,0.6666666666666666,0.3333333333333333,0.9182958340544896,0.4591479170272448
retourner,lemma,1.0,0.0,2.0,0.0,3.0,0.3333333333333333,0.0,0.6666666666666666,0.0,0.9182958340544896,0.4591479170272448
annoncer,lemma,1.0,0.0,0.0,2.0,3.0,0.3333333333333333,0.0,0.0,0.6666666666666666,0.9182958340544896,0.4591479170272448
animal,word,0.0,1.0,0.0,2.0,3.0,0.0,0.3333333333333333,0.0,0.6666666666666666,0.9182958340544896,0.4591479170272448
souffrir,word,0.0,10.0,0.0,5.0,15.0,0.0,0.6666666666666666,0.0,0.3333333333333333,0.9182958340544896,0.4591479170272448
gouvernements,word,2.0,0.0,0.0,1.0,3.0,0.6666666666666666,0.0,0.0,0.3333333333333333,0.9182958340544896,0.4591479170272448
servir,word,0.0,1.0,0.0,2.0,3.0,0.0,0.3333333333333333,0.0,0.6666666666666666,0.9182958340544896,0.4591479170272448
news,word,2.0,0.0,0.0,4.0,6.0,0.3333333333333333,0.0,0.0,0.6666666666666666,0.9182958340544896,0.4591479170272448
méchant,lemma,0.0,0.0,1.0,2.0,3.0,0.0,0.0,0.3333333333333333,0.6666666666666666,0.9182958340544896,0.4591479170272448
n'y,word,0.0,0.0,1.0,2.0,3.0,0.0,0.0,0.3333333333333333,0.6666666666666666,0.9182958340544896,0.4591479170272448
sombre,word,1.0,0.0,2.0,0.0,3.0,0.3333333333333333,0.0,0.6666666666666666,0.0,0.9182958340544896,0.4591479170272448
sombre,lemma,1.0,0.0,2.0,0.0,3.0,0.3333333333333333,0.0,0.6666666666666666,0.0,0.9182958340544896,0.4591479170272448
commises,word,1.0,0.0,0.0,2.0,3.0,0.3333333333333333,0.0,0.0,0.6666666666666666,0.9182958340544896,0.4591479170272448
renvoyer,word,0.0,1.0,0.0,2.0,3.0,0.0,0.3333333333333333,0.0,0.6666666666666666,0.9182958340544896,0.4591479170272448
conversation,word,0.0,1.0,0.0,2.0,3.0,0.0,0.3333333333333333,0.0,0.6666666666666666,0.9182958340544896,0.4591479170272448
conversation,lemma,0.0,1.0,0.0,2.0,3.0,0.0,0.3333333333333333,0.0,0.6666666666666666,0.9182958340544896,0.4591479170272448
contrôler,lemma,1.0,0.0,0.0,2.0,3.0,0.3333333333333333,0.0,0.0,0.6666666666666666,0.9182958340544896,0.4591479170272448
tenir,word,0.0,0.0,1.0,2.0,3.0,0.0,0.0,0.3333333333333333,0.6666666666666666,0.9182958340544896,0.4591479170272448
exemple,lemma,0.0,1.0,0.0,2.0,3.0,0.0,0.3333333333333333,0.0,0.6666666666666666,0.9182958340544896,0.4591479170272448
importante,word,0.0,1.0,0.0,2.0,3.0,0.0,0.3333333333333333,0.0,0.6666666666666666,0.9182958340544896,0.4591479170272448
montagne,lemma,0.0,2.0,0.0,1.0,3.0,0.0,0.6666666666666666,0.0,0.3333333333333333,0.9182958340544896,0.4591479170272448
adorer,lemma,0.0,0.0,2.0,1.0,3.0,0.0,0.0,0.6666666666666666,0.3333333333333333,0.9182958340544896,0.4591479170272448
adore,word,0.0,0.0,1.0,2.0,3.0,0.0,0.0,0.3333333333333333,0.6666666666666666,0.9182958340544896,0.4591479170272448
voisins,word,2.0,0.0,0.0,1.0,3.0,0.6666666666666666,0.0,0.0,0.3333333333333333,0.9182958340544896,0.4591479170272448
voile,word,0.0,0.0,1.0,2.0,3.0,0.0,0.0,0.3333333333333333,0.6666666666666666,0.9182958340544896,0.4591479170272448
voile,lemma,0.0,0.0,1.0,2.0,3.0,0.0,0.0,0.3333333333333333,0.6666666666666666,0.9182958340544896,0.4591479170272448
discours,word,1.0,0.0,0.0,2.0,3.0,0.3333333333333333,0.0,0.0,0.6666666666666666,0.9182958340544896,0.4591479170272448
discours,lemma,1.0,0.0,0.0,2.0,3.0,0.3333333333333333,0.0,0.0,0.6666666666666666,0.9182958340544896,0.4591479170272448
fake,word,2.0,0.0,0.0,4.0,6.0,0.3333333333333333,0.0,0.0,0.6666666666666666,0.9182958340544896,0.4591479170272448
mode,word,1.0,0.0,0.0,2.0,3.0,0.3333333333333333,0.0,0.0,0.6666666666666666,0.9182958340544896,0.4591479170272448
doute,lemma,0.0,0.0,1.0,2.0,3.0,0.0,0.0,0.3333333333333333,0.6666666666666666,0.9182958340544896,0.4591479170272448
mont,word,0.0,1.0,0.0,2.0,3.0,0.0,0.3333333333333333,0.0,0.6666666666666666,0.9182958340544896,0.4591479170272448
mont,lemma,0.0,1.0,0.0,2.0,3.0,0.0,0.3333333333333333,0.0,0.6666666666666666,0.9182958340544896,0.4591479170272448
fabuleux,word,0.0,2.0,1.0,0.0,3.0,0.0,0.6666666666666666,0.3333333333333333,0.0,0.9182958340544896,0.4591479170272448
fabuleux,lemma,0.0,2.0,1.0,0.0,3.0,0.0,0.6666666666666666,0.3333333333333333,0.0,0.9182958340544896,0.4591479170272448
tendues,word,2.0,0.0,0.0,4.0,6.0,0.3333333333333333,0.0,0.0,0.6666666666666666,0.9182958340544896,0.4591479170272448
texte,word,1.0,0.0,0.0,2.0,3.0,0.3333333333333333,0.0,0.0,0.6666666666666666,0.9182958340544896,0.4591479170272448
texte,lemma,1.0,0.0,0.0,2.0,3.0,0.3333333333333333,0.0,0.0,0.6666666666666666,0.9182958340544896,0.4591479170272448
tes,word,0.0,0.0,2.0,1.0,3.0,0.0,0.0,0.6666666666666666,0.3333333333333333,0.9182958340544896,0.4591479170272448
immenses,word,2.0,1.0,0.0,0.0,3.0,0.6666666666666666,0.3333333333333333,0.0,0.0,0.9182958340544896,0.4591479170272448
inciter,lemma,1.0,0.0,0.0,2.0,3.0,0.3333333333333333,0.0,0.0,0.6666666666666666,0.9182958340544896,0.4591479170272448
incapable,lemma,1.0,0.0,0.0,2.0,3.0,0.3333333333333333,0.0,0.0,0.6666666666666666,0.9182958340544896,0.4591479170272448
inattendu,lemma,0.0,2.0,0.0,1.0,3.0,0.0,0.6666666666666666,0.0,0.3333333333333333,0.9182958340544896,0.4591479170272448
impôt,lemma,2.0,0.0,0.0,1.0,3.0,0.6666666666666666,0.0,0.0,0.3333333333333333,0.9182958340544896,0.4591479170272448
restait,word,1.0,0.0,0.0,2.0,3.0,0.3333333333333333,0.0,0.0,0.6666666666666666,0.9182958340544896,0.4591479170272448
etat,lemma,1.0,0.0,0.0,2.0,3.0,0.3333333333333333,0.0,0.0,0.6666666666666666,0.9182958340544896,0.4591479170272448
blancs,word,1.0,0.0,0.0,2.0,3.0,0.3333333333333333,0.0,0.0,0.6666666666666666,0.9182958340544896,0.4591479170272448
blanc,word,1.0,0.0,0.0,2.0,3.0,0.3333333333333333,0.0,0.0,0.6666666666666666,0.9182958340544896,0.4591479170272448
camarade,lemma,0.0,0.0,1.0,2.0,3.0,0.0,0.0,0.3333333333333333,0.6666666666666666,0.9182958340544896,0.4591479170272448
caisses,word,1.0,0.0,0.0,2.0,3.0,0.3333333333333333,0.0,0.0,0.6666666666666666,0.9182958340544896,0.4591479170272448
exemple,word,0.0,1.0,0.0,2.0,3.0,0.0,0.3333333333333333,0.0,0.6666666666666666,0.9182958340544896,0.4591479170272448
toilette,lemma,2.0,1.0,0.0,0.0,3.0,0.6666666666666666,0.3333333333333333,0.0,0.0,0.9182958340544896,0.4591479170272448
impressionnante,word,0.0,2.0,0.0,1.0,3.0,0.0,0.6666666666666666,0.0,0.3333333333333333,0.9182958340544896,0.4591479170272448
renoncer,lemma,2.0,0.0,0.0,1.0,3.0,0.6666666666666666,0.0,0.0,0.3333333333333333,0.9182958340544896,0.4591479170272448
impatiente,word,0.0,2.0,0.0,1.0,3.0,0.0,0.6666666666666666,0.0,0.3333333333333333,0.9182958340544896,0.4591479170272448
payé,word,2.0,0.0,0.0,1.0,3.0,0.6666666666666666,0.0,0.0,0.3333333333333333,0.9182958340544896,0.4591479170272448
pavé,word,0.0,0.0,2.0,1.0,3.0,0.0,0.0,0.6666666666666666,0.3333333333333333,0.9182958340544896,0.4591479170272448
pavé,lemma,0.0,0.0,2.0,1.0,3.0,0.0,0.0,0.6666666666666666,0.3333333333333333,0.9182958340544896,0.4591479170272448
pauvreté,word,2.0,0.0,0.0,4.0,6.0,0.3333333333333333,0.0,0.0,0.6666666666666666,0.9182958340544896,0.4591479170272448
pauvreté,lemma,2.0,0.0,0.0,4.0,6.0,0.3333333333333333,0.0,0.0,0.6666666666666666,0.9182958340544896,0.4591479170272448
moderne,lemma,1.0,0.0,0.0,2.0,3.0,0.3333333333333333,0.0,0.0,0.6666666666666666,0.9182958340544896,0.4591479170272448
es,word,0.0,0.0,8.0,4.0,12.0,0.0,0.0,0.6666666666666666,0.3333333333333333,0.9182958340544896,0.4591479170272448
envoyer,lemma,6.0,0.0,0.0,3.0,9.0,0.6666666666666666,0.0,0.0,0.3333333333333333,0.9182958340544896,0.4591479170272448
couleurs,word,2.0,0.0,0.0,1.0,3.0,0.6666666666666666,0.0,0.0,0.3333333333333333,0.9182958340544896,0.4591479170272448
couleur,lemma,2.0,0.0,0.0,1.0,3.0,0.6666666666666666,0.0,0.0,0.3333333333333333,0.9182958340544896,0.4591479170272448
timides,word,2.0,1.0,0.0,0.0,3.0,0.6666666666666666,0.3333333333333333,0.0,0.0,0.9182958340544896,0.4591479170272448
christ,word,2.0,0.0,0.0,1.0,3.0,0.6666666666666666,0.0,0.0,0.3333333333333333,0.9182958340544896,0.4591479170272448
mode,lemma,1.0,0.0,0.0,2.0,3.0,0.3333333333333333,0.0,0.0,0.6666666666666666,0.9182958340544896,0.4591479170272448
passés,word,2.0,0.0,0.0,1.0,3.0,0.6666666666666666,0.0,0.0,0.3333333333333333,0.9182958340544896,0.4591479170272448
bloquaient,word,1.0,0.0,0.0,2.0,3.0,0.3333333333333333,0.0,0.0,0.6666666666666666,0.9182958340544896,0.4591479170272448
ranger,lemma,2.0,1.0,0.0,0.0,3.0,0.6666666666666666,0.3333333333333333,0.0,0.0,0.9182958340544896,0.4591479170272448
r,word,0.0,0.0,1.0,2.0,3.0,0.0,0.0,0.3333333333333333,0.6666666666666666,0.9182958340544896,0.4591479170272448
quotidien,word,1.0,0.0,0.0,2.0,3.0,0.3333333333333333,0.0,0.0,0.6666666666666666,0.9182958340544896,0.4591479170272448
reconnu,word,1.0,0.0,0.0,2.0,3.0,0.3333333333333333,0.0,0.0,0.6666666666666666,0.9182958340544896,0.4591479170272448
informatiques,word,1.0,0.0,0.0,2.0,3.0,0.3333333333333333,0.0,0.0,0.6666666666666666,0.9182958340544896,0.4591479170272448
insolites,word,0.0,2.0,0.0,1.0,3.0,0.0,0.6666666666666666,0.0,0.3333333333333333,0.9182958340544896,0.4591479170272448
etat,word,1.0,0.0,0.0,2.0,3.0,0.3333333333333333,0.0,0.0,0.6666666666666666,0.9182958340544896,0.4591479170272448
quitter,word,8.0,0.0,0.0,4.0,12.0,0.6666666666666666,0.0,0.0,0.3333333333333333,0.9182958340544896,0.4591479170272448
drame,word,0.0,2.0,0.0,1.0,3.0,0.0,0.6666666666666666,0.0,0.3333333333333333,0.9182958340544896,0.4591479170272448
drame,lemma,0.0,2.0,0.0,1.0,3.0,0.0,0.6666666666666666,0.0,0.3333333333333333,0.9182958340544896,0.4591479170272448
doigt,lemma,1.0,2.0,0.0,0.0,3.0,0.3333333333333333,0.6666666666666666,0.0,0.0,0.9182958340544896,0.4591479170272448
candidat,lemma,1.0,0.0,0.0,2.0,3.0,0.3333333333333333,0.0,0.0,0.6666666666666666,0.9182958340544896,0.4591479170272448
campagne,lemma,0.0,2.0,0.0,1.0,3.0,0.0,0.6666666666666666,0.0,0.3333333333333333,0.9182958340544896,0.4591479170272448
caisse,lemma,1.0,0.0,0.0,2.0,3.0,0.3333333333333333,0.0,0.0,0.6666666666666666,0.9182958340544896,0.4591479170272448
migrants,word,1.0,0.0,0.0,2.0,3.0,0.3333333333333333,0.0,0.0,0.6666666666666666,0.9182958340544896,0.4591479170272448
migrant,lemma,1.0,0.0,0.0,2.0,3.0,0.3333333333333333,0.0,0.0,0.6666666666666666,0.9182958340544896,0.4591479170272448
meurtre,word,2.0,0.0,0.0,1.0,3.0,0.6666666666666666,0.0,0.0,0.3333333333333333,0.9182958340544896,0.4591479170272448
meurtre,lemma,2.0,0.0,0.0,1.0,3.0,0.6666666666666666,0.0,0.0,0.3333333333333333,0.9182958340544896,0.4591479170272448
capable,word,0.0,0.0,2.0,1.0,3.0,0.0,0.0,0.6666666666666666,0.3333333333333333,0.9182958340544896,0.4591479170272448
capable,lemma,0.0,0.0,2.0,1.0,3.0,0.0,0.0,0.6666666666666666,0.3333333333333333,0.9182958340544896,0.4591479170272448
adversaire,lemma,2.0,1.0,0.0,0.0,3.0,0.6666666666666666,0.3333333333333333,0.0,0.0,0.9182958340544896,0.4591479170272448
excellent,word,0.0,0.0,2.0,1.0,3.0,0.0,0.0,0.6666666666666666,0.3333333333333333,0.9182958340544896,0.4591479170272448
espace,lemma,1.0,0.0,0.0,2.0,3.0,0.3333333333333333,0.0,0.0,0.6666666666666666,0.9182958340544896,0.4591479170272448
jalousie,lemma,2.0,1.0,0.0,0.0,3.0,0.6666666666666666,0.3333333333333333,0.0,0.0,0.9182958340544896,0.4591479170272448
intérieur,word,2.0,1.0,0.0,0.0,3.0,0.6666666666666666,0.3333333333333333,0.0,0.0,0.9182958340544896,0.4591479170272448
intérieur,lemma,2.0,1.0,0.0,0.0,3.0,0.6666666666666666,0.3333333333333333,0.0,0.0,0.9182958340544896,0.4591479170272448
introduire,lemma,0.0,1.0,0.0,2.0,3.0,0.0,0.3333333333333333,0.0,0.6666666666666666,0.9182958340544896,0.4591479170272448
intriguer,lemma,0.0,2.0,0.0,1.0,3.0,0.0,0.6666666666666666,0.0,0.3333333333333333,0.9182958340544896,0.4591479170272448
internautes,word,2.0,0.0,0.0,1.0,3.0,0.6666666666666666,0.0,0.0,0.3333333333333333,0.9182958340544896,0.4591479170272448
christ,lemma,2.0,0.0,0.0,1.0,3.0,0.6666666666666666,0.0,0.0,0.3333333333333333,0.9182958340544896,0.4591479170272448
chouette,word,0.0,1.0,2.0,0.0,3.0,0.0,0.3333333333333333,0.6666666666666666,0.0,0.9182958340544896,0.4591479170272448
chouette,lemma,0.0,1.0,2.0,0.0,3.0,0.0,0.3333333333333333,0.6666666666666666,0.0,0.9182958340544896,0.4591479170272448
amis,word,3.0,0.0,0.0,6.0,9.0,0.3333333333333333,0.0,0.0,0.6666666666666666,0.9182958340544896,0.4591479170272448
entraîner,lemma,0.0,1.0,0.0,2.0,3.0,0.0,0.3333333333333333,0.0,0.6666666666666666,0.9182958340544896,0.4591479170272448
internaute,lemma,2.0,0.0,0.0,1.0,3.0,0.6666666666666666,0.0,0.0,0.3333333333333333,0.9182958340544896,0.4591479170272448
interdits,word,1.0,0.0,0.0,2.0,3.0,0.3333333333333333,0.0,0.0,0.6666666666666666,0.9182958340544896,0.4591479170272448
qu'un,word,0.0,0.0,1.0,2.0,3.0,0.0,0.0,0.3333333333333333,0.6666666666666666,0.9182958340544896,0.4591479170272448
qu'on,word,0.0,3.0,6.0,0.0,9.0,0.0,0.3333333333333333,0.6666666666666666,0.0,0.9182958340544896,0.4591479170272448
quitté,word,4.0,0.0,0.0,2.0,6.0,0.6666666666666666,0.0,0.0,0.3333333333333333,0.9182958340544896,0.4591479170272448
chinois,lemma,0.0,2.0,0.0,1.0,3.0,0.0,0.6666666666666666,0.0,0.3333333333333333,0.9182958340544896,0.4591479170272448
pure,word,0.0,0.0,2.0,1.0,3.0,0.0,0.0,0.6666666666666666,0.3333333333333333,0.9182958340544896,0.4591479170272448
pur,lemma,0.0,0.0,2.0,1.0,3.0,0.0,0.0,0.6666666666666666,0.3333333333333333,0.9182958340544896,0.4591479170272448
attrister,lemma,1.0,2.0,0.0,0.0,3.0,0.3333333333333333,0.6666666666666666,0.0,0.0,0.9182958340544896,0.4591479170272448
attentat,word,1.0,2.0,0.0,0.0,3.0,0.3333333333333333,0.6666666666666666,0.0,0.0,0.9182958340544896,0.4591479170272448
attendre,word,1.0,0.0,0.0,2.0,3.0,0.3333333333333333,0.0,0.0,0.6666666666666666,0.9182958340544896,0.4591479170272448
jouet,lemma,1.0,0.0,0.0,2.0,3.0,0.3333333333333333,0.0,0.0,0.6666666666666666,0.9182958340544896,0.4591479170272448
camp,lemma,1.0,0.0,0.0,2.0,3.0,0.3333333333333333,0.0,0.0,0.6666666666666666,0.9182958340544896,0.4591479170272448
bisou,lemma,2.0,0.0,0.0,1.0,3.0,0.6666666666666666,0.0,0.0,0.3333333333333333,0.9182958340544896,0.4591479170272448
birmanie,word,2.0,0.0,0.0,1.0,3.0,0.6666666666666666,0.0,0.0,0.3333333333333333,0.9182958340544896,0.4591479170272448
birmanie,lemma,2.0,0.0,0.0,1.0,3.0,0.6666666666666666,0.0,0.0,0.3333333333333333,0.9182958340544896,0.4591479170272448
birmane,word,1.0,0.0,0.0,2.0,3.0,0.3333333333333333,0.0,0.0,0.6666666666666666,0.9182958340544896,0.4591479170272448
interdiction,lemma,2.0,0.0,0.0,1.0,3.0,0.6666666666666666,0.0,0.0,0.3333333333333333,0.9182958340544896,0.4591479170272448
jamar,word,1.0,0.0,0.0,2.0,3.0,0.3333333333333333,0.0,0.0,0.6666666666666666,0.9182958340544896,0.4591479170272448
jamar,lemma,1.0,0.0,0.0,2.0,3.0,0.3333333333333333,0.0,0.0,0.6666666666666666,0.9182958340544896,0.4591479170272448
jalousies,word,2.0,1.0,0.0,0.0,3.0,0.6666666666666666,0.3333333333333333,0.0,0.0,0.9182958340544896,0.4591479170272448
entrez,word,0.0,0.0,1.0,2.0,3.0,0.0,0.0,0.3333333333333333,0.6666666666666666,0.9182958340544896,0.4591479170272448
jolies,word,0.0,0.0,1.0,2.0,3.0,0.0,0.0,0.3333333333333333,0.6666666666666666,0.9182958340544896,0.4591479170272448
mec,lemma,0.0,0.0,2.0,1.0,3.0,0.0,0.0,0.6666666666666666,0.3333333333333333,0.9182958340544896,0.4591479170272448
violemment,word,4.0,0.0,0.0,2.0,6.0,0.6666666666666666,0.0,0.0,0.3333333333333333,0.9182958340544896,0.4591479170272448
violemment,lemma,4.0,0.0,0.0,2.0,6.0,0.6666666666666666,0.0,0.0,0.3333333333333333,0.9182958340544896,0.4591479170272448
viol,word,0.0,0.0,1.0,2.0,3.0,0.0,0.0,0.3333333333333333,0.6666666666666666,0.9182958340544896,0.4591479170272448
visiteur,lemma,1.0,0.0,0.0,2.0,3.0,0.3333333333333333,0.0,0.0,0.6666666666666666,0.9182958340544896,0.4591479170272448
affoler,lemma,1.0,2.0,0.0,0.0,3.0,0.3333333333333333,0.6666666666666666,0.0,0.0,0.9182958340544896,0.4591479170272448
tiens,word,0.0,0.0,1.0,2.0,3.0,0.0,0.0,0.3333333333333333,0.6666666666666666,0.9182958340544896,0.4591479170272448
autonomie,word,2.0,0.0,0.0,1.0,3.0,0.6666666666666666,0.0,0.0,0.3333333333333333,0.9182958340544896,0.4591479170272448
pêcheurs,word,2.0,0.0,0.0,1.0,3.0,0.6666666666666666,0.0,0.0,0.3333333333333333,0.9182958340544896,0.4591479170272448
pêcheur,lemma,2.0,0.0,0.0,1.0,3.0,0.6666666666666666,0.0,0.0,0.3333333333333333,0.9182958340544896,0.4591479170272448
iront,word,0.0,1.0,0.0,2.0,3.0,0.0,0.3333333333333333,0.0,0.6666666666666666,0.9182958340544896,0.4591479170272448
inégalités,word,3.0,0.0,0.0,6.0,9.0,0.3333333333333333,0.0,0.0,0.6666666666666666,0.9182958340544896,0.4591479170272448
inégalité,lemma,3.0,0.0,0.0,6.0,9.0,0.3333333333333333,0.0,0.0,0.6666666666666666,0.9182958340544896,0.4591479170272448
chinois,word,0.0,2.0,0.0,1.0,3.0,0.0,0.6666666666666666,0.0,0.3333333333333333,0.9182958340544896,0.4591479170272448
traiter,lemma,3.0,6.0,0.0,0.0,9.0,0.3333333333333333,0.6666666666666666,0.0,0.0,0.9182958340544896,0.4591479170272448
touchés,word,1.0,0.0,0.0,2.0,3.0,0.3333333333333333,0.0,0.0,0.6666666666666666,0.9182958340544896,0.4591479170272448
jugés,word,1.0,0.0,0.0,2.0,3.0,0.3333333333333333,0.0,0.0,0.6666666666666666,0.9182958340544896,0.4591479170272448
judiciaire,word,2.0,0.0,0.0,1.0,3.0,0.6666666666666666,0.0,0.0,0.3333333333333333,0.9182958340544896,0.4591479170272448
judiciaire,lemma,2.0,0.0,0.0,1.0,3.0,0.6666666666666666,0.0,0.0,0.3333333333333333,0.9182958340544896,0.4591479170272448
jouets,word,1.0,0.0,0.0,2.0,3.0,0.3333333333333333,0.0,0.0,0.6666666666666666,0.9182958340544896,0.4591479170272448
pensent,word,2.0,0.0,0.0,1.0,3.0,0.6666666666666666,0.0,0.0,0.3333333333333333,0.9182958340544896,0.4591479170272448
peuples,word,0.0,1.0,0.0,2.0,3.0,0.0,0.3333333333333333,0.0,0.6666666666666666,0.9182958340544896,0.4591479170272448
birman,lemma,1.0,0.0,0.0,2.0,3.0,0.3333333333333333,0.0,0.0,0.6666666666666666,0.9182958340544896,0.4591479170272448
essaie,word,0.0,0.0,1.0,2.0,3.0,0.0,0.0,0.3333333333333333,0.6666666666666666,0.9182958340544896,0.4591479170272448
esprit,lemma,2.0,0.0,0.0,1.0,3.0,0.6666666666666666,0.0,0.0,0.3333333333333333,0.9182958340544896,0.4591479170272448
espionner,word,2.0,0.0,0.0,4.0,6.0,0.3333333333333333,0.0,0.0,0.6666666666666666,0.9182958340544896,0.4591479170272448
espace,word,1.0,0.0,0.0,2.0,3.0,0.3333333333333333,0.0,0.0,0.6666666666666666,0.9182958340544896,0.4591479170272448
enfant,word,0.0,2.0,0.0,4.0,6.0,0.0,0.3333333333333333,0.0,0.6666666666666666,0.9182958340544896,0.4591479170272448
empêcher,word,2.0,0.0,0.0,4.0,6.0,0.3333333333333333,0.0,0.0,0.6666666666666666,0.9182958340544896,0.4591479170272448
entrée,word,1.0,0.0,0.0,2.0,3.0,0.3333333333333333,0.0,0.0,0.6666666666666666,0.9182958340544896,0.4591479170272448
ensuite,word,0.0,1.0,0.0,2.0,3.0,0.0,0.3333333333333333,0.0,0.6666666666666666,0.9182958340544896,0.4591479170272448
ensuite,lemma,0.0,1.0,0.0,2.0,3.0,0.0,0.3333333333333333,0.0,0.6666666666666666,0.9182958340544896,0.4591479170272448
enrager,lemma,1.0,2.0,0.0,0.0,3.0,0.3333333333333333,0.6666666666666666,0.0,0.0,0.9182958340544896,0.4591479170272448
journée,lemma,2.0,0.0,0.0,1.0,3.0,0.6666666666666666,0.0,0.0,0.3333333333333333,0.9182958340544896,0.4591479170272448
joueur,word,0.0,0.0,2.0,4.0,6.0,0.0,0.0,0.3333333333333333,0.6666666666666666,0.9182958340544896,0.4591479170272448
chauffer,lemma,2.0,0.0,0.0,1.0,3.0,0.6666666666666666,0.0,0.0,0.3333333333333333,0.9182958340544896,0.4591479170272448
avancer,lemma,0.0,0.0,1.0,2.0,3.0,0.0,0.0,0.3333333333333333,0.6666666666666666,0.9182958340544896,0.4591479170272448
avance,lemma,4.0,0.0,0.0,2.0,6.0,0.6666666666666666,0.0,0.0,0.3333333333333333,0.9182958340544896,0.4591479170272448
puni,word,0.0,1.0,0.0,2.0,3.0,0.0,0.3333333333333333,0.0,0.6666666666666666,0.9182958340544896,0.4591479170272448
physique,word,2.0,0.0,0.0,1.0,3.0,0.6666666666666666,0.0,0.0,0.3333333333333333,0.9182958340544896,0.4591479170272448
physique,lemma,2.0,0.0,0.0,1.0,3.0,0.6666666666666666,0.0,0.0,0.3333333333333333,0.9182958340544896,0.4591479170272448
décide,word,1.0,0.0,0.0,2.0,3.0,0.3333333333333333,0.0,0.0,0.6666666666666666,0.9182958340544896,0.4591479170272448
menaçant,lemma,1.0,2.0,0.0,0.0,3.0,0.3333333333333333,0.6666666666666666,0.0,0.0,0.9182958340544896,0.4591479170272448
perdre,word,0.0,2.0,0.0,4.0,6.0,0.0,0.3333333333333333,0.0,0.6666666666666666,0.9182958340544896,0.4591479170272448
pensé,word,0.0,0.0,1.0,2.0,3.0,0.0,0.0,0.3333333333333333,0.6666666666666666,0.9182958340544896,0.4591479170272448
entreprise,word,2.0,0.0,0.0,1.0,3.0,0.6666666666666666,0.0,0.0,0.3333333333333333,0.9182958340544896,0.4591479170272448
viens,lemma,0.0,0.0,2.0,1.0,3.0,0.0,0.0,0.6666666666666666,0.3333333333333333,0.9182958340544896,0.4591479170272448
vidéo,word,0.0,0.0,2.0,1.0,3.0,0.0,0.0,0.6666666666666666,0.3333333333333333,0.9182958340544896,0.4591479170272448
mangent,word,1.0,0.0,0.0,2.0,3.0,0.3333333333333333,0.0,0.0,0.6666666666666666,0.9182958340544896,0.4591479170272448
courir,lemma,1.0,0.0,0.0,2.0,3.0,0.3333333333333333,0.0,0.0,0.6666666666666666,0.9182958340544896,0.4591479170272448
courant,lemma,1.0,0.0,0.0,2.0,3.0,0.3333333333333333,0.0,0.0,0.6666666666666666,0.9182958340544896,0.4591479170272448
traverser,lemma,1.0,0.0,0.0,2.0,3.0,0.3333333333333333,0.0,0.0,0.6666666666666666,0.9182958340544896,0.4591479170272448
trouve,word,0.0,0.0,1.0,2.0,3.0,0.0,0.0,0.3333333333333333,0.6666666666666666,0.9182958340544896,0.4591479170272448
alerte,word,2.0,1.0,0.0,0.0,3.0,0.6666666666666666,0.3333333333333333,0.0,0.0,0.9182958340544896,0.4591479170272448
alerte,lemma,2.0,1.0,0.0,0.0,3.0,0.6666666666666666,0.3333333333333333,0.0,0.0,0.9182958340544896,0.4591479170272448
alarme,word,2.0,0.0,0.0,1.0,3.0,0.6666666666666666,0.0,0.0,0.3333333333333333,0.9182958340544896,0.4591479170272448
lait,word,1.0,0.0,0.0,2.0,3.0,0.3333333333333333,0.0,0.0,0.6666666666666666,0.9182958340544896,0.4591479170272448
propre,lemma,1.0,0.0,0.0,2.0,3.0,0.3333333333333333,0.0,0.0,0.6666666666666666,0.9182958340544896,0.4591479170272448
autonomie,lemma,2.0,0.0,0.0,1.0,3.0,0.6666666666666666,0.0,0.0,0.3333333333333333,0.9182958340544896,0.4591479170272448
manqué,word,1.0,0.0,0.0,2.0,3.0,0.3333333333333333,0.0,0.0,0.6666666666666666,0.9182958340544896,0.4591479170272448
manque,lemma,1.0,0.0,0.0,2.0,3.0,0.3333333333333333,0.0,0.0,0.6666666666666666,0.9182958340544896,0.4591479170272448
meilleurs,word,2.0,0.0,0.0,1.0,3.0,0.6666666666666666,0.0,0.0,0.3333333333333333,0.9182958340544896,0.4591479170272448
livres,word,0.0,0.0,1.0,2.0,3.0,0.0,0.0,0.3333333333333333,0.6666666666666666,0.9182958340544896,0.4591479170272448
lit,word,0.0,0.0,2.0,4.0,6.0,0.0,0.0,0.3333333333333333,0.6666666666666666,0.9182958340544896,0.4591479170272448
premiers,word,1.0,0.0,0.0,2.0,3.0,0.3333333333333333,0.0,0.0,0.6666666666666666,0.9182958340544896,0.4591479170272448
projet,word,2.0,1.0,0.0,0.0,3.0,0.6666666666666666,0.3333333333333333,0.0,0.0,0.9182958340544896,0.4591479170272448
projet,lemma,2.0,1.0,0.0,0.0,3.0,0.6666666666666666,0.3333333333333333,0.0,0.0,0.9182958340544896,0.4591479170272448
produire,word,0.0,1.0,0.0,2.0,3.0,0.0,0.3333333333333333,0.0,0.6666666666666666,0.9182958340544896,0.4591479170272448
cela,word,0.0,0.0,1.0,2.0,3.0,0.0,0.0,0.3333333333333333,0.6666666666666666,0.9182958340544896,0.4591479170272448
causer,lemma,1.0,0.0,0.0,2.0,3.0,0.3333333333333333,0.0,0.0,0.6666666666666666,0.9182958340544896,0.4591479170272448
changer,lemma,2.0,0.0,0.0,1.0,3.0,0.6666666666666666,0.0,0.0,0.3333333333333333,0.9182958340544896,0.4591479170272448
changement,word,2.0,1.0,0.0,0.0,3.0,0.6666666666666666,0.3333333333333333,0.0,0.0,0.9182958340544896,0.4591479170272448
course,word,1.0,0.0,0.0,2.0,3.0,0.3333333333333333,0.0,0.0,0.6666666666666666,0.9182958340544896,0.4591479170272448
course,lemma,1.0,0.0,0.0,2.0,3.0,0.3333333333333333,0.0,0.0,0.6666666666666666,0.9182958340544896,0.4591479170272448
courir,word,1.0,0.0,0.0,2.0,3.0,0.3333333333333333,0.0,0.0,0.6666666666666666,0.9182958340544896,0.4591479170272448
délicieux,word,0.0,0.0,1.0,2.0,3.0,0.0,0.0,0.3333333333333333,0.6666666666666666,0.9182958340544896,0.4591479170272448
délicieux,lemma,0.0,0.0,1.0,2.0,3.0,0.0,0.0,0.3333333333333333,0.6666666666666666,0.9182958340544896,0.4591479170272448
viens,word,0.0,0.0,2.0,1.0,3.0,0.0,0.0,0.6666666666666666,0.3333333333333333,0.9182958340544896,0.4591479170272448
emploi,lemma,2.0,0.0,0.0,4.0,6.0,0.3333333333333333,0.0,0.0,0.6666666666666666,0.9182958340544896,0.4591479170272448
ajouter,lemma,0.0,1.0,0.0,2.0,3.0,0.0,0.3333333333333333,0.0,0.6666666666666666,0.9182958340544896,0.4591479170272448
ait,word,0.0,2.0,0.0,1.0,3.0,0.0,0.6666666666666666,0.0,0.3333333333333333,0.9182958340544896,0.4591479170272448
aise,lemma,0.0,6.0,0.0,3.0,9.0,0.0,0.6666666666666666,0.0,0.3333333333333333,0.9182958340544896,0.4591479170272448
tromper,lemma,0.0,0.0,2.0,1.0,3.0,0.0,0.0,0.6666666666666666,0.3333333333333333,0.9182958340544896,0.4591479170272448
turquie,word,2.0,0.0,0.0,1.0,3.0,0.6666666666666666,0.0,0.0,0.3333333333333333,0.9182958340544896,0.4591479170272448
turquie,lemma,2.0,0.0,0.0,1.0,3.0,0.6666666666666666,0.0,0.0,0.3333333333333333,0.9182958340544896,0.4591479170272448
députés,word,1.0,0.0,0.0,2.0,3.0,0.3333333333333333,0.0,0.0,0.6666666666666666,0.9182958340544896,0.4591479170272448
député,lemma,1.0,0.0,0.0,2.0,3.0,0.3333333333333333,0.0,0.0,0.6666666666666666,0.9182958340544896,0.4591479170272448
utilisateurs,word,2.0,0.0,0.0,1.0,3.0,0.6666666666666666,0.0,0.0,0.3333333333333333,0.9182958340544896,0.4591479170272448
utilisateur,lemma,2.0,0.0,0.0,1.0,3.0,0.6666666666666666,0.0,0.0,0.3333333333333333,0.9182958340544896,0.4591479170272448
université,word,2.0,0.0,0.0,1.0,3.0,0.6666666666666666,0.0,0.0,0.3333333333333333,0.9182958340544896,0.4591479170272448
union,word,1.0,0.0,0.0,2.0,3.0,0.3333333333333333,0.0,0.0,0.6666666666666666,0.9182958340544896,0.4591479170272448
auraient,word,1.0,0.0,0.0,2.0,3.0,0.3333333333333333,0.0,0.0,0.6666666666666666,0.9182958340544896,0.4591479170272448
aventure,lemma,0.0,0.0,1.0,2.0,3.0,0.0,0.0,0.3333333333333333,0.6666666666666666,0.9182958340544896,0.4591479170272448
emporte,word,2.0,1.0,0.0,0.0,3.0,0.6666666666666666,0.3333333333333333,0.0,0.0,0.9182958340544896,0.4591479170272448
manipuler,lemma,1.0,0.0,0.0,2.0,3.0,0.3333333333333333,0.0,0.0,0.6666666666666666,0.9182958340544896,0.4591479170272448
bas,word,1.0,0.0,2.0,0.0,3.0,0.3333333333333333,0.0,0.6666666666666666,0.0,0.9182958340544896,0.4591479170272448
pleine,word,0.0,2.0,0.0,1.0,3.0,0.0,0.6666666666666666,0.0,0.3333333333333333,0.9182958340544896,0.4591479170272448
pleine,lemma,0.0,2.0,0.0,1.0,3.0,0.0,0.6666666666666666,0.0,0.3333333333333333,0.9182958340544896,0.4591479170272448
détester,lemma,0.0,0.0,2.0,1.0,3.0,0.0,0.0,0.6666666666666666,0.3333333333333333,0.9182958340544896,0.4591479170272448
désolée,word,0.0,1.0,2.0,0.0,3.0,0.0,0.3333333333333333,0.6666666666666666,0.0,0.9182958340544896,0.4591479170272448
trône,word,0.0,1.0,0.0,2.0,3.0,0.0,0.3333333333333333,0.0,0.6666666666666666,0.9182958340544896,0.4591479170272448
trône,lemma,0.0,1.0,0.0,2.0,3.0,0.0,0.3333333333333333,0.0,0.6666666666666666,0.9182958340544896,0.4591479170272448
union,lemma,1.0,0.0,0.0,2.0,3.0,0.3333333333333333,0.0,0.0,0.6666666666666666,0.9182958340544896,0.4591479170272448
dépenser,word,0.0,1.0,0.0,2.0,3.0,0.0,0.3333333333333333,0.0,0.6666666666666666,0.9182958340544896,0.4591479170272448
centre,lemma,1.0,0.0,0.0,2.0,3.0,0.3333333333333333,0.0,0.0,0.6666666666666666,0.9182958340544896,0.4591479170272448
celer,lemma,0.0,0.0,1.0,2.0,3.0,0.0,0.0,0.3333333333333333,0.6666666666666666,0.9182958340544896,0.4591479170272448
prestigieux,lemma,0.0,4.0,0.0,2.0,6.0,0.0,0.6666666666666666,0.0,0.3333333333333333,0.9182958340544896,0.4591479170272448
prestigieuse,word,0.0,1.0,0.0,2.0,3.0,0.0,0.3333333333333333,0.0,0.6666666666666666,0.9182958340544896,0.4591479170272448
effets,word,0.0,1.0,0.0,2.0,3.0,0.0,0.3333333333333333,0.0,0.6666666666666666,0.9182958340544896,0.4591479170272448
emplois,word,2.0,0.0,0.0,1.0,3.0,0.6666666666666666,0.0,0.0,0.3333333333333333,0.9182958340544896,0.4591479170272448
portable,word,0.0,1.0,0.0,2.0,3.0,0.0,0.3333333333333333,0.0,0.6666666666666666,0.9182958340544896,0.4591479170272448
portable,lemma,0.0,1.0,0.0,2.0,3.0,0.0,0.3333333333333333,0.0,0.6666666666666666,0.9182958340544896,0.4591479170272448
porc,word,0.0,0.0,6.0,3.0,9.0,0.0,0.0,0.6666666666666666,0.3333333333333333,0.9182958340544896,0.4591479170272448
majorité,word,2.0,0.0,0.0,1.0,3.0,0.6666666666666666,0.0,0.0,0.3333333333333333,0.9182958340544896,0.4591479170272448
majorité,lemma,2.0,0.0,0.0,1.0,3.0,0.6666666666666666,0.0,0.0,0.3333333333333333,0.9182958340544896,0.4591479170272448
valeur,lemma,0.0,0.0,1.0,2.0,3.0,0.0,0.0,0.3333333333333333,0.6666666666666666,0.9182958340544896,0.4591479170272448
vague,word,0.0,1.0,0.0,2.0,3.0,0.0,0.3333333333333333,0.0,0.6666666666666666,0.9182958340544896,0.4591479170272448
vaches,word,1.0,0.0,0.0,2.0,3.0,0.3333333333333333,0.0,0.0,0.6666666666666666,0.9182958340544896,0.4591479170272448
déforestation,word,0.0,1.0,0.0,2.0,3.0,0.0,0.3333333333333333,0.0,0.6666666666666666,0.9182958340544896,0.4591479170272448
déforestation,lemma,0.0,1.0,0.0,2.0,3.0,0.0,0.3333333333333333,0.0,0.6666666666666666,0.9182958340544896,0.4591479170272448
magnifique,lemma,0.0,2.0,0.0,1.0,3.0,0.0,0.6666666666666666,0.0,0.3333333333333333,0.9182958340544896,0.4591479170272448
magasin,lemma,1.0,0.0,0.0,2.0,3.0,0.3333333333333333,0.0,0.0,0.6666666666666666,0.9182958340544896,0.4591479170272448
maltraité,lemma,0.0,1.0,0.0,2.0,3.0,0.0,0.3333333333333333,0.0,0.6666666666666666,0.9182958340544896,0.4591479170272448
posséder,lemma,0.0,1.0,0.0,2.0,3.0,0.0,0.3333333333333333,0.0,0.6666666666666666,0.9182958340544896,0.4591479170272448
déclaré,word,1.0,0.0,0.0,2.0,3.0,0.3333333333333333,0.0,0.0,0.6666666666666666,0.9182958340544896,0.4591479170272448
maladies,word,0.0,2.0,0.0,4.0,6.0,0.0,0.3333333333333333,0.0,0.6666666666666666,0.9182958340544896,0.4591479170272448
accidents,word,1.0,0.0,0.0,2.0,3.0,0.3333333333333333,0.0,0.0,0.6666666666666666,0.9182958340544896,0.4591479170272448
nature,word,0.0,2.0,0.0,4.0,6.0,0.0,0.3333333333333333,0.0,0.6666666666666666,0.9182958340544896,0.4591479170272448
nature,lemma,0.0,2.0,0.0,4.0,6.0,0.0,0.3333333333333333,0.0,0.6666666666666666,0.9182958340544896,0.4591479170272448
brûlés,word,1.0,0.0,0.0,2.0,3.0,0.3333333333333333,0.0,0.0,0.6666666666666666,0.9182958340544896,0.4591479170272448
possèdent,word,0.0,1.0,0.0,2.0,3.0,0.0,0.3333333333333333,0.0,0.6666666666666666,0.9182958340544896,0.4591479170272448
nuit,lemma,0.0,0.0,1.0,2.0,3.0,0.0,0.0,0.3333333333333333,0.6666666666666666,0.9182958340544896,0.4591479170272448
nuisances,word,2.0,0.0,0.0,1.0,3.0,0.6666666666666666,0.0,0.0,0.3333333333333333,0.9182958340544896,0.4591479170272448
simple,word,0.0,0.0,1.0,2.0,3.0,0.0,0.0,0.3333333333333333,0.6666666666666666,0.9182958340544896,0.4591479170272448
simple,lemma,0.0,0.0,1.0,2.0,3.0,0.0,0.0,0.3333333333333333,0.6666666666666666,0.9182958340544896,0.4591479170272448
d'accord,word,0.0,0.0,2.0,1.0,3.0,0.0,0.0,0.6666666666666666,0.3333333333333333,0.9182958340544896,0.4591479170272448
d,lemma,0.0,0.0,1.0,2.0,3.0,0.0,0.0,0.3333333333333333,0.6666666666666666,0.9182958340544896,0.4591479170272448
côtés,word,1.0,0.0,0.0,2.0,3.0,0.3333333333333333,0.0,0.0,0.6666666666666666,0.9182958340544896,0.4591479170272448
cérémonie,word,0.0,1.0,0.0,2.0,3.0,0.0,0.3333333333333333,0.0,0.6666666666666666,0.9182958340544896,0.4591479170272448
nombre,word,0.0,1.0,0.0,2.0,3.0,0.0,0.3333333333333333,0.0,0.6666666666666666,0.9182958340544896,0.4591479170272448
nombre,lemma,0.0,1.0,0.0,2.0,3.0,0.0,0.3333333333333333,0.0,0.6666666666666666,0.9182958340544896,0.4591479170272448
étudier,lemma,0.0,1.0,0.0,2.0,3.0,0.0,0.3333333333333333,0.0,0.6666666666666666,0.9182958340544896,0.4591479170272448
sonores,word,2.0,0.0,0.0,1.0,3.0,0.6666666666666666,0.0,0.0,0.3333333333333333,0.9182958340544896,0.4591479170272448
danser,word,2.0,0.0,0.0,1.0,3.0,0.6666666666666666,0.0,0.0,0.3333333333333333,0.9182958340544896,0.4591479170272448
absolument,lemma,0.0,0.0,2.0,1.0,3.0,0.0,0.0,0.6666666666666666,0.3333333333333333,0.9182958340544896,0.4591479170272448
accepter,lemma,0.0,1.0,0.0,2.0,3.0,0.0,0.3333333333333333,0.0,0.6666666666666666,0.9182958340544896,0.4591479170272448
absolument,word,0.0,0.0,2.0,1.0,3.0,0.0,0.0,0.6666666666666666,0.3333333333333333,0.9182958340544896,0.4591479170272448
sensible,lemma,0.0,1.0,0.0,2.0,3.0,0.0,0.3333333333333333,0.0,0.6666666666666666,0.9182958340544896,0.4591479170272448
situé,word,2.0,0.0,0.0,1.0,3.0,0.6666666666666666,0.0,0.0,0.3333333333333333,0.9182958340544896,0.4591479170272448
sites,word,0.0,1.0,0.0,2.0,3.0,0.0,0.3333333333333333,0.0,0.6666666666666666,0.9182958340544896,0.4591479170272448
site,lemma,0.0,1.0,0.0,2.0,3.0,0.0,0.3333333333333333,0.0,0.6666666666666666,0.9182958340544896,0.4591479170272448
porc,lemma,0.0,0.0,6.0,3.0,9.0,0.0,0.0,0.6666666666666666,0.3333333333333333,0.9182958340544896,0.4591479170272448
population,word,2.0,0.0,0.0,1.0,3.0,0.6666666666666666,0.0,0.0,0.3333333333333333,0.9182958340544896,0.4591479170272448
évacuer,word,2.0,0.0,0.0,1.0,3.0,0.6666666666666666,0.0,0.0,0.3333333333333333,0.9182958340544896,0.4591479170272448
ntm,word,2.0,0.0,1.0,0.0,3.0,0.6666666666666666,0.0,0.3333333333333333,0.0,0.9182958340544896,0.4591479170272448
notamment,word,0.0,1.0,0.0,2.0,3.0,0.0,0.3333333333333333,0.0,0.6666666666666666,0.9182958340544896,0.4591479170272448
notamment,lemma,0.0,1.0,0.0,2.0,3.0,0.0,0.3333333333333333,0.0,0.6666666666666666,0.9182958340544896,0.4591479170272448
ntm,lemma,2.0,0.0,1.0,0.0,3.0,0.6666666666666666,0.0,0.3333333333333333,0.0,0.9182958340544896,0.4591479170272448
rire,word,20.0,3.0,0.0,2.0,25.0,0.8,0.12,0.0,0.08,0.9161182137782959,0.45805910688914797
impressionner,lemma,0.0,20.0,3.0,2.0,25.0,0.0,0.8,0.12,0.08,0.9161182137782959,0.45805910688914797
prix,word,5.0,3.0,0.0,32.0,40.0,0.125,0.075,0.0,0.8,0.9128148954723554,0.4564074477361777
prix,lemma,5.0,3.0,0.0,32.0,40.0,0.125,0.075,0.0,0.8,0.9128148954723554,0.4564074477361777
menace,word,4.0,18.0,0.0,1.0,23.0,0.17391304347826086,0.782608695652174,0.0,0.043478260869565216,0.9123163027543337,0.45615815137716687
toi,word,1.0,0.0,18.0,4.0,23.0,0.043478260869565216,0.0,0.782608695652174,0.17391304347826086,0.9123163027543336,0.4561581513771668
grave,word,0.0,4.0,3.0,29.0,36.0,0.0,0.1111111111111111,0.08333333333333333,0.8055555555555556,0.9022489914183384,0.4511244957091692
accord,lemma,1.0,1.0,2.0,20.0,24.0,0.041666666666666664,0.041666666666666664,0.08333333333333333,0.8333333333333334,0.9000224216483541,0.45001121082417705
chance,lemma,0.0,0.0,5.0,11.0,16.0,0.0,0.0,0.3125,0.6875,0.8960382325345574,0.4480191162672787
chance,word,0.0,0.0,5.0,11.0,16.0,0.0,0.0,0.3125,0.6875,0.8960382325345574,0.4480191162672787
chose,word,2.0,0.0,3.0,21.0,26.0,0.07692307692307693,0.0,0.11538461538461539,0.8076923076923077,0.89299535735196,0.44649767867598
mesure,lemma,7.0,0.0,0.0,3.0,10.0,0.7,0.0,0.0,0.3,0.8812908992306927,0.44064544961534635
quitter,lemma,14.0,0.0,0.0,6.0,20.0,0.7,0.0,0.0,0.3,0.8812908992306927,0.44064544961534635
voisin,word,7.0,0.0,0.0,3.0,10.0,0.7,0.0,0.0,0.3,0.8812908992306927,0.44064544961534635
casse,word,0.0,0.0,7.0,3.0,10.0,0.0,0.0,0.7,0.3,0.8812908992306927,0.44064544961534635
terrible,lemma,0.0,14.0,0.0,6.0,20.0,0.0,0.7,0.0,0.3,0.8812908992306927,0.44064544961534635
guerres,word,3.0,0.0,0.0,7.0,10.0,0.3,0.0,0.0,0.7,0.8812908992306927,0.44064544961534635
empêcher,lemma,3.0,0.0,0.0,7.0,10.0,0.3,0.0,0.0,0.7,0.8812908992306927,0.44064544961534635
école,lemma,1.0,3.0,1.0,25.0,30.0,0.03333333333333333,0.1,0.03333333333333333,0.8333333333333334,0.878514187390799,0.4392570936953995
toi,lemma,1.0,0.0,20.0,4.0,25.0,0.04,0.0,0.8,0.16,0.8663137138648347,0.43315685693241734
millions,word,0.0,1.0,1.0,9.0,11.0,0.0,0.09090909090909091,0.09090909090909091,0.8181818181818182,0.8658566174572235,0.43292830872861177
effrayer,lemma,1.0,9.0,0.0,1.0,11.0,0.09090909090909091,0.8181818181818182,0.0,0.09090909090909091,0.8658566174572235,0.43292830872861177
rejeter,lemma,1.0,1.0,0.0,9.0,11.0,0.09090909090909091,0.09090909090909091,0.0,0.8181818181818182,0.8658566174572235,0.43292830872861177
manger,lemma,1.0,1.0,0.0,9.0,11.0,0.09090909090909091,0.09090909090909091,0.0,0.8181818181818182,0.8658566174572235,0.43292830872861177
dansé,word,2.0,0.0,0.0,5.0,7.0,0.2857142857142857,0.0,0.0,0.7142857142857143,0.863120568566631,0.4315602842833155
votre,word,0.0,0.0,5.0,2.0,7.0,0.0,0.0,0.7142857142857143,0.2857142857142857,0.863120568566631,0.4315602842833155
vladimir,lemma,5.0,0.0,2.0,0.0,7.0,0.7142857142857143,0.0,0.2857142857142857,0.0,0.863120568566631,0.4315602842833155
vladimir,word,5.0,0.0,2.0,0.0,7.0,0.7142857142857143,0.0,0.2857142857142857,0.0,0.863120568566631,0.4315602842833155
récupérer,lemma,2.0,0.0,0.0,5.0,7.0,0.2857142857142857,0.0,0.0,0.7142857142857143,0.863120568566631,0.4315602842833155
récupérer,word,2.0,0.0,0.0,5.0,7.0,0.2857142857142857,0.0,0.0,0.7142857142857143,0.863120568566631,0.4315602842833155
gagne,word,0.0,0.0,2.0,5.0,7.0,0.0,0.0,0.2857142857142857,0.7142857142857143,0.863120568566631,0.4315602842833155
pollution,lemma,0.0,2.0,0.0,5.0,7.0,0.0,0.2857142857142857,0.0,0.7142857142857143,0.863120568566631,0.4315602842833155
pollution,word,0.0,2.0,0.0,5.0,7.0,0.0,0.2857142857142857,0.0,0.7142857142857143,0.863120568566631,0.4315602842833155
voisin,lemma,10.0,0.0,0.0,4.0,14.0,0.7142857142857143,0.0,0.0,0.2857142857142857,0.863120568566631,0.4315602842833155
ici,lemma,0.0,0.0,5.0,2.0,7.0,0.0,0.0,0.7142857142857143,0.2857142857142857,0.863120568566631,0.4315602842833155
respecter,word,2.0,0.0,0.0,5.0,7.0,0.2857142857142857,0.0,0.0,0.7142857142857143,0.863120568566631,0.4315602842833155
ici,word,0.0,0.0,5.0,2.0,7.0,0.0,0.0,0.7142857142857143,0.2857142857142857,0.863120568566631,0.4315602842833155
ca,word,0.0,0.0,5.0,2.0,7.0,0.0,0.0,0.7142857142857143,0.2857142857142857,0.863120568566631,0.4315602842833155
ca,lemma,0.0,0.0,5.0,2.0,7.0,0.0,0.0,0.7142857142857143,0.2857142857142857,0.863120568566631,0.4315602842833155
revenir,lemma,0.0,2.0,0.0,5.0,7.0,0.0,0.2857142857142857,0.0,0.7142857142857143,0.863120568566631,0.4315602842833155
aider,lemma,2.0,0.0,0.0,5.0,7.0,0.2857142857142857,0.0,0.0,0.7142857142857143,0.863120568566631,0.4315602842833155
arrete,lemma,2.0,0.0,5.0,0.0,7.0,0.2857142857142857,0.0,0.7142857142857143,0.0,0.863120568566631,0.4315602842833155
arrete,word,2.0,0.0,5.0,0.0,7.0,0.2857142857142857,0.0,0.7142857142857143,0.0,0.863120568566631,0.4315602842833155
n'a,word,0.0,0.0,2.0,5.0,7.0,0.0,0.0,0.2857142857142857,0.7142857142857143,0.863120568566631,0.4315602842833155
marre,word,0.0,5.0,2.0,0.0,7.0,0.0,0.7142857142857143,0.2857142857142857,0.0,0.863120568566631,0.4315602842833155
merveilleux,word,0.0,5.0,0.0,2.0,7.0,0.0,0.7142857142857143,0.0,0.2857142857142857,0.863120568566631,0.4315602842833155
paul,lemma,2.0,0.0,5.0,0.0,7.0,0.2857142857142857,0.0,0.7142857142857143,0.0,0.863120568566631,0.4315602842833155
merveilleux,lemma,0.0,5.0,0.0,2.0,7.0,0.0,0.7142857142857143,0.0,0.2857142857142857,0.863120568566631,0.4315602842833155
paul,word,2.0,0.0,5.0,0.0,7.0,0.2857142857142857,0.0,0.7142857142857143,0.0,0.863120568566631,0.4315602842833155
corps,word,0.0,2.0,0.0,5.0,7.0,0.0,0.2857142857142857,0.0,0.7142857142857143,0.863120568566631,0.4315602842833155
corps,lemma,0.0,2.0,0.0,5.0,7.0,0.0,0.2857142857142857,0.0,0.7142857142857143,0.863120568566631,0.4315602842833155
marre,lemma,0.0,5.0,2.0,0.0,7.0,0.0,0.7142857142857143,0.2857142857142857,0.0,0.863120568566631,0.4315602842833155
pierre,word,2.0,0.0,5.0,0.0,7.0,0.2857142857142857,0.0,0.7142857142857143,0.0,0.863120568566631,0.4315602842833155
pierre,lemma,2.0,0.0,5.0,0.0,7.0,0.2857142857142857,0.0,0.7142857142857143,0.0,0.863120568566631,0.4315602842833155
encourager,lemma,2.0,0.0,0.0,5.0,7.0,0.2857142857142857,0.0,0.0,0.7142857142857143,0.863120568566631,0.4315602842833155
malade,word,0.0,0.0,2.0,5.0,7.0,0.0,0.0,0.2857142857142857,0.7142857142857143,0.863120568566631,0.4315602842833155
insulté,word,2.0,5.0,0.0,0.0,7.0,0.2857142857142857,0.7142857142857143,0.0,0.0,0.863120568566631,0.4315602842833155
étonné,word,2.0,5.0,0.0,0.0,7.0,0.2857142857142857,0.7142857142857143,0.0,0.0,0.863120568566631,0.4315602842833155
demande,word,0.0,0.0,2.0,5.0,7.0,0.0,0.0,0.2857142857142857,0.7142857142857143,0.863120568566631,0.4315602842833155
demande,lemma,0.0,0.0,2.0,5.0,7.0,0.0,0.0,0.2857142857142857,0.7142857142857143,0.863120568566631,0.4315602842833155
oscar,lemma,0.0,2.0,0.0,5.0,7.0,0.0,0.2857142857142857,0.0,0.7142857142857143,0.863120568566631,0.4315602842833155
origine,word,2.0,0.0,0.0,5.0,7.0,0.2857142857142857,0.0,0.0,0.7142857142857143,0.863120568566631,0.4315602842833155
origine,lemma,2.0,0.0,0.0,5.0,7.0,0.2857142857142857,0.0,0.0,0.7142857142857143,0.863120568566631,0.4315602842833155
souvent,word,2.0,0.0,0.0,5.0,7.0,0.2857142857142857,0.0,0.0,0.7142857142857143,0.863120568566631,0.4315602842833155
souvent,lemma,2.0,0.0,0.0,5.0,7.0,0.2857142857142857,0.0,0.0,0.7142857142857143,0.863120568566631,0.4315602842833155
billes,word,0.0,0.0,5.0,13.0,18.0,0.0,0.0,0.2777777777777778,0.7222222222222222,0.8524051786494786,0.4262025893247393
monde,word,4.0,3.0,1.0,43.0,51.0,0.0784313725490196,0.058823529411764705,0.0196078431372549,0.8431372549019608,0.8472435389449527,0.4236217694724764
monde,lemma,4.0,3.0,1.0,43.0,51.0,0.0784313725490196,0.058823529411764705,0.0196078431372549,0.8431372549019608,0.8472435389449527,0.4236217694724764
défendre,word,8.0,0.0,0.0,3.0,11.0,0.7272727272727273,0.0,0.0,0.2727272727272727,0.8453509366224364,0.4226754683112182
défendre,lemma,8.0,0.0,0.0,3.0,11.0,0.7272727272727273,0.0,0.0,0.2727272727272727,0.8453509366224364,0.4226754683112182
quelque,word,2.0,0.0,2.0,19.0,23.0,0.08695652173913043,0.0,0.08695652173913043,0.8260869565217391,0.8404914014731815,0.42024570073659073
cacher,lemma,11.0,0.0,0.0,4.0,15.0,0.7333333333333333,0.0,0.0,0.26666666666666666,0.8366407419411672,0.4183203709705836
tué,word,3.0,0.0,1.0,18.0,22.0,0.13636363636363635,0.0,0.045454545454545456,0.8181818181818182,0.8315435491770659,0.4157717745885329
pleurer,word,18.0,1.0,0.0,3.0,22.0,0.8181818181818182,0.045454545454545456,0.0,0.13636363636363635,0.8315435491770657,0.41577177458853287
maison,word,6.0,0.0,0.0,17.0,23.0,0.2608695652173913,0.0,0.0,0.7391304347826086,0.828055725379504,0.414027862689752
plaisir,word,0.0,22.0,1.0,4.0,27.0,0.0,0.8148148148148148,0.037037037037037035,0.14814814814814814,0.824980257347893,0.4124901286739465
plaisir,lemma,0.0,22.0,1.0,4.0,27.0,0.0,0.8148148148148148,0.037037037037037035,0.14814814814814814,0.824980257347893,0.4124901286739465
cher,lemma,1.0,0.0,1.0,10.0,12.0,0.08333333333333333,0.0,0.08333333333333333,0.8333333333333334,0.8166890883150209,0.4083445441575104
arme,lemma,1.0,1.0,0.0,10.0,12.0,0.08333333333333333,0.08333333333333333,0.0,0.8333333333333334,0.8166890883150209,0.4083445441575104
devenir,lemma,2.0,0.0,2.0,20.0,24.0,0.08333333333333333,0.0,0.08333333333333333,0.8333333333333334,0.8166890883150209,0.4083445441575104
nouveaux,word,1.0,0.0,0.0,3.0,4.0,0.25,0.0,0.0,0.75,0.8112781244591328,0.4056390622295664
éliminer,lemma,0.0,1.0,0.0,3.0,4.0,0.0,0.25,0.0,0.75,0.8112781244591328,0.4056390622295664
sembler,lemma,1.0,0.0,0.0,3.0,4.0,0.25,0.0,0.0,0.75,0.8112781244591328,0.4056390622295664
situer,lemma,3.0,0.0,0.0,1.0,4.0,0.75,0.0,0.0,0.25,0.8112781244591328,0.4056390622295664
accuser,word,3.0,0.0,0.0,1.0,4.0,0.75,0.0,0.0,0.25,0.8112781244591328,0.4056390622295664
positive,word,0.0,1.0,0.0,3.0,4.0,0.0,0.25,0.0,0.75,0.8112781244591328,0.4056390622295664
vas,word,0.0,0.0,6.0,2.0,8.0,0.0,0.0,0.75,0.25,0.8112781244591328,0.4056390622295664
cauchemar,word,0.0,3.0,1.0,0.0,4.0,0.0,0.75,0.25,0.0,0.8112781244591328,0.4056390622295664
tour,word,0.0,1.0,0.0,3.0,4.0,0.0,0.25,0.0,0.75,0.8112781244591328,0.4056390622295664
tranquille,lemma,0.0,0.0,6.0,2.0,8.0,0.0,0.0,0.75,0.25,0.8112781244591328,0.4056390622295664
menaçait,word,0.0,3.0,0.0,1.0,4.0,0.0,0.75,0.0,0.25,0.8112781244591328,0.4056390622295664
affronter,lemma,9.0,0.0,0.0,3.0,12.0,0.75,0.0,0.0,0.25,0.8112781244591328,0.4056390622295664
affronter,word,1.0,0.0,0.0,3.0,4.0,0.25,0.0,0.0,0.75,0.8112781244591328,0.4056390622295664
vitesse,lemma,0.0,0.0,1.0,3.0,4.0,0.0,0.0,0.25,0.75,0.8112781244591328,0.4056390622295664
défaite,lemma,3.0,0.0,0.0,1.0,4.0,0.75,0.0,0.0,0.25,0.8112781244591328,0.4056390622295664
nucléaire,word,0.0,1.0,0.0,3.0,4.0,0.0,0.25,0.0,0.75,0.8112781244591328,0.4056390622295664
défaite,word,3.0,0.0,0.0,1.0,4.0,0.75,0.0,0.0,0.25,0.8112781244591328,0.4056390622295664
violente,word,1.0,0.0,0.0,3.0,4.0,0.25,0.0,0.0,0.75,0.8112781244591328,0.4056390622295664
joue,lemma,1.0,0.0,0.0,3.0,4.0,0.25,0.0,0.0,0.75,0.8112781244591328,0.4056390622295664
préoccupations,word,1.0,3.0,0.0,0.0,4.0,0.25,0.75,0.0,0.0,0.8112781244591328,0.4056390622295664
aucune,word,1.0,0.0,0.0,3.0,4.0,0.25,0.0,0.0,0.75,0.8112781244591328,0.4056390622295664
effrayé,word,1.0,3.0,0.0,0.0,4.0,0.25,0.75,0.0,0.0,0.8112781244591328,0.4056390622295664
top,lemma,0.0,1.0,0.0,3.0,4.0,0.0,0.25,0.0,0.75,0.8112781244591328,0.4056390622295664
envie,word,1.0,0.0,0.0,3.0,4.0,0.25,0.0,0.0,0.75,0.8112781244591328,0.4056390622295664
top,word,0.0,1.0,0.0,3.0,4.0,0.0,0.25,0.0,0.75,0.8112781244591328,0.4056390622295664
pire,lemma,0.0,0.0,1.0,3.0,4.0,0.0,0.0,0.25,0.75,0.8112781244591328,0.4056390622295664
meme,word,0.0,0.0,3.0,1.0,4.0,0.0,0.0,0.75,0.25,0.8112781244591328,0.4056390622295664
meme,lemma,0.0,0.0,3.0,1.0,4.0,0.0,0.0,0.75,0.25,0.8112781244591328,0.4056390622295664
bille,lemma,0.0,0.0,5.0,15.0,20.0,0.0,0.0,0.25,0.75,0.8112781244591328,0.4056390622295664
billet,lemma,3.0,0.0,0.0,1.0,4.0,0.75,0.0,0.0,0.25,0.8112781244591328,0.4056390622295664
billets,word,3.0,0.0,0.0,1.0,4.0,0.75,0.0,0.0,0.25,0.8112781244591328,0.4056390622295664
coupable,word,0.0,3.0,0.0,1.0,4.0,0.0,0.75,0.0,0.25,0.8112781244591328,0.4056390622295664
joueur,lemma,0.0,0.0,2.0,6.0,8.0,0.0,0.0,0.25,0.75,0.8112781244591328,0.4056390622295664
juger,lemma,1.0,0.0,0.0,3.0,4.0,0.25,0.0,0.0,0.75,0.8112781244591328,0.4056390622295664
punition,word,0.0,1.0,0.0,3.0,4.0,0.0,0.25,0.0,0.75,0.8112781244591328,0.4056390622295664
juive,word,0.0,0.0,3.0,1.0,4.0,0.0,0.0,0.75,0.25,0.8112781244591328,0.4056390622295664
interdir,lemma,3.0,0.0,0.0,1.0,4.0,0.75,0.0,0.0,0.25,0.8112781244591328,0.4056390622295664
interdire,word,3.0,0.0,0.0,1.0,4.0,0.75,0.0,0.0,0.25,0.8112781244591328,0.4056390622295664
début,lemma,1.0,0.0,0.0,3.0,4.0,0.25,0.0,0.0,0.75,0.8112781244591328,0.4056390622295664
ticket,lemma,1.0,0.0,0.0,3.0,4.0,0.25,0.0,0.0,0.75,0.8112781244591328,0.4056390622295664
cp,lemma,0.0,0.0,6.0,2.0,8.0,0.0,0.0,0.75,0.25,0.8112781244591328,0.4056390622295664
cp,word,0.0,0.0,6.0,2.0,8.0,0.0,0.0,0.75,0.25,0.8112781244591328,0.4056390622295664
début,word,1.0,0.0,0.0,3.0,4.0,0.25,0.0,0.0,0.75,0.8112781244591328,0.4056390622295664
crie,word,3.0,0.0,1.0,0.0,4.0,0.75,0.0,0.25,0.0,0.8112781244591328,0.4056390622295664
drole,word,0.0,3.0,1.0,0.0,4.0,0.0,0.75,0.25,0.0,0.8112781244591328,0.4056390622295664
quell,lemma,0.0,0.0,3.0,1.0,4.0,0.0,0.0,0.75,0.25,0.8112781244591328,0.4056390622295664
enthousiasm,lemma,1.0,3.0,0.0,0.0,4.0,0.25,0.75,0.0,0.0,0.8112781244591328,0.4056390622295664
enthousiasme,lemma,1.0,3.0,0.0,0.0,4.0,0.25,0.75,0.0,0.0,0.8112781244591328,0.4056390622295664
enthousiasme,word,2.0,6.0,0.0,0.0,8.0,0.25,0.75,0.0,0.0,0.8112781244591328,0.4056390622295664
entier,lemma,1.0,0.0,0.0,3.0,4.0,0.25,0.0,0.0,0.75,0.8112781244591328,0.4056390622295664
quatre,word,0.0,0.0,2.0,6.0,8.0,0.0,0.0,0.25,0.75,0.8112781244591328,0.4056390622295664
envoyer,word,3.0,0.0,0.0,1.0,4.0,0.75,0.0,0.0,0.25,0.8112781244591328,0.4056390622295664
euros,word,0.0,0.0,2.0,6.0,8.0,0.0,0.0,0.25,0.75,0.8112781244591328,0.4056390622295664
mesures,word,6.0,0.0,0.0,2.0,8.0,0.75,0.0,0.0,0.25,0.8112781244591328,0.4056390622295664
soutenir,word,3.0,0.0,0.0,1.0,4.0,0.75,0.0,0.0,0.25,0.8112781244591328,0.4056390622295664
soumettre,lemma,1.0,0.0,0.0,3.0,4.0,0.25,0.0,0.0,0.75,0.8112781244591328,0.4056390622295664
garde,word,1.0,0.0,0.0,3.0,4.0,0.25,0.0,0.0,0.75,0.8112781244591328,0.4056390622295664
sentir,word,0.0,0.0,1.0,3.0,4.0,0.0,0.0,0.25,0.75,0.8112781244591328,0.4056390622295664
serait,word,0.0,1.0,0.0,3.0,4.0,0.0,0.25,0.0,0.75,0.8112781244591328,0.4056390622295664
années,word,0.0,2.0,0.0,6.0,8.0,0.0,0.25,0.0,0.75,0.8112781244591328,0.4056390622295664
écoles,word,1.0,0.0,0.0,3.0,4.0,0.25,0.0,0.0,0.75,0.8112781244591328,0.4056390622295664
acheter,lemma,0.0,0.0,1.0,3.0,4.0,0.0,0.0,0.25,0.75,0.8112781244591328,0.4056390622295664
actes,word,1.0,0.0,0.0,3.0,4.0,0.25,0.0,0.0,0.75,0.8112781244591328,0.4056390622295664
garde,lemma,1.0,0.0,0.0,3.0,4.0,0.25,0.0,0.0,0.75,0.8112781244591328,0.4056390622295664
travailleurs,word,0.0,1.0,0.0,3.0,4.0,0.0,0.25,0.0,0.75,0.8112781244591328,0.4056390622295664
travailleur,lemma,0.0,1.0,0.0,3.0,4.0,0.0,0.25,0.0,0.75,0.8112781244591328,0.4056390622295664
allez,word,0.0,0.0,3.0,1.0,4.0,0.0,0.0,0.75,0.25,0.8112781244591328,0.4056390622295664
chant,lemma,3.0,0.0,0.0,1.0,4.0,0.75,0.0,0.0,0.25,0.8112781244591328,0.4056390622295664
rat,lemma,0.0,0.0,1.0,3.0,4.0,0.0,0.0,0.25,0.75,0.8112781244591328,0.4056390622295664
reine,word,0.0,1.0,0.0,3.0,4.0,0.0,0.25,0.0,0.75,0.8112781244591328,0.4056390622295664
reine,lemma,0.0,1.0,0.0,3.0,4.0,0.0,0.25,0.0,0.75,0.8112781244591328,0.4056390622295664
refusé,word,3.0,1.0,0.0,0.0,4.0,0.75,0.25,0.0,0.0,0.8112781244591328,0.4056390622295664
blessés,word,1.0,0.0,0.0,3.0,4.0,0.25,0.0,0.0,0.75,0.8112781244591328,0.4056390622295664
blessé,lemma,1.0,0.0,0.0,3.0,4.0,0.25,0.0,0.0,0.75,0.8112781244591328,0.4056390622295664
religieuses,word,1.0,0.0,0.0,3.0,4.0,0.25,0.0,0.0,0.75,0.8112781244591328,0.4056390622295664
informations,word,1.0,0.0,0.0,3.0,4.0,0.25,0.0,0.0,0.75,0.8112781244591328,0.4056390622295664
tiré,word,1.0,0.0,0.0,3.0,4.0,0.25,0.0,0.0,0.75,0.8112781244591328,0.4056390622295664
quatre,lemma,0.0,0.0,2.0,6.0,8.0,0.0,0.0,0.25,0.75,0.8112781244591328,0.4056390622295664
pk,lemma,1.0,0.0,3.0,0.0,4.0,0.25,0.0,0.75,0.0,0.8112781244591328,0.4056390622295664
pauvre,word,0.0,0.0,3.0,1.0,4.0,0.0,0.0,0.75,0.25,0.8112781244591328,0.4056390622295664
reste,lemma,1.0,0.0,0.0,3.0,4.0,0.25,0.0,0.0,0.75,0.8112781244591328,0.4056390622295664
respecté,word,1.0,0.0,0.0,3.0,4.0,0.25,0.0,0.0,0.75,0.8112781244591328,0.4056390622295664
retrouver,word,0.0,1.0,0.0,3.0,4.0,0.0,0.25,0.0,0.75,0.8112781244591328,0.4056390622295664
importe,word,0.0,0.0,1.0,3.0,4.0,0.0,0.0,0.25,0.75,0.8112781244591328,0.4056390622295664
contestation,word,6.0,0.0,0.0,2.0,8.0,0.75,0.0,0.0,0.25,0.8112781244591328,0.4056390622295664
contrôle,lemma,3.0,0.0,0.0,1.0,4.0,0.75,0.0,0.0,0.25,0.8112781244591328,0.4056390622295664
contrôle,word,3.0,0.0,0.0,1.0,4.0,0.75,0.0,0.0,0.25,0.8112781244591328,0.4056390622295664
terminer,lemma,3.0,0.0,0.0,1.0,4.0,0.75,0.0,0.0,0.25,0.8112781244591328,0.4056390622295664
bah,lemma,1.0,0.0,3.0,0.0,4.0,0.25,0.0,0.75,0.0,0.8112781244591328,0.4056390622295664
bah,word,1.0,0.0,3.0,0.0,4.0,0.25,0.0,0.75,0.0,0.8112781244591328,0.4056390622295664
effrayant,word,0.0,3.0,0.0,1.0,4.0,0.0,0.75,0.0,0.25,0.8112781244591328,0.4056390622295664
effondrée,word,0.0,1.0,0.0,3.0,4.0,0.0,0.25,0.0,0.75,0.8112781244591328,0.4056390622295664
détresse,lemma,0.0,3.0,0.0,1.0,4.0,0.0,0.75,0.0,0.25,0.8112781244591328,0.4056390622295664
terrible,word,0.0,12.0,0.0,4.0,16.0,0.0,0.75,0.0,0.25,0.8112781244591328,0.4056390622295664
information,lemma,1.0,0.0,0.0,3.0,4.0,0.25,0.0,0.0,0.75,0.8112781244591328,0.4056390622295664
punition,lemma,0.0,1.0,0.0,3.0,4.0,0.0,0.25,0.0,0.75,0.8112781244591328,0.4056390622295664
pire,word,0.0,0.0,1.0,3.0,4.0,0.0,0.0,0.25,0.75,0.8112781244591328,0.4056390622295664
agréable,word,0.0,3.0,0.0,1.0,4.0,0.0,0.75,0.0,0.25,0.8112781244591328,0.4056390622295664
agréable,lemma,0.0,3.0,0.0,1.0,4.0,0.0,0.75,0.0,0.25,0.8112781244591328,0.4056390622295664
tâche,lemma,1.0,0.0,0.0,3.0,4.0,0.25,0.0,0.0,0.75,0.8112781244591328,0.4056390622295664
aise,word,0.0,6.0,0.0,2.0,8.0,0.0,0.75,0.0,0.25,0.8112781244591328,0.4056390622295664
volonté,lemma,1.0,0.0,0.0,3.0,4.0,0.25,0.0,0.0,0.75,0.8112781244591328,0.4056390622295664
volonté,word,1.0,0.0,0.0,3.0,4.0,0.25,0.0,0.0,0.75,0.8112781244591328,0.4056390622295664
tuées,word,1.0,0.0,0.0,3.0,4.0,0.25,0.0,0.0,0.75,0.8112781244591328,0.4056390622295664
vote,word,3.0,1.0,0.0,0.0,4.0,0.75,0.25,0.0,0.0,0.8112781244591328,0.4056390622295664
vitesse,word,0.0,0.0,1.0,3.0,4.0,0.0,0.0,0.25,0.75,0.8112781244591328,0.4056390622295664
faudrait,word,0.0,0.0,1.0,3.0,4.0,0.0,0.0,0.25,0.75,0.8112781244591328,0.4056390622295664
fai,lemma,0.0,0.0,3.0,1.0,4.0,0.0,0.0,0.75,0.25,0.8112781244591328,0.4056390622295664
reste,word,1.0,0.0,0.0,3.0,4.0,0.25,0.0,0.0,0.75,0.8112781244591328,0.4056390622295664
restent,word,1.0,0.0,0.0,3.0,4.0,0.25,0.0,0.0,0.75,0.8112781244591328,0.4056390622295664
rester,word,1.0,0.0,0.0,3.0,4.0,0.25,0.0,0.0,0.75,0.8112781244591328,0.4056390622295664
vote,lemma,3.0,1.0,0.0,0.0,4.0,0.75,0.25,0.0,0.0,0.8112781244591328,0.4056390622295664
idol,lemma,0.0,1.0,0.0,3.0,4.0,0.0,0.25,0.0,0.75,0.8112781244591328,0.4056390622295664
idole,word,0.0,1.0,0.0,3.0,4.0,0.0,0.25,0.0,0.75,0.8112781244591328,0.4056390622295664
taxe,lemma,1.0,0.0,0.0,3.0,4.0,0.25,0.0,0.0,0.75,0.8112781244591328,0.4056390622295664
humains,word,0.0,1.0,0.0,3.0,4.0,0.0,0.25,0.0,0.75,0.8112781244591328,0.4056390622295664
donner,word,1.0,0.0,0.0,3.0,4.0,0.25,0.0,0.0,0.75,0.8112781244591328,0.4056390622295664
papier,lemma,1.0,0.0,0.0,3.0,4.0,0.25,0.0,0.0,0.75,0.8112781244591328,0.4056390622295664
papier,word,1.0,0.0,0.0,3.0,4.0,0.25,0.0,0.0,0.75,0.8112781244591328,0.4056390622295664
taxes,word,1.0,0.0,0.0,3.0,4.0,0.25,0.0,0.0,0.75,0.8112781244591328,0.4056390622295664
mots,word,1.0,0.0,0.0,3.0,4.0,0.25,0.0,0.0,0.75,0.8112781244591328,0.4056390622295664
devenu,word,1.0,0.0,0.0,3.0,4.0,0.25,0.0,0.0,0.75,0.8112781244591328,0.4056390622295664
devoirs,word,0.0,0.0,1.0,3.0,4.0,0.0,0.0,0.25,0.75,0.8112781244591328,0.4056390622295664
râler,lemma,3.0,0.0,1.0,0.0,4.0,0.75,0.0,0.25,0.0,0.8112781244591328,0.4056390622295664
cinéma,lemma,1.0,0.0,0.0,3.0,4.0,0.25,0.0,0.0,0.75,0.8112781244591328,0.4056390622295664
considérés,word,1.0,0.0,0.0,3.0,4.0,0.25,0.0,0.0,0.75,0.8112781244591328,0.4056390622295664
fais,word,0.0,0.0,3.0,1.0,4.0,0.0,0.0,0.75,0.25,0.8112781244591328,0.4056390622295664
pk,word,1.0,0.0,3.0,0.0,4.0,0.25,0.0,0.75,0.0,0.8112781244591328,0.4056390622295664
réseau,lemma,1.0,0.0,0.0,3.0,4.0,0.25,0.0,0.0,0.75,0.8112781244591328,0.4056390622295664
râler,word,3.0,0.0,1.0,0.0,4.0,0.75,0.0,0.25,0.0,0.8112781244591328,0.4056390622295664
rythme,lemma,1.0,0.0,0.0,3.0,4.0,0.25,0.0,0.0,0.75,0.8112781244591328,0.4056390622295664
réalisé,word,0.0,1.0,0.0,3.0,4.0,0.0,0.25,0.0,0.75,0.8112781244591328,0.4056390622295664
oublier,word,1.0,0.0,0.0,3.0,4.0,0.25,0.0,0.0,0.75,0.8112781244591328,0.4056390622295664
ours,lemma,0.0,1.0,0.0,3.0,4.0,0.0,0.25,0.0,0.75,0.8112781244591328,0.4056390622295664
activités,word,0.0,1.0,0.0,3.0,4.0,0.0,0.25,0.0,0.75,0.8112781244591328,0.4056390622295664
oser,lemma,3.0,0.0,0.0,1.0,4.0,0.75,0.0,0.0,0.25,0.8112781244591328,0.4056390622295664
réduites,word,0.0,1.0,0.0,3.0,4.0,0.0,0.25,0.0,0.75,0.8112781244591328,0.4056390622295664
fin,lemma,1.0,0.0,0.0,3.0,4.0,0.25,0.0,0.0,0.75,0.8112781244591328,0.4056390622295664
fin,word,1.0,0.0,0.0,3.0,4.0,0.25,0.0,0.0,0.75,0.8112781244591328,0.4056390622295664
flavia,lemma,1.0,0.0,0.0,3.0,4.0,0.25,0.0,0.0,0.75,0.8112781244591328,0.4056390622295664
flavia,word,1.0,0.0,0.0,3.0,4.0,0.25,0.0,0.0,0.75,0.8112781244591328,0.4056390622295664
folle,word,0.0,0.0,1.0,3.0,4.0,0.0,0.0,0.25,0.75,0.8112781244591328,0.4056390622295664
fermer,lemma,3.0,0.0,1.0,0.0,4.0,0.75,0.0,0.25,0.0,0.8112781244591328,0.4056390622295664
ours,word,0.0,1.0,0.0,3.0,4.0,0.0,0.25,0.0,0.75,0.8112781244591328,0.4056390622295664
deuil,word,3.0,1.0,0.0,0.0,4.0,0.75,0.25,0.0,0.0,0.8112781244591328,0.4056390622295664
diesel,lemma,1.0,0.0,0.0,3.0,4.0,0.25,0.0,0.0,0.75,0.8112781244591328,0.4056390622295664
diesel,word,1.0,0.0,0.0,3.0,4.0,0.25,0.0,0.0,0.75,0.8112781244591328,0.4056390622295664
difficulté,lemma,1.0,0.0,0.0,3.0,4.0,0.25,0.0,0.0,0.75,0.8112781244591328,0.4056390622295664
difficultés,word,1.0,0.0,0.0,3.0,4.0,0.25,0.0,0.0,0.75,0.8112781244591328,0.4056390622295664
sac,lemma,1.0,0.0,0.0,3.0,4.0,0.25,0.0,0.0,0.75,0.8112781244591328,0.4056390622295664
gâteau,word,0.0,0.0,1.0,3.0,4.0,0.0,0.0,0.25,0.75,0.8112781244591328,0.4056390622295664
armes,word,1.0,0.0,0.0,3.0,4.0,0.25,0.0,0.0,0.75,0.8112781244591328,0.4056390622295664
glace,lemma,0.0,1.0,0.0,3.0,4.0,0.0,0.25,0.0,0.75,0.8112781244591328,0.4056390622295664
gloire,lemma,1.0,0.0,0.0,3.0,4.0,0.25,0.0,0.0,0.75,0.8112781244591328,0.4056390622295664
gloire,word,1.0,0.0,0.0,3.0,4.0,0.25,0.0,0.0,0.75,0.8112781244591328,0.4056390622295664
applaudir,lemma,3.0,0.0,0.0,1.0,4.0,0.75,0.0,0.0,0.25,0.8112781244591328,0.4056390622295664
sac,word,1.0,0.0,0.0,3.0,4.0,0.25,0.0,0.0,0.75,0.8112781244591328,0.4056390622295664
sacrée,word,0.0,1.0,0.0,3.0,4.0,0.0,0.25,0.0,0.75,0.8112781244591328,0.4056390622295664
réussir,word,0.0,1.0,0.0,3.0,4.0,0.0,0.25,0.0,0.75,0.8112781244591328,0.4056390622295664
deuil,lemma,3.0,1.0,0.0,0.0,4.0,0.75,0.25,0.0,0.0,0.8112781244591328,0.4056390622295664
boîte,lemma,1.0,0.0,0.0,3.0,4.0,0.25,0.0,0.0,0.75,0.8112781244591328,0.4056390622295664
boîte,word,1.0,0.0,0.0,3.0,4.0,0.25,0.0,0.0,0.75,0.8112781244591328,0.4056390622295664
métier,lemma,0.0,1.0,0.0,3.0,4.0,0.0,0.25,0.0,0.75,0.8112781244591328,0.4056390622295664
ose,word,1.0,0.0,0.0,3.0,4.0,0.25,0.0,0.0,0.75,0.8112781244591328,0.4056390622295664
arabe,lemma,0.0,0.0,3.0,1.0,4.0,0.0,0.0,0.75,0.25,0.8112781244591328,0.4056390622295664
téléphone,lemma,0.0,1.0,0.0,3.0,4.0,0.0,0.25,0.0,0.75,0.8112781244591328,0.4056390622295664
téléphone,word,0.0,1.0,0.0,3.0,4.0,0.0,0.25,0.0,0.75,0.8112781244591328,0.4056390622295664
détresse,word,0.0,3.0,0.0,1.0,4.0,0.0,0.75,0.0,0.25,0.8112781244591328,0.4056390622295664
baisser,lemma,3.0,0.0,0.0,1.0,4.0,0.75,0.0,0.0,0.25,0.8112781244591328,0.4056390622295664
lycée,lemma,1.0,0.0,0.0,3.0,4.0,0.25,0.0,0.0,0.75,0.8112781244591328,0.4056390622295664
lycée,word,1.0,0.0,0.0,3.0,4.0,0.25,0.0,0.0,0.75,0.8112781244591328,0.4056390622295664
machine,word,1.0,0.0,0.0,3.0,4.0,0.25,0.0,0.0,0.75,0.8112781244591328,0.4056390622295664
longue,word,1.0,0.0,0.0,3.0,4.0,0.25,0.0,0.0,0.75,0.8112781244591328,0.4056390622295664
lors,lemma,1.0,0.0,0.0,3.0,4.0,0.25,0.0,0.0,0.75,0.8112781244591328,0.4056390622295664
lors,word,1.0,0.0,0.0,3.0,4.0,0.25,0.0,0.0,0.75,0.8112781244591328,0.4056390622295664
potentiellement,lemma,1.0,0.0,0.0,3.0,4.0,0.25,0.0,0.0,0.75,0.8112781244591328,0.4056390622295664
potentiellement,word,1.0,0.0,0.0,3.0,4.0,0.25,0.0,0.0,0.75,0.8112781244591328,0.4056390622295664
pourraient,word,0.0,1.0,0.0,3.0,4.0,0.0,0.25,0.0,0.75,0.8112781244591328,0.4056390622295664
fortes,word,1.0,0.0,0.0,3.0,4.0,0.25,0.0,0.0,0.75,0.8112781244591328,0.4056390622295664
souci,lemma,0.0,3.0,0.0,1.0,4.0,0.0,0.75,0.0,0.25,0.8112781244591328,0.4056390622295664
frappé,lemma,0.0,1.0,0.0,3.0,4.0,0.0,0.25,0.0,0.75,0.8112781244591328,0.4056390622295664
sert,word,1.0,0.0,3.0,0.0,4.0,0.25,0.0,0.75,0.0,0.8112781244591328,0.4056390622295664
frappé,word,0.0,1.0,0.0,3.0,4.0,0.0,0.25,0.0,0.75,0.8112781244591328,0.4056390622295664
forme,lemma,0.0,1.0,0.0,3.0,4.0,0.0,0.25,0.0,0.75,0.8112781244591328,0.4056390622295664
forme,word,0.0,1.0,0.0,3.0,4.0,0.0,0.25,0.0,0.75,0.8112781244591328,0.4056390622295664
sexuellement,word,1.0,0.0,0.0,3.0,4.0,0.25,0.0,0.0,0.75,0.8112781244591328,0.4056390622295664
siffler,lemma,3.0,0.0,1.0,0.0,4.0,0.75,0.0,0.25,0.0,0.8112781244591328,0.4056390622295664
condamné,word,1.0,0.0,0.0,3.0,4.0,0.25,0.0,0.0,0.75,0.8112781244591328,0.4056390622295664
dessus,word,1.0,0.0,0.0,3.0,4.0,0.25,0.0,0.0,0.75,0.8112781244591328,0.4056390622295664
odeur,lemma,0.0,0.0,1.0,3.0,4.0,0.0,0.0,0.25,0.75,0.8112781244591328,0.4056390622295664
nuit,word,0.0,0.0,1.0,3.0,4.0,0.0,0.0,0.25,0.75,0.8112781244591328,0.4056390622295664
épouser,lemma,1.0,0.0,0.0,3.0,4.0,0.25,0.0,0.0,0.75,0.8112781244591328,0.4056390622295664
perdre,lemma,1.0,3.0,0.0,19.0,23.0,0.043478260869565216,0.13043478260869565,0.0,0.8260869565217391,0.8076702057269436,0.4038351028634718
sourire,lemma,15.0,1.0,0.0,2.0,18.0,0.8333333333333334,0.05555555555555555,0.0,0.1111111111111111,0.8030717273241024,0.4015358636620512
refuser,lemma,15.0,1.0,0.0,2.0,18.0,0.8333333333333334,0.05555555555555555,0.0,0.1111111111111111,0.8030717273241024,0.4015358636620512
amuser,lemma,16.0,5.0,0.0,0.0,21.0,0.7619047619047619,0.23809523809523808,0.0,0.0,0.7918583525674836,0.3959291762837418
étonner,lemma,4.0,13.0,0.0,0.0,17.0,0.23529411764705882,0.7647058823529411,0.0,0.0,0.7871265862012691,0.39356329310063454
effondrer,lemma,0.0,3.0,0.0,10.0,13.0,0.0,0.23076923076923078,0.0,0.7692307692307693,0.7793498372920851,0.38967491864604253
impressionnant,word,0.0,10.0,3.0,0.0,13.0,0.0,0.7692307692307693,0.23076923076923078,0.0,0.7793498372920851,0.38967491864604253
rêve,lemma,0.0,1.0,1.0,11.0,13.0,0.0,0.07692307692307693,0.07692307692307693,0.8461538461538461,0.7732283485249176,0.3866141742624588
rêve,word,0.0,1.0,1.0,11.0,13.0,0.0,0.07692307692307693,0.07692307692307693,0.8461538461538461,0.7732283485249176,0.3866141742624588
recevoir,lemma,2.0,2.0,0.0,22.0,26.0,0.07692307692307693,0.07692307692307693,0.0,0.8461538461538461,0.7732283485249176,0.3866141742624588
aurait,word,1.0,0.0,1.0,11.0,13.0,0.07692307692307693,0.0,0.07692307692307693,0.8461538461538461,0.7732283485249176,0.3866141742624588
gagner,lemma,3.0,3.0,1.0,45.0,52.0,0.057692307692307696,0.057692307692307696,0.019230769230769232,0.8653846153846154,0.7649942500802787,0.38249712504013933
noire,word,0.0,0.0,2.0,7.0,9.0,0.0,0.0,0.2222222222222222,0.7777777777777778,0.7642045065086203,0.38210225325431013
pendant,word,0.0,2.0,0.0,7.0,9.0,0.0,0.2222222222222222,0.0,0.7777777777777778,0.7642045065086203,0.38210225325431013
malade,lemma,0.0,0.0,2.0,7.0,9.0,0.0,0.0,0.2222222222222222,0.7777777777777778,0.7642045065086203,0.38210225325431013
pendant,lemma,0.0,2.0,0.0,7.0,9.0,0.0,0.2222222222222222,0.0,0.7777777777777778,0.7642045065086203,0.38210225325431013
attaquer,word,2.0,0.0,0.0,7.0,9.0,0.2222222222222222,0.0,0.0,0.7777777777777778,0.7642045065086203,0.38210225325431013
s'en,word,0.0,0.0,7.0,2.0,9.0,0.0,0.0,0.7777777777777778,0.2222222222222222,0.7642045065086203,0.38210225325431013
contestation,lemma,7.0,0.0,0.0,2.0,9.0,0.7777777777777778,0.0,0.0,0.2222222222222222,0.7642045065086203,0.38210225325431013
spectaculaire,word,0.0,7.0,0.0,2.0,9.0,0.0,0.7777777777777778,0.0,0.2222222222222222,0.7642045065086203,0.38210225325431013
crié,word,7.0,0.0,0.0,2.0,9.0,0.7777777777777778,0.0,0.0,0.2222222222222222,0.7642045065086203,0.38210225325431013
spectaculaire,lemma,0.0,7.0,0.0,2.0,9.0,0.0,0.7777777777777778,0.0,0.2222222222222222,0.7642045065086203,0.38210225325431013
acte,lemma,2.0,0.0,0.0,7.0,9.0,0.2222222222222222,0.0,0.0,0.7777777777777778,0.7642045065086203,0.38210225325431013
souffrir,lemma,0.0,18.0,0.0,5.0,23.0,0.0,0.782608695652174,0.0,0.21739130434782608,0.7553754125614287,0.37768770628071435
vu,word,0.0,0.0,3.0,11.0,14.0,0.0,0.0,0.21428571428571427,0.7857142857142857,0.74959525725948,0.37479762862974
maladie,lemma,0.0,3.0,0.0,11.0,14.0,0.0,0.21428571428571427,0.0,0.7857142857142857,0.74959525725948,0.37479762862974
victime,lemma,6.0,4.0,0.0,58.0,68.0,0.08823529411764706,0.058823529411764705,0.0,0.8529411764705882,0.7452176541661317,0.37260882708306586
entrent,word,4.0,0.0,0.0,1.0,5.0,0.8,0.0,0.0,0.2,0.7219280948873623,0.36096404744368116
angoisser,lemma,0.0,4.0,1.0,0.0,5.0,0.0,0.8,0.2,0.0,0.7219280948873623,0.36096404744368116
essayer,lemma,0.0,0.0,1.0,4.0,5.0,0.0,0.0,0.2,0.8,0.7219280948873623,0.36096404744368116
bravo,lemma,0.0,0.0,4.0,1.0,5.0,0.0,0.0,0.8,0.2,0.7219280948873623,0.36096404744368116
bravo,word,0.0,0.0,4.0,1.0,5.0,0.0,0.0,0.8,0.2,0.7219280948873623,0.36096404744368116
accident,lemma,2.0,0.0,0.0,8.0,10.0,0.2,0.0,0.0,0.8,0.7219280948873623,0.36096404744368116
brice,word,1.0,0.0,4.0,0.0,5.0,0.2,0.0,0.8,0.0,0.7219280948873623,0.36096404744368116
élire,lemma,0.0,1.0,0.0,4.0,5.0,0.0,0.2,0.0,0.8,0.7219280948873623,0.36096404744368116
agressées,word,2.0,0.0,0.0,8.0,10.0,0.2,0.0,0.0,0.8,0.7219280948873623,0.36096404744368116
déclarer,lemma,1.0,0.0,0.0,4.0,5.0,0.2,0.0,0.0,0.8,0.7219280948873623,0.36096404744368116
viol,lemma,0.0,0.0,1.0,4.0,5.0,0.0,0.0,0.2,0.8,0.7219280948873623,0.36096404744368116
but,lemma,1.0,0.0,0.0,4.0,5.0,0.2,0.0,0.0,0.8,0.7219280948873623,0.36096404744368116
émerveillée,word,1.0,4.0,0.0,0.0,5.0,0.2,0.8,0.0,0.0,0.7219280948873623,0.36096404744368116
acte,word,1.0,0.0,0.0,4.0,5.0,0.2,0.0,0.0,0.8,0.7219280948873623,0.36096404744368116
brice,lemma,1.0,0.0,4.0,0.0,5.0,0.2,0.0,0.8,0.0,0.7219280948873623,0.36096404744368116
européenne,word,1.0,0.0,0.0,4.0,5.0,0.2,0.0,0.0,0.8,0.7219280948873623,0.36096404744368116
surveiller,lemma,1.0,0.0,0.0,4.0,5.0,0.2,0.0,0.0,0.8,0.7219280948873623,0.36096404744368116
françaises,word,0.0,1.0,0.0,4.0,5.0,0.0,0.2,0.0,0.8,0.7219280948873623,0.36096404744368116
bouche,word,4.0,0.0,0.0,1.0,5.0,0.8,0.0,0.0,0.2,0.7219280948873623,0.36096404744368116
sacré,word,0.0,0.0,4.0,1.0,5.0,0.0,0.0,0.8,0.2,0.7219280948873623,0.36096404744368116
commun,lemma,0.0,1.0,0.0,4.0,5.0,0.0,0.2,0.0,0.8,0.7219280948873623,0.36096404744368116
moquer,word,1.0,0.0,0.0,4.0,5.0,0.2,0.0,0.0,0.8,0.7219280948873623,0.36096404744368116
bouche,lemma,4.0,0.0,0.0,1.0,5.0,0.8,0.0,0.0,0.2,0.7219280948873623,0.36096404744368116
appartenir,lemma,0.0,1.0,0.0,4.0,5.0,0.0,0.2,0.0,0.8,0.7219280948873623,0.36096404744368116
subir,word,0.0,4.0,0.0,1.0,5.0,0.0,0.8,0.0,0.2,0.7219280948873623,0.36096404744368116
moutons,word,0.0,0.0,1.0,4.0,5.0,0.0,0.0,0.2,0.8,0.7219280948873623,0.36096404744368116
renvoyer,lemma,0.0,2.0,0.0,8.0,10.0,0.0,0.2,0.0,0.8,0.7219280948873623,0.36096404744368116
papa,lemma,0.0,0.0,1.0,4.0,5.0,0.0,0.0,0.2,0.8,0.7219280948873623,0.36096404744368116
commun,word,0.0,1.0,0.0,4.0,5.0,0.0,0.2,0.0,0.8,0.7219280948873623,0.36096404744368116
score,lemma,1.0,0.0,0.0,4.0,5.0,0.2,0.0,0.0,0.8,0.7219280948873623,0.36096404744368116
élue,word,0.0,1.0,0.0,4.0,5.0,0.0,0.2,0.0,0.8,0.7219280948873623,0.36096404744368116
université,lemma,4.0,0.0,0.0,1.0,5.0,0.8,0.0,0.0,0.2,0.7219280948873623,0.36096404744368116
v,lemma,0.0,0.0,8.0,2.0,10.0,0.0,0.0,0.8,0.2,0.7219280948873623,0.36096404744368116
aimer,word,1.0,0.0,0.0,4.0,5.0,0.2,0.0,0.0,0.8,0.7219280948873623,0.36096404744368116
ailleurs,word,0.0,0.0,4.0,1.0,5.0,0.0,0.0,0.8,0.2,0.7219280948873623,0.36096404744368116
travers,lemma,1.0,0.0,0.0,4.0,5.0,0.2,0.0,0.0,0.8,0.7219280948873623,0.36096404744368116
véhicule,word,1.0,0.0,0.0,4.0,5.0,0.2,0.0,0.0,0.8,0.7219280948873623,0.36096404744368116
envers,word,1.0,0.0,0.0,4.0,5.0,0.2,0.0,0.0,0.8,0.7219280948873623,0.36096404744368116
new,word,0.0,0.0,1.0,4.0,5.0,0.0,0.0,0.2,0.8,0.7219280948873623,0.36096404744368116
envers,lemma,1.0,0.0,0.0,4.0,5.0,0.2,0.0,0.0,0.8,0.7219280948873623,0.36096404744368116
tour,lemma,0.0,1.0,0.0,4.0,5.0,0.0,0.2,0.0,0.8,0.7219280948873623,0.36096404744368116
ensemble,lemma,4.0,0.0,0.0,1.0,5.0,0.8,0.0,0.0,0.2,0.7219280948873623,0.36096404744368116
travers,word,1.0,0.0,0.0,4.0,5.0,0.2,0.0,0.0,0.8,0.7219280948873623,0.36096404744368116
véhicule,lemma,1.0,0.0,0.0,4.0,5.0,0.2,0.0,0.0,0.8,0.7219280948873623,0.36096404744368116
drapeau,lemma,4.0,0.0,0.0,1.0,5.0,0.8,0.0,0.0,0.2,0.7219280948873623,0.36096404744368116
york,lemma,0.0,0.0,1.0,4.0,5.0,0.0,0.0,0.2,0.8,0.7219280948873623,0.36096404744368116
york,word,0.0,0.0,1.0,4.0,5.0,0.0,0.0,0.2,0.8,0.7219280948873623,0.36096404744368116
d'un,word,1.0,0.0,0.0,4.0,5.0,0.2,0.0,0.0,0.8,0.7219280948873623,0.36096404744368116
éviter,lemma,1.0,0.0,0.0,4.0,5.0,0.2,0.0,0.0,0.8,0.7219280948873623,0.36096404744368116
petits,word,1.0,0.0,0.0,4.0,5.0,0.2,0.0,0.0,0.8,0.7219280948873623,0.36096404744368116
peut-être,word,0.0,0.0,1.0,4.0,5.0,0.0,0.0,0.2,0.8,0.7219280948873623,0.36096404744368116
menace,lemma,3.0,12.0,0.0,0.0,15.0,0.2,0.8,0.0,0.0,0.7219280948873623,0.36096404744368116
match,lemma,1.0,0.0,0.0,4.0,5.0,0.2,0.0,0.0,0.8,0.7219280948873623,0.36096404744368116
maltraités,word,0.0,1.0,0.0,4.0,5.0,0.0,0.2,0.0,0.8,0.7219280948873623,0.36096404744368116
presque,lemma,0.0,0.0,1.0,4.0,5.0,0.0,0.0,0.2,0.8,0.7219280948873623,0.36096404744368116
cauchemar,lemma,0.0,4.0,1.0,0.0,5.0,0.0,0.8,0.2,0.0,0.7219280948873623,0.36096404744368116
capitale,lemma,1.0,0.0,0.0,4.0,5.0,0.2,0.0,0.0,0.8,0.7219280948873623,0.36096404744368116
positif,lemma,0.0,1.0,0.0,4.0,5.0,0.0,0.2,0.0,0.8,0.7219280948873623,0.36096404744368116
malgré,lemma,0.0,0.0,4.0,1.0,5.0,0.0,0.0,0.8,0.2,0.7219280948873623,0.36096404744368116
capitale,word,1.0,0.0,0.0,4.0,5.0,0.2,0.0,0.0,0.8,0.7219280948873623,0.36096404744368116
polluer,lemma,0.0,0.0,1.0,4.0,5.0,0.0,0.0,0.2,0.8,0.7219280948873623,0.36096404744368116
cadeaux,word,1.0,0.0,0.0,4.0,5.0,0.2,0.0,0.0,0.8,0.7219280948873623,0.36096404744368116
blagues,word,1.0,4.0,0.0,0.0,5.0,0.2,0.8,0.0,0.0,0.7219280948873623,0.36096404744368116
partout,lemma,1.0,0.0,0.0,4.0,5.0,0.2,0.0,0.0,0.8,0.7219280948873623,0.36096404744368116
attaque,word,1.0,0.0,0.0,4.0,5.0,0.2,0.0,0.0,0.8,0.7219280948873623,0.36096404744368116
rage,word,0.0,1.0,0.0,4.0,5.0,0.0,0.2,0.0,0.8,0.7219280948873623,0.36096404744368116
rage,lemma,0.0,1.0,0.0,4.0,5.0,0.0,0.2,0.0,0.8,0.7219280948873623,0.36096404744368116
milieu,word,0.0,1.0,0.0,4.0,5.0,0.0,0.2,0.0,0.8,0.7219280948873623,0.36096404744368116
papa,word,0.0,0.0,1.0,4.0,5.0,0.0,0.0,0.2,0.8,0.7219280948873623,0.36096404744368116
humain,word,0.0,1.0,0.0,4.0,5.0,0.0,0.2,0.0,0.8,0.7219280948873623,0.36096404744368116
rigole,word,4.0,0.0,0.0,1.0,5.0,0.8,0.0,0.0,0.2,0.7219280948873623,0.36096404744368116
habiter,lemma,4.0,0.0,0.0,1.0,5.0,0.8,0.0,0.0,0.2,0.7219280948873623,0.36096404744368116
rit,word,4.0,0.0,0.0,1.0,5.0,0.8,0.0,0.0,0.2,0.7219280948873623,0.36096404744368116
montrer,word,0.0,1.0,0.0,4.0,5.0,0.0,0.2,0.0,0.8,0.7219280948873623,0.36096404744368116
rond,lemma,4.0,0.0,0.0,1.0,5.0,0.8,0.0,0.0,0.2,0.7219280948873623,0.36096404744368116
gâteau,lemma,0.0,0.0,1.0,4.0,5.0,0.0,0.0,0.2,0.8,0.7219280948873623,0.36096404744368116
réaliser,lemma,0.0,2.0,0.0,8.0,10.0,0.0,0.2,0.0,0.8,0.7219280948873623,0.36096404744368116
sentiment,word,0.0,1.0,0.0,4.0,5.0,0.0,0.2,0.0,0.8,0.7219280948873623,0.36096404744368116
spectacle,lemma,1.0,0.0,0.0,4.0,5.0,0.2,0.0,0.0,0.8,0.7219280948873623,0.36096404744368116
partout,word,1.0,0.0,0.0,4.0,5.0,0.2,0.0,0.0,0.8,0.7219280948873623,0.36096404744368116
injustice,lemma,3.0,0.0,0.0,12.0,15.0,0.2,0.0,0.0,0.8,0.7219280948873623,0.36096404744368116
choquant,word,0.0,4.0,0.0,1.0,5.0,0.0,0.8,0.0,0.2,0.7219280948873623,0.36096404744368116
préoccupation,lemma,1.0,4.0,0.0,0.0,5.0,0.2,0.8,0.0,0.0,0.7219280948873623,0.36096404744368116
milieu,lemma,0.0,1.0,0.0,4.0,5.0,0.0,0.2,0.0,0.8,0.7219280948873623,0.36096404744368116
machine,lemma,1.0,0.0,0.0,4.0,5.0,0.2,0.0,0.0,0.8,0.7219280948873623,0.36096404744368116
carburants,word,1.0,0.0,0.0,4.0,5.0,0.2,0.0,0.0,0.8,0.7219280948873623,0.36096404744368116
produire,lemma,0.0,1.0,0.0,4.0,5.0,0.0,0.2,0.0,0.8,0.7219280948873623,0.36096404744368116
malgré,word,0.0,0.0,4.0,1.0,5.0,0.0,0.0,0.8,0.2,0.7219280948873623,0.36096404744368116
sentiment,lemma,0.0,1.0,0.0,4.0,5.0,0.0,0.2,0.0,0.8,0.7219280948873623,0.36096404744368116
arrive,word,0.0,1.0,0.0,4.0,5.0,0.0,0.2,0.0,0.8,0.7219280948873623,0.36096404744368116
rendre,lemma,25.0,0.0,0.0,6.0,31.0,0.8064516129032258,0.0,0.0,0.1935483870967742,0.7088356733321961,0.35441783666609805
danger,word,1.0,29.0,0.0,4.0,34.0,0.029411764705882353,0.8529411764705882,0.0,0.11764705882352941,0.7085966983474103,0.3542983491737052
coup,lemma,3.0,1.0,0.0,24.0,28.0,0.10714285714285714,0.03571428571428571,0.0,0.8571428571428571,0.7075696535050608,0.3537848267525304
coups,word,1.0,1.0,0.0,13.0,15.0,0.06666666666666667,0.06666666666666667,0.0,0.8666666666666667,0.6998428398862386,0.3499214199431193
?,punctuation,3.0,0.0,99.0,14.0,116.0,0.02586206896551724,0.0,0.853448275862069,0.1206896551724138,0.6996692554823025,0.34983462774115126
tuer,lemma,7.0,1.0,0.0,46.0,54.0,0.12962962962962962,0.018518518518518517,0.0,0.8518518518518519,0.6857146422926199,0.34285732114630996
panique,lemma,2.0,9.0,0.0,0.0,11.0,0.18181818181818182,0.8181818181818182,0.0,0.0,0.6840384356390417,0.3420192178195208
sale,lemma,0.0,0.0,9.0,2.0,11.0,0.0,0.0,0.8181818181818182,0.18181818181818182,0.6840384356390417,0.3420192178195208
paris,lemma,2.0,0.0,0.0,9.0,11.0,0.18181818181818182,0.0,0.0,0.8181818181818182,0.6840384356390417,0.3420192178195208
qu'est-ce,word,0.0,0.0,9.0,2.0,11.0,0.0,0.0,0.8181818181818182,0.18181818181818182,0.6840384356390417,0.3420192178195208
sale,word,0.0,0.0,9.0,2.0,11.0,0.0,0.0,0.8181818181818182,0.18181818181818182,0.6840384356390417,0.3420192178195208
panique,word,2.0,9.0,0.0,0.0,11.0,0.18181818181818182,0.8181818181818182,0.0,0.0,0.6840384356390417,0.3420192178195208
euro,lemma,0.0,0.0,2.0,9.0,11.0,0.0,0.0,0.18181818181818182,0.8181818181818182,0.6840384356390417,0.3420192178195208
amour,lemma,0.0,2.0,0.0,9.0,11.0,0.0,0.18181818181818182,0.0,0.8181818181818182,0.6840384356390417,0.3420192178195208
paris,word,2.0,0.0,0.0,9.0,11.0,0.18181818181818182,0.0,0.0,0.8181818181818182,0.6840384356390417,0.3420192178195208
jo,lemma,2.0,0.0,0.0,9.0,11.0,0.18181818181818182,0.0,0.0,0.8181818181818182,0.6840384356390417,0.3420192178195208
jo,word,2.0,0.0,0.0,9.0,11.0,0.18181818181818182,0.0,0.0,0.8181818181818182,0.6840384356390417,0.3420192178195208
as,lemma,0.0,0.0,9.0,2.0,11.0,0.0,0.0,0.8181818181818182,0.18181818181818182,0.6840384356390417,0.3420192178195208
danger,lemma,1.0,31.0,0.0,4.0,36.0,0.027777777777777776,0.8611111111111112,0.0,0.1111111111111111,0.6815892897202809,0.34079464486014044
heureusement,lemma,0.0,14.0,3.0,0.0,17.0,0.0,0.8235294117647058,0.17647058823529413,0.0,0.6722948170756379,0.33614740853781894
heureusement,word,0.0,14.0,3.0,0.0,17.0,0.0,0.8235294117647058,0.17647058823529413,0.0,0.6722948170756379,0.33614740853781894
million,lemma,0.0,1.0,1.0,14.0,16.0,0.0,0.0625,0.0625,0.875,0.6685644431995964,0.3342822215997982
meilleur,lemma,2.0,1.0,0.0,21.0,24.0,0.08333333333333333,0.041666666666666664,0.0,0.875,0.6583514224564075,0.32917571122820377
faux,lemma,1.0,0.0,0.0,5.0,6.0,0.16666666666666666,0.0,0.0,0.8333333333333334,0.6500224216483541,0.32501121082417705
médias,word,5.0,0.0,0.0,1.0,6.0,0.8333333333333334,0.0,0.0,0.16666666666666666,0.6500224216483541,0.32501121082417705
famine,word,1.0,0.0,0.0,5.0,6.0,0.16666666666666666,0.0,0.0,0.8333333333333334,0.6500224216483541,0.32501121082417705
amuser,word,10.0,2.0,0.0,0.0,12.0,0.8333333333333334,0.16666666666666666,0.0,0.0,0.6500224216483541,0.32501121082417705
américain,word,1.0,0.0,0.0,5.0,6.0,0.16666666666666666,0.0,0.0,0.8333333333333334,0.6500224216483541,0.32501121082417705
suffit,word,0.0,1.0,0.0,5.0,6.0,0.0,0.16666666666666666,0.0,0.8333333333333334,0.6500224216483541,0.32501121082417705
femme,word,0.0,1.0,0.0,5.0,6.0,0.0,0.16666666666666666,0.0,0.8333333333333334,0.6500224216483541,0.32501121082417705
sécurité,word,0.0,1.0,0.0,5.0,6.0,0.0,0.16666666666666666,0.0,0.8333333333333334,0.6500224216483541,0.32501121082417705
ni,word,0.0,0.0,1.0,5.0,6.0,0.0,0.0,0.16666666666666666,0.8333333333333334,0.6500224216483541,0.32501121082417705
tenter,lemma,5.0,0.0,0.0,1.0,6.0,0.8333333333333334,0.0,0.0,0.16666666666666666,0.6500224216483541,0.32501121082417705
ni,lemma,0.0,0.0,1.0,5.0,6.0,0.0,0.0,0.16666666666666666,0.8333333333333334,0.6500224216483541,0.32501121082417705
échapper,word,5.0,0.0,0.0,1.0,6.0,0.8333333333333334,0.0,0.0,0.16666666666666666,0.6500224216483541,0.32501121082417705
ailleurs,lemma,0.0,0.0,5.0,1.0,6.0,0.0,0.0,0.8333333333333334,0.16666666666666666,0.6500224216483541,0.32501121082417705
détourner,lemma,5.0,0.0,0.0,1.0,6.0,0.8333333333333334,0.0,0.0,0.16666666666666666,0.6500224216483541,0.32501121082417705
descendus,word,5.0,0.0,0.0,1.0,6.0,0.8333333333333334,0.0,0.0,0.16666666666666666,0.6500224216483541,0.32501121082417705
élèves,word,0.0,1.0,0.0,5.0,6.0,0.0,0.16666666666666666,0.0,0.8333333333333334,0.6500224216483541,0.32501121082417705
émerveiller,lemma,1.0,5.0,0.0,0.0,6.0,0.16666666666666666,0.8333333333333334,0.0,0.0,0.6500224216483541,0.32501121082417705
cyclone,lemma,0.0,1.0,0.0,5.0,6.0,0.0,0.16666666666666666,0.0,0.8333333333333334,0.6500224216483541,0.32501121082417705
élève,lemma,0.0,1.0,0.0,5.0,6.0,0.0,0.16666666666666666,0.0,0.8333333333333334,0.6500224216483541,0.32501121082417705
équipe,word,1.0,0.0,0.0,5.0,6.0,0.16666666666666666,0.0,0.0,0.8333333333333334,0.6500224216483541,0.32501121082417705
étonnés,word,1.0,5.0,0.0,0.0,6.0,0.16666666666666666,0.8333333333333334,0.0,0.0,0.6500224216483541,0.32501121082417705
faisait,word,0.0,1.0,0.0,5.0,6.0,0.0,0.16666666666666666,0.0,0.8333333333333334,0.6500224216483541,0.32501121082417705
sécurité,lemma,0.0,1.0,0.0,5.0,6.0,0.0,0.16666666666666666,0.0,0.8333333333333334,0.6500224216483541,0.32501121082417705
sentent,word,1.0,0.0,0.0,5.0,6.0,0.16666666666666666,0.0,0.0,0.8333333333333334,0.6500224216483541,0.32501121082417705
commencer,lemma,0.0,0.0,1.0,5.0,6.0,0.0,0.0,0.16666666666666666,0.8333333333333334,0.6500224216483541,0.32501121082417705
média,lemma,5.0,0.0,0.0,1.0,6.0,0.8333333333333334,0.0,0.0,0.16666666666666666,0.6500224216483541,0.32501121082417705
sais,word,0.0,0.0,5.0,1.0,6.0,0.0,0.0,0.8333333333333334,0.16666666666666666,0.6500224216483541,0.32501121082417705
garçons,word,1.0,0.0,0.0,5.0,6.0,0.16666666666666666,0.0,0.0,0.8333333333333334,0.6500224216483541,0.32501121082417705
sexuelles,word,1.0,0.0,0.0,5.0,6.0,0.16666666666666666,0.0,0.0,0.8333333333333334,0.6500224216483541,0.32501121082417705
mouton,lemma,0.0,0.0,1.0,5.0,6.0,0.0,0.0,0.16666666666666666,0.8333333333333334,0.6500224216483541,0.32501121082417705
partie,lemma,0.0,1.0,0.0,5.0,6.0,0.0,0.16666666666666666,0.0,0.8333333333333334,0.6500224216483541,0.32501121082417705
rejetés,word,0.0,1.0,0.0,5.0,6.0,0.0,0.16666666666666666,0.0,0.8333333333333334,0.6500224216483541,0.32501121082417705
remarques,word,1.0,0.0,0.0,5.0,6.0,0.16666666666666666,0.0,0.0,0.8333333333333334,0.6500224216483541,0.32501121082417705
renforcer,lemma,1.0,0.0,0.0,5.0,6.0,0.16666666666666666,0.0,0.0,0.8333333333333334,0.6500224216483541,0.32501121082417705
remarque,lemma,1.0,0.0,0.0,5.0,6.0,0.16666666666666666,0.0,0.0,0.8333333333333334,0.6500224216483541,0.32501121082417705
repas,lemma,0.0,0.0,1.0,5.0,6.0,0.0,0.0,0.16666666666666666,0.8333333333333334,0.6500224216483541,0.32501121082417705
repas,word,0.0,0.0,1.0,5.0,6.0,0.0,0.0,0.16666666666666666,0.8333333333333334,0.6500224216483541,0.32501121082417705
représenter,lemma,0.0,1.0,0.0,5.0,6.0,0.0,0.16666666666666666,0.0,0.8333333333333334,0.6500224216483541,0.32501121082417705
bombes,word,1.0,0.0,0.0,5.0,6.0,0.16666666666666666,0.0,0.0,0.8333333333333334,0.6500224216483541,0.32501121082417705
arrêté,word,5.0,0.0,0.0,1.0,6.0,0.8333333333333334,0.0,0.0,0.16666666666666666,0.6500224216483541,0.32501121082417705
heureuse,word,0.0,5.0,1.0,0.0,6.0,0.0,0.8333333333333334,0.16666666666666666,0.0,0.6500224216483541,0.32501121082417705
arrivé,word,0.0,1.0,0.0,5.0,6.0,0.0,0.16666666666666666,0.0,0.8333333333333334,0.6500224216483541,0.32501121082417705
gueule,lemma,1.0,0.0,5.0,0.0,6.0,0.16666666666666666,0.0,0.8333333333333334,0.0,0.6500224216483541,0.32501121082417705
montrer,lemma,0.0,1.0,0.0,5.0,6.0,0.0,0.16666666666666666,0.0,0.8333333333333334,0.6500224216483541,0.32501121082417705
groupe,lemma,1.0,0.0,0.0,5.0,6.0,0.16666666666666666,0.0,0.0,0.8333333333333334,0.6500224216483541,0.32501121082417705
party,lemma,0.0,1.0,0.0,5.0,6.0,0.0,0.16666666666666666,0.0,0.8333333333333334,0.6500224216483541,0.32501121082417705
justice,word,5.0,0.0,0.0,1.0,6.0,0.8333333333333334,0.0,0.0,0.16666666666666666,0.6500224216483541,0.32501121082417705
l'école,word,0.0,0.0,1.0,5.0,6.0,0.0,0.0,0.16666666666666666,0.8333333333333334,0.6500224216483541,0.32501121082417705
choqué,word,0.0,25.0,0.0,5.0,30.0,0.0,0.8333333333333334,0.0,0.16666666666666666,0.6500224216483541,0.32501121082417705
justice,lemma,5.0,0.0,0.0,1.0,6.0,0.8333333333333334,0.0,0.0,0.16666666666666666,0.6500224216483541,0.32501121082417705
jeune,word,0.0,0.0,1.0,5.0,6.0,0.0,0.0,0.16666666666666666,0.8333333333333334,0.6500224216483541,0.32501121082417705
j'avais,word,0.0,0.0,1.0,5.0,6.0,0.0,0.0,0.16666666666666666,0.8333333333333334,0.6500224216483541,0.32501121082417705
partie,word,0.0,1.0,0.0,5.0,6.0,0.0,0.16666666666666666,0.0,0.8333333333333334,0.6500224216483541,0.32501121082417705
records,word,0.0,0.0,1.0,5.0,6.0,0.0,0.0,0.16666666666666666,0.8333333333333334,0.6500224216483541,0.32501121082417705
injuste,word,0.0,0.0,2.0,10.0,12.0,0.0,0.0,0.16666666666666666,0.8333333333333334,0.6500224216483541,0.32501121082417705
blague,word,0.0,0.0,5.0,1.0,6.0,0.0,0.0,0.8333333333333334,0.16666666666666666,0.6500224216483541,0.32501121082417705
presque,word,0.0,0.0,1.0,5.0,6.0,0.0,0.0,0.16666666666666666,0.8333333333333334,0.6500224216483541,0.32501121082417705
passer,word,0.0,1.0,0.0,5.0,6.0,0.0,0.16666666666666666,0.0,0.8333333333333334,0.6500224216483541,0.32501121082417705
beaux,word,0.0,1.0,0.0,5.0,6.0,0.0,0.16666666666666666,0.0,0.8333333333333334,0.6500224216483541,0.32501121082417705
mauvais,word,2.0,0.0,0.0,10.0,12.0,0.16666666666666666,0.0,0.0,0.8333333333333334,0.6500224216483541,0.32501121082417705
étonne,word,1.0,5.0,0.0,0.0,6.0,0.16666666666666666,0.8333333333333334,0.0,0.0,0.6500224216483541,0.32501121082417705
étonn,lemma,1.0,5.0,0.0,0.0,6.0,0.16666666666666666,0.8333333333333334,0.0,0.0,0.6500224216483541,0.32501121082417705
terre,lemma,1.0,1.0,0.0,15.0,17.0,0.058823529411764705,0.058823529411764705,0.0,0.8823529411764706,0.6402064333604701,0.32010321668023506
grosse,word,0.0,1.0,15.0,1.0,17.0,0.0,0.058823529411764705,0.8823529411764706,0.058823529411764705,0.6402064333604701,0.32010321668023506
dangereux,lemma,2.0,38.0,0.0,3.0,43.0,0.046511627906976744,0.8837209302325582,0.0,0.06976744186046512,0.6314709637016394,0.3157354818508197
fuir,word,23.0,1.0,0.0,2.0,26.0,0.8846153846153846,0.038461538461538464,0.0,0.07692307692307693,0.6219041416291193,0.31095207081455967
coup,word,2.0,0.0,0.0,11.0,13.0,0.15384615384615385,0.0,0.0,0.8461538461538461,0.6193821946787638,0.3096910973393819
morts,word,2.0,0.0,0.0,11.0,13.0,0.15384615384615385,0.0,0.0,0.8461538461538461,0.6193821946787638,0.3096910973393819
chasser,lemma,2.0,0.0,0.0,11.0,13.0,0.15384615384615385,0.0,0.0,0.8461538461538461,0.6193821946787638,0.3096910973393819
beau,lemma,0.0,1.0,1.0,16.0,18.0,0.0,0.05555555555555555,0.05555555555555555,0.8888888888888888,0.6143694458867568,0.3071847229433784
école,word,0.0,3.0,0.0,17.0,20.0,0.0,0.15,0.0,0.85,0.6098403047164004,0.3049201523582002
détruire,lemma,0.0,3.0,0.0,17.0,20.0,0.0,0.15,0.0,0.85,0.6098403047164004,0.3049201523582002
persécuter,lemma,0.0,2.0,0.0,12.0,14.0,0.0,0.14285714285714285,0.0,0.8571428571428571,0.5916727785823275,0.29583638929116374
souvenir,word,1.0,0.0,0.0,6.0,7.0,0.14285714285714285,0.0,0.0,0.8571428571428571,0.5916727785823275,0.29583638929116374
voler,lemma,2.0,0.0,0.0,12.0,14.0,0.14285714285714285,0.0,0.0,0.8571428571428571,0.5916727785823275,0.29583638929116374
belle,word,0.0,0.0,1.0,6.0,7.0,0.0,0.0,0.14285714285714285,0.8571428571428571,0.5916727785823275,0.29583638929116374
décevoir,lemma,0.0,6.0,0.0,1.0,7.0,0.0,0.8571428571428571,0.0,0.14285714285714285,0.5916727785823275,0.29583638929116374
déchirer,lemma,1.0,0.0,0.0,6.0,7.0,0.14285714285714285,0.0,0.0,0.8571428571428571,0.5916727785823275,0.29583638929116374
confiance,word,0.0,0.0,1.0,6.0,7.0,0.0,0.0,0.14285714285714285,0.8571428571428571,0.5916727785823275,0.29583638929116374
confiance,lemma,0.0,0.0,1.0,6.0,7.0,0.0,0.0,0.14285714285714285,0.8571428571428571,0.5916727785823275,0.29583638929116374
appelé,word,6.0,0.0,0.0,1.0,7.0,0.8571428571428571,0.0,0.0,0.14285714285714285,0.5916727785823275,0.29583638929116374
sécheresse,word,1.0,0.0,0.0,6.0,7.0,0.14285714285714285,0.0,0.0,0.8571428571428571,0.5916727785823275,0.29583638929116374
agresser,lemma,2.0,0.0,0.0,12.0,14.0,0.14285714285714285,0.0,0.0,0.8571428571428571,0.5916727785823275,0.29583638929116374
manifestation,word,6.0,0.0,0.0,1.0,7.0,0.8571428571428571,0.0,0.0,0.14285714285714285,0.5916727785823275,0.29583638929116374
sécheresse,lemma,1.0,0.0,0.0,6.0,7.0,0.14285714285714285,0.0,0.0,0.8571428571428571,0.5916727785823275,0.29583638929116374
manger,word,0.0,1.0,0.0,6.0,7.0,0.0,0.14285714285714285,0.0,0.8571428571428571,0.5916727785823275,0.29583638929116374
vache,lemma,1.0,0.0,0.0,6.0,7.0,0.14285714285714285,0.0,0.0,0.8571428571428571,0.5916727785823275,0.29583638929116374
famine,lemma,1.0,0.0,0.0,6.0,7.0,0.14285714285714285,0.0,0.0,0.8571428571428571,0.5916727785823275,0.29583638929116374
embêter,lemma,0.0,6.0,1.0,0.0,7.0,0.0,0.8571428571428571,0.14285714285714285,0.0,0.5916727785823275,0.29583638929116374
permettre,lemma,1.0,0.0,0.0,6.0,7.0,0.14285714285714285,0.0,0.0,0.8571428571428571,0.5916727785823275,0.29583638929116374
exploit,lemma,0.0,4.0,0.0,24.0,28.0,0.0,0.14285714285714285,0.0,0.8571428571428571,0.5916727785823275,0.29583638929116374
tranquille,word,0.0,0.0,6.0,1.0,7.0,0.0,0.0,0.8571428571428571,0.14285714285714285,0.5916727785823275,0.29583638929116374
enfuir,lemma,6.0,0.0,0.0,1.0,7.0,0.8571428571428571,0.0,0.0,0.14285714285714285,0.5916727785823275,0.29583638929116374
cool,lemma,0.0,6.0,1.0,0.0,7.0,0.0,0.8571428571428571,0.14285714285714285,0.0,0.5916727785823275,0.29583638929116374
bel,lemma,0.0,0.0,1.0,6.0,7.0,0.0,0.0,0.14285714285714285,0.8571428571428571,0.5916727785823275,0.29583638929116374
menaces,word,1.0,6.0,0.0,0.0,7.0,0.14285714285714285,0.8571428571428571,0.0,0.0,0.5916727785823275,0.29583638929116374
accident,word,1.0,0.0,0.0,6.0,7.0,0.14285714285714285,0.0,0.0,0.8571428571428571,0.5916727785823275,0.29583638929116374
près,word,0.0,1.0,0.0,6.0,7.0,0.0,0.14285714285714285,0.0,0.8571428571428571,0.5916727785823275,0.29583638929116374
près,lemma,0.0,1.0,0.0,6.0,7.0,0.0,0.14285714285714285,0.0,0.8571428571428571,0.5916727785823275,0.29583638929116374
injuste,lemma,0.0,0.0,2.0,12.0,14.0,0.0,0.0,0.14285714285714285,0.8571428571428571,0.5916727785823275,0.29583638929116374
deuxième,lemma,0.0,1.0,0.0,6.0,7.0,0.0,0.14285714285714285,0.0,0.8571428571428571,0.5916727785823275,0.29583638929116374
deuxième,word,0.0,1.0,0.0,6.0,7.0,0.0,0.14285714285714285,0.0,0.8571428571428571,0.5916727785823275,0.29583638929116374
insolite,lemma,0.0,6.0,0.0,1.0,7.0,0.0,0.8571428571428571,0.0,0.14285714285714285,0.5916727785823275,0.29583638929116374
long,lemma,1.0,0.0,0.0,6.0,7.0,0.14285714285714285,0.0,0.0,0.8571428571428571,0.5916727785823275,0.29583638929116374
passé,word,0.0,0.0,1.0,6.0,7.0,0.0,0.0,0.14285714285714285,0.8571428571428571,0.5916727785823275,0.29583638929116374
cool,word,0.0,6.0,1.0,0.0,7.0,0.0,0.8571428571428571,0.14285714285714285,0.0,0.5916727785823275,0.29583638929116374
héros,word,0.0,1.0,0.0,6.0,7.0,0.0,0.14285714285714285,0.0,0.8571428571428571,0.5916727785823275,0.29583638929116374
héros,lemma,0.0,1.0,0.0,6.0,7.0,0.0,0.14285714285714285,0.0,0.8571428571428571,0.5916727785823275,0.29583638929116374
bonheur,word,0.0,12.0,0.0,2.0,14.0,0.0,0.8571428571428571,0.0,0.14285714285714285,0.5916727785823275,0.29583638929116374
bonheur,lemma,0.0,12.0,0.0,2.0,14.0,0.0,0.8571428571428571,0.0,0.14285714285714285,0.5916727785823275,0.29583638929116374
risques,word,0.0,6.0,0.0,1.0,7.0,0.0,0.8571428571428571,0.0,0.14285714285714285,0.5916727785823275,0.29583638929116374
dizaine,lemma,0.0,0.0,1.0,6.0,7.0,0.0,0.0,0.14285714285714285,0.8571428571428571,0.5916727785823275,0.29583638929116374
dizaines,word,0.0,0.0,1.0,6.0,7.0,0.0,0.0,0.14285714285714285,0.8571428571428571,0.5916727785823275,0.29583638929116374
critiques,word,6.0,0.0,0.0,1.0,7.0,0.8571428571428571,0.0,0.0,0.14285714285714285,0.5916727785823275,0.29583638929116374
oublier,lemma,1.0,0.0,0.0,6.0,7.0,0.14285714285714285,0.0,0.0,0.8571428571428571,0.5916727785823275,0.29583638929116374
route,lemma,12.0,0.0,0.0,2.0,14.0,0.8571428571428571,0.0,0.0,0.14285714285714285,0.5916727785823275,0.29583638929116374
accusé,word,19.0,0.0,0.0,3.0,22.0,0.8636363636363636,0.0,0.0,0.13636363636363635,0.5746356978376794,0.2873178489188397
remporter,word,0.0,0.0,2.0,13.0,15.0,0.0,0.0,0.13333333333333333,0.8666666666666667,0.5665095065529053,0.28325475327645266
difficiles,word,2.0,0.0,0.0,13.0,15.0,0.13333333333333333,0.0,0.0,0.8666666666666667,0.5665095065529053,0.28325475327645266
dangereuse,word,0.0,13.0,0.0,2.0,15.0,0.0,0.8666666666666667,0.0,0.13333333333333333,0.5665095065529053,0.28325475327645266
critique,lemma,13.0,0.0,0.0,2.0,15.0,0.8666666666666667,0.0,0.0,0.13333333333333333,0.5665095065529053,0.28325475327645266
accord,word,1.0,1.0,0.0,19.0,21.0,0.047619047619047616,0.047619047619047616,0.0,0.9047619047619048,0.5489544344250401,0.27447721721252005
suffire,lemma,0.0,0.0,1.0,7.0,8.0,0.0,0.0,0.125,0.875,0.5435644431995964,0.2717822215997982
hasard,lemma,0.0,1.0,0.0,7.0,8.0,0.0,0.125,0.0,0.875,0.5435644431995964,0.2717822215997982
révolter,lemma,7.0,1.0,0.0,0.0,8.0,0.875,0.125,0.0,0.0,0.5435644431995964,0.2717822215997982
rare,word,0.0,0.0,1.0,7.0,8.0,0.0,0.0,0.125,0.875,0.5435644431995964,0.2717822215997982
sœur,word,1.0,0.0,0.0,7.0,8.0,0.125,0.0,0.0,0.875,0.5435644431995964,0.2717822215997982
maladie,word,0.0,1.0,0.0,7.0,8.0,0.0,0.125,0.0,0.875,0.5435644431995964,0.2717822215997982
t'es,word,0.0,0.0,7.0,1.0,8.0,0.0,0.0,0.875,0.125,0.5435644431995964,0.2717822215997982
grondouk,word,0.0,0.0,7.0,1.0,8.0,0.0,0.0,0.875,0.125,0.5435644431995964,0.2717822215997982
grondouk,lemma,0.0,0.0,7.0,1.0,8.0,0.0,0.0,0.875,0.125,0.5435644431995964,0.2717822215997982
sûr,lemma,0.0,0.0,7.0,1.0,8.0,0.0,0.0,0.875,0.125,0.5435644431995964,0.2717822215997982
arme,word,0.0,1.0,0.0,7.0,8.0,0.0,0.125,0.0,0.875,0.5435644431995964,0.2717822215997982
sûr,word,0.0,0.0,7.0,1.0,8.0,0.0,0.0,0.875,0.125,0.5435644431995964,0.2717822215997982
considérer,lemma,1.0,0.0,0.0,7.0,8.0,0.125,0.0,0.0,0.875,0.5435644431995964,0.2717822215997982
garçon,lemma,1.0,0.0,0.0,7.0,8.0,0.125,0.0,0.0,0.875,0.5435644431995964,0.2717822215997982
hasard,word,0.0,1.0,0.0,7.0,8.0,0.0,0.125,0.0,0.875,0.5435644431995964,0.2717822215997982
fierté,word,1.0,7.0,0.0,0.0,8.0,0.125,0.875,0.0,0.0,0.5435644431995964,0.2717822215997982
vient,word,0.0,0.0,1.0,7.0,8.0,0.0,0.0,0.125,0.875,0.5435644431995964,0.2717822215997982
plainte,word,7.0,0.0,0.0,1.0,8.0,0.875,0.0,0.0,0.125,0.5435644431995964,0.2717822215997982
accusée,word,7.0,0.0,0.0,1.0,8.0,0.875,0.0,0.0,0.125,0.5435644431995964,0.2717822215997982
équipe,lemma,1.0,0.0,0.0,7.0,8.0,0.125,0.0,0.0,0.875,0.5435644431995964,0.2717822215997982
agressions,word,1.0,0.0,0.0,7.0,8.0,0.125,0.0,0.0,0.875,0.5435644431995964,0.2717822215997982
meilleure,word,0.0,1.0,0.0,7.0,8.0,0.0,0.125,0.0,0.875,0.5435644431995964,0.2717822215997982
marrant,word,0.0,7.0,1.0,0.0,8.0,0.0,0.875,0.125,0.0,0.5435644431995964,0.2717822215997982
critique,word,7.0,0.0,0.0,1.0,8.0,0.875,0.0,0.0,0.125,0.5435644431995964,0.2717822215997982
menacent,word,0.0,7.0,0.0,1.0,8.0,0.0,0.875,0.0,0.125,0.5435644431995964,0.2717822215997982
disputer,lemma,7.0,0.0,0.0,1.0,8.0,0.875,0.0,0.0,0.125,0.5435644431995964,0.2717822215997982
dormir,word,1.0,0.0,0.0,7.0,8.0,0.125,0.0,0.0,0.875,0.5435644431995964,0.2717822215997982
étais,word,0.0,1.0,0.0,7.0,8.0,0.0,0.125,0.0,0.875,0.5435644431995964,0.2717822215997982
eau,lemma,0.0,1.0,0.0,7.0,8.0,0.0,0.125,0.0,0.875,0.5435644431995964,0.2717822215997982
dirigeants,word,7.0,1.0,0.0,0.0,8.0,0.875,0.125,0.0,0.0,0.5435644431995964,0.2717822215997982
manquer,lemma,1.0,0.0,0.0,7.0,8.0,0.125,0.0,0.0,0.875,0.5435644431995964,0.2717822215997982
pied,lemma,1.0,0.0,0.0,7.0,8.0,0.125,0.0,0.0,0.875,0.5435644431995964,0.2717822215997982
difficile,lemma,2.0,0.0,1.0,29.0,32.0,0.0625,0.0,0.03125,0.90625,0.5349547231656377,0.2674773615828189
choquer,lemma,0.0,44.0,0.0,6.0,50.0,0.0,0.88,0.0,0.12,0.5293608652873644,0.2646804326436822
quoi,lemma,0.0,0.0,31.0,4.0,35.0,0.0,0.0,0.8857142857142857,0.11428571428571428,0.512709142030877,0.2563545710154385
quoi,word,0.0,0.0,31.0,4.0,35.0,0.0,0.0,0.8857142857142857,0.11428571428571428,0.512709142030877,0.2563545710154385
seul,word,0.0,1.0,0.0,8.0,9.0,0.0,0.1111111111111111,0.0,0.8888888888888888,0.5032583347756457,0.25162916738782287
votre,lemma,0.0,0.0,16.0,2.0,18.0,0.0,0.0,0.8888888888888888,0.1111111111111111,0.5032583347756457,0.25162916738782287
donner,lemma,1.0,0.0,0.0,8.0,9.0,0.1111111111111111,0.0,0.0,0.8888888888888888,0.5032583347756457,0.25162916738782287
rare,lemma,0.0,0.0,1.0,8.0,9.0,0.0,0.0,0.1111111111111111,0.8888888888888888,0.5032583347756457,0.25162916738782287
ma,word,0.0,0.0,2.0,16.0,18.0,0.0,0.0,0.1111111111111111,0.8888888888888888,0.5032583347756457,0.25162916738782287
gueule,word,1.0,0.0,8.0,0.0,9.0,0.1111111111111111,0.0,0.8888888888888888,0.0,0.5032583347756457,0.25162916738782287
rues,word,8.0,0.0,0.0,1.0,9.0,0.8888888888888888,0.0,0.0,0.1111111111111111,0.5032583347756457,0.25162916738782287
pauvres,word,1.0,0.0,0.0,8.0,9.0,0.1111111111111111,0.0,0.0,0.8888888888888888,0.5032583347756457,0.25162916738782287
cadeau,lemma,1.0,0.0,0.0,8.0,9.0,0.1111111111111111,0.0,0.0,0.8888888888888888,0.5032583347756457,0.25162916738782287
important,lemma,0.0,1.0,0.0,8.0,9.0,0.0,0.1111111111111111,0.0,0.8888888888888888,0.5032583347756457,0.25162916738782287
refuge,word,8.0,0.0,0.0,1.0,9.0,0.8888888888888888,0.0,0.0,0.1111111111111111,0.5032583347756457,0.25162916738782287
jeux,word,1.0,0.0,0.0,8.0,9.0,0.1111111111111111,0.0,0.0,0.8888888888888888,0.5032583347756457,0.25162916738782287
plainte,lemma,8.0,0.0,0.0,1.0,9.0,0.8888888888888888,0.0,0.0,0.1111111111111111,0.5032583347756457,0.25162916738782287
dérange,lemma,0.0,8.0,1.0,0.0,9.0,0.0,0.8888888888888888,0.1111111111111111,0.0,0.5032583347756457,0.25162916738782287
dérange,word,0.0,8.0,1.0,0.0,9.0,0.0,0.8888888888888888,0.1111111111111111,0.0,0.5032583347756457,0.25162916738782287
protestations,word,8.0,0.0,0.0,1.0,9.0,0.8888888888888888,0.0,0.0,0.1111111111111111,0.5032583347756457,0.25162916738782287
découvre,word,0.0,1.0,0.0,8.0,9.0,0.0,0.1111111111111111,0.0,0.8888888888888888,0.5032583347756457,0.25162916738782287
forcer,lemma,1.0,0.0,0.0,8.0,9.0,0.1111111111111111,0.0,0.0,0.8888888888888888,0.5032583347756457,0.25162916738782287
souvenir,lemma,1.0,0.0,0.0,8.0,9.0,0.1111111111111111,0.0,0.0,0.8888888888888888,0.5032583347756457,0.25162916738782287
refuge,lemma,8.0,0.0,0.0,1.0,9.0,0.8888888888888888,0.0,0.0,0.1111111111111111,0.5032583347756457,0.25162916738782287
pleurer,lemma,45.0,1.0,0.0,3.0,49.0,0.9183673469387755,0.02040816326530612,0.0,0.061224489795918366,0.4741327658091096,0.2370663829045548
marrant,lemma,0.0,9.0,1.0,0.0,10.0,0.0,0.9,0.1,0.0,0.4689955935892812,0.2344977967946406
descendre,lemma,9.0,0.0,0.0,1.0,10.0,0.9,0.0,0.0,0.1,0.4689955935892812,0.2344977967946406
occasion,word,0.0,1.0,0.0,9.0,10.0,0.0,0.1,0.0,0.9,0.4689955935892812,0.2344977967946406
occasion,lemma,0.0,1.0,0.0,9.0,10.0,0.0,0.1,0.0,0.9,0.4689955935892812,0.2344977967946406
est-ce,word,0.0,0.0,9.0,1.0,10.0,0.0,0.0,0.9,0.1,0.4689955935892812,0.2344977967946406
refuse,word,9.0,0.0,0.0,1.0,10.0,0.9,0.0,0.0,0.1,0.4689955935892812,0.2344977967946406
impressionnant,lemma,0.0,9.0,0.0,1.0,10.0,0.0,0.9,0.0,0.1,0.4689955935892812,0.2344977967946406
amour,word,0.0,1.0,0.0,9.0,10.0,0.0,0.1,0.0,0.9,0.4689955935892812,0.2344977967946406
conséquence,lemma,0.0,1.0,0.0,9.0,10.0,0.0,0.1,0.0,0.9,0.4689955935892812,0.2344977967946406
conséquences,word,0.0,1.0,0.0,9.0,10.0,0.0,0.1,0.0,0.9,0.4689955935892812,0.2344977967946406
victoire,word,2.0,0.0,0.0,18.0,20.0,0.1,0.0,0.0,0.9,0.4689955935892812,0.2344977967946406
victoire,lemma,2.0,0.0,0.0,18.0,20.0,0.1,0.0,0.0,0.9,0.4689955935892812,0.2344977967946406
petite,word,0.0,1.0,0.0,9.0,10.0,0.0,0.1,0.0,0.9,0.4689955935892812,0.2344977967946406
sexuel,lemma,1.0,0.0,0.0,9.0,10.0,0.1,0.0,0.0,0.9,0.4689955935892812,0.2344977967946406
cher,word,0.0,0.0,1.0,9.0,10.0,0.0,0.0,0.1,0.9,0.4689955935892812,0.2344977967946406
plaindre,lemma,9.0,0.0,0.0,1.0,10.0,0.9,0.0,0.0,0.1,0.4689955935892812,0.2344977967946406
deux,lemma,1.0,0.0,1.0,24.0,26.0,0.038461538461538464,0.0,0.038461538461538464,0.9230769230769231,0.46816664055233254,0.23408332027616627
deux,word,1.0,0.0,1.0,24.0,26.0,0.038461538461538464,0.0,0.038461538461538464,0.9230769230769231,0.46816664055233254,0.23408332027616627
bloquer,lemma,20.0,0.0,0.0,2.0,22.0,0.9090909090909091,0.0,0.0,0.09090909090909091,0.4394969869215134,0.2197484934607567
nombreux,word,0.0,1.0,0.0,10.0,11.0,0.0,0.09090909090909091,0.0,0.9090909090909091,0.4394969869215134,0.2197484934607567
sœur,lemma,1.0,0.0,0.0,10.0,11.0,0.09090909090909091,0.0,0.0,0.9090909090909091,0.4394969869215134,0.2197484934607567
honte,word,0.0,10.0,1.0,0.0,11.0,0.0,0.9090909090909091,0.09090909090909091,0.0,0.4394969869215134,0.2197484934607567
devenir,word,0.0,0.0,1.0,10.0,11.0,0.0,0.0,0.09090909090909091,0.9090909090909091,0.4394969869215134,0.2197484934607567
vs,word,0.0,0.0,10.0,1.0,11.0,0.0,0.0,0.9090909090909091,0.09090909090909091,0.4394969869215134,0.2197484934607567
bombe,lemma,1.0,0.0,0.0,10.0,11.0,0.09090909090909091,0.0,0.0,0.9090909090909091,0.4394969869215134,0.2197484934607567
désaccord,word,1.0,0.0,0.0,10.0,11.0,0.09090909090909091,0.0,0.0,0.9090909090909091,0.4394969869215134,0.2197484934607567
t,lemma,1.0,0.0,10.0,0.0,11.0,0.09090909090909091,0.0,0.9090909090909091,0.0,0.4394969869215134,0.2197484934607567
merci,word,0.0,1.0,10.0,0.0,11.0,0.0,0.09090909090909091,0.9090909090909091,0.0,0.4394969869215134,0.2197484934607567
bande,lemma,0.0,0.0,10.0,1.0,11.0,0.0,0.0,0.9090909090909091,0.09090909090909091,0.4394969869215134,0.2197484934607567
hommage,lemma,30.0,0.0,0.0,3.0,33.0,0.9090909090909091,0.0,0.0,0.09090909090909091,0.4394969869215134,0.2197484934607567
merci,lemma,0.0,1.0,10.0,0.0,11.0,0.0,0.09090909090909091,0.9090909090909091,0.0,0.4394969869215134,0.2197484934607567
bande,word,0.0,0.0,10.0,1.0,11.0,0.0,0.0,0.9090909090909091,0.09090909090909091,0.4394969869215134,0.2197484934607567
c,lemma,0.0,1.0,10.0,0.0,11.0,0.0,0.09090909090909091,0.9090909090909091,0.0,0.4394969869215134,0.2197484934607567
exploit,word,0.0,2.0,0.0,21.0,23.0,0.0,0.08695652173913043,0.0,0.9130434782608695,0.4262286569981449,0.21311432849907244
désaccord,lemma,1.0,0.0,0.0,11.0,12.0,0.08333333333333333,0.0,0.0,0.9166666666666666,0.41381685030363374,0.20690842515181687
vivre,word,0.0,0.0,1.0,11.0,12.0,0.0,0.0,0.08333333333333333,0.9166666666666666,0.41381685030363374,0.20690842515181687
t'as,word,0.0,0.0,11.0,1.0,12.0,0.0,0.0,0.9166666666666666,0.08333333333333333,0.41381685030363374,0.20690842515181687
ta,word,0.0,0.0,23.0,2.0,25.0,0.0,0.0,0.92,0.08,0.4021791902022728,0.2010895951011364
or,word,0.0,1.0,1.0,30.0,32.0,0.0,0.03125,0.03125,0.9375,0.3997900666170139,0.19989503330850694
or,lemma,0.0,1.0,1.0,30.0,32.0,0.0,0.03125,0.03125,0.9375,0.3997900666170139,0.19989503330850694
seul,lemma,0.0,1.0,0.0,12.0,13.0,0.0,0.07692307692307693,0.0,0.9230769230769231,0.39124356362925566,0.19562178181462783
pourtant,word,0.0,0.0,12.0,1.0,13.0,0.0,0.0,0.9230769230769231,0.07692307692307693,0.39124356362925566,0.19562178181462783
parent,lemma,0.0,0.0,1.0,12.0,13.0,0.0,0.0,0.07692307692307693,0.9230769230769231,0.39124356362925566,0.19562178181462783
parents,word,0.0,0.0,1.0,12.0,13.0,0.0,0.0,0.07692307692307693,0.9230769230769231,0.39124356362925566,0.19562178181462783
perdu,word,1.0,0.0,0.0,12.0,13.0,0.07692307692307693,0.0,0.0,0.9230769230769231,0.39124356362925566,0.19562178181462783
routes,word,12.0,0.0,0.0,1.0,13.0,0.9230769230769231,0.0,0.0,0.07692307692307693,0.39124356362925566,0.19562178181462783
pourtant,lemma,0.0,0.0,12.0,1.0,13.0,0.0,0.0,0.9230769230769231,0.07692307692307693,0.39124356362925566,0.19562178181462783
rendre,word,12.0,0.0,0.0,1.0,13.0,0.9230769230769231,0.0,0.0,0.07692307692307693,0.39124356362925566,0.19562178181462783
fuir,lemma,48.0,1.0,0.0,2.0,51.0,0.9411764705882353,0.0196078431372549,0.0,0.0392156862745098,0.37677436090060346,0.18838718045030173
risque,lemma,0.0,13.0,0.0,1.0,14.0,0.0,0.9285714285714286,0.0,0.07142857142857142,0.37123232664087563,0.18561616332043782
craignent,lemma,1.0,13.0,0.0,0.0,14.0,0.07142857142857142,0.9285714285714286,0.0,0.0,0.37123232664087563,0.18561616332043782
heureux,lemma,0.0,34.0,1.0,1.0,36.0,0.0,0.9444444444444444,0.027777777777777776,0.027777777777777776,0.36509898470588065,0.18254949235294032
réclamer,word,14.0,1.0,0.0,0.0,15.0,0.9333333333333333,0.06666666666666667,0.0,0.0,0.35335933502142136,0.17667966751071068
mis,word,14.0,0.0,0.0,1.0,15.0,0.9333333333333333,0.0,0.0,0.06666666666666667,0.35335933502142136,0.17667966751071068
étonnant,word,0.0,14.0,1.0,0.0,15.0,0.0,0.9333333333333333,0.06666666666666667,0.0,0.35335933502142136,0.17667966751071068
beau,word,0.0,0.0,1.0,14.0,15.0,0.0,0.0,0.06666666666666667,0.9333333333333333,0.35335933502142136,0.17667966751071068
dangereux,word,2.0,55.0,0.0,1.0,58.0,0.034482758620689655,0.9482758620689655,0.0,0.017241379310344827,0.34117437023349834,0.17058718511674917
malheur,lemma,0.0,15.0,1.0,0.0,16.0,0.0,0.9375,0.0625,0.0,0.3372900666170139,0.16864503330850694
malheur,word,0.0,15.0,1.0,0.0,16.0,0.0,0.9375,0.0625,0.0,0.3372900666170139,0.16864503330850694
accuser,lemma,77.0,0.0,0.0,5.0,82.0,0.9390243902439024,0.0,0.0,0.06097560975609756,0.3313056130577884,0.1656528065288942
surprise,word,1.0,40.0,0.0,1.0,42.0,0.023809523809523808,0.9523809523809523,0.0,0.023809523809523808,0.3238144752669867,0.16190723763349335
protestation,lemma,16.0,0.0,0.0,1.0,17.0,0.9411764705882353,0.0,0.0,0.058823529411764705,0.3227569588973982,0.1613784794486991
difficile,word,0.0,0.0,1.0,16.0,17.0,0.0,0.0,0.058823529411764705,0.9411764705882353,0.3227569588973982,0.1613784794486991
avais,word,1.0,0.0,0.0,16.0,17.0,0.058823529411764705,0.0,0.0,0.9411764705882353,0.3227569588973982,0.1613784794486991
victime,word,0.0,2.0,0.0,33.0,35.0,0.0,0.05714285714285714,0.0,0.9428571428571428,0.31599713297842463,0.15799856648921232
surprise,lemma,1.0,42.0,0.0,1.0,44.0,0.022727272727272728,0.9545454545454546,0.0,0.022727272727272728,0.31221953325757146,0.15610976662878573
…,punctuation,1.0,1.0,285.0,12.0,299.0,0.0033444816053511705,0.0033444816053511705,0.9531772575250836,0.04013377926421405,0.30713641972150457,0.15356820986075229
critiqué,word,18.0,0.0,0.0,1.0,19.0,0.9473684210526315,0.0,0.0,0.05263157894736842,0.2974722489192896,0.1487361244596448
harcèlemer,lemma,0.0,0.0,1.0,18.0,19.0,0.0,0.0,0.05263157894736842,0.9473684210526315,0.2974722489192896,0.1487361244596448
harcèlement,word,0.0,0.0,1.0,18.0,19.0,0.0,0.0,0.05263157894736842,0.9473684210526315,0.2974722489192896,0.1487361244596448
craignent,word,1.0,18.0,0.0,0.0,19.0,0.05263157894736842,0.9473684210526315,0.0,0.0,0.2974722489192896,0.1487361244596448
manifestation,lemma,69.0,0.0,1.0,2.0,72.0,0.9583333333333334,0.0,0.013888888888888888,0.027777777777777776,0.28814461925212254,0.14407230962606127
retrouver,lemma,0.0,1.0,0.0,19.0,20.0,0.0,0.05,0.0,0.95,0.28639695711595625,0.14319847855797813
triste,word,0.0,20.0,0.0,1.0,21.0,0.0,0.9523809523809523,0.0,0.047619047619047616,0.2761954276479391,0.13809771382396954
colère,lemma,2.0,40.0,0.0,0.0,42.0,0.047619047619047616,0.9523809523809523,0.0,0.0,0.2761954276479391,0.13809771382396954
inquiet,lemma,1.0,51.0,0.0,1.0,53.0,0.018867924528301886,0.9622641509433962,0.0,0.018867924528301886,0.269548899081194,0.134774449540597
réussir,lemma,0.0,1.0,0.0,23.0,24.0,0.0,0.041666666666666664,0.0,0.9583333333333334,0.24988229283318544,0.12494114641659272
étonnant,lemma,0.0,24.0,1.0,0.0,25.0,0.0,0.96,0.04,0.0,0.24229218908241482,0.12114609454120741
record,lemma,0.0,0.0,1.0,24.0,25.0,0.0,0.0,0.04,0.96,0.24229218908241482,0.12114609454120741
dénoncer,lemma,25.0,0.0,0.0,1.0,26.0,0.9615384615384616,0.0,0.0,0.038461538461538464,0.23519338181924143,0.11759669090962072
manifestations,word,63.0,0.0,1.0,1.0,65.0,0.9692307692307692,0.0,0.015384615384615385,0.015384615384615385,0.229004194866997,0.1145020974334985
heureux,word,0.0,26.0,0.0,1.0,27.0,0.0,0.9629629629629629,0.0,0.037037037037037035,0.228538143953528,0.114269071976764
vivre,lemma,0.0,0.0,1.0,26.0,27.0,0.0,0.0,0.037037037037037035,0.9629629629629629,0.228538143953528,0.114269071976764
colère,word,2.0,52.0,0.0,0.0,54.0,0.037037037037037035,0.9629629629629629,0.0,0.0,0.228538143953528,0.114269071976764
critiquer,lemma,53.0,0.0,0.0,2.0,55.0,0.9636363636363636,0.0,0.0,0.03636363636363636,0.225363639127395,0.1126818195636975
peur,word,2.0,131.0,0.0,2.0,135.0,0.014814814814814815,0.9703703703703703,0.0,0.014814814814814815,0.22216068444782366,0.11108034222391183
peur,lemma,2.0,131.0,0.0,2.0,135.0,0.014814814814814815,0.9703703703703703,0.0,0.014814814814814815,0.22216068444782366,0.11108034222391183
triste,lemma,0.0,28.0,0.0,1.0,29.0,0.0,0.9655172413793104,0.0,0.034482758620689655,0.21639693245126462,0.10819846622563231
hommage,word,30.0,0.0,0.0,1.0,31.0,0.967741935483871,0.0,0.0,0.03225806451612903,0.205592508185083,0.1027962540925415
inquiète,word,0.0,30.0,0.0,1.0,31.0,0.0,0.967741935483871,0.0,0.03225806451612903,0.205592508185083,0.1027962540925415
découvrir,lemma,0.0,1.0,0.0,30.0,31.0,0.0,0.03225806451612903,0.0,0.967741935483871,0.205592508185083,0.1027962540925415
remporter,lemma,0.0,0.0,2.0,61.0,63.0,0.0,0.0,0.031746031746031744,0.9682539682539683,0.20307392998664564,0.10153696499332282
!,punctuation,2.0,0.0,684.0,18.0,704.0,0.002840909090909091,0.0,0.9715909090909091,0.02556818181818182,0.19967342231923513,0.09983671115961756
mètres,word,0.0,0.0,1.0,37.0,38.0,0.0,0.0,0.02631578947368421,0.9736842105263158,0.17556502585750278,0.08778251292875139
mètre,lemma,0.0,0.0,1.0,37.0,38.0,0.0,0.0,0.02631578947368421,0.9736842105263158,0.17556502585750278,0.08778251292875139
réclamer,lemma,39.0,1.0,0.0,0.0,40.0,0.975,0.025,0.0,0.0,0.16866093149667025,0.08433046574833512
plaignent,word,4.0,0.0,0.0,0.0,4.0,1.0,0.0,0.0,0.0,-0.0,-0.0
environ,word,0.0,0.0,0.0,4.0,4.0,0.0,0.0,0.0,1.0,-0.0,-0.0
titre,word,0.0,0.0,0.0,3.0,3.0,0.0,0.0,0.0,1.0,-0.0,-0.0
environ,lemma,0.0,0.0,0.0,4.0,4.0,0.0,0.0,0.0,1.0,-0.0,-0.0
couilles,word,0.0,0.0,6.0,0.0,6.0,0.0,0.0,1.0,0.0,-0.0,-0.0
envoyé,word,3.0,0.0,0.0,0.0,3.0,1.0,0.0,0.0,0.0,-0.0,-0.0
titre,lemma,0.0,0.0,0.0,7.0,7.0,0.0,0.0,0.0,1.0,-0.0,-0.0
corée,lemma,0.0,4.0,0.0,0.0,4.0,0.0,1.0,0.0,0.0,-0.0,-0.0
copines,word,0.0,0.0,0.0,3.0,3.0,0.0,0.0,0.0,1.0,-0.0,-0.0
copine,lemma,0.0,0.0,0.0,4.0,4.0,0.0,0.0,0.0,1.0,-0.0,-0.0
exactement,word,0.0,0.0,0.0,4.0,4.0,0.0,0.0,0.0,1.0,-0.0,-0.0
exactement,lemma,0.0,0.0,0.0,3.0,3.0,0.0,0.0,0.0,1.0,-0.0,-0.0
ete,lemma,0.0,0.0,4.0,0.0,4.0,0.0,0.0,1.0,0.0,-0.0,-0.0
explosion,lemma,0.0,0.0,0.0,3.0,3.0,0.0,0.0,0.0,1.0,-0.0,-0.0
exploser,word,0.0,0.0,0.0,3.0,3.0,0.0,0.0,0.0,1.0,-0.0,-0.0
battu,word,0.0,0.0,0.0,6.0,6.0,0.0,0.0,0.0,1.0,-0.0,-0.0
beal,lemma,0.0,0.0,0.0,3.0,3.0,0.0,0.0,0.0,1.0,-0.0,-0.0
mésaventure,word,0.0,0.0,0.0,3.0,3.0,0.0,0.0,0.0,1.0,-0.0,-0.0
mésaventure,lemma,0.0,0.0,0.0,3.0,3.0,0.0,0.0,0.0,1.0,-0.0,-0.0
mérite,word,0.0,0.0,0.0,3.0,3.0,0.0,0.0,0.0,1.0,-0.0,-0.0
mérite,lemma,0.0,0.0,0.0,3.0,3.0,0.0,0.0,0.0,1.0,-0.0,-0.0
méfier,word,3.0,0.0,0.0,0.0,3.0,1.0,0.0,0.0,0.0,-0.0,-0.0
méfier,lemma,7.0,0.0,0.0,0.0,7.0,1.0,0.0,0.0,0.0,-0.0,-0.0
nique,word,0.0,0.0,5.0,0.0,5.0,0.0,0.0,1.0,0.0,-0.0,-0.0
merd,lemma,0.0,0.0,4.0,0.0,4.0,0.0,0.0,1.0,0.0,-0.0,-0.0
nicolás,word,3.0,0.0,0.0,0.0,3.0,1.0,0.0,0.0,0.0,-0.0,-0.0
nicolás,lemma,3.0,0.0,0.0,0.0,3.0,1.0,0.0,0.0,0.0,-0.0,-0.0
mécontentements,word,0.0,3.0,0.0,0.0,3.0,0.0,1.0,0.0,0.0,-0.0,-0.0
mécontentement,word,0.0,14.0,0.0,0.0,14.0,0.0,1.0,0.0,0.0,-0.0,-0.0
mécontentement,lemma,0.0,16.0,0.0,0.0,16.0,0.0,1.0,0.0,0.0,-0.0,-0.0
exiger,lemma,4.0,0.0,0.0,0.0,4.0,1.0,0.0,0.0,0.0,-0.0,-0.0
terrorisme,word,0.0,0.0,0.0,3.0,3.0,0.0,0.0,0.0,1.0,-0.0,-0.0
terrorisme,lemma,0.0,0.0,0.0,3.0,3.0,0.0,0.0,0.0,1.0,-0.0,-0.0
terre,word,0.0,0.0,0.0,7.0,7.0,0.0,0.0,0.0,1.0,-0.0,-0.0
toit,word,0.0,0.0,0.0,4.0,4.0,0.0,0.0,0.0,1.0,-0.0,-0.0
toit,lemma,0.0,0.0,0.0,4.0,4.0,0.0,0.0,0.0,1.0,-0.0,-0.0
titres,word,0.0,0.0,0.0,4.0,4.0,0.0,0.0,0.0,1.0,-0.0,-0.0
niqu,lemma,0.0,0.0,5.0,0.0,5.0,0.0,0.0,1.0,0.0,-0.0,-0.0
tribunal,lemma,0.0,0.0,0.0,3.0,3.0,0.0,0.0,0.0,1.0,-0.0,-0.0
eh,word,0.0,0.0,4.0,0.0,4.0,0.0,0.0,1.0,0.0,-0.0,-0.0
eh,lemma,0.0,0.0,4.0,0.0,4.0,0.0,0.0,1.0,0.0,-0.0,-0.0
effrayants,word,0.0,5.0,0.0,0.0,5.0,0.0,1.0,0.0,0.0,-0.0,-0.0
emprisonné,word,0.0,0.0,0.0,4.0,4.0,0.0,0.0,0.0,1.0,-0.0,-0.0
coûter,lemma,0.0,0.0,0.0,5.0,5.0,0.0,0.0,0.0,1.0,-0.0,-0.0
performance,word,0.0,0.0,0.0,12.0,12.0,0.0,0.0,0.0,1.0,-0.0,-0.0
troupe,word,0.0,0.0,0.0,9.0,9.0,0.0,0.0,0.0,1.0,-0.0,-0.0
alvin,lemma,0.0,0.0,0.0,8.0,8.0,0.0,0.0,0.0,1.0,-0.0,-0.0
allait,word,0.0,0.0,0.0,5.0,5.0,0.0,0.0,0.0,1.0,-0.0,-0.0
eau,word,0.0,0.0,0.0,6.0,6.0,0.0,0.0,0.0,1.0,-0.0,-0.0
permet,word,0.0,0.0,0.0,3.0,3.0,0.0,0.0,0.0,1.0,-0.0,-0.0
explosion,word,0.0,0.0,0.0,3.0,3.0,0.0,0.0,0.0,1.0,-0.0,-0.0
dîner,lemma,0.0,0.0,0.0,4.0,4.0,0.0,0.0,0.0,1.0,-0.0,-0.0
déçus,word,0.0,4.0,0.0,0.0,4.0,0.0,1.0,0.0,0.0,-0.0,-0.0
emploi,word,0.0,0.0,0.0,3.0,3.0,0.0,0.0,0.0,1.0,-0.0,-0.0
personnage,lemma,0.0,0.0,0.0,3.0,3.0,0.0,0.0,0.0,1.0,-0.0,-0.0
embêtant,word,0.0,4.0,0.0,0.0,4.0,0.0,1.0,0.0,0.0,-0.0,-0.0
embêtant,lemma,0.0,4.0,0.0,0.0,4.0,0.0,1.0,0.0,0.0,-0.0,-0.0
embarquer,lemma,0.0,0.0,0.0,3.0,3.0,0.0,0.0,0.0,1.0,-0.0,-0.0
alarmant,lemma,0.0,4.0,0.0,0.0,4.0,0.0,1.0,0.0,0.0,-0.0,-0.0
troupe,lemma,0.0,0.0,0.0,9.0,9.0,0.0,0.0,0.0,1.0,-0.0,-0.0
tués,word,0.0,0.0,0.0,10.0,10.0,0.0,0.0,0.0,1.0,-0.0,-0.0
désespérer,lemma,0.0,3.0,0.0,0.0,3.0,0.0,1.0,0.0,0.0,-0.0,-0.0
personnage,word,0.0,0.0,0.0,3.0,3.0,0.0,0.0,0.0,1.0,-0.0,-0.0
dîner,word,0.0,0.0,0.0,3.0,3.0,0.0,0.0,0.0,1.0,-0.0,-0.0
couille,lemma,0.0,0.0,6.0,0.0,6.0,0.0,0.0,1.0,0.0,-0.0,-0.0
corée,word,0.0,4.0,0.0,0.0,4.0,0.0,1.0,0.0,0.0,-0.0,-0.0
amusante,word,0.0,3.0,0.0,0.0,3.0,0.0,1.0,0.0,0.0,-0.0,-0.0
mauver,lemma,0.0,0.0,0.0,5.0,5.0,0.0,0.0,0.0,1.0,-0.0,-0.0
maîtrise,lemma,0.0,0.0,0.0,3.0,3.0,0.0,0.0,0.0,1.0,-0.0,-0.0
maîtrise,word,0.0,0.0,0.0,3.0,3.0,0.0,0.0,0.0,1.0,-0.0,-0.0
espèces,word,0.0,0.0,0.0,5.0,5.0,0.0,0.0,0.0,1.0,-0.0,-0.0
enfermer,word,3.0,0.0,0.0,0.0,3.0,1.0,0.0,0.0,0.0,-0.0,-0.0
entrer,word,0.0,0.0,0.0,3.0,3.0,0.0,0.0,0.0,1.0,-0.0,-0.0
alvin,word,0.0,0.0,0.0,8.0,8.0,0.0,0.0,0.0,1.0,-0.0,-0.0
tomber,lemma,0.0,0.0,0.0,7.0,7.0,0.0,0.0,0.0,1.0,-0.0,-0.0
torturés,word,0.0,0.0,0.0,3.0,3.0,0.0,0.0,0.0,1.0,-0.0,-0.0
tribunal,word,0.0,0.0,0.0,3.0,3.0,0.0,0.0,0.0,1.0,-0.0,-0.0
coupe,word,0.0,0.0,0.0,5.0,5.0,0.0,0.0,0.0,1.0,-0.0,-0.0
coupe,lemma,0.0,0.0,0.0,7.0,7.0,0.0,0.0,0.0,1.0,-0.0,-0.0
emprisonner,lemma,0.0,0.0,0.0,4.0,4.0,0.0,0.0,0.0,1.0,-0.0,-0.0
performance,lemma,0.0,0.0,0.0,12.0,12.0,0.0,0.0,0.0,1.0,-0.0,-0.0
enfin,word,0.0,0.0,3.0,0.0,3.0,0.0,0.0,1.0,0.0,-0.0,-0.0
enfin,lemma,0.0,0.0,3.0,0.0,3.0,0.0,0.0,1.0,0.0,-0.0,-0.0
enfermés,word,0.0,0.0,0.0,4.0,4.0,0.0,0.0,0.0,1.0,-0.0,-0.0
tomber,word,0.0,0.0,0.0,5.0,5.0,0.0,0.0,0.0,1.0,-0.0,-0.0
trois,word,0.0,0.0,0.0,14.0,14.0,0.0,0.0,0.0,1.0,-0.0,-0.0
trois,lemma,0.0,0.0,0.0,14.0,14.0,0.0,0.0,0.0,1.0,-0.0,-0.0
tristesse,word,0.0,10.0,0.0,0.0,10.0,0.0,1.0,0.0,0.0,-0.0,-0.0
tristesse,lemma,0.0,10.0,0.0,0.0,10.0,0.0,1.0,0.0,0.0,-0.0,-0.0
tristes,word,0.0,8.0,0.0,0.0,8.0,0.0,1.0,0.0,0.0,-0.0,-0.0
torturer,lemma,0.0,0.0,0.0,4.0,4.0,0.0,0.0,0.0,1.0,-0.0,-0.0
suicider,lemma,3.0,0.0,0.0,0.0,3.0,1.0,0.0,0.0,0.0,-0.0,-0.0
connasse,lemma,0.0,0.0,3.0,0.0,3.0,0.0,0.0,1.0,0.0,-0.0,-0.0
fausses,word,0.0,0.0,0.0,4.0,4.0,0.0,0.0,0.0,1.0,-0.0,-0.0
films,word,0.0,0.0,0.0,6.0,6.0,0.0,0.0,0.0,1.0,-0.0,-0.0
magique,word,0.0,3.0,0.0,0.0,3.0,0.0,1.0,0.0,0.0,-0.0,-0.0
fierté,lemma,0.0,5.0,0.0,0.0,5.0,0.0,1.0,0.0,0.0,-0.0,-0.0
fier,word,0.0,7.0,0.0,0.0,7.0,0.0,1.0,0.0,0.0,-0.0,-0.0
fier,lemma,0.0,17.0,0.0,0.0,17.0,0.0,1.0,0.0,0.0,-0.0,-0.0
pleurant,word,5.0,0.0,0.0,0.0,5.0,1.0,0.0,0.0,0.0,-0.0,-0.0
succès,word,0.0,0.0,0.0,3.0,3.0,0.0,0.0,0.0,1.0,-0.0,-0.0
succès,lemma,0.0,0.0,0.0,3.0,3.0,0.0,0.0,0.0,1.0,-0.0,-0.0
sympa,lemma,0.0,4.0,0.0,0.0,4.0,0.0,1.0,0.0,0.0,-0.0,-0.0
extraordinaire,lemma,0.0,3.0,0.0,0.0,3.0,0.0,1.0,0.0,0.0,-0.0,-0.0
surpris,word,0.0,11.0,0.0,0.0,11.0,0.0,1.0,0.0,0.0,-0.0,-0.0
surpris,lemma,0.0,8.0,0.0,0.0,8.0,0.0,1.0,0.0,0.0,-0.0,-0.0
surprendre,word,0.0,3.0,0.0,0.0,3.0,0.0,1.0,0.0,0.0,-0.0,-0.0
surprendre,lemma,0.0,10.0,0.0,0.0,10.0,0.0,1.0,0.0,0.0,-0.0,-0.0
surprenante,word,0.0,4.0,0.0,0.0,4.0,0.0,1.0,0.0,0.0,-0.0,-0.0
surprenant,word,0.0,4.0,0.0,0.0,4.0,0.0,1.0,0.0,0.0,-0.0,-0.0
surprenant,lemma,0.0,9.0,0.0,0.0,9.0,0.0,1.0,0.0,0.0,-0.0,-0.0
bangladesh,lemma,6.0,0.0,0.0,0.0,6.0,1.0,0.0,0.0,0.0,-0.0,-0.0
bangladesh,word,6.0,0.0,0.0,0.0,6.0,1.0,0.0,0.0,0.0,-0.0,-0.0
angoisse,word,0.0,3.0,0.0,0.0,3.0,0.0,1.0,0.0,0.0,-0.0,-0.0
angoisse,lemma,0.0,6.0,0.0,0.0,6.0,0.0,1.0,0.0,0.0,-0.0,-0.0
anglais,word,0.0,0.0,0.0,7.0,7.0,0.0,0.0,0.0,1.0,-0.0,-0.0
anglais,lemma,0.0,0.0,0.0,7.0,7.0,0.0,0.0,0.0,1.0,-0.0,-0.0
surprises,word,0.0,5.0,0.0,0.0,5.0,0.0,1.0,0.0,0.0,-0.0,-0.0
contenir,lemma,0.0,0.0,0.0,3.0,3.0,0.0,0.0,0.0,1.0,-0.0,-0.0
contaminer,lemma,0.0,0.0,0.0,3.0,3.0,0.0,0.0,0.0,1.0,-0.0,-0.0
maltraitées,word,0.0,0.0,0.0,3.0,3.0,0.0,0.0,0.0,1.0,-0.0,-0.0
maduro,lemma,4.0,0.0,0.0,0.0,4.0,1.0,0.0,0.0,0.0,-0.0,-0.0
football,word,0.0,0.0,0.0,5.0,5.0,0.0,0.0,0.0,1.0,-0.0,-0.0
football,lemma,0.0,0.0,0.0,5.0,5.0,0.0,0.0,0.0,1.0,-0.0,-0.0
star,lemma,0.0,0.0,0.0,9.0,9.0,0.0,0.0,0.0,1.0,-0.0,-0.0
stage,word,0.0,0.0,0.0,3.0,3.0,0.0,0.0,0.0,1.0,-0.0,-0.0
mécontent,lemma,0.0,10.0,0.0,0.0,10.0,0.0,1.0,0.0,0.0,-0.0,-0.0
n'était,word,0.0,0.0,0.0,4.0,4.0,0.0,0.0,0.0,1.0,-0.0,-0.0
maduro,word,4.0,0.0,0.0,0.0,4.0,1.0,0.0,0.0,0.0,-0.0,-0.0
magique,lemma,0.0,4.0,0.0,0.0,4.0,0.0,1.0,0.0,0.0,-0.0,-0.0
suicider,word,3.0,0.0,0.0,0.0,3.0,1.0,0.0,0.0,0.0,-0.0,-0.0
ose,lemma,0.0,0.0,0.0,3.0,3.0,0.0,0.0,0.0,1.0,-0.0,-0.0
braconnage,lemma,0.0,0.0,0.0,3.0,3.0,0.0,0.0,0.0,1.0,-0.0,-0.0
bouteflika,word,4.0,0.0,0.0,0.0,4.0,1.0,0.0,0.0,0.0,-0.0,-0.0
bouteflika,lemma,4.0,0.0,0.0,0.0,4.0,1.0,0.0,0.0,0.0,-0.0,-0.0
murmure,word,3.0,0.0,0.0,0.0,3.0,1.0,0.0,0.0,0.0,-0.0,-0.0
murmure,lemma,3.0,0.0,0.0,0.0,3.0,1.0,0.0,0.0,0.0,-0.0,-0.0
méfiance,word,0.0,5.0,0.0,0.0,5.0,0.0,1.0,0.0,0.0,-0.0,-0.0
méfiance,lemma,0.0,5.0,0.0,0.0,5.0,0.0,1.0,0.0,0.0,-0.0,-0.0
stage,lemma,0.0,0.0,0.0,4.0,4.0,0.0,0.0,0.0,1.0,-0.0,-0.0
sportif,lemma,0.0,0.0,0.0,3.0,3.0,0.0,0.0,0.0,1.0,-0.0,-0.0
supporter,lemma,0.0,0.0,0.0,7.0,7.0,0.0,0.0,0.0,1.0,-0.0,-0.0
suivie,word,0.0,0.0,0.0,4.0,4.0,0.0,0.0,0.0,1.0,-0.0,-0.0
suivie,lemma,0.0,0.0,0.0,4.0,4.0,0.0,0.0,0.0,1.0,-0.0,-0.0
osent,word,3.0,0.0,0.0,0.0,3.0,1.0,0.0,0.0,0.0,-0.0,-0.0
manifester,word,15.0,0.0,0.0,0.0,15.0,1.0,0.0,0.0,0.0,-0.0,-0.0
manifesté,word,16.0,0.0,0.0,0.0,16.0,1.0,0.0,0.0,0.0,-0.0,-0.0
malala,lemma,0.0,0.0,0.0,4.0,4.0,0.0,0.0,0.0,1.0,-0.0,-0.0
sœurs,word,0.0,0.0,0.0,3.0,3.0,0.0,0.0,0.0,1.0,-0.0,-0.0
malala,word,0.0,0.0,0.0,4.0,4.0,0.0,0.0,0.0,1.0,-0.0,-0.0
bateaux,word,3.0,0.0,0.0,0.0,3.0,1.0,0.0,0.0,0.0,-0.0,-0.0
battu,lemma,0.0,0.0,0.0,4.0,4.0,0.0,0.0,0.0,1.0,-0.0,-0.0
terrain,word,0.0,0.0,0.0,4.0,4.0,0.0,0.0,0.0,1.0,-0.0,-0.0
terrain,lemma,0.0,0.0,0.0,4.0,4.0,0.0,0.0,0.0,1.0,-0.0,-0.0
tenté,word,3.0,0.0,0.0,0.0,3.0,1.0,0.0,0.0,0.0,-0.0,-0.0
exclame,word,5.0,0.0,0.0,0.0,5.0,1.0,0.0,0.0,0.0,-0.0,-0.0
exclame,lemma,4.0,0.0,0.0,0.0,4.0,1.0,0.0,0.0,0.0,-0.0,-0.0
manifeste,lemma,4.0,0.0,0.0,0.0,4.0,1.0,0.0,0.0,0.0,-0.0,-0.0
facile,word,0.0,0.0,0.0,4.0,4.0,0.0,0.0,0.0,1.0,-0.0,-0.0
facile,lemma,0.0,0.0,0.0,4.0,4.0,0.0,0.0,0.0,1.0,-0.0,-0.0
face,word,0.0,0.0,0.0,5.0,5.0,0.0,0.0,0.0,1.0,-0.0,-0.0
face,lemma,0.0,0.0,0.0,5.0,5.0,0.0,0.0,0.0,1.0,-0.0,-0.0
blagu,lemma,0.0,0.0,5.0,0.0,5.0,0.0,0.0,1.0,0.0,-0.0,-0.0
tendue,word,0.0,4.0,0.0,0.0,4.0,0.0,1.0,0.0,0.0,-0.0,-0.0
tempête,word,0.0,0.0,0.0,3.0,3.0,0.0,0.0,0.0,1.0,-0.0,-0.0
tempête,lemma,0.0,0.0,0.0,5.0,5.0,0.0,0.0,0.0,1.0,-0.0,-0.0
tg,word,0.0,0.0,22.0,0.0,22.0,0.0,0.0,1.0,0.0,-0.0,-0.0
tg,lemma,0.0,0.0,22.0,0.0,22.0,0.0,0.0,1.0,0.0,-0.0,-0.0
terroriste,word,0.0,3.0,0.0,0.0,3.0,0.0,1.0,0.0,0.0,-0.0,-0.0
euro,word,0.0,0.0,0.0,3.0,3.0,0.0,0.0,0.0,1.0,-0.0,-0.0
etes,word,0.0,0.0,4.0,0.0,4.0,0.0,0.0,1.0,0.0,-0.0,-0.0
exceptionnelle,lemma,0.0,3.0,0.0,0.0,3.0,0.0,1.0,0.0,0.0,-0.0,-0.0
considérablemer,lemma,0.0,0.0,0.0,3.0,3.0,0.0,0.0,0.0,1.0,-0.0,-0.0
considérablement,word,0.0,0.0,0.0,3.0,3.0,0.0,0.0,0.0,1.0,-0.0,-0.0
connues,word,0.0,0.0,0.0,4.0,4.0,0.0,0.0,0.0,1.0,-0.0,-0.0
connu,lemma,0.0,0.0,0.0,4.0,4.0,0.0,0.0,0.0,1.0,-0.0,-0.0
connaître,lemma,0.0,0.0,0.0,7.0,7.0,0.0,0.0,0.0,1.0,-0.0,-0.0
sympa,word,0.0,3.0,0.0,0.0,3.0,0.0,1.0,0.0,0.0,-0.0,-0.0
manifeste,word,4.0,0.0,0.0,0.0,4.0,1.0,0.0,0.0,0.0,-0.0,-0.0
manifestent,lemma,15.0,0.0,0.0,0.0,15.0,1.0,0.0,0.0,0.0,-0.0,-0.0
sévère,word,0.0,0.0,0.0,3.0,3.0,0.0,0.0,0.0,1.0,-0.0,-0.0
contents,word,0.0,16.0,0.0,0.0,16.0,0.0,1.0,0.0,0.0,-0.0,-0.0
contente,word,0.0,10.0,0.0,0.0,10.0,0.0,1.0,0.0,0.0,-0.0,-0.0
content,word,0.0,4.0,0.0,0.0,4.0,0.0,1.0,0.0,0.0,-0.0,-0.0
content,lemma,0.0,30.0,0.0,0.0,30.0,0.0,1.0,0.0,0.0,-0.0,-0.0
contester,lemma,8.0,0.0,0.0,0.0,8.0,1.0,0.0,0.0,0.0,-0.0,-0.0
faim,lemma,0.0,0.0,0.0,3.0,3.0,0.0,0.0,0.0,1.0,-0.0,-0.0
fan,lemma,0.0,4.0,0.0,0.0,4.0,0.0,1.0,0.0,0.0,-0.0,-0.0
manifestent,word,15.0,0.0,0.0,0.0,15.0,1.0,0.0,0.0,0.0,-0.0,-0.0
série,word,0.0,0.0,0.0,3.0,3.0,0.0,0.0,0.0,1.0,-0.0,-0.0
série,lemma,0.0,0.0,0.0,3.0,3.0,0.0,0.0,0.0,1.0,-0.0,-0.0
séparer,lemma,0.0,0.0,0.0,3.0,3.0,0.0,0.0,0.0,1.0,-0.0,-0.0
sélection,word,0.0,0.0,0.0,3.0,3.0,0.0,0.0,0.0,1.0,-0.0,-0.0
sélection,lemma,0.0,0.0,0.0,3.0,3.0,0.0,0.0,0.0,1.0,-0.0,-0.0
manifester,lemma,35.0,0.0,0.0,0.0,35.0,1.0,0.0,0.0,0.0,-0.0,-0.0
expérience,word,0.0,0.0,0.0,4.0,4.0,0.0,0.0,0.0,1.0,-0.0,-0.0
expérience,lemma,0.0,0.0,0.0,4.0,4.0,0.0,0.0,0.0,1.0,-0.0,-0.0
exprimer,word,0.0,0.0,0.0,3.0,3.0,0.0,0.0,0.0,1.0,-0.0,-0.0
exprimer,lemma,0.0,0.0,0.0,5.0,5.0,0.0,0.0,0.0,1.0,-0.0,-0.0
faim,word,0.0,0.0,0.0,3.0,3.0,0.0,0.0,0.0,1.0,-0.0,-0.0
abdelaziz,word,4.0,0.0,0.0,0.0,4.0,1.0,0.0,0.0,0.0,-0.0,-0.0
abeille,lemma,0.0,0.0,0.0,3.0,3.0,0.0,0.0,0.0,1.0,-0.0,-0.0
abeilles,word,0.0,0.0,0.0,3.0,3.0,0.0,0.0,0.0,1.0,-0.0,-0.0
disputent,word,3.0,0.0,0.0,0.0,3.0,1.0,0.0,0.0,0.0,-0.0,-0.0
disparu,word,0.0,0.0,0.0,7.0,7.0,0.0,0.0,0.0,1.0,-0.0,-0.0
disparaître,lemma,0.0,0.0,0.0,9.0,9.0,0.0,0.0,0.0,1.0,-0.0,-0.0
devenues,word,0.0,0.0,0.0,3.0,3.0,0.0,0.0,0.0,1.0,-0.0,-0.0
étonnante,word,0.0,10.0,0.0,0.0,10.0,0.0,1.0,0.0,0.0,-0.0,-0.0
étonnement,lemma,0.0,4.0,0.0,0.0,4.0,0.0,1.0,0.0,0.0,-0.0,-0.0
étonnement,word,0.0,4.0,0.0,0.0,4.0,0.0,1.0,0.0,0.0,-0.0,-0.0
obtenu,word,0.0,0.0,0.0,5.0,5.0,0.0,0.0,0.0,1.0,-0.0,-0.0
obtenir,lemma,0.0,0.0,0.0,8.0,8.0,0.0,0.0,0.0,1.0,-0.0,-0.0
oppose,word,3.0,0.0,0.0,0.0,3.0,1.0,0.0,0.0,0.0,-0.0,-0.0
naturelles,word,0.0,0.0,0.0,3.0,3.0,0.0,0.0,0.0,1.0,-0.0,-0.0
naturel,lemma,0.0,0.0,0.0,3.0,3.0,0.0,0.0,0.0,1.0,-0.0,-0.0
nationale,word,0.0,0.0,0.0,3.0,3.0,0.0,0.0,0.0,1.0,-0.0,-0.0
brésil,word,0.0,0.0,0.0,3.0,3.0,0.0,0.0,0.0,1.0,-0.0,-0.0
brésil,lemma,0.0,0.0,0.0,3.0,3.0,0.0,0.0,0.0,1.0,-0.0,-0.0
bruit,word,0.0,0.0,0.0,3.0,3.0,0.0,0.0,0.0,1.0,-0.0,-0.0
bruit,lemma,0.0,0.0,0.0,3.0,3.0,0.0,0.0,0.0,1.0,-0.0,-0.0
bronze,word,0.0,0.0,0.0,4.0,4.0,0.0,0.0,0.0,1.0,-0.0,-0.0
bronze,lemma,0.0,0.0,0.0,4.0,4.0,0.0,0.0,0.0,1.0,-0.0,-0.0
négatif,lemma,0.0,0.0,0.0,5.0,5.0,0.0,0.0,0.0,1.0,-0.0,-0.0
critiqués,word,7.0,0.0,0.0,0.0,7.0,1.0,0.0,0.0,0.0,-0.0,-0.0
critiquée,word,12.0,0.0,0.0,0.0,12.0,1.0,0.0,0.0,0.0,-0.0,-0.0
émotion,lemma,0.0,0.0,0.0,4.0,4.0,0.0,0.0,0.0,1.0,-0.0,-0.0
négatives,word,0.0,0.0,0.0,4.0,4.0,0.0,0.0,0.0,1.0,-0.0,-0.0
admirer,lemma,0.0,6.0,0.0,0.0,6.0,0.0,1.0,0.0,0.0,-0.0,-0.0
voient,word,0.0,0.0,0.0,6.0,6.0,0.0,0.0,0.0,1.0,-0.0,-0.0
discriminer,word,0.0,0.0,0.0,4.0,4.0,0.0,0.0,0.0,1.0,-0.0,-0.0
discriminer,lemma,0.0,0.0,0.0,4.0,4.0,0.0,0.0,0.0,1.0,-0.0,-0.0
discriminations,word,0.0,0.0,0.0,3.0,3.0,0.0,0.0,0.0,1.0,-0.0,-0.0
discrimination,lemma,0.0,0.0,0.0,4.0,4.0,0.0,0.0,0.0,1.0,-0.0,-0.0
dis,word,0.0,0.0,3.0,0.0,3.0,0.0,0.0,1.0,0.0,-0.0,-0.0
douée,word,0.0,0.0,0.0,9.0,9.0,0.0,0.0,0.0,1.0,-0.0,-0.0
douer,lemma,0.0,0.0,0.0,10.0,10.0,0.0,0.0,0.0,1.0,-0.0,-0.0
pieds,word,0.0,0.0,0.0,6.0,6.0,0.0,0.0,0.0,1.0,-0.0,-0.0
persécutée,word,0.0,0.0,0.0,3.0,3.0,0.0,0.0,0.0,1.0,-0.0,-0.0
persécutés,word,0.0,0.0,0.0,8.0,8.0,0.0,0.0,0.0,1.0,-0.0,-0.0
cris,word,3.0,0.0,0.0,0.0,3.0,1.0,0.0,0.0,0.0,-0.0,-0.0
vive,word,0.0,0.0,0.0,4.0,4.0,0.0,0.0,0.0,1.0,-0.0,-0.0
meilleur,word,0.0,0.0,0.0,13.0,13.0,0.0,0.0,0.0,1.0,-0.0,-0.0
vos,word,0.0,0.0,11.0,0.0,11.0,0.0,0.0,1.0,0.0,-0.0,-0.0
volé,word,0.0,0.0,0.0,6.0,6.0,0.0,0.0,0.0,1.0,-0.0,-0.0
mari,lemma,0.0,0.0,0.0,4.0,4.0,0.0,0.0,0.0,1.0,-0.0,-0.0
accusés,word,6.0,0.0,0.0,0.0,6.0,1.0,0.0,0.0,0.0,-0.0,-0.0
marier,lemma,0.0,0.0,0.0,7.0,7.0,0.0,0.0,0.0,1.0,-0.0,-0.0
perdrait,word,0.0,0.0,0.0,3.0,3.0,0.0,0.0,0.0,1.0,-0.0,-0.0
véritables,word,0.0,0.0,0.0,3.0,3.0,0.0,0.0,0.0,1.0,-0.0,-0.0
vécue,word,0.0,0.0,0.0,6.0,6.0,0.0,0.0,0.0,1.0,-0.0,-0.0
critiquent,word,10.0,0.0,0.0,0.0,10.0,1.0,0.0,0.0,0.0,-0.0,-0.0
menaçante,lemma,0.0,3.0,0.0,0.0,3.0,0.0,1.0,0.0,0.0,-0.0,-0.0
électricité,lemma,0.0,0.0,0.0,5.0,5.0,0.0,0.0,0.0,1.0,-0.0,-0.0
vivent,word,0.0,0.0,0.0,8.0,8.0,0.0,0.0,0.0,1.0,-0.0,-0.0
nu,lemma,0.0,0.0,0.0,4.0,4.0,0.0,0.0,0.0,1.0,-0.0,-0.0
braconnage,word,0.0,0.0,0.0,3.0,3.0,0.0,0.0,0.0,1.0,-0.0,-0.0
nobel,word,0.0,0.0,0.0,6.0,6.0,0.0,0.0,0.0,1.0,-0.0,-0.0
nobel,lemma,0.0,0.0,0.0,6.0,6.0,0.0,0.0,0.0,1.0,-0.0,-0.0
nourriture,word,0.0,0.0,0.0,6.0,6.0,0.0,0.0,0.0,1.0,-0.0,-0.0
nourriture,lemma,0.0,0.0,0.0,6.0,6.0,0.0,0.0,0.0,1.0,-0.0,-0.0
normal,word,0.0,0.0,0.0,9.0,9.0,0.0,0.0,0.0,1.0,-0.0,-0.0
normal,lemma,0.0,0.0,0.0,9.0,9.0,0.0,0.0,0.0,1.0,-0.0,-0.0
nord,word,0.0,3.0,0.0,0.0,3.0,0.0,1.0,0.0,0.0,-0.0,-0.0
occupent,word,0.0,0.0,0.0,3.0,3.0,0.0,0.0,0.0,1.0,-0.0,-0.0
énerver,lemma,0.0,3.0,0.0,0.0,3.0,0.0,1.0,0.0,0.0,-0.0,-0.0
électricité,word,0.0,0.0,0.0,5.0,5.0,0.0,0.0,0.0,1.0,-0.0,-0.0
critiquer,word,8.0,0.0,0.0,0.0,8.0,1.0,0.0,0.0,0.0,-0.0,-0.0
épreuve,lemma,0.0,0.0,0.0,10.0,10.0,0.0,0.0,0.0,1.0,-0.0,-0.0
accusait,word,4.0,0.0,0.0,0.0,4.0,1.0,0.0,0.0,0.0,-0.0,-0.0
accus,lemma,4.0,0.0,0.0,0.0,4.0,1.0,0.0,0.0,0.0,-0.0,-0.0
accusent,lemma,5.0,0.0,0.0,0.0,5.0,1.0,0.0,0.0,0.0,-0.0,-0.0
acclamer,lemma,4.0,0.0,0.0,0.0,4.0,1.0,0.0,0.0,0.0,-0.0,-0.0
accusent,word,23.0,0.0,0.0,0.0,23.0,1.0,0.0,0.0,0.0,-0.0,-0.0
croisière,lemma,0.0,0.0,0.0,4.0,4.0,0.0,0.0,0.0,1.0,-0.0,-0.0
danseuse,word,0.0,0.0,0.0,7.0,7.0,0.0,0.0,0.0,1.0,-0.0,-0.0
danseurs,word,0.0,0.0,0.0,4.0,4.0,0.0,0.0,0.0,1.0,-0.0,-0.0
danseur,lemma,0.0,0.0,0.0,11.0,11.0,0.0,0.0,0.0,1.0,-0.0,-0.0
danse,word,0.0,0.0,0.0,7.0,7.0,0.0,0.0,0.0,1.0,-0.0,-0.0
abdelaziz,lemma,4.0,0.0,0.0,0.0,4.0,1.0,0.0,0.0,0.0,-0.0,-0.0
épreuves,word,0.0,0.0,0.0,6.0,6.0,0.0,0.0,0.0,1.0,-0.0,-0.0
épreuve,word,0.0,0.0,0.0,4.0,4.0,0.0,0.0,0.0,1.0,-0.0,-0.0
émotion,word,0.0,0.0,0.0,4.0,4.0,0.0,0.0,0.0,1.0,-0.0,-0.0
zone,word,3.0,0.0,0.0,0.0,3.0,1.0,0.0,0.0,0.0,-0.0,-0.0
ému,lemma,0.0,3.0,0.0,0.0,3.0,0.0,1.0,0.0,0.0,-0.0,-0.0
émue,word,0.0,3.0,0.0,0.0,3.0,0.0,1.0,0.0,0.0,-0.0,-0.0
cul,lemma,0.0,0.0,3.0,0.0,3.0,0.0,0.0,1.0,0.0,-0.0,-0.0
croisière,word,0.0,0.0,0.0,4.0,4.0,0.0,0.0,0.0,1.0,-0.0,-0.0
degouter,lemma,0.0,4.0,0.0,0.0,4.0,0.0,1.0,0.0,0.0,-0.0,-0.0
danse,lemma,0.0,0.0,0.0,7.0,7.0,0.0,0.0,0.0,1.0,-0.0,-0.0
buteur,lemma,0.0,0.0,0.0,6.0,6.0,0.0,0.0,0.0,1.0,-0.0,-0.0
buteur,word,0.0,0.0,0.0,6.0,6.0,0.0,0.0,0.0,1.0,-0.0,-0.0
acteur,word,0.0,0.0,0.0,3.0,3.0,0.0,0.0,0.0,1.0,-0.0,-0.0
écrier,lemma,4.0,0.0,0.0,0.0,4.0,1.0,0.0,0.0,0.0,-0.0,-0.0
nuage,lemma,0.0,0.0,0.0,3.0,3.0,0.0,0.0,0.0,1.0,-0.0,-0.0
échec,word,0.0,0.0,0.0,3.0,3.0,0.0,0.0,0.0,1.0,-0.0,-0.0
échec,lemma,0.0,0.0,0.0,4.0,4.0,0.0,0.0,0.0,1.0,-0.0,-0.0
éléphants,word,0.0,0.0,0.0,5.0,5.0,0.0,0.0,0.0,1.0,-0.0,-0.0
éléphant,lemma,0.0,0.0,0.0,5.0,5.0,0.0,0.0,0.0,1.0,-0.0,-0.0
accusant,word,4.0,0.0,0.0,0.0,4.0,1.0,0.0,0.0,0.0,-0.0,-0.0
dangereuses,word,0.0,11.0,0.0,0.0,11.0,0.0,1.0,0.0,0.0,-0.0,-0.0
accuse,word,19.0,0.0,0.0,0.0,19.0,1.0,0.0,0.0,0.0,-0.0,-0.0
dangereuse,lemma,0.0,5.0,0.0,0.0,5.0,0.0,1.0,0.0,0.0,-0.0,-0.0
dangereu,lemma,0.0,36.0,0.0,0.0,36.0,0.0,1.0,0.0,0.0,-0.0,-0.0
menaçante,word,0.0,4.0,0.0,0.0,4.0,0.0,1.0,0.0,0.0,-0.0,-0.0
cyclones,word,0.0,0.0,0.0,4.0,4.0,0.0,0.0,0.0,1.0,-0.0,-0.0
cul,word,0.0,0.0,3.0,0.0,3.0,0.0,0.0,1.0,0.0,-0.0,-0.0
nuage,word,0.0,0.0,0.0,4.0,4.0,0.0,0.0,0.0,1.0,-0.0,-0.0
nord,lemma,0.0,3.0,0.0,0.0,3.0,0.0,1.0,0.0,0.0,-0.0,-0.0
départ,word,8.0,0.0,0.0,0.0,8.0,1.0,0.0,0.0,0.0,-0.0,-0.0
départ,lemma,8.0,0.0,0.0,0.0,8.0,1.0,0.0,0.0,0.0,-0.0,-0.0
dénonçaient,word,4.0,0.0,0.0,0.0,4.0,1.0,0.0,0.0,0.0,-0.0,-0.0
dénoncer,word,8.0,0.0,0.0,0.0,8.0,1.0,0.0,0.0,0.0,-0.0,-0.0
déçue,word,0.0,6.0,0.0,0.0,6.0,0.0,1.0,0.0,0.0,-0.0,-0.0
déçue,lemma,0.0,4.0,0.0,0.0,4.0,0.0,1.0,0.0,0.0,-0.0,-0.0
déçu,word,0.0,5.0,0.0,0.0,5.0,0.0,1.0,0.0,0.0,-0.0,-0.0
déçu,lemma,0.0,6.0,0.0,0.0,6.0,0.0,1.0,0.0,0.0,-0.0,-0.0
détruites,word,0.0,0.0,0.0,6.0,6.0,0.0,0.0,0.0,1.0,-0.0,-0.0
mariés,word,0.0,0.0,0.0,3.0,3.0,0.0,0.0,0.0,1.0,-0.0,-0.0
ailey,word,0.0,0.0,0.0,8.0,8.0,0.0,0.0,0.0,1.0,-0.0,-0.0
ailey,lemma,0.0,0.0,0.0,8.0,8.0,0.0,0.0,0.0,1.0,-0.0,-0.0
admirer,word,0.0,3.0,0.0,0.0,3.0,0.0,1.0,0.0,0.0,-0.0,-0.0
venait,word,0.0,0.0,0.0,3.0,3.0,0.0,0.0,0.0,1.0,-0.0,-0.0
vache,word,0.0,0.0,0.0,4.0,4.0,0.0,0.0,0.0,1.0,-0.0,-0.0
marrantes,word,0.0,3.0,0.0,0.0,3.0,0.0,1.0,0.0,0.0,-0.0,-0.0
dégoûter,lemma,0.0,3.0,0.0,0.0,3.0,0.0,1.0,0.0,0.0,-0.0,-0.0
défiler,lemma,3.0,0.0,0.0,0.0,3.0,1.0,0.0,0.0,0.0,-0.0,-0.0
défense,lemma,0.0,0.0,0.0,4.0,4.0,0.0,0.0,0.0,1.0,-0.0,-0.0
matchs,word,0.0,0.0,0.0,3.0,3.0,0.0,0.0,0.0,1.0,-0.0,-0.0
manifestaient,word,3.0,0.0,0.0,0.0,3.0,1.0,0.0,0.0,0.0,-0.0,-0.0
dépression,word,0.0,6.0,0.0,0.0,6.0,0.0,1.0,0.0,0.0,-0.0,-0.0
dépression,lemma,0.0,7.0,0.0,0.0,7.0,0.0,1.0,0.0,0.0,-0.0,-0.0
déposer,lemma,4.0,0.0,0.0,0.0,4.0,1.0,0.0,0.0,0.0,-0.0,-0.0
déplacer,word,0.0,0.0,0.0,3.0,3.0,0.0,0.0,0.0,1.0,-0.0,-0.0
déplacer,lemma,0.0,0.0,0.0,3.0,3.0,0.0,0.0,0.0,1.0,-0.0,-0.0
aide,lemma,0.0,0.0,0.0,3.0,3.0,0.0,0.0,0.0,1.0,-0.0,-0.0
effrayant,lemma,0.0,6.0,0.0,0.0,6.0,0.0,1.0,0.0,0.0,-0.0,-0.0
effort,lemma,0.0,0.0,0.0,3.0,3.0,0.0,0.0,0.0,1.0,-0.0,-0.0
effondrés,word,0.0,0.0,0.0,3.0,3.0,0.0,0.0,0.0,1.0,-0.0,-0.0
effondrement,word,0.0,0.0,0.0,3.0,3.0,0.0,0.0,0.0,1.0,-0.0,-0.0
effondrement,lemma,0.0,0.0,0.0,3.0,3.0,0.0,0.0,0.0,1.0,-0.0,-0.0
trésor,word,0.0,0.0,0.0,4.0,4.0,0.0,0.0,0.0,1.0,-0.0,-0.0
nus,word,0.0,0.0,0.0,4.0,4.0,0.0,0.0,0.0,1.0,-0.0,-0.0
nulle,word,0.0,0.0,0.0,4.0,4.0,0.0,0.0,0.0,1.0,-0.0,-0.0
nul,lemma,0.0,0.0,0.0,4.0,4.0,0.0,0.0,0.0,1.0,-0.0,-0.0
opposent,word,4.0,0.0,0.0,0.0,4.0,1.0,0.0,0.0,0.0,-0.0,-0.0
star,word,0.0,0.0,0.0,9.0,9.0,0.0,0.0,0.0,1.0,-0.0,-0.0
onze,word,0.0,0.0,0.0,3.0,3.0,0.0,0.0,0.0,1.0,-0.0,-0.0
aimerai,lemma,0.0,0.0,3.0,0.0,3.0,0.0,0.0,1.0,0.0,-0.0,-0.0
olympiques,word,0.0,0.0,0.0,14.0,14.0,0.0,0.0,0.0,1.0,-0.0,-0.0
olympique,word,0.0,0.0,0.0,4.0,4.0,0.0,0.0,0.0,1.0,-0.0,-0.0
olympique,lemma,0.0,0.0,0.0,18.0,18.0,0.0,0.0,0.0,1.0,-0.0,-0.0
oh,word,0.0,0.0,18.0,0.0,18.0,0.0,0.0,1.0,0.0,-0.0,-0.0
oh,lemma,0.0,0.0,18.0,0.0,18.0,0.0,0.0,1.0,0.0,-0.0,-0.0
offrir,lemma,0.0,0.0,0.0,8.0,8.0,0.0,0.0,0.0,1.0,-0.0,-0.0
offert,word,0.0,0.0,0.0,5.0,5.0,0.0,0.0,0.0,1.0,-0.0,-0.0
bons,word,0.0,0.0,0.0,3.0,3.0,0.0,0.0,0.0,1.0,-0.0,-0.0
oscar,word,0.0,0.0,0.0,5.0,5.0,0.0,0.0,0.0,1.0,-0.0,-0.0
trésor,lemma,0.0,0.0,0.0,4.0,4.0,0.0,0.0,0.0,1.0,-0.0,-0.0
ainsi,word,0.0,0.0,0.0,4.0,4.0,0.0,0.0,0.0,1.0,-0.0,-0.0
ainsi,lemma,0.0,0.0,0.0,4.0,4.0,0.0,0.0,0.0,1.0,-0.0,-0.0
aimerais,word,0.0,0.0,4.0,0.0,4.0,0.0,0.0,1.0,0.0,-0.0,-0.0
onze,lemma,0.0,0.0,0.0,3.0,3.0,0.0,0.0,0.0,1.0,-0.0,-0.0
craignaient,word,0.0,3.0,0.0,0.0,3.0,0.0,1.0,0.0,0.0,-0.0,-0.0
découvrir,word,0.0,0.0,0.0,4.0,4.0,0.0,0.0,0.0,1.0,-0.0,-0.0
peuvent,word,0.0,0.0,0.0,9.0,9.0,0.0,0.0,0.0,1.0,-0.0,-0.0
découverte,word,0.0,0.0,0.0,6.0,6.0,0.0,0.0,0.0,1.0,-0.0,-0.0
découverte,lemma,0.0,0.0,0.0,6.0,6.0,0.0,0.0,0.0,1.0,-0.0,-0.0
découvert,word,0.0,0.0,0.0,14.0,14.0,0.0,0.0,0.0,1.0,-0.0,-0.0
décourage,word,0.0,3.0,0.0,0.0,3.0,0.0,1.0,0.0,0.0,-0.0,-0.0
affrontent,word,3.0,0.0,0.0,0.0,3.0,1.0,0.0,0.0,0.0,-0.0,-0.0
affrontements,word,4.0,0.0,0.0,0.0,4.0,1.0,0.0,0.0,0.0,-0.0,-0.0
affrontement,lemma,4.0,0.0,0.0,0.0,4.0,1.0,0.0,0.0,0.0,-0.0,-0.0
drole,lemma,0.0,3.0,0.0,0.0,3.0,0.0,1.0,0.0,0.0,-0.0,-0.0
drapeaux,word,4.0,0.0,0.0,0.0,4.0,1.0,0.0,0.0,0.0,-0.0,-0.0
unique,word,0.0,0.0,0.0,8.0,8.0,0.0,0.0,0.0,1.0,-0.0,-0.0
piano,word,0.0,0.0,0.0,3.0,3.0,0.0,0.0,0.0,1.0,-0.0,-0.0
crient,word,3.0,0.0,0.0,0.0,3.0,1.0,0.0,0.0,0.0,-0.0,-0.0
crie,lemma,3.0,0.0,0.0,0.0,3.0,1.0,0.0,0.0,0.0,-0.0,-0.0
cri,lemma,4.0,0.0,0.0,0.0,4.0,1.0,0.0,0.0,0.0,-0.0,-0.0
crasseux,lemma,0.0,0.0,3.0,0.0,3.0,0.0,0.0,1.0,0.0,-0.0,-0.0
crasseuse,word,0.0,0.0,7.0,0.0,7.0,0.0,0.0,1.0,0.0,-0.0,-0.0
donnent,word,0.0,0.0,0.0,3.0,3.0,0.0,0.0,0.0,1.0,-0.0,-0.0
domaine,word,0.0,0.0,0.0,3.0,3.0,0.0,0.0,0.0,1.0,-0.0,-0.0
domaine,lemma,0.0,0.0,0.0,3.0,3.0,0.0,0.0,0.0,1.0,-0.0,-0.0
dollars,word,0.0,0.0,0.0,7.0,7.0,0.0,0.0,0.0,1.0,-0.0,-0.0
dollar,lemma,0.0,0.0,0.0,7.0,7.0,0.0,0.0,0.0,1.0,-0.0,-0.0
craignaient,lemma,0.0,3.0,0.0,0.0,3.0,0.0,1.0,0.0,0.0,-0.0,-0.0
adolescent,lemma,0.0,0.0,0.0,3.0,3.0,0.0,0.0,0.0,1.0,-0.0,-0.0
piano,lemma,0.0,0.0,0.0,3.0,3.0,0.0,0.0,0.0,1.0,-0.0,-0.0
unique,lemma,0.0,0.0,0.0,8.0,8.0,0.0,0.0,0.0,1.0,-0.0,-0.0
ah,word,0.0,0.0,5.0,0.0,5.0,0.0,0.0,1.0,0.0,-0.0,-0.0
ah,lemma,0.0,0.0,5.0,0.0,5.0,0.0,0.0,1.0,0.0,-0.0,-0.0
agressés,word,0.0,0.0,0.0,4.0,4.0,0.0,0.0,0.0,1.0,-0.0,-0.0
décourage,lemma,0.0,3.0,0.0,0.0,3.0,0.0,1.0,0.0,0.0,-0.0,-0.0
dénoncent,word,6.0,0.0,0.0,0.0,6.0,1.0,0.0,0.0,0.0,-0.0,-0.0
dénonce,word,5.0,0.0,0.0,0.0,5.0,1.0,0.0,0.0,0.0,-0.0,-0.0
dénonce,lemma,5.0,0.0,0.0,0.0,5.0,1.0,0.0,0.0,0.0,-0.0,-0.0
démission,word,4.0,0.0,0.0,0.0,4.0,1.0,0.0,0.0,0.0,-0.0,-0.0
démission,lemma,4.0,0.0,0.0,0.0,4.0,1.0,0.0,0.0,0.0,-0.0,-0.0
plaint,word,3.0,0.0,0.0,0.0,3.0,1.0,0.0,0.0,0.0,-0.0,-0.0
agités,word,3.0,0.0,0.0,0.0,3.0,1.0,0.0,0.0,0.0,-0.0,-0.0
affrontés,word,3.0,0.0,0.0,0.0,3.0,1.0,0.0,0.0,0.0,-0.0,-0.0
craindre,lemma,0.0,20.0,0.0,0.0,20.0,0.0,1.0,0.0,0.0,-0.0,-0.0
venger,lemma,7.0,0.0,0.0,0.0,7.0,1.0,0.0,0.0,0.0,-0.0,-0.0
vif,lemma,0.0,0.0,0.0,3.0,3.0,0.0,0.0,0.0,1.0,-0.0,-0.0
plaisante,lemma,0.0,7.0,0.0,0.0,7.0,0.0,1.0,0.0,0.0,-0.0,-0.0
plaisante,word,0.0,7.0,0.0,0.0,7.0,0.0,1.0,0.0,0.0,-0.0,-0.0
vexé,word,0.0,4.0,0.0,0.0,4.0,0.0,1.0,0.0,0.0,-0.0,-0.0
vexer,lemma,0.0,4.0,0.0,0.0,4.0,0.0,1.0,0.0,0.0,-0.0,-0.0
vexe,word,0.0,4.0,0.0,0.0,4.0,0.0,1.0,0.0,0.0,-0.0,-0.0
visibilité,word,0.0,0.0,0.0,3.0,3.0,0.0,0.0,0.0,1.0,-0.0,-0.0
visibilité,lemma,0.0,0.0,0.0,3.0,3.0,0.0,0.0,0.0,1.0,-0.0,-0.0
violent,word,0.0,0.0,0.0,9.0,9.0,0.0,0.0,0.0,1.0,-0.0,-0.0
crasseuse,lemma,0.0,0.0,6.0,0.0,6.0,0.0,0.0,1.0,0.0,-0.0,-0.0
craint,word,0.0,8.0,0.0,0.0,8.0,0.0,1.0,0.0,0.0,-0.0,-0.0
craindre,word,0.0,4.0,0.0,0.0,4.0,0.0,1.0,0.0,0.0,-0.0,-0.0
venger,word,7.0,0.0,0.0,0.0,7.0,1.0,0.0,0.0,0.0,-0.0,-0.0
ravi,lemma,0.0,4.0,0.0,0.0,4.0,0.0,1.0,0.0,0.0,-0.0,-0.0
ravager,lemma,0.0,0.0,0.0,6.0,6.0,0.0,0.0,0.0,1.0,-0.0,-0.0
rate,word,0.0,0.0,0.0,3.0,3.0,0.0,0.0,0.0,1.0,-0.0,-0.0
regretter,lemma,0.0,8.0,0.0,0.0,8.0,0.0,1.0,0.0,0.0,-0.0,-0.0
regrette,word,0.0,8.0,0.0,0.0,8.0,0.0,1.0,0.0,0.0,-0.0,-0.0
champs,word,0.0,0.0,0.0,7.0,7.0,0.0,0.0,0.0,1.0,-0.0,-0.0
lancé,word,3.0,0.0,0.0,0.0,3.0,1.0,0.0,0.0,0.0,-0.0,-0.0
larme,lemma,7.0,0.0,0.0,0.0,7.0,1.0,0.0,0.0,0.0,-0.0,-0.0
redouter,lemma,0.0,6.0,0.0,0.0,6.0,0.0,1.0,0.0,0.0,-0.0,-0.0
redoute,word,0.0,6.0,0.0,0.0,6.0,0.0,1.0,0.0,0.0,-0.0,-0.0
redoute,lemma,0.0,6.0,0.0,0.0,6.0,0.0,1.0,0.0,0.0,-0.0,-0.0
atteindre,lemma,0.0,0.0,0.0,4.0,4.0,0.0,0.0,0.0,1.0,-0.0,-0.0
soupire,lemma,7.0,0.0,0.0,0.0,7.0,1.0,0.0,0.0,0.0,-0.0,-0.0
impressionnants,word,0.0,3.0,0.0,0.0,3.0,0.0,1.0,0.0,0.0,-0.0,-0.0
impressionnantes,word,0.0,4.0,0.0,0.0,4.0,0.0,1.0,0.0,0.0,-0.0,-0.0
prestigieux,word,0.0,3.0,0.0,0.0,3.0,0.0,1.0,0.0,0.0,-0.0,-0.0
inquiets,word,0.0,14.0,0.0,0.0,14.0,0.0,1.0,0.0,0.0,-0.0,-0.0
inquiet,word,0.0,6.0,0.0,0.0,6.0,0.0,1.0,0.0,0.0,-0.0,-0.0
inondations,word,0.0,0.0,0.0,6.0,6.0,0.0,0.0,0.0,1.0,-0.0,-0.0
inondation,lemma,0.0,0.0,0.0,5.0,5.0,0.0,0.0,0.0,1.0,-0.0,-0.0
injustice,word,0.0,0.0,0.0,7.0,7.0,0.0,0.0,0.0,1.0,-0.0,-0.0
assister,lemma,0.0,0.0,0.0,4.0,4.0,0.0,0.0,0.0,1.0,-0.0,-0.0
bloqué,word,5.0,0.0,0.0,0.0,5.0,1.0,0.0,0.0,0.0,-0.0,-0.0
bloquer,word,5.0,0.0,0.0,0.0,5.0,1.0,0.0,0.0,0.0,-0.0,-0.0
pouvait,word,0.0,0.0,0.0,3.0,3.0,0.0,0.0,0.0,1.0,-0.0,-0.0
bloquent,word,4.0,0.0,0.0,0.0,4.0,1.0,0.0,0.0,0.0,-0.0,-0.0
attaqu,lemma,0.0,0.0,0.0,3.0,3.0,0.0,0.0,0.0,1.0,-0.0,-0.0
inspirer,lemma,0.0,0.0,0.0,4.0,4.0,0.0,0.0,0.0,1.0,-0.0,-0.0
insolite,word,0.0,4.0,0.0,0.0,4.0,0.0,1.0,0.0,0.0,-0.0,-0.0
londres,word,0.0,0.0,0.0,3.0,3.0,0.0,0.0,0.0,1.0,-0.0,-0.0
insister,lemma,3.0,0.0,0.0,0.0,3.0,1.0,0.0,0.0,0.0,-0.0,-0.0
insiste,word,3.0,0.0,0.0,0.0,3.0,1.0,0.0,0.0,0.0,-0.0,-0.0
inquiétudes,word,0.0,6.0,0.0,0.0,6.0,0.0,1.0,0.0,0.0,-0.0,-0.0
inquiétude,word,0.0,5.0,0.0,0.0,5.0,0.0,1.0,0.0,0.0,-0.0,-0.0
inquiétude,lemma,0.0,11.0,0.0,0.0,11.0,0.0,1.0,0.0,0.0,-0.0,-0.0
ravir,lemma,0.0,8.0,0.0,0.0,8.0,0.0,1.0,0.0,0.0,-0.0,-0.0
mille,word,0.0,0.0,3.0,0.0,3.0,0.0,0.0,1.0,0.0,-0.0,-0.0
mondiale,word,0.0,0.0,0.0,4.0,4.0,0.0,0.0,0.0,1.0,-0.0,-0.0
mondial,lemma,0.0,0.0,0.0,6.0,6.0,0.0,0.0,0.0,1.0,-0.0,-0.0
ravi,word,0.0,4.0,0.0,0.0,4.0,0.0,1.0,0.0,0.0,-0.0,-0.0
participer,lemma,0.0,0.0,0.0,4.0,4.0,0.0,0.0,0.0,1.0,-0.0,-0.0
participe,word,0.0,0.0,0.0,4.0,4.0,0.0,0.0,0.0,1.0,-0.0,-0.0
participe,lemma,0.0,0.0,0.0,4.0,4.0,0.0,0.0,0.0,1.0,-0.0,-0.0
long,word,0.0,0.0,0.0,3.0,3.0,0.0,0.0,0.0,1.0,-0.0,-0.0
mere,word,0.0,0.0,11.0,0.0,11.0,0.0,0.0,1.0,0.0,-0.0,-0.0
mere,lemma,0.0,0.0,13.0,0.0,13.0,0.0,0.0,1.0,0.0,-0.0,-0.0
mobiliser,lemma,5.0,0.0,0.0,0.0,5.0,1.0,0.0,0.0,0.0,-0.0,-0.0
mobilisent,word,3.0,0.0,0.0,0.0,3.0,1.0,0.0,0.0,0.0,-0.0,-0.0
mise,word,4.0,0.0,0.0,0.0,4.0,1.0,0.0,0.0,0.0,-0.0,-0.0
championne,word,0.0,0.0,0.0,9.0,9.0,0.0,0.0,0.0,1.0,-0.0,-0.0
minable,word,0.0,4.0,0.0,0.0,4.0,0.0,1.0,0.0,0.0,-0.0,-0.0
championnes,word,0.0,0.0,0.0,6.0,6.0,0.0,0.0,0.0,1.0,-0.0,-0.0
ravie,word,0.0,5.0,0.0,0.0,5.0,0.0,1.0,0.0,0.0,-0.0,-0.0
participer,word,0.0,0.0,0.0,3.0,3.0,0.0,0.0,0.0,1.0,-0.0,-0.0
revendication,lemma,5.0,0.0,0.0,0.0,5.0,1.0,0.0,0.0,0.0,-0.0,-0.0
retrouvés,word,0.0,0.0,0.0,7.0,7.0,0.0,0.0,0.0,1.0,-0.0,-0.0
retrouvé,word,0.0,0.0,0.0,3.0,3.0,0.0,0.0,0.0,1.0,-0.0,-0.0
icône,lemma,0.0,0.0,0.0,3.0,3.0,0.0,0.0,0.0,1.0,-0.0,-0.0
héroïque,lemma,0.0,0.0,0.0,3.0,3.0,0.0,0.0,0.0,1.0,-0.0,-0.0
aïe,lemma,0.0,0.0,3.0,0.0,3.0,0.0,0.0,1.0,0.0,-0.0,-0.0
aïe,word,0.0,0.0,3.0,0.0,3.0,0.0,0.0,1.0,0.0,-0.0,-0.0
impression,lemma,0.0,0.0,0.0,4.0,4.0,0.0,0.0,0.0,1.0,-0.0,-0.0
imposer,word,0.0,0.0,0.0,3.0,3.0,0.0,0.0,0.0,1.0,-0.0,-0.0
imposer,lemma,0.0,0.0,0.0,7.0,7.0,0.0,0.0,0.0,1.0,-0.0,-0.0
impose,word,0.0,0.0,0.0,5.0,5.0,0.0,0.0,0.0,1.0,-0.0,-0.0
important,word,0.0,0.0,0.0,4.0,4.0,0.0,0.0,0.0,1.0,-0.0,-0.0
passage,lemma,0.0,0.0,0.0,4.0,4.0,0.0,0.0,0.0,1.0,-0.0,-0.0
carrémer,lemma,0.0,0.0,4.0,0.0,4.0,0.0,0.0,1.0,0.0,-0.0,-0.0
illégal,lemma,0.0,0.0,0.0,3.0,3.0,0.0,0.0,0.0,1.0,-0.0,-0.0
icône,word,0.0,0.0,0.0,3.0,3.0,0.0,0.0,0.0,1.0,-0.0,-0.0
retard,word,0.0,0.0,0.0,3.0,3.0,0.0,0.0,0.0,1.0,-0.0,-0.0
retard,lemma,0.0,0.0,0.0,3.0,3.0,0.0,0.0,0.0,1.0,-0.0,-0.0
rigolé,word,3.0,0.0,0.0,0.0,3.0,1.0,0.0,0.0,0.0,-0.0,-0.0
rigolo,lemma,0.0,5.0,0.0,0.0,5.0,0.0,1.0,0.0,0.0,-0.0,-0.0
rigoler,lemma,6.0,0.0,0.0,0.0,6.0,1.0,0.0,0.0,0.0,-0.0,-0.0
rigol,lemma,4.0,0.0,0.0,0.0,4.0,1.0,0.0,0.0,0.0,-0.0,-0.0
cible,word,0.0,0.0,0.0,4.0,4.0,0.0,0.0,0.0,1.0,-0.0,-0.0
cible,lemma,0.0,0.0,0.0,4.0,4.0,0.0,0.0,0.0,1.0,-0.0,-0.0
châtelet,word,0.0,0.0,0.0,4.0,4.0,0.0,0.0,0.0,1.0,-0.0,-0.0
châtelet,lemma,0.0,0.0,0.0,4.0,4.0,0.0,0.0,0.0,1.0,-0.0,-0.0
carrément,word,0.0,0.0,4.0,0.0,4.0,0.0,0.0,1.0,0.0,-0.0,-0.0
party,word,0.0,0.0,0.0,5.0,5.0,0.0,0.0,0.0,1.0,-0.0,-0.0
minable,lemma,0.0,4.0,0.0,0.0,4.0,0.0,1.0,0.0,0.0,-0.0,-0.0
million,word,0.0,0.0,0.0,5.0,5.0,0.0,0.0,0.0,1.0,-0.0,-0.0
millimètre,word,0.0,0.0,0.0,3.0,3.0,0.0,0.0,0.0,1.0,-0.0,-0.0
millimètre,lemma,0.0,0.0,0.0,3.0,3.0,0.0,0.0,0.0,1.0,-0.0,-0.0
avouait,word,0.0,0.0,0.0,3.0,3.0,0.0,0.0,0.0,1.0,-0.0,-0.0
rendait,word,3.0,0.0,0.0,0.0,3.0,1.0,0.0,0.0,0.0,-0.0,-0.0
remportée,word,0.0,0.0,0.0,3.0,3.0,0.0,0.0,0.0,1.0,-0.0,-0.0
remporté,word,0.0,0.0,0.0,24.0,24.0,0.0,0.0,0.0,1.0,-0.0,-0.0
immeubles,word,0.0,0.0,0.0,3.0,3.0,0.0,0.0,0.0,1.0,-0.0,-0.0
immeuble,lemma,0.0,0.0,0.0,3.0,3.0,0.0,0.0,0.0,1.0,-0.0,-0.0
images,word,0.0,0.0,0.0,4.0,4.0,0.0,0.0,0.0,1.0,-0.0,-0.0
incroyables,word,0.0,6.0,0.0,0.0,6.0,0.0,1.0,0.0,0.0,-0.0,-0.0
revendications,word,4.0,0.0,0.0,0.0,4.0,1.0,0.0,0.0,0.0,-0.0,-0.0
avouer,lemma,0.0,0.0,0.0,4.0,4.0,0.0,0.0,0.0,1.0,-0.0,-0.0
remporte,word,0.0,0.0,0.0,17.0,17.0,0.0,0.0,0.0,1.0,-0.0,-0.0
remplie,word,0.0,0.0,0.0,3.0,3.0,0.0,0.0,0.0,1.0,-0.0,-0.0
remplie,lemma,0.0,0.0,0.0,3.0,3.0,0.0,0.0,0.0,1.0,-0.0,-0.0
ressentir,lemma,0.0,0.0,0.0,3.0,3.0,0.0,0.0,0.0,1.0,-0.0,-0.0
reprocher,lemma,15.0,0.0,0.0,0.0,15.0,1.0,0.0,0.0,0.0,-0.0,-0.0
reprochent,word,11.0,0.0,0.0,0.0,11.0,1.0,0.0,0.0,0.0,-0.0,-0.0
reproche,word,11.0,0.0,0.0,0.0,11.0,1.0,0.0,0.0,0.0,-0.0,-0.0
reproche,lemma,13.0,0.0,0.0,0.0,13.0,1.0,0.0,0.0,0.0,-0.0,-0.0
reprochaient,word,4.0,0.0,0.0,0.0,4.0,1.0,0.0,0.0,0.0,-0.0,-0.0
renvoyé,word,0.0,0.0,0.0,5.0,5.0,0.0,0.0,0.0,1.0,-0.0,-0.0
revoir,lemma,0.0,0.0,0.0,3.0,3.0,0.0,0.0,0.0,1.0,-0.0,-0.0
revendique,word,3.0,0.0,0.0,0.0,3.0,1.0,0.0,0.0,0.0,-0.0,-0.0
impressionné,word,0.0,4.0,0.0,0.0,4.0,0.0,1.0,0.0,0.0,-0.0,-0.0
professeur,lemma,0.0,0.0,0.0,3.0,3.0,0.0,0.0,0.0,1.0,-0.0,-0.0
protestation,word,8.0,0.0,0.0,0.0,8.0,1.0,0.0,0.0,0.0,-0.0,-0.0
propos,word,0.0,0.0,0.0,3.0,3.0,0.0,0.0,0.0,1.0,-0.0,-0.0
avez,word,0.0,0.0,5.0,0.0,5.0,0.0,0.0,1.0,0.0,-0.0,-0.0
joué,word,0.0,0.0,0.0,4.0,4.0,0.0,0.0,0.0,1.0,-0.0,-0.0
profondément,lemma,0.0,0.0,0.0,3.0,3.0,0.0,0.0,0.0,1.0,-0.0,-0.0
chassés,word,0.0,0.0,0.0,5.0,5.0,0.0,0.0,0.0,1.0,-0.0,-0.0
profondément,word,0.0,0.0,0.0,3.0,3.0,0.0,0.0,0.0,1.0,-0.0,-0.0
chasse,word,0.0,0.0,0.0,3.0,3.0,0.0,0.0,0.0,1.0,-0.0,-0.0
avai,lemma,0.0,0.0,0.0,5.0,5.0,0.0,0.0,0.0,1.0,-0.0,-0.0
préférer,lemma,0.0,0.0,0.0,6.0,6.0,0.0,0.0,0.0,1.0,-0.0,-0.0
puissants,word,0.0,0.0,0.0,4.0,4.0,0.0,0.0,0.0,1.0,-0.0,-0.0
indépendance,lemma,4.0,0.0,0.0,0.0,4.0,1.0,0.0,0.0,0.0,-0.0,-0.0
puissant,word,0.0,0.0,0.0,5.0,5.0,0.0,0.0,0.0,1.0,-0.0,-0.0
puissant,lemma,0.0,0.0,0.0,13.0,13.0,0.0,0.0,0.0,1.0,-0.0,-0.0
publics,word,3.0,0.0,0.0,0.0,3.0,1.0,0.0,0.0,0.0,-0.0,-0.0
joindre,lemma,3.0,0.0,0.0,0.0,3.0,1.0,0.0,0.0,0.0,-0.0,-0.0
profs,word,0.0,0.0,0.0,3.0,3.0,0.0,0.0,0.0,1.0,-0.0,-0.0
julien,word,0.0,0.0,7.0,0.0,7.0,0.0,0.0,1.0,0.0,-0.0,-0.0
julien,lemma,0.0,0.0,7.0,0.0,7.0,0.0,0.0,1.0,0.0,-0.0,-0.0
chienne,lemma,0.0,0.0,3.0,0.0,3.0,0.0,0.0,1.0,0.0,-0.0,-0.0
jasper,word,0.0,0.0,3.0,0.0,3.0,0.0,0.0,1.0,0.0,-0.0,-0.0
jasper,lemma,0.0,0.0,3.0,0.0,3.0,0.0,0.0,1.0,0.0,-0.0,-0.0
joue,word,0.0,0.0,0.0,3.0,3.0,0.0,0.0,0.0,1.0,-0.0,-0.0
auxquelles,word,0.0,0.0,0.0,4.0,4.0,0.0,0.0,0.0,1.0,-0.0,-0.0
auxquelles,lemma,0.0,0.0,0.0,4.0,4.0,0.0,0.0,0.0,1.0,-0.0,-0.0
puissante,word,0.0,0.0,0.0,4.0,4.0,0.0,0.0,0.0,1.0,-0.0,-0.0
précipiter,lemma,3.0,0.0,0.0,0.0,3.0,1.0,0.0,0.0,0.0,-0.0,-0.0
passage,word,0.0,0.0,0.0,4.0,4.0,0.0,0.0,0.0,1.0,-0.0,-0.0
bloquant,word,4.0,0.0,0.0,0.0,4.0,1.0,0.0,0.0,0.0,-0.0,-0.0
cadeau,word,0.0,0.0,0.0,5.0,5.0,0.0,0.0,0.0,1.0,-0.0,-0.0
merde,word,0.0,0.0,16.0,0.0,16.0,0.0,0.0,1.0,0.0,-0.0,-0.0
merde,lemma,0.0,0.0,14.0,0.0,14.0,0.0,0.0,1.0,0.0,-0.0,-0.0
mille,lemma,0.0,0.0,3.0,0.0,3.0,0.0,0.0,1.0,0.0,-0.0,-0.0
meurent,word,0.0,0.0,0.0,8.0,8.0,0.0,0.0,0.0,1.0,-0.0,-0.0
menacés,word,0.0,6.0,0.0,0.0,6.0,0.0,1.0,0.0,0.0,-0.0,-0.0
menacée,word,0.0,3.0,0.0,0.0,3.0,0.0,1.0,0.0,0.0,-0.0,-0.0
procès,lemma,0.0,0.0,0.0,4.0,4.0,0.0,0.0,0.0,1.0,-0.0,-0.0
précipite,word,3.0,0.0,0.0,0.0,3.0,1.0,0.0,0.0,0.0,-0.0,-0.0
procès,word,0.0,0.0,0.0,4.0,4.0,0.0,0.0,0.0,1.0,-0.0,-0.0
lancer,lemma,4.0,0.0,0.0,0.0,4.0,1.0,0.0,0.0,0.0,-0.0,-0.0
protesté,word,5.0,0.0,0.0,0.0,5.0,1.0,0.0,0.0,0.0,-0.0,-0.0
protester,word,18.0,0.0,0.0,0.0,18.0,1.0,0.0,0.0,0.0,-0.0,-0.0
protester,lemma,28.0,0.0,0.0,0.0,28.0,1.0,0.0,0.0,0.0,-0.0,-0.0
protestent,word,4.0,0.0,0.0,0.0,4.0,1.0,0.0,0.0,0.0,-0.0,-0.0
la,lemma,0.0,0.0,4.0,0.0,4.0,0.0,0.0,1.0,0.0,-0.0,-0.0
lever,lemma,3.0,0.0,0.0,0.0,3.0,1.0,0.0,0.0,0.0,-0.0,-0.0
lesbiennes,word,0.0,0.0,3.0,0.0,3.0,0.0,0.0,1.0,0.0,-0.0,-0.0
larmes,word,7.0,0.0,0.0,0.0,7.0,1.0,0.0,0.0,0.0,-0.0,-0.0
char,word,0.0,0.0,0.0,4.0,4.0,0.0,0.0,0.0,1.0,-0.0,-0.0
char,lemma,0.0,0.0,0.0,5.0,5.0,0.0,0.0,0.0,1.0,-0.0,-0.0
champion,word,0.0,0.0,0.0,6.0,6.0,0.0,0.0,0.0,1.0,-0.0,-0.0
champion,lemma,0.0,0.0,0.0,23.0,23.0,0.0,0.0,0.0,1.0,-0.0,-0.0
champ,lemma,0.0,0.0,0.0,8.0,8.0,0.0,0.0,0.0,1.0,-0.0,-0.0
prof,lemma,0.0,0.0,0.0,4.0,4.0,0.0,0.0,0.0,1.0,-0.0,-0.0
quasiment,lemma,0.0,0.0,0.0,3.0,3.0,0.0,0.0,0.0,1.0,-0.0,-0.0
quittent,word,4.0,0.0,0.0,0.0,4.0,1.0,0.0,0.0,0.0,-0.0,-0.0
querelle,lemma,3.0,0.0,0.0,0.0,3.0,1.0,0.0,0.0,0.0,-0.0,-0.0
inquiéter,lemma,0.0,22.0,0.0,0.0,22.0,0.0,1.0,0.0,0.0,-0.0,-0.0
inquiétantes,word,0.0,3.0,0.0,0.0,3.0,0.0,1.0,0.0,0.0,-0.0,-0.0
inquiétante,lemma,0.0,3.0,0.0,0.0,3.0,0.0,1.0,0.0,0.0,-0.0,-0.0
inquiétant,word,0.0,6.0,0.0,0.0,6.0,0.0,1.0,0.0,0.0,-0.0,-0.0
inquiétant,lemma,0.0,4.0,0.0,0.0,4.0,0.0,1.0,0.0,0.0,-0.0,-0.0
inquiètent,word,0.0,14.0,0.0,0.0,14.0,0.0,1.0,0.0,0.0,-0.0,-0.0
choqués,word,0.0,5.0,0.0,0.0,5.0,0.0,1.0,0.0,0.0,-0.0,-0.0
choquée,word,0.0,3.0,0.0,0.0,3.0,0.0,1.0,0.0,0.0,-0.0,-0.0
aura,word,0.0,0.0,0.0,7.0,7.0,0.0,0.0,0.0,1.0,-0.0,-0.0
qu,lemma,0.0,0.0,3.0,0.0,3.0,0.0,0.0,1.0,0.0,-0.0,-0.0
proie,word,0.0,0.0,0.0,4.0,4.0,0.0,0.0,0.0,1.0,-0.0,-0.0
propos,lemma,0.0,0.0,0.0,3.0,3.0,0.0,0.0,0.0,1.0,-0.0,-0.0
raison,word,0.0,0.0,0.0,5.0,5.0,0.0,0.0,0.0,1.0,-0.0,-0.0
raison,lemma,0.0,0.0,0.0,6.0,6.0,0.0,0.0,0.0,1.0,-0.0,-0.0
logement,lemma,0.0,0.0,0.0,5.0,5.0,0.0,0.0,0.0,1.0,-0.0,-0.0
logement,word,0.0,0.0,0.0,3.0,3.0,0.0,0.0,0.0,1.0,-0.0,-0.0
record,word,0.0,0.0,0.0,19.0,19.0,0.0,0.0,0.0,1.0,-0.0,-0.0
reconnaitre,word,4.0,0.0,0.0,0.0,4.0,1.0,0.0,0.0,0.0,-0.0,-0.0
reconnaitre,lemma,4.0,0.0,0.0,0.0,4.0,1.0,0.0,0.0,0.0,-0.0,-0.0
rebeller,lemma,3.0,0.0,0.0,0.0,3.0,1.0,0.0,0.0,0.0,-0.0,-0.0
londres,lemma,0.0,0.0,0.0,3.0,3.0,0.0,0.0,0.0,1.0,-0.0,-0.0
initiative,lemma,3.0,0.0,0.0,0.0,3.0,1.0,0.0,0.0,0.0,-0.0,-0.0
indépendance,word,5.0,0.0,0.0,0.0,5.0,1.0,0.0,0.0,0.0,-0.0,-0.0
augmenter,lemma,0.0,0.0,0.0,3.0,3.0,0.0,0.0,0.0,1.0,-0.0,-0.0
pénible,word,0.0,3.0,0.0,0.0,3.0,0.0,1.0,0.0,0.0,-0.0,-0.0
pénible,lemma,0.0,3.0,0.0,0.0,3.0,0.0,1.0,0.0,0.0,-0.0,-0.0
péages,word,4.0,0.0,0.0,0.0,4.0,1.0,0.0,0.0,0.0,-0.0,-0.0
péage,lemma,4.0,0.0,0.0,0.0,4.0,1.0,0.0,0.0,0.0,-0.0,-0.0
pyjama,word,0.0,0.0,0.0,5.0,5.0,0.0,0.0,0.0,1.0,-0.0,-0.0
pyjama,lemma,0.0,0.0,0.0,5.0,5.0,0.0,0.0,0.0,1.0,-0.0,-0.0
j'allais,word,0.0,0.0,0.0,3.0,3.0,0.0,0.0,0.0,1.0,-0.0,-0.0
j'ai,word,0.0,0.0,4.0,0.0,4.0,0.0,0.0,1.0,0.0,-0.0,-0.0
inédite,word,0.0,0.0,0.0,4.0,4.0,0.0,0.0,0.0,1.0,-0.0,-0.0
choc,word,0.0,4.0,0.0,0.0,4.0,0.0,1.0,0.0,0.0,-0.0,-0.0
choc,lemma,0.0,4.0,0.0,0.0,4.0,0.0,1.0,0.0,0.0,-0.0,-0.0
chier,word,0.0,0.0,3.0,0.0,3.0,0.0,0.0,1.0,0.0,-0.0,-0.0
chier,lemma,0.0,0.0,3.0,0.0,3.0,0.0,0.0,1.0,0.0,-0.0,-0.0
inédit,lemma,0.0,0.0,0.0,5.0,5.0,0.0,0.0,0.0,1.0,-0.0,-0.0
pute,word,0.0,0.0,15.0,0.0,15.0,0.0,0.0,1.0,0.0,-0.0,-0.0
pute,lemma,0.0,0.0,15.0,0.0,15.0,0.0,0.0,1.0,0.0,-0.0,-0.0
putain,word,0.0,0.0,3.0,0.0,3.0,0.0,0.0,1.0,0.0,-0.0,-0.0
putain,lemma,0.0,0.0,3.0,0.0,3.0,0.0,0.0,1.0,0.0,-0.0,-0.0
attendait,word,0.0,0.0,0.0,3.0,3.0,0.0,0.0,0.0,1.0,-0.0,-0.0
quasiment,word,0.0,0.0,0.0,3.0,3.0,0.0,0.0,0.0,1.0,-0.0,-0.0
jaloux,word,0.0,5.0,0.0,0.0,5.0,0.0,1.0,0.0,0.0,-0.0,-0.0
jaloux,lemma,0.0,7.0,0.0,0.0,7.0,0.0,1.0,0.0,0.0,-0.0,-0.0
j'étais,word,0.0,0.0,0.0,4.0,4.0,0.0,0.0,0.0,1.0,-0.0,-0.0
proie,lemma,0.0,0.0,0.0,4.0,4.0,0.0,0.0,0.0,1.0,-0.0,-0.0
choquantes,word,0.0,14.0,0.0,0.0,14.0,0.0,1.0,0.0,0.0,-0.0,-0.0
choquante,lemma,0.0,14.0,0.0,0.0,14.0,0.0,1.0,0.0,0.0,-0.0,-0.0
choisissent,word,0.0,0.0,0.0,3.0,3.0,0.0,0.0,0.0,1.0,-0.0,-0.0
chienne,word,0.0,0.0,3.0,0.0,3.0,0.0,0.0,1.0,0.0,-0.0,-0.0
arabe,word,0.0,0.0,3.0,0.0,3.0,0.0,0.0,1.0,0.0,-0.0,-0.0
lutte,lemma,6.0,0.0,0.0,0.0,6.0,1.0,0.0,0.0,0.0,-0.0,-0.0
lutte,word,6.0,0.0,0.0,0.0,6.0,1.0,0.0,0.0,0.0,-0.0,-0.0
seras,word,0.0,0.0,0.0,3.0,3.0,0.0,0.0,0.0,1.0,-0.0,-0.0
fâchés,word,0.0,5.0,0.0,0.0,5.0,0.0,1.0,0.0,0.0,-0.0,-0.0
fâché,lemma,0.0,5.0,0.0,0.0,5.0,0.0,1.0,0.0,0.0,-0.0,-0.0
fâcher,lemma,0.0,3.0,0.0,0.0,3.0,0.0,1.0,0.0,0.0,-0.0,-0.0
furieux,word,0.0,3.0,0.0,0.0,3.0,0.0,1.0,0.0,0.0,-0.0,-0.0
furieux,lemma,0.0,4.0,0.0,0.0,4.0,0.0,1.0,0.0,0.0,-0.0,-0.0
fuite,word,5.0,0.0,0.0,0.0,5.0,1.0,0.0,0.0,0.0,-0.0,-0.0
porté,word,5.0,0.0,0.0,0.0,5.0,1.0,0.0,0.0,0.0,-0.0,-0.0
gagné,word,0.0,0.0,0.0,24.0,24.0,0.0,0.0,0.0,1.0,-0.0,-0.0
chrétiens,word,0.0,0.0,0.0,3.0,3.0,0.0,0.0,0.0,1.0,-0.0,-0.0
composer,lemma,0.0,0.0,0.0,4.0,4.0,0.0,0.0,0.0,1.0,-0.0,-0.0
médailles,word,0.0,0.0,0.0,28.0,28.0,0.0,0.0,0.0,1.0,-0.0,-0.0
médaille,word,0.0,0.0,0.0,11.0,11.0,0.0,0.0,0.0,1.0,-0.0,-0.0
médaille,lemma,0.0,0.0,0.0,33.0,33.0,0.0,0.0,0.0,1.0,-0.0,-0.0
médaill,lemma,0.0,0.0,0.0,6.0,6.0,0.0,0.0,0.0,1.0,-0.0,-0.0
mécontents,word,0.0,8.0,0.0,0.0,8.0,0.0,1.0,0.0,0.0,-0.0,-0.0
bouger,lemma,0.0,0.0,0.0,3.0,3.0,0.0,0.0,0.0,1.0,-0.0,-0.0
paniquer,lemma,0.0,3.0,0.0,0.0,3.0,0.0,1.0,0.0,0.0,-0.0,-0.0
moque,lemma,0.0,0.0,0.0,3.0,3.0,0.0,0.0,0.0,1.0,-0.0,-0.0
mystérieux,word,0.0,0.0,0.0,3.0,3.0,0.0,0.0,0.0,1.0,-0.0,-0.0
mystérieux,lemma,0.0,0.0,0.0,4.0,4.0,0.0,0.0,0.0,1.0,-0.0,-0.0
commettre,word,3.0,0.0,0.0,0.0,3.0,1.0,0.0,0.0,0.0,-0.0,-0.0
sent,word,0.0,0.0,0.0,9.0,9.0,0.0,0.0,0.0,1.0,-0.0,-0.0
composé,word,0.0,0.0,0.0,3.0,3.0,0.0,0.0,0.0,1.0,-0.0,-0.0
scène,word,0.0,0.0,0.0,4.0,4.0,0.0,0.0,0.0,1.0,-0.0,-0.0
scène,lemma,0.0,0.0,0.0,7.0,7.0,0.0,0.0,0.0,1.0,-0.0,-0.0
score,word,0.0,0.0,0.0,3.0,3.0,0.0,0.0,0.0,1.0,-0.0,-0.0
scolaire,lemma,3.0,0.0,0.0,0.0,3.0,1.0,0.0,0.0,0.0,-0.0,-0.0
scandale,word,0.0,5.0,0.0,0.0,5.0,0.0,1.0,0.0,0.0,-0.0,-0.0
gouine,lemma,0.0,0.0,6.0,0.0,6.0,0.0,0.0,1.0,0.0,-0.0,-0.0
colèr,lemma,0.0,12.0,0.0,0.0,12.0,0.0,1.0,0.0,0.0,-0.0,-0.0
cochons,word,0.0,0.0,0.0,4.0,4.0,0.0,0.0,0.0,1.0,-0.0,-0.0
cochon,lemma,0.0,0.0,0.0,4.0,4.0,0.0,0.0,0.0,1.0,-0.0,-0.0
club,word,0.0,0.0,0.0,3.0,3.0,0.0,0.0,0.0,1.0,-0.0,-0.0
scandale,lemma,0.0,5.0,0.0,0.0,5.0,0.0,1.0,0.0,0.0,-0.0,-0.0
sauver,lemma,0.0,0.0,0.0,3.0,3.0,0.0,0.0,0.0,1.0,-0.0,-0.0
sauvages,word,0.0,0.0,0.0,6.0,6.0,0.0,0.0,0.0,1.0,-0.0,-0.0
gouine,word,0.0,0.0,6.0,0.0,6.0,0.0,0.0,1.0,0.0,-0.0,-0.0
saut,word,0.0,0.0,0.0,4.0,4.0,0.0,0.0,0.0,1.0,-0.0,-0.0
semaine,lemma,0.0,0.0,0.0,3.0,3.0,0.0,0.0,0.0,1.0,-0.0,-0.0
armés,word,0.0,0.0,0.0,3.0,3.0,0.0,0.0,0.0,1.0,-0.0,-0.0
armé,word,0.0,0.0,0.0,4.0,4.0,0.0,0.0,0.0,1.0,-0.0,-0.0
armer,lemma,0.0,0.0,0.0,7.0,7.0,0.0,0.0,0.0,1.0,-0.0,-0.0
catégoriquement,word,3.0,0.0,0.0,0.0,3.0,1.0,0.0,0.0,0.0,-0.0,-0.0
gagnent,word,0.0,0.0,0.0,4.0,4.0,0.0,0.0,0.0,1.0,-0.0,-0.0
gabriel,word,0.0,0.0,0.0,5.0,5.0,0.0,0.0,0.0,1.0,-0.0,-0.0
gabriel,lemma,0.0,0.0,0.0,5.0,5.0,0.0,0.0,0.0,1.0,-0.0,-0.0
grand-père,word,0.0,0.0,0.0,3.0,3.0,0.0,0.0,0.0,1.0,-0.0,-0.0
grand-mère,word,0.0,0.0,0.0,5.0,5.0,0.0,0.0,0.0,1.0,-0.0,-0.0
graisse,word,0.0,0.0,3.0,0.0,3.0,0.0,0.0,1.0,0.0,-0.0,-0.0
graisse,lemma,0.0,0.0,3.0,0.0,3.0,0.0,0.0,1.0,0.0,-0.0,-0.0
sauvage,lemma,0.0,0.0,0.0,7.0,7.0,0.0,0.0,0.0,1.0,-0.0,-0.0
soigner,lemma,0.0,0.0,0.0,3.0,3.0,0.0,0.0,0.0,1.0,-0.0,-0.0
six,word,0.0,0.0,0.0,3.0,3.0,0.0,0.0,0.0,1.0,-0.0,-0.0
souffrent,word,0.0,3.0,0.0,0.0,3.0,0.0,1.0,0.0,0.0,-0.0,-0.0
malheureux,lemma,0.0,3.0,0.0,0.0,3.0,0.0,1.0,0.0,0.0,-0.0,-0.0
appartement,lemma,0.0,0.0,0.0,5.0,5.0,0.0,0.0,0.0,1.0,-0.0,-0.0
fières,word,0.0,3.0,0.0,0.0,3.0,0.0,1.0,0.0,0.0,-0.0,-0.0
fière,word,0.0,8.0,0.0,0.0,8.0,0.0,1.0,0.0,0.0,-0.0,-0.0
fière,lemma,0.0,3.0,0.0,0.0,3.0,0.0,1.0,0.0,0.0,-0.0,-0.0
finale,word,0.0,0.0,0.0,4.0,4.0,0.0,0.0,0.0,1.0,-0.0,-0.0
finale,lemma,0.0,0.0,0.0,4.0,4.0,0.0,0.0,0.0,1.0,-0.0,-0.0
compétition,word,0.0,0.0,0.0,6.0,6.0,0.0,0.0,0.0,1.0,-0.0,-0.0
compétition,lemma,0.0,0.0,0.0,6.0,6.0,0.0,0.0,0.0,1.0,-0.0,-0.0
six,lemma,0.0,0.0,0.0,3.0,3.0,0.0,0.0,0.0,1.0,-0.0,-0.0
fouiller,lemma,0.0,0.0,3.0,0.0,3.0,0.0,0.0,1.0,0.0,-0.0,-0.0
forte,word,0.0,0.0,0.0,4.0,4.0,0.0,0.0,0.0,1.0,-0.0,-0.0
maltraitance,lemma,0.0,0.0,0.0,3.0,3.0,0.0,0.0,0.0,1.0,-0.0,-0.0
maltraiter,lemma,0.0,0.0,0.0,6.0,6.0,0.0,0.0,0.0,1.0,-0.0,-0.0
souriant,word,4.0,0.0,0.0,0.0,4.0,1.0,0.0,0.0,0.0,-0.0,-0.0
soupire,word,7.0,0.0,0.0,0.0,7.0,1.0,0.0,0.0,0.0,-0.0,-0.0
soulever,lemma,3.0,0.0,0.0,0.0,3.0,1.0,0.0,0.0,0.0,-0.0,-0.0
stupide,word,0.0,0.0,0.0,3.0,3.0,0.0,0.0,0.0,1.0,-0.0,-0.0
stupide,lemma,0.0,0.0,0.0,3.0,3.0,0.0,0.0,0.0,1.0,-0.0,-0.0
stressé,word,0.0,3.0,0.0,0.0,3.0,0.0,1.0,0.0,0.0,-0.0,-0.0
stresser,lemma,0.0,4.0,0.0,0.0,4.0,0.0,1.0,0.0,0.0,-0.0,-0.0
stop,word,0.0,0.0,7.0,0.0,7.0,0.0,0.0,1.0,0.0,-0.0,-0.0
stop,lemma,0.0,0.0,7.0,0.0,7.0,0.0,0.0,1.0,0.0,-0.0,-0.0
foutre,word,0.0,0.0,3.0,0.0,3.0,0.0,0.0,1.0,0.0,-0.0,-0.0
con,word,0.0,0.0,7.0,0.0,7.0,0.0,0.0,1.0,0.0,-0.0,-0.0
con,lemma,0.0,0.0,9.0,0.0,9.0,0.0,0.0,1.0,0.0,-0.0,-0.0
fuite,lemma,5.0,0.0,0.0,0.0,5.0,1.0,0.0,0.0,0.0,-0.0,-0.0
pleure,word,5.0,0.0,0.0,0.0,5.0,1.0,0.0,0.0,0.0,-0.0,-0.0
pleurent,word,3.0,0.0,0.0,0.0,3.0,1.0,0.0,0.0,0.0,-0.0,-0.0
fuient,word,17.0,0.0,0.0,0.0,17.0,1.0,0.0,0.0,0.0,-0.0,-0.0
fuient,lemma,7.0,0.0,0.0,0.0,7.0,1.0,0.0,0.0,0.0,-0.0,-0.0
fui,word,13.0,0.0,0.0,0.0,13.0,1.0,0.0,0.0,0.0,-0.0,-0.0
ftg,word,0.0,0.0,11.0,0.0,11.0,0.0,0.0,1.0,0.0,-0.0,-0.0
ftg,lemma,0.0,0.0,11.0,0.0,11.0,0.0,0.0,1.0,0.0,-0.0,-0.0
sexuellement,lemma,0.0,0.0,0.0,3.0,3.0,0.0,0.0,0.0,1.0,-0.0,-0.0
pleuré,word,11.0,0.0,0.0,0.0,11.0,1.0,0.0,0.0,0.0,-0.0,-0.0
seulement,word,0.0,0.0,0.0,3.0,3.0,0.0,0.0,0.0,1.0,-0.0,-0.0
soldat,lemma,0.0,0.0,0.0,4.0,4.0,0.0,0.0,0.0,1.0,-0.0,-0.0
soleil,word,0.0,0.0,0.0,4.0,4.0,0.0,0.0,0.0,1.0,-0.0,-0.0
soleil,lemma,0.0,0.0,0.0,4.0,4.0,0.0,0.0,0.0,1.0,-0.0,-0.0
soldats,word,0.0,0.0,0.0,4.0,4.0,0.0,0.0,0.0,1.0,-0.0,-0.0
formidable,word,0.0,3.0,0.0,0.0,3.0,0.0,1.0,0.0,0.0,-0.0,-0.0
formidable,lemma,0.0,3.0,0.0,0.0,3.0,0.0,1.0,0.0,0.0,-0.0,-0.0
forcés,word,0.0,0.0,0.0,3.0,3.0,0.0,0.0,0.0,1.0,-0.0,-0.0
forcément,word,0.0,0.0,0.0,4.0,4.0,0.0,0.0,0.0,1.0,-0.0,-0.0
frapper,lemma,0.0,0.0,0.0,4.0,4.0,0.0,0.0,0.0,1.0,-0.0,-0.0
confisquer,lemma,0.0,0.0,0.0,3.0,3.0,0.0,0.0,0.0,1.0,-0.0,-0.0
malheureusement,lemma,0.0,6.0,0.0,0.0,6.0,0.0,1.0,0.0,0.0,-0.0,-0.0
malheureusement,word,0.0,6.0,0.0,0.0,6.0,0.0,1.0,0.0,0.0,-0.0,-0.0
conduite,word,0.0,0.0,0.0,4.0,4.0,0.0,0.0,0.0,1.0,-0.0,-0.0
conduite,lemma,0.0,0.0,0.0,4.0,4.0,0.0,0.0,0.0,1.0,-0.0,-0.0
seulement,lemma,0.0,0.0,0.0,3.0,3.0,0.0,0.0,0.0,1.0,-0.0,-0.0
russe,lemma,3.0,0.0,0.0,0.0,3.0,1.0,0.0,0.0,0.0,-0.0,-0.0
rupture,word,0.0,0.0,0.0,3.0,3.0,0.0,0.0,0.0,1.0,-0.0,-0.0
rupture,lemma,0.0,0.0,0.0,3.0,3.0,0.0,0.0,0.0,1.0,-0.0,-0.0
ruiner,lemma,0.0,0.0,0.0,3.0,3.0,0.0,0.0,0.0,1.0,-0.0,-0.0
baissant,word,3.0,0.0,0.0,0.0,3.0,1.0,0.0,0.0,0.0,-0.0,-0.0
ballet,lemma,0.0,0.0,0.0,3.0,3.0,0.0,0.0,0.0,1.0,-0.0,-0.0
ballet,word,0.0,0.0,0.0,3.0,3.0,0.0,0.0,0.0,1.0,-0.0,-0.0
récompense,word,0.0,0.0,0.0,12.0,12.0,0.0,0.0,0.0,1.0,-0.0,-0.0
récompense,lemma,0.0,0.0,0.0,12.0,12.0,0.0,0.0,0.0,1.0,-0.0,-0.0
réclamé,word,4.0,0.0,0.0,0.0,4.0,1.0,0.0,0.0,0.0,-0.0,-0.0
potable,lemma,0.0,0.0,0.0,3.0,3.0,0.0,0.0,0.0,1.0,-0.0,-0.0
réclament,word,10.0,0.0,0.0,0.0,10.0,1.0,0.0,0.0,0.0,-0.0,-0.0
scènes,word,0.0,0.0,0.0,3.0,3.0,0.0,0.0,0.0,1.0,-0.0,-0.0
réclame,lemma,12.0,0.0,0.0,0.0,12.0,1.0,0.0,0.0,0.0,-0.0,-0.0
réclamait,word,4.0,0.0,0.0,0.0,4.0,1.0,0.0,0.0,0.0,-0.0,-0.0
harceler,lemma,0.0,0.0,0.0,14.0,14.0,0.0,0.0,0.0,1.0,-0.0,-0.0
habitude,word,0.0,0.0,0.0,4.0,4.0,0.0,0.0,0.0,1.0,-0.0,-0.0
habitude,lemma,0.0,0.0,0.0,4.0,4.0,0.0,0.0,0.0,1.0,-0.0,-0.0
homophobie,word,0.0,0.0,0.0,4.0,4.0,0.0,0.0,0.0,1.0,-0.0,-0.0
homophobie,lemma,0.0,0.0,0.0,4.0,4.0,0.0,0.0,0.0,1.0,-0.0,-0.0
potable,word,0.0,0.0,0.0,3.0,3.0,0.0,0.0,0.0,1.0,-0.0,-0.0
réclamaient,word,4.0,0.0,0.0,0.0,4.0,1.0,0.0,0.0,0.0,-0.0,-0.0
réalise,word,0.0,0.0,0.0,4.0,4.0,0.0,0.0,0.0,1.0,-0.0,-0.0
réfugier,word,7.0,0.0,0.0,0.0,7.0,1.0,0.0,0.0,0.0,-0.0,-0.0
gueul,lemma,0.0,0.0,5.0,0.0,5.0,0.0,0.0,1.0,0.0,-0.0,-0.0
grèves,word,5.0,0.0,0.0,0.0,5.0,1.0,0.0,0.0,0.0,-0.0,-0.0
réclame,word,12.0,0.0,0.0,0.0,12.0,1.0,0.0,0.0,0.0,-0.0,-0.0
chrétien,lemma,0.0,0.0,0.0,3.0,3.0,0.0,0.0,0.0,1.0,-0.0,-0.0
paniqué,word,0.0,3.0,0.0,0.0,3.0,0.0,1.0,0.0,0.0,-0.0,-0.0
catastrophe,lemma,0.0,0.0,0.0,10.0,10.0,0.0,0.0,0.0,1.0,-0.0,-0.0
catastrophe,word,0.0,0.0,0.0,6.0,6.0,0.0,0.0,0.0,1.0,-0.0,-0.0
bombe,word,0.0,0.0,0.0,5.0,5.0,0.0,0.0,0.0,1.0,-0.0,-0.0
catastrophes,word,0.0,0.0,0.0,4.0,4.0,0.0,0.0,0.0,1.0,-0.0,-0.0
moments,word,0.0,0.0,0.0,5.0,5.0,0.0,0.0,0.0,1.0,-0.0,-0.0
moitié,word,0.0,0.0,0.0,10.0,10.0,0.0,0.0,0.0,1.0,-0.0,-0.0
moitié,lemma,0.0,0.0,0.0,10.0,10.0,0.0,0.0,0.0,1.0,-0.0,-0.0
catégorie,lemma,0.0,0.0,0.0,3.0,3.0,0.0,0.0,0.0,1.0,-0.0,-0.0
bombardements,word,0.0,0.0,0.0,5.0,5.0,0.0,0.0,0.0,1.0,-0.0,-0.0
bombardement,lemma,0.0,0.0,0.0,5.0,5.0,0.0,0.0,0.0,1.0,-0.0,-0.0
huit,word,0.0,0.0,0.0,12.0,12.0,0.0,0.0,0.0,1.0,-0.0,-0.0
râle,lemma,3.0,0.0,0.0,0.0,3.0,1.0,0.0,0.0,0.0,-0.0,-0.0
riant,word,3.0,0.0,0.0,0.0,3.0,1.0,0.0,0.0,0.0,-0.0,-0.0
ri,word,3.0,0.0,0.0,0.0,3.0,1.0,0.0,0.0,0.0,-0.0,-0.0
reçu,word,0.0,0.0,0.0,13.0,13.0,0.0,0.0,0.0,1.0,-0.0,-0.0
ronds-points,word,3.0,0.0,0.0,0.0,3.0,1.0,0.0,0.0,0.0,-0.0,-0.0
celui,word,0.0,0.0,0.0,5.0,5.0,0.0,0.0,0.0,1.0,-0.0,-0.0
heureuses,word,0.0,3.0,0.0,0.0,3.0,0.0,1.0,0.0,0.0,-0.0,-0.0
hont,lemma,0.0,8.0,0.0,0.0,8.0,0.0,1.0,0.0,0.0,-0.0,-0.0
cinéma,word,0.0,0.0,0.0,3.0,3.0,0.0,0.0,0.0,1.0,-0.0,-0.0
cinq,word,0.0,0.0,0.0,5.0,5.0,0.0,0.0,0.0,1.0,-0.0,-0.0
cinq,lemma,0.0,0.0,0.0,5.0,5.0,0.0,0.0,0.0,1.0,-0.0,-0.0
lire,lemma,0.0,0.0,0.0,6.0,6.0,0.0,0.0,0.0,1.0,-0.0,-0.0
risque,word,0.0,7.0,0.0,0.0,7.0,0.0,1.0,0.0,0.0,-0.0,-0.0
baise,word,0.0,0.0,4.0,0.0,4.0,0.0,0.0,1.0,0.0,-0.0,-0.0
huit,lemma,0.0,0.0,0.0,12.0,12.0,0.0,0.0,0.0,1.0,-0.0,-0.0
bébé,lemma,0.0,0.0,3.0,0.0,3.0,0.0,0.0,1.0,0.0,-0.0,-0.0
poutine,lemma,6.0,0.0,0.0,0.0,6.0,1.0,0.0,0.0,0.0,-0.0,-0.0
mortes,word,0.0,0.0,0.0,4.0,4.0,0.0,0.0,0.0,1.0,-0.0,-0.0
rêver,word,0.0,0.0,0.0,3.0,3.0,0.0,0.0,0.0,1.0,-0.0,-0.0
rêver,lemma,0.0,0.0,0.0,4.0,4.0,0.0,0.0,0.0,1.0,-0.0,-0.0
poutine,word,6.0,0.0,0.0,0.0,6.0,1.0,0.0,0.0,0.0,-0.0,-0.0
club,lemma,0.0,0.0,0.0,3.0,3.0,0.0,0.0,0.0,1.0,-0.0,-0.0
grève,lemma,27.0,0.0,0.0,0.0,27.0,1.0,0.0,0.0,0.0,-0.0,-0.0
grèv,lemma,12.0,0.0,0.0,0.0,12.0,1.0,0.0,0.0,0.0,-0.0,-0.0
grâce,word,0.0,0.0,0.0,3.0,3.0,0.0,0.0,0.0,1.0,-0.0,-0.0
grâce,lemma,0.0,0.0,0.0,3.0,3.0,0.0,0.0,0.0,1.0,-0.0,-0.0
groupes,word,0.0,0.0,0.0,4.0,4.0,0.0,0.0,0.0,1.0,-0.0,-0.0
grève,word,35.0,0.0,0.0,0.0,35.0,1.0,0.0,0.0,0.0,-0.0,-0.0
catégorie,word,0.0,0.0,0.0,3.0,3.0,0.0,0.0,0.0,1.0,-0.0,-0.0
catégoriquement,lemma,3.0,0.0,0.0,0.0,3.0,1.0,0.0,0.0,0.0,-0.0,-0.0
réussite,word,0.0,0.0,0.0,3.0,3.0,0.0,0.0,0.0,1.0,-0.0,-0.0
réussite,lemma,0.0,0.0,0.0,3.0,3.0,0.0,0.0,0.0,1.0,-0.0,-0.0
réussit,word,0.0,0.0,0.0,4.0,4.0,0.0,0.0,0.0,1.0,-0.0,-0.0
saut,lemma,0.0,0.0,0.0,4.0,4.0,0.0,0.0,0.0,1.0,-0.0,-0.0
satisfaire,word,0.0,4.0,0.0,0.0,4.0,0.0,1.0,0.0,0.0,-0.0,-0.0
satisfaire,lemma,0.0,7.0,0.0,0.0,7.0,0.0,1.0,0.0,0.0,-0.0,-0.0
samber,lemma,0.0,0.0,0.0,3.0,3.0,0.0,0.0,0.0,1.0,-0.0,-0.0
samba,word,0.0,0.0,0.0,3.0,3.0,0.0,0.0,0.0,1.0,-0.0,-0.0
sait,word,0.0,0.0,0.0,4.0,4.0,0.0,0.0,0.0,1.0,-0.0,-0.0
sai,lemma,0.0,0.0,4.0,0.0,4.0,0.0,0.0,1.0,0.0,-0.0,-0.0
applaudi,word,5.0,0.0,0.0,0.0,5.0,1.0,0.0,0.0,0.0,-0.0,-0.0
malades,word,0.0,0.0,0.0,3.0,3.0,0.0,0.0,0.0,1.0,-0.0,-0.0
hein,word,0.0,0.0,3.0,0.0,3.0,0.0,0.0,1.0,0.0,-0.0,-0.0
hein,lemma,0.0,0.0,3.0,0.0,3.0,0.0,0.0,1.0,0.0,-0.0,-0.0
pote,lemma,0.0,0.0,0.0,4.0,4.0,0.0,0.0,0.0,1.0,-0.0,-0.0
potentielle,lemma,0.0,3.0,0.0,0.0,3.0,0.0,1.0,0.0,0.0,-0.0,-0.0
harcelé,word,0.0,0.0,0.0,3.0,3.0,0.0,0.0,0.0,1.0,-0.0,-0.0
réfugier,lemma,11.0,0.0,0.0,0.0,11.0,1.0,0.0,0.0,0.0,-0.0,-0.0
réforme,word,4.0,0.0,0.0,0.0,4.0,1.0,0.0,0.0,0.0,-0.0,-0.0
réforme,lemma,6.0,0.0,0.0,0.0,6.0,1.0,0.0,0.0,0.0,-0.0,-0.0
réconforter,lemma,0.0,0.0,0.0,3.0,3.0,0.0,0.0,0.0,1.0,-0.0,-0.0
réussi,word,0.0,0.0,0.0,15.0,15.0,0.0,0.0,0.0,1.0,-0.0,-0.0
rétorque,word,4.0,0.0,0.0,0.0,4.0,1.0,0.0,0.0,0.0,-0.0,-0.0
rétorqu,lemma,4.0,0.0,0.0,0.0,4.0,1.0,0.0,0.0,0.0,-0.0,-0.0
arthur,word,0.0,0.0,0.0,4.0,4.0,0.0,0.0,0.0,1.0,-0.0,-0.0
bée,lemma,3.0,0.0,0.0,0.0,3.0,1.0,0.0,0.0,0.0,-0.0,-0.0
grommèle,word,3.0,0.0,0.0,0.0,3.0,1.0,0.0,0.0,0.0,-0.0,-0.0
grommèle,lemma,3.0,0.0,0.0,0.0,3.0,1.0,0.0,0.0,0.0,-0.0,-0.0
grogné,word,4.0,0.0,0.0,0.0,4.0,1.0,0.0,0.0,0.0,-0.0,-0.0
grogner,lemma,4.0,0.0,0.0,0.0,4.0,1.0,0.0,0.0,0.0,-0.0,-0.0
potentielle,word,0.0,3.0,0.0,0.0,3.0,0.0,1.0,0.0,0.0,-0.0,-0.0
légende,word,0.0,0.0,0.0,3.0,3.0,0.0,0.0,0.0,1.0,-0.0,-0.0
parfait,lemma,0.0,0.0,0.0,3.0,3.0,0.0,0.0,0.0,1.0,-0.0,-0.0
longueur,lemma,0.0,0.0,0.0,4.0,4.0,0.0,0.0,0.0,1.0,-0.0,-0.0
longueur,word,0.0,0.0,0.0,4.0,4.0,0.0,0.0,0.0,1.0,-0.0,-0.0
pareil,lemma,0.0,0.0,3.0,0.0,3.0,0.0,0.0,1.0,0.0,-0.0,-0.0
poursuivre,lemma,3.0,0.0,0.0,0.0,3.0,1.0,0.0,0.0,0.0,-0.0,-0.0
bête,lemma,0.0,0.0,0.0,3.0,3.0,0.0,0.0,0.0,1.0,-0.0,-0.0
bée,word,3.0,0.0,0.0,0.0,3.0,1.0,0.0,0.0,0.0,-0.0,-0.0
arthur,lemma,0.0,0.0,0.0,4.0,4.0,0.0,0.0,0.0,1.0,-0.0,-0.0
