marker_value,marker_type,Admiration,Colère,Culpabilité,Dégoût,Embarras,Fierté,Jalousie,Joie,Peur,Surprise,Tristesse,total_count,P(Colère),P(Dégoût),P(Joie),P(Peur),P(Surprise),P(Tristesse),P(Admiration),P(Culpabilité),P(Embarras),P(Fierté),P(Jalousie),entropy,normalized_entropy
n'a,word,1,3,0,1,2,0,0,2,3,2,5,19,0.16,0.05,0.11,0.16,0.11,0.26,0.05,0.00,0.11,0.00,0.00,2.82,0.82
;,punctuation,24,93,1,4,8,49,0,71,138,36,97,521,0.18,0.01,0.14,0.26,0.07,0.19,0.05,0.00,0.02,0.09,0.00,2.75,0.79
vu,word,1,1,0,1,1,1,0,0,2,1,0,8,0.12,0.12,0.00,0.25,0.12,0.00,0.12,0.00,0.12,0.12,0.00,2.75,0.79
normal,lemma,0,1,0,0,2,1,0,1,1,1,2,9,0.11,0.00,0.11,0.11,0.11,0.22,0.00,0.00,0.22,0.11,0.00,2.73,0.79
normal,word,0,1,0,0,2,1,0,1,1,1,2,9,0.11,0.00,0.11,0.11,0.11,0.22,0.00,0.00,0.22,0.11,0.00,2.73,0.79
voir,lemma,1,11,0,3,1,3,0,4,4,2,1,30,0.37,0.10,0.13,0.13,0.07,0.03,0.03,0.00,0.03,0.10,0.00,2.72,0.79
',punctuation,5,158,3,14,10,14,1,92,62,49,53,461,0.34,0.03,0.20,0.13,0.11,0.11,0.01,0.01,0.02,0.03,0.00,2.65,0.77
réussir,lemma,0,1,2,0,2,5,0,6,2,0,3,21,0.05,0.00,0.29,0.10,0.00,0.14,0.00,0.10,0.10,0.24,0.00,2.59,0.75
venir,word,0,1,0,0,1,1,0,1,1,0,1,6,0.17,0.00,0.17,0.17,0.00,0.17,0.00,0.00,0.17,0.17,0.00,2.58,0.75
argent,word,0,4,0,1,0,1,0,1,1,2,2,12,0.33,0.08,0.08,0.08,0.17,0.17,0.00,0.00,0.00,0.08,0.00,2.58,0.75
grand,lemma,2,3,0,0,0,4,0,9,4,2,2,26,0.12,0.00,0.35,0.15,0.08,0.08,0.08,0.00,0.00,0.15,0.00,2.57,0.74
-,punctuation,0,16,1,1,2,0,0,13,11,8,8,60,0.27,0.02,0.22,0.18,0.13,0.13,0.00,0.02,0.03,0.00,0.00,2.57,0.74
",",punctuation,2,16,0,2,0,3,0,21,5,6,5,60,0.27,0.03,0.35,0.08,0.10,0.08,0.03,0.00,0.00,0.05,0.00,2.51,0.73
trouver,lemma,0,1,0,0,1,1,0,3,5,2,1,14,0.07,0.00,0.21,0.36,0.14,0.07,0.00,0.00,0.07,0.07,0.00,2.50,0.72
noir,lemma,0,2,0,0,0,1,0,2,2,1,3,11,0.18,0.00,0.18,0.18,0.09,0.27,0.00,0.00,0.00,0.09,0.00,2.48,0.72
grand,word,2,2,0,0,0,0,0,3,2,1,1,11,0.18,0.00,0.27,0.18,0.09,0.09,0.18,0.00,0.00,0.00,0.00,2.48,0.72
réussi,word,1,0,2,0,2,3,0,4,0,0,2,14,0.00,0.00,0.29,0.00,0.00,0.14,0.07,0.14,0.14,0.21,0.00,2.47,0.71
encore,lemma,2,2,0,0,1,0,0,1,3,3,0,12,0.17,0.00,0.08,0.25,0.25,0.00,0.17,0.00,0.08,0.00,0.00,2.46,0.71
encore,word,2,2,0,0,1,0,0,1,3,3,0,12,0.17,0.00,0.08,0.25,0.25,0.00,0.17,0.00,0.08,0.00,0.00,2.46,0.71
penser,lemma,0,3,0,1,0,1,0,1,0,2,2,10,0.30,0.10,0.10,0.00,0.20,0.20,0.00,0.00,0.00,0.10,0.00,2.45,0.71
œil,lemma,0,5,0,1,1,1,0,3,1,5,0,17,0.29,0.06,0.18,0.06,0.29,0.00,0.00,0.00,0.06,0.06,0.00,2.44,0.71
soi,lemma,0,51,1,2,5,2,0,27,52,9,26,175,0.29,0.01,0.15,0.30,0.05,0.15,0.00,0.01,0.03,0.01,0.00,2.42,0.70
crié,word,0,2,0,1,1,0,0,1,3,0,1,9,0.22,0.11,0.11,0.33,0.00,0.11,0.00,0.00,0.11,0.00,0.00,2.42,0.70
pu,word,0,2,0,1,0,0,0,3,1,1,3,11,0.18,0.09,0.27,0.09,0.09,0.27,0.00,0.00,0.00,0.00,0.00,2.41,0.70
exploser,lemma,1,1,0,1,0,1,0,1,3,0,0,8,0.12,0.12,0.12,0.38,0.00,0.00,0.12,0.00,0.00,0.12,0.00,2.41,0.70
aimer,lemma,0,5,0,3,2,1,0,2,0,0,5,18,0.28,0.17,0.11,0.00,0.00,0.28,0.00,0.00,0.11,0.06,0.00,2.39,0.69
venir,lemma,0,3,0,0,1,1,0,3,1,0,1,10,0.30,0.00,0.30,0.10,0.00,0.10,0.00,0.00,0.10,0.10,0.00,2.37,0.69
fou,lemma,1,8,0,1,1,0,0,3,3,7,0,24,0.33,0.04,0.12,0.12,0.29,0.00,0.04,0.00,0.04,0.00,0.00,2.37,0.69
chose,word,0,4,0,0,1,1,0,2,0,1,3,12,0.33,0.00,0.17,0.00,0.08,0.25,0.00,0.00,0.08,0.08,0.00,2.36,0.68
coup,lemma,0,5,0,0,0,1,0,3,5,1,4,19,0.26,0.00,0.16,0.26,0.05,0.21,0.00,0.00,0.00,0.05,0.00,2.35,0.68
premier,lemma,2,1,0,0,0,5,0,7,0,5,2,22,0.05,0.00,0.32,0.00,0.23,0.09,0.09,0.00,0.00,0.23,0.00,2.33,0.67
battre,lemma,0,4,0,0,1,1,0,4,3,1,0,14,0.29,0.00,0.29,0.21,0.07,0.00,0.00,0.00,0.07,0.07,0.00,2.32,0.67
vraiment,word,1,1,0,0,0,1,0,0,1,2,4,10,0.10,0.00,0.00,0.10,0.20,0.40,0.10,0.00,0.00,0.10,0.00,2.32,0.67
vraiment,lemma,1,1,0,0,0,1,0,0,1,2,4,10,0.10,0.00,0.00,0.10,0.20,0.40,0.10,0.00,0.00,0.10,0.00,2.32,0.67
explosé,word,1,1,0,1,0,1,0,1,0,0,0,5,0.20,0.20,0.20,0.00,0.00,0.00,0.20,0.00,0.00,0.20,0.00,2.32,0.67
vrai,word,1,1,0,0,0,1,0,1,0,1,0,5,0.20,0.00,0.20,0.00,0.20,0.00,0.20,0.00,0.00,0.20,0.00,2.32,0.67
suivre,lemma,1,1,0,0,0,1,0,1,0,1,0,5,0.20,0.00,0.20,0.00,0.20,0.00,0.20,0.00,0.00,0.20,0.00,2.32,0.67
seul,word,1,1,0,0,1,1,0,0,0,0,1,5,0.20,0.00,0.00,0.00,0.00,0.20,0.20,0.00,0.20,0.20,0.00,2.32,0.67
vivre,lemma,0,3,0,0,1,1,0,2,1,0,5,13,0.23,0.00,0.15,0.08,0.00,0.38,0.00,0.00,0.08,0.08,0.00,2.29,0.66
mort,word,1,2,0,0,1,0,0,1,4,1,8,18,0.11,0.00,0.06,0.22,0.06,0.44,0.06,0.00,0.06,0.00,0.00,2.28,0.66
jour,lemma,0,1,0,1,0,1,0,4,1,0,1,9,0.11,0.11,0.44,0.11,0.00,0.11,0.00,0.00,0.00,0.11,0.00,2.28,0.66
argent,lemma,0,8,0,1,0,1,0,1,1,2,3,17,0.47,0.06,0.06,0.06,0.12,0.18,0.00,0.00,0.00,0.06,0.00,2.28,0.66
crier,lemma,0,5,0,1,1,0,0,2,8,1,1,19,0.26,0.05,0.11,0.42,0.05,0.05,0.00,0.00,0.05,0.00,0.00,2.27,0.66
avant,lemma,1,0,0,1,0,0,0,1,0,2,1,6,0.00,0.17,0.17,0.00,0.33,0.17,0.17,0.00,0.00,0.00,0.00,2.25,0.65
danseur,lemma,1,0,0,0,0,1,0,2,1,0,1,6,0.00,0.00,0.33,0.17,0.00,0.17,0.17,0.00,0.00,0.17,0.00,2.25,0.65
avant,word,1,0,0,1,0,0,0,1,0,2,1,6,0.00,0.17,0.17,0.00,0.33,0.17,0.17,0.00,0.00,0.00,0.00,2.25,0.65
vite,lemma,0,1,0,0,2,0,0,2,2,0,1,8,0.12,0.00,0.25,0.25,0.00,0.12,0.00,0.00,0.25,0.00,0.00,2.25,0.65
vite,word,0,1,0,0,2,0,0,2,2,0,1,8,0.12,0.00,0.25,0.25,0.00,0.12,0.00,0.00,0.25,0.00,0.00,2.25,0.65
vrai,lemma,1,1,0,0,0,2,0,2,0,1,0,7,0.14,0.00,0.29,0.00,0.14,0.00,0.14,0.00,0.00,0.29,0.00,2.24,0.65
confiance,lemma,0,1,0,0,1,0,0,2,1,0,2,7,0.14,0.00,0.29,0.14,0.00,0.29,0.00,0.00,0.14,0.00,0.00,2.24,0.65
confiance,word,0,1,0,0,1,0,0,2,1,0,2,7,0.14,0.00,0.29,0.14,0.00,0.29,0.00,0.00,0.14,0.00,0.00,2.24,0.65
an,lemma,1,2,0,0,1,0,0,0,0,1,2,7,0.29,0.00,0.00,0.00,0.14,0.29,0.14,0.00,0.14,0.00,0.00,2.24,0.65
ans,word,1,2,0,0,1,0,0,0,0,1,2,7,0.29,0.00,0.00,0.00,0.14,0.29,0.14,0.00,0.14,0.00,0.00,2.24,0.65
beaucoup,word,1,2,0,0,0,0,0,2,0,1,1,7,0.29,0.00,0.29,0.00,0.14,0.14,0.14,0.00,0.00,0.00,0.00,2.24,0.65
beaucoup,lemma,1,2,0,0,0,0,0,2,0,1,1,7,0.29,0.00,0.29,0.00,0.14,0.14,0.14,0.00,0.00,0.00,0.00,2.24,0.65
deux,word,0,2,0,0,0,0,0,3,1,2,3,11,0.18,0.00,0.27,0.09,0.18,0.27,0.00,0.00,0.00,0.00,0.00,2.23,0.64
deux,lemma,0,2,0,0,0,0,0,3,1,2,3,11,0.18,0.00,0.27,0.09,0.18,0.27,0.00,0.00,0.00,0.00,0.00,2.23,0.64
parler,lemma,1,11,0,1,1,0,0,1,2,1,2,20,0.55,0.05,0.05,0.10,0.05,0.10,0.05,0.00,0.05,0.00,0.00,2.22,0.64
c'est,word,0,20,0,2,0,2,0,10,1,3,9,47,0.43,0.04,0.21,0.02,0.06,0.19,0.00,0.00,0.00,0.04,0.00,2.22,0.64
première,word,2,0,0,0,0,2,0,5,0,4,2,15,0.00,0.00,0.33,0.00,0.27,0.13,0.13,0.00,0.00,0.13,0.00,2.20,0.64
pays,word,0,2,0,0,0,2,0,1,3,0,1,9,0.22,0.00,0.11,0.33,0.00,0.11,0.00,0.00,0.00,0.22,0.00,2.20,0.64
pays,lemma,0,2,0,0,0,2,0,1,3,0,1,9,0.22,0.00,0.11,0.33,0.00,0.11,0.00,0.00,0.00,0.22,0.00,2.20,0.64
!,punctuation,28,100,0,12,4,23,1,146,13,349,33,709,0.14,0.02,0.21,0.02,0.49,0.05,0.04,0.00,0.01,0.03,0.00,2.18,0.63
qu'il,word,0,1,0,0,0,0,0,1,3,2,3,10,0.10,0.00,0.10,0.30,0.20,0.30,0.00,0.00,0.00,0.00,0.00,2.17,0.63
fort,lemma,1,3,0,0,1,1,0,0,2,0,0,8,0.38,0.00,0.00,0.25,0.00,0.00,0.12,0.00,0.12,0.12,0.00,2.16,0.62
coup,word,0,2,0,0,0,1,0,3,1,1,0,8,0.25,0.00,0.38,0.12,0.12,0.00,0.00,0.00,0.00,0.12,0.00,2.16,0.62
parle,word,1,3,0,1,0,0,0,0,1,0,2,8,0.38,0.12,0.00,0.12,0.00,0.25,0.12,0.00,0.00,0.00,0.00,2.16,0.62
unique,word,1,0,0,0,0,3,0,2,0,1,1,8,0.00,0.00,0.25,0.00,0.12,0.12,0.12,0.00,0.00,0.38,0.00,2.16,0.62
falloir,lemma,0,5,0,0,0,0,0,5,2,1,4,17,0.29,0.00,0.29,0.12,0.06,0.24,0.00,0.00,0.00,0.00,0.00,2.13,0.62
malade,word,0,1,0,0,0,0,0,1,3,1,1,7,0.14,0.00,0.14,0.43,0.14,0.14,0.00,0.00,0.00,0.00,0.00,2.13,0.62
prendre,lemma,0,7,0,1,1,0,0,0,8,2,2,21,0.33,0.05,0.00,0.38,0.10,0.10,0.00,0.00,0.05,0.00,0.00,2.12,0.61
sentir,lemma,0,0,0,0,1,0,0,4,2,1,2,10,0.00,0.00,0.40,0.20,0.10,0.20,0.00,0.00,0.10,0.00,0.00,2.12,0.61
imposer,lemma,0,2,0,0,0,1,0,1,4,0,2,10,0.20,0.00,0.10,0.40,0.00,0.20,0.00,0.00,0.00,0.10,0.00,2.12,0.61
voir,word,0,4,0,1,0,2,0,3,1,0,0,11,0.36,0.09,0.27,0.09,0.00,0.00,0.00,0.00,0.00,0.18,0.00,2.12,0.61
temps,lemma,0,1,0,0,0,0,0,3,1,1,3,9,0.11,0.00,0.33,0.11,0.11,0.33,0.00,0.00,0.00,0.00,0.00,2.11,0.61
temps,word,0,1,0,0,0,0,0,3,1,1,3,9,0.11,0.00,0.33,0.11,0.11,0.33,0.00,0.00,0.00,0.00,0.00,2.11,0.61
école,lemma,0,1,0,0,0,1,0,1,3,0,3,9,0.11,0.00,0.11,0.33,0.00,0.33,0.00,0.00,0.00,0.11,0.00,2.11,0.61
mort,lemma,1,4,0,0,1,0,0,1,7,1,14,29,0.14,0.00,0.03,0.24,0.03,0.48,0.03,0.00,0.03,0.00,0.00,2.07,0.60
silence,lemma,0,1,0,0,1,0,0,0,1,2,4,9,0.11,0.00,0.00,0.11,0.22,0.44,0.00,0.00,0.11,0.00,0.00,2.06,0.60
silence,word,0,1,0,0,1,0,0,0,1,2,4,9,0.11,0.00,0.00,0.11,0.22,0.44,0.00,0.00,0.11,0.00,0.00,2.06,0.60
mot,lemma,1,0,0,0,0,1,0,4,0,1,2,9,0.00,0.00,0.44,0.00,0.11,0.22,0.11,0.00,0.00,0.11,0.00,2.06,0.60
arriver,lemma,1,1,0,0,0,0,0,0,1,4,3,10,0.10,0.00,0.00,0.10,0.40,0.30,0.10,0.00,0.00,0.00,0.00,2.05,0.59
faut,word,0,2,0,0,0,0,0,5,1,1,2,11,0.18,0.00,0.45,0.09,0.09,0.18,0.00,0.00,0.00,0.00,0.00,2.04,0.59
bon,word,0,4,0,0,1,2,0,14,1,1,2,25,0.16,0.00,0.56,0.04,0.04,0.08,0.00,0.00,0.04,0.08,0.00,2.03,0.59
difficile,lemma,0,2,0,1,3,0,0,0,5,2,14,27,0.07,0.04,0.00,0.19,0.07,0.52,0.00,0.00,0.11,0.00,0.00,2.03,0.59
passer,lemma,0,0,0,1,0,0,0,3,6,3,1,14,0.00,0.07,0.21,0.43,0.21,0.07,0.00,0.00,0.00,0.00,0.00,2.02,0.58
avance,lemma,0,0,0,1,1,0,0,1,1,0,0,4,0.00,0.25,0.25,0.25,0.00,0.00,0.00,0.00,0.25,0.00,0.00,2.00,0.58
manger,word,0,1,0,1,0,0,0,0,1,0,1,4,0.25,0.25,0.00,0.25,0.00,0.25,0.00,0.00,0.00,0.00,0.00,2.00,0.58
longtemps,lemma,0,0,0,0,0,1,0,1,1,0,1,4,0.00,0.00,0.25,0.25,0.00,0.25,0.00,0.00,0.00,0.25,0.00,2.00,0.58
longtemps,word,0,0,0,0,0,1,0,1,1,0,1,4,0.00,0.00,0.25,0.25,0.00,0.25,0.00,0.00,0.00,0.25,0.00,2.00,0.58
arracher,lemma,0,1,0,0,0,0,0,0,1,1,1,4,0.25,0.00,0.00,0.25,0.25,0.25,0.00,0.00,0.00,0.00,0.00,2.00,0.58
grandes,word,0,1,0,0,0,1,0,1,1,0,0,4,0.25,0.00,0.25,0.25,0.00,0.00,0.00,0.00,0.00,0.25,0.00,2.00,0.58
tombe,word,0,0,0,0,1,0,0,1,0,1,1,4,0.00,0.00,0.25,0.00,0.25,0.25,0.00,0.00,0.25,0.00,0.00,2.00,0.58
tomber,lemma,0,0,0,0,1,0,0,1,1,1,4,8,0.00,0.00,0.12,0.12,0.12,0.50,0.00,0.00,0.12,0.00,0.00,2.00,0.58
sauter,lemma,0,0,0,0,0,0,0,1,1,1,1,4,0.00,0.00,0.25,0.25,0.25,0.25,0.00,0.00,0.00,0.00,0.00,2.00,0.58
essayer,lemma,0,0,0,0,0,1,0,1,1,0,1,4,0.00,0.00,0.25,0.25,0.00,0.25,0.00,0.00,0.00,0.25,0.00,2.00,0.58
entendre,lemma,0,4,0,0,1,0,0,0,1,1,1,8,0.50,0.00,0.00,0.12,0.12,0.12,0.00,0.00,0.12,0.00,0.00,2.00,0.58
aime,word,0,1,0,1,1,0,0,1,0,0,0,4,0.25,0.25,0.25,0.00,0.00,0.00,0.00,0.00,0.25,0.00,0.00,2.00,0.58
carrément,word,0,1,0,0,0,1,0,1,0,0,1,4,0.25,0.00,0.25,0.00,0.00,0.25,0.00,0.00,0.00,0.25,0.00,2.00,0.58
carrément,lemma,0,1,0,0,0,1,0,1,0,0,1,4,0.25,0.00,0.25,0.00,0.00,0.25,0.00,0.00,0.00,0.25,0.00,2.00,0.58
bouche,word,1,1,0,0,0,0,0,1,0,1,0,4,0.25,0.00,0.25,0.00,0.25,0.00,0.25,0.00,0.00,0.00,0.00,2.00,0.58
comment,word,0,1,0,0,1,0,0,0,1,0,1,4,0.25,0.00,0.00,0.25,0.00,0.25,0.00,0.00,0.25,0.00,0.00,2.00,0.58
bouche,lemma,1,1,0,0,0,0,0,1,0,1,0,4,0.25,0.00,0.25,0.00,0.25,0.00,0.25,0.00,0.00,0.00,0.00,2.00,0.58
suivie,word,1,0,0,0,0,1,0,1,0,1,0,4,0.00,0.00,0.25,0.00,0.25,0.00,0.25,0.00,0.00,0.25,0.00,2.00,0.58
comment,lemma,0,1,0,0,1,0,0,0,1,0,1,4,0.25,0.00,0.00,0.25,0.00,0.25,0.00,0.00,0.25,0.00,0.00,2.00,0.58
record,lemma,6,0,0,0,0,6,0,6,0,5,0,23,0.00,0.00,0.26,0.00,0.22,0.00,0.26,0.00,0.00,0.26,0.00,2.00,0.58
prix,lemma,1,6,0,0,0,6,0,6,0,1,0,20,0.30,0.00,0.30,0.00,0.05,0.00,0.05,0.00,0.00,0.30,0.00,2.00,0.58
?,punctuation,1,42,0,2,0,1,0,2,13,36,4,101,0.42,0.02,0.02,0.13,0.36,0.04,0.01,0.00,0.00,0.01,0.00,1.98,0.57
jouer,lemma,0,2,0,0,0,2,0,3,0,0,2,9,0.22,0.00,0.33,0.00,0.00,0.22,0.00,0.00,0.00,0.22,0.00,1.97,0.57
record,word,6,0,0,0,0,4,0,4,0,4,0,18,0.00,0.00,0.22,0.00,0.22,0.00,0.33,0.00,0.00,0.22,0.00,1.97,0.57
chose,lemma,0,5,0,0,1,0,0,1,0,1,3,11,0.45,0.00,0.09,0.00,0.09,0.27,0.00,0.00,0.09,0.00,0.00,1.97,0.57
yeux,word,0,1,0,0,1,0,0,2,1,5,0,10,0.10,0.00,0.20,0.10,0.50,0.00,0.00,0.00,0.10,0.00,0.00,1.96,0.57
malade,lemma,0,1,0,0,0,0,0,1,5,1,2,10,0.10,0.00,0.10,0.50,0.10,0.20,0.00,0.00,0.00,0.00,0.00,1.96,0.57
cp,word,0,2,0,2,0,1,0,0,2,0,0,7,0.29,0.29,0.00,0.29,0.00,0.00,0.00,0.00,0.00,0.14,0.00,1.95,0.56
tenir,lemma,0,2,0,0,1,0,0,2,0,2,0,7,0.29,0.00,0.29,0.00,0.29,0.00,0.00,0.00,0.14,0.00,0.00,1.95,0.56
savoir,lemma,0,8,0,1,1,1,0,2,1,0,0,14,0.57,0.07,0.14,0.07,0.00,0.00,0.00,0.00,0.07,0.07,0.00,1.95,0.56
cp,lemma,0,2,0,2,0,1,0,0,2,0,0,7,0.29,0.29,0.00,0.29,0.00,0.00,0.00,0.00,0.00,0.14,0.00,1.95,0.56
impressionner,lemma,2,0,0,0,0,2,0,1,0,2,0,7,0.00,0.00,0.14,0.00,0.29,0.00,0.29,0.00,0.00,0.29,0.00,1.95,0.56
demande,word,0,2,0,0,0,0,0,1,2,0,2,7,0.29,0.00,0.14,0.29,0.00,0.29,0.00,0.00,0.00,0.00,0.00,1.95,0.56
histoire,lemma,0,1,0,0,0,2,0,2,0,2,0,7,0.14,0.00,0.29,0.00,0.29,0.00,0.00,0.00,0.00,0.29,0.00,1.95,0.56
prix,word,1,6,0,0,0,8,0,8,0,1,0,24,0.25,0.00,0.33,0.00,0.04,0.00,0.04,0.00,0.00,0.33,0.00,1.94,0.56
qu'est-ce,word,0,2,0,0,0,0,0,0,3,4,2,11,0.18,0.00,0.00,0.27,0.36,0.18,0.00,0.00,0.00,0.00,0.00,1.94,0.56
remporté,word,2,0,0,0,0,7,0,11,0,2,2,24,0.00,0.00,0.46,0.00,0.08,0.08,0.08,0.00,0.00,0.29,0.00,1.93,0.56
déjà,word,4,1,0,0,0,2,0,3,0,10,0,20,0.05,0.00,0.15,0.00,0.50,0.00,0.20,0.00,0.00,0.10,0.00,1.92,0.56
déjà,lemma,4,1,0,0,0,2,0,3,0,10,0,20,0.05,0.00,0.15,0.00,0.50,0.00,0.20,0.00,0.00,0.10,0.00,1.92,0.56
important,lemma,1,0,0,0,0,2,0,1,1,0,0,5,0.00,0.00,0.20,0.20,0.00,0.00,0.20,0.00,0.00,0.40,0.00,1.92,0.56
feu,lemma,0,1,0,0,0,1,0,1,2,0,0,5,0.20,0.00,0.20,0.40,0.00,0.00,0.00,0.00,0.00,0.20,0.00,1.92,0.56
tête,word,0,1,0,0,1,0,0,1,2,0,0,5,0.20,0.00,0.20,0.40,0.00,0.00,0.00,0.00,0.20,0.00,0.00,1.92,0.56
exploits,word,2,0,0,0,0,1,0,1,0,1,0,5,0.00,0.00,0.20,0.00,0.20,0.00,0.40,0.00,0.00,0.20,0.00,1.92,0.56
fort,word,1,0,0,0,1,1,0,0,2,0,0,5,0.00,0.00,0.00,0.40,0.00,0.00,0.20,0.00,0.20,0.20,0.00,1.92,0.56
premier,word,0,1,0,0,0,2,0,1,0,1,0,5,0.20,0.00,0.20,0.00,0.20,0.00,0.00,0.00,0.00,0.40,0.00,1.92,0.56
pardon,lemma,0,0,1,0,1,0,0,1,0,0,2,5,0.00,0.00,0.20,0.00,0.00,0.40,0.00,0.20,0.20,0.00,0.00,1.92,0.56
vivre,word,0,2,0,0,0,1,0,1,0,0,1,5,0.40,0.00,0.20,0.00,0.00,0.20,0.00,0.00,0.00,0.20,0.00,1.92,0.56
tas,word,0,1,0,2,0,1,0,1,0,0,0,5,0.20,0.40,0.20,0.00,0.00,0.00,0.00,0.00,0.00,0.20,0.00,1.92,0.56
unique,lemma,1,0,0,0,0,2,0,1,0,1,0,5,0.00,0.00,0.20,0.00,0.20,0.00,0.20,0.00,0.00,0.40,0.00,1.92,0.56
école,word,0,1,0,0,0,1,0,1,0,0,2,5,0.20,0.00,0.20,0.00,0.00,0.40,0.00,0.00,0.00,0.20,0.00,1.92,0.56
porter,word,0,2,0,0,0,0,0,1,0,1,1,5,0.40,0.00,0.20,0.00,0.20,0.20,0.00,0.00,0.00,0.00,0.00,1.92,0.56
l'occasion,word,0,0,0,0,1,1,0,2,0,0,1,5,0.00,0.00,0.40,0.00,0.00,0.20,0.00,0.00,0.20,0.20,0.00,1.92,0.56
immense,word,1,1,0,0,0,0,0,1,2,0,0,5,0.20,0.00,0.20,0.40,0.00,0.00,0.20,0.00,0.00,0.00,0.00,1.92,0.56
sais,word,0,2,0,1,0,1,0,1,0,0,0,5,0.40,0.20,0.20,0.00,0.00,0.00,0.00,0.00,0.00,0.20,0.00,1.92,0.56
immense,lemma,1,1,0,0,0,0,0,1,2,0,0,5,0.20,0.00,0.20,0.40,0.00,0.00,0.20,0.00,0.00,0.00,0.00,1.92,0.56
jour,word,0,0,0,1,0,1,0,2,1,0,0,5,0.00,0.20,0.40,0.20,0.00,0.00,0.00,0.00,0.00,0.20,0.00,1.92,0.56
mains,word,0,1,0,0,0,1,0,2,1,0,0,5,0.20,0.00,0.40,0.20,0.00,0.00,0.00,0.00,0.00,0.20,0.00,1.92,0.56
manger,lemma,0,1,0,1,0,0,0,0,1,0,2,5,0.20,0.20,0.00,0.20,0.00,0.40,0.00,0.00,0.00,0.00,0.00,1.92,0.56
tas,lemma,0,1,0,2,0,1,0,1,0,0,0,5,0.20,0.40,0.20,0.00,0.00,0.00,0.00,0.00,0.00,0.20,0.00,1.92,0.56
battre,word,0,2,0,0,1,0,0,1,1,0,0,5,0.40,0.00,0.20,0.20,0.00,0.00,0.00,0.00,0.20,0.00,0.00,1.92,0.56
pardon,word,0,0,1,0,1,0,0,1,0,0,2,5,0.00,0.00,0.20,0.00,0.00,0.40,0.00,0.20,0.20,0.00,0.00,1.92,0.56
passer,word,0,0,0,1,0,0,0,2,0,1,1,5,0.00,0.20,0.40,0.00,0.20,0.20,0.00,0.00,0.00,0.00,0.00,1.92,0.56
rare,lemma,1,0,0,0,0,1,0,1,0,2,0,5,0.00,0.00,0.20,0.00,0.40,0.00,0.20,0.00,0.00,0.20,0.00,1.92,0.56
rendu,word,2,0,0,0,0,0,0,1,0,1,1,5,0.00,0.00,0.20,0.00,0.20,0.20,0.40,0.00,0.00,0.00,0.00,1.92,0.56
montrer,lemma,0,1,0,2,0,2,0,1,0,0,0,6,0.17,0.33,0.17,0.00,0.00,0.00,0.00,0.00,0.00,0.33,0.00,1.92,0.55
continuer,lemma,0,2,0,1,0,0,0,0,2,0,1,6,0.33,0.17,0.00,0.33,0.00,0.17,0.00,0.00,0.00,0.00,0.00,1.92,0.55
rester,lemma,0,2,0,0,0,0,0,2,1,0,1,6,0.33,0.00,0.33,0.17,0.00,0.17,0.00,0.00,0.00,0.00,0.00,1.92,0.55
devenir,lemma,0,0,0,0,0,0,0,2,2,1,1,6,0.00,0.00,0.33,0.33,0.17,0.17,0.00,0.00,0.00,0.00,0.00,1.92,0.55
empêcher,lemma,0,1,0,0,0,0,0,2,3,0,2,8,0.12,0.00,0.25,0.38,0.00,0.25,0.00,0.00,0.00,0.00,0.00,1.91,0.55
peu,lemma,0,3,0,2,0,0,0,0,1,2,0,8,0.38,0.25,0.00,0.12,0.25,0.00,0.00,0.00,0.00,0.00,0.00,1.91,0.55
mauvaises,word,0,3,0,0,1,0,0,0,2,0,2,8,0.38,0.00,0.00,0.25,0.00,0.25,0.00,0.00,0.12,0.00,0.00,1.91,0.55
peu,word,0,3,0,2,0,0,0,0,1,2,0,8,0.38,0.25,0.00,0.12,0.25,0.00,0.00,0.00,0.00,0.00,0.00,1.91,0.55
rendre,lemma,4,1,0,0,0,0,0,1,0,1,6,13,0.08,0.00,0.08,0.00,0.08,0.46,0.31,0.00,0.00,0.00,0.00,1.89,0.55
demander,lemma,0,5,0,0,0,0,0,2,4,0,2,13,0.38,0.00,0.15,0.31,0.00,0.15,0.00,0.00,0.00,0.00,0.00,1.88,0.54
médailles,word,3,0,0,0,0,7,0,7,0,3,0,20,0.00,0.00,0.35,0.00,0.15,0.00,0.15,0.00,0.00,0.35,0.00,1.88,0.54
remporte,word,2,0,0,0,0,4,0,7,0,4,0,17,0.00,0.00,0.41,0.00,0.24,0.00,0.12,0.00,0.00,0.24,0.00,1.87,0.54
fou,word,1,6,0,1,1,0,0,0,0,5,0,14,0.43,0.07,0.00,0.00,0.36,0.00,0.07,0.00,0.07,0.00,0.00,1.87,0.54
travail,lemma,0,4,0,0,0,0,0,1,2,0,3,10,0.40,0.00,0.10,0.20,0.00,0.30,0.00,0.00,0.00,0.00,0.00,1.85,0.53
chasser,lemma,0,2,0,0,1,0,0,0,4,0,3,10,0.20,0.00,0.00,0.40,0.00,0.30,0.00,0.00,0.10,0.00,0.00,1.85,0.53
juif,lemma,0,3,0,2,0,0,0,0,1,0,1,7,0.43,0.29,0.00,0.14,0.00,0.14,0.00,0.00,0.00,0.00,0.00,1.84,0.53
énorme,lemma,3,0,0,1,0,0,0,2,0,1,0,7,0.00,0.14,0.29,0.00,0.14,0.00,0.43,0.00,0.00,0.00,0.00,1.84,0.53
rare,word,2,0,0,0,0,1,0,1,0,3,0,7,0.00,0.00,0.14,0.00,0.43,0.00,0.29,0.00,0.00,0.14,0.00,1.84,0.53
occasion,lemma,0,0,0,0,1,2,0,3,0,0,1,7,0.00,0.00,0.43,0.00,0.00,0.14,0.00,0.00,0.14,0.29,0.00,1.84,0.53
air,lemma,0,2,0,1,0,0,0,3,0,1,0,7,0.29,0.14,0.43,0.00,0.14,0.00,0.00,0.00,0.00,0.00,0.00,1.84,0.53
travail,word,0,4,0,0,0,0,0,1,2,0,2,9,0.44,0.00,0.11,0.22,0.00,0.22,0.00,0.00,0.00,0.00,0.00,1.84,0.53
grave,lemma,0,8,0,1,0,0,0,1,13,0,13,36,0.22,0.03,0.03,0.36,0.00,0.36,0.00,0.00,0.00,0.00,0.00,1.83,0.53
mauvais,lemma,0,10,0,0,2,0,0,0,5,0,7,24,0.42,0.00,0.00,0.21,0.00,0.29,0.00,0.00,0.08,0.00,0.00,1.81,0.52
peine,word,0,3,0,0,0,0,0,1,1,0,3,8,0.38,0.00,0.12,0.12,0.00,0.38,0.00,0.00,0.00,0.00,0.00,1.81,0.52
mieux,lemma,1,0,0,0,0,3,0,3,0,0,1,8,0.00,0.00,0.38,0.00,0.00,0.12,0.12,0.00,0.00,0.38,0.00,1.81,0.52
disparaître,lemma,0,1,0,0,0,0,0,0,3,1,3,8,0.12,0.00,0.00,0.38,0.12,0.38,0.00,0.00,0.00,0.00,0.00,1.81,0.52
recevoir,lemma,0,1,0,0,0,3,0,3,1,0,0,8,0.12,0.00,0.38,0.12,0.00,0.00,0.00,0.00,0.00,0.38,0.00,1.81,0.52
mieux,word,1,0,0,0,0,3,0,3,0,0,1,8,0.00,0.00,0.38,0.00,0.00,0.12,0.12,0.00,0.00,0.38,0.00,1.81,0.52
honneur,lemma,3,1,0,0,0,3,0,1,0,0,0,8,0.12,0.00,0.12,0.00,0.00,0.00,0.38,0.00,0.00,0.38,0.00,1.81,0.52
mettre,lemma,0,8,0,0,0,0,0,2,4,0,3,17,0.47,0.00,0.12,0.24,0.00,0.18,0.00,0.00,0.00,0.00,0.00,1.81,0.52
vie,lemma,0,10,0,0,0,0,0,11,3,0,4,28,0.36,0.00,0.39,0.11,0.00,0.14,0.00,0.00,0.00,0.00,0.00,1.81,0.52
exploit,lemma,12,0,0,0,0,5,0,5,0,3,0,25,0.00,0.00,0.20,0.00,0.12,0.00,0.48,0.00,0.00,0.20,0.00,1.80,0.52
petit,lemma,0,0,1,0,0,2,0,9,1,0,3,16,0.00,0.00,0.56,0.06,0.00,0.19,0.00,0.06,0.00,0.12,0.00,1.79,0.52
moquer,lemma,0,1,0,1,3,0,0,0,1,0,0,6,0.17,0.17,0.00,0.17,0.00,0.00,0.00,0.00,0.50,0.00,0.00,1.79,0.52
énorme,word,3,0,0,1,0,0,0,1,0,1,0,6,0.00,0.17,0.17,0.00,0.17,0.00,0.50,0.00,0.00,0.00,0.00,1.79,0.52
blessé,lemma,0,1,0,0,1,0,0,0,3,0,1,6,0.17,0.00,0.00,0.50,0.00,0.17,0.00,0.00,0.17,0.00,0.00,1.79,0.52
blague,word,0,3,0,1,0,0,0,1,0,1,0,6,0.50,0.17,0.17,0.00,0.17,0.00,0.00,0.00,0.00,0.00,0.00,1.79,0.52
fous,word,0,1,0,0,0,0,0,1,3,1,0,6,0.17,0.00,0.17,0.50,0.17,0.00,0.00,0.00,0.00,0.00,0.00,1.79,0.52
seul,lemma,0,1,0,0,1,1,0,0,0,0,3,6,0.17,0.00,0.00,0.00,0.00,0.50,0.00,0.00,0.17,0.17,0.00,1.79,0.52
voix,lemma,0,1,0,0,0,0,0,0,3,1,1,6,0.17,0.00,0.00,0.50,0.17,0.17,0.00,0.00,0.00,0.00,0.00,1.79,0.52
voix,word,0,1,0,0,0,0,0,0,3,1,1,6,0.17,0.00,0.00,0.50,0.17,0.17,0.00,0.00,0.00,0.00,0.00,1.79,0.52
n'est,word,0,3,0,0,0,1,0,1,0,1,0,6,0.50,0.00,0.17,0.00,0.17,0.00,0.00,0.00,0.00,0.17,0.00,1.79,0.52
vie,word,0,10,0,0,0,0,0,12,3,0,4,29,0.34,0.00,0.41,0.10,0.00,0.14,0.00,0.00,0.00,0.00,0.00,1.79,0.52
grave,word,0,4,0,1,0,0,0,1,12,0,11,29,0.14,0.03,0.03,0.41,0.00,0.38,0.00,0.00,0.00,0.00,0.00,1.79,0.52
exploit,word,11,0,0,0,0,4,0,4,0,3,0,22,0.00,0.00,0.18,0.00,0.14,0.00,0.50,0.00,0.00,0.18,0.00,1.79,0.52
difficiles,word,0,2,0,1,0,0,0,0,4,0,5,12,0.17,0.08,0.00,0.33,0.00,0.42,0.00,0.00,0.00,0.00,0.00,1.78,0.52
victimes,word,0,6,0,0,1,0,0,0,6,0,8,21,0.29,0.00,0.00,0.29,0.00,0.38,0.00,0.00,0.05,0.00,0.00,1.77,0.51
victime,lemma,0,7,0,0,4,0,0,0,14,0,20,45,0.16,0.00,0.00,0.31,0.00,0.44,0.00,0.00,0.09,0.00,0.00,1.77,0.51
frrrintek,word,0,0,0,0,0,0,0,5,2,2,1,10,0.00,0.00,0.50,0.20,0.20,0.10,0.00,0.00,0.00,0.00,0.00,1.76,0.51
mauvais,word,0,5,0,0,1,0,0,0,2,0,2,10,0.50,0.00,0.00,0.20,0.00,0.20,0.00,0.00,0.10,0.00,0.00,1.76,0.51
frrrintek,lemma,0,0,0,0,0,0,0,5,2,2,1,10,0.00,0.00,0.50,0.20,0.20,0.10,0.00,0.00,0.00,0.00,0.00,1.76,0.51
gagner,word,1,0,0,0,0,4,0,3,0,1,0,9,0.00,0.00,0.33,0.00,0.11,0.00,0.11,0.00,0.00,0.44,0.00,1.75,0.51
peine,lemma,0,3,0,0,0,0,0,1,1,0,4,9,0.33,0.00,0.11,0.11,0.00,0.44,0.00,0.00,0.00,0.00,0.00,1.75,0.51
petit,word,0,0,1,0,0,1,0,4,0,0,2,8,0.00,0.00,0.50,0.00,0.00,0.25,0.00,0.12,0.00,0.12,0.00,1.75,0.51
plaindre,lemma,0,4,0,0,0,0,0,1,1,0,2,8,0.50,0.00,0.12,0.12,0.00,0.25,0.00,0.00,0.00,0.00,0.00,1.75,0.51
main,lemma,0,1,0,0,0,1,0,4,2,0,0,8,0.12,0.00,0.50,0.25,0.00,0.00,0.00,0.00,0.00,0.12,0.00,1.75,0.51
star,word,4,0,0,0,0,2,0,1,0,1,0,8,0.00,0.00,0.12,0.00,0.12,0.00,0.50,0.00,0.00,0.25,0.00,1.75,0.51
grande,word,0,0,0,0,0,2,0,4,1,0,1,8,0.00,0.00,0.50,0.12,0.00,0.12,0.00,0.00,0.00,0.25,0.00,1.75,0.51
voler,lemma,0,4,1,0,0,0,0,0,2,0,1,8,0.50,0.00,0.00,0.25,0.00,0.12,0.00,0.12,0.00,0.00,0.00,1.75,0.51
star,lemma,4,0,0,0,0,2,0,1,0,1,0,8,0.00,0.00,0.12,0.00,0.12,0.00,0.50,0.00,0.00,0.25,0.00,1.75,0.51
difficile,word,0,0,0,1,3,0,0,0,1,2,10,17,0.00,0.06,0.00,0.06,0.12,0.59,0.00,0.00,0.18,0.00,0.00,1.74,0.50
bon,lemma,0,5,0,0,1,3,0,28,1,1,4,43,0.12,0.00,0.65,0.02,0.02,0.09,0.00,0.00,0.02,0.07,0.00,1.73,0.50
choqué,word,0,8,0,0,0,0,0,0,4,15,3,30,0.27,0.00,0.00,0.13,0.50,0.10,0.00,0.00,0.00,0.00,0.00,1.73,0.50
croire,lemma,0,7,0,0,0,0,0,3,0,7,1,18,0.39,0.00,0.17,0.00,0.39,0.06,0.00,0.00,0.00,0.00,0.00,1.72,0.50
reçu,word,1,0,0,0,0,4,0,4,0,1,0,10,0.00,0.00,0.40,0.00,0.10,0.00,0.10,0.00,0.00,0.40,0.00,1.72,0.50
monde,lemma,1,0,0,0,0,4,0,9,1,1,0,16,0.00,0.00,0.56,0.06,0.06,0.00,0.06,0.00,0.00,0.25,0.00,1.72,0.50
monde,word,1,0,0,0,0,4,0,9,1,1,0,16,0.00,0.00,0.56,0.06,0.06,0.00,0.06,0.00,0.00,0.25,0.00,1.72,0.50
tué,word,0,6,0,0,0,0,0,0,10,1,5,22,0.27,0.00,0.00,0.45,0.05,0.23,0.00,0.00,0.00,0.00,0.00,1.72,0.50
tuer,lemma,0,11,0,0,0,0,0,0,14,1,9,35,0.31,0.00,0.00,0.40,0.03,0.26,0.00,0.00,0.00,0.00,0.00,1.70,0.49
juste,lemma,0,15,0,1,0,0,0,3,0,1,9,29,0.52,0.03,0.10,0.00,0.03,0.31,0.00,0.00,0.00,0.00,0.00,1.69,0.49
choquer,lemma,0,10,0,0,0,0,0,0,6,21,3,40,0.25,0.00,0.00,0.15,0.53,0.07,0.00,0.00,0.00,0.00,0.00,1.68,0.49
sale,word,0,4,0,5,1,0,0,0,0,0,1,11,0.36,0.45,0.00,0.00,0.00,0.09,0.00,0.00,0.09,0.00,0.00,1.68,0.48
sale,lemma,0,4,0,5,1,0,0,0,0,0,1,11,0.36,0.45,0.00,0.00,0.00,0.09,0.00,0.00,0.09,0.00,0.00,1.68,0.48
parler,word,0,7,0,0,1,0,0,1,1,1,0,11,0.64,0.00,0.09,0.09,0.09,0.00,0.00,0.00,0.09,0.00,0.00,1.67,0.48
chance,word,2,0,0,0,0,1,0,7,0,0,3,13,0.00,0.00,0.54,0.00,0.00,0.23,0.15,0.00,0.00,0.08,0.00,1.67,0.48
chance,lemma,2,0,0,0,0,1,0,7,0,0,3,13,0.00,0.00,0.54,0.00,0.00,0.23,0.15,0.00,0.00,0.08,0.00,1.67,0.48
quel,lemma,1,1,0,0,0,0,0,4,0,1,0,7,0.14,0.00,0.57,0.00,0.14,0.00,0.14,0.00,0.00,0.00,0.00,1.66,0.48
disparu,word,0,1,0,0,0,0,0,0,4,1,1,7,0.14,0.00,0.00,0.57,0.14,0.14,0.00,0.00,0.00,0.00,0.00,1.66,0.48
prend,word,0,4,0,0,1,0,0,0,1,0,1,7,0.57,0.00,0.00,0.14,0.00,0.14,0.00,0.00,0.14,0.00,0.00,1.66,0.48
tête,lemma,0,1,0,0,1,0,0,1,4,0,0,7,0.14,0.00,0.14,0.57,0.00,0.00,0.00,0.00,0.14,0.00,0.00,1.66,0.48
soupirer,lemma,0,1,0,1,0,0,0,0,1,0,4,7,0.14,0.14,0.00,0.14,0.00,0.57,0.00,0.00,0.00,0.00,0.00,1.66,0.48
soupire,word,0,1,0,1,0,0,0,0,1,0,4,7,0.14,0.14,0.00,0.14,0.00,0.57,0.00,0.00,0.00,0.00,0.00,1.66,0.48
juste,word,0,16,0,1,0,0,0,3,0,1,9,30,0.53,0.03,0.10,0.00,0.03,0.30,0.00,0.00,0.00,0.00,0.00,1.66,0.48
fois,lemma,1,1,0,0,0,0,0,5,0,5,0,12,0.08,0.00,0.42,0.00,0.42,0.00,0.08,0.00,0.00,0.00,0.00,1.65,0.48
fois,word,1,1,0,0,0,0,0,5,0,5,0,12,0.08,0.00,0.42,0.00,0.42,0.00,0.08,0.00,0.00,0.00,0.00,1.65,0.48
remporter,lemma,1,0,0,0,0,11,0,21,0,3,2,38,0.00,0.00,0.55,0.00,0.08,0.05,0.03,0.00,0.00,0.29,0.00,1.64,0.47
impressionnant,word,3,0,0,0,0,1,0,0,1,6,0,11,0.00,0.00,0.00,0.09,0.55,0.00,0.27,0.00,0.00,0.09,0.00,1.62,0.47
blague,lemma,0,3,0,1,0,0,0,6,0,1,0,11,0.27,0.09,0.55,0.00,0.09,0.00,0.00,0.00,0.00,0.00,0.00,1.62,0.47
.,punctuation,0,7,0,2,0,0,0,2,0,0,1,12,0.58,0.17,0.17,0.00,0.00,0.08,0.00,0.00,0.00,0.00,0.00,1.61,0.47
harcèlement,word,0,1,0,0,2,0,0,0,7,0,9,19,0.05,0.00,0.00,0.37,0.00,0.47,0.00,0.00,0.11,0.00,0.00,1.61,0.46
arrêter,lemma,0,13,0,2,0,0,0,0,4,0,3,22,0.59,0.09,0.00,0.18,0.00,0.14,0.00,0.00,0.00,0.00,0.00,1.60,0.46
doigt,lemma,0,1,1,0,0,0,0,0,0,0,1,3,0.33,0.00,0.00,0.00,0.00,0.33,0.00,0.33,0.00,0.00,0.00,1.58,0.46
discriminer,word,0,1,0,0,1,0,0,0,0,0,1,3,0.33,0.00,0.00,0.00,0.00,0.33,0.00,0.00,0.33,0.00,0.00,1.58,0.46
difficultés,word,0,1,0,0,0,0,0,0,1,0,1,3,0.33,0.00,0.00,0.33,0.00,0.33,0.00,0.00,0.00,0.00,0.00,1.58,0.46
discriminer,lemma,0,1,0,0,1,0,0,0,0,0,1,3,0.33,0.00,0.00,0.00,0.00,0.33,0.00,0.00,0.33,0.00,0.00,1.58,0.46
émotion,word,1,0,0,0,0,0,0,1,0,0,1,3,0.00,0.00,0.33,0.00,0.00,0.33,0.33,0.00,0.00,0.00,0.00,1.58,0.46
agresser,lemma,0,3,0,0,0,0,0,0,3,0,3,9,0.33,0.00,0.00,0.33,0.00,0.33,0.00,0.00,0.00,0.00,0.00,1.58,0.46
vache,word,0,0,0,1,0,1,0,1,0,0,0,3,0.00,0.33,0.33,0.00,0.00,0.00,0.00,0.00,0.00,0.33,0.00,1.58,0.46
vache,lemma,0,0,0,1,0,1,0,1,0,0,0,3,0.00,0.33,0.33,0.00,0.00,0.00,0.00,0.00,0.00,0.33,0.00,1.58,0.46
avance,word,0,0,0,1,1,0,0,0,1,0,0,3,0.00,0.33,0.00,0.33,0.00,0.00,0.00,0.00,0.33,0.00,0.00,1.58,0.46
aïe,word,0,1,0,0,1,0,0,0,0,0,1,3,0.33,0.00,0.00,0.00,0.00,0.33,0.00,0.00,0.33,0.00,0.00,1.58,0.46
tellement,word,1,1,0,0,0,0,0,1,0,0,0,3,0.33,0.00,0.33,0.00,0.00,0.00,0.33,0.00,0.00,0.00,0.00,1.58,0.46
maîtrise,lemma,0,1,0,0,0,1,0,0,0,0,1,3,0.33,0.00,0.00,0.00,0.00,0.33,0.00,0.00,0.00,0.33,0.00,1.58,0.46
maîtrise,word,0,1,0,0,0,1,0,0,0,0,1,3,0.33,0.00,0.00,0.00,0.00,0.33,0.00,0.00,0.00,0.33,0.00,1.58,0.46
sévèrement,word,1,1,0,0,0,0,0,0,1,0,0,3,0.33,0.00,0.00,0.33,0.00,0.00,0.33,0.00,0.00,0.00,0.00,1.58,0.46
table,lemma,0,1,0,0,0,0,0,1,0,1,0,3,0.33,0.00,0.33,0.00,0.33,0.00,0.00,0.00,0.00,0.00,0.00,1.58,0.46
tellement,lemma,1,1,0,0,0,0,0,1,0,0,0,3,0.33,0.00,0.33,0.00,0.00,0.00,0.33,0.00,0.00,0.00,0.00,1.58,0.46
mordre,lemma,0,0,1,0,0,0,0,0,1,0,1,3,0.00,0.00,0.00,0.33,0.00,0.33,0.00,0.33,0.00,0.00,0.00,1.58,0.46
mondiale,word,0,0,0,0,0,1,0,1,0,0,1,3,0.00,0.00,0.33,0.00,0.00,0.33,0.00,0.00,0.00,0.33,0.00,1.58,0.46
mondial,lemma,0,0,0,0,0,1,0,1,0,0,1,3,0.00,0.00,0.33,0.00,0.00,0.33,0.00,0.00,0.00,0.33,0.00,1.58,0.46
mérite,word,1,1,0,0,0,0,0,0,0,0,1,3,0.33,0.00,0.00,0.00,0.00,0.33,0.33,0.00,0.00,0.00,0.00,1.58,0.46
champs,word,0,1,0,0,0,0,0,0,1,0,1,3,0.33,0.00,0.00,0.33,0.00,0.33,0.00,0.00,0.00,0.00,0.00,1.58,0.46
champ,lemma,0,1,0,0,0,0,0,0,1,0,1,3,0.33,0.00,0.00,0.33,0.00,0.33,0.00,0.00,0.00,0.00,0.00,1.58,0.46
mériter,lemma,0,1,1,0,0,0,0,0,0,0,1,3,0.33,0.00,0.00,0.00,0.00,0.33,0.00,0.33,0.00,0.00,0.00,1.58,0.46
marier,lemma,0,0,0,0,0,0,0,1,0,1,1,3,0.00,0.00,0.33,0.00,0.33,0.33,0.00,0.00,0.00,0.00,0.00,1.58,0.46
ouvert,word,0,1,0,0,0,1,0,0,1,0,0,3,0.33,0.00,0.00,0.33,0.00,0.00,0.00,0.00,0.00,0.33,0.00,1.58,0.46
bée,lemma,1,0,0,0,0,0,0,1,0,1,0,3,0.00,0.00,0.33,0.00,0.33,0.00,0.33,0.00,0.00,0.00,0.00,1.58,0.46
oublier,word,0,0,0,1,0,0,0,1,0,0,1,3,0.00,0.33,0.33,0.00,0.00,0.33,0.00,0.00,0.00,0.00,0.00,1.58,0.46
bée,word,1,0,0,0,0,0,0,1,0,1,0,3,0.00,0.00,0.33,0.00,0.33,0.00,0.33,0.00,0.00,0.00,0.00,1.58,0.46
pire,lemma,0,1,0,0,1,0,0,0,1,0,0,3,0.33,0.00,0.00,0.33,0.00,0.00,0.00,0.00,0.33,0.00,0.00,1.58,0.46
peut-être,word,0,0,1,0,0,0,0,0,1,0,1,3,0.00,0.00,0.00,0.33,0.00,0.33,0.00,0.33,0.00,0.00,0.00,1.58,0.46
pire,word,0,1,0,0,1,0,0,0,1,0,0,3,0.33,0.00,0.00,0.33,0.00,0.00,0.00,0.00,0.33,0.00,0.00,1.58,0.46
plaint,word,0,1,0,0,0,0,0,0,1,0,1,3,0.33,0.00,0.00,0.33,0.00,0.33,0.00,0.00,0.00,0.00,0.00,1.58,0.46
nom,word,0,1,0,1,0,0,0,1,0,0,0,3,0.33,0.33,0.33,0.00,0.00,0.00,0.00,0.00,0.00,0.00,0.00,1.58,0.46
nom,lemma,0,1,0,1,0,0,0,1,0,0,0,3,0.33,0.33,0.33,0.00,0.00,0.00,0.00,0.00,0.00,0.00,0.00,1.58,0.46
pensé,word,0,0,0,1,0,0,0,0,0,1,1,3,0.00,0.33,0.00,0.00,0.33,0.33,0.00,0.00,0.00,0.00,0.00,1.58,0.46
n'ai,word,0,1,0,0,0,0,0,1,0,0,1,3,0.33,0.00,0.33,0.00,0.00,0.33,0.00,0.00,0.00,0.00,0.00,1.58,0.46
prestigieuse,word,1,0,0,0,0,1,0,1,0,0,0,3,0.00,0.00,0.33,0.00,0.00,0.00,0.33,0.00,0.00,0.33,0.00,1.58,0.46
prestigieuse,lemma,1,0,0,0,0,1,0,1,0,0,0,3,0.00,0.00,0.33,0.00,0.00,0.00,0.33,0.00,0.00,0.33,0.00,1.58,0.46
revenir,lemma,0,0,0,0,0,0,0,1,0,1,1,3,0.00,0.00,0.33,0.00,0.33,0.33,0.00,0.00,0.00,0.00,0.00,1.58,0.46
oublier,lemma,0,0,0,1,0,0,0,1,0,0,1,3,0.00,0.33,0.33,0.00,0.00,0.33,0.00,0.00,0.00,0.00,0.00,1.58,0.46
drame,lemma,0,1,0,0,0,0,0,0,1,0,1,3,0.33,0.00,0.00,0.33,0.00,0.33,0.00,0.00,0.00,0.00,0.00,1.58,0.46
partout,word,0,0,0,0,0,1,0,1,0,0,1,3,0.00,0.00,0.33,0.00,0.00,0.33,0.00,0.00,0.00,0.33,0.00,1.58,0.46
pauvres,word,0,2,0,0,0,0,0,0,2,0,2,6,0.33,0.00,0.00,0.33,0.00,0.33,0.00,0.00,0.00,0.00,0.00,1.58,0.46
brûlés,word,0,1,0,0,0,0,0,0,1,0,1,3,0.33,0.00,0.00,0.33,0.00,0.33,0.00,0.00,0.00,0.00,0.00,1.58,0.46
partout,lemma,0,0,0,0,0,1,0,1,0,0,1,3,0.00,0.00,0.33,0.00,0.00,0.33,0.00,0.00,0.00,0.33,0.00,1.58,0.46
emploi,lemma,0,1,0,0,0,0,0,0,0,1,1,3,0.33,0.00,0.00,0.00,0.33,0.33,0.00,0.00,0.00,0.00,0.00,1.58,0.46
danseur,word,0,0,0,0,0,0,0,1,1,0,1,3,0.00,0.00,0.33,0.33,0.00,0.33,0.00,0.00,0.00,0.00,0.00,1.58,0.46
viol,lemma,0,1,0,0,1,0,0,0,1,0,0,3,0.33,0.00,0.00,0.33,0.00,0.00,0.00,0.00,0.33,0.00,0.00,1.58,0.46
devoirs,word,0,1,0,0,0,0,0,1,1,0,0,3,0.33,0.00,0.33,0.33,0.00,0.00,0.00,0.00,0.00,0.00,0.00,1.58,0.46
danseurs,word,1,0,0,0,0,1,0,1,0,0,0,3,0.00,0.00,0.33,0.00,0.00,0.00,0.33,0.00,0.00,0.33,0.00,1.58,0.46
cible,word,0,0,0,0,1,0,0,0,1,0,1,3,0.00,0.00,0.00,0.33,0.00,0.33,0.00,0.00,0.33,0.00,0.00,1.58,0.46
cible,lemma,0,0,0,0,1,0,0,0,1,0,1,3,0.00,0.00,0.00,0.33,0.00,0.33,0.00,0.00,0.33,0.00,0.00,1.58,0.46
rêve,lemma,0,1,0,0,0,0,0,8,1,1,1,12,0.08,0.00,0.67,0.08,0.08,0.08,0.00,0.00,0.00,0.00,0.00,1.58,0.46
rêve,word,0,1,0,0,0,0,0,8,1,1,1,12,0.08,0.00,0.67,0.08,0.08,0.08,0.00,0.00,0.00,0.00,0.00,1.58,0.46
réussir,word,0,1,0,0,0,0,0,0,1,0,1,3,0.33,0.00,0.00,0.33,0.00,0.33,0.00,0.00,0.00,0.00,0.00,1.58,0.46
réussite,lemma,0,0,0,0,0,1,0,1,0,0,1,3,0.00,0.00,0.33,0.00,0.00,0.33,0.00,0.00,0.00,0.33,0.00,1.58,0.46
l'histoire,word,0,0,0,0,0,1,0,1,0,1,0,3,0.00,0.00,0.33,0.00,0.33,0.00,0.00,0.00,0.00,0.33,0.00,1.58,0.46
inventer,lemma,0,0,0,0,0,1,0,1,0,1,0,3,0.00,0.00,0.33,0.00,0.33,0.00,0.00,0.00,0.00,0.33,0.00,1.58,0.46
j'aimerais,word,0,0,0,0,0,1,0,1,0,0,1,3,0.00,0.00,0.33,0.00,0.00,0.33,0.00,0.00,0.00,0.33,0.00,1.58,0.46
jolies,word,0,1,0,0,0,1,0,1,0,0,0,3,0.33,0.00,0.33,0.00,0.00,0.00,0.00,0.00,0.00,0.33,0.00,1.58,0.46
interdits,word,0,1,0,0,0,0,0,0,1,0,1,3,0.33,0.00,0.00,0.33,0.00,0.33,0.00,0.00,0.00,0.00,0.00,1.58,0.46
tribunal,lemma,0,1,0,0,1,0,0,0,1,0,0,3,0.33,0.00,0.00,0.33,0.00,0.00,0.00,0.00,0.33,0.00,0.00,1.58,0.46
trois,word,0,1,0,0,0,1,0,1,0,0,0,3,0.33,0.00,0.33,0.00,0.00,0.00,0.00,0.00,0.00,0.33,0.00,1.58,0.46
trois,lemma,0,1,0,0,0,1,0,1,0,0,0,3,0.33,0.00,0.33,0.00,0.00,0.00,0.00,0.00,0.00,0.33,0.00,1.58,0.46
tribunal,word,0,1,0,0,1,0,0,0,1,0,0,3,0.33,0.00,0.00,0.33,0.00,0.00,0.00,0.00,0.33,0.00,0.00,1.58,0.46
minable,word,0,0,1,0,1,0,0,0,0,0,1,3,0.00,0.00,0.00,0.00,0.00,0.33,0.00,0.33,0.33,0.00,0.00,1.58,0.46
coeur,word,0,0,0,0,0,0,0,1,0,1,1,3,0.00,0.00,0.33,0.00,0.33,0.33,0.00,0.00,0.00,0.00,0.00,1.58,0.46
coeur,lemma,0,0,0,0,0,0,0,1,0,1,1,3,0.00,0.00,0.33,0.00,0.33,0.33,0.00,0.00,0.00,0.00,0.00,1.58,0.46
train,word,0,0,0,0,1,0,0,0,1,0,1,3,0.00,0.00,0.00,0.33,0.00,0.33,0.00,0.00,0.33,0.00,0.00,1.58,0.46
train,lemma,0,0,0,0,1,0,0,0,1,0,1,3,0.00,0.00,0.00,0.33,0.00,0.33,0.00,0.00,0.33,0.00,0.00,1.58,0.46
lutter,lemma,0,0,0,0,1,0,0,0,1,0,1,3,0.00,0.00,0.00,0.33,0.00,0.33,0.00,0.00,0.33,0.00,0.00,1.58,0.46
minable,lemma,0,0,1,0,1,0,0,0,0,0,1,3,0.00,0.00,0.00,0.00,0.00,0.33,0.00,0.33,0.33,0.00,0.00,1.58,0.46
habits,word,0,1,0,0,0,0,0,1,0,0,1,3,0.33,0.00,0.33,0.00,0.00,0.33,0.00,0.00,0.00,0.00,0.00,1.58,0.46
habit,lemma,0,1,0,0,0,0,0,1,0,0,1,3,0.33,0.00,0.33,0.00,0.00,0.33,0.00,0.00,0.00,0.00,0.00,1.58,0.46
guerres,word,0,1,0,0,0,0,0,0,1,0,1,3,0.33,0.00,0.00,0.33,0.00,0.33,0.00,0.00,0.00,0.00,0.00,1.58,0.46
grands,word,0,0,0,0,0,1,0,1,0,1,0,3,0.00,0.00,0.33,0.00,0.33,0.00,0.00,0.00,0.00,0.33,0.00,1.58,0.46
impressionner,word,1,0,0,0,0,1,0,0,0,1,0,3,0.00,0.00,0.00,0.00,0.33,0.00,0.33,0.00,0.00,0.33,0.00,1.58,0.46
insiste,word,0,1,0,0,0,0,0,1,1,0,0,3,0.33,0.00,0.33,0.33,0.00,0.00,0.00,0.00,0.00,0.00,0.00,1.58,0.46
insister,lemma,0,1,0,0,0,0,0,1,1,0,0,3,0.33,0.00,0.33,0.33,0.00,0.00,0.00,0.00,0.00,0.00,0.00,1.58,0.46
insultent,word,0,1,0,0,1,0,0,0,0,0,1,3,0.33,0.00,0.00,0.00,0.00,0.33,0.00,0.00,0.33,0.00,0.00,1.58,0.46
impressionnante,word,1,0,0,0,0,0,0,0,1,1,0,3,0.00,0.00,0.00,0.33,0.33,0.00,0.33,0.00,0.00,0.00,0.00,1.58,0.46
horribles,word,0,0,0,1,0,0,0,0,1,0,1,3,0.00,0.33,0.00,0.33,0.00,0.33,0.00,0.00,0.00,0.00,0.00,1.58,0.46
réussite,word,0,0,0,0,0,1,0,1,0,0,1,3,0.00,0.00,0.33,0.00,0.00,0.33,0.00,0.00,0.00,0.33,0.00,1.58,0.46
révolter,lemma,0,1,0,0,0,0,0,0,1,0,1,3,0.33,0.00,0.00,0.33,0.00,0.33,0.00,0.00,0.00,0.00,0.00,1.58,0.46
stage,word,0,0,0,0,0,0,0,1,1,0,1,3,0.00,0.00,0.33,0.33,0.00,0.33,0.00,0.00,0.00,0.00,0.00,1.58,0.46
complètement,lemma,0,1,0,0,0,0,0,1,0,1,0,3,0.33,0.00,0.33,0.00,0.33,0.00,0.00,0.00,0.00,0.00,0.00,1.58,0.46
complètement,word,0,1,0,0,0,0,0,1,0,1,0,3,0.33,0.00,0.33,0.00,0.33,0.00,0.00,0.00,0.00,0.00,0.00,1.58,0.46
histoire,word,0,0,0,0,0,1,0,1,0,1,0,3,0.00,0.00,0.33,0.00,0.33,0.00,0.00,0.00,0.00,0.33,0.00,1.58,0.46
courir,word,0,1,0,0,0,0,0,0,1,0,1,3,0.33,0.00,0.00,0.33,0.00,0.33,0.00,0.00,0.00,0.00,0.00,1.58,0.46
courir,lemma,0,1,0,0,0,0,0,0,1,0,1,3,0.33,0.00,0.00,0.33,0.00,0.33,0.00,0.00,0.00,0.00,0.00,1.58,0.46
cour,word,0,0,0,1,0,1,0,1,0,0,0,3,0.00,0.33,0.33,0.00,0.00,0.00,0.00,0.00,0.00,0.33,0.00,1.58,0.46
course,word,0,0,0,0,0,1,0,1,1,0,0,3,0.00,0.00,0.33,0.33,0.00,0.00,0.00,0.00,0.00,0.33,0.00,1.58,0.46
arrête,word,0,1,0,1,0,0,0,0,0,0,1,3,0.33,0.33,0.00,0.00,0.00,0.33,0.00,0.00,0.00,0.00,0.00,1.58,0.46
senti,word,0,0,0,0,0,0,0,0,1,1,1,3,0.00,0.00,0.00,0.33,0.33,0.33,0.00,0.00,0.00,0.00,0.00,1.58,0.46
seraient,word,0,1,0,0,0,0,0,0,1,1,0,3,0.33,0.00,0.00,0.33,0.33,0.00,0.00,0.00,0.00,0.00,0.00,1.58,0.46
course,lemma,0,0,0,0,0,1,0,1,1,0,0,3,0.00,0.00,0.33,0.33,0.00,0.00,0.00,0.00,0.00,0.33,0.00,1.58,0.46
cris,word,0,1,0,0,0,0,0,0,1,1,0,3,0.33,0.00,0.00,0.33,0.33,0.00,0.00,0.00,0.00,0.00,0.00,1.58,0.46
corps,word,0,0,0,1,1,0,0,0,0,0,1,3,0.00,0.33,0.00,0.00,0.00,0.33,0.00,0.00,0.33,0.00,0.00,1.58,0.46
coupe,lemma,0,0,0,0,0,0,0,1,1,0,1,3,0.00,0.00,0.33,0.33,0.00,0.33,0.00,0.00,0.00,0.00,0.00,1.58,0.46
coupe,word,0,0,0,0,0,0,0,1,1,0,1,3,0.00,0.00,0.33,0.33,0.00,0.33,0.00,0.00,0.00,0.00,0.00,1.58,0.46
cour,lemma,0,0,0,1,0,1,0,1,0,0,0,3,0.00,0.33,0.33,0.00,0.00,0.00,0.00,0.00,0.00,0.33,0.00,1.58,0.46
couleur,lemma,0,0,0,0,0,1,0,1,0,0,1,3,0.00,0.00,0.33,0.00,0.00,0.33,0.00,0.00,0.00,0.33,0.00,1.58,0.46
couleurs,word,0,0,0,0,0,1,0,1,0,0,1,3,0.00,0.00,0.33,0.00,0.00,0.33,0.00,0.00,0.00,0.33,0.00,1.58,0.46
corps,lemma,0,0,0,1,1,0,0,0,0,0,1,3,0.00,0.33,0.00,0.00,0.00,0.33,0.00,0.00,0.33,0.00,0.00,1.58,0.46
fabuleux,lemma,1,0,0,0,0,0,0,1,0,1,0,3,0.00,0.00,0.33,0.00,0.33,0.00,0.33,0.00,0.00,0.00,0.00,1.58,0.46
réduites,word,0,1,0,0,0,0,0,0,1,0,1,3,0.33,0.00,0.00,0.33,0.00,0.33,0.00,0.00,0.00,0.00,0.00,1.58,0.46
récupérer,word,0,0,0,0,0,1,0,1,1,0,0,3,0.00,0.00,0.33,0.33,0.00,0.00,0.00,0.00,0.00,0.33,0.00,1.58,0.46
récupérer,lemma,0,0,0,0,0,1,0,1,1,0,0,3,0.00,0.00,0.33,0.33,0.00,0.00,0.00,0.00,0.00,0.33,0.00,1.58,0.46
rupture,lemma,0,0,0,0,0,0,0,0,1,1,1,3,0.00,0.00,0.00,0.33,0.33,0.33,0.00,0.00,0.00,0.00,0.00,1.58,0.46
rupture,word,0,0,0,0,0,0,0,0,1,1,1,3,0.00,0.00,0.00,0.33,0.33,0.33,0.00,0.00,0.00,0.00,0.00,1.58,0.46
rouler,lemma,0,0,0,0,1,0,0,0,0,1,1,3,0.00,0.00,0.00,0.00,0.33,0.33,0.00,0.00,0.33,0.00,0.00,1.58,0.46
sortir,word,0,1,0,1,0,0,0,0,1,0,0,3,0.33,0.33,0.00,0.33,0.00,0.00,0.00,0.00,0.00,0.00,0.00,1.58,0.46
forcés,word,0,1,0,0,0,0,0,0,1,0,1,3,0.33,0.00,0.00,0.33,0.00,0.33,0.00,0.00,0.00,0.00,0.00,1.58,0.46
force,lemma,0,1,0,0,0,0,0,0,1,0,1,3,0.33,0.00,0.00,0.33,0.00,0.33,0.00,0.00,0.00,0.00,0.00,1.58,0.46
facilement,word,0,0,0,0,1,0,0,1,0,0,1,3,0.00,0.00,0.33,0.00,0.00,0.33,0.00,0.00,0.33,0.00,0.00,1.58,0.46
enfin,lemma,0,1,0,0,1,0,0,1,0,0,0,3,0.33,0.00,0.33,0.00,0.00,0.00,0.00,0.00,0.33,0.00,0.00,1.58,0.46
voiture,lemma,0,1,0,0,0,0,0,0,1,1,0,3,0.33,0.00,0.00,0.33,0.33,0.00,0.00,0.00,0.00,0.00,0.00,1.58,0.46
faisait,word,0,1,0,1,0,0,0,0,0,1,0,3,0.33,0.33,0.00,0.00,0.33,0.00,0.00,0.00,0.00,0.00,0.00,1.58,0.46
fabuleux,word,1,0,0,0,0,0,0,1,0,1,0,3,0.00,0.00,0.33,0.00,0.33,0.00,0.33,0.00,0.00,0.00,0.00,1.58,0.46
facilement,lemma,0,0,0,0,1,0,0,1,0,0,1,3,0.00,0.00,0.33,0.00,0.00,0.33,0.00,0.00,0.33,0.00,0.00,1.58,0.46
voulu,word,0,1,0,0,1,0,0,0,0,0,1,3,0.33,0.00,0.00,0.00,0.00,0.33,0.00,0.00,0.33,0.00,0.00,1.58,0.46
voler,word,0,1,0,0,0,0,0,0,1,0,1,3,0.33,0.00,0.00,0.33,0.00,0.33,0.00,0.00,0.00,0.00,0.00,1.58,0.46
voit,word,0,1,0,1,0,0,0,0,0,0,1,3,0.33,0.33,0.00,0.00,0.00,0.33,0.00,0.00,0.00,0.00,0.00,1.58,0.46
arraché,word,0,1,0,0,0,0,0,0,1,1,0,3,0.33,0.00,0.00,0.33,0.33,0.00,0.00,0.00,0.00,0.00,0.00,1.58,0.46
envie,word,1,1,0,0,0,0,0,1,0,0,0,3,0.33,0.00,0.33,0.00,0.00,0.00,0.33,0.00,0.00,0.00,0.00,1.58,0.46
envie,lemma,1,1,0,0,0,0,0,1,0,0,0,3,0.33,0.00,0.33,0.00,0.00,0.00,0.33,0.00,0.00,0.00,0.00,1.58,0.46
excellent,word,1,0,0,0,0,1,0,0,0,1,0,3,0.00,0.00,0.00,0.00,0.33,0.00,0.33,0.00,0.00,0.33,0.00,1.58,0.46
enfin,word,0,1,0,0,1,0,0,1,0,0,0,3,0.33,0.00,0.33,0.00,0.00,0.00,0.00,0.00,0.33,0.00,0.00,1.58,0.46
esprit,lemma,0,0,0,0,1,0,0,0,1,0,1,3,0.00,0.00,0.00,0.33,0.00,0.33,0.00,0.00,0.33,0.00,0.00,1.58,0.46
aimer,word,0,0,0,1,1,0,0,0,0,0,1,3,0.00,0.33,0.00,0.00,0.00,0.33,0.00,0.00,0.33,0.00,0.00,1.58,0.46
air,word,0,1,0,1,0,0,0,1,0,0,0,3,0.33,0.33,0.33,0.00,0.00,0.00,0.00,0.00,0.00,0.00,0.00,1.58,0.46
drame,word,0,1,0,0,0,0,0,0,1,0,1,3,0.33,0.00,0.00,0.33,0.00,0.33,0.00,0.00,0.00,0.00,0.00,1.58,0.46
durer,lemma,0,1,0,0,0,0,0,0,1,0,1,3,0.33,0.00,0.00,0.33,0.00,0.33,0.00,0.00,0.00,0.00,0.00,1.58,0.46
décider,lemma,0,1,0,0,0,0,0,1,1,0,0,3,0.33,0.00,0.33,0.33,0.00,0.00,0.00,0.00,0.00,0.00,0.00,1.58,0.46
déclarer,lemma,0,1,0,0,0,1,0,1,0,0,0,3,0.33,0.00,0.33,0.00,0.00,0.00,0.00,0.00,0.00,0.33,0.00,1.58,0.46
âïe,lemma,0,1,0,0,1,0,0,0,0,0,1,3,0.33,0.00,0.00,0.00,0.00,0.33,0.00,0.00,0.33,0.00,0.00,1.58,0.46
impressionnant,lemma,9,0,0,0,0,1,0,0,2,9,0,21,0.00,0.00,0.00,0.10,0.43,0.00,0.43,0.00,0.00,0.05,0.00,1.58,0.46
cher,word,0,6,0,0,0,1,0,0,2,0,1,10,0.60,0.00,0.00,0.20,0.00,0.10,0.00,0.00,0.00,0.10,0.00,1.57,0.45
porter,lemma,0,6,0,0,0,0,0,2,0,1,1,10,0.60,0.00,0.20,0.00,0.10,0.10,0.00,0.00,0.00,0.00,0.00,1.57,0.45
doué,lemma,3,0,0,0,0,3,0,4,0,0,0,10,0.00,0.00,0.40,0.00,0.00,0.00,0.30,0.00,0.00,0.30,0.00,1.57,0.45
agressées,word,0,2,0,0,0,0,0,0,3,0,3,8,0.25,0.00,0.00,0.38,0.00,0.38,0.00,0.00,0.00,0.00,0.00,1.56,0.45
gros,word,0,11,0,13,0,0,0,3,0,1,0,28,0.39,0.46,0.11,0.00,0.04,0.00,0.00,0.00,0.00,0.00,0.00,1.56,0.45
sortir,lemma,0,3,0,2,0,0,0,0,2,0,0,7,0.43,0.29,0.00,0.29,0.00,0.00,0.00,0.00,0.00,0.00,0.00,1.56,0.45
coups,word,0,3,0,0,0,0,0,0,5,0,4,12,0.25,0.00,0.00,0.42,0.00,0.33,0.00,0.00,0.00,0.00,0.00,1.55,0.45
perdu,word,0,1,0,0,0,0,0,1,3,0,7,12,0.08,0.00,0.08,0.25,0.00,0.58,0.00,0.00,0.00,0.00,0.00,1.55,0.45
d'un,word,0,5,0,0,0,0,0,1,1,1,0,8,0.62,0.00,0.12,0.12,0.12,0.00,0.00,0.00,0.00,0.00,0.00,1.55,0.45
dur,lemma,0,2,0,0,2,0,0,0,1,0,8,13,0.15,0.00,0.00,0.08,0.00,0.62,0.00,0.00,0.15,0.00,0.00,1.55,0.45
médaille,lemma,1,0,0,0,0,7,0,7,0,1,0,16,0.00,0.00,0.44,0.00,0.06,0.00,0.06,0.00,0.00,0.44,0.00,1.54,0.45
gros,lemma,0,22,0,19,0,1,0,3,0,1,0,46,0.48,0.41,0.07,0.00,0.02,0.00,0.00,0.00,0.00,0.02,0.00,1.53,0.44
douée,word,2,0,0,0,0,3,0,4,0,0,0,9,0.00,0.00,0.44,0.00,0.00,0.00,0.22,0.00,0.00,0.33,0.00,1.53,0.44
agression,lemma,0,0,0,0,2,0,0,0,3,0,4,9,0.00,0.00,0.00,0.33,0.00,0.44,0.00,0.00,0.22,0.00,0.00,1.53,0.44
victime,word,0,1,0,0,4,0,0,0,12,0,18,35,0.03,0.00,0.00,0.34,0.00,0.51,0.00,0.00,0.11,0.00,0.00,1.53,0.44
tuer,word,0,6,0,0,0,0,0,0,4,0,3,13,0.46,0.00,0.00,0.31,0.00,0.23,0.00,0.00,0.00,0.00,0.00,1.53,0.44
mot,word,0,0,0,0,0,1,0,2,0,0,2,5,0.00,0.00,0.40,0.00,0.00,0.40,0.00,0.00,0.00,0.20,0.00,1.52,0.44
chien,word,0,2,0,2,0,0,0,0,0,0,1,5,0.40,0.40,0.00,0.00,0.00,0.20,0.00,0.00,0.00,0.00,0.00,1.52,0.44
impose,word,0,2,0,0,0,0,0,0,2,0,1,5,0.40,0.00,0.00,0.40,0.00,0.20,0.00,0.00,0.00,0.00,0.00,1.52,0.44
émerveillée,word,2,0,0,0,0,0,0,2,0,1,0,5,0.00,0.00,0.40,0.00,0.20,0.00,0.40,0.00,0.00,0.00,0.00,1.52,0.44
heure,lemma,0,1,0,0,0,0,0,2,0,0,2,5,0.20,0.00,0.40,0.00,0.00,0.40,0.00,0.00,0.00,0.00,0.00,1.52,0.44
surveiller,lemma,0,2,0,1,0,0,0,0,2,0,0,5,0.40,0.20,0.00,0.40,0.00,0.00,0.00,0.00,0.00,0.00,0.00,1.52,0.44
noir,word,0,2,0,0,0,0,0,0,2,1,0,5,0.40,0.00,0.00,0.40,0.20,0.00,0.00,0.00,0.00,0.00,0.00,1.52,0.44
ailleurs,lemma,0,2,0,1,0,0,0,0,0,2,0,5,0.40,0.20,0.00,0.00,0.40,0.00,0.00,0.00,0.00,0.00,0.00,1.52,0.44
harceler,lemma,0,2,0,0,1,0,0,0,0,0,2,5,0.40,0.00,0.00,0.00,0.00,0.40,0.00,0.00,0.20,0.00,0.00,1.52,0.44
pile,lemma,0,0,0,0,0,0,0,2,4,0,4,10,0.00,0.00,0.20,0.40,0.00,0.40,0.00,0.00,0.00,0.00,0.00,1.52,0.44
empêcher,word,0,0,0,0,0,0,0,2,2,0,1,5,0.00,0.00,0.40,0.40,0.00,0.20,0.00,0.00,0.00,0.00,0.00,1.52,0.44
records,word,0,0,0,0,0,2,0,2,0,1,0,5,0.00,0.00,0.40,0.00,0.20,0.00,0.00,0.00,0.00,0.40,0.00,1.52,0.44
espionner,lemma,0,2,0,0,0,0,0,0,2,1,0,5,0.40,0.00,0.00,0.40,0.20,0.00,0.00,0.00,0.00,0.00,0.00,1.52,0.44
langue,word,0,2,0,0,0,0,0,2,0,0,1,5,0.40,0.00,0.40,0.00,0.00,0.20,0.00,0.00,0.00,0.00,0.00,1.52,0.44
fille,lemma,0,0,0,0,0,0,0,1,0,2,2,5,0.00,0.00,0.20,0.00,0.40,0.40,0.00,0.00,0.00,0.00,0.00,1.52,0.44
feu,word,0,2,0,0,0,1,0,0,2,0,0,5,0.40,0.00,0.00,0.40,0.00,0.00,0.00,0.00,0.00,0.20,0.00,1.52,0.44
soeur,lemma,1,2,0,0,0,0,0,2,0,0,0,5,0.40,0.00,0.40,0.00,0.00,0.00,0.20,0.00,0.00,0.00,0.00,1.52,0.44
parent,lemma,0,1,0,0,0,0,0,2,2,0,0,5,0.20,0.00,0.40,0.40,0.00,0.00,0.00,0.00,0.00,0.00,0.00,1.52,0.44
parents,word,0,1,0,0,0,0,0,2,2,0,0,5,0.20,0.00,0.40,0.40,0.00,0.00,0.00,0.00,0.00,0.00,0.00,1.52,0.44
forcer,lemma,0,2,0,0,0,0,0,0,1,0,2,5,0.40,0.00,0.00,0.20,0.00,0.40,0.00,0.00,0.00,0.00,0.00,1.52,0.44
chien,lemma,0,2,0,2,0,0,0,0,0,0,1,5,0.40,0.40,0.00,0.00,0.00,0.20,0.00,0.00,0.00,0.00,0.00,1.52,0.44
jouer,word,0,2,0,0,0,1,0,0,0,0,2,5,0.40,0.00,0.00,0.00,0.00,0.40,0.00,0.00,0.00,0.20,0.00,1.52,0.44
langue,lemma,0,2,0,0,0,0,0,2,0,0,1,5,0.40,0.00,0.40,0.00,0.00,0.20,0.00,0.00,0.00,0.00,0.00,1.52,0.44
ravager,lemma,0,2,0,0,0,0,0,0,2,0,1,5,0.40,0.00,0.00,0.40,0.00,0.20,0.00,0.00,0.00,0.00,0.00,1.52,0.44
génial,word,2,0,0,0,0,1,0,10,0,3,0,16,0.00,0.00,0.62,0.00,0.19,0.00,0.12,0.00,0.00,0.06,0.00,1.50,0.43
génial,lemma,2,0,0,0,0,1,0,10,0,3,0,16,0.00,0.00,0.62,0.00,0.19,0.00,0.12,0.00,0.00,0.06,0.00,1.50,0.43
choc,word,0,1,0,0,0,0,0,0,1,2,0,4,0.25,0.00,0.00,0.25,0.50,0.00,0.00,0.00,0.00,0.00,0.00,1.50,0.43
impressionné,word,2,0,0,0,0,0,0,0,1,1,0,4,0.00,0.00,0.00,0.25,0.25,0.00,0.50,0.00,0.00,0.00,0.00,1.50,0.43
impressionné,lemma,2,0,0,0,0,0,0,0,1,1,0,4,0.00,0.00,0.00,0.25,0.25,0.00,0.50,0.00,0.00,0.00,0.00,1.50,0.43
important,word,1,0,0,0,0,2,0,1,0,0,0,4,0.00,0.00,0.25,0.00,0.00,0.00,0.25,0.00,0.00,0.50,0.00,1.50,0.43
choc,lemma,0,1,0,0,0,0,0,0,1,2,0,4,0.25,0.00,0.00,0.25,0.50,0.00,0.00,0.00,0.00,0.00,0.00,1.50,0.43
vieux,lemma,0,2,0,0,1,0,0,0,0,1,0,4,0.50,0.00,0.00,0.00,0.25,0.00,0.00,0.00,0.25,0.00,0.00,1.50,0.43
lève,word,0,2,0,0,0,0,0,1,0,0,1,4,0.50,0.00,0.25,0.00,0.00,0.25,0.00,0.00,0.00,0.00,0.00,1.50,0.43
jeter,lemma,0,0,0,0,1,0,0,0,1,0,2,4,0.00,0.00,0.00,0.25,0.00,0.50,0.00,0.00,0.25,0.00,0.00,1.50,0.43
émotion,lemma,1,0,0,0,0,0,0,2,0,0,1,4,0.00,0.00,0.50,0.00,0.00,0.25,0.25,0.00,0.00,0.00,0.00,1.50,0.43
condamné,word,0,2,0,0,0,0,0,0,1,0,1,4,0.50,0.00,0.00,0.25,0.00,0.25,0.00,0.00,0.00,0.00,0.00,1.50,0.43
condition,lemma,0,2,0,0,0,0,0,0,1,0,1,4,0.50,0.00,0.00,0.25,0.00,0.25,0.00,0.00,0.00,0.00,0.00,1.50,0.43
conditions,word,0,2,0,0,0,0,0,0,1,0,1,4,0.50,0.00,0.00,0.25,0.00,0.25,0.00,0.00,0.00,0.00,0.00,1.50,0.43
importer,lemma,0,2,0,1,0,0,0,0,1,0,0,4,0.50,0.25,0.00,0.25,0.00,0.00,0.00,0.00,0.00,0.00,0.00,1.50,0.43
loin,word,0,2,0,0,0,0,0,0,1,1,0,4,0.50,0.00,0.00,0.25,0.25,0.00,0.00,0.00,0.00,0.00,0.00,1.50,0.43
électricité,lemma,0,0,0,0,0,0,0,1,2,0,1,4,0.00,0.00,0.25,0.50,0.00,0.25,0.00,0.00,0.00,0.00,0.00,1.50,0.43
surtout,lemma,1,2,0,0,0,0,0,0,0,1,0,4,0.50,0.00,0.00,0.00,0.25,0.00,0.25,0.00,0.00,0.00,0.00,1.50,0.43
surtout,word,1,2,0,0,0,0,0,0,0,1,0,4,0.50,0.00,0.00,0.00,0.25,0.00,0.25,0.00,0.00,0.00,0.00,1.50,0.43
ouvrir,lemma,0,2,0,0,0,1,0,0,1,0,0,4,0.50,0.00,0.00,0.25,0.00,0.00,0.00,0.00,0.00,0.25,0.00,1.50,0.43
stage,lemma,0,0,0,0,0,0,0,2,1,0,1,4,0.00,0.00,0.50,0.25,0.00,0.25,0.00,0.00,0.00,0.00,0.00,1.50,0.43
gêné,lemma,0,1,0,1,2,0,0,0,0,0,0,4,0.25,0.25,0.00,0.00,0.00,0.00,0.00,0.00,0.50,0.00,0.00,1.50,0.43
noire,word,0,0,0,0,0,1,0,2,0,0,1,4,0.00,0.00,0.50,0.00,0.00,0.25,0.00,0.00,0.00,0.25,0.00,1.50,0.43
obliger,lemma,0,2,0,0,1,0,0,0,1,0,0,4,0.50,0.00,0.00,0.25,0.00,0.00,0.00,0.00,0.25,0.00,0.00,1.50,0.43
graves,word,0,4,0,0,0,0,0,0,2,0,2,8,0.50,0.00,0.00,0.25,0.00,0.25,0.00,0.00,0.00,0.00,0.00,1.50,0.43
morts,word,0,3,0,0,0,0,0,0,3,0,6,12,0.25,0.00,0.00,0.25,0.00,0.50,0.00,0.00,0.00,0.00,0.00,1.50,0.43
homme,lemma,0,2,0,0,1,0,0,1,0,0,0,4,0.50,0.00,0.25,0.00,0.00,0.00,0.00,0.00,0.25,0.00,0.00,1.50,0.43
cause,lemma,0,1,0,0,0,0,0,2,1,0,0,4,0.25,0.00,0.50,0.25,0.00,0.00,0.00,0.00,0.00,0.00,0.00,1.50,0.43
mots,word,1,0,0,0,0,0,0,2,0,1,0,4,0.00,0.00,0.50,0.00,0.25,0.00,0.25,0.00,0.00,0.00,0.00,1.50,0.43
cause,word,0,1,0,0,0,0,0,2,1,0,0,4,0.25,0.00,0.50,0.25,0.00,0.00,0.00,0.00,0.00,0.00,0.00,1.50,0.43
changer,lemma,0,2,0,1,0,0,0,0,1,0,0,4,0.50,0.25,0.00,0.25,0.00,0.00,0.00,0.00,0.00,0.00,0.00,1.50,0.43
tenter,lemma,0,2,0,0,1,0,0,0,0,0,1,4,0.50,0.00,0.00,0.00,0.00,0.25,0.00,0.00,0.25,0.00,0.00,1.50,0.43
défense,lemma,0,2,0,0,0,0,0,0,0,1,1,4,0.50,0.00,0.00,0.00,0.25,0.25,0.00,0.00,0.00,0.00,0.00,1.50,0.43
ailleurs,word,0,2,0,1,0,0,0,0,0,1,0,4,0.50,0.25,0.00,0.00,0.25,0.00,0.00,0.00,0.00,0.00,0.00,1.50,0.43
loin,lemma,0,2,0,0,0,0,0,0,1,1,0,4,0.50,0.00,0.00,0.25,0.25,0.00,0.00,0.00,0.00,0.00,0.00,1.50,0.43
lever,lemma,0,2,0,0,0,0,0,1,0,0,1,4,0.50,0.00,0.25,0.00,0.00,0.25,0.00,0.00,0.00,0.00,0.00,1.50,0.43
folle,word,0,1,0,0,0,0,0,2,0,1,0,4,0.25,0.00,0.50,0.00,0.25,0.00,0.00,0.00,0.00,0.00,0.00,1.50,0.43
petits,word,0,0,0,0,0,0,0,2,1,0,1,4,0.00,0.00,0.50,0.25,0.00,0.25,0.00,0.00,0.00,0.00,0.00,1.50,0.43
blessés,word,0,1,0,0,0,0,0,0,2,0,1,4,0.25,0.00,0.00,0.50,0.00,0.25,0.00,0.00,0.00,0.00,0.00,1.50,0.43
bonbons,word,1,0,0,0,0,0,0,1,0,2,0,4,0.00,0.00,0.25,0.00,0.50,0.00,0.25,0.00,0.00,0.00,0.00,1.50,0.43
crise,word,0,1,0,0,0,0,0,0,2,0,1,4,0.25,0.00,0.00,0.50,0.00,0.25,0.00,0.00,0.00,0.00,0.00,1.50,0.43
crise,lemma,0,1,0,0,0,0,0,0,2,0,1,4,0.25,0.00,0.00,0.50,0.00,0.25,0.00,0.00,0.00,0.00,0.00,1.50,0.43
crie,word,0,2,0,0,0,0,0,1,1,0,0,4,0.50,0.00,0.25,0.25,0.00,0.00,0.00,0.00,0.00,0.00,0.00,1.50,0.43
cri,lemma,0,1,0,0,0,0,0,0,2,1,0,4,0.25,0.00,0.00,0.50,0.25,0.00,0.00,0.00,0.00,0.00,0.00,1.50,0.43
gagnent,word,0,1,0,0,0,1,0,2,0,0,0,4,0.25,0.00,0.50,0.00,0.00,0.00,0.00,0.00,0.00,0.25,0.00,1.50,0.43
brûler,lemma,0,1,0,0,0,0,0,0,2,0,1,4,0.25,0.00,0.00,0.50,0.00,0.25,0.00,0.00,0.00,0.00,0.00,1.50,0.43
pauvreté,word,0,1,0,0,0,0,0,0,2,0,1,4,0.25,0.00,0.00,0.50,0.00,0.25,0.00,0.00,0.00,0.00,0.00,1.50,0.43
pauvreté,lemma,0,1,0,0,0,0,0,0,2,0,1,4,0.25,0.00,0.00,0.50,0.00,0.25,0.00,0.00,0.00,0.00,0.00,1.50,0.43
parfait,lemma,2,0,0,0,0,1,0,1,0,0,0,4,0.00,0.00,0.25,0.00,0.00,0.00,0.50,0.00,0.00,0.25,0.00,1.50,0.43
préférer,lemma,0,1,0,0,0,0,0,0,1,0,2,4,0.25,0.00,0.00,0.25,0.00,0.50,0.00,0.00,0.00,0.00,0.00,1.50,0.43
faudrait,word,0,1,0,0,0,0,0,0,1,0,2,4,0.25,0.00,0.00,0.25,0.00,0.50,0.00,0.00,0.00,0.00,0.00,1.50,0.43
souci,lemma,0,0,0,0,0,0,0,1,1,0,2,4,0.00,0.00,0.25,0.25,0.00,0.50,0.00,0.00,0.00,0.00,0.00,1.50,0.43
effondrée,word,0,0,0,0,0,0,0,0,2,1,1,4,0.00,0.00,0.00,0.50,0.25,0.25,0.00,0.00,0.00,0.00,0.00,1.50,0.43
sent,word,0,0,0,0,0,0,0,2,1,0,1,4,0.00,0.00,0.50,0.25,0.00,0.25,0.00,0.00,0.00,0.00,0.00,1.50,0.43
soeur,word,1,1,0,0,0,0,0,2,0,0,0,4,0.25,0.00,0.50,0.00,0.00,0.00,0.25,0.00,0.00,0.00,0.00,1.50,0.43
soleil,lemma,0,1,0,0,0,0,0,1,0,0,2,4,0.25,0.00,0.25,0.00,0.00,0.50,0.00,0.00,0.00,0.00,0.00,1.50,0.43
soleil,word,0,1,0,0,0,0,0,1,0,0,2,4,0.25,0.00,0.25,0.00,0.00,0.50,0.00,0.00,0.00,0.00,0.00,1.50,0.43
rater,lemma,0,1,0,0,1,0,0,0,0,0,2,4,0.25,0.00,0.00,0.00,0.00,0.50,0.00,0.00,0.25,0.00,0.00,1.50,0.43
quelle,word,1,1,0,0,0,0,0,2,0,0,0,4,0.25,0.00,0.50,0.00,0.00,0.00,0.25,0.00,0.00,0.00,0.00,1.50,0.43
famille,lemma,0,2,0,0,0,0,0,4,0,0,2,8,0.25,0.00,0.50,0.00,0.00,0.25,0.00,0.00,0.00,0.00,0.00,1.50,0.43
facile,word,0,0,0,0,1,0,0,1,0,0,2,4,0.00,0.00,0.25,0.00,0.00,0.50,0.00,0.00,0.25,0.00,0.00,1.50,0.43
battu,word,0,0,0,0,0,1,0,2,0,1,0,4,0.00,0.00,0.50,0.00,0.25,0.00,0.00,0.00,0.00,0.25,0.00,1.50,0.43
bille,lemma,0,0,0,0,0,1,0,1,0,0,2,4,0.00,0.00,0.25,0.00,0.00,0.50,0.00,0.00,0.00,0.25,0.00,1.50,0.43
billes,word,0,0,0,0,0,1,0,1,0,0,2,4,0.00,0.00,0.25,0.00,0.00,0.50,0.00,0.00,0.00,0.25,0.00,1.50,0.43
cru,word,0,2,0,0,0,0,0,0,0,1,1,4,0.50,0.00,0.00,0.00,0.25,0.25,0.00,0.00,0.00,0.00,0.00,1.50,0.43
renforcer,lemma,1,0,0,0,0,2,0,1,0,0,0,4,0.00,0.00,0.25,0.00,0.00,0.00,0.25,0.00,0.00,0.50,0.00,1.50,0.43
aurait,word,0,2,0,0,0,0,0,0,1,1,0,4,0.50,0.00,0.00,0.25,0.25,0.00,0.00,0.00,0.00,0.00,0.00,1.50,0.43
regard,word,0,1,0,0,1,0,0,0,0,0,2,4,0.25,0.00,0.00,0.00,0.00,0.50,0.00,0.00,0.25,0.00,0.00,1.50,0.43
rejetés,word,0,1,0,0,0,0,0,0,1,0,2,4,0.25,0.00,0.00,0.25,0.00,0.50,0.00,0.00,0.00,0.00,0.00,1.50,0.43
joli,lemma,0,1,0,0,0,1,0,2,0,0,0,4,0.25,0.00,0.50,0.00,0.00,0.00,0.00,0.00,0.00,0.25,0.00,1.50,0.43
espionner,word,0,2,0,0,0,0,0,0,1,1,0,4,0.50,0.00,0.00,0.25,0.25,0.00,0.00,0.00,0.00,0.00,0.00,1.50,0.43
acclamer,lemma,2,0,0,0,0,1,0,1,0,0,0,4,0.00,0.00,0.25,0.00,0.00,0.00,0.50,0.00,0.00,0.25,0.00,1.50,0.43
excellent,lemma,2,0,0,0,0,1,0,0,0,1,0,4,0.00,0.00,0.00,0.00,0.25,0.00,0.50,0.00,0.00,0.25,0.00,1.50,0.43
l'air,word,0,1,0,0,0,0,0,2,0,1,0,4,0.25,0.00,0.50,0.00,0.25,0.00,0.00,0.00,0.00,0.00,0.00,1.50,0.43
juive,word,0,2,0,0,0,0,0,0,1,0,1,4,0.50,0.00,0.00,0.25,0.00,0.25,0.00,0.00,0.00,0.00,0.00,1.50,0.43
jours,word,0,1,0,0,0,0,0,2,0,0,1,4,0.25,0.00,0.50,0.00,0.00,0.25,0.00,0.00,0.00,0.00,0.00,1.50,0.43
agressé,lemma,0,1,0,0,0,0,0,0,2,0,1,4,0.25,0.00,0.00,0.50,0.00,0.25,0.00,0.00,0.00,0.00,0.00,1.50,0.43
agressés,word,0,1,0,0,0,0,0,0,2,0,1,4,0.25,0.00,0.00,0.50,0.00,0.25,0.00,0.00,0.00,0.00,0.00,1.50,0.43
vivent,word,0,0,0,0,0,0,0,1,1,0,2,4,0.00,0.00,0.25,0.25,0.00,0.50,0.00,0.00,0.00,0.00,0.00,1.50,0.43
devenir,word,0,0,0,0,0,0,0,2,1,0,1,4,0.00,0.00,0.50,0.25,0.00,0.25,0.00,0.00,0.00,0.00,0.00,1.50,0.43
vécue,word,0,1,0,0,1,0,0,0,0,0,2,4,0.25,0.00,0.00,0.00,0.00,0.50,0.00,0.00,0.25,0.00,0.00,1.50,0.43
choquantes,word,0,4,0,0,0,0,0,0,3,7,0,14,0.29,0.00,0.00,0.21,0.50,0.00,0.00,0.00,0.00,0.00,0.00,1.49,0.43
perdre,lemma,0,1,0,0,0,0,0,1,5,0,9,16,0.06,0.00,0.06,0.31,0.00,0.56,0.00,0.00,0.00,0.00,0.00,1.49,0.43
cher,lemma,0,7,0,0,0,1,0,0,2,0,1,11,0.64,0.00,0.00,0.18,0.00,0.09,0.00,0.00,0.00,0.09,0.00,1.49,0.43
problèmes,word,0,5,0,0,0,0,0,0,2,0,3,10,0.50,0.00,0.00,0.20,0.00,0.30,0.00,0.00,0.00,0.00,0.00,1.49,0.43
super,word,3,0,0,0,0,0,0,5,0,2,0,10,0.00,0.00,0.50,0.00,0.20,0.00,0.30,0.00,0.00,0.00,0.00,1.49,0.43
super,lemma,3,0,0,0,0,0,0,5,0,2,0,10,0.00,0.00,0.50,0.00,0.20,0.00,0.30,0.00,0.00,0.00,0.00,1.49,0.43
choquante,lemma,0,5,0,0,0,0,0,0,3,8,0,16,0.31,0.00,0.00,0.19,0.50,0.00,0.00,0.00,0.00,0.00,0.00,1.48,0.43
oh,lemma,0,0,0,0,0,0,0,6,1,10,1,18,0.00,0.00,0.33,0.06,0.56,0.06,0.00,0.00,0.00,0.00,0.00,1.46,0.42
oh,word,0,0,0,0,0,0,0,6,1,10,1,18,0.00,0.00,0.33,0.06,0.56,0.06,0.00,0.00,0.00,0.00,0.00,1.46,0.42
émerveiller,lemma,3,0,0,0,0,0,0,2,0,1,0,6,0.00,0.00,0.33,0.00,0.17,0.00,0.50,0.00,0.00,0.00,0.00,1.46,0.42
mauvaise,word,0,2,0,0,0,0,0,0,1,0,3,6,0.33,0.00,0.00,0.17,0.00,0.50,0.00,0.00,0.00,0.00,0.00,1.46,0.42
réduire,lemma,0,1,0,0,0,0,0,0,2,0,3,6,0.17,0.00,0.00,0.33,0.00,0.50,0.00,0.00,0.00,0.00,0.00,1.46,0.42
enfermer,lemma,0,1,0,0,0,0,0,0,2,0,3,6,0.17,0.00,0.00,0.33,0.00,0.50,0.00,0.00,0.00,0.00,0.00,1.46,0.42
croit,word,0,3,0,0,0,0,0,2,0,1,0,6,0.50,0.00,0.33,0.00,0.17,0.00,0.00,0.00,0.00,0.00,0.00,1.46,0.42
sexuel,lemma,0,0,0,0,1,0,0,0,3,0,2,6,0.00,0.00,0.00,0.50,0.00,0.33,0.00,0.00,0.17,0.00,0.00,1.46,0.42
champion,word,2,0,0,0,0,3,0,1,0,0,0,6,0.00,0.00,0.17,0.00,0.00,0.00,0.33,0.00,0.00,0.50,0.00,1.46,0.42
prendre,word,0,3,0,0,0,0,0,0,2,0,1,6,0.50,0.00,0.00,0.33,0.00,0.17,0.00,0.00,0.00,0.00,0.00,1.46,0.42
agressions,word,0,0,0,0,2,0,0,0,3,0,1,6,0.00,0.00,0.00,0.50,0.00,0.17,0.00,0.00,0.33,0.00,0.00,1.46,0.42
catastrophe,word,0,0,0,0,0,0,0,0,3,1,2,6,0.00,0.00,0.00,0.50,0.17,0.33,0.00,0.00,0.00,0.00,0.00,1.46,0.42
problème,lemma,0,6,0,0,0,0,0,0,2,0,4,12,0.50,0.00,0.00,0.17,0.00,0.33,0.00,0.00,0.00,0.00,0.00,1.46,0.42
renvoyer,lemma,0,1,0,0,0,0,0,0,3,0,3,7,0.14,0.00,0.00,0.43,0.00,0.43,0.00,0.00,0.00,0.00,0.00,1.45,0.42
condamner,lemma,0,3,0,0,0,0,0,0,1,0,3,7,0.43,0.00,0.00,0.14,0.00,0.43,0.00,0.00,0.00,0.00,0.00,1.45,0.42
maison,word,0,0,0,0,0,0,0,0,3,1,3,7,0.00,0.00,0.00,0.43,0.14,0.43,0.00,0.00,0.00,0.00,0.00,1.45,0.42
mettre,word,0,3,0,0,0,0,0,1,3,0,0,7,0.43,0.00,0.14,0.43,0.00,0.00,0.00,0.00,0.00,0.00,0.00,1.45,0.42
embête,lemma,0,3,0,0,1,0,0,0,0,0,3,7,0.43,0.00,0.00,0.00,0.00,0.43,0.00,0.00,0.14,0.00,0.00,1.45,0.42
ferme,lemma,0,6,0,1,0,0,0,0,1,1,0,9,0.67,0.11,0.00,0.11,0.11,0.00,0.00,0.00,0.00,0.00,0.00,1.45,0.42
ferme,word,0,6,0,1,0,0,0,0,1,1,0,9,0.67,0.11,0.00,0.11,0.11,0.00,0.00,0.00,0.00,0.00,0.00,1.45,0.42
violences,word,0,4,0,0,0,0,0,0,10,0,4,18,0.22,0.00,0.00,0.56,0.00,0.22,0.00,0.00,0.00,0.00,0.00,1.44,0.41
pauvre,lemma,0,2,0,0,0,0,0,0,3,0,6,11,0.18,0.00,0.00,0.27,0.00,0.55,0.00,0.00,0.00,0.00,0.00,1.44,0.41
contre,word,0,10,0,0,1,0,0,0,2,0,2,15,0.67,0.00,0.00,0.13,0.00,0.13,0.00,0.00,0.07,0.00,0.00,1.43,0.41
champion,lemma,1,0,0,0,0,4,0,3,0,0,0,8,0.00,0.00,0.38,0.00,0.00,0.00,0.12,0.00,0.00,0.50,0.00,1.41,0.41
new,lemma,0,3,0,0,0,1,0,4,0,0,0,8,0.38,0.00,0.50,0.00,0.00,0.00,0.00,0.00,0.00,0.12,0.00,1.41,0.41
violence,lemma,0,8,0,0,0,0,0,0,15,0,4,27,0.30,0.00,0.00,0.56,0.00,0.15,0.00,0.00,0.00,0.00,0.00,1.40,0.40
idée,lemma,0,2,0,0,0,0,0,7,0,0,3,12,0.17,0.00,0.58,0.00,0.00,0.25,0.00,0.00,0.00,0.00,0.00,1.38,0.40
maltraité,lemma,0,0,0,0,0,0,0,0,2,1,4,7,0.00,0.00,0.00,0.29,0.14,0.57,0.00,0.00,0.00,0.00,0.00,1.38,0.40
pris,word,0,0,0,1,0,0,0,0,4,2,0,7,0.00,0.14,0.00,0.57,0.29,0.00,0.00,0.00,0.00,0.00,0.00,1.38,0.40
cool,lemma,4,1,0,0,0,0,0,0,0,2,0,7,0.14,0.00,0.00,0.00,0.29,0.00,0.57,0.00,0.00,0.00,0.00,1.38,0.40
cool,word,4,1,0,0,0,0,0,0,0,2,0,7,0.14,0.00,0.00,0.00,0.29,0.00,0.57,0.00,0.00,0.00,0.00,1.38,0.40
détruire,lemma,0,2,0,0,0,0,0,0,8,0,4,14,0.14,0.00,0.00,0.57,0.00,0.29,0.00,0.00,0.00,0.00,0.00,1.38,0.40
rage,lemma,0,1,0,0,0,0,0,0,3,0,1,5,0.20,0.00,0.00,0.60,0.00,0.20,0.00,0.00,0.00,0.00,0.00,1.37,0.40
lancer,lemma,0,3,0,0,0,0,0,1,1,0,0,5,0.60,0.00,0.20,0.20,0.00,0.00,0.00,0.00,0.00,0.00,0.00,1.37,0.40
«,punctuation,0,1,0,0,1,0,0,0,3,0,0,5,0.20,0.00,0.00,0.60,0.00,0.00,0.00,0.00,0.20,0.00,0.00,1.37,0.40
quitté,word,0,1,0,0,0,0,0,0,3,0,1,5,0.20,0.00,0.00,0.60,0.00,0.20,0.00,0.00,0.00,0.00,0.00,1.37,0.40
danseuse,lemma,1,0,0,0,0,1,0,3,0,0,0,5,0.00,0.00,0.60,0.00,0.00,0.00,0.20,0.00,0.00,0.20,0.00,1.37,0.40
rage,word,0,1,0,0,0,0,0,0,3,0,1,5,0.20,0.00,0.00,0.60,0.00,0.20,0.00,0.00,0.00,0.00,0.00,1.37,0.40
s'est,word,0,0,0,1,1,0,0,3,0,0,0,5,0.00,0.20,0.60,0.00,0.00,0.00,0.00,0.00,0.20,0.00,0.00,1.37,0.40
pd,lemma,0,3,0,1,1,0,0,0,0,0,0,5,0.60,0.20,0.00,0.00,0.00,0.00,0.00,0.00,0.20,0.00,0.00,1.37,0.40
pd,word,0,3,0,1,1,0,0,0,0,0,0,5,0.60,0.20,0.00,0.00,0.00,0.00,0.00,0.00,0.20,0.00,0.00,1.37,0.40
pollution,word,0,1,0,0,0,0,0,0,3,0,1,5,0.20,0.00,0.00,0.60,0.00,0.20,0.00,0.00,0.00,0.00,0.00,1.37,0.40
bravo,word,1,1,0,0,0,3,0,0,0,0,0,5,0.20,0.00,0.00,0.00,0.00,0.00,0.20,0.00,0.00,0.60,0.00,1.37,0.40
bravo,lemma,1,1,0,0,0,3,0,0,0,0,0,5,0.20,0.00,0.00,0.00,0.00,0.00,0.20,0.00,0.00,0.60,0.00,1.37,0.40
place,lemma,0,3,0,0,0,1,0,0,0,0,1,5,0.60,0.00,0.00,0.00,0.00,0.20,0.00,0.00,0.00,0.20,0.00,1.37,0.40
chassés,word,0,1,0,0,0,0,0,0,3,0,1,5,0.20,0.00,0.00,0.60,0.00,0.20,0.00,0.00,0.00,0.00,0.00,1.37,0.40
oser,lemma,0,1,0,0,3,0,0,0,1,0,0,5,0.20,0.00,0.00,0.20,0.00,0.00,0.00,0.00,0.60,0.00,0.00,1.37,0.40
sexuelles,word,0,0,0,0,1,0,0,0,3,0,1,5,0.00,0.00,0.00,0.60,0.00,0.20,0.00,0.00,0.20,0.00,0.00,1.37,0.40
réveiller,lemma,0,3,0,1,0,0,0,0,0,1,0,5,0.60,0.20,0.00,0.00,0.20,0.00,0.00,0.00,0.00,0.00,0.00,1.37,0.40
rêver,lemma,0,0,0,0,0,1,0,3,0,0,1,5,0.00,0.00,0.60,0.00,0.00,0.20,0.00,0.00,0.00,0.20,0.00,1.37,0.40
problème,word,0,3,0,0,0,0,0,0,1,0,1,5,0.60,0.00,0.00,0.20,0.00,0.20,0.00,0.00,0.00,0.00,0.00,1.37,0.40
embête,word,0,1,0,0,1,0,0,0,0,0,3,5,0.20,0.00,0.00,0.00,0.00,0.60,0.00,0.00,0.20,0.00,0.00,1.37,0.40
maltraités,word,0,0,0,0,0,0,0,0,1,1,3,5,0.00,0.00,0.00,0.20,0.20,0.60,0.00,0.00,0.00,0.00,0.00,1.37,0.40
danseuse,word,1,0,0,0,0,1,0,3,0,0,0,5,0.00,0.00,0.60,0.00,0.00,0.00,0.20,0.00,0.00,0.20,0.00,1.37,0.40
»,punctuation,0,1,0,0,1,0,0,0,3,0,0,5,0.20,0.00,0.00,0.60,0.00,0.00,0.00,0.00,0.20,0.00,0.00,1.37,0.40
supporter,lemma,0,3,0,0,1,0,0,0,0,0,1,5,0.60,0.00,0.00,0.00,0.00,0.20,0.00,0.00,0.20,0.00,0.00,1.37,0.40
moquer,word,0,0,0,1,3,0,0,0,1,0,0,5,0.00,0.20,0.00,0.20,0.00,0.00,0.00,0.00,0.60,0.00,0.00,1.37,0.40
attentat,lemma,0,3,0,0,0,0,0,0,9,0,3,15,0.20,0.00,0.00,0.60,0.00,0.20,0.00,0.00,0.00,0.00,0.00,1.37,0.40
harcèlement,lemma,0,1,0,0,0,0,0,0,3,0,1,5,0.20,0.00,0.00,0.60,0.00,0.20,0.00,0.00,0.00,0.00,0.00,1.37,0.40
trouvé,word,0,0,0,0,0,1,0,3,1,0,0,5,0.00,0.00,0.60,0.20,0.00,0.00,0.00,0.00,0.00,0.20,0.00,1.37,0.40
tués,word,0,1,0,0,0,0,0,0,5,0,4,10,0.10,0.00,0.00,0.50,0.00,0.40,0.00,0.00,0.00,0.00,0.00,1.36,0.39
contre,lemma,0,9,0,0,1,0,0,0,1,0,2,13,0.69,0.00,0.00,0.08,0.00,0.15,0.00,0.00,0.08,0.00,0.00,1.35,0.39
maison,lemma,0,0,0,0,0,0,0,0,5,1,3,9,0.00,0.00,0.00,0.56,0.11,0.33,0.00,0.00,0.00,0.00,0.00,1.35,0.39
aise,lemma,0,0,0,0,5,0,0,3,1,0,0,9,0.00,0.00,0.33,0.11,0.00,0.00,0.00,0.00,0.56,0.00,0.00,1.35,0.39
terroriste,lemma,0,3,0,0,0,0,0,0,5,0,1,9,0.33,0.00,0.00,0.56,0.00,0.11,0.00,0.00,0.00,0.00,0.00,1.35,0.39
drôle,word,0,2,0,0,0,0,0,16,0,23,1,42,0.05,0.00,0.38,0.00,0.55,0.02,0.00,0.00,0.00,0.00,0.00,1.34,0.39
meilleur,word,1,0,0,0,0,6,0,5,0,0,0,12,0.00,0.00,0.42,0.00,0.00,0.00,0.08,0.00,0.00,0.50,0.00,1.33,0.38
pleuré,word,0,0,0,0,0,0,0,1,4,0,6,11,0.00,0.00,0.09,0.36,0.00,0.55,0.00,0.00,0.00,0.00,0.00,1.32,0.38
merci,lemma,0,1,0,0,0,4,0,6,0,0,0,11,0.09,0.00,0.55,0.00,0.00,0.00,0.00,0.00,0.00,0.36,0.00,1.32,0.38
pleuré,lemma,0,0,0,0,0,0,0,1,4,0,6,11,0.00,0.00,0.09,0.36,0.00,0.55,0.00,0.00,0.00,0.00,0.00,1.32,0.38
merci,word,0,1,0,0,0,4,0,6,0,0,0,11,0.09,0.00,0.55,0.00,0.00,0.00,0.00,0.00,0.00,0.36,0.00,1.32,0.38
drôle,lemma,0,2,0,0,0,0,0,18,0,26,1,47,0.04,0.00,0.38,0.00,0.55,0.02,0.00,0.00,0.00,0.00,0.00,1.31,0.38
idée,word,0,2,0,0,0,0,0,7,0,0,2,11,0.18,0.00,0.64,0.00,0.00,0.18,0.00,0.00,0.00,0.00,0.00,1.31,0.38
qu'on,word,0,5,0,0,0,0,0,1,0,0,2,8,0.62,0.00,0.12,0.00,0.00,0.25,0.00,0.00,0.00,0.00,0.00,1.30,0.38
catastrophe,lemma,0,0,0,0,0,0,0,0,5,1,2,8,0.00,0.00,0.00,0.62,0.12,0.25,0.00,0.00,0.00,0.00,0.00,1.30,0.38
meurent,word,0,1,0,0,0,0,0,0,5,0,2,8,0.12,0.00,0.00,0.62,0.00,0.25,0.00,0.00,0.00,0.00,0.00,1.30,0.38
t'es,word,0,5,0,2,0,0,0,0,0,0,1,8,0.62,0.25,0.00,0.00,0.00,0.12,0.00,0.00,0.00,0.00,0.00,1.30,0.38
jusqu,word,2,0,0,0,0,0,0,1,0,5,0,8,0.00,0.00,0.12,0.00,0.62,0.00,0.25,0.00,0.00,0.00,0.00,1.30,0.38
servir,lemma,0,5,0,0,0,1,0,2,0,0,0,8,0.62,0.00,0.25,0.00,0.00,0.00,0.00,0.00,0.00,0.12,0.00,1.30,0.38
persécutés,word,0,1,0,0,0,0,0,0,5,0,2,8,0.12,0.00,0.00,0.62,0.00,0.25,0.00,0.00,0.00,0.00,0.00,1.30,0.38
gens,lemma,0,6,0,1,0,0,0,0,0,0,3,10,0.60,0.10,0.00,0.00,0.00,0.30,0.00,0.00,0.00,0.00,0.00,1.30,0.37
terroristes,word,0,3,0,0,0,0,0,0,6,0,1,10,0.30,0.00,0.00,0.60,0.00,0.10,0.00,0.00,0.00,0.00,0.00,1.30,0.37
gens,word,0,6,0,1,0,0,0,0,0,0,3,10,0.60,0.10,0.00,0.00,0.00,0.30,0.00,0.00,0.00,0.00,0.00,1.30,0.37
attentats,word,0,2,0,0,0,0,0,0,9,0,3,14,0.14,0.00,0.00,0.64,0.00,0.21,0.00,0.00,0.00,0.00,0.00,1.29,0.37
horrible,lemma,0,0,0,1,0,0,0,0,7,0,7,15,0.00,0.07,0.00,0.47,0.00,0.47,0.00,0.00,0.00,0.00,0.00,1.29,0.37
violence,word,0,4,0,0,0,0,0,0,7,0,1,12,0.33,0.00,0.00,0.58,0.00,0.08,0.00,0.00,0.00,0.00,0.00,1.28,0.37
gagner,lemma,1,1,0,0,0,14,0,21,0,0,0,37,0.03,0.00,0.57,0.00,0.00,0.00,0.03,0.00,0.00,0.38,0.00,1.28,0.37
laisser,lemma,0,13,0,0,0,1,0,0,2,0,2,18,0.72,0.00,0.00,0.11,0.00,0.11,0.00,0.00,0.00,0.06,0.00,1.28,0.37
guerre,lemma,0,8,0,0,0,0,0,0,24,0,5,37,0.22,0.00,0.00,0.65,0.00,0.14,0.00,0.00,0.00,0.00,0.00,1.27,0.37
terrible,word,0,0,0,0,1,0,0,0,6,0,8,15,0.00,0.00,0.00,0.40,0.00,0.53,0.00,0.00,0.07,0.00,0.00,1.27,0.37
insulter,lemma,0,8,0,0,7,0,0,0,0,0,1,16,0.50,0.00,0.00,0.00,0.00,0.06,0.00,0.00,0.44,0.00,0.00,1.27,0.37
meilleur,lemma,1,0,0,0,0,8,0,7,0,0,0,16,0.00,0.00,0.44,0.00,0.00,0.00,0.06,0.00,0.00,0.50,0.00,1.27,0.37
terrible,lemma,0,0,0,0,1,0,0,0,8,0,8,17,0.00,0.00,0.00,0.47,0.00,0.47,0.00,0.00,0.06,0.00,0.00,1.26,0.37
dictature,lemma,0,1,0,0,0,0,0,0,4,0,1,6,0.17,0.00,0.00,0.67,0.00,0.17,0.00,0.00,0.00,0.00,0.00,1.25,0.36
amour,word,0,0,0,1,0,0,0,4,0,1,0,6,0.00,0.17,0.67,0.00,0.17,0.00,0.00,0.00,0.00,0.00,0.00,1.25,0.36
détruire,word,0,1,0,0,0,0,0,0,4,0,1,6,0.17,0.00,0.00,0.67,0.00,0.17,0.00,0.00,0.00,0.00,0.00,1.25,0.36
famille,word,0,1,0,0,0,0,0,4,0,0,1,6,0.17,0.00,0.67,0.00,0.00,0.17,0.00,0.00,0.00,0.00,0.00,1.25,0.36
partir,lemma,0,0,0,0,0,0,0,1,1,0,4,6,0.00,0.00,0.17,0.17,0.00,0.67,0.00,0.00,0.00,0.00,0.00,1.25,0.36
retrouver,lemma,0,0,0,0,0,0,0,4,1,1,0,6,0.00,0.00,0.67,0.17,0.17,0.00,0.00,0.00,0.00,0.00,0.00,1.25,0.36
harcelé,lemma,0,0,0,0,1,0,0,0,1,0,4,6,0.00,0.00,0.00,0.17,0.00,0.67,0.00,0.00,0.17,0.00,0.00,1.25,0.36
trouver,word,0,0,0,0,1,0,0,0,4,0,1,6,0.00,0.00,0.00,0.67,0.00,0.17,0.00,0.00,0.17,0.00,0.00,1.25,0.36
dur,word,0,2,0,0,2,0,0,0,0,0,8,12,0.17,0.00,0.00,0.00,0.00,0.67,0.00,0.00,0.17,0.00,0.00,1.25,0.36
arrêté,word,0,4,0,0,0,0,0,0,1,0,1,6,0.67,0.00,0.00,0.17,0.00,0.17,0.00,0.00,0.00,0.00,0.00,1.25,0.36
violentes,word,0,1,0,0,0,0,0,0,4,0,1,6,0.17,0.00,0.00,0.67,0.00,0.17,0.00,0.00,0.00,0.00,0.00,1.25,0.36
dictature,word,0,1,0,0,0,0,0,0,4,0,1,6,0.17,0.00,0.00,0.67,0.00,0.17,0.00,0.00,0.00,0.00,0.00,1.25,0.36
punir,word,0,4,0,0,0,0,0,0,1,0,1,6,0.67,0.00,0.00,0.17,0.00,0.17,0.00,0.00,0.00,0.00,0.00,1.25,0.36
attaques,word,0,1,0,0,0,0,0,0,4,0,1,6,0.17,0.00,0.00,0.67,0.00,0.17,0.00,0.00,0.00,0.00,0.00,1.25,0.36
regarder,lemma,0,4,0,0,0,0,0,1,1,0,0,6,0.67,0.00,0.17,0.17,0.00,0.00,0.00,0.00,0.00,0.00,0.00,1.25,0.36
conséquence,lemma,0,1,0,0,0,0,0,0,4,0,1,6,0.17,0.00,0.00,0.67,0.00,0.17,0.00,0.00,0.00,0.00,0.00,1.25,0.36
conséquences,word,0,1,0,0,0,0,0,0,4,0,1,6,0.17,0.00,0.00,0.67,0.00,0.17,0.00,0.00,0.00,0.00,0.00,1.25,0.36
beau,word,3,0,0,0,0,2,0,10,0,0,0,15,0.00,0.00,0.67,0.00,0.00,0.00,0.20,0.00,0.00,0.13,0.00,1.24,0.36
attaqué,word,0,8,0,0,0,0,0,0,4,0,1,13,0.62,0.00,0.00,0.31,0.00,0.08,0.00,0.00,0.00,0.00,0.00,1.24,0.36
mourir,lemma,0,1,0,0,0,0,0,0,10,0,7,18,0.06,0.00,0.00,0.56,0.00,0.39,0.00,0.00,0.00,0.00,0.00,1.23,0.36
persécuter,lemma,0,1,0,0,0,0,0,0,6,0,2,9,0.11,0.00,0.00,0.67,0.00,0.22,0.00,0.00,0.00,0.00,0.00,1.22,0.35
pourquoi,word,0,6,0,0,0,0,0,0,0,1,2,9,0.67,0.00,0.00,0.00,0.11,0.22,0.00,0.00,0.00,0.00,0.00,1.22,0.35
porc,word,0,2,0,6,0,0,0,0,0,1,0,9,0.22,0.67,0.00,0.00,0.11,0.00,0.00,0.00,0.00,0.00,0.00,1.22,0.35
porc,lemma,0,2,0,6,0,0,0,0,0,1,0,9,0.22,0.67,0.00,0.00,0.11,0.00,0.00,0.00,0.00,0.00,0.00,1.22,0.35
pourquoi,lemma,0,6,0,0,0,0,0,0,0,1,2,9,0.67,0.00,0.00,0.00,0.11,0.22,0.00,0.00,0.00,0.00,0.00,1.22,0.35
rejeter,lemma,0,1,0,0,0,0,0,0,2,0,6,9,0.11,0.00,0.00,0.22,0.00,0.67,0.00,0.00,0.00,0.00,0.00,1.22,0.35
guerre,word,0,8,0,0,0,0,0,0,24,0,4,36,0.22,0.00,0.00,0.67,0.00,0.11,0.00,0.00,0.00,0.00,0.00,1.22,0.35
attaquer,lemma,0,11,0,0,0,0,0,0,12,0,1,24,0.46,0.00,0.00,0.50,0.00,0.04,0.00,0.00,0.00,0.00,0.00,1.21,0.35
grosse,word,0,10,0,5,0,1,0,0,0,0,0,16,0.62,0.31,0.00,0.00,0.00,0.00,0.00,0.00,0.00,0.06,0.00,1.20,0.35
gagné,word,1,0,0,0,0,8,0,14,0,0,0,23,0.00,0.00,0.61,0.00,0.00,0.00,0.04,0.00,0.00,0.35,0.00,1.16,0.34
…,punctuation,1,8,0,0,24,0,1,2,6,228,16,286,0.03,0.00,0.01,0.02,0.80,0.06,0.00,0.00,0.08,0.00,0.00,1.16,0.34
beau,lemma,4,0,0,0,0,3,0,17,0,0,0,24,0.00,0.00,0.71,0.00,0.00,0.00,0.17,0.00,0.00,0.12,0.00,1.16,0.33
attendre,lemma,0,0,0,0,1,0,0,2,0,7,0,10,0.00,0.00,0.20,0.00,0.70,0.00,0.00,0.00,0.10,0.00,0.00,1.16,0.33
exceptionnel,lemma,2,0,0,0,0,0,0,1,0,7,0,10,0.00,0.00,0.10,0.00,0.70,0.00,0.20,0.00,0.00,0.00,0.00,1.16,0.33
respecter,lemma,2,7,0,1,0,0,0,0,0,0,0,10,0.70,0.10,0.00,0.00,0.00,0.00,0.20,0.00,0.00,0.00,0.00,1.16,0.33
d'accord,word,0,7,0,0,0,0,0,2,1,0,0,10,0.70,0.00,0.20,0.10,0.00,0.00,0.00,0.00,0.00,0.00,0.00,1.16,0.33
effondrer,lemma,0,0,0,0,0,0,0,0,7,1,2,10,0.00,0.00,0.00,0.70,0.10,0.20,0.00,0.00,0.00,0.00,0.00,1.16,0.33
julien,word,0,5,0,1,0,0,0,1,0,0,0,7,0.71,0.14,0.14,0.00,0.00,0.00,0.00,0.00,0.00,0.00,0.00,1.15,0.33
arme,word,0,1,0,0,0,1,0,0,5,0,0,7,0.14,0.00,0.00,0.71,0.00,0.00,0.00,0.00,0.00,0.14,0.00,1.15,0.33
mariage,lemma,0,0,0,0,0,0,0,5,0,1,1,7,0.00,0.00,0.71,0.00,0.14,0.14,0.00,0.00,0.00,0.00,0.00,1.15,0.33
merveilleux,lemma,5,0,0,0,0,0,0,1,0,1,0,7,0.00,0.00,0.14,0.00,0.14,0.00,0.71,0.00,0.00,0.00,0.00,1.15,0.33
occuper,lemma,0,5,0,1,0,0,0,0,0,0,1,7,0.71,0.14,0.00,0.00,0.00,0.14,0.00,0.00,0.00,0.00,0.00,1.15,0.33
ca,word,0,5,0,1,0,0,0,0,0,0,1,7,0.71,0.14,0.00,0.00,0.00,0.14,0.00,0.00,0.00,0.00,0.00,1.15,0.33
mariage,word,0,0,0,0,0,0,0,5,0,1,1,7,0.00,0.00,0.71,0.00,0.14,0.14,0.00,0.00,0.00,0.00,0.00,1.15,0.33
suffit,word,0,5,0,0,0,0,0,1,0,0,1,7,0.71,0.00,0.14,0.00,0.00,0.14,0.00,0.00,0.00,0.00,0.00,1.15,0.33
suffire,lemma,0,5,0,0,0,0,0,1,0,0,1,7,0.71,0.00,0.14,0.00,0.00,0.14,0.00,0.00,0.00,0.00,0.00,1.15,0.33
rue,word,0,5,0,0,0,0,0,1,0,0,1,7,0.71,0.00,0.14,0.00,0.00,0.14,0.00,0.00,0.00,0.00,0.00,1.15,0.33
merveilleux,word,5,0,0,0,0,0,0,1,0,1,0,7,0.00,0.00,0.14,0.00,0.14,0.00,0.71,0.00,0.00,0.00,0.00,1.15,0.33
rue,lemma,0,8,0,0,0,0,0,2,0,0,1,11,0.73,0.00,0.18,0.00,0.00,0.09,0.00,0.00,0.00,0.00,0.00,1.10,0.32
sourire,lemma,0,1,0,0,1,0,0,11,0,0,1,14,0.07,0.00,0.79,0.00,0.00,0.07,0.00,0.00,0.07,0.00,0.00,1.09,0.31
insulte,lemma,0,7,0,0,17,0,0,0,1,0,0,25,0.28,0.00,0.00,0.04,0.00,0.00,0.00,0.00,0.68,0.00,0.00,1.08,0.31
amour,lemma,0,0,0,1,0,0,0,6,0,1,0,8,0.00,0.12,0.75,0.00,0.12,0.00,0.00,0.00,0.00,0.00,0.00,1.06,0.31
arrêter,word,0,6,0,1,0,0,0,0,0,0,1,8,0.75,0.12,0.00,0.00,0.00,0.12,0.00,0.00,0.00,0.00,0.00,1.06,0.31
laisser,word,0,6,0,0,0,1,0,0,0,0,1,8,0.75,0.00,0.00,0.00,0.00,0.12,0.00,0.00,0.00,0.12,0.00,1.06,0.31
sûr,lemma,0,0,0,0,0,0,0,6,0,1,1,8,0.00,0.00,0.75,0.00,0.12,0.12,0.00,0.00,0.00,0.00,0.00,1.06,0.31
sûr,word,0,0,0,0,0,0,0,6,0,1,1,8,0.00,0.00,0.75,0.00,0.12,0.12,0.00,0.00,0.00,0.00,0.00,1.06,0.31
quitter,lemma,0,1,0,0,0,0,0,0,13,0,4,18,0.06,0.00,0.00,0.72,0.00,0.22,0.00,0.00,0.00,0.00,0.00,1.05,0.30
s'en,word,0,9,0,1,0,0,0,0,2,0,0,12,0.75,0.08,0.00,0.17,0.00,0.00,0.00,0.00,0.00,0.00,0.00,1.04,0.30
obtenu,word,0,0,0,0,0,2,0,2,0,0,0,4,0.00,0.00,0.50,0.00,0.00,0.00,0.00,0.00,0.00,0.50,0.00,1.00,0.29
mortes,word,0,0,0,0,0,0,0,0,2,0,2,4,0.00,0.00,0.00,0.50,0.00,0.50,0.00,0.00,0.00,0.00,0.00,1.00,0.29
humeur,word,0,2,0,0,0,0,0,2,0,0,0,4,0.50,0.00,0.50,0.00,0.00,0.00,0.00,0.00,0.00,0.00,0.00,1.00,0.29
aucune,word,0,2,0,0,0,0,0,0,0,0,2,4,0.50,0.00,0.00,0.00,0.00,0.50,0.00,0.00,0.00,0.00,0.00,1.00,0.29
rétorquer,lemma,0,2,0,0,0,2,0,0,0,0,0,4,0.50,0.00,0.00,0.00,0.00,0.00,0.00,0.00,0.00,0.50,0.00,1.00,0.29
élire,lemma,0,0,0,0,0,2,0,2,0,0,0,4,0.00,0.00,0.50,0.00,0.00,0.00,0.00,0.00,0.00,0.50,0.00,1.00,0.29
élue,word,0,0,0,0,0,2,0,2,0,0,0,4,0.00,0.00,0.50,0.00,0.00,0.00,0.00,0.00,0.00,0.50,0.00,1.00,0.29
tuées,word,0,0,0,0,0,0,0,0,2,0,2,4,0.00,0.00,0.00,0.50,0.00,0.50,0.00,0.00,0.00,0.00,0.00,1.00,0.29
déchirer,lemma,0,2,0,0,0,0,0,0,2,0,0,4,0.50,0.00,0.00,0.50,0.00,0.00,0.00,0.00,0.00,0.00,0.00,1.00,0.29
horrible,word,0,0,0,0,0,0,0,0,6,0,6,12,0.00,0.00,0.00,0.50,0.00,0.50,0.00,0.00,0.00,0.00,0.00,1.00,0.29
humeur,lemma,0,2,0,0,0,0,0,2,0,0,0,4,0.50,0.00,0.50,0.00,0.00,0.00,0.00,0.00,0.00,0.00,0.00,1.00,0.29
enfermés,word,0,0,0,0,0,0,0,0,2,0,2,4,0.00,0.00,0.00,0.50,0.00,0.50,0.00,0.00,0.00,0.00,0.00,1.00,0.29
réaliser,lemma,0,0,0,0,0,0,0,2,0,2,0,4,0.00,0.00,0.50,0.00,0.50,0.00,0.00,0.00,0.00,0.00,0.00,1.00,0.29
rétorque,word,0,2,0,0,0,2,0,0,0,0,0,4,0.50,0.00,0.00,0.00,0.00,0.00,0.00,0.00,0.00,0.50,0.00,1.00,0.29
insuffisant,lemma,0,2,0,0,0,0,0,0,0,0,2,4,0.50,0.00,0.00,0.00,0.00,0.50,0.00,0.00,0.00,0.00,0.00,1.00,0.29
vexé,word,0,0,0,0,2,0,0,0,0,0,2,4,0.00,0.00,0.00,0.00,0.00,0.50,0.00,0.00,0.50,0.00,0.00,1.00,0.29
deuxième,word,0,0,0,0,0,2,0,2,0,0,0,4,0.00,0.00,0.50,0.00,0.00,0.00,0.00,0.00,0.00,0.50,0.00,1.00,0.29
vexe,word,0,2,0,0,0,0,0,0,0,0,2,4,0.50,0.00,0.00,0.00,0.00,0.50,0.00,0.00,0.00,0.00,0.00,1.00,0.29
enfant,lemma,0,0,0,0,0,0,0,4,4,0,0,8,0.00,0.00,0.50,0.50,0.00,0.00,0.00,0.00,0.00,0.00,0.00,1.00,0.29
dormir,lemma,0,0,0,0,0,0,0,0,4,0,4,8,0.00,0.00,0.00,0.50,0.00,0.50,0.00,0.00,0.00,0.00,0.00,1.00,0.29
discrimination,lemma,0,2,0,0,0,0,0,0,0,0,2,4,0.50,0.00,0.00,0.00,0.00,0.50,0.00,0.00,0.00,0.00,0.00,1.00,0.29
vexe,lemma,0,2,0,0,0,0,0,0,0,0,2,4,0.50,0.00,0.00,0.00,0.00,0.50,0.00,0.00,0.00,0.00,0.00,1.00,0.29
gagne,word,0,0,0,0,0,3,0,3,0,0,0,6,0.00,0.00,0.50,0.00,0.00,0.00,0.00,0.00,0.00,0.50,0.00,1.00,0.29
frustrant,word,0,2,0,0,0,0,0,0,0,0,2,4,0.50,0.00,0.00,0.00,0.00,0.50,0.00,0.00,0.00,0.00,0.00,1.00,0.29
pote,lemma,0,2,0,0,0,0,0,0,0,0,2,4,0.50,0.00,0.00,0.00,0.00,0.50,0.00,0.00,0.00,0.00,0.00,1.00,0.29
point,lemma,0,0,0,0,0,0,0,0,0,2,2,4,0.00,0.00,0.00,0.00,0.50,0.50,0.00,0.00,0.00,0.00,0.00,1.00,0.29
point,word,0,0,0,0,0,0,0,0,0,2,2,4,0.00,0.00,0.00,0.00,0.50,0.50,0.00,0.00,0.00,0.00,0.00,1.00,0.29
piles,word,0,0,0,0,0,0,0,0,4,0,4,8,0.00,0.00,0.00,0.50,0.00,0.50,0.00,0.00,0.00,0.00,0.00,1.00,0.29
frustrant,lemma,0,2,0,0,0,0,0,0,0,0,2,4,0.50,0.00,0.00,0.00,0.00,0.50,0.00,0.00,0.00,0.00,0.00,1.00,0.29
deuxième,lemma,0,0,0,0,0,2,0,2,0,0,0,4,0.00,0.00,0.50,0.00,0.00,0.00,0.00,0.00,0.00,0.50,0.00,1.00,0.29
voulaient,word,0,2,0,0,0,0,0,0,0,0,2,4,0.50,0.00,0.00,0.00,0.00,0.50,0.00,0.00,0.00,0.00,0.00,1.00,0.29
exceptionnel,word,2,0,0,0,0,0,0,0,0,2,0,4,0.00,0.00,0.00,0.00,0.50,0.00,0.50,0.00,0.00,0.00,0.00,1.00,0.29
nobel,word,0,0,0,0,0,2,0,2,0,0,0,4,0.00,0.00,0.50,0.00,0.00,0.00,0.00,0.00,0.00,0.50,0.00,1.00,0.29
négatives,word,0,0,0,0,2,0,0,0,0,0,2,4,0.00,0.00,0.00,0.00,0.00,0.50,0.00,0.00,0.50,0.00,0.00,1.00,0.29
gagnera,word,0,0,0,0,0,2,0,2,0,0,0,4,0.00,0.00,0.50,0.00,0.00,0.00,0.00,0.00,0.00,0.50,0.00,1.00,0.29
gouine,lemma,0,3,0,3,0,0,0,0,0,0,0,6,0.50,0.50,0.00,0.00,0.00,0.00,0.00,0.00,0.00,0.00,0.00,1.00,0.29
gouine,word,0,3,0,3,0,0,0,0,0,0,0,6,0.50,0.50,0.00,0.00,0.00,0.00,0.00,0.00,0.00,0.00,0.00,1.00,0.29
gloire,lemma,0,0,0,0,0,2,0,2,0,0,0,4,0.00,0.00,0.50,0.00,0.00,0.00,0.00,0.00,0.00,0.50,0.00,1.00,0.29
gloire,word,0,0,0,0,0,2,0,2,0,0,0,4,0.00,0.00,0.50,0.00,0.00,0.00,0.00,0.00,0.00,0.50,0.00,1.00,0.29
championne,word,0,0,0,0,0,4,0,4,0,0,0,8,0.00,0.00,0.50,0.00,0.00,0.00,0.00,0.00,0.00,0.50,0.00,1.00,0.29
emprisonné,word,0,0,0,0,0,0,0,0,2,0,2,4,0.00,0.00,0.00,0.50,0.00,0.50,0.00,0.00,0.00,0.00,0.00,1.00,0.29
d'or,word,0,0,0,0,0,2,0,2,0,0,0,4,0.00,0.00,0.50,0.00,0.00,0.00,0.00,0.00,0.00,0.50,0.00,1.00,0.29
réussit,word,0,0,0,0,0,2,0,2,0,0,0,4,0.00,0.00,0.50,0.00,0.00,0.00,0.00,0.00,0.00,0.50,0.00,1.00,0.29
eau,lemma,0,0,0,0,0,0,0,0,2,0,2,4,0.00,0.00,0.00,0.50,0.00,0.50,0.00,0.00,0.00,0.00,0.00,1.00,0.29
faute,lemma,0,3,3,0,0,0,0,0,0,0,0,6,0.50,0.00,0.00,0.00,0.00,0.00,0.00,0.50,0.00,0.00,0.00,1.00,0.29
gagnera,lemma,0,0,0,0,0,2,0,2,0,0,0,4,0.00,0.00,0.50,0.00,0.00,0.00,0.00,0.00,0.00,0.50,0.00,1.00,0.29
emprisonner,lemma,0,0,0,0,0,0,0,0,2,0,2,4,0.00,0.00,0.00,0.50,0.00,0.50,0.00,0.00,0.00,0.00,0.00,1.00,0.29
récompense,lemma,0,0,0,0,0,4,0,4,0,0,0,8,0.00,0.00,0.50,0.00,0.00,0.00,0.00,0.00,0.00,0.50,0.00,1.00,0.29
timidement,lemma,0,0,0,0,2,0,0,0,2,0,0,4,0.00,0.00,0.00,0.50,0.00,0.00,0.00,0.00,0.50,0.00,0.00,1.00,0.29
nobel,lemma,0,0,0,0,0,2,0,2,0,0,0,4,0.00,0.00,0.50,0.00,0.00,0.00,0.00,0.00,0.00,0.50,0.00,1.00,0.29
médaille,word,0,0,0,0,0,5,0,5,0,0,0,10,0.00,0.00,0.50,0.00,0.00,0.00,0.00,0.00,0.00,0.50,0.00,1.00,0.29
timidement,word,0,0,0,0,2,0,0,0,2,0,0,4,0.00,0.00,0.00,0.50,0.00,0.00,0.00,0.00,0.50,0.00,0.00,1.00,0.29
championne,lemma,0,0,0,0,0,4,0,4,0,0,0,8,0.00,0.00,0.50,0.00,0.00,0.00,0.00,0.00,0.00,0.50,0.00,1.00,0.29
récompense,word,0,0,0,0,0,5,0,5,0,0,0,10,0.00,0.00,0.50,0.00,0.00,0.00,0.00,0.00,0.00,0.50,0.00,1.00,0.29
déposer,lemma,0,2,0,0,0,0,0,0,0,0,2,4,0.50,0.00,0.00,0.00,0.00,0.50,0.00,0.00,0.00,0.00,0.00,1.00,0.29
hommage,lemma,16,0,0,0,0,0,0,0,0,0,17,33,0.00,0.00,0.00,0.00,0.00,0.52,0.48,0.00,0.00,0.00,0.00,1.00,0.29
hommage,word,15,0,0,0,0,0,0,0,0,0,16,31,0.00,0.00,0.00,0.00,0.00,0.52,0.48,0.00,0.00,0.00,0.00,1.00,0.29
bande,lemma,0,6,0,5,0,0,0,0,0,0,0,11,0.55,0.45,0.00,0.00,0.00,0.00,0.00,0.00,0.00,0.00,0.00,0.99,0.29
bande,word,0,6,0,5,0,0,0,0,0,0,0,11,0.55,0.45,0.00,0.00,0.00,0.00,0.00,0.00,0.00,0.00,0.00,0.99,0.29
merde,lemma,0,10,0,8,0,0,0,0,0,0,0,18,0.56,0.44,0.00,0.00,0.00,0.00,0.00,0.00,0.00,0.00,0.00,0.99,0.29
merde,word,0,9,0,7,0,0,0,0,0,0,0,16,0.56,0.44,0.00,0.00,0.00,0.00,0.00,0.00,0.00,0.00,0.00,0.99,0.29
arme,lemma,0,1,0,0,0,1,0,0,7,0,0,9,0.11,0.00,0.00,0.78,0.00,0.00,0.00,0.00,0.00,0.11,0.00,0.99,0.29
attaque,lemma,0,1,0,0,0,0,0,0,7,0,1,9,0.11,0.00,0.00,0.78,0.00,0.11,0.00,0.00,0.00,0.00,0.00,0.99,0.29
tirer,lemma,0,0,0,0,0,0,0,3,4,0,0,7,0.00,0.00,0.43,0.57,0.00,0.00,0.00,0.00,0.00,0.00,0.00,0.99,0.28
olympique,lemma,0,0,0,0,0,3,0,4,0,0,0,7,0.00,0.00,0.57,0.00,0.00,0.00,0.00,0.00,0.00,0.43,0.00,0.99,0.28
insulte,word,0,3,0,0,4,0,0,0,0,0,0,7,0.43,0.00,0.00,0.00,0.00,0.00,0.00,0.00,0.57,0.00,0.00,0.99,0.28
dormir,word,0,0,0,0,0,0,0,0,3,0,4,7,0.00,0.00,0.00,0.43,0.00,0.57,0.00,0.00,0.00,0.00,0.00,0.99,0.28
enfants,word,0,0,0,0,0,0,0,3,4,0,0,7,0.00,0.00,0.43,0.57,0.00,0.00,0.00,0.00,0.00,0.00,0.00,0.99,0.28
mourir,word,0,0,0,0,0,0,0,0,4,0,3,7,0.00,0.00,0.00,0.57,0.00,0.43,0.00,0.00,0.00,0.00,0.00,0.99,0.28
meilleure,word,0,0,0,0,0,3,0,4,0,0,0,7,0.00,0.00,0.57,0.00,0.00,0.00,0.00,0.00,0.00,0.43,0.00,0.99,0.28
laisse,word,0,3,0,0,0,0,0,0,0,0,2,5,0.60,0.00,0.00,0.00,0.00,0.40,0.00,0.00,0.00,0.00,0.00,0.97,0.28
malgré,word,0,0,0,0,0,0,0,0,0,2,3,5,0.00,0.00,0.00,0.00,0.40,0.60,0.00,0.00,0.00,0.00,0.00,0.97,0.28
puissant,lemma,2,0,0,0,0,0,0,0,3,0,0,5,0.00,0.00,0.00,0.60,0.00,0.00,0.40,0.00,0.00,0.00,0.00,0.97,0.28
excuse,lemma,0,0,3,0,2,0,0,0,0,0,0,5,0.00,0.00,0.00,0.00,0.00,0.00,0.00,0.60,0.40,0.00,0.00,0.97,0.28
exclame,lemma,0,0,0,0,0,0,0,2,0,3,0,5,0.00,0.00,0.40,0.00,0.60,0.00,0.00,0.00,0.00,0.00,0.00,0.97,0.28
remporter,word,0,0,0,0,0,6,0,9,0,0,0,15,0.00,0.00,0.60,0.00,0.00,0.00,0.00,0.00,0.00,0.40,0.00,0.97,0.28
fêter,word,0,0,0,0,0,0,0,3,0,2,0,5,0.00,0.00,0.60,0.00,0.40,0.00,0.00,0.00,0.00,0.00,0.00,0.97,0.28
famine,word,0,0,0,0,0,0,0,0,3,0,2,5,0.00,0.00,0.00,0.60,0.00,0.40,0.00,0.00,0.00,0.00,0.00,0.97,0.28
punir,lemma,0,3,0,0,0,0,0,0,2,0,0,5,0.60,0.00,0.00,0.40,0.00,0.00,0.00,0.00,0.00,0.00,0.00,0.97,0.28
drôles,word,0,0,0,0,0,0,0,2,0,3,0,5,0.00,0.00,0.40,0.00,0.60,0.00,0.00,0.00,0.00,0.00,0.00,0.97,0.28
droit,word,0,2,0,0,0,0,0,3,0,0,0,5,0.40,0.00,0.60,0.00,0.00,0.00,0.00,0.00,0.00,0.00,0.00,0.97,0.28
anglais,lemma,0,2,0,0,0,0,0,0,0,0,3,5,0.40,0.00,0.00,0.00,0.00,0.60,0.00,0.00,0.00,0.00,0.00,0.97,0.28
choquant,lemma,0,3,0,0,0,0,0,0,0,2,0,5,0.60,0.00,0.00,0.00,0.40,0.00,0.00,0.00,0.00,0.00,0.00,0.97,0.28
négatif,lemma,0,0,0,0,2,0,0,0,0,0,3,5,0.00,0.00,0.00,0.00,0.00,0.60,0.00,0.00,0.40,0.00,0.00,0.97,0.28
pleurant,word,0,0,0,0,0,0,0,0,3,0,2,5,0.00,0.00,0.00,0.60,0.00,0.40,0.00,0.00,0.00,0.00,0.00,0.97,0.28
fêter,lemma,0,0,0,0,0,0,0,3,0,2,0,5,0.00,0.00,0.60,0.00,0.40,0.00,0.00,0.00,0.00,0.00,0.00,0.97,0.28
passe,word,0,0,0,0,0,0,0,0,3,2,0,5,0.00,0.00,0.00,0.60,0.40,0.00,0.00,0.00,0.00,0.00,0.00,0.97,0.28
rendre,word,2,0,0,0,0,0,0,0,0,0,3,5,0.00,0.00,0.00,0.00,0.00,0.60,0.40,0.00,0.00,0.00,0.00,0.97,0.28
faute,word,0,2,3,0,0,0,0,0,0,0,0,5,0.40,0.00,0.00,0.00,0.00,0.00,0.00,0.60,0.00,0.00,0.00,0.97,0.28
cacher,word,0,3,0,0,0,0,0,0,2,0,0,5,0.60,0.00,0.00,0.40,0.00,0.00,0.00,0.00,0.00,0.00,0.00,0.97,0.28
applaudir,lemma,3,0,0,0,0,0,0,2,0,0,0,5,0.00,0.00,0.40,0.00,0.00,0.00,0.60,0.00,0.00,0.00,0.00,0.97,0.28
applaudi,word,3,0,0,0,0,0,0,2,0,0,0,5,0.00,0.00,0.40,0.00,0.00,0.00,0.60,0.00,0.00,0.00,0.00,0.97,0.28
anglais,word,0,2,0,0,0,0,0,0,0,0,3,5,0.40,0.00,0.00,0.00,0.00,0.60,0.00,0.00,0.00,0.00,0.00,0.97,0.28
olympiques,word,0,0,0,0,0,2,0,3,0,0,0,5,0.00,0.00,0.60,0.00,0.00,0.00,0.00,0.00,0.00,0.40,0.00,0.97,0.28
tempête,lemma,0,0,0,0,0,0,0,0,3,0,2,5,0.00,0.00,0.00,0.60,0.00,0.40,0.00,0.00,0.00,0.00,0.00,0.97,0.28
mis,word,0,2,0,0,0,0,0,0,0,0,3,5,0.40,0.00,0.00,0.00,0.00,0.60,0.00,0.00,0.00,0.00,0.00,0.97,0.28
renvoyé,word,0,0,0,0,0,0,0,0,2,0,3,5,0.00,0.00,0.00,0.40,0.00,0.60,0.00,0.00,0.00,0.00,0.00,0.97,0.28
insulter,word,0,6,0,0,4,0,0,0,0,0,0,10,0.60,0.00,0.00,0.00,0.00,0.00,0.00,0.00,0.40,0.00,0.00,0.97,0.28
choqués,word,0,2,0,0,0,0,0,0,0,3,0,5,0.40,0.00,0.00,0.00,0.60,0.00,0.00,0.00,0.00,0.00,0.00,0.97,0.28
moment,word,0,2,0,0,0,0,0,3,0,0,0,5,0.40,0.00,0.60,0.00,0.00,0.00,0.00,0.00,0.00,0.00,0.00,0.97,0.28
choquant,word,0,3,0,0,0,0,0,0,0,2,0,5,0.60,0.00,0.00,0.00,0.40,0.00,0.00,0.00,0.00,0.00,0.00,0.97,0.28
honneur,word,2,0,0,0,0,3,0,0,0,0,0,5,0.00,0.00,0.00,0.00,0.00,0.00,0.40,0.00,0.00,0.60,0.00,0.97,0.28
spectaculaire,lemma,5,0,0,0,0,0,0,0,0,3,0,8,0.00,0.00,0.00,0.00,0.38,0.00,0.62,0.00,0.00,0.00,0.00,0.95,0.28
traité,lemma,0,3,0,0,5,0,0,0,0,0,0,8,0.38,0.00,0.00,0.00,0.00,0.00,0.00,0.00,0.62,0.00,0.00,0.95,0.28
traité,word,0,3,0,0,5,0,0,0,0,0,0,8,0.38,0.00,0.00,0.00,0.00,0.00,0.00,0.00,0.62,0.00,0.00,0.95,0.28
cacher,lemma,0,3,0,0,0,0,0,0,5,0,0,8,0.38,0.00,0.00,0.62,0.00,0.00,0.00,0.00,0.00,0.00,0.00,0.95,0.28
spectaculaire,word,5,0,0,0,0,0,0,0,0,3,0,8,0.00,0.00,0.00,0.00,0.38,0.00,0.62,0.00,0.00,0.00,0.00,0.95,0.28
pleurer,lemma,0,0,0,0,0,0,0,2,5,0,25,32,0.00,0.00,0.06,0.16,0.00,0.78,0.00,0.00,0.00,0.00,0.00,0.95,0.27
bonne,word,0,0,0,0,0,1,0,11,0,0,2,14,0.00,0.00,0.79,0.00,0.00,0.14,0.00,0.00,0.00,0.07,0.00,0.95,0.27
assez,lemma,0,20,0,0,0,1,0,0,0,0,5,26,0.77,0.00,0.00,0.00,0.00,0.19,0.00,0.00,0.00,0.04,0.00,0.93,0.27
nouveau,lemma,0,0,0,0,0,0,0,8,0,1,1,10,0.00,0.00,0.80,0.00,0.10,0.10,0.00,0.00,0.00,0.00,0.00,0.92,0.27
étoile,lemma,0,0,0,0,0,1,0,2,0,0,0,3,0.00,0.00,0.67,0.00,0.00,0.00,0.00,0.00,0.00,0.33,0.00,0.92,0.27
émue,word,0,0,0,0,1,0,0,2,0,0,0,3,0.00,0.00,0.67,0.00,0.00,0.00,0.00,0.00,0.33,0.00,0.00,0.92,0.27
affaire,lemma,0,2,0,0,0,0,0,0,0,1,0,3,0.67,0.00,0.00,0.00,0.33,0.00,0.00,0.00,0.00,0.00,0.00,0.92,0.27
danser,word,0,0,0,0,1,0,0,2,0,0,0,3,0.00,0.00,0.67,0.00,0.00,0.00,0.00,0.00,0.33,0.00,0.00,0.92,0.27
difficulté,lemma,0,0,0,0,0,0,0,0,2,0,1,3,0.00,0.00,0.00,0.67,0.00,0.33,0.00,0.00,0.00,0.00,0.00,0.92,0.27
précipite,word,0,0,0,0,0,0,0,2,1,0,0,3,0.00,0.00,0.67,0.33,0.00,0.00,0.00,0.00,0.00,0.00,0.00,0.92,0.27
précipiter,lemma,0,0,0,0,0,0,0,2,1,0,0,3,0.00,0.00,0.67,0.33,0.00,0.00,0.00,0.00,0.00,0.00,0.00,0.92,0.27
préoccupations,word,0,0,0,0,0,0,0,0,1,0,2,3,0.00,0.00,0.00,0.33,0.00,0.67,0.00,0.00,0.00,0.00,0.00,0.92,0.27
préoccuper,lemma,0,2,0,0,0,0,0,0,1,0,0,3,0.67,0.00,0.00,0.33,0.00,0.00,0.00,0.00,0.00,0.00,0.00,0.92,0.27
puissants,word,1,0,0,0,0,0,0,0,2,0,0,3,0.00,0.00,0.00,0.67,0.00,0.00,0.33,0.00,0.00,0.00,0.00,0.92,0.27
pur,lemma,0,2,0,1,0,0,0,0,0,0,0,3,0.67,0.33,0.00,0.00,0.00,0.00,0.00,0.00,0.00,0.00,0.00,0.92,0.27
pure,word,0,2,0,1,0,0,0,0,0,0,0,3,0.67,0.33,0.00,0.00,0.00,0.00,0.00,0.00,0.00,0.00,0.00,0.92,0.27
fière,lemma,0,0,0,0,0,2,0,1,0,0,0,3,0.00,0.00,0.33,0.00,0.00,0.00,0.00,0.00,0.00,0.67,0.00,0.92,0.27
fières,word,0,0,0,0,0,2,0,1,0,0,0,3,0.00,0.00,0.33,0.00,0.00,0.00,0.00,0.00,0.00,0.67,0.00,0.92,0.27
consterner,lemma,0,1,0,0,0,0,0,0,0,0,2,3,0.33,0.00,0.00,0.00,0.00,0.67,0.00,0.00,0.00,0.00,0.00,0.92,0.27
consterné,word,0,1,0,0,0,0,0,0,0,0,2,3,0.33,0.00,0.00,0.00,0.00,0.67,0.00,0.00,0.00,0.00,0.00,0.92,0.27
jeu,lemma,0,0,0,0,0,1,0,2,0,0,0,3,0.00,0.00,0.67,0.00,0.00,0.00,0.00,0.00,0.00,0.33,0.00,0.92,0.27
jeune,lemma,0,2,0,0,0,0,0,0,0,0,1,3,0.67,0.00,0.00,0.00,0.00,0.33,0.00,0.00,0.00,0.00,0.00,0.92,0.27
jeux,word,0,0,0,0,0,1,0,2,0,0,0,3,0.00,0.00,0.67,0.00,0.00,0.00,0.00,0.00,0.00,0.33,0.00,0.92,0.27
joué,word,0,0,0,0,0,1,0,2,0,0,0,3,0.00,0.00,0.67,0.00,0.00,0.00,0.00,0.00,0.00,0.33,0.00,0.92,0.27
vidéo,lemma,0,2,0,0,1,0,0,0,0,0,0,3,0.67,0.00,0.00,0.00,0.00,0.00,0.00,0.00,0.33,0.00,0.00,0.92,0.27
vien,lemma,0,0,0,0,0,0,0,2,1,0,0,3,0.00,0.00,0.67,0.33,0.00,0.00,0.00,0.00,0.00,0.00,0.00,0.92,0.27
viens,word,0,0,0,0,0,0,0,2,1,0,0,3,0.00,0.00,0.67,0.33,0.00,0.00,0.00,0.00,0.00,0.00,0.00,0.92,0.27
violente,lemma,0,1,0,0,0,0,0,0,2,0,0,3,0.33,0.00,0.00,0.67,0.00,0.00,0.00,0.00,0.00,0.00,0.00,0.92,0.27
violente,word,0,1,0,0,0,0,0,0,2,0,0,3,0.33,0.00,0.00,0.67,0.00,0.00,0.00,0.00,0.00,0.00,0.00,0.92,0.27
demander,word,0,2,0,0,0,0,0,1,0,0,0,3,0.67,0.00,0.33,0.00,0.00,0.00,0.00,0.00,0.00,0.00,0.00,0.92,0.27
descendues,word,0,2,0,0,0,0,0,1,0,0,0,3,0.67,0.00,0.33,0.00,0.00,0.00,0.00,0.00,0.00,0.00,0.00,0.92,0.27
discriminations,word,0,1,0,0,0,0,0,0,0,0,2,3,0.33,0.00,0.00,0.00,0.00,0.67,0.00,0.00,0.00,0.00,0.00,0.92,0.27
insulté,lemma,0,2,0,0,4,0,0,0,0,0,0,6,0.33,0.00,0.00,0.00,0.00,0.00,0.00,0.00,0.67,0.00,0.00,0.92,0.27
insulté,word,0,2,0,0,4,0,0,0,0,0,0,6,0.33,0.00,0.00,0.00,0.00,0.00,0.00,0.00,0.67,0.00,0.00,0.92,0.27
insécurité,lemma,0,1,0,0,0,0,0,0,2,0,0,3,0.33,0.00,0.00,0.67,0.00,0.00,0.00,0.00,0.00,0.00,0.00,0.92,0.27
insécurité,word,0,1,0,0,0,0,0,0,2,0,0,3,0.33,0.00,0.00,0.67,0.00,0.00,0.00,0.00,0.00,0.00,0.00,0.92,0.27
connaître,lemma,0,0,0,0,0,0,0,0,1,0,2,3,0.00,0.00,0.00,0.33,0.00,0.67,0.00,0.00,0.00,0.00,0.00,0.92,0.27
crient,word,0,0,0,0,0,0,0,0,2,1,0,3,0.00,0.00,0.00,0.67,0.33,0.00,0.00,0.00,0.00,0.00,0.00,0.92,0.27
critiques,word,0,4,0,0,0,0,0,0,2,0,0,6,0.67,0.00,0.00,0.33,0.00,0.00,0.00,0.00,0.00,0.00,0.00,0.92,0.27
foutre,lemma,0,2,0,1,0,0,0,0,0,0,0,3,0.67,0.33,0.00,0.00,0.00,0.00,0.00,0.00,0.00,0.00,0.00,0.92,0.27
foutre,word,0,2,0,1,0,0,0,0,0,0,0,3,0.67,0.33,0.00,0.00,0.00,0.00,0.00,0.00,0.00,0.00,0.00,0.92,0.27
frappé,word,0,0,0,0,0,0,0,0,2,0,1,3,0.00,0.00,0.00,0.67,0.00,0.33,0.00,0.00,0.00,0.00,0.00,0.92,0.27
pollution,lemma,0,1,0,0,0,0,0,0,2,0,0,3,0.33,0.00,0.00,0.67,0.00,0.00,0.00,0.00,0.00,0.00,0.00,0.92,0.27
pute,lemma,0,10,0,5,0,0,0,0,0,0,0,15,0.67,0.33,0.00,0.00,0.00,0.00,0.00,0.00,0.00,0.00,0.00,0.92,0.27
pute,word,0,10,0,5,0,0,0,0,0,0,0,15,0.67,0.33,0.00,0.00,0.00,0.00,0.00,0.00,0.00,0.00,0.00,0.92,0.27
cu,lemma,0,1,0,2,0,0,0,0,0,0,0,3,0.33,0.67,0.00,0.00,0.00,0.00,0.00,0.00,0.00,0.00,0.00,0.92,0.27
cu,word,0,1,0,2,0,0,0,0,0,0,0,3,0.33,0.67,0.00,0.00,0.00,0.00,0.00,0.00,0.00,0.00,0.00,0.92,0.27
cul,lemma,0,2,0,1,0,0,0,0,0,0,0,3,0.67,0.33,0.00,0.00,0.00,0.00,0.00,0.00,0.00,0.00,0.00,0.92,0.27
lesbiennes,word,0,1,0,2,0,0,0,0,0,0,0,3,0.33,0.67,0.00,0.00,0.00,0.00,0.00,0.00,0.00,0.00,0.00,0.92,0.27
commettre,word,0,2,0,0,0,0,0,0,0,0,1,3,0.67,0.00,0.00,0.00,0.00,0.33,0.00,0.00,0.00,0.00,0.00,0.92,0.27
alvin,lemma,0,0,0,0,0,2,0,4,0,0,0,6,0.00,0.00,0.67,0.00,0.00,0.00,0.00,0.00,0.00,0.33,0.00,0.92,0.27
alvin,word,0,0,0,0,0,2,0,4,0,0,0,6,0.00,0.00,0.67,0.00,0.00,0.00,0.00,0.00,0.00,0.33,0.00,0.92,0.27
ami,lemma,0,0,0,0,0,0,0,4,0,0,2,6,0.00,0.00,0.67,0.00,0.00,0.33,0.00,0.00,0.00,0.00,0.00,0.92,0.27
cul,word,0,2,0,1,0,0,0,0,0,0,0,3,0.67,0.33,0.00,0.00,0.00,0.00,0.00,0.00,0.00,0.00,0.00,0.92,0.27
extraordinaire,lemma,1,0,0,0,0,0,0,0,0,2,0,3,0.00,0.00,0.00,0.00,0.67,0.00,0.33,0.00,0.00,0.00,0.00,0.92,0.27
facile,lemma,0,0,0,0,1,0,0,0,0,0,2,3,0.00,0.00,0.00,0.00,0.00,0.67,0.00,0.00,0.33,0.00,0.00,0.92,0.27
famine,lemma,0,0,0,0,0,0,0,0,4,0,2,6,0.00,0.00,0.00,0.67,0.00,0.33,0.00,0.00,0.00,0.00,0.00,0.92,0.27
quel,word,0,0,0,0,0,0,0,2,0,1,0,3,0.00,0.00,0.67,0.00,0.33,0.00,0.00,0.00,0.00,0.00,0.00,0.92,0.27
quelqu'un,word,0,0,0,0,0,0,0,0,2,0,1,3,0.00,0.00,0.00,0.67,0.00,0.33,0.00,0.00,0.00,0.00,0.00,0.92,0.27
question,lemma,0,2,0,0,0,0,0,0,1,0,0,3,0.67,0.00,0.00,0.33,0.00,0.00,0.00,0.00,0.00,0.00,0.00,0.92,0.27
question,word,0,2,0,0,0,0,0,0,1,0,0,3,0.67,0.00,0.00,0.33,0.00,0.00,0.00,0.00,0.00,0.00,0.00,0.92,0.27
raconter,lemma,0,2,0,0,0,0,0,1,0,0,0,3,0.67,0.00,0.33,0.00,0.00,0.00,0.00,0.00,0.00,0.00,0.00,0.92,0.27
rate,word,0,0,0,0,1,0,0,0,0,0,2,3,0.00,0.00,0.00,0.00,0.00,0.67,0.00,0.00,0.33,0.00,0.00,0.92,0.27
pied,lemma,0,0,0,0,0,0,0,1,2,0,0,3,0.00,0.00,0.33,0.67,0.00,0.00,0.00,0.00,0.00,0.00,0.00,0.92,0.27
plaire,lemma,0,2,0,0,0,0,0,4,0,0,0,6,0.33,0.00,0.67,0.00,0.00,0.00,0.00,0.00,0.00,0.00,0.00,0.92,0.27
maltraitance,lemma,0,0,0,0,0,0,0,0,1,0,2,3,0.00,0.00,0.00,0.33,0.00,0.67,0.00,0.00,0.00,0.00,0.00,0.92,0.27
maltraitées,word,0,0,0,0,0,0,0,0,1,0,2,3,0.00,0.00,0.00,0.33,0.00,0.67,0.00,0.00,0.00,0.00,0.00,0.92,0.27
décourage,word,0,1,0,0,0,0,0,0,0,0,2,3,0.33,0.00,0.00,0.00,0.00,0.67,0.00,0.00,0.00,0.00,0.00,0.92,0.27
trésor,lemma,0,0,0,0,0,2,0,1,0,0,0,3,0.00,0.00,0.33,0.00,0.00,0.00,0.00,0.00,0.00,0.67,0.00,0.92,0.27
trésor,word,0,0,0,0,0,2,0,1,0,0,0,3,0.00,0.00,0.33,0.00,0.00,0.00,0.00,0.00,0.00,0.67,0.00,0.92,0.27
tâche,lemma,0,2,0,1,0,0,0,0,0,0,0,3,0.67,0.33,0.00,0.00,0.00,0.00,0.00,0.00,0.00,0.00,0.00,0.92,0.27
téléphone,lemma,0,0,0,0,0,0,0,0,2,1,0,3,0.00,0.00,0.00,0.67,0.33,0.00,0.00,0.00,0.00,0.00,0.00,0.92,0.27
téléphone,word,0,0,0,0,0,0,0,0,2,1,0,3,0.00,0.00,0.00,0.67,0.33,0.00,0.00,0.00,0.00,0.00,0.00,0.92,0.27
alarme,lemma,0,0,0,0,0,0,0,0,2,1,0,3,0.00,0.00,0.00,0.67,0.33,0.00,0.00,0.00,0.00,0.00,0.00,0.92,0.27
liberté,lemma,0,0,0,0,0,0,0,2,1,0,0,3,0.00,0.00,0.67,0.33,0.00,0.00,0.00,0.00,0.00,0.00,0.00,0.92,0.27
liberté,word,0,0,0,0,0,0,0,2,1,0,0,3,0.00,0.00,0.67,0.33,0.00,0.00,0.00,0.00,0.00,0.00,0.00,0.92,0.27
légende,lemma,2,0,0,0,0,1,0,0,0,0,0,3,0.00,0.00,0.00,0.00,0.00,0.00,0.67,0.00,0.00,0.33,0.00,0.92,0.27
travers,word,0,0,0,0,0,1,0,2,0,0,0,3,0.00,0.00,0.67,0.00,0.00,0.00,0.00,0.00,0.00,0.33,0.00,0.92,0.27
décourage,lemma,0,1,0,0,0,0,0,0,0,0,2,3,0.33,0.00,0.00,0.00,0.00,0.67,0.00,0.00,0.00,0.00,0.00,0.92,0.27
légende,word,2,0,0,0,0,1,0,0,0,0,0,3,0.00,0.00,0.00,0.00,0.00,0.00,0.67,0.00,0.00,0.33,0.00,0.92,0.27
magnifique,lemma,2,0,0,0,0,0,0,1,0,0,0,3,0.00,0.00,0.33,0.00,0.00,0.00,0.67,0.00,0.00,0.00,0.00,0.92,0.27
main,word,0,0,0,0,0,0,0,2,1,0,0,3,0.00,0.00,0.67,0.33,0.00,0.00,0.00,0.00,0.00,0.00,0.00,0.92,0.27
malades,word,0,0,0,0,0,0,0,0,2,0,1,3,0.00,0.00,0.00,0.67,0.00,0.33,0.00,0.00,0.00,0.00,0.00,0.92,0.27
malheur,lemma,0,0,0,0,0,0,0,0,5,0,10,15,0.00,0.00,0.00,0.33,0.00,0.67,0.00,0.00,0.00,0.00,0.00,0.92,0.27
malheur,word,0,0,0,0,0,0,0,0,5,0,10,15,0.00,0.00,0.00,0.33,0.00,0.67,0.00,0.00,0.00,0.00,0.00,0.92,0.27
plaît,word,0,2,0,0,0,0,0,1,0,0,0,3,0.67,0.00,0.33,0.00,0.00,0.00,0.00,0.00,0.00,0.00,0.00,0.92,0.27
braconnage,lemma,0,1,0,0,0,0,0,0,0,0,2,3,0.33,0.00,0.00,0.00,0.00,0.67,0.00,0.00,0.00,0.00,0.00,0.92,0.27
braconnage,word,0,1,0,0,0,0,0,0,0,0,2,3,0.33,0.00,0.00,0.00,0.00,0.67,0.00,0.00,0.00,0.00,0.00,0.92,0.27
pavé,word,0,0,0,0,0,0,0,0,0,1,2,3,0.00,0.00,0.00,0.00,0.33,0.67,0.00,0.00,0.00,0.00,0.00,0.92,0.27
perdrait,lemma,0,0,0,0,0,0,0,0,1,0,2,3,0.00,0.00,0.00,0.33,0.00,0.67,0.00,0.00,0.00,0.00,0.00,0.92,0.27
perdrait,word,0,0,0,0,0,0,0,0,1,0,2,3,0.00,0.00,0.00,0.33,0.00,0.67,0.00,0.00,0.00,0.00,0.00,0.92,0.27
photo,lemma,0,4,0,2,0,0,0,0,0,0,0,6,0.67,0.33,0.00,0.00,0.00,0.00,0.00,0.00,0.00,0.00,0.00,0.92,0.27
torturer,lemma,0,0,0,0,0,0,0,0,2,0,1,3,0.00,0.00,0.00,0.67,0.00,0.33,0.00,0.00,0.00,0.00,0.00,0.92,0.27
torturés,word,0,0,0,0,0,0,0,0,2,0,1,3,0.00,0.00,0.00,0.67,0.00,0.33,0.00,0.00,0.00,0.00,0.00,0.92,0.27
toucher,lemma,0,0,0,0,0,0,0,0,1,0,2,3,0.00,0.00,0.00,0.33,0.00,0.67,0.00,0.00,0.00,0.00,0.00,0.92,0.27
amis,word,0,0,0,0,0,0,0,2,0,0,1,3,0.00,0.00,0.67,0.00,0.00,0.33,0.00,0.00,0.00,0.00,0.00,0.92,0.27
combat,lemma,0,0,0,0,0,0,0,0,2,0,1,3,0.00,0.00,0.00,0.67,0.00,0.33,0.00,0.00,0.00,0.00,0.00,0.92,0.27
commettre,lemma,0,2,0,0,0,0,0,0,0,0,1,3,0.67,0.00,0.00,0.00,0.00,0.33,0.00,0.00,0.00,0.00,0.00,0.92,0.27
travers,lemma,0,0,0,0,0,1,0,2,0,0,0,3,0.00,0.00,0.67,0.00,0.00,0.00,0.00,0.00,0.00,0.33,0.00,0.92,0.27
avouait,lemma,0,0,2,0,1,0,0,0,0,0,0,3,0.00,0.00,0.00,0.00,0.00,0.00,0.00,0.67,0.33,0.00,0.00,0.92,0.27
explosion,word,0,0,0,0,0,0,0,0,2,1,0,3,0.00,0.00,0.00,0.67,0.33,0.00,0.00,0.00,0.00,0.00,0.00,0.92,0.27
avouait,word,0,0,2,0,1,0,0,0,0,0,0,3,0.00,0.00,0.00,0.00,0.00,0.00,0.00,0.67,0.33,0.00,0.00,0.92,0.27
pavé,lemma,0,0,0,0,0,0,0,0,0,1,2,3,0.00,0.00,0.00,0.00,0.33,0.67,0.00,0.00,0.00,0.00,0.00,0.92,0.27
boum,lemma,0,0,0,0,0,0,0,0,2,1,0,3,0.00,0.00,0.00,0.67,0.33,0.00,0.00,0.00,0.00,0.00,0.00,0.92,0.27
baissant,lemma,0,0,0,0,1,0,0,0,2,0,0,3,0.00,0.00,0.00,0.67,0.00,0.00,0.00,0.00,0.33,0.00,0.00,0.92,0.27
baissant,word,0,0,0,0,1,0,0,0,2,0,0,3,0.00,0.00,0.00,0.67,0.00,0.00,0.00,0.00,0.33,0.00,0.00,0.92,0.27
incapable,lemma,0,2,0,0,0,0,0,0,0,1,0,3,0.67,0.00,0.00,0.00,0.33,0.00,0.00,0.00,0.00,0.00,0.00,0.92,0.27
toit,lemma,0,0,0,0,0,0,0,0,2,1,0,3,0.00,0.00,0.00,0.67,0.33,0.00,0.00,0.00,0.00,0.00,0.00,0.92,0.27
toit,word,0,0,0,0,0,0,0,0,2,1,0,3,0.00,0.00,0.00,0.67,0.33,0.00,0.00,0.00,0.00,0.00,0.00,0.92,0.27
dégoût,lemma,0,0,0,2,0,0,0,0,1,0,0,3,0.00,0.67,0.00,0.33,0.00,0.00,0.00,0.00,0.00,0.00,0.00,0.92,0.27
dégoût,word,0,0,0,2,0,0,0,0,1,0,0,3,0.00,0.67,0.00,0.33,0.00,0.00,0.00,0.00,0.00,0.00,0.00,0.92,0.27
marié,lemma,0,0,0,0,0,0,0,1,0,0,2,3,0.00,0.00,0.33,0.00,0.00,0.67,0.00,0.00,0.00,0.00,0.00,0.92,0.27
mariés,word,0,0,0,0,0,0,0,1,0,0,2,3,0.00,0.00,0.33,0.00,0.00,0.67,0.00,0.00,0.00,0.00,0.00,0.92,0.27
mec,lemma,0,2,0,1,0,0,0,0,0,0,0,3,0.67,0.33,0.00,0.00,0.00,0.00,0.00,0.00,0.00,0.00,0.00,0.92,0.27
remettre,lemma,0,1,0,0,0,0,0,0,2,0,0,3,0.33,0.00,0.00,0.67,0.00,0.00,0.00,0.00,0.00,0.00,0.00,0.92,0.27
remportée,word,0,0,0,0,0,1,0,2,0,0,0,3,0.00,0.00,0.67,0.00,0.00,0.00,0.00,0.00,0.00,0.33,0.00,0.92,0.27
paniqué,word,0,0,0,0,0,0,0,0,2,1,0,3,0.00,0.00,0.00,0.67,0.33,0.00,0.00,0.00,0.00,0.00,0.00,0.92,0.27
papa,lemma,0,0,0,0,0,0,0,1,0,0,2,3,0.00,0.00,0.33,0.00,0.00,0.67,0.00,0.00,0.00,0.00,0.00,0.92,0.27
papa,word,0,0,0,0,0,0,0,1,0,0,2,3,0.00,0.00,0.33,0.00,0.00,0.67,0.00,0.00,0.00,0.00,0.00,0.92,0.27
paris,lemma,0,1,0,0,0,0,0,2,0,0,0,3,0.33,0.00,0.67,0.00,0.00,0.00,0.00,0.00,0.00,0.00,0.00,0.92,0.27
paris,word,0,1,0,0,0,0,0,2,0,0,0,3,0.33,0.00,0.67,0.00,0.00,0.00,0.00,0.00,0.00,0.00,0.00,0.92,0.27
partager,lemma,0,2,0,0,0,0,0,1,0,0,0,3,0.67,0.00,0.33,0.00,0.00,0.00,0.00,0.00,0.00,0.00,0.00,0.92,0.27
partager,word,0,2,0,0,0,0,0,1,0,0,0,3,0.67,0.00,0.33,0.00,0.00,0.00,0.00,0.00,0.00,0.00,0.00,0.92,0.27
désespérer,lemma,0,1,0,0,0,0,0,0,0,0,2,3,0.33,0.00,0.00,0.00,0.00,0.67,0.00,0.00,0.00,0.00,0.00,0.92,0.27
désolé,lemma,0,0,0,0,1,0,0,0,0,0,2,3,0.00,0.00,0.00,0.00,0.00,0.67,0.00,0.00,0.33,0.00,0.00,0.92,0.27
désolée,word,0,0,0,0,2,0,0,0,0,0,1,3,0.00,0.00,0.00,0.00,0.00,0.33,0.00,0.00,0.67,0.00,0.00,0.92,0.27
détruites,word,0,0,0,0,0,0,0,0,4,0,2,6,0.00,0.00,0.00,0.67,0.00,0.33,0.00,0.00,0.00,0.00,0.00,0.92,0.27
arabe,word,0,1,0,2,0,0,0,0,0,0,0,3,0.33,0.67,0.00,0.00,0.00,0.00,0.00,0.00,0.00,0.00,0.00,0.92,0.27
tel,lemma,0,0,0,0,0,0,1,0,0,2,0,3,0.00,0.00,0.00,0.00,0.67,0.00,0.00,0.00,0.00,0.00,0.33,0.92,0.27
tempête,word,0,0,0,0,0,0,0,0,2,0,1,3,0.00,0.00,0.00,0.67,0.00,0.33,0.00,0.00,0.00,0.00,0.00,0.92,0.27
respecté,word,2,1,0,0,0,0,0,0,0,0,0,3,0.33,0.00,0.00,0.00,0.00,0.00,0.67,0.00,0.00,0.00,0.00,0.92,0.27
responsable,lemma,0,2,0,0,0,0,0,0,1,0,0,3,0.67,0.00,0.00,0.33,0.00,0.00,0.00,0.00,0.00,0.00,0.00,0.92,0.27
responsables,word,0,2,0,0,0,0,0,0,1,0,0,3,0.67,0.00,0.00,0.33,0.00,0.00,0.00,0.00,0.00,0.00,0.00,0.92,0.27
paix,lemma,0,2,0,0,0,0,0,0,0,0,1,3,0.67,0.00,0.00,0.00,0.00,0.33,0.00,0.00,0.00,0.00,0.00,0.92,0.27
paix,word,0,2,0,0,0,0,0,0,0,0,1,3,0.67,0.00,0.00,0.00,0.00,0.33,0.00,0.00,0.00,0.00,0.00,0.92,0.27
paniqué,lemma,0,0,0,0,0,0,0,0,2,1,0,3,0.00,0.00,0.00,0.67,0.33,0.00,0.00,0.00,0.00,0.00,0.00,0.92,0.27
c'était,word,0,0,0,0,0,0,0,1,0,2,0,3,0.00,0.00,0.33,0.00,0.67,0.00,0.00,0.00,0.00,0.00,0.00,0.92,0.27
graisse,lemma,0,1,0,2,0,0,0,0,0,0,0,3,0.33,0.67,0.00,0.00,0.00,0.00,0.00,0.00,0.00,0.00,0.00,0.92,0.27
graisse,word,0,1,0,2,0,0,0,0,0,0,0,3,0.33,0.67,0.00,0.00,0.00,0.00,0.00,0.00,0.00,0.00,0.00,0.92,0.27
ensemble,lemma,0,0,0,0,0,0,0,2,0,0,1,3,0.00,0.00,0.67,0.00,0.00,0.33,0.00,0.00,0.00,0.00,0.00,0.92,0.27
ensemble,word,0,0,0,0,0,0,0,2,0,0,1,3,0.00,0.00,0.67,0.00,0.00,0.33,0.00,0.00,0.00,0.00,0.00,0.92,0.27
entrer,lemma,0,2,0,0,0,0,0,1,0,0,0,3,0.67,0.00,0.33,0.00,0.00,0.00,0.00,0.00,0.00,0.00,0.00,0.92,0.27
entrez,lemma,0,0,0,0,0,1,0,2,0,0,0,3,0.00,0.00,0.67,0.00,0.00,0.00,0.00,0.00,0.00,0.33,0.00,0.92,0.27
entrez,word,0,0,0,0,0,1,0,2,0,0,0,3,0.00,0.00,0.67,0.00,0.00,0.00,0.00,0.00,0.00,0.33,0.00,0.92,0.27
osent,lemma,0,0,0,0,2,0,0,0,1,0,0,3,0.00,0.00,0.00,0.33,0.00,0.00,0.00,0.00,0.67,0.00,0.00,0.92,0.27
gronder,lemma,0,2,0,0,0,0,0,0,0,0,1,3,0.67,0.00,0.00,0.00,0.00,0.33,0.00,0.00,0.00,0.00,0.00,0.92,0.27
gronder,word,0,2,0,0,0,0,0,0,0,0,1,3,0.67,0.00,0.00,0.00,0.00,0.33,0.00,0.00,0.00,0.00,0.00,0.92,0.27
osent,word,0,0,0,0,2,0,0,0,1,0,0,3,0.00,0.00,0.00,0.33,0.00,0.00,0.00,0.00,0.67,0.00,0.00,0.92,0.27
imposer,word,0,0,0,0,0,0,0,0,2,0,1,3,0.00,0.00,0.00,0.67,0.00,0.33,0.00,0.00,0.00,0.00,0.00,0.92,0.27
angoissé,word,0,1,0,0,0,0,0,0,2,0,0,3,0.33,0.00,0.00,0.67,0.00,0.00,0.00,0.00,0.00,0.00,0.00,0.92,0.27
incroyables,word,1,0,0,0,0,0,0,0,0,2,0,3,0.00,0.00,0.00,0.00,0.67,0.00,0.33,0.00,0.00,0.00,0.00,0.92,0.27
mesure,lemma,0,1,0,0,0,0,0,0,2,0,0,3,0.33,0.00,0.00,0.67,0.00,0.00,0.00,0.00,0.00,0.00,0.00,0.92,0.27
réfugié,lemma,0,0,0,0,0,0,0,0,2,0,1,3,0.00,0.00,0.00,0.67,0.00,0.33,0.00,0.00,0.00,0.00,0.00,0.92,0.27
nouveau,word,0,0,0,0,0,0,0,2,0,1,0,3,0.00,0.00,0.67,0.00,0.33,0.00,0.00,0.00,0.00,0.00,0.00,0.92,0.27
nuage,lemma,0,0,0,0,0,1,0,2,0,0,0,3,0.00,0.00,0.67,0.00,0.00,0.00,0.00,0.00,0.00,0.33,0.00,0.92,0.27
nuage,word,0,0,0,0,0,1,0,2,0,0,0,3,0.00,0.00,0.67,0.00,0.00,0.00,0.00,0.00,0.00,0.33,0.00,0.92,0.27
nul,lemma,0,0,1,0,0,0,0,0,0,0,2,3,0.00,0.00,0.00,0.00,0.00,0.67,0.00,0.33,0.00,0.00,0.00,0.92,0.27
opposent,word,0,2,0,0,0,0,0,0,1,0,0,3,0.67,0.00,0.00,0.33,0.00,0.00,0.00,0.00,0.00,0.00,0.00,0.92,0.27
stupide,word,0,1,0,0,0,0,0,0,0,0,2,3,0.33,0.00,0.00,0.00,0.00,0.67,0.00,0.00,0.00,0.00,0.00,0.92,0.27
subir,word,0,1,0,0,0,0,0,0,0,0,2,3,0.33,0.00,0.00,0.00,0.00,0.67,0.00,0.00,0.00,0.00,0.00,0.92,0.27
succès,lemma,0,0,0,0,0,1,0,2,0,0,0,3,0.00,0.00,0.67,0.00,0.00,0.00,0.00,0.00,0.00,0.33,0.00,0.92,0.27
succès,word,0,0,0,0,0,1,0,2,0,0,0,3,0.00,0.00,0.67,0.00,0.00,0.00,0.00,0.00,0.00,0.33,0.00,0.92,0.27
suicider,lemma,0,0,0,0,0,0,0,0,1,0,2,3,0.00,0.00,0.00,0.33,0.00,0.67,0.00,0.00,0.00,0.00,0.00,0.92,0.27
suicider,word,0,0,0,0,0,0,0,0,1,0,2,3,0.00,0.00,0.00,0.33,0.00,0.67,0.00,0.00,0.00,0.00,0.00,0.92,0.27
supprimer,lemma,0,2,0,0,0,0,0,0,0,0,1,3,0.67,0.00,0.00,0.00,0.00,0.33,0.00,0.00,0.00,0.00,0.00,0.92,0.27
million,lemma,0,1,0,0,0,0,0,2,0,0,0,3,0.33,0.00,0.67,0.00,0.00,0.00,0.00,0.00,0.00,0.00,0.00,0.92,0.27
millions,word,0,1,0,0,0,0,0,2,0,0,0,3,0.33,0.00,0.67,0.00,0.00,0.00,0.00,0.00,0.00,0.00,0.00,0.92,0.27
chienne,lemma,0,1,0,2,0,0,0,0,0,0,0,3,0.33,0.67,0.00,0.00,0.00,0.00,0.00,0.00,0.00,0.00,0.00,0.92,0.27
chienne,word,0,1,0,2,0,0,0,0,0,0,0,3,0.33,0.67,0.00,0.00,0.00,0.00,0.00,0.00,0.00,0.00,0.00,0.92,0.27
impatiente,lemma,0,2,0,0,0,0,0,1,0,0,0,3,0.67,0.00,0.33,0.00,0.00,0.00,0.00,0.00,0.00,0.00,0.00,0.92,0.27
effondrement,lemma,0,0,0,0,0,0,0,0,1,0,2,3,0.00,0.00,0.00,0.33,0.00,0.67,0.00,0.00,0.00,0.00,0.00,0.92,0.27
effondrement,word,0,0,0,0,0,0,0,0,1,0,2,3,0.00,0.00,0.00,0.33,0.00,0.67,0.00,0.00,0.00,0.00,0.00,0.92,0.27
effondrés,word,0,0,0,0,0,0,0,0,2,0,1,3,0.00,0.00,0.00,0.67,0.00,0.33,0.00,0.00,0.00,0.00,0.00,0.92,0.27
spectacle,lemma,0,0,0,0,0,0,0,2,1,0,0,3,0.00,0.00,0.67,0.33,0.00,0.00,0.00,0.00,0.00,0.00,0.00,0.92,0.27
choquée,word,0,0,0,0,0,0,0,0,1,2,0,3,0.00,0.00,0.00,0.33,0.67,0.00,0.00,0.00,0.00,0.00,0.00,0.92,0.27
mobilisent,lemma,0,2,0,0,0,0,0,0,1,0,0,3,0.67,0.00,0.00,0.33,0.00,0.00,0.00,0.00,0.00,0.00,0.00,0.92,0.27
mobilisent,word,0,2,0,0,0,0,0,0,1,0,0,3,0.67,0.00,0.00,0.33,0.00,0.00,0.00,0.00,0.00,0.00,0.00,0.92,0.27
monstre,lemma,0,2,0,0,0,0,0,0,0,0,1,3,0.67,0.00,0.00,0.00,0.00,0.33,0.00,0.00,0.00,0.00,0.00,0.92,0.27
montre,word,0,1,0,2,0,0,0,0,0,0,0,3,0.33,0.67,0.00,0.00,0.00,0.00,0.00,0.00,0.00,0.00,0.00,0.92,0.27
homme,word,0,2,0,0,1,0,0,0,0,0,0,3,0.67,0.00,0.00,0.00,0.00,0.00,0.00,0.00,0.33,0.00,0.00,0.92,0.27
augmenter,lemma,0,2,0,0,0,0,0,0,1,0,0,3,0.67,0.00,0.00,0.33,0.00,0.00,0.00,0.00,0.00,0.00,0.00,0.92,0.27
rêver,word,0,0,0,0,0,1,0,2,0,0,0,3,0.00,0.00,0.67,0.00,0.00,0.00,0.00,0.00,0.00,0.33,0.00,0.92,0.27
n'ose,word,0,0,0,0,2,0,0,0,1,0,0,3,0.00,0.00,0.00,0.33,0.00,0.00,0.00,0.00,0.67,0.00,0.00,0.92,0.27
national,lemma,0,0,0,0,0,2,0,1,0,0,0,3,0.00,0.00,0.33,0.00,0.00,0.00,0.00,0.00,0.00,0.67,0.00,0.92,0.27
national,word,0,0,0,0,0,2,0,1,0,0,0,3,0.00,0.00,0.33,0.00,0.00,0.00,0.00,0.00,0.00,0.67,0.00,0.92,0.27
hein,lemma,0,1,0,0,0,0,0,0,0,2,0,3,0.33,0.00,0.00,0.00,0.67,0.00,0.00,0.00,0.00,0.00,0.00,0.92,0.27
hein,word,0,1,0,0,0,0,0,0,0,2,0,3,0.33,0.00,0.00,0.00,0.67,0.00,0.00,0.00,0.00,0.00,0.00,0.92,0.27
arrivent,word,0,0,0,0,0,0,0,0,0,1,2,3,0.00,0.00,0.00,0.00,0.33,0.67,0.00,0.00,0.00,0.00,0.00,0.92,0.27
scène,lemma,0,0,0,0,0,1,0,2,0,0,0,3,0.00,0.00,0.67,0.00,0.00,0.00,0.00,0.00,0.00,0.33,0.00,0.92,0.27
sexuellement,lemma,0,1,0,0,0,0,0,0,0,0,2,3,0.33,0.00,0.00,0.00,0.00,0.67,0.00,0.00,0.00,0.00,0.00,0.92,0.27
sexuellement,word,0,1,0,0,0,0,0,0,0,0,2,3,0.33,0.00,0.00,0.00,0.00,0.67,0.00,0.00,0.00,0.00,0.00,0.92,0.27
mystérieux,lemma,0,0,0,0,0,0,0,0,2,1,0,3,0.00,0.00,0.00,0.67,0.33,0.00,0.00,0.00,0.00,0.00,0.00,0.92,0.27
mystérieux,word,0,0,0,0,0,0,0,0,2,1,0,3,0.00,0.00,0.00,0.67,0.33,0.00,0.00,0.00,0.00,0.00,0.00,0.92,0.27
s'enfermer,word,0,1,0,0,0,0,0,0,0,0,2,3,0.33,0.00,0.00,0.00,0.00,0.67,0.00,0.00,0.00,0.00,0.00,0.92,0.27
s'exclame,word,0,0,0,0,0,0,0,1,0,2,0,3,0.00,0.00,0.33,0.00,0.67,0.00,0.00,0.00,0.00,0.00,0.00,0.92,0.27
sacrer,lemma,2,0,0,0,0,0,0,0,0,1,0,3,0.00,0.00,0.00,0.00,0.33,0.00,0.67,0.00,0.00,0.00,0.00,0.92,0.27
sacré,word,2,0,0,0,0,0,0,0,0,1,0,3,0.00,0.00,0.00,0.00,0.33,0.00,0.67,0.00,0.00,0.00,0.00,0.92,0.27
santé,lemma,0,0,0,0,0,0,0,0,2,0,1,3,0.00,0.00,0.00,0.67,0.00,0.33,0.00,0.00,0.00,0.00,0.00,0.92,0.27
santé,word,0,0,0,0,0,0,0,0,2,0,1,3,0.00,0.00,0.00,0.67,0.00,0.33,0.00,0.00,0.00,0.00,0.00,0.92,0.27
d'argent,word,0,2,0,0,0,0,0,0,0,0,1,3,0.67,0.00,0.00,0.00,0.00,0.33,0.00,0.00,0.00,0.00,0.00,0.92,0.27
émue,lemma,0,0,0,0,1,0,0,2,0,0,0,3,0.00,0.00,0.67,0.00,0.00,0.00,0.00,0.00,0.33,0.00,0.00,0.92,0.27
fermer,lemma,0,1,0,0,0,0,0,0,2,0,0,3,0.33,0.00,0.00,0.67,0.00,0.00,0.00,0.00,0.00,0.00,0.00,0.92,0.27
filles,word,0,0,0,0,0,0,0,1,0,0,2,3,0.00,0.00,0.33,0.00,0.00,0.67,0.00,0.00,0.00,0.00,0.00,0.92,0.27
bombes,word,0,1,0,0,0,0,0,0,2,0,0,3,0.33,0.00,0.00,0.67,0.00,0.00,0.00,0.00,0.00,0.00,0.00,0.92,0.27
bonbon,lemma,1,0,0,0,0,0,0,0,0,2,0,3,0.00,0.00,0.00,0.00,0.67,0.00,0.33,0.00,0.00,0.00,0.00,0.92,0.27
pourrait,word,0,0,0,0,0,0,0,0,0,2,1,3,0.00,0.00,0.00,0.00,0.67,0.33,0.00,0.00,0.00,0.00,0.00,0.92,0.27
pouvait,word,0,0,1,0,0,0,0,0,0,0,2,3,0.00,0.00,0.00,0.00,0.00,0.67,0.00,0.33,0.00,0.00,0.00,0.92,0.27
agir,lemma,0,2,0,0,0,0,0,0,0,1,0,3,0.67,0.00,0.00,0.00,0.33,0.00,0.00,0.00,0.00,0.00,0.00,0.92,0.27
affaires,word,0,2,0,0,0,0,0,0,0,1,0,3,0.67,0.00,0.00,0.00,0.33,0.00,0.00,0.00,0.00,0.00,0.00,0.92,0.27
échec,lemma,0,1,0,0,0,0,0,0,0,0,2,3,0.33,0.00,0.00,0.00,0.00,0.67,0.00,0.00,0.00,0.00,0.00,0.92,0.27
échec,word,0,1,0,0,0,0,0,0,0,0,2,3,0.33,0.00,0.00,0.00,0.00,0.67,0.00,0.00,0.00,0.00,0.00,0.92,0.27
éliminer,lemma,0,0,0,0,0,0,0,0,1,0,2,3,0.00,0.00,0.00,0.33,0.00,0.67,0.00,0.00,0.00,0.00,0.00,0.92,0.27
aide,lemma,0,0,0,0,0,0,0,1,2,0,0,3,0.00,0.00,0.33,0.67,0.00,0.00,0.00,0.00,0.00,0.00,0.00,0.92,0.27
aider,lemma,0,1,0,0,0,0,0,2,0,0,0,3,0.33,0.00,0.67,0.00,0.00,0.00,0.00,0.00,0.00,0.00,0.00,0.92,0.27
ailey,lemma,0,0,0,0,0,2,0,4,0,0,0,6,0.00,0.00,0.67,0.00,0.00,0.00,0.00,0.00,0.00,0.33,0.00,0.92,0.27
ailey,word,0,0,0,0,0,2,0,4,0,0,0,6,0.00,0.00,0.67,0.00,0.00,0.00,0.00,0.00,0.00,0.33,0.00,0.92,0.27
voient,word,0,2,0,0,0,0,0,1,0,0,0,3,0.67,0.00,0.33,0.00,0.00,0.00,0.00,0.00,0.00,0.00,0.00,0.92,0.27
casse,lemma,0,7,0,0,0,0,0,0,0,0,3,10,0.70,0.00,0.00,0.00,0.00,0.30,0.00,0.00,0.00,0.00,0.00,0.88,0.25
casse,word,0,7,0,0,0,0,0,0,0,0,3,10,0.70,0.00,0.00,0.00,0.00,0.30,0.00,0.00,0.00,0.00,0.00,0.88,0.25
assez,word,0,23,0,0,0,1,0,0,0,0,5,29,0.79,0.00,0.00,0.00,0.00,0.17,0.00,0.00,0.00,0.03,0.00,0.87,0.25
insultes,word,0,2,0,0,13,0,0,0,1,0,0,16,0.12,0.00,0.00,0.06,0.00,0.00,0.00,0.00,0.81,0.00,0.00,0.87,0.25
travailler,lemma,1,9,0,0,0,0,0,0,1,0,0,11,0.82,0.00,0.00,0.09,0.00,0.00,0.09,0.00,0.00,0.00,0.00,0.87,0.25
paul,lemma,0,5,0,2,0,0,0,0,0,0,0,7,0.71,0.29,0.00,0.00,0.00,0.00,0.00,0.00,0.00,0.00,0.00,0.86,0.25
paul,word,0,5,0,2,0,0,0,0,0,0,0,7,0.71,0.29,0.00,0.00,0.00,0.00,0.00,0.00,0.00,0.00,0.00,0.86,0.25
aise,word,0,0,0,0,5,0,0,2,0,0,0,7,0.00,0.00,0.29,0.00,0.00,0.00,0.00,0.00,0.71,0.00,0.00,0.86,0.25
venger,word,0,5,0,0,0,0,0,0,0,0,2,7,0.71,0.00,0.00,0.00,0.00,0.29,0.00,0.00,0.00,0.00,0.00,0.86,0.25
moment,lemma,0,2,0,0,0,0,0,5,0,0,0,7,0.29,0.00,0.71,0.00,0.00,0.00,0.00,0.00,0.00,0.00,0.00,0.86,0.25
dansé,word,0,0,0,0,0,2,0,5,0,0,0,7,0.00,0.00,0.71,0.00,0.00,0.00,0.00,0.00,0.00,0.29,0.00,0.86,0.25
crasseuse,lemma,0,2,0,5,0,0,0,0,0,0,0,7,0.29,0.71,0.00,0.00,0.00,0.00,0.00,0.00,0.00,0.00,0.00,0.86,0.25
crasseuse,word,0,2,0,5,0,0,0,0,0,0,0,7,0.29,0.71,0.00,0.00,0.00,0.00,0.00,0.00,0.00,0.00,0.00,0.86,0.25
venger,lemma,0,5,0,0,0,0,0,0,0,0,2,7,0.71,0.00,0.00,0.00,0.00,0.29,0.00,0.00,0.00,0.00,0.00,0.86,0.25
dansé,lemma,0,0,0,0,0,2,0,5,0,0,0,7,0.00,0.00,0.71,0.00,0.00,0.00,0.00,0.00,0.00,0.29,0.00,0.86,0.25
pourtant,word,0,1,0,0,0,0,0,0,0,10,1,12,0.08,0.00,0.00,0.00,0.83,0.08,0.00,0.00,0.00,0.00,0.00,0.82,0.24
pourtant,lemma,0,1,0,0,0,0,0,0,0,10,1,12,0.08,0.00,0.00,0.00,0.83,0.08,0.00,0.00,0.00,0.00,0.00,0.82,0.24
sourire,word,0,1,0,0,0,0,0,10,0,0,1,12,0.08,0.00,0.83,0.00,0.00,0.08,0.00,0.00,0.00,0.00,0.00,0.82,0.24
danser,lemma,0,0,0,0,1,0,0,3,0,0,0,4,0.00,0.00,0.75,0.00,0.00,0.00,0.00,0.00,0.25,0.00,0.00,0.81,0.23
odeur,lemma,0,1,0,3,0,0,0,0,0,0,0,4,0.25,0.75,0.00,0.00,0.00,0.00,0.00,0.00,0.00,0.00,0.00,0.81,0.23
oeil,word,0,3,0,1,0,0,0,0,0,0,0,4,0.75,0.25,0.00,0.00,0.00,0.00,0.00,0.00,0.00,0.00,0.00,0.81,0.23
coupable,lemma,0,1,3,0,0,0,0,0,0,0,0,4,0.25,0.00,0.00,0.00,0.00,0.00,0.00,0.75,0.00,0.00,0.00,0.81,0.23
armé,word,0,0,0,0,0,0,0,0,3,0,1,4,0.00,0.00,0.00,0.75,0.00,0.25,0.00,0.00,0.00,0.00,0.00,0.81,0.23
coupable,word,0,1,3,0,0,0,0,0,0,0,0,4,0.25,0.00,0.00,0.00,0.00,0.00,0.00,0.75,0.00,0.00,0.00,0.81,0.23
d'être,word,0,3,0,1,0,0,0,0,0,0,0,4,0.75,0.25,0.00,0.00,0.00,0.00,0.00,0.00,0.00,0.00,0.00,0.81,0.23
cauchemar,word,0,0,0,0,0,0,0,0,3,0,1,4,0.00,0.00,0.00,0.75,0.00,0.25,0.00,0.00,0.00,0.00,0.00,0.81,0.23
souvenir,lemma,0,0,0,0,0,0,0,6,0,0,2,8,0.00,0.00,0.75,0.00,0.00,0.25,0.00,0.00,0.00,0.00,0.00,0.81,0.23
humiliation,lemma,0,0,0,0,3,0,0,0,0,0,1,4,0.00,0.00,0.00,0.00,0.00,0.25,0.00,0.00,0.75,0.00,0.00,0.81,0.23
animal,lemma,1,0,0,0,0,0,0,0,3,0,0,4,0.00,0.00,0.00,0.75,0.00,0.00,0.25,0.00,0.00,0.00,0.00,0.81,0.23
oreille,lemma,0,1,0,0,0,0,0,3,0,0,0,4,0.25,0.00,0.75,0.00,0.00,0.00,0.00,0.00,0.00,0.00,0.00,0.81,0.23
humiliations,word,0,0,0,0,3,0,0,0,0,0,1,4,0.00,0.00,0.00,0.00,0.00,0.25,0.00,0.00,0.75,0.00,0.00,0.81,0.23
attaque,word,0,1,0,0,0,0,0,0,3,0,0,4,0.25,0.00,0.00,0.75,0.00,0.00,0.00,0.00,0.00,0.00,0.00,0.81,0.23
accident,lemma,0,1,0,0,0,0,0,0,3,0,0,4,0.25,0.00,0.00,0.75,0.00,0.00,0.00,0.00,0.00,0.00,0.00,0.81,0.23
proteste,word,0,3,0,1,0,0,0,0,0,0,0,4,0.75,0.25,0.00,0.00,0.00,0.00,0.00,0.00,0.00,0.00,0.00,0.81,0.23
harcelé,word,0,0,0,0,0,0,0,0,1,0,3,4,0.00,0.00,0.00,0.25,0.00,0.75,0.00,0.00,0.00,0.00,0.00,0.81,0.23
n'en,word,0,0,0,0,0,0,0,1,0,3,0,4,0.00,0.00,0.25,0.00,0.75,0.00,0.00,0.00,0.00,0.00,0.00,0.81,0.23
augmentation,lemma,0,3,0,0,0,0,0,0,1,0,0,4,0.75,0.00,0.00,0.25,0.00,0.00,0.00,0.00,0.00,0.00,0.00,0.81,0.23
état,lemma,0,3,0,0,0,0,0,0,1,0,0,4,0.75,0.00,0.00,0.25,0.00,0.00,0.00,0.00,0.00,0.00,0.00,0.81,0.23
droit,lemma,0,3,0,0,0,0,0,1,0,0,0,4,0.75,0.00,0.25,0.00,0.00,0.00,0.00,0.00,0.00,0.00,0.00,0.81,0.23
place,word,0,3,0,0,0,1,0,0,0,0,0,4,0.75,0.00,0.00,0.00,0.00,0.00,0.00,0.00,0.00,0.25,0.00,0.81,0.23
drole,word,0,1,0,0,0,0,0,3,0,0,0,4,0.25,0.00,0.75,0.00,0.00,0.00,0.00,0.00,0.00,0.00,0.00,0.81,0.23
malgré,lemma,0,0,0,0,0,0,0,0,0,1,3,4,0.00,0.00,0.00,0.00,0.25,0.75,0.00,0.00,0.00,0.00,0.00,0.81,0.23
rues,word,0,3,0,0,0,0,0,1,0,0,0,4,0.75,0.00,0.25,0.00,0.00,0.00,0.00,0.00,0.00,0.00,0.00,0.81,0.23
persécutions,word,0,0,0,0,0,0,0,0,3,0,1,4,0.00,0.00,0.00,0.75,0.00,0.25,0.00,0.00,0.00,0.00,0.00,0.81,0.23
menaçant,word,0,1,0,0,0,0,0,0,3,0,0,4,0.25,0.00,0.00,0.75,0.00,0.00,0.00,0.00,0.00,0.00,0.00,0.81,0.23
grogné,lemma,0,3,0,0,0,0,0,0,0,0,1,4,0.75,0.00,0.00,0.00,0.00,0.25,0.00,0.00,0.00,0.00,0.00,0.81,0.23
catastrophes,word,0,0,0,0,0,0,0,0,3,0,1,4,0.00,0.00,0.00,0.75,0.00,0.25,0.00,0.00,0.00,0.00,0.00,0.81,0.23
tendue,word,0,3,0,0,0,0,0,0,1,0,0,4,0.75,0.00,0.00,0.25,0.00,0.00,0.00,0.00,0.00,0.00,0.00,0.81,0.23
meme,word,0,3,0,0,0,0,0,0,0,0,1,4,0.75,0.00,0.00,0.00,0.00,0.25,0.00,0.00,0.00,0.00,0.00,0.81,0.23
arabe,lemma,0,1,0,3,0,0,0,0,0,0,0,4,0.25,0.75,0.00,0.00,0.00,0.00,0.00,0.00,0.00,0.00,0.00,0.81,0.23
exceptionnelle,word,0,0,0,0,0,0,0,1,0,3,0,4,0.00,0.00,0.25,0.00,0.75,0.00,0.00,0.00,0.00,0.00,0.00,0.81,0.23
petite,word,0,0,0,0,0,1,0,3,0,0,0,4,0.00,0.00,0.75,0.00,0.00,0.00,0.00,0.00,0.00,0.25,0.00,0.81,0.23
perdre,word,0,0,0,0,0,0,0,0,3,0,1,4,0.00,0.00,0.00,0.75,0.00,0.25,0.00,0.00,0.00,0.00,0.00,0.81,0.23
tomber,word,0,0,0,0,0,0,0,0,1,0,3,4,0.00,0.00,0.00,0.25,0.00,0.75,0.00,0.00,0.00,0.00,0.00,0.81,0.23
amusant,lemma,0,2,0,0,0,0,0,6,0,0,0,8,0.25,0.00,0.75,0.00,0.00,0.00,0.00,0.00,0.00,0.00,0.00,0.81,0.23
amusant,word,0,2,0,0,0,0,0,6,0,0,0,8,0.25,0.00,0.75,0.00,0.00,0.00,0.00,0.00,0.00,0.00,0.00,0.81,0.23
combats,word,0,0,0,0,0,0,0,0,3,0,1,4,0.00,0.00,0.00,0.75,0.00,0.25,0.00,0.00,0.00,0.00,0.00,0.81,0.23
féliciter,lemma,0,0,0,0,0,1,0,3,0,0,0,4,0.00,0.00,0.75,0.00,0.00,0.00,0.00,0.00,0.00,0.25,0.00,0.81,0.23
grogné,word,0,3,0,0,0,0,0,0,0,0,1,4,0.75,0.00,0.00,0.00,0.00,0.25,0.00,0.00,0.00,0.00,0.00,0.81,0.23
euro,lemma,0,1,0,0,0,0,0,3,0,0,0,4,0.25,0.00,0.75,0.00,0.00,0.00,0.00,0.00,0.00,0.00,0.00,0.81,0.23
revendiquer,lemma,0,3,0,0,0,0,0,0,1,0,0,4,0.75,0.00,0.00,0.25,0.00,0.00,0.00,0.00,0.00,0.00,0.00,0.81,0.23
angoisser,lemma,0,1,0,0,0,0,0,0,3,0,0,4,0.25,0.00,0.00,0.75,0.00,0.00,0.00,0.00,0.00,0.00,0.00,0.81,0.23
dommage,lemma,0,1,0,0,0,0,0,0,0,0,3,4,0.25,0.00,0.00,0.00,0.00,0.75,0.00,0.00,0.00,0.00,0.00,0.81,0.23
continue,word,0,3,0,1,0,0,0,0,0,0,0,4,0.75,0.25,0.00,0.00,0.00,0.00,0.00,0.00,0.00,0.00,0.00,0.81,0.23
descendu,lemma,0,3,0,0,0,0,0,1,0,0,0,4,0.75,0.00,0.25,0.00,0.00,0.00,0.00,0.00,0.00,0.00,0.00,0.81,0.23
puissante,word,1,0,0,0,0,0,0,0,3,0,0,4,0.00,0.00,0.00,0.75,0.00,0.00,0.25,0.00,0.00,0.00,0.00,0.81,0.23
descendus,word,0,3,0,0,0,0,0,1,0,0,0,4,0.75,0.00,0.25,0.00,0.00,0.00,0.00,0.00,0.00,0.00,0.00,0.81,0.23
descendue,lemma,0,3,0,0,0,0,0,1,0,0,0,4,0.75,0.00,0.25,0.00,0.00,0.00,0.00,0.00,0.00,0.00,0.00,0.81,0.23
l'école,word,0,0,0,0,0,0,0,0,3,0,1,4,0.00,0.00,0.00,0.75,0.00,0.25,0.00,0.00,0.00,0.00,0.00,0.81,0.23
agression,word,0,0,0,0,0,0,0,0,1,0,3,4,0.00,0.00,0.00,0.25,0.00,0.75,0.00,0.00,0.00,0.00,0.00,0.81,0.23
fan,lemma,3,0,0,0,0,1,0,0,0,0,0,4,0.00,0.00,0.00,0.00,0.00,0.00,0.75,0.00,0.00,0.25,0.00,0.81,0.23
prison,lemma,0,1,0,0,0,0,0,0,3,0,0,4,0.25,0.00,0.00,0.75,0.00,0.00,0.00,0.00,0.00,0.00,0.00,0.81,0.23
eh,lemma,0,0,0,0,0,0,0,0,0,3,1,4,0.00,0.00,0.00,0.00,0.75,0.25,0.00,0.00,0.00,0.00,0.00,0.81,0.23
eh,word,0,0,0,0,0,0,0,0,0,3,1,4,0.00,0.00,0.00,0.00,0.75,0.25,0.00,0.00,0.00,0.00,0.00,0.81,0.23
expulser,word,0,3,0,1,0,0,0,0,0,0,0,4,0.75,0.25,0.00,0.00,0.00,0.00,0.00,0.00,0.00,0.00,0.00,0.81,0.23
bouder,lemma,0,3,0,0,0,0,0,0,0,0,1,4,0.75,0.00,0.00,0.00,0.00,0.25,0.00,0.00,0.00,0.00,0.00,0.81,0.23
croisière,word,0,0,0,0,0,0,0,3,0,0,1,4,0.00,0.00,0.75,0.00,0.00,0.25,0.00,0.00,0.00,0.00,0.00,0.81,0.23
croisière,lemma,0,0,0,0,0,0,0,3,0,0,1,4,0.00,0.00,0.75,0.00,0.00,0.25,0.00,0.00,0.00,0.00,0.00,0.81,0.23
maladie,word,0,0,0,0,0,0,0,0,3,0,1,4,0.00,0.00,0.00,0.75,0.00,0.25,0.00,0.00,0.00,0.00,0.00,0.81,0.23
drole,lemma,0,1,0,0,0,0,0,3,0,0,0,4,0.25,0.00,0.75,0.00,0.00,0.00,0.00,0.00,0.00,0.00,0.00,0.81,0.23
quittent,word,0,0,0,0,0,0,0,0,3,0,1,4,0.00,0.00,0.00,0.75,0.00,0.25,0.00,0.00,0.00,0.00,0.00,0.81,0.23
comprendre,lemma,0,3,0,0,0,0,0,0,1,0,0,4,0.75,0.00,0.00,0.25,0.00,0.00,0.00,0.00,0.00,0.00,0.00,0.81,0.23
boum,word,0,0,0,0,0,0,0,0,3,1,0,4,0.00,0.00,0.00,0.75,0.25,0.00,0.00,0.00,0.00,0.00,0.00,0.81,0.23
expulser,lemma,0,3,0,1,0,0,0,0,0,0,0,4,0.75,0.25,0.00,0.00,0.00,0.00,0.00,0.00,0.00,0.00,0.00,0.81,0.23
manquer,lemma,0,0,0,0,0,0,0,0,1,0,3,4,0.00,0.00,0.00,0.25,0.00,0.75,0.00,0.00,0.00,0.00,0.00,0.81,0.23
persécution,lemma,0,0,0,0,0,0,0,0,3,0,1,4,0.00,0.00,0.00,0.75,0.00,0.25,0.00,0.00,0.00,0.00,0.00,0.81,0.23
prison,word,0,1,0,0,0,0,0,0,3,0,0,4,0.25,0.00,0.00,0.75,0.00,0.00,0.00,0.00,0.00,0.00,0.00,0.81,0.23
volé,word,0,3,1,0,0,0,0,0,0,0,0,4,0.75,0.00,0.00,0.00,0.00,0.00,0.00,0.25,0.00,0.00,0.00,0.81,0.23
préoccupation,lemma,0,0,0,0,0,0,0,0,1,0,3,4,0.00,0.00,0.00,0.25,0.00,0.75,0.00,0.00,0.00,0.00,0.00,0.81,0.23
conflits,word,0,3,0,0,0,0,0,0,1,0,0,4,0.75,0.00,0.00,0.25,0.00,0.00,0.00,0.00,0.00,0.00,0.00,0.81,0.23
violent,lemma,0,1,0,0,0,0,0,0,15,0,2,18,0.06,0.00,0.00,0.83,0.00,0.11,0.00,0.00,0.00,0.00,0.00,0.80,0.23
troupe,word,0,0,0,0,0,2,0,7,0,0,0,9,0.00,0.00,0.78,0.00,0.00,0.00,0.00,0.00,0.00,0.22,0.00,0.76,0.22
quitter,word,0,0,0,0,0,0,0,0,7,0,2,9,0.00,0.00,0.00,0.78,0.00,0.22,0.00,0.00,0.00,0.00,0.00,0.76,0.22
troupe,lemma,0,0,0,0,0,2,0,7,0,0,0,9,0.00,0.00,0.78,0.00,0.00,0.00,0.00,0.00,0.00,0.22,0.00,0.76,0.22
accord,lemma,0,18,0,0,0,0,0,2,1,0,0,21,0.86,0.00,0.10,0.05,0.00,0.00,0.00,0.00,0.00,0.00,0.00,0.72,0.21
protesté,lemma,0,4,0,0,0,0,0,0,0,1,0,5,0.80,0.00,0.00,0.00,0.20,0.00,0.00,0.00,0.00,0.00,0.00,0.72,0.21
julien,lemma,0,4,0,0,0,0,0,1,0,0,0,5,0.80,0.00,0.20,0.00,0.00,0.00,0.00,0.00,0.00,0.00,0.00,0.72,0.21
regarde,word,0,4,0,0,0,0,0,1,0,0,0,5,0.80,0.00,0.20,0.00,0.00,0.00,0.00,0.00,0.00,0.00,0.00,0.72,0.21
repas,word,0,0,0,0,0,0,0,4,0,0,1,5,0.00,0.00,0.80,0.00,0.00,0.20,0.00,0.00,0.00,0.00,0.00,0.72,0.21
partir,word,0,0,0,0,0,0,0,0,1,0,4,5,0.00,0.00,0.00,0.20,0.00,0.80,0.00,0.00,0.00,0.00,0.00,0.72,0.21
défendre,word,0,1,0,0,0,0,0,0,4,0,0,5,0.20,0.00,0.00,0.80,0.00,0.00,0.00,0.00,0.00,0.00,0.00,0.72,0.21
york,lemma,0,0,0,0,0,1,0,4,0,0,0,5,0.00,0.00,0.80,0.00,0.00,0.00,0.00,0.00,0.00,0.20,0.00,0.72,0.21
protesté,word,0,4,0,0,0,0,0,0,0,1,0,5,0.80,0.00,0.00,0.00,0.20,0.00,0.00,0.00,0.00,0.00,0.00,0.72,0.21
york,word,0,0,0,0,0,1,0,4,0,0,0,5,0.00,0.00,0.80,0.00,0.00,0.00,0.00,0.00,0.00,0.20,0.00,0.72,0.21
belle,word,1,0,0,0,0,0,0,4,0,0,0,5,0.00,0.00,0.80,0.00,0.00,0.00,0.20,0.00,0.00,0.00,0.00,0.72,0.21
menacé,word,0,2,0,0,0,0,0,0,8,0,0,10,0.20,0.00,0.00,0.80,0.00,0.00,0.00,0.00,0.00,0.00,0.00,0.72,0.21
célébré,word,0,0,0,0,0,1,0,4,0,0,0,5,0.00,0.00,0.80,0.00,0.00,0.00,0.00,0.00,0.00,0.20,0.00,0.72,0.21
moqueries,word,0,0,0,0,4,0,0,0,0,0,1,5,0.00,0.00,0.00,0.00,0.00,0.20,0.00,0.00,0.80,0.00,0.00,0.72,0.21
new,word,0,0,0,0,0,1,0,4,0,0,0,5,0.00,0.00,0.80,0.00,0.00,0.00,0.00,0.00,0.00,0.20,0.00,0.72,0.21
cauchemar,lemma,0,0,0,0,0,0,0,0,4,0,1,5,0.00,0.00,0.00,0.80,0.00,0.20,0.00,0.00,0.00,0.00,0.00,0.72,0.21
augmentation,word,0,4,0,0,0,0,0,0,1,0,0,5,0.80,0.00,0.00,0.20,0.00,0.00,0.00,0.00,0.00,0.00,0.00,0.72,0.21
ah,lemma,0,0,0,0,0,0,0,1,0,4,0,5,0.00,0.00,0.20,0.00,0.80,0.00,0.00,0.00,0.00,0.00,0.00,0.72,0.21
moquerie,lemma,0,0,0,0,4,0,0,0,0,0,1,5,0.00,0.00,0.00,0.00,0.00,0.20,0.00,0.00,0.80,0.00,0.00,0.72,0.21
dû,word,0,0,1,0,0,0,0,0,0,0,4,5,0.00,0.00,0.00,0.00,0.00,0.80,0.00,0.20,0.00,0.00,0.00,0.72,0.21
ah,word,0,0,0,0,0,0,0,1,0,4,0,5,0.00,0.00,0.20,0.00,0.80,0.00,0.00,0.00,0.00,0.00,0.00,0.72,0.21
échapper,word,0,1,0,0,0,0,0,0,4,0,0,5,0.20,0.00,0.00,0.80,0.00,0.00,0.00,0.00,0.00,0.00,0.00,0.72,0.21
échapper,lemma,0,1,0,0,0,0,0,0,4,0,0,5,0.20,0.00,0.00,0.80,0.00,0.00,0.00,0.00,0.00,0.00,0.00,0.72,0.21
croire,word,0,0,0,0,0,0,0,1,0,4,0,5,0.00,0.00,0.20,0.00,0.80,0.00,0.00,0.00,0.00,0.00,0.00,0.72,0.21
photos,word,0,4,0,1,0,0,0,0,0,0,0,5,0.80,0.20,0.00,0.00,0.00,0.00,0.00,0.00,0.00,0.00,0.00,0.72,0.21
défendre,lemma,0,1,0,0,0,0,0,0,4,0,0,5,0.20,0.00,0.00,0.80,0.00,0.00,0.00,0.00,0.00,0.00,0.00,0.72,0.21
pauvre,word,0,0,0,0,0,0,0,0,1,0,4,5,0.00,0.00,0.00,0.20,0.00,0.80,0.00,0.00,0.00,0.00,0.00,0.72,0.21
rigole,word,0,1,0,0,0,0,0,4,0,0,0,5,0.20,0.00,0.80,0.00,0.00,0.00,0.00,0.00,0.00,0.00,0.00,0.72,0.21
rigole,lemma,0,1,0,0,0,0,0,4,0,0,0,5,0.20,0.00,0.80,0.00,0.00,0.00,0.00,0.00,0.00,0.00,0.00,0.72,0.21
respecter,word,0,4,0,1,0,0,0,0,0,0,0,5,0.80,0.20,0.00,0.00,0.00,0.00,0.00,0.00,0.00,0.00,0.00,0.72,0.21
repas,lemma,0,0,0,0,0,0,0,4,0,0,1,5,0.00,0.00,0.80,0.00,0.00,0.20,0.00,0.00,0.00,0.00,0.00,0.72,0.21
inondations,word,0,0,0,0,0,0,0,0,4,0,1,5,0.00,0.00,0.00,0.80,0.00,0.20,0.00,0.00,0.00,0.00,0.00,0.72,0.21
nouvelle,word,0,0,0,0,0,0,0,4,0,0,1,5,0.00,0.00,0.80,0.00,0.00,0.20,0.00,0.00,0.00,0.00,0.00,0.72,0.21
menace,word,0,4,0,0,0,0,0,0,17,0,0,21,0.19,0.00,0.00,0.81,0.00,0.00,0.00,0.00,0.00,0.00,0.00,0.70,0.20
menace,lemma,0,5,0,0,0,0,0,0,23,0,0,28,0.18,0.00,0.00,0.82,0.00,0.00,0.00,0.00,0.00,0.00,0.00,0.68,0.20
victoire,lemma,0,0,0,0,0,3,0,14,0,0,0,17,0.00,0.00,0.82,0.00,0.00,0.00,0.00,0.00,0.00,0.18,0.00,0.67,0.19
hausse,word,0,5,0,0,0,0,0,0,0,0,1,6,0.83,0.00,0.00,0.00,0.00,0.17,0.00,0.00,0.00,0.00,0.00,0.65,0.19
couilles,word,0,5,0,1,0,0,0,0,0,0,0,6,0.83,0.17,0.00,0.00,0.00,0.00,0.00,0.00,0.00,0.00,0.00,0.65,0.19
encourager,lemma,0,0,0,0,0,1,0,5,0,0,0,6,0.00,0.00,0.83,0.00,0.00,0.00,0.00,0.00,0.00,0.17,0.00,0.65,0.19
héros,lemma,5,0,0,0,0,1,0,0,0,0,0,6,0.00,0.00,0.00,0.00,0.00,0.00,0.83,0.00,0.00,0.17,0.00,0.65,0.19
couille,lemma,0,5,0,1,0,0,0,0,0,0,0,6,0.83,0.17,0.00,0.00,0.00,0.00,0.00,0.00,0.00,0.00,0.00,0.65,0.19
souvenir,word,0,0,0,0,0,0,0,5,0,0,1,6,0.00,0.00,0.83,0.00,0.00,0.17,0.00,0.00,0.00,0.00,0.00,0.65,0.19
héros,word,5,0,0,0,0,1,0,0,0,0,0,6,0.00,0.00,0.00,0.00,0.00,0.00,0.83,0.00,0.00,0.17,0.00,0.65,0.19
hausse,lemma,0,5,0,0,0,0,0,0,0,0,1,6,0.83,0.00,0.00,0.00,0.00,0.17,0.00,0.00,0.00,0.00,0.00,0.65,0.19
victoire,word,0,0,0,0,0,3,0,15,0,0,0,18,0.00,0.00,0.83,0.00,0.00,0.00,0.00,0.00,0.00,0.17,0.00,0.65,0.19
stop,lemma,0,6,0,1,0,0,0,0,0,0,0,7,0.86,0.14,0.00,0.00,0.00,0.00,0.00,0.00,0.00,0.00,0.00,0.59,0.17
stop,word,0,6,0,1,0,0,0,0,0,0,0,7,0.86,0.14,0.00,0.00,0.00,0.00,0.00,0.00,0.00,0.00,0.00,0.59,0.17
réfugier,lemma,0,1,0,0,0,0,0,0,6,0,0,7,0.14,0.00,0.00,0.86,0.00,0.00,0.00,0.00,0.00,0.00,0.00,0.59,0.17
critique,lemma,0,12,0,0,0,0,0,0,2,0,0,14,0.86,0.00,0.00,0.14,0.00,0.00,0.00,0.00,0.00,0.00,0.00,0.59,0.17
réfugier,word,0,1,0,0,0,0,0,0,6,0,0,7,0.14,0.00,0.00,0.86,0.00,0.00,0.00,0.00,0.00,0.00,0.00,0.59,0.17
opposer,lemma,0,6,0,0,0,0,0,0,1,0,0,7,0.86,0.00,0.00,0.14,0.00,0.00,0.00,0.00,0.00,0.00,0.00,0.59,0.17
menaces,word,0,1,0,0,0,0,0,0,6,0,0,7,0.14,0.00,0.00,0.86,0.00,0.00,0.00,0.00,0.00,0.00,0.00,0.59,0.17
con,lemma,0,6,0,1,0,0,0,0,0,0,0,7,0.86,0.14,0.00,0.00,0.00,0.00,0.00,0.00,0.00,0.00,0.00,0.59,0.17
j'ai,word,0,6,0,0,1,0,0,0,0,0,0,7,0.86,0.00,0.00,0.00,0.00,0.00,0.00,0.00,0.14,0.00,0.00,0.59,0.17
frapper,lemma,0,0,0,0,0,0,0,0,6,0,1,7,0.00,0.00,0.00,0.86,0.00,0.14,0.00,0.00,0.00,0.00,0.00,0.59,0.17
con,word,0,6,0,1,0,0,0,0,0,0,0,7,0.86,0.14,0.00,0.00,0.00,0.00,0.00,0.00,0.00,0.00,0.00,0.59,0.17
larme,lemma,0,0,0,0,1,0,0,0,0,0,6,7,0.00,0.00,0.00,0.00,0.00,0.86,0.00,0.00,0.14,0.00,0.00,0.59,0.17
larmes,word,0,0,0,0,1,0,0,0,0,0,6,7,0.00,0.00,0.00,0.00,0.00,0.86,0.00,0.00,0.14,0.00,0.00,0.59,0.17
maladie,lemma,0,0,0,0,0,0,0,0,6,0,1,7,0.00,0.00,0.00,0.86,0.00,0.14,0.00,0.00,0.00,0.00,0.00,0.59,0.17
regretter,lemma,0,0,1,0,0,0,0,0,0,0,7,8,0.00,0.00,0.00,0.00,0.00,0.88,0.00,0.12,0.00,0.00,0.00,0.54,0.16
marrant,lemma,0,1,0,0,0,0,0,7,0,0,0,8,0.12,0.00,0.88,0.00,0.00,0.00,0.00,0.00,0.00,0.00,0.00,0.54,0.16
découvre,word,0,0,0,0,0,0,0,0,1,7,0,8,0.00,0.00,0.00,0.12,0.88,0.00,0.00,0.00,0.00,0.00,0.00,0.54,0.16
marrant,word,0,1,0,0,0,0,0,7,0,0,0,8,0.12,0.00,0.88,0.00,0.00,0.00,0.00,0.00,0.00,0.00,0.00,0.54,0.16
tranquille,lemma,0,7,0,0,0,0,0,1,0,0,0,8,0.88,0.00,0.12,0.00,0.00,0.00,0.00,0.00,0.00,0.00,0.00,0.54,0.16
regrette,word,0,0,1,0,0,0,0,0,0,0,7,8,0.00,0.00,0.00,0.00,0.00,0.88,0.00,0.12,0.00,0.00,0.00,0.54,0.16
fuient,word,0,0,0,0,0,0,0,0,15,0,2,17,0.00,0.00,0.00,0.88,0.00,0.12,0.00,0.00,0.00,0.00,0.00,0.52,0.15
gueule,word,0,8,0,1,0,0,0,0,0,0,0,9,0.89,0.11,0.00,0.00,0.00,0.00,0.00,0.00,0.00,0.00,0.00,0.50,0.15
violent,word,0,0,0,0,0,0,0,0,8,0,1,9,0.00,0.00,0.00,0.89,0.00,0.11,0.00,0.00,0.00,0.00,0.00,0.50,0.15
menacer,word,0,1,0,0,0,0,0,0,8,0,0,9,0.11,0.00,0.00,0.89,0.00,0.00,0.00,0.00,0.00,0.00,0.00,0.50,0.15
gueule,lemma,0,8,0,1,0,0,0,0,0,0,0,9,0.89,0.11,0.00,0.00,0.00,0.00,0.00,0.00,0.00,0.00,0.00,0.50,0.15
révolte,lemma,0,8,0,0,0,0,0,0,1,0,0,9,0.89,0.00,0.00,0.11,0.00,0.00,0.00,0.00,0.00,0.00,0.00,0.50,0.15
révolte,word,0,8,0,0,0,0,0,0,1,0,0,9,0.89,0.00,0.00,0.11,0.00,0.00,0.00,0.00,0.00,0.00,0.00,0.50,0.15
subir,lemma,0,1,0,0,0,0,0,0,0,0,8,9,0.11,0.00,0.00,0.00,0.00,0.89,0.00,0.00,0.00,0.00,0.00,0.50,0.15
dérange,word,0,1,0,0,0,0,0,0,0,0,8,9,0.11,0.00,0.00,0.00,0.00,0.89,0.00,0.00,0.00,0.00,0.00,0.50,0.15
dérange,lemma,0,1,0,0,0,0,0,0,0,0,8,9,0.11,0.00,0.00,0.00,0.00,0.89,0.00,0.00,0.00,0.00,0.00,0.50,0.15
affronter,lemma,0,8,0,0,0,0,0,0,1,0,0,9,0.89,0.00,0.00,0.11,0.00,0.00,0.00,0.00,0.00,0.00,0.00,0.50,0.15
accusé,word,0,22,0,0,1,0,0,0,1,0,0,24,0.92,0.00,0.00,0.04,0.00,0.00,0.00,0.00,0.04,0.00,0.00,0.50,0.14
pleurer,word,0,0,0,0,0,0,0,2,0,0,17,19,0.00,0.00,0.11,0.00,0.00,0.89,0.00,0.00,0.00,0.00,0.00,0.49,0.14
s'inquiète,word,0,0,0,0,0,0,0,0,9,0,1,10,0.00,0.00,0.00,0.90,0.00,0.10,0.00,0.00,0.00,0.00,0.00,0.47,0.14
incroyable,lemma,1,0,0,0,0,0,0,0,0,9,0,10,0.00,0.00,0.00,0.00,0.90,0.00,0.10,0.00,0.00,0.00,0.00,0.47,0.14
célébrer,lemma,0,0,0,0,0,1,0,9,0,0,0,10,0.00,0.00,0.90,0.00,0.00,0.00,0.00,0.00,0.00,0.10,0.00,0.47,0.14
conflit,word,0,9,0,0,0,0,0,0,1,0,0,10,0.90,0.00,0.00,0.10,0.00,0.00,0.00,0.00,0.00,0.00,0.00,0.47,0.14
t'as,word,0,9,0,1,0,0,0,0,0,0,0,10,0.90,0.10,0.00,0.00,0.00,0.00,0.00,0.00,0.00,0.00,0.00,0.47,0.14
travailler,word,0,9,0,0,0,0,0,0,1,0,0,10,0.90,0.00,0.00,0.10,0.00,0.00,0.00,0.00,0.00,0.00,0.00,0.47,0.14
protester,lemma,0,25,0,1,0,0,0,0,0,0,1,27,0.93,0.04,0.00,0.00,0.00,0.04,0.00,0.00,0.00,0.00,0.00,0.46,0.13
surprise,word,0,0,0,0,0,0,0,2,1,38,0,41,0.00,0.00,0.05,0.02,0.93,0.00,0.00,0.00,0.00,0.00,0.00,0.44,0.13
désaccord,word,0,10,0,1,0,0,0,0,0,0,0,11,0.91,0.09,0.00,0.00,0.00,0.00,0.00,0.00,0.00,0.00,0.00,0.44,0.13
menacer,lemma,0,4,0,0,0,0,0,0,41,0,0,45,0.09,0.00,0.00,0.91,0.00,0.00,0.00,0.00,0.00,0.00,0.00,0.43,0.13
souffrir,word,0,0,0,0,0,0,0,0,1,0,11,12,0.00,0.00,0.00,0.08,0.00,0.92,0.00,0.00,0.00,0.00,0.00,0.41,0.12
rire,word,0,2,0,0,0,0,0,22,0,0,0,24,0.08,0.00,0.92,0.00,0.00,0.00,0.00,0.00,0.00,0.00,0.00,0.41,0.12
désaccord,lemma,0,11,0,1,0,0,0,0,0,0,0,12,0.92,0.08,0.00,0.00,0.00,0.00,0.00,0.00,0.00,0.00,0.00,0.41,0.12
injuste,word,0,11,0,0,0,0,0,0,0,0,1,12,0.92,0.00,0.00,0.00,0.00,0.08,0.00,0.00,0.00,0.00,0.00,0.41,0.12
tendu,lemma,0,11,0,0,0,0,0,0,1,0,0,12,0.92,0.00,0.00,0.08,0.00,0.00,0.00,0.00,0.00,0.00,0.00,0.41,0.12
surprise,lemma,0,0,0,0,0,0,0,2,1,43,0,46,0.00,0.00,0.04,0.02,0.93,0.00,0.00,0.00,0.00,0.00,0.00,0.41,0.12
conflit,lemma,0,12,0,0,0,0,0,0,1,0,0,13,0.92,0.00,0.00,0.08,0.00,0.00,0.00,0.00,0.00,0.00,0.00,0.39,0.11
mere,lemma,0,12,0,1,0,0,0,0,0,0,0,13,0.92,0.08,0.00,0.00,0.00,0.00,0.00,0.00,0.00,0.00,0.00,0.39,0.11
injuste,lemma,0,13,0,0,0,0,0,0,0,0,1,14,0.93,0.00,0.00,0.00,0.00,0.07,0.00,0.00,0.00,0.00,0.00,0.37,0.11
étonnant,word,0,1,0,0,0,0,0,0,0,14,0,15,0.07,0.00,0.00,0.00,0.93,0.00,0.00,0.00,0.00,0.00,0.00,0.35,0.10
rire,lemma,0,2,0,0,0,0,0,29,0,0,0,31,0.06,0.00,0.94,0.00,0.00,0.00,0.00,0.00,0.00,0.00,0.00,0.35,0.10
refuser,lemma,0,15,0,0,0,0,0,1,0,0,0,16,0.94,0.00,0.06,0.00,0.00,0.00,0.00,0.00,0.00,0.00,0.00,0.34,0.10
souffrir,lemma,0,0,0,0,0,0,0,0,1,0,16,17,0.00,0.00,0.00,0.06,0.00,0.94,0.00,0.00,0.00,0.00,0.00,0.32,0.09
décevoir,lemma,0,0,0,0,0,0,0,0,1,0,16,17,0.00,0.00,0.00,0.06,0.00,0.94,0.00,0.00,0.00,0.00,0.00,0.32,0.09
accuser,lemma,0,83,0,0,1,0,0,0,3,0,0,87,0.95,0.00,0.00,0.03,0.00,0.00,0.00,0.00,0.01,0.00,0.00,0.31,0.09
accuse,word,0,18,0,0,0,0,0,0,1,0,0,19,0.95,0.00,0.00,0.05,0.00,0.00,0.00,0.00,0.00,0.00,0.00,0.30,0.09
inquiéter,lemma,0,0,0,0,0,0,0,0,55,0,3,58,0.00,0.00,0.00,0.95,0.00,0.05,0.00,0.00,0.00,0.00,0.00,0.29,0.08
accusent,word,0,20,0,0,0,0,0,0,1,0,0,21,0.95,0.00,0.00,0.05,0.00,0.00,0.00,0.00,0.00,0.00,0.00,0.28,0.08
triste,word,0,0,0,0,0,0,0,0,0,1,21,22,0.00,0.00,0.00,0.00,0.05,0.95,0.00,0.00,0.00,0.00,0.00,0.27,0.08
protéger,word,0,1,0,0,0,0,0,0,23,0,0,24,0.04,0.00,0.00,0.96,0.00,0.00,0.00,0.00,0.00,0.00,0.00,0.25,0.07
étonnant,lemma,0,1,0,0,0,0,0,0,0,24,0,25,0.04,0.00,0.00,0.00,0.96,0.00,0.00,0.00,0.00,0.00,0.00,0.24,0.07
découvrir,lemma,0,0,0,0,0,0,0,0,1,25,0,26,0.00,0.00,0.00,0.04,0.96,0.00,0.00,0.00,0.00,0.00,0.00,0.24,0.07
protéger,lemma,0,1,0,0,0,0,0,0,25,0,0,26,0.04,0.00,0.00,0.96,0.00,0.00,0.00,0.00,0.00,0.00,0.00,0.24,0.07
fuir,lemma,0,0,0,0,0,0,0,0,51,0,2,53,0.00,0.00,0.00,0.96,0.00,0.04,0.00,0.00,0.00,0.00,0.00,0.23,0.07
triste,lemma,0,0,0,0,0,0,0,0,0,1,28,29,0.00,0.00,0.00,0.00,0.03,0.97,0.00,0.00,0.00,0.00,0.00,0.22,0.06
manifestations,word,0,61,0,0,0,0,0,0,2,0,0,63,0.97,0.00,0.00,0.03,0.00,0.00,0.00,0.00,0.00,0.00,0.00,0.20,0.06
manifestation,lemma,0,68,0,0,0,0,0,0,2,0,0,70,0.97,0.00,0.00,0.03,0.00,0.00,0.00,0.00,0.00,0.00,0.00,0.19,0.05
peur,lemma,0,0,0,0,0,0,0,0,130,0,1,131,0.00,0.00,0.00,0.99,0.00,0.01,0.00,0.00,0.00,0.00,0.00,0.06,0.02
peur,word,0,0,0,0,0,0,0,0,130,0,1,131,0.00,0.00,0.00,0.99,0.00,0.01,0.00,0.00,0.00,0.00,0.00,0.06,0.02
sympa,lemma,0,0,0,0,0,0,0,4,0,0,0,4,0.00,0.00,1.00,0.00,0.00,0.00,0.00,0.00,0.00,0.00,0.00,-0.00,-0.00
terrorisme,word,0,0,0,0,0,0,0,0,3,0,0,3,0.00,0.00,0.00,1.00,0.00,0.00,0.00,0.00,0.00,0.00,0.00,-0.00,-0.00
sympa,word,0,0,0,0,0,0,0,3,0,0,0,3,0.00,0.00,1.00,0.00,0.00,0.00,0.00,0.00,0.00,0.00,0.00,-0.00,-0.00
angoisse,word,0,0,0,0,0,0,0,0,4,0,0,4,0.00,0.00,0.00,1.00,0.00,0.00,0.00,0.00,0.00,0.00,0.00,-0.00,-0.00
sécheresse,lemma,0,0,0,0,0,0,0,0,6,0,0,6,0.00,0.00,0.00,1.00,0.00,0.00,0.00,0.00,0.00,0.00,0.00,-0.00,-0.00
sécheresse,word,0,0,0,0,0,0,0,0,6,0,0,6,0.00,0.00,0.00,1.00,0.00,0.00,0.00,0.00,0.00,0.00,0.00,-0.00,-0.00
sécurité,lemma,0,0,0,0,0,0,0,0,5,0,0,5,0.00,0.00,0.00,1.00,0.00,0.00,0.00,0.00,0.00,0.00,0.00,-0.00,-0.00
sécurité,word,0,0,0,0,0,0,0,0,5,0,0,5,0.00,0.00,0.00,1.00,0.00,0.00,0.00,0.00,0.00,0.00,0.00,-0.00,-0.00
angoisse,lemma,0,0,0,0,0,0,0,0,6,0,0,6,0.00,0.00,0.00,1.00,0.00,0.00,0.00,0.00,0.00,0.00,0.00,-0.00,-0.00
incroyable,word,0,0,0,0,0,0,0,0,0,7,0,7,0.00,0.00,0.00,0.00,1.00,0.00,0.00,0.00,0.00,0.00,0.00,-0.00,-0.00
terrorisme,lemma,0,0,0,0,0,0,0,0,3,0,0,3,0.00,0.00,0.00,1.00,0.00,0.00,0.00,0.00,0.00,0.00,0.00,-0.00,-0.00
injustice,lemma,0,12,0,0,0,0,0,0,0,0,0,12,1.00,0.00,0.00,0.00,0.00,0.00,0.00,0.00,0.00,0.00,0.00,-0.00,-0.00
injustice,word,0,7,0,0,0,0,0,0,0,0,0,7,1.00,0.00,0.00,0.00,0.00,0.00,0.00,0.00,0.00,0.00,0.00,-0.00,-0.00
injustices,word,0,5,0,0,0,0,0,0,0,0,0,5,1.00,0.00,0.00,0.00,0.00,0.00,0.00,0.00,0.00,0.00,0.00,-0.00,-0.00
inquiet,lemma,0,0,0,0,0,0,0,0,20,0,0,20,0.00,0.00,0.00,1.00,0.00,0.00,0.00,0.00,0.00,0.00,0.00,-0.00,-0.00
inquiet,word,0,0,0,0,0,0,0,0,6,0,0,6,0.00,0.00,0.00,1.00,0.00,0.00,0.00,0.00,0.00,0.00,0.00,-0.00,-0.00
inquiets,word,0,0,0,0,0,0,0,0,14,0,0,14,0.00,0.00,0.00,1.00,0.00,0.00,0.00,0.00,0.00,0.00,0.00,-0.00,-0.00
surprenant,lemma,0,0,0,0,0,0,0,0,0,9,0,9,0.00,0.00,0.00,0.00,1.00,0.00,0.00,0.00,0.00,0.00,0.00,-0.00,-0.00
surprenant,word,0,0,0,0,0,0,0,0,0,4,0,4,0.00,0.00,0.00,0.00,1.00,0.00,0.00,0.00,0.00,0.00,0.00,-0.00,-0.00
surprenante,word,0,0,0,0,0,0,0,0,0,4,0,4,0.00,0.00,0.00,0.00,1.00,0.00,0.00,0.00,0.00,0.00,0.00,-0.00,-0.00
misère,lemma,0,0,0,0,0,0,0,0,0,0,3,3,0.00,0.00,0.00,0.00,0.00,1.00,0.00,0.00,0.00,0.00,0.00,-0.00,-0.00
misère,word,0,0,0,0,0,0,0,0,0,0,3,3,0.00,0.00,0.00,0.00,0.00,1.00,0.00,0.00,0.00,0.00,0.00,-0.00,-0.00
icône,lemma,3,0,0,0,0,0,0,0,0,0,0,3,0.00,0.00,0.00,0.00,0.00,0.00,1.00,0.00,0.00,0.00,0.00,-0.00,-0.00
indigné,lemma,0,3,0,0,0,0,0,0,0,0,0,3,1.00,0.00,0.00,0.00,0.00,0.00,0.00,0.00,0.00,0.00,0.00,-0.00,-0.00
menacent,word,0,0,0,0,0,0,0,0,7,0,0,7,0.00,0.00,0.00,1.00,0.00,0.00,0.00,0.00,0.00,0.00,0.00,-0.00,-0.00
menacée,word,0,0,0,0,0,0,0,0,3,0,0,3,0.00,0.00,0.00,1.00,0.00,0.00,0.00,0.00,0.00,0.00,0.00,-0.00,-0.00
menacés,word,0,0,0,0,0,0,0,0,6,0,0,6,0.00,0.00,0.00,1.00,0.00,0.00,0.00,0.00,0.00,0.00,0.00,-0.00,-0.00
menaçait,word,0,0,0,0,0,0,0,0,4,0,0,4,0.00,0.00,0.00,1.00,0.00,0.00,0.00,0.00,0.00,0.00,0.00,-0.00,-0.00
menaçant,lemma,0,0,0,0,0,0,0,0,4,0,0,4,0.00,0.00,0.00,1.00,0.00,0.00,0.00,0.00,0.00,0.00,0.00,-0.00,-0.00
menaçante,word,0,0,0,0,0,0,0,0,4,0,0,4,0.00,0.00,0.00,1.00,0.00,0.00,0.00,0.00,0.00,0.00,0.00,-0.00,-0.00
mentir,lemma,0,4,0,0,0,0,0,0,0,0,0,4,1.00,0.00,0.00,0.00,0.00,0.00,0.00,0.00,0.00,0.00,0.00,-0.00,-0.00
mentir,word,0,4,0,0,0,0,0,0,0,0,0,4,1.00,0.00,0.00,0.00,0.00,0.00,0.00,0.00,0.00,0.00,0.00,-0.00,-0.00
mere,word,0,11,0,0,0,0,0,0,0,0,0,11,1.00,0.00,0.00,0.00,0.00,0.00,0.00,0.00,0.00,0.00,0.00,-0.00,-0.00
découverte,word,0,0,0,0,0,0,0,0,0,5,0,5,0.00,0.00,0.00,0.00,1.00,0.00,0.00,0.00,0.00,0.00,0.00,-0.00,-0.00
dégoûtant,lemma,0,0,0,3,0,0,0,0,0,0,0,3,0.00,1.00,0.00,0.00,0.00,0.00,0.00,0.00,0.00,0.00,0.00,-0.00,-0.00
dénonce,word,0,5,0,0,0,0,0,0,0,0,0,5,1.00,0.00,0.00,0.00,0.00,0.00,0.00,0.00,0.00,0.00,0.00,-0.00,-0.00
chier,lemma,0,3,0,0,0,0,0,0,0,0,0,3,1.00,0.00,0.00,0.00,0.00,0.00,0.00,0.00,0.00,0.00,0.00,-0.00,-0.00
inquiètent,word,0,0,0,0,0,0,0,0,6,0,0,6,0.00,0.00,0.00,1.00,0.00,0.00,0.00,0.00,0.00,0.00,0.00,-0.00,-0.00
animaux,word,0,0,0,0,0,0,0,0,3,0,0,3,0.00,0.00,0.00,1.00,0.00,0.00,0.00,0.00,0.00,0.00,0.00,-0.00,-0.00
appeler,lemma,0,6,0,0,0,0,0,0,0,0,0,6,1.00,0.00,0.00,0.00,0.00,0.00,0.00,0.00,0.00,0.00,0.00,-0.00,-0.00
dépression,lemma,0,0,0,0,0,0,0,0,0,0,5,5,0.00,0.00,0.00,0.00,0.00,1.00,0.00,0.00,0.00,0.00,0.00,-0.00,-0.00
dépression,word,0,0,0,0,0,0,0,0,0,0,4,4,0.00,0.00,0.00,0.00,0.00,1.00,0.00,0.00,0.00,0.00,0.00,-0.00,-0.00
détresse,lemma,0,0,0,0,0,0,0,0,4,0,0,4,0.00,0.00,0.00,1.00,0.00,0.00,0.00,0.00,0.00,0.00,0.00,-0.00,-0.00
détresse,word,0,0,0,0,0,0,0,0,4,0,0,4,0.00,0.00,0.00,1.00,0.00,0.00,0.00,0.00,0.00,0.00,0.00,-0.00,-0.00
déçu,word,0,0,0,0,0,0,0,0,0,0,5,5,0.00,0.00,0.00,0.00,0.00,1.00,0.00,0.00,0.00,0.00,0.00,-0.00,-0.00
déçue,word,0,0,0,0,0,0,0,0,0,0,6,6,0.00,0.00,0.00,0.00,0.00,1.00,0.00,0.00,0.00,0.00,0.00,-0.00,-0.00
appelé,word,0,5,0,0,0,0,0,0,0,0,0,5,1.00,0.00,0.00,0.00,0.00,0.00,0.00,0.00,0.00,0.00,0.00,-0.00,-0.00
tendues,word,0,6,0,0,0,0,0,0,0,0,0,6,1.00,0.00,0.00,0.00,0.00,0.00,0.00,0.00,0.00,0.00,0.00,-0.00,-0.00
tension,lemma,0,9,0,0,0,0,0,0,0,0,0,9,1.00,0.00,0.00,0.00,0.00,0.00,0.00,0.00,0.00,0.00,0.00,-0.00,-0.00
tensions,word,0,9,0,0,0,0,0,0,0,0,0,9,1.00,0.00,0.00,0.00,0.00,0.00,0.00,0.00,0.00,0.00,0.00,-0.00,-0.00
inquiète,word,0,0,0,0,0,0,0,0,24,0,0,24,0.00,0.00,0.00,1.00,0.00,0.00,0.00,0.00,0.00,0.00,0.00,-0.00,-0.00
muslim,word,0,3,0,0,0,0,0,0,0,0,0,3,1.00,0.00,0.00,0.00,0.00,0.00,0.00,0.00,0.00,0.00,0.00,-0.00,-0.00
mère,lemma,0,3,0,0,0,0,0,0,0,0,0,3,1.00,0.00,0.00,0.00,0.00,0.00,0.00,0.00,0.00,0.00,0.00,-0.00,-0.00
mère,word,0,3,0,0,0,0,0,0,0,0,0,3,1.00,0.00,0.00,0.00,0.00,0.00,0.00,0.00,0.00,0.00,0.00,-0.00,-0.00
mécontent,lemma,0,9,0,0,0,0,0,0,0,0,0,9,1.00,0.00,0.00,0.00,0.00,0.00,0.00,0.00,0.00,0.00,0.00,-0.00,-0.00
mécontentement,lemma,0,18,0,0,0,0,0,0,0,0,0,18,1.00,0.00,0.00,0.00,0.00,0.00,0.00,0.00,0.00,0.00,0.00,-0.00,-0.00
mécontentement,word,0,15,0,0,0,0,0,0,0,0,0,15,1.00,0.00,0.00,0.00,0.00,0.00,0.00,0.00,0.00,0.00,0.00,-0.00,-0.00
mécontentements,word,0,3,0,0,0,0,0,0,0,0,0,3,1.00,0.00,0.00,0.00,0.00,0.00,0.00,0.00,0.00,0.00,0.00,-0.00,-0.00
mécontents,word,0,8,0,0,0,0,0,0,0,0,0,8,1.00,0.00,0.00,0.00,0.00,0.00,0.00,0.00,0.00,0.00,0.00,-0.00,-0.00
méfiance,lemma,0,0,0,0,0,0,0,0,5,0,0,5,0.00,0.00,0.00,1.00,0.00,0.00,0.00,0.00,0.00,0.00,0.00,-0.00,-0.00
méfiance,word,0,0,0,0,0,0,0,0,5,0,0,5,0.00,0.00,0.00,1.00,0.00,0.00,0.00,0.00,0.00,0.00,0.00,-0.00,-0.00
déçus,word,0,0,0,0,0,0,0,0,0,0,4,4,0.00,0.00,0.00,0.00,0.00,1.00,0.00,0.00,0.00,0.00,0.00,-0.00,-0.00
célébrer,word,0,0,0,0,0,0,0,5,0,0,0,5,0.00,0.00,1.00,0.00,0.00,0.00,0.00,0.00,0.00,0.00,0.00,-0.00,-0.00
armes,word,0,0,0,0,0,0,0,0,3,0,0,3,0.00,0.00,0.00,1.00,0.00,0.00,0.00,0.00,0.00,0.00,0.00,-0.00,-0.00
icône,word,3,0,0,0,0,0,0,0,0,0,0,3,0.00,0.00,0.00,0.00,0.00,0.00,1.00,0.00,0.00,0.00,0.00,-0.00,-0.00
méfier,word,0,0,0,0,0,0,0,0,3,0,0,3,0.00,0.00,0.00,1.00,0.00,0.00,0.00,0.00,0.00,0.00,0.00,-0.00,-0.00
corruption,lemma,0,5,0,0,0,0,0,0,0,0,0,5,1.00,0.00,0.00,0.00,0.00,0.00,0.00,0.00,0.00,0.00,0.00,-0.00,-0.00
corruption,word,0,5,0,0,0,0,0,0,0,0,0,5,1.00,0.00,0.00,0.00,0.00,0.00,0.00,0.00,0.00,0.00,0.00,-0.00,-0.00
heureur,lemma,0,0,0,0,0,0,0,3,0,0,0,3,0.00,0.00,1.00,0.00,0.00,0.00,0.00,0.00,0.00,0.00,0.00,-0.00,-0.00
heureuse,word,0,0,0,0,0,0,0,5,0,0,0,5,0.00,0.00,1.00,0.00,0.00,0.00,0.00,0.00,0.00,0.00,0.00,-0.00,-0.00
heureusement,lemma,0,0,0,0,0,0,0,18,0,0,0,18,0.00,0.00,1.00,0.00,0.00,0.00,0.00,0.00,0.00,0.00,0.00,-0.00,-0.00
heureusement,word,0,0,0,0,0,0,0,18,0,0,0,18,0.00,0.00,1.00,0.00,0.00,0.00,0.00,0.00,0.00,0.00,0.00,-0.00,-0.00
heureuses,word,0,0,0,0,0,0,0,3,0,0,0,3,0.00,0.00,1.00,0.00,0.00,0.00,0.00,0.00,0.00,0.00,0.00,-0.00,-0.00
arrete,lemma,0,7,0,0,0,0,0,0,0,0,0,7,1.00,0.00,0.00,0.00,0.00,0.00,0.00,0.00,0.00,0.00,0.00,-0.00,-0.00
arrete,word,0,7,0,0,0,0,0,0,0,0,0,7,1.00,0.00,0.00,0.00,0.00,0.00,0.00,0.00,0.00,0.00,0.00,-0.00,-0.00
sert,word,0,3,0,0,0,0,0,0,0,0,0,3,1.00,0.00,0.00,0.00,0.00,0.00,0.00,0.00,0.00,0.00,0.00,-0.00,-0.00
siffler,lemma,0,3,0,0,0,0,0,0,0,0,0,3,1.00,0.00,0.00,0.00,0.00,0.00,0.00,0.00,0.00,0.00,0.00,-0.00,-0.00
souffrent,word,0,0,0,0,0,0,0,0,0,0,3,3,0.00,0.00,0.00,0.00,0.00,1.00,0.00,0.00,0.00,0.00,0.00,-0.00,-0.00
s'amuser,word,0,0,0,0,0,0,0,3,0,0,0,3,0.00,0.00,1.00,0.00,0.00,0.00,0.00,0.00,0.00,0.00,0.00,-0.00,-0.00
méfier,lemma,0,0,0,0,0,0,0,0,3,0,0,3,0.00,0.00,0.00,1.00,0.00,0.00,0.00,0.00,0.00,0.00,0.00,-0.00,-0.00
tiré,word,0,0,0,0,0,0,0,0,4,0,0,4,0.00,0.00,0.00,1.00,0.00,0.00,0.00,0.00,0.00,0.00,0.00,-0.00,-0.00
idole,lemma,4,0,0,0,0,0,0,0,0,0,0,4,0.00,0.00,0.00,0.00,0.00,0.00,1.00,0.00,0.00,0.00,0.00,-0.00,-0.00
idole,word,4,0,0,0,0,0,0,0,0,0,0,4,0.00,0.00,0.00,0.00,0.00,0.00,1.00,0.00,0.00,0.00,0.00,-0.00,-0.00
illégal,lemma,0,3,0,0,0,0,0,0,0,0,0,3,1.00,0.00,0.00,0.00,0.00,0.00,0.00,0.00,0.00,0.00,0.00,-0.00,-0.00
inattendu,lemma,0,0,0,0,0,0,0,0,0,3,0,3,0.00,0.00,0.00,0.00,1.00,0.00,0.00,0.00,0.00,0.00,0.00,-0.00,-0.00
chier,word,0,3,0,0,0,0,0,0,0,0,0,3,1.00,0.00,0.00,0.00,0.00,0.00,0.00,0.00,0.00,0.00,0.00,-0.00,-0.00
surprendre,lemma,0,0,0,0,0,0,0,0,0,14,0,14,0.00,0.00,0.00,0.00,1.00,0.00,0.00,0.00,0.00,0.00,0.00,-0.00,-0.00
surpris,word,0,0,0,0,0,0,0,0,0,11,0,11,0.00,0.00,0.00,0.00,1.00,0.00,0.00,0.00,0.00,0.00,0.00,-0.00,-0.00
surprises,word,0,0,0,0,0,0,0,0,0,5,0,5,0.00,0.00,0.00,0.00,1.00,0.00,0.00,0.00,0.00,0.00,0.00,-0.00,-0.00
dîner,lemma,0,0,0,0,0,0,0,3,0,0,0,3,0.00,0.00,1.00,0.00,0.00,0.00,0.00,0.00,0.00,0.00,0.00,-0.00,-0.00
dîner,word,0,0,0,0,0,0,0,3,0,0,0,3,0.00,0.00,1.00,0.00,0.00,0.00,0.00,0.00,0.00,0.00,0.00,-0.00,-0.00
effet,lemma,0,0,0,0,0,0,0,0,3,0,0,3,0.00,0.00,0.00,1.00,0.00,0.00,0.00,0.00,0.00,0.00,0.00,-0.00,-0.00
effets,word,0,0,0,0,0,0,0,0,3,0,0,3,0.00,0.00,0.00,1.00,0.00,0.00,0.00,0.00,0.00,0.00,0.00,-0.00,-0.00
effrayant,lemma,0,0,0,0,0,0,0,0,8,0,0,8,0.00,0.00,0.00,1.00,0.00,0.00,0.00,0.00,0.00,0.00,0.00,-0.00,-0.00
muslim,lemma,0,3,0,0,0,0,0,0,0,0,0,3,1.00,0.00,0.00,0.00,0.00,0.00,0.00,0.00,0.00,0.00,0.00,-0.00,-0.00
effrayants,word,0,0,0,0,0,0,0,0,5,0,0,5,0.00,0.00,0.00,1.00,0.00,0.00,0.00,0.00,0.00,0.00,0.00,-0.00,-0.00
effrayer,lemma,0,0,0,0,0,0,0,0,8,0,0,8,0.00,0.00,0.00,1.00,0.00,0.00,0.00,0.00,0.00,0.00,0.00,-0.00,-0.00
honte,lemma,0,0,0,0,10,0,0,0,0,0,0,10,0.00,0.00,0.00,0.00,0.00,0.00,0.00,0.00,1.00,0.00,0.00,-0.00,-0.00
honte,word,0,0,0,0,10,0,0,0,0,0,0,10,0.00,0.00,0.00,0.00,0.00,0.00,0.00,0.00,1.00,0.00,0.00,-0.00,-0.00
hors,lemma,0,0,0,0,0,0,0,0,0,6,0,6,0.00,0.00,0.00,0.00,1.00,0.00,0.00,0.00,0.00,0.00,0.00,-0.00,-0.00
hors,word,0,0,0,0,0,0,0,0,0,6,0,6,0.00,0.00,0.00,0.00,1.00,0.00,0.00,0.00,0.00,0.00,0.00,-0.00,-0.00
stressé,lemma,0,0,0,0,0,0,0,0,3,0,0,3,0.00,0.00,0.00,1.00,0.00,0.00,0.00,0.00,0.00,0.00,0.00,-0.00,-0.00
stressé,word,0,0,0,0,0,0,0,0,3,0,0,3,0.00,0.00,0.00,1.00,0.00,0.00,0.00,0.00,0.00,0.00,0.00,-0.00,-0.00
stupéfait,lemma,0,0,0,0,0,0,0,0,0,4,0,4,0.00,0.00,0.00,0.00,1.00,0.00,0.00,0.00,0.00,0.00,0.00,-0.00,-0.00
subissent,word,0,0,0,0,0,0,0,0,0,0,3,3,0.00,0.00,0.00,0.00,0.00,1.00,0.00,0.00,0.00,0.00,0.00,-0.00,-0.00
souriant,lemma,0,0,0,0,0,0,0,4,0,0,0,4,0.00,0.00,1.00,0.00,0.00,0.00,0.00,0.00,0.00,0.00,0.00,-0.00,-0.00
souriant,word,0,0,0,0,0,0,0,4,0,0,0,4,0.00,0.00,1.00,0.00,0.00,0.00,0.00,0.00,0.00,0.00,0.00,-0.00,-0.00
mouvement,lemma,0,6,0,0,0,0,0,0,0,0,0,6,1.00,0.00,0.00,0.00,0.00,0.00,0.00,0.00,0.00,0.00,0.00,-0.00,-0.00
mouvement,word,0,5,0,0,0,0,0,0,0,0,0,5,1.00,0.00,0.00,0.00,0.00,0.00,0.00,0.00,0.00,0.00,0.00,-0.00,-0.00
effrayant,word,0,0,0,0,0,0,0,0,3,0,0,3,0.00,0.00,0.00,1.00,0.00,0.00,0.00,0.00,0.00,0.00,0.00,-0.00,-0.00
protestations,word,0,8,0,0,0,0,0,0,0,0,0,8,1.00,0.00,0.00,0.00,0.00,0.00,0.00,0.00,0.00,0.00,0.00,-0.00,-0.00
protestent,word,0,4,0,0,0,0,0,0,0,0,0,4,1.00,0.00,0.00,0.00,0.00,0.00,0.00,0.00,0.00,0.00,0.00,-0.00,-0.00
étonnante,word,0,0,0,0,0,0,0,0,0,10,0,10,0.00,0.00,0.00,0.00,1.00,0.00,0.00,0.00,0.00,0.00,0.00,-0.00,-0.00
lancé,word,0,3,0,0,0,0,0,0,0,0,0,3,1.00,0.00,0.00,0.00,0.00,0.00,0.00,0.00,0.00,0.00,0.00,-0.00,-0.00
commun,lemma,0,0,0,0,0,0,0,0,0,5,0,5,0.00,0.00,0.00,0.00,1.00,0.00,0.00,0.00,0.00,0.00,0.00,-0.00,-0.00
commun,word,0,0,0,0,0,0,0,0,0,5,0,5,0.00,0.00,0.00,0.00,1.00,0.00,0.00,0.00,0.00,0.00,0.00,-0.00,-0.00
lettre,lemma,0,0,0,0,0,0,0,3,0,0,0,3,0.00,0.00,1.00,0.00,0.00,0.00,0.00,0.00,0.00,0.00,0.00,-0.00,-0.00
lettre,word,0,0,0,0,0,0,0,3,0,0,0,3,0.00,0.00,1.00,0.00,0.00,0.00,0.00,0.00,0.00,0.00,0.00,-0.00,-0.00
deuil,lemma,0,0,0,0,0,0,0,0,0,0,4,4,0.00,0.00,0.00,0.00,0.00,1.00,0.00,0.00,0.00,0.00,0.00,-0.00,-0.00
disputent,word,0,3,0,0,0,0,0,0,0,0,0,3,1.00,0.00,0.00,0.00,0.00,0.00,0.00,0.00,0.00,0.00,0.00,-0.00,-0.00
joyeux,lemma,0,0,0,0,0,0,0,4,0,0,0,4,0.00,0.00,1.00,0.00,0.00,0.00,0.00,0.00,0.00,0.00,0.00,-0.00,-0.00
joyeux,word,0,0,0,0,0,0,0,3,0,0,0,3,0.00,0.00,1.00,0.00,0.00,0.00,0.00,0.00,0.00,0.00,0.00,-0.00,-0.00
amusante,word,0,0,0,0,0,0,0,3,0,0,0,3,0.00,0.00,1.00,0.00,0.00,0.00,0.00,0.00,0.00,0.00,0.00,-0.00,-0.00
interdire,word,0,3,0,0,0,0,0,0,0,0,0,3,1.00,0.00,0.00,0.00,0.00,0.00,0.00,0.00,0.00,0.00,0.00,-0.00,-0.00
connasse,lemma,0,3,0,0,0,0,0,0,0,0,0,3,1.00,0.00,0.00,0.00,0.00,0.00,0.00,0.00,0.00,0.00,0.00,-0.00,-0.00
contester,lemma,0,8,0,0,0,0,0,0,0,0,0,8,1.00,0.00,0.00,0.00,0.00,0.00,0.00,0.00,0.00,0.00,0.00,-0.00,-0.00
intrigué,lemma,0,0,0,0,0,0,0,0,0,3,0,3,0.00,0.00,0.00,0.00,1.00,0.00,0.00,0.00,0.00,0.00,0.00,-0.00,-0.00
inédit,lemma,0,0,0,0,0,0,0,0,0,5,0,5,0.00,0.00,0.00,0.00,1.00,0.00,0.00,0.00,0.00,0.00,0.00,-0.00,-0.00
inédite,word,0,0,0,0,0,0,0,0,0,4,0,4,0.00,0.00,0.00,0.00,1.00,0.00,0.00,0.00,0.00,0.00,0.00,-0.00,-0.00
alerte,lemma,0,0,0,0,0,0,0,0,3,0,0,3,0.00,0.00,0.00,1.00,0.00,0.00,0.00,0.00,0.00,0.00,0.00,-0.00,-0.00
alerte,word,0,0,0,0,0,0,0,0,3,0,0,3,0.00,0.00,0.00,1.00,0.00,0.00,0.00,0.00,0.00,0.00,0.00,-0.00,-0.00
lutte,lemma,0,5,0,0,0,0,0,0,0,0,0,5,1.00,0.00,0.00,0.00,0.00,0.00,0.00,0.00,0.00,0.00,0.00,-0.00,-0.00
lutte,word,0,5,0,0,0,0,0,0,0,0,0,5,1.00,0.00,0.00,0.00,0.00,0.00,0.00,0.00,0.00,0.00,0.00,-0.00,-0.00
inquiétant,lemma,0,0,0,0,0,0,0,0,5,0,0,5,0.00,0.00,0.00,1.00,0.00,0.00,0.00,0.00,0.00,0.00,0.00,-0.00,-0.00
inquiétant,word,0,0,0,0,0,0,0,0,6,0,0,6,0.00,0.00,0.00,1.00,0.00,0.00,0.00,0.00,0.00,0.00,0.00,-0.00,-0.00
inquiétantes,word,0,0,0,0,0,0,0,0,3,0,0,3,0.00,0.00,0.00,1.00,0.00,0.00,0.00,0.00,0.00,0.00,0.00,-0.00,-0.00
interdire,lemma,0,4,0,0,0,0,0,0,0,0,0,4,1.00,0.00,0.00,0.00,0.00,0.00,0.00,0.00,0.00,0.00,0.00,-0.00,-0.00
inégalités,word,0,6,0,0,0,0,0,0,0,0,0,6,1.00,0.00,0.00,0.00,0.00,0.00,0.00,0.00,0.00,0.00,0.00,-0.00,-0.00
jalou,lemma,0,0,0,0,0,0,5,0,0,0,0,5,0.00,0.00,0.00,0.00,0.00,0.00,0.00,0.00,0.00,0.00,1.00,-0.00,-0.00
jaloux,word,0,0,0,0,0,0,5,0,0,0,0,5,0.00,0.00,0.00,0.00,0.00,0.00,0.00,0.00,0.00,0.00,1.00,-0.00,-0.00
joie,lemma,0,0,0,0,0,0,0,16,0,0,0,16,0.00,0.00,1.00,0.00,0.00,0.00,0.00,0.00,0.00,0.00,0.00,-0.00,-0.00
joie,word,0,0,0,0,0,0,0,16,0,0,0,16,0.00,0.00,1.00,0.00,0.00,0.00,0.00,0.00,0.00,0.00,0.00,-0.00,-0.00
disputer,lemma,0,7,0,0,0,0,0,0,0,0,0,7,1.00,0.00,0.00,0.00,0.00,0.00,0.00,0.00,0.00,0.00,0.00,-0.00,-0.00
dommage,word,0,0,0,0,0,0,0,0,0,0,3,3,0.00,0.00,0.00,0.00,0.00,1.00,0.00,0.00,0.00,0.00,0.00,-0.00,-0.00
agréable,lemma,0,0,0,0,0,0,0,4,0,0,0,4,0.00,0.00,1.00,0.00,0.00,0.00,0.00,0.00,0.00,0.00,0.00,-0.00,-0.00
agréable,word,0,0,0,0,0,0,0,4,0,0,0,4,0.00,0.00,1.00,0.00,0.00,0.00,0.00,0.00,0.00,0.00,0.00,-0.00,-0.00
affrontement,lemma,0,4,0,0,0,0,0,0,0,0,0,4,1.00,0.00,0.00,0.00,0.00,0.00,0.00,0.00,0.00,0.00,0.00,-0.00,-0.00
affrontements,word,0,4,0,0,0,0,0,0,0,0,0,4,1.00,0.00,0.00,0.00,0.00,0.00,0.00,0.00,0.00,0.00,0.00,-0.00,-0.00
affrontés,word,0,3,0,0,0,0,0,0,0,0,0,3,1.00,0.00,0.00,0.00,0.00,0.00,0.00,0.00,0.00,0.00,0.00,-0.00,-0.00
agace,lemma,0,3,0,0,0,0,0,0,0,0,0,3,1.00,0.00,0.00,0.00,0.00,0.00,0.00,0.00,0.00,0.00,0.00,-0.00,-0.00
protestation,word,0,8,0,0,0,0,0,0,0,0,0,8,1.00,0.00,0.00,0.00,0.00,0.00,0.00,0.00,0.00,0.00,0.00,-0.00,-0.00
étonnement,word,0,0,0,0,0,0,0,0,0,4,0,4,0.00,0.00,0.00,0.00,1.00,0.00,0.00,0.00,0.00,0.00,0.00,-0.00,-0.00
inégalité,lemma,0,6,0,0,0,0,0,0,0,0,0,6,1.00,0.00,0.00,0.00,0.00,0.00,0.00,0.00,0.00,0.00,0.00,-0.00,-0.00
vs,lemma,0,11,0,0,0,0,0,0,0,0,0,11,1.00,0.00,0.00,0.00,0.00,0.00,0.00,0.00,0.00,0.00,0.00,-0.00,-0.00
vs,word,0,11,0,0,0,0,0,0,0,0,0,11,1.00,0.00,0.00,0.00,0.00,0.00,0.00,0.00,0.00,0.00,0.00,-0.00,-0.00
accuser,word,0,3,0,0,0,0,0,0,0,0,0,3,1.00,0.00,0.00,0.00,0.00,0.00,0.00,0.00,0.00,0.00,0.00,-0.00,-0.00
accusée,word,0,6,0,0,0,0,0,0,0,0,0,6,1.00,0.00,0.00,0.00,0.00,0.00,0.00,0.00,0.00,0.00,0.00,-0.00,-0.00
accusés,word,0,6,0,0,0,0,0,0,0,0,0,6,1.00,0.00,0.00,0.00,0.00,0.00,0.00,0.00,0.00,0.00,0.00,-0.00,-0.00
admiration,lemma,3,0,0,0,0,0,0,0,0,0,0,3,0.00,0.00,0.00,0.00,0.00,0.00,1.00,0.00,0.00,0.00,0.00,-0.00,-0.00
admirer,lemma,6,0,0,0,0,0,0,0,0,0,0,6,0.00,0.00,0.00,0.00,0.00,0.00,1.00,0.00,0.00,0.00,0.00,-0.00,-0.00
admirer,word,3,0,0,0,0,0,0,0,0,0,0,3,0.00,0.00,0.00,0.00,0.00,0.00,1.00,0.00,0.00,0.00,0.00,-0.00,-0.00
adore,word,0,0,0,0,0,0,0,3,0,0,0,3,0.00,0.00,1.00,0.00,0.00,0.00,0.00,0.00,0.00,0.00,0.00,-0.00,-0.00
adorer,lemma,0,0,0,0,0,0,0,3,0,0,0,3,0.00,0.00,1.00,0.00,0.00,0.00,0.00,0.00,0.00,0.00,0.00,-0.00,-0.00
protestation,lemma,0,16,0,0,0,0,0,0,0,0,0,16,1.00,0.00,0.00,0.00,0.00,0.00,0.00,0.00,0.00,0.00,0.00,-0.00,-0.00
accord,word,0,12,0,0,0,0,0,0,0,0,0,12,1.00,0.00,0.00,0.00,0.00,0.00,0.00,0.00,0.00,0.00,0.00,-0.00,-0.00
manifestaient,word,0,3,0,0,0,0,0,0,0,0,0,3,1.00,0.00,0.00,0.00,0.00,0.00,0.00,0.00,0.00,0.00,0.00,-0.00,-0.00
manifestation,word,0,7,0,0,0,0,0,0,0,0,0,7,1.00,0.00,0.00,0.00,0.00,0.00,0.00,0.00,0.00,0.00,0.00,-0.00,-0.00
manifeste,lemma,0,4,0,0,0,0,0,0,0,0,0,4,1.00,0.00,0.00,0.00,0.00,0.00,0.00,0.00,0.00,0.00,0.00,-0.00,-0.00
manifeste,word,0,4,0,0,0,0,0,0,0,0,0,4,1.00,0.00,0.00,0.00,0.00,0.00,0.00,0.00,0.00,0.00,0.00,-0.00,-0.00
chouette,lemma,0,0,0,0,0,0,0,3,0,0,0,3,0.00,0.00,1.00,0.00,0.00,0.00,0.00,0.00,0.00,0.00,0.00,-0.00,-0.00
chouette,word,0,0,0,0,0,0,0,3,0,0,0,3,0.00,0.00,1.00,0.00,0.00,0.00,0.00,0.00,0.00,0.00,0.00,-0.00,-0.00
colère,lemma,0,54,0,0,0,0,0,0,0,0,0,54,1.00,0.00,0.00,0.00,0.00,0.00,0.00,0.00,0.00,0.00,0.00,-0.00,-0.00
colère,word,0,54,0,0,0,0,0,0,0,0,0,54,1.00,0.00,0.00,0.00,0.00,0.00,0.00,0.00,0.00,0.00,0.00,-0.00,-0.00
manifestent,lemma,0,15,0,0,0,0,0,0,0,0,0,15,1.00,0.00,0.00,0.00,0.00,0.00,0.00,0.00,0.00,0.00,0.00,-0.00,-0.00
dénoncent,word,0,6,0,0,0,0,0,0,0,0,0,6,1.00,0.00,0.00,0.00,0.00,0.00,0.00,0.00,0.00,0.00,0.00,-0.00,-0.00
dénoncer,lemma,0,26,0,0,0,0,0,0,0,0,0,26,1.00,0.00,0.00,0.00,0.00,0.00,0.00,0.00,0.00,0.00,0.00,-0.00,-0.00
dénoncer,word,0,8,0,0,0,0,0,0,0,0,0,8,1.00,0.00,0.00,0.00,0.00,0.00,0.00,0.00,0.00,0.00,0.00,-0.00,-0.00
dénonçaient,lemma,0,4,0,0,0,0,0,0,0,0,0,4,1.00,0.00,0.00,0.00,0.00,0.00,0.00,0.00,0.00,0.00,0.00,-0.00,-0.00
inquiétude,lemma,0,0,0,0,0,0,0,0,11,0,0,11,0.00,0.00,0.00,1.00,0.00,0.00,0.00,0.00,0.00,0.00,0.00,-0.00,-0.00
manifester,lemma,0,32,0,0,0,0,0,0,0,0,0,32,1.00,0.00,0.00,0.00,0.00,0.00,0.00,0.00,0.00,0.00,0.00,-0.00,-0.00
manifester,word,0,15,0,0,0,0,0,0,0,0,0,15,1.00,0.00,0.00,0.00,0.00,0.00,0.00,0.00,0.00,0.00,0.00,-0.00,-0.00
manifesté,word,0,16,0,0,0,0,0,0,0,0,0,16,1.00,0.00,0.00,0.00,0.00,0.00,0.00,0.00,0.00,0.00,0.00,-0.00,-0.00
marrante,lemma,0,0,0,0,0,0,0,3,0,0,0,3,0.00,0.00,1.00,0.00,0.00,0.00,0.00,0.00,0.00,0.00,0.00,-0.00,-0.00
marrantes,word,0,0,0,0,0,0,0,3,0,0,0,3,0.00,0.00,1.00,0.00,0.00,0.00,0.00,0.00,0.00,0.00,0.00,-0.00,-0.00
marre,lemma,0,7,0,0,0,0,0,0,0,0,0,7,1.00,0.00,0.00,0.00,0.00,0.00,0.00,0.00,0.00,0.00,0.00,-0.00,-0.00
marre,word,0,7,0,0,0,0,0,0,0,0,0,7,1.00,0.00,0.00,0.00,0.00,0.00,0.00,0.00,0.00,0.00,0.00,-0.00,-0.00
tranquille,word,0,7,0,0,0,0,0,0,0,0,0,7,1.00,0.00,0.00,0.00,0.00,0.00,0.00,0.00,0.00,0.00,0.00,-0.00,-0.00
amusante,lemma,0,0,0,0,0,0,0,5,0,0,0,5,0.00,0.00,1.00,0.00,0.00,0.00,0.00,0.00,0.00,0.00,0.00,-0.00,-0.00
s'emporte,word,0,3,0,0,0,0,0,0,0,0,0,3,1.00,0.00,0.00,0.00,0.00,0.00,0.00,0.00,0.00,0.00,0.00,-0.00,-0.00
amuse,lemma,0,0,0,0,0,0,0,13,0,0,0,13,0.00,0.00,1.00,0.00,0.00,0.00,0.00,0.00,0.00,0.00,0.00,-0.00,-0.00
tg,lemma,0,22,0,0,0,0,0,0,0,0,0,22,1.00,0.00,0.00,0.00,0.00,0.00,0.00,0.00,0.00,0.00,0.00,-0.00,-0.00
tg,word,0,22,0,0,0,0,0,0,0,0,0,22,1.00,0.00,0.00,0.00,0.00,0.00,0.00,0.00,0.00,0.00,0.00,-0.00,-0.00
dénonçaient,word,0,4,0,0,0,0,0,0,0,0,0,4,1.00,0.00,0.00,0.00,0.00,0.00,0.00,0.00,0.00,0.00,0.00,-0.00,-0.00
inquiétude,word,0,0,0,0,0,0,0,0,5,0,0,5,0.00,0.00,0.00,1.00,0.00,0.00,0.00,0.00,0.00,0.00,0.00,-0.00,-0.00
inquiétudes,word,0,0,0,0,0,0,0,0,6,0,0,6,0.00,0.00,0.00,1.00,0.00,0.00,0.00,0.00,0.00,0.00,0.00,-0.00,-0.00
insolite,lemma,0,0,0,0,0,0,0,0,0,7,0,7,0.00,0.00,0.00,0.00,1.00,0.00,0.00,0.00,0.00,0.00,0.00,-0.00,-0.00
insolite,word,0,0,0,0,0,0,0,0,0,4,0,4,0.00,0.00,0.00,0.00,1.00,0.00,0.00,0.00,0.00,0.00,0.00,-0.00,-0.00
insolites,word,0,0,0,0,0,0,0,0,0,3,0,3,0.00,0.00,0.00,0.00,1.00,0.00,0.00,0.00,0.00,0.00,0.00,-0.00,-0.00
inspirer,lemma,5,0,0,0,0,0,0,0,0,0,0,5,0.00,0.00,0.00,0.00,0.00,0.00,1.00,0.00,0.00,0.00,0.00,-0.00,-0.00
content,lemma,0,0,0,0,0,0,0,30,0,0,0,30,0.00,0.00,1.00,0.00,0.00,0.00,0.00,0.00,0.00,0.00,0.00,-0.00,-0.00
content,word,0,0,0,0,0,0,0,4,0,0,0,4,0.00,0.00,1.00,0.00,0.00,0.00,0.00,0.00,0.00,0.00,0.00,-0.00,-0.00
manifestent,word,0,15,0,0,0,0,0,0,0,0,0,15,1.00,0.00,0.00,0.00,0.00,0.00,0.00,0.00,0.00,0.00,0.00,-0.00,-0.00
amusé,lemma,0,0,0,0,0,0,0,4,0,0,0,4,0.00,0.00,1.00,0.00,0.00,0.00,0.00,0.00,0.00,0.00,0.00,-0.00,-0.00
amusé,word,0,0,0,0,0,0,0,3,0,0,0,3,0.00,0.00,1.00,0.00,0.00,0.00,0.00,0.00,0.00,0.00,0.00,-0.00,-0.00
tristes,word,0,0,0,0,0,0,0,0,0,0,7,7,0.00,0.00,0.00,0.00,0.00,1.00,0.00,0.00,0.00,0.00,0.00,-0.00,-0.00
tristesse,lemma,0,0,0,0,0,0,0,0,0,0,10,10,0.00,0.00,0.00,0.00,0.00,1.00,0.00,0.00,0.00,0.00,0.00,-0.00,-0.00
manifestaient,lemma,0,3,0,0,0,0,0,0,0,0,0,3,1.00,0.00,0.00,0.00,0.00,0.00,0.00,0.00,0.00,0.00,0.00,-0.00,-0.00
magique,lemma,0,0,0,0,0,0,0,0,0,4,0,4,0.00,0.00,0.00,0.00,1.00,0.00,0.00,0.00,0.00,0.00,0.00,-0.00,-0.00
magique,word,0,0,0,0,0,0,0,0,0,3,0,3,0.00,0.00,0.00,0.00,1.00,0.00,0.00,0.00,0.00,0.00,0.00,-0.00,-0.00
maladies,word,0,0,0,0,0,0,0,0,4,0,0,4,0.00,0.00,0.00,1.00,0.00,0.00,0.00,0.00,0.00,0.00,0.00,-0.00,-0.00
malheureusement,lemma,0,0,0,0,0,0,0,0,0,0,7,7,0.00,0.00,0.00,0.00,0.00,1.00,0.00,0.00,0.00,0.00,0.00,-0.00,-0.00
malheureusement,word,0,0,0,0,0,0,0,0,0,0,7,7,0.00,0.00,0.00,0.00,0.00,1.00,0.00,0.00,0.00,0.00,0.00,-0.00,-0.00
découvert,word,0,0,0,0,0,0,0,0,0,14,0,14,0.00,0.00,0.00,0.00,1.00,0.00,0.00,0.00,0.00,0.00,0.00,-0.00,-0.00
découverte,lemma,0,0,0,0,0,0,0,0,0,5,0,5,0.00,0.00,0.00,0.00,1.00,0.00,0.00,0.00,0.00,0.00,0.00,-0.00,-0.00
truquer,lemma,0,3,0,0,0,0,0,0,0,0,0,3,1.00,0.00,0.00,0.00,0.00,0.00,0.00,0.00,0.00,0.00,0.00,-0.00,-0.00
alarmant,lemma,0,0,0,0,0,0,0,0,3,0,0,3,0.00,0.00,0.00,1.00,0.00,0.00,0.00,0.00,0.00,0.00,0.00,-0.00,-0.00
amuse,word,0,0,0,0,0,0,0,10,0,0,0,10,0.00,0.00,1.00,0.00,0.00,0.00,0.00,0.00,0.00,0.00,0.00,-0.00,-0.00
amusent,lemma,0,0,0,0,0,0,0,4,0,0,0,4,0.00,0.00,1.00,0.00,0.00,0.00,0.00,0.00,0.00,0.00,0.00,-0.00,-0.00
amuser,lemma,0,0,0,0,0,0,0,12,0,0,0,12,0.00,0.00,1.00,0.00,0.00,0.00,0.00,0.00,0.00,0.00,0.00,-0.00,-0.00
amuser,word,0,0,0,0,0,0,0,9,0,0,0,9,0.00,0.00,1.00,0.00,0.00,0.00,0.00,0.00,0.00,0.00,0.00,-0.00,-0.00
tristesse,word,0,0,0,0,0,0,0,0,0,0,10,10,0.00,0.00,0.00,0.00,0.00,1.00,0.00,0.00,0.00,0.00,0.00,-0.00,-0.00
pierre,lemma,0,5,0,0,0,0,0,0,0,0,0,5,1.00,0.00,0.00,0.00,0.00,0.00,0.00,0.00,0.00,0.00,0.00,-0.00,-0.00
pierre,word,0,5,0,0,0,0,0,0,0,0,0,5,1.00,0.00,0.00,0.00,0.00,0.00,0.00,0.00,0.00,0.00,0.00,-0.00,-0.00
pk,lemma,0,4,0,0,0,0,0,0,0,0,0,4,1.00,0.00,0.00,0.00,0.00,0.00,0.00,0.00,0.00,0.00,0.00,-0.00,-0.00
pk,word,0,4,0,0,0,0,0,0,0,0,0,4,1.00,0.00,0.00,0.00,0.00,0.00,0.00,0.00,0.00,0.00,0.00,-0.00,-0.00
plaignent,word,0,3,0,0,0,0,0,0,0,0,0,3,1.00,0.00,0.00,0.00,0.00,0.00,0.00,0.00,0.00,0.00,0.00,-0.00,-0.00
plainte,lemma,0,9,0,0,0,0,0,0,0,0,0,9,1.00,0.00,0.00,0.00,0.00,0.00,0.00,0.00,0.00,0.00,0.00,-0.00,-0.00
plainte,word,0,8,0,0,0,0,0,0,0,0,0,8,1.00,0.00,0.00,0.00,0.00,0.00,0.00,0.00,0.00,0.00,0.00,-0.00,-0.00
plaisant,lemma,0,0,0,0,0,0,0,8,0,0,0,8,0.00,0.00,1.00,0.00,0.00,0.00,0.00,0.00,0.00,0.00,0.00,-0.00,-0.00
plaisante,word,0,0,0,0,0,0,0,7,0,0,0,7,0.00,0.00,1.00,0.00,0.00,0.00,0.00,0.00,0.00,0.00,0.00,-0.00,-0.00
plaisir,lemma,0,0,0,0,0,0,0,26,0,0,0,26,0.00,0.00,1.00,0.00,0.00,0.00,0.00,0.00,0.00,0.00,0.00,-0.00,-0.00
plaisir,word,0,0,0,0,0,0,0,26,0,0,0,26,0.00,0.00,1.00,0.00,0.00,0.00,0.00,0.00,0.00,0.00,0.00,-0.00,-0.00
pleure,word,0,0,0,0,0,0,0,0,0,0,5,5,0.00,0.00,0.00,0.00,0.00,1.00,0.00,0.00,0.00,0.00,0.00,-0.00,-0.00
ravi,lemma,0,0,0,0,0,0,0,11,0,0,0,11,0.00,0.00,1.00,0.00,0.00,0.00,0.00,0.00,0.00,0.00,0.00,-0.00,-0.00
s'étonne,word,0,0,0,0,0,0,0,0,0,5,0,5,0.00,0.00,0.00,0.00,1.00,0.00,0.00,0.00,0.00,0.00,0.00,-0.00,-0.00
ravie,word,0,0,0,0,0,0,0,5,0,0,0,5,0.00,0.00,1.00,0.00,0.00,0.00,0.00,0.00,0.00,0.00,0.00,-0.00,-0.00
ftg,word,0,11,0,0,0,0,0,0,0,0,0,11,1.00,0.00,0.00,0.00,0.00,0.00,0.00,0.00,0.00,0.00,0.00,-0.00,-0.00
fui,word,0,0,0,0,0,0,0,0,13,0,0,13,0.00,0.00,0.00,1.00,0.00,0.00,0.00,0.00,0.00,0.00,0.00,-0.00,-0.00
putain,lemma,0,3,0,0,0,0,0,0,0,0,0,3,1.00,0.00,0.00,0.00,0.00,0.00,0.00,0.00,0.00,0.00,0.00,-0.00,-0.00
putain,word,0,3,0,0,0,0,0,0,0,0,0,3,1.00,0.00,0.00,0.00,0.00,0.00,0.00,0.00,0.00,0.00,0.00,-0.00,-0.00
cyclones,word,0,0,0,0,0,0,0,0,4,0,0,4,0.00,0.00,0.00,1.00,0.00,0.00,0.00,0.00,0.00,0.00,0.00,-0.00,-0.00
fake,lemma,0,3,0,0,0,0,0,0,0,0,0,3,1.00,0.00,0.00,0.00,0.00,0.00,0.00,0.00,0.00,0.00,0.00,-0.00,-0.00
fake,word,0,3,0,0,0,0,0,0,0,0,0,3,1.00,0.00,0.00,0.00,0.00,0.00,0.00,0.00,0.00,0.00,0.00,-0.00,-0.00
pyjama,lemma,0,0,0,0,0,0,0,3,0,0,0,3,0.00,0.00,1.00,0.00,0.00,0.00,0.00,0.00,0.00,0.00,0.00,-0.00,-0.00
pyjama,word,0,0,0,0,0,0,0,3,0,0,0,3,0.00,0.00,1.00,0.00,0.00,0.00,0.00,0.00,0.00,0.00,0.00,-0.00,-0.00
pénible,lemma,0,0,0,0,0,0,0,0,0,0,3,3,0.00,0.00,0.00,0.00,0.00,1.00,0.00,0.00,0.00,0.00,0.00,-0.00,-0.00
pénible,word,0,0,0,0,0,0,0,0,0,0,3,3,0.00,0.00,0.00,0.00,0.00,1.00,0.00,0.00,0.00,0.00,0.00,-0.00,-0.00
r,lemma,0,3,0,0,0,0,0,0,0,0,0,3,1.00,0.00,0.00,0.00,0.00,0.00,0.00,0.00,0.00,0.00,0.00,-0.00,-0.00
ravi,word,0,0,0,0,0,0,0,4,0,0,0,4,0.00,0.00,1.00,0.00,0.00,0.00,0.00,0.00,0.00,0.00,0.00,-0.00,-0.00
critiqués,word,0,6,0,0,0,0,0,0,0,0,0,6,1.00,0.00,0.00,0.00,0.00,0.00,0.00,0.00,0.00,0.00,0.00,-0.00,-0.00
bah,lemma,0,4,0,0,0,0,0,0,0,0,0,4,1.00,0.00,0.00,0.00,0.00,0.00,0.00,0.00,0.00,0.00,0.00,-0.00,-0.00
bonheur,lemma,0,0,0,0,0,0,0,14,0,0,0,14,0.00,0.00,1.00,0.00,0.00,0.00,0.00,0.00,0.00,0.00,0.00,-0.00,-0.00
bonheur,word,0,0,0,0,0,0,0,14,0,0,0,14,0.00,0.00,1.00,0.00,0.00,0.00,0.00,0.00,0.00,0.00,0.00,-0.00,-0.00
fuir,word,0,0,0,0,0,0,0,0,22,0,0,22,0.00,0.00,0.00,1.00,0.00,0.00,0.00,0.00,0.00,0.00,0.00,-0.00,-0.00
fuite,lemma,0,0,0,0,0,0,0,0,5,0,0,5,0.00,0.00,0.00,1.00,0.00,0.00,0.00,0.00,0.00,0.00,0.00,-0.00,-0.00
fuite,word,0,0,0,0,0,0,0,0,5,0,0,5,0.00,0.00,0.00,1.00,0.00,0.00,0.00,0.00,0.00,0.00,0.00,-0.00,-0.00
furieux,lemma,0,3,0,0,0,0,0,0,0,0,0,3,1.00,0.00,0.00,0.00,0.00,0.00,0.00,0.00,0.00,0.00,0.00,-0.00,-0.00
furieux,word,0,3,0,0,0,0,0,0,0,0,0,3,1.00,0.00,0.00,0.00,0.00,0.00,0.00,0.00,0.00,0.00,0.00,-0.00,-0.00
fâché,lemma,0,6,0,0,0,0,0,0,0,0,0,6,1.00,0.00,0.00,0.00,0.00,0.00,0.00,0.00,0.00,0.00,0.00,-0.00,-0.00
fâchés,word,0,5,0,0,0,0,0,0,0,0,0,5,1.00,0.00,0.00,0.00,0.00,0.00,0.00,0.00,0.00,0.00,0.00,-0.00,-0.00
fête,lemma,0,0,0,0,0,0,0,32,0,0,0,32,0.00,0.00,1.00,0.00,0.00,0.00,0.00,0.00,0.00,0.00,0.00,-0.00,-0.00
fête,word,0,0,0,0,0,0,0,30,0,0,0,30,0.00,0.00,1.00,0.00,0.00,0.00,0.00,0.00,0.00,0.00,0.00,-0.00,-0.00
raison,word,0,0,0,0,0,3,0,0,0,0,0,3,0.00,0.00,0.00,0.00,0.00,0.00,0.00,0.00,0.00,1.00,0.00,-0.00,-0.00
redoutent,lemma,0,0,0,0,0,0,0,0,3,0,0,3,0.00,0.00,0.00,1.00,0.00,0.00,0.00,0.00,0.00,0.00,0.00,-0.00,-0.00
redoutent,word,0,0,0,0,0,0,0,0,3,0,0,3,0.00,0.00,0.00,1.00,0.00,0.00,0.00,0.00,0.00,0.00,0.00,-0.00,-0.00
redouter,lemma,0,0,0,0,0,0,0,0,8,0,0,8,0.00,0.00,0.00,1.00,0.00,0.00,0.00,0.00,0.00,0.00,0.00,-0.00,-0.00
refuge,lemma,0,0,0,0,0,0,0,0,9,0,0,9,0.00,0.00,0.00,1.00,0.00,0.00,0.00,0.00,0.00,0.00,0.00,-0.00,-0.00
refuge,word,0,0,0,0,0,0,0,0,9,0,0,9,0.00,0.00,0.00,1.00,0.00,0.00,0.00,0.00,0.00,0.00,0.00,-0.00,-0.00
refuse,word,0,9,0,0,0,0,0,0,0,0,0,9,1.00,0.00,0.00,0.00,0.00,0.00,0.00,0.00,0.00,0.00,0.00,-0.00,-0.00
refusé,word,0,3,0,0,0,0,0,0,0,0,0,3,1.00,0.00,0.00,0.00,0.00,0.00,0.00,0.00,0.00,0.00,0.00,-0.00,-0.00
avis,lemma,0,7,0,0,0,0,0,0,0,0,0,7,1.00,0.00,0.00,0.00,0.00,0.00,0.00,0.00,0.00,0.00,0.00,-0.00,-0.00
brice,lemma,0,5,0,0,0,0,0,0,0,0,0,5,1.00,0.00,0.00,0.00,0.00,0.00,0.00,0.00,0.00,0.00,0.00,-0.00,-0.00
brice,word,0,5,0,0,0,0,0,0,0,0,0,5,1.00,0.00,0.00,0.00,0.00,0.00,0.00,0.00,0.00,0.00,0.00,-0.00,-0.00
payer,lemma,0,3,0,0,0,0,0,0,0,0,0,3,1.00,0.00,0.00,0.00,0.00,0.00,0.00,0.00,0.00,0.00,0.00,-0.00,-0.00
avis,word,0,5,0,0,0,0,0,0,0,0,0,5,1.00,0.00,0.00,0.00,0.00,0.00,0.00,0.00,0.00,0.00,0.00,-0.00,-0.00
exiger,lemma,0,3,0,0,0,0,0,0,0,0,0,3,1.00,0.00,0.00,0.00,0.00,0.00,0.00,0.00,0.00,0.00,0.00,-0.00,-0.00
redoute,word,0,0,0,0,0,0,0,0,5,0,0,5,0.00,0.00,0.00,1.00,0.00,0.00,0.00,0.00,0.00,0.00,0.00,-0.00,-0.00
prestigieux,lemma,4,0,0,0,0,0,0,0,0,0,0,4,0.00,0.00,0.00,0.00,0.00,0.00,1.00,0.00,0.00,0.00,0.00,-0.00,-0.00
prestigieux,word,3,0,0,0,0,0,0,0,0,0,0,3,0.00,0.00,0.00,0.00,0.00,0.00,1.00,0.00,0.00,0.00,0.00,-0.00,-0.00
beaux,word,0,0,0,0,0,0,0,3,0,0,0,3,0.00,0.00,1.00,0.00,0.00,0.00,0.00,0.00,0.00,0.00,0.00,-0.00,-0.00
blagues,word,0,0,0,0,0,0,0,5,0,0,0,5,0.00,0.00,1.00,0.00,0.00,0.00,0.00,0.00,0.00,0.00,0.00,-0.00,-0.00
étonnement,lemma,0,0,0,0,0,0,0,0,0,4,0,4,0.00,0.00,0.00,0.00,1.00,0.00,0.00,0.00,0.00,0.00,0.00,-0.00,-0.00
contestation,lemma,0,9,0,0,0,0,0,0,0,0,0,9,1.00,0.00,0.00,0.00,0.00,0.00,0.00,0.00,0.00,0.00,0.00,-0.00,-0.00
contestation,word,0,8,0,0,0,0,0,0,0,0,0,8,1.00,0.00,0.00,0.00,0.00,0.00,0.00,0.00,0.00,0.00,0.00,-0.00,-0.00
violents,word,0,0,0,0,0,0,0,0,4,0,0,4,0.00,0.00,0.00,1.00,0.00,0.00,0.00,0.00,0.00,0.00,0.00,-0.00,-0.00
étonné,word,0,0,0,0,0,0,0,0,0,7,0,7,0.00,0.00,0.00,0.00,1.00,0.00,0.00,0.00,0.00,0.00,0.00,-0.00,-0.00
étonnés,word,0,0,0,0,0,0,0,0,0,5,0,5,0.00,0.00,0.00,0.00,1.00,0.00,0.00,0.00,0.00,0.00,0.00,-0.00,-0.00
étrange,lemma,0,0,0,0,0,0,0,0,0,10,0,10,0.00,0.00,0.00,0.00,1.00,0.00,0.00,0.00,0.00,0.00,0.00,-0.00,-0.00
deuil,word,0,0,0,0,0,0,0,0,0,0,4,4,0.00,0.00,0.00,0.00,0.00,1.00,0.00,0.00,0.00,0.00,0.00,-0.00,-0.00
dictateur,lemma,0,3,0,0,0,0,0,0,0,0,0,3,1.00,0.00,0.00,0.00,0.00,0.00,0.00,0.00,0.00,0.00,0.00,-0.00,-0.00
r,word,0,3,0,0,0,0,0,0,0,0,0,3,1.00,0.00,0.00,0.00,0.00,0.00,0.00,0.00,0.00,0.00,0.00,-0.00,-0.00
accusait,word,0,4,0,0,0,0,0,0,0,0,0,4,1.00,0.00,0.00,0.00,0.00,0.00,0.00,0.00,0.00,0.00,0.00,-0.00,-0.00
étrange,word,0,0,0,0,0,0,0,0,0,8,0,8,0.00,0.00,0.00,0.00,1.00,0.00,0.00,0.00,0.00,0.00,0.00,-0.00,-0.00
évacuer,lemma,0,0,0,0,0,0,0,0,3,0,0,3,0.00,0.00,0.00,1.00,0.00,0.00,0.00,0.00,0.00,0.00,0.00,-0.00,-0.00
évacuer,word,0,0,0,0,0,0,0,0,3,0,0,3,0.00,0.00,0.00,1.00,0.00,0.00,0.00,0.00,0.00,0.00,0.00,-0.00,-0.00
"""",punctuation,0,3,0,0,0,0,0,0,0,0,0,3,1.00,0.00,0.00,0.00,0.00,0.00,0.00,0.00,0.00,0.00,0.00,-0.00,-0.00
fausses,word,0,3,0,0,0,0,0,0,0,0,0,3,1.00,0.00,0.00,0.00,0.00,0.00,0.00,0.00,0.00,0.00,0.00,-0.00,-0.00
épidémie,lemma,0,0,0,0,0,0,0,0,4,0,0,4,0.00,0.00,0.00,1.00,0.00,0.00,0.00,0.00,0.00,0.00,0.00,-0.00,-0.00
énerve,word,0,4,0,0,0,0,0,0,0,0,0,4,1.00,0.00,0.00,0.00,0.00,0.00,0.00,0.00,0.00,0.00,0.00,-0.00,-0.00
énerve,lemma,0,5,0,0,0,0,0,0,0,0,0,5,1.00,0.00,0.00,0.00,0.00,0.00,0.00,0.00,0.00,0.00,0.00,-0.00,-0.00
accusant,word,0,4,0,0,0,0,0,0,0,0,0,4,1.00,0.00,0.00,0.00,0.00,0.00,0.00,0.00,0.00,0.00,0.00,-0.00,-0.00
abri,lemma,0,0,0,0,0,0,0,0,3,0,0,3,0.00,0.00,0.00,1.00,0.00,0.00,0.00,0.00,0.00,0.00,0.00,-0.00,-0.00
étonner,lemma,0,0,0,0,0,0,0,0,0,22,0,22,0.00,0.00,0.00,0.00,1.00,0.00,0.00,0.00,0.00,0.00,0.00,-0.00,-0.00
contente,word,0,0,0,0,0,0,0,10,0,0,0,10,0.00,0.00,1.00,0.00,0.00,0.00,0.00,0.00,0.00,0.00,0.00,-0.00,-0.00
dictateur,word,0,3,0,0,0,0,0,0,0,0,0,3,1.00,0.00,0.00,0.00,0.00,0.00,0.00,0.00,0.00,0.00,0.00,-0.00,-0.00
raciste,lemma,0,3,0,0,0,0,0,0,0,0,0,3,1.00,0.00,0.00,0.00,0.00,0.00,0.00,0.00,0.00,0.00,0.00,-0.00,-0.00
raison,lemma,0,0,0,0,0,3,0,0,0,0,0,3,0.00,0.00,0.00,0.00,0.00,0.00,0.00,0.00,0.00,1.00,0.00,-0.00,-0.00
polémique,lemma,0,4,0,0,0,0,0,0,0,0,0,4,1.00,0.00,0.00,0.00,0.00,0.00,0.00,0.00,0.00,0.00,0.00,-0.00,-0.00
polémique,word,0,4,0,0,0,0,0,0,0,0,0,4,1.00,0.00,0.00,0.00,0.00,0.00,0.00,0.00,0.00,0.00,0.00,-0.00,-0.00
bloquant,lemma,0,4,0,0,0,0,0,0,0,0,0,4,1.00,0.00,0.00,0.00,0.00,0.00,0.00,0.00,0.00,0.00,0.00,-0.00,-0.00
bloquant,word,0,4,0,0,0,0,0,0,0,0,0,4,1.00,0.00,0.00,0.00,0.00,0.00,0.00,0.00,0.00,0.00,0.00,-0.00,-0.00
bloquent,word,0,4,0,0,0,0,0,0,0,0,0,4,1.00,0.00,0.00,0.00,0.00,0.00,0.00,0.00,0.00,0.00,0.00,-0.00,-0.00
bloquer,lemma,0,15,0,0,0,0,0,0,0,0,0,15,1.00,0.00,0.00,0.00,0.00,0.00,0.00,0.00,0.00,0.00,0.00,-0.00,-0.00
bloquer,word,0,5,0,0,0,0,0,0,0,0,0,5,1.00,0.00,0.00,0.00,0.00,0.00,0.00,0.00,0.00,0.00,0.00,-0.00,-0.00
bloqué,word,0,5,0,0,0,0,0,0,0,0,0,5,1.00,0.00,0.00,0.00,0.00,0.00,0.00,0.00,0.00,0.00,0.00,-0.00,-0.00
fière,word,0,0,0,0,0,8,0,0,0,0,0,8,0.00,0.00,0.00,0.00,0.00,0.00,0.00,0.00,0.00,1.00,0.00,-0.00,-0.00
formidable,lemma,3,0,0,0,0,0,0,0,0,0,0,3,0.00,0.00,0.00,0.00,0.00,0.00,1.00,0.00,0.00,0.00,0.00,-0.00,-0.00
formidable,word,3,0,0,0,0,0,0,0,0,0,0,3,0.00,0.00,0.00,0.00,0.00,0.00,1.00,0.00,0.00,0.00,0.00,-0.00,-0.00
porté,word,0,4,0,0,0,0,0,0,0,0,0,4,1.00,0.00,0.00,0.00,0.00,0.00,0.00,0.00,0.00,0.00,0.00,-0.00,-0.00
critiquer,lemma,0,49,0,0,0,0,0,0,0,0,0,49,1.00,0.00,0.00,0.00,0.00,0.00,0.00,0.00,0.00,0.00,0.00,-0.00,-0.00
critiquer,word,0,8,0,0,0,0,0,0,0,0,0,8,1.00,0.00,0.00,0.00,0.00,0.00,0.00,0.00,0.00,0.00,0.00,-0.00,-0.00
critiqué,lemma,0,7,0,0,0,0,0,0,0,0,0,7,1.00,0.00,0.00,0.00,0.00,0.00,0.00,0.00,0.00,0.00,0.00,-0.00,-0.00
ftg,lemma,0,11,0,0,0,0,0,0,0,0,0,11,1.00,0.00,0.00,0.00,0.00,0.00,0.00,0.00,0.00,0.00,0.00,-0.00,-0.00
faux,lemma,0,4,0,0,0,0,0,0,0,0,0,4,1.00,0.00,0.00,0.00,0.00,0.00,0.00,0.00,0.00,0.00,0.00,-0.00,-0.00
fier,lemma,0,0,0,0,0,18,0,0,0,0,0,18,0.00,0.00,0.00,0.00,0.00,0.00,0.00,0.00,0.00,1.00,0.00,-0.00,-0.00
fier,word,0,0,0,0,0,8,0,0,0,0,0,8,0.00,0.00,0.00,0.00,0.00,0.00,0.00,0.00,0.00,1.00,0.00,-0.00,-0.00
fierté,lemma,0,0,0,0,0,7,0,0,0,0,0,7,0.00,0.00,0.00,0.00,0.00,0.00,0.00,0.00,0.00,1.00,0.00,-0.00,-0.00
fierté,word,0,0,0,0,0,8,0,0,0,0,0,8,0.00,0.00,0.00,0.00,0.00,0.00,0.00,0.00,0.00,1.00,0.00,-0.00,-0.00
protester,word,0,18,0,0,0,0,0,0,0,0,0,18,1.00,0.00,0.00,0.00,0.00,0.00,0.00,0.00,0.00,0.00,0.00,-0.00,-0.00
critique,word,0,8,0,0,0,0,0,0,0,0,0,8,1.00,0.00,0.00,0.00,0.00,0.00,0.00,0.00,0.00,0.00,0.00,-0.00,-0.00
bombardement,lemma,0,0,0,0,0,0,0,0,4,0,0,4,0.00,0.00,0.00,1.00,0.00,0.00,0.00,0.00,0.00,0.00,0.00,-0.00,-0.00
bombardements,word,0,0,0,0,0,0,0,0,4,0,0,4,0.00,0.00,0.00,1.00,0.00,0.00,0.00,0.00,0.00,0.00,0.00,-0.00,-0.00
bombe,word,0,0,0,0,0,0,0,0,3,0,0,3,0.00,0.00,0.00,1.00,0.00,0.00,0.00,0.00,0.00,0.00,0.00,-0.00,-0.00
critiquent,word,0,10,0,0,0,0,0,0,0,0,0,10,1.00,0.00,0.00,0.00,0.00,0.00,0.00,0.00,0.00,0.00,0.00,-0.00,-0.00
s'affrontent,word,0,3,0,0,0,0,0,0,0,0,0,3,1.00,0.00,0.00,0.00,0.00,0.00,0.00,0.00,0.00,0.00,0.00,-0.00,-0.00
s'amuse,word,0,0,0,0,0,0,0,4,0,0,0,4,0.00,0.00,1.00,0.00,0.00,0.00,0.00,0.00,0.00,0.00,0.00,-0.00,-0.00
réclamer,word,0,14,0,0,0,0,0,0,0,0,0,14,1.00,0.00,0.00,0.00,0.00,0.00,0.00,0.00,0.00,0.00,0.00,-0.00,-0.00
réclamé,word,0,4,0,0,0,0,0,0,0,0,0,4,1.00,0.00,0.00,0.00,0.00,0.00,0.00,0.00,0.00,0.00,0.00,-0.00,-0.00
attaquer,word,0,0,0,0,0,0,0,0,6,0,0,6,0.00,0.00,0.00,1.00,0.00,0.00,0.00,0.00,0.00,0.00,0.00,-0.00,-0.00
danger,lemma,0,0,0,0,0,0,0,0,35,0,0,35,0.00,0.00,0.00,1.00,0.00,0.00,0.00,0.00,0.00,0.00,0.00,-0.00,-0.00
danger,word,0,0,0,0,0,0,0,0,33,0,0,33,0.00,0.00,0.00,1.00,0.00,0.00,0.00,0.00,0.00,0.00,0.00,-0.00,-0.00
dangereuse,word,0,0,0,0,0,0,0,0,13,0,0,13,0.00,0.00,0.00,1.00,0.00,0.00,0.00,0.00,0.00,0.00,0.00,-0.00,-0.00
dangereuses,word,0,0,0,0,0,0,0,0,11,0,0,11,0.00,0.00,0.00,1.00,0.00,0.00,0.00,0.00,0.00,0.00,0.00,-0.00,-0.00
dangereux,lemma,0,0,0,0,0,0,0,0,80,0,0,80,0.00,0.00,0.00,1.00,0.00,0.00,0.00,0.00,0.00,0.00,0.00,-0.00,-0.00
dangereux,word,0,0,0,0,0,0,0,0,56,0,0,56,0.00,0.00,0.00,1.00,0.00,0.00,0.00,0.00,0.00,0.00,0.00,-0.00,-0.00
noël,lemma,0,0,0,0,0,0,0,3,0,0,0,3,0.00,0.00,1.00,0.00,0.00,0.00,0.00,0.00,0.00,0.00,0.00,-0.00,-0.00
noël,word,0,0,0,0,0,0,0,3,0,0,0,3,0.00,0.00,1.00,0.00,0.00,0.00,0.00,0.00,0.00,0.00,0.00,-0.00,-0.00
critiquée,word,0,12,0,0,0,0,0,0,0,0,0,12,1.00,0.00,0.00,0.00,0.00,0.00,0.00,0.00,0.00,0.00,0.00,-0.00,-0.00
ntm,word,0,3,0,0,0,0,0,0,0,0,0,3,1.00,0.00,0.00,0.00,0.00,0.00,0.00,0.00,0.00,0.00,0.00,-0.00,-0.00
offert,word,0,0,0,0,0,0,0,3,0,0,0,3,0.00,0.00,1.00,0.00,0.00,0.00,0.00,0.00,0.00,0.00,0.00,-0.00,-0.00
offrir,lemma,0,0,0,0,0,0,0,5,0,0,0,5,0.00,0.00,1.00,0.00,0.00,0.00,0.00,0.00,0.00,0.00,0.00,-0.00,-0.00
danse,lemma,0,0,0,0,0,0,0,6,0,0,0,6,0.00,0.00,1.00,0.00,0.00,0.00,0.00,0.00,0.00,0.00,0.00,-0.00,-0.00
enfuir,lemma,0,0,0,0,0,0,0,0,5,0,0,5,0.00,0.00,0.00,1.00,0.00,0.00,0.00,0.00,0.00,0.00,0.00,-0.00,-0.00
enthousiasme,lemma,0,0,0,0,0,0,0,8,0,0,0,8,0.00,0.00,1.00,0.00,0.00,0.00,0.00,0.00,0.00,0.00,0.00,-0.00,-0.00
enthousiasme,word,0,0,0,0,0,0,0,5,0,0,0,5,0.00,0.00,1.00,0.00,0.00,0.00,0.00,0.00,0.00,0.00,0.00,-0.00,-0.00
ete,lemma,0,4,0,0,0,0,0,0,0,0,0,4,1.00,0.00,0.00,0.00,0.00,0.00,0.00,0.00,0.00,0.00,0.00,-0.00,-0.00
etes,word,0,4,0,0,0,0,0,0,0,0,0,4,1.00,0.00,0.00,0.00,0.00,0.00,0.00,0.00,0.00,0.00,0.00,-0.00,-0.00
réclament,lemma,0,10,0,0,0,0,0,0,0,0,0,10,1.00,0.00,0.00,0.00,0.00,0.00,0.00,0.00,0.00,0.00,0.00,-0.00,-0.00
organiser,lemma,0,0,0,0,0,0,0,3,0,0,0,3,0.00,0.00,1.00,0.00,0.00,0.00,0.00,0.00,0.00,0.00,0.00,-0.00,-0.00
original,lemma,0,0,0,0,0,0,0,0,0,3,0,3,0.00,0.00,0.00,0.00,1.00,0.00,0.00,0.00,0.00,0.00,0.00,-0.00,-0.00
originale,word,0,0,0,0,0,0,0,0,0,3,0,3,0.00,0.00,0.00,0.00,1.00,0.00,0.00,0.00,0.00,0.00,0.00,-0.00,-0.00
ntm,lemma,0,3,0,0,0,0,0,0,0,0,0,3,1.00,0.00,0.00,0.00,0.00,0.00,0.00,0.00,0.00,0.00,0.00,-0.00,-0.00
s'enthousiasme,word,0,0,0,0,0,0,0,3,0,0,0,3,0.00,0.00,1.00,0.00,0.00,0.00,0.00,0.00,0.00,0.00,0.00,-0.00,-0.00
s'inquiètent,word,0,0,0,0,0,0,0,0,7,0,0,7,0.00,0.00,0.00,1.00,0.00,0.00,0.00,0.00,0.00,0.00,0.00,-0.00,-0.00
contents,word,0,0,0,0,0,0,0,16,0,0,0,16,0.00,0.00,1.00,0.00,0.00,0.00,0.00,0.00,0.00,0.00,0.00,-0.00,-0.00
satisfaire,lemma,0,0,0,0,0,0,0,4,0,0,0,4,0.00,0.00,1.00,0.00,0.00,0.00,0.00,0.00,0.00,0.00,0.00,-0.00,-0.00
satisfaire,word,0,0,0,0,0,0,0,4,0,0,0,4,0.00,0.00,1.00,0.00,0.00,0.00,0.00,0.00,0.00,0.00,0.00,-0.00,-0.00
satisfait,lemma,0,0,0,0,0,0,0,4,0,0,0,4,0.00,0.00,1.00,0.00,0.00,0.00,0.00,0.00,0.00,0.00,0.00,-0.00,-0.00
savoir,word,0,5,0,0,0,0,0,0,0,0,0,5,1.00,0.00,0.00,0.00,0.00,0.00,0.00,0.00,0.00,0.00,0.00,-0.00,-0.00
scandale,lemma,0,5,0,0,0,0,0,0,0,0,0,5,1.00,0.00,0.00,0.00,0.00,0.00,0.00,0.00,0.00,0.00,0.00,-0.00,-0.00
scandale,word,0,5,0,0,0,0,0,0,0,0,0,5,1.00,0.00,0.00,0.00,0.00,0.00,0.00,0.00,0.00,0.00,0.00,-0.00,-0.00
armer,lemma,0,0,0,0,0,0,0,0,3,0,0,3,0.00,0.00,0.00,1.00,0.00,0.00,0.00,0.00,0.00,0.00,0.00,-0.00,-0.00
effrayé,word,0,0,0,0,0,0,0,0,5,0,0,5,0.00,0.00,0.00,1.00,0.00,0.00,0.00,0.00,0.00,0.00,0.00,-0.00,-0.00
embêtant,lemma,0,0,0,0,0,0,0,0,0,0,4,4,0.00,0.00,0.00,0.00,0.00,1.00,0.00,0.00,0.00,0.00,0.00,-0.00,-0.00
embêtant,word,0,0,0,0,0,0,0,0,0,0,4,4,0.00,0.00,0.00,0.00,0.00,1.00,0.00,0.00,0.00,0.00,0.00,-0.00,-0.00
hasard,word,0,0,0,0,0,0,0,0,0,7,0,7,0.00,0.00,0.00,0.00,1.00,0.00,0.00,0.00,0.00,0.00,0.00,-0.00,-0.00
danse,word,0,0,0,0,0,0,0,6,0,0,0,6,0.00,0.00,1.00,0.00,0.00,0.00,0.00,0.00,0.00,0.00,0.00,-0.00,-0.00
encourager,word,0,0,0,0,0,0,0,4,0,0,0,4,0.00,0.00,1.00,0.00,0.00,0.00,0.00,0.00,0.00,0.00,0.00,-0.00,-0.00
réjouir,lemma,0,0,0,0,0,0,0,7,0,0,0,7,0.00,0.00,1.00,0.00,0.00,0.00,0.00,0.00,0.00,0.00,0.00,-0.00,-0.00
réjouit,word,0,0,0,0,0,0,0,5,0,0,0,5,0.00,0.00,1.00,0.00,0.00,0.00,0.00,0.00,0.00,0.00,0.00,-0.00,-0.00
révolté,lemma,0,3,0,0,0,0,0,0,0,0,0,3,1.00,0.00,0.00,0.00,0.00,0.00,0.00,0.00,0.00,0.00,0.00,-0.00,-0.00
révoltée,lemma,0,3,0,0,0,0,0,0,0,0,0,3,1.00,0.00,0.00,0.00,0.00,0.00,0.00,0.00,0.00,0.00,0.00,-0.00,-0.00
révoltée,word,0,3,0,0,0,0,0,0,0,0,0,3,1.00,0.00,0.00,0.00,0.00,0.00,0.00,0.00,0.00,0.00,0.00,-0.00,-0.00
heureux,lemma,0,0,0,0,0,0,0,32,0,0,0,32,0.00,0.00,1.00,0.00,0.00,0.00,0.00,0.00,0.00,0.00,0.00,-0.00,-0.00
heureux,word,0,0,0,0,0,0,0,27,0,0,0,27,0.00,0.00,1.00,0.00,0.00,0.00,0.00,0.00,0.00,0.00,0.00,-0.00,-0.00
news,word,0,3,0,0,0,0,0,0,0,0,0,3,1.00,0.00,0.00,0.00,0.00,0.00,0.00,0.00,0.00,0.00,0.00,-0.00,-0.00
nique,lemma,0,5,0,0,0,0,0,0,0,0,0,5,1.00,0.00,0.00,0.00,0.00,0.00,0.00,0.00,0.00,0.00,0.00,-0.00,-0.00
nique,word,0,5,0,0,0,0,0,0,0,0,0,5,1.00,0.00,0.00,0.00,0.00,0.00,0.00,0.00,0.00,0.00,0.00,-0.00,-0.00
hasard,lemma,0,0,0,0,0,0,0,0,0,7,0,7,0.00,0.00,0.00,0.00,1.00,0.00,0.00,0.00,0.00,0.00,0.00,-0.00,-0.00
emporter,lemma,0,4,0,0,0,0,0,0,0,0,0,4,1.00,0.00,0.00,0.00,0.00,0.00,0.00,0.00,0.00,0.00,0.00,-0.00,-0.00
rigolé,lemma,0,0,0,0,0,0,0,3,0,0,0,3,0.00,0.00,1.00,0.00,0.00,0.00,0.00,0.00,0.00,0.00,0.00,-0.00,-0.00
rigolé,word,0,0,0,0,0,0,0,3,0,0,0,3,0.00,0.00,1.00,0.00,0.00,0.00,0.00,0.00,0.00,0.00,0.00,-0.00,-0.00
risque,lemma,0,0,0,0,0,0,0,0,14,0,0,14,0.00,0.00,0.00,1.00,0.00,0.00,0.00,0.00,0.00,0.00,0.00,-0.00,-0.00
risque,word,0,0,0,0,0,0,0,0,7,0,0,7,0.00,0.00,0.00,1.00,0.00,0.00,0.00,0.00,0.00,0.00,0.00,-0.00,-0.00
risquer,lemma,0,0,0,0,0,0,0,0,3,0,0,3,0.00,0.00,0.00,1.00,0.00,0.00,0.00,0.00,0.00,0.00,0.00,-0.00,-0.00
risques,word,0,0,0,0,0,0,0,0,7,0,0,7,0.00,0.00,0.00,1.00,0.00,0.00,0.00,0.00,0.00,0.00,0.00,-0.00,-0.00
rit,word,0,0,0,0,0,0,0,4,0,0,0,4,0.00,0.00,1.00,0.00,0.00,0.00,0.00,0.00,0.00,0.00,0.00,-0.00,-0.00
route,lemma,0,10,0,0,0,0,0,0,0,0,0,10,1.00,0.00,0.00,0.00,0.00,0.00,0.00,0.00,0.00,0.00,0.00,-0.00,-0.00
routes,word,0,10,0,0,0,0,0,0,0,0,0,10,1.00,0.00,0.00,0.00,0.00,0.00,0.00,0.00,0.00,0.00,0.00,-0.00,-0.00
bah,word,0,4,0,0,0,0,0,0,0,0,0,4,1.00,0.00,0.00,0.00,0.00,0.00,0.00,0.00,0.00,0.00,0.00,-0.00,-0.00
baise,lemma,0,4,0,0,0,0,0,0,0,0,0,4,1.00,0.00,0.00,0.00,0.00,0.00,0.00,0.00,0.00,0.00,0.00,-0.00,-0.00
baise,word,0,4,0,0,0,0,0,0,0,0,0,4,1.00,0.00,0.00,0.00,0.00,0.00,0.00,0.00,0.00,0.00,0.00,-0.00,-0.00
banal,lemma,0,0,0,0,0,0,0,0,0,3,0,3,0.00,0.00,0.00,0.00,1.00,0.00,0.00,0.00,0.00,0.00,0.00,-0.00,-0.00
grève,lemma,0,40,0,0,0,0,0,0,0,0,0,40,1.00,0.00,0.00,0.00,0.00,0.00,0.00,0.00,0.00,0.00,0.00,-0.00,-0.00
relation,lemma,0,3,0,0,0,0,0,0,0,0,0,3,1.00,0.00,0.00,0.00,0.00,0.00,0.00,0.00,0.00,0.00,0.00,-0.00,-0.00
relations,word,0,3,0,0,0,0,0,0,0,0,0,3,1.00,0.00,0.00,0.00,0.00,0.00,0.00,0.00,0.00,0.00,0.00,-0.00,-0.00
religion,lemma,0,3,0,0,0,0,0,0,0,0,0,3,1.00,0.00,0.00,0.00,0.00,0.00,0.00,0.00,0.00,0.00,0.00,-0.00,-0.00
reprochaient,lemma,0,4,0,0,0,0,0,0,0,0,0,4,1.00,0.00,0.00,0.00,0.00,0.00,0.00,0.00,0.00,0.00,0.00,-0.00,-0.00
reprochaient,word,0,4,0,0,0,0,0,0,0,0,0,4,1.00,0.00,0.00,0.00,0.00,0.00,0.00,0.00,0.00,0.00,0.00,-0.00,-0.00
party,lemma,0,0,0,0,0,0,0,3,0,0,0,3,0.00,0.00,1.00,0.00,0.00,0.00,0.00,0.00,0.00,0.00,0.00,-0.00,-0.00
party,word,0,0,0,0,0,0,0,3,0,0,0,3,0.00,0.00,1.00,0.00,0.00,0.00,0.00,0.00,0.00,0.00,0.00,-0.00,-0.00
reproche,word,0,11,0,0,0,0,0,0,0,0,0,11,1.00,0.00,0.00,0.00,0.00,0.00,0.00,0.00,0.00,0.00,0.00,-0.00,-0.00
reprochent,word,0,11,0,0,0,0,0,0,0,0,0,11,1.00,0.00,0.00,0.00,0.00,0.00,0.00,0.00,0.00,0.00,0.00,-0.00,-0.00
reprocher,lemma,0,23,0,0,0,0,0,0,0,0,0,23,1.00,0.00,0.00,0.00,0.00,0.00,0.00,0.00,0.00,0.00,0.00,-0.00,-0.00
revendication,lemma,0,4,0,0,0,0,0,0,0,0,0,4,1.00,0.00,0.00,0.00,0.00,0.00,0.00,0.00,0.00,0.00,0.00,-0.00,-0.00
exploser,word,0,0,0,0,0,0,0,0,3,0,0,3,0.00,0.00,0.00,1.00,0.00,0.00,0.00,0.00,0.00,0.00,0.00,-0.00,-0.00
critiqué,word,0,20,0,0,0,0,0,0,0,0,0,20,1.00,0.00,0.00,0.00,0.00,0.00,0.00,0.00,0.00,0.00,0.00,-0.00,-0.00
banal,word,0,0,0,0,0,0,0,0,0,3,0,3,0.00,0.00,0.00,0.00,1.00,0.00,0.00,0.00,0.00,0.00,0.00,-0.00,-0.00
grève,word,0,35,0,0,0,0,0,0,0,0,0,35,1.00,0.00,0.00,0.00,0.00,0.00,0.00,0.00,0.00,0.00,0.00,-0.00,-0.00
grèves,word,0,5,0,0,0,0,0,0,0,0,0,5,1.00,0.00,0.00,0.00,0.00,0.00,0.00,0.00,0.00,0.00,0.00,-0.00,-0.00
gâteau,lemma,0,0,0,0,0,0,0,3,0,0,0,3,0.00,0.00,1.00,0.00,0.00,0.00,0.00,0.00,0.00,0.00,0.00,-0.00,-0.00
ours,lemma,0,0,0,0,0,0,0,0,3,0,0,3,0.00,0.00,0.00,1.00,0.00,0.00,0.00,0.00,0.00,0.00,0.00,-0.00,-0.00
réclament,word,0,10,0,0,0,0,0,0,0,0,0,10,1.00,0.00,0.00,0.00,0.00,0.00,0.00,0.00,0.00,0.00,0.00,-0.00,-0.00
réclamer,lemma,0,37,0,0,0,0,0,0,0,0,0,37,1.00,0.00,0.00,0.00,0.00,0.00,0.00,0.00,0.00,0.00,0.00,-0.00,-0.00
râler,lemma,0,6,0,0,0,0,0,0,0,0,0,6,1.00,0.00,0.00,0.00,0.00,0.00,0.00,0.00,0.00,0.00,0.00,-0.00,-0.00
râler,word,0,4,0,0,0,0,0,0,0,0,0,4,1.00,0.00,0.00,0.00,0.00,0.00,0.00,0.00,0.00,0.00,0.00,-0.00,-0.00
ours,word,0,0,0,0,0,0,0,0,3,0,0,3,0.00,0.00,0.00,1.00,0.00,0.00,0.00,0.00,0.00,0.00,0.00,-0.00,-0.00
panique,lemma,0,0,0,0,0,0,0,0,11,0,0,11,0.00,0.00,0.00,1.00,0.00,0.00,0.00,0.00,0.00,0.00,0.00,-0.00,-0.00
panique,word,0,0,0,0,0,0,0,0,11,0,0,11,0.00,0.00,0.00,1.00,0.00,0.00,0.00,0.00,0.00,0.00,0.00,-0.00,-0.00
cadeau,lemma,0,0,0,0,0,0,0,7,0,0,0,7,0.00,0.00,1.00,0.00,0.00,0.00,0.00,0.00,0.00,0.00,0.00,-0.00,-0.00
cadeaux,word,0,0,0,0,0,0,0,5,0,0,0,5,0.00,0.00,1.00,0.00,0.00,0.00,0.00,0.00,0.00,0.00,0.00,-0.00,-0.00
rigolo,lemma,0,0,0,0,0,0,0,3,0,0,0,3,0.00,0.00,1.00,0.00,0.00,0.00,0.00,0.00,0.00,0.00,0.00,-0.00,-0.00
craignent,word,0,0,0,0,0,0,0,0,19,0,0,19,0.00,0.00,0.00,1.00,0.00,0.00,0.00,0.00,0.00,0.00,0.00,-0.00,-0.00
craindre,lemma,0,0,0,0,0,0,0,0,37,0,0,37,0.00,0.00,0.00,1.00,0.00,0.00,0.00,0.00,0.00,0.00,0.00,-0.00,-0.00
craindre,word,0,0,0,0,0,0,0,0,4,0,0,4,0.00,0.00,0.00,1.00,0.00,0.00,0.00,0.00,0.00,0.00,0.00,-0.00,-0.00
craint,word,0,0,0,0,0,0,0,0,8,0,0,8,0.00,0.00,0.00,1.00,0.00,0.00,0.00,0.00,0.00,0.00,0.00,-0.00,-0.00
réclamaient,lemma,0,4,0,0,0,0,0,0,0,0,0,4,1.00,0.00,0.00,0.00,0.00,0.00,0.00,0.00,0.00,0.00,0.00,-0.00,-0.00
réclamaient,word,0,4,0,0,0,0,0,0,0,0,0,4,1.00,0.00,0.00,0.00,0.00,0.00,0.00,0.00,0.00,0.00,0.00,-0.00,-0.00
réclamait,word,0,4,0,0,0,0,0,0,0,0,0,4,1.00,0.00,0.00,0.00,0.00,0.00,0.00,0.00,0.00,0.00,0.00,-0.00,-0.00
réclame,word,0,12,0,0,0,0,0,0,0,0,0,12,1.00,0.00,0.00,0.00,0.00,0.00,0.00,0.00,0.00,0.00,0.00,-0.00,-0.00
revendications,word,0,4,0,0,0,0,0,0,0,0,0,4,1.00,0.00,0.00,0.00,0.00,0.00,0.00,0.00,0.00,0.00,0.00,-0.00,-0.00
revendique,word,0,3,0,0,0,0,0,0,0,0,0,3,1.00,0.00,0.00,0.00,0.00,0.00,0.00,0.00,0.00,0.00,0.00,-0.00,-0.00
ri,lemma,0,0,0,0,0,0,0,3,0,0,0,3,0.00,0.00,1.00,0.00,0.00,0.00,0.00,0.00,0.00,0.00,0.00,-0.00,-0.00
ri,word,0,0,0,0,0,0,0,3,0,0,0,3,0.00,0.00,1.00,0.00,0.00,0.00,0.00,0.00,0.00,0.00,0.00,-0.00,-0.00
riant,lemma,0,0,0,0,0,0,0,4,0,0,0,4,0.00,0.00,1.00,0.00,0.00,0.00,0.00,0.00,0.00,0.00,0.00,-0.00,-0.00
riant,word,0,0,0,0,0,0,0,3,0,0,0,3,0.00,0.00,1.00,0.00,0.00,0.00,0.00,0.00,0.00,0.00,0.00,-0.00,-0.00
craignaient,word,0,0,0,0,0,0,0,0,3,0,0,3,0.00,0.00,0.00,1.00,0.00,0.00,0.00,0.00,0.00,0.00,0.00,-0.00,-0.00
