mode,n_markers,mean_entropy,median_entropy,std_entropy
Comportementale,232,1.1454995543707363,1.2345642587702303,0.4543972166387524
Designee,181,1.2625764638360122,1.3445536311277713,0.422707657210289
Montree,402,1.1384173305197927,1.1942034449076622,0.4462815601971675
Suggeree,297,1.2225090391750657,1.2987949406953985,0.43552618021451517
