marker_value,marker_type,Admiration,Colère,Culpabilité,Dégoût,Embarras,Fierté,Jalousie,Joie,Peur,Surprise,Tristesse,total_count,P(Colère),P(Dégoût),P(Joie),P(Peur),P(Surprise),P(Tristesse),P(Admiration),P(Culpabilité),P(Embarras),P(Fierté),P(Jalousie),entropy,normalized_entropy
n'a,word,1,3,0,1,2,0,0,2,3,2,5,19,0.15789473684210525,0.05263157894736842,0.10526315789473684,0.15789473684210525,0.10526315789473684,0.2631578947368421,0.05263157894736842,0.0,0.10526315789473684,0.0,0.0,2.820589856666546,0.8153333170313114
;,punctuation,24,93,1,4,8,49,0,71,138,36,97,521,0.1785028790786948,0.007677543186180422,0.1362763915547025,0.2648752399232246,0.0690978886756238,0.18618042226487524,0.046065259117082535,0.0019193857965451055,0.015355086372360844,0.09404990403071017,0.0,2.7502472051263123,0.794999730681094
vu,word,1,1,0,1,1,1,0,0,2,1,0,8,0.125,0.125,0.0,0.25,0.125,0.0,0.125,0.0,0.125,0.125,0.0,2.75,0.7949282723741916
normal,lemma,0,1,0,0,2,1,0,1,1,1,2,9,0.1111111111111111,0.0,0.1111111111111111,0.1111111111111111,0.1111111111111111,0.2222222222222222,0.0,0.0,0.2222222222222222,0.1111111111111111,0.0,2.725480556997868,0.7878405638413689
normal,word,0,1,0,0,2,1,0,1,1,1,2,9,0.1111111111111111,0.0,0.1111111111111111,0.1111111111111111,0.1111111111111111,0.2222222222222222,0.0,0.0,0.2222222222222222,0.1111111111111111,0.0,2.725480556997868,0.7878405638413689
voir,lemma,1,11,0,3,1,3,0,4,3,2,1,29,0.3793103448275862,0.10344827586206896,0.13793103448275862,0.10344827586206896,0.06896551724137931,0.034482758620689655,0.034482758620689655,0.0,0.034482758620689655,0.10344827586206896,0.0,2.709070294730997,0.7830969342293649
réussir,lemma,0,1,2,0,2,4,0,5,2,0,3,19,0.05263157894736842,0.0,0.2631578947368421,0.10526315789473684,0.0,0.15789473684210525,0.0,0.10526315789473684,0.10526315789473684,0.21052631578947367,0.0,2.649794462043571,0.765962375948726
',punctuation,5,158,3,14,10,14,1,92,62,49,53,461,0.34273318872017355,0.03036876355748373,0.19956616052060738,0.13449023861171366,0.10629067245119306,0.11496746203904555,0.010845986984815618,0.006507592190889371,0.021691973969631236,0.03036876355748373,0.0021691973969631237,2.6485892254406287,0.7656139844394244
venir,word,0,1,0,0,1,1,0,1,1,0,1,6,0.16666666666666666,0.0,0.16666666666666666,0.16666666666666666,0.0,0.16666666666666666,0.0,0.0,0.16666666666666666,0.16666666666666666,0.0,2.584962500721156,0.7472217363092141
argent,word,0,4,0,1,0,1,0,1,1,2,2,12,0.3333333333333333,0.08333333333333333,0.08333333333333333,0.08333333333333333,0.16666666666666666,0.16666666666666666,0.0,0.0,0.0,0.08333333333333333,0.0,2.584962500721156,0.7472217363092141
-,punctuation,0,16,1,1,2,0,0,13,11,8,8,60,0.26666666666666666,0.016666666666666666,0.21666666666666667,0.18333333333333332,0.13333333333333333,0.13333333333333333,0.0,0.016666666666666666,0.03333333333333333,0.0,0.0,2.570899526594444,0.743156625135763
noir,lemma,0,2,0,0,0,1,0,2,2,1,2,10,0.2,0.0,0.2,0.2,0.1,0.2,0.0,0.0,0.0,0.1,0.0,2.5219280948873624,0.7290007067348172
grand,lemma,1,3,0,0,0,4,0,9,4,2,2,25,0.12,0.0,0.36,0.16,0.08,0.08,0.04,0.0,0.0,0.16,0.0,2.512487689168953,0.7262718174954549
",",punctuation,2,16,0,2,0,3,0,21,5,6,5,60,0.26666666666666666,0.03333333333333333,0.35,0.08333333333333333,0.1,0.08333333333333333,0.03333333333333333,0.0,0.0,0.05,0.0,2.5115137733798854,0.7259902926970397
trouver,lemma,0,1,0,0,1,1,0,3,5,2,1,14,0.07142857142857142,0.0,0.21428571428571427,0.35714285714285715,0.14285714285714285,0.07142857142857142,0.0,0.0,0.07142857142857142,0.07142857142857142,0.0,2.495602923729013,0.7213910257061403
taire,lemma,0,9,0,2,1,1,0,2,2,1,2,20,0.45,0.1,0.1,0.1,0.05,0.1,0.0,0.0,0.05,0.05,0.0,2.495461844238322,0.7213502445876667
grand,word,2,2,0,0,0,0,0,3,2,1,1,11,0.18181818181818182,0.0,0.2727272727272727,0.18181818181818182,0.09090909090909091,0.09090909090909091,0.18181818181818182,0.0,0.0,0.0,0.0,2.481714572986073,0.7173763920107904
oeil,lemma,0,4,0,1,1,1,0,3,1,5,0,16,0.25,0.0625,0.1875,0.0625,0.3125,0.0,0.0,0.0,0.0625,0.0625,0.0,2.477217001462482,0.7160763022794714
réussi,word,1,0,2,0,2,3,0,4,0,0,2,14,0.0,0.0,0.2857142857142857,0.0,0.0,0.14285714285714285,0.07142857142857142,0.14285714285714285,0.14285714285714285,0.21428571428571427,0.0,2.467720100474499,0.7133310822448218
encore,word,2,2,0,0,1,0,0,1,3,3,0,12,0.16666666666666666,0.0,0.08333333333333333,0.25,0.25,0.0,0.16666666666666666,0.0,0.08333333333333333,0.0,0.0,2.4591479170272446,0.7108531655254762
encore,lemma,2,2,0,0,1,0,0,1,3,3,0,12,0.16666666666666666,0.0,0.08333333333333333,0.25,0.25,0.0,0.16666666666666666,0.0,0.08333333333333333,0.0,0.0,2.4591479170272446,0.7108531655254762
penser,lemma,0,3,0,1,0,1,0,1,0,2,1,9,0.3333333333333333,0.1111111111111111,0.1111111111111111,0.0,0.2222222222222222,0.1111111111111111,0.0,0.0,0.0,0.1111111111111111,0.0,2.4193819456463714,0.6993582219149019
crié,word,0,2,0,1,1,0,0,1,3,0,1,9,0.2222222222222222,0.1111111111111111,0.1111111111111111,0.3333333333333333,0.0,0.1111111111111111,0.0,0.0,0.1111111111111111,0.0,0.0,2.4193819456463714,0.6993582219149019
pu,word,0,2,0,1,0,0,0,3,1,1,3,11,0.18181818181818182,0.09090909090909091,0.2727272727272727,0.09090909090909091,0.09090909090909091,0.2727272727272727,0.0,0.0,0.0,0.0,0.0,2.413088436425758,0.6975389897651153
voler,lemma,0,3,1,0,0,1,0,1,1,0,1,8,0.375,0.0,0.125,0.125,0.0,0.125,0.0,0.125,0.0,0.125,0.0,2.4056390622295662,0.6953856377069162
fou,lemma,1,7,0,1,1,0,0,3,3,7,0,23,0.30434782608695654,0.043478260869565216,0.13043478260869565,0.13043478260869565,0.30434782608695654,0.0,0.043478260869565216,0.0,0.043478260869565216,0.0,0.0,2.4012687424425176,0.6941223319767194
venir,lemma,0,3,0,0,1,1,0,3,1,0,1,10,0.3,0.0,0.3,0.1,0.0,0.1,0.0,0.0,0.1,0.1,0.0,2.3709505944546687,0.6853584217943318
premier,lemma,2,1,0,0,0,3,0,6,0,5,2,19,0.05263157894736842,0.0,0.3157894736842105,0.0,0.2631578947368421,0.10526315789473684,0.10526315789473684,0.0,0.0,0.15789473684210525,0.0,2.3598063039211006,0.6821369993868098
aimer,lemma,0,5,0,2,2,1,0,3,0,0,6,19,0.2631578947368421,0.10526315789473684,0.15789473684210525,0.0,0.0,0.3157894736842105,0.0,0.0,0.10526315789473684,0.05263157894736842,0.0,2.3598063039211,0.6821369993868097
chose,word,0,4,0,0,1,1,0,2,0,1,3,12,0.3333333333333333,0.0,0.16666666666666666,0.0,0.08333333333333333,0.25,0.0,0.0,0.08333333333333333,0.08333333333333333,0.0,2.355388542207534,0.6808599798643639
coup,lemma,0,5,0,0,0,1,0,3,5,1,4,19,0.2631578947368421,0.0,0.15789473684210525,0.2631578947368421,0.05263157894736842,0.21052631578947367,0.0,0.0,0.0,0.05263157894736842,0.0,2.354550226546896,0.680617652293522
vraiment,word,1,1,0,0,0,1,0,0,1,2,4,10,0.1,0.0,0.0,0.1,0.2,0.4,0.1,0.0,0.0,0.1,0.0,2.3219280948873626,0.6711877414712397
vraiment,lemma,1,1,0,0,0,1,0,0,1,2,4,10,0.1,0.0,0.0,0.1,0.2,0.4,0.1,0.0,0.0,0.1,0.0,2.3219280948873626,0.6711877414712397
seul,word,1,1,0,0,1,1,0,0,0,0,1,5,0.2,0.0,0.0,0.0,0.0,0.2,0.2,0.0,0.2,0.2,0.0,2.321928094887362,0.6711877414712396
vrai,lemma,1,1,0,0,0,1,0,1,0,1,0,5,0.2,0.0,0.2,0.0,0.2,0.0,0.2,0.0,0.0,0.2,0.0,2.321928094887362,0.6711877414712396
vrai,word,1,1,0,0,0,1,0,1,0,1,0,5,0.2,0.0,0.2,0.0,0.2,0.0,0.2,0.0,0.0,0.2,0.0,2.321928094887362,0.6711877414712396
exploser,lemma,1,1,0,1,0,1,0,1,0,0,0,5,0.2,0.2,0.2,0.0,0.0,0.0,0.2,0.0,0.0,0.2,0.0,2.321928094887362,0.6711877414712396
explosé,word,1,1,0,1,0,1,0,1,0,0,0,5,0.2,0.2,0.2,0.0,0.0,0.0,0.2,0.0,0.0,0.2,0.0,2.321928094887362,0.6711877414712396
crier,lemma,0,4,0,1,1,0,0,3,8,1,1,19,0.21052631578947367,0.05263157894736842,0.15789473684210525,0.42105263157894735,0.05263157894736842,0.05263157894736842,0.0,0.0,0.05263157894736842,0.0,0.0,2.3134597501718237,0.6687398408768425
vivre,lemma,0,2,0,0,1,1,0,2,1,0,5,12,0.16666666666666666,0.0,0.16666666666666666,0.08333333333333333,0.0,0.4166666666666667,0.0,0.0,0.08333333333333333,0.08333333333333333,0.0,2.2841591278514217,0.6602700615747894
mort,word,1,2,0,0,1,0,0,1,4,1,8,18,0.1111111111111111,0.0,0.05555555555555555,0.2222222222222222,0.05555555555555555,0.4444444444444444,0.05555555555555555,0.0,0.05555555555555555,0.0,0.0,2.2810361125534233,0.6593673077000854
jour,lemma,0,1,0,1,0,1,0,4,1,0,1,9,0.1111111111111111,0.1111111111111111,0.4444444444444444,0.1111111111111111,0.0,0.1111111111111111,0.0,0.0,0.0,0.1111111111111111,0.0,2.2810361125534233,0.6593673077000854
argent,lemma,0,8,0,1,0,1,0,1,1,2,3,17,0.47058823529411764,0.058823529411764705,0.058823529411764705,0.058823529411764705,0.11764705882352941,0.17647058823529413,0.0,0.0,0.0,0.058823529411764705,0.0,2.2783518117113117,0.6585913707433755
imposer,lemma,0,1,0,0,0,1,0,1,2,0,1,6,0.16666666666666666,0.0,0.16666666666666666,0.3333333333333333,0.0,0.16666666666666666,0.0,0.0,0.0,0.16666666666666666,0.0,2.2516291673878226,0.6508667942032513
avant,word,1,0,0,1,0,0,0,1,0,2,1,6,0.0,0.16666666666666666,0.16666666666666666,0.0,0.3333333333333333,0.16666666666666666,0.16666666666666666,0.0,0.0,0.0,0.0,2.2516291673878226,0.6508667942032513
avant,lemma,1,0,0,1,0,0,0,1,0,2,1,6,0.0,0.16666666666666666,0.16666666666666666,0.0,0.3333333333333333,0.16666666666666666,0.16666666666666666,0.0,0.0,0.0,0.0,2.2516291673878226,0.6508667942032513
vite,lemma,0,1,0,0,2,0,0,2,2,0,1,8,0.125,0.0,0.25,0.25,0.0,0.125,0.0,0.0,0.25,0.0,0.0,2.25,0.6503958592152477
vite,word,0,1,0,0,2,0,0,2,2,0,1,8,0.125,0.0,0.25,0.25,0.0,0.125,0.0,0.0,0.25,0.0,0.0,2.25,0.6503958592152477
confiance,lemma,0,1,0,0,1,0,0,2,1,0,2,7,0.14285714285714285,0.0,0.2857142857142857,0.14285714285714285,0.0,0.2857142857142857,0.0,0.0,0.14285714285714285,0.0,0.0,2.2359263506290326,0.6463276622041702
an,lemma,1,2,0,0,1,0,0,0,0,1,2,7,0.2857142857142857,0.0,0.0,0.0,0.14285714285714285,0.2857142857142857,0.14285714285714285,0.0,0.14285714285714285,0.0,0.0,2.2359263506290326,0.6463276622041702
beaucoup,word,1,2,0,0,0,0,0,2,0,1,1,7,0.2857142857142857,0.0,0.2857142857142857,0.0,0.14285714285714285,0.14285714285714285,0.14285714285714285,0.0,0.0,0.0,0.0,2.2359263506290326,0.6463276622041702
ans,word,1,2,0,0,1,0,0,0,0,1,2,7,0.2857142857142857,0.0,0.0,0.0,0.14285714285714285,0.2857142857142857,0.14285714285714285,0.0,0.14285714285714285,0.0,0.0,2.2359263506290326,0.6463276622041702
beaucoup,lemma,1,2,0,0,0,0,0,2,0,1,1,7,0.2857142857142857,0.0,0.2857142857142857,0.0,0.14285714285714285,0.14285714285714285,0.14285714285714285,0.0,0.0,0.0,0.0,2.2359263506290326,0.6463276622041702
confiance,word,0,1,0,0,1,0,0,2,1,0,2,7,0.14285714285714285,0.0,0.2857142857142857,0.14285714285714285,0.0,0.2857142857142857,0.0,0.0,0.14285714285714285,0.0,0.0,2.2359263506290326,0.6463276622041702
deux,word,0,2,0,0,0,0,0,3,1,2,3,11,0.18181818181818182,0.0,0.2727272727272727,0.09090909090909091,0.18181818181818182,0.2727272727272727,0.0,0.0,0.0,0.0,0.0,2.2312702546075758,0.6449817486164083
deux,lemma,0,2,0,0,0,0,0,3,1,2,3,11,0.18181818181818182,0.0,0.2727272727272727,0.09090909090909091,0.18181818181818182,0.2727272727272727,0.0,0.0,0.0,0.0,0.0,2.2312702546075758,0.6449817486164083
c'est,word,0,20,0,2,0,2,0,10,1,3,9,47,0.425531914893617,0.0425531914893617,0.2127659574468085,0.02127659574468085,0.06382978723404255,0.19148936170212766,0.0,0.0,0.0,0.0425531914893617,0.0,2.215396184406038,0.6403931132706429
première,word,2,0,0,0,0,2,0,5,0,4,2,15,0.0,0.0,0.3333333333333333,0.0,0.26666666666666666,0.13333333333333333,0.13333333333333333,0.0,0.0,0.13333333333333333,0.0,2.1995812306460647,0.6358215664087907
pays,word,0,2,0,0,0,2,0,1,3,0,1,9,0.2222222222222222,0.0,0.1111111111111111,0.3333333333333333,0.0,0.1111111111111111,0.0,0.0,0.0,0.2222222222222222,0.0,2.197159723424149,0.6351215938442601
!,punctuation,28,100,0,12,4,23,1,146,13,349,33,709,0.14104372355430184,0.01692524682651622,0.2059238363892807,0.018335684062059238,0.4922425952045134,0.0465444287729196,0.039492242595204514,0.0,0.005641748942172073,0.03244005641748942,0.0014104372355430183,2.1828009348539523,0.630970973120081
qu'il,word,0,1,0,0,0,0,0,1,3,2,3,10,0.1,0.0,0.1,0.3,0.2,0.3,0.0,0.0,0.0,0.0,0.0,2.1709505944546685,0.6275454565307541
coup,word,0,2,0,0,0,1,0,3,1,1,0,8,0.25,0.0,0.375,0.125,0.125,0.0,0.0,0.0,0.0,0.125,0.0,2.1556390622295662,0.6231194311274442
unique,word,1,0,0,0,0,3,0,2,0,1,1,8,0.0,0.0,0.25,0.0,0.125,0.125,0.125,0.0,0.0,0.375,0.0,2.1556390622295662,0.6231194311274442
sou,lemma,0,3,0,2,0,1,0,1,0,1,0,8,0.375,0.25,0.125,0.0,0.125,0.0,0.0,0.0,0.0,0.125,0.0,2.1556390622295662,0.6231194311274442
pays,lemma,0,1,0,0,0,2,0,1,3,0,1,8,0.125,0.0,0.125,0.375,0.0,0.125,0.0,0.0,0.0,0.25,0.0,2.1556390622295662,0.6231194311274442
fort,lemma,1,3,0,0,1,1,0,0,2,0,0,8,0.375,0.0,0.0,0.25,0.0,0.0,0.125,0.0,0.125,0.125,0.0,2.1556390622295662,0.6231194311274442
parle,word,1,3,0,1,0,0,0,0,1,0,2,8,0.375,0.125,0.0,0.125,0.0,0.25,0.125,0.0,0.0,0.0,0.0,2.1556390622295662,0.6231194311274442
falloir,lemma,0,5,0,0,0,0,0,5,2,1,4,17,0.29411764705882354,0.0,0.29411764705882354,0.11764705882352941,0.058823529411764705,0.23529411764705882,0.0,0.0,0.0,0.0,0.0,2.133387491316597,0.6166872846461866
luire,lemma,0,7,0,0,1,2,0,5,1,0,1,17,0.4117647058823529,0.0,0.29411764705882354,0.058823529411764705,0.0,0.058823529411764705,0.0,0.0,0.058823529411764705,0.11764705882352941,0.0,2.130926080730337,0.6159757774225724
malade,word,0,1,0,0,0,0,0,1,3,1,1,7,0.14285714285714285,0.0,0.14285714285714285,0.42857142857142855,0.14285714285714285,0.14285714285714285,0.0,0.0,0.0,0.0,0.0,2.1280852788913944,0.6151546015323949
voir,word,0,4,0,1,0,2,0,3,1,0,0,11,0.36363636363636365,0.09090909090909091,0.2727272727272727,0.09090909090909091,0.0,0.0,0.0,0.0,0.0,0.18181818181818182,0.0,2.1180782093497093,0.6122619097133766
temps,word,0,1,0,0,0,0,0,3,1,1,3,9,0.1111111111111111,0.0,0.3333333333333333,0.1111111111111111,0.1111111111111111,0.3333333333333333,0.0,0.0,0.0,0.0,0.0,2.113283334294875,0.610875879988435
temps,lemma,0,1,0,0,0,0,0,3,1,1,3,9,0.1111111111111111,0.0,0.3333333333333333,0.1111111111111111,0.1111111111111111,0.3333333333333333,0.0,0.0,0.0,0.0,0.0,2.113283334294875,0.610875879988435
mort,lemma,1,4,0,0,1,0,0,1,7,1,13,28,0.14285714285714285,0.0,0.03571428571428571,0.25,0.03571428571428571,0.4642857142857143,0.03571428571428571,0.0,0.03571428571428571,0.0,0.0,2.1017406081205534,0.6075392838516198
prendre,lemma,0,7,0,1,1,0,0,0,9,2,2,22,0.3181818181818182,0.045454545454545456,0.0,0.4090909090909091,0.09090909090909091,0.09090909090909091,0.0,0.0,0.045454545454545456,0.0,0.0,2.0875766428471136,0.6034449796898803
silence,lemma,0,1,0,0,1,0,0,0,1,2,4,9,0.1111111111111111,0.0,0.0,0.1111111111111111,0.2222222222222222,0.4444444444444444,0.0,0.0,0.1111111111111111,0.0,0.0,2.0588138903312014,0.5951306796294438
silence,word,0,1,0,0,1,0,0,0,1,2,4,9,0.1111111111111111,0.0,0.0,0.1111111111111111,0.2222222222222222,0.4444444444444444,0.0,0.0,0.1111111111111111,0.0,0.0,2.0588138903312014,0.5951306796294438
sentir,lemma,0,0,0,0,1,0,0,4,1,1,2,9,0.0,0.0,0.4444444444444444,0.1111111111111111,0.1111111111111111,0.2222222222222222,0.0,0.0,0.1111111111111111,0.0,0.0,2.058813890331201,0.5951306796294437
mot,lemma,1,0,0,0,0,1,0,4,0,1,2,9,0.0,0.0,0.4444444444444444,0.0,0.1111111111111111,0.2222222222222222,0.1111111111111111,0.0,0.0,0.1111111111111111,0.0,2.058813890331201,0.5951306796294437
arriver,lemma,1,1,0,0,0,0,0,0,1,4,3,10,0.1,0.0,0.0,0.1,0.4,0.3,0.1,0.0,0.0,0.0,0.0,2.046439344671015,0.5915536337374192
faut,word,0,2,0,0,0,0,0,5,1,1,2,11,0.18181818181818182,0.0,0.45454545454545453,0.09090909090909091,0.09090909090909091,0.18181818181818182,0.0,0.0,0.0,0.0,0.0,2.0403733936884962,0.5898001806702046
bon,word,0,4,0,0,1,2,0,14,1,1,2,25,0.16,0.0,0.56,0.04,0.04,0.08,0.0,0.0,0.04,0.08,0.0,2.0317374334224665,0.5873038283158165
difficile,lemma,0,2,0,1,3,0,0,0,5,2,14,27,0.07407407407407407,0.037037037037037035,0.0,0.18518518518518517,0.07407407407407407,0.5185185185185185,0.0,0.0,0.1111111111111111,0.0,0.0,2.0264616915928486,0.58577879692014
passer,lemma,0,0,0,1,0,0,0,3,6,3,1,14,0.0,0.07142857142857142,0.21428571428571427,0.42857142857142855,0.21428571428571427,0.07142857142857142,0.0,0.0,0.0,0.0,0.0,2.0202442071537563,0.5839815408606196
prix,lemma,1,5,0,0,0,6,0,6,0,1,0,19,0.2631578947368421,0.0,0.3157894736842105,0.0,0.05263157894736842,0.0,0.05263157894736842,0.0,0.0,0.3157894736842105,0.0,2.0042859090703917,0.5793685581968228
tombe,lemma,0,0,0,0,1,0,0,1,0,1,1,4,0.0,0.0,0.25,0.0,0.25,0.25,0.0,0.0,0.25,0.0,0.0,2.0,0.5781296526357758
longtemps,word,0,0,0,0,0,1,0,1,1,0,1,4,0.0,0.0,0.25,0.25,0.0,0.25,0.0,0.0,0.0,0.25,0.0,2.0,0.5781296526357758
manger,word,0,1,0,1,0,0,0,0,1,0,1,4,0.25,0.25,0.0,0.25,0.0,0.25,0.0,0.0,0.0,0.0,0.0,2.0,0.5781296526357758
aime,word,0,1,0,1,1,0,0,1,0,0,0,4,0.25,0.25,0.25,0.0,0.0,0.0,0.0,0.0,0.25,0.0,0.0,2.0,0.5781296526357758
suivie,lemma,1,0,0,0,0,1,0,1,0,1,0,4,0.0,0.0,0.25,0.0,0.25,0.0,0.25,0.0,0.0,0.25,0.0,2.0,0.5781296526357758
sai,lemma,0,1,0,1,0,1,0,1,0,0,0,4,0.25,0.25,0.25,0.0,0.0,0.0,0.0,0.0,0.0,0.25,0.0,2.0,0.5781296526357758
tombe,word,0,0,0,0,1,0,0,1,0,1,1,4,0.0,0.0,0.25,0.0,0.25,0.25,0.0,0.0,0.25,0.0,0.0,2.0,0.5781296526357758
carrémer,lemma,0,1,0,0,0,1,0,1,0,0,1,4,0.25,0.0,0.25,0.0,0.0,0.25,0.0,0.0,0.0,0.25,0.0,2.0,0.5781296526357758
comment,word,0,1,0,0,1,0,0,0,1,0,1,4,0.25,0.0,0.0,0.25,0.0,0.25,0.0,0.0,0.25,0.0,0.0,2.0,0.5781296526357758
entendre,lemma,0,4,0,0,1,0,0,1,0,1,1,8,0.5,0.0,0.125,0.0,0.125,0.125,0.0,0.0,0.125,0.0,0.0,2.0,0.5781296526357758
essayer,lemma,0,0,0,0,0,1,0,1,1,0,1,4,0.0,0.0,0.25,0.25,0.0,0.25,0.0,0.0,0.0,0.25,0.0,2.0,0.5781296526357758
longtemps,lemma,0,0,0,0,0,1,0,1,1,0,1,4,0.0,0.0,0.25,0.25,0.0,0.25,0.0,0.0,0.0,0.25,0.0,2.0,0.5781296526357758
bouche,word,1,1,0,0,0,0,0,1,0,1,0,4,0.25,0.0,0.25,0.0,0.25,0.0,0.25,0.0,0.0,0.0,0.0,2.0,0.5781296526357758
bouche,lemma,1,1,0,0,0,0,0,1,0,1,0,4,0.25,0.0,0.25,0.0,0.25,0.0,0.25,0.0,0.0,0.0,0.0,2.0,0.5781296526357758
comment,lemma,0,1,0,0,1,0,0,0,1,0,1,4,0.25,0.0,0.0,0.25,0.0,0.25,0.0,0.0,0.25,0.0,0.0,2.0,0.5781296526357758
carrément,word,0,1,0,0,0,1,0,1,0,0,1,4,0.25,0.0,0.25,0.0,0.0,0.25,0.0,0.0,0.0,0.25,0.0,2.0,0.5781296526357758
grandes,word,0,1,0,0,0,1,0,1,1,0,0,4,0.25,0.0,0.25,0.25,0.0,0.0,0.0,0.0,0.0,0.25,0.0,2.0,0.5781296526357758
suivie,word,1,0,0,0,0,1,0,1,0,1,0,4,0.0,0.0,0.25,0.0,0.25,0.0,0.25,0.0,0.0,0.25,0.0,2.0,0.5781296526357758
record,lemma,5,0,0,0,0,6,0,6,0,4,0,21,0.0,0.0,0.2857142857142857,0.0,0.19047619047619047,0.0,0.23809523809523808,0.0,0.0,0.2857142857142857,0.0,1.9814035902506322,0.5727540846814384
?,punctuation,1,42,0,2,0,1,0,2,13,36,4,101,0.4158415841584158,0.019801980198019802,0.019801980198019802,0.12871287128712872,0.3564356435643564,0.039603960396039604,0.009900990099009901,0.0,0.0,0.009900990099009901,0.0,1.9780100159749099,0.5717731217228299
record,word,6,0,0,0,0,4,0,4,0,4,0,18,0.0,0.0,0.2222222222222222,0.0,0.2222222222222222,0.0,0.3333333333333333,0.0,0.0,0.2222222222222222,0.0,1.974937501201927,0.5708849657736185
jouer,lemma,0,2,0,0,0,2,0,3,0,0,2,9,0.2222222222222222,0.0,0.3333333333333333,0.0,0.0,0.2222222222222222,0.0,0.0,0.0,0.2222222222222222,0.0,1.974937501201927,0.5708849657736185
chose,lemma,0,5,0,0,1,0,0,1,0,1,3,11,0.45454545454545453,0.0,0.09090909090909091,0.0,0.09090909090909091,0.2727272727272727,0.0,0.0,0.09090909090909091,0.0,0.0,1.971747257128181,0.5699627784245295
yeux,word,0,1,0,0,1,0,0,2,1,5,0,10,0.1,0.0,0.2,0.1,0.5,0.0,0.0,0.0,0.1,0.0,0.0,1.9609640474436814,0.5668457317899301
malade,lemma,0,1,0,0,0,0,0,1,5,1,2,10,0.1,0.0,0.1,0.5,0.1,0.2,0.0,0.0,0.0,0.0,0.0,1.9609640474436814,0.5668457317899301
danseur,lemma,1,0,0,0,0,2,0,5,1,0,1,10,0.0,0.0,0.5,0.1,0.0,0.1,0.1,0.0,0.0,0.2,0.0,1.9609640474436814,0.5668457317899301
cp,word,0,2,0,2,0,1,0,0,2,0,0,7,0.2857142857142857,0.2857142857142857,0.0,0.2857142857142857,0.0,0.0,0.0,0.0,0.0,0.14285714285714285,0.0,1.950212064914747,0.5637377118276308
cp,lemma,0,2,0,2,0,1,0,0,2,0,0,7,0.2857142857142857,0.2857142857142857,0.0,0.2857142857142857,0.0,0.0,0.0,0.0,0.0,0.14285714285714285,0.0,1.950212064914747,0.5637377118276308
parler,lemma,0,8,0,0,1,0,0,1,1,1,2,14,0.5714285714285714,0.0,0.07142857142857142,0.07142857142857142,0.07142857142857142,0.14285714285714285,0.0,0.0,0.07142857142857142,0.0,0.0,1.9502120649147467,0.5637377118276307
demande,lemma,0,2,0,0,0,0,0,1,2,0,2,7,0.2857142857142857,0.0,0.14285714285714285,0.2857142857142857,0.0,0.2857142857142857,0.0,0.0,0.0,0.0,0.0,1.9502120649147465,0.5637377118276307
demande,word,0,2,0,0,0,0,0,1,2,0,2,7,0.2857142857142857,0.0,0.14285714285714285,0.2857142857142857,0.0,0.2857142857142857,0.0,0.0,0.0,0.0,0.0,1.9502120649147465,0.5637377118276307
histoire,lemma,0,1,0,0,0,2,0,2,0,2,0,7,0.14285714285714285,0.0,0.2857142857142857,0.0,0.2857142857142857,0.0,0.0,0.0,0.0,0.2857142857142857,0.0,1.9502120649147465,0.5637377118276307
impressionner,lemma,8,0,0,0,0,3,0,1,2,9,0,23,0.0,0.0,0.043478260869565216,0.08695652173913043,0.391304347826087,0.0,0.34782608695652173,0.0,0.0,0.13043478260869565,0.0,1.9459874988768266,0.5625165383796109
prix,word,1,6,0,0,0,8,0,8,0,1,0,24,0.25,0.0,0.3333333333333333,0.0,0.041666666666666664,0.0,0.041666666666666664,0.0,0.0,0.3333333333333333,0.0,1.9387218755408675,0.5604163022319106
qu'est-ce,word,0,2,0,0,0,0,0,0,3,4,2,11,0.18181818181818182,0.0,0.0,0.2727272727272727,0.36363636363636365,0.18181818181818182,0.0,0.0,0.0,0.0,0.0,1.9362600275315274,0.5597046685646697
remporté,word,2,0,0,0,0,7,0,11,0,2,2,24,0.0,0.0,0.4583333333333333,0.0,0.08333333333333333,0.08333333333333333,0.08333333333333333,0.0,0.0,0.2916666666666667,0.0,1.9305778232455937,0.5580621431696535
déjà,word,4,1,0,0,0,2,0,3,0,10,0,20,0.05,0.0,0.15,0.0,0.5,0.0,0.2,0.0,0.0,0.1,0.0,1.9232196723355077,0.5559351605548087
déjà,lemma,4,1,0,0,0,2,0,3,0,10,0,20,0.05,0.0,0.15,0.0,0.5,0.0,0.2,0.0,0.0,0.1,0.0,1.9232196723355077,0.5559351605548087
unique,lemma,1,0,0,0,0,2,0,1,0,1,0,5,0.0,0.0,0.2,0.0,0.2,0.0,0.2,0.0,0.0,0.4,0.0,1.9219280948873623,0.5555618109440844
vivre,word,0,2,0,0,0,1,0,1,0,0,1,5,0.4,0.0,0.2,0.0,0.0,0.2,0.0,0.0,0.0,0.2,0.0,1.9219280948873623,0.5555618109440844
école,word,0,1,0,0,0,1,0,1,0,0,2,5,0.2,0.0,0.2,0.0,0.0,0.4,0.0,0.0,0.0,0.2,0.0,1.9219280948873623,0.5555618109440844
tête,word,0,1,0,0,1,0,0,1,2,0,0,5,0.2,0.0,0.2,0.4,0.0,0.0,0.0,0.0,0.2,0.0,0.0,1.9219280948873623,0.5555618109440844
sais,word,0,2,0,1,0,1,0,1,0,0,0,5,0.4,0.2,0.2,0.0,0.0,0.0,0.0,0.0,0.0,0.2,0.0,1.9219280948873623,0.5555618109440844
tas,lemma,0,1,0,2,0,1,0,1,0,0,0,5,0.2,0.4,0.2,0.0,0.0,0.0,0.0,0.0,0.0,0.2,0.0,1.9219280948873623,0.5555618109440844
tas,word,0,1,0,2,0,1,0,1,0,0,0,5,0.2,0.4,0.2,0.0,0.0,0.0,0.0,0.0,0.0,0.2,0.0,1.9219280948873623,0.5555618109440844
premier,word,0,1,0,0,0,2,0,1,0,1,0,5,0.2,0.0,0.2,0.0,0.2,0.0,0.0,0.0,0.0,0.4,0.0,1.9219280948873623,0.5555618109440844
rendu,word,2,0,0,0,0,0,0,1,0,1,1,5,0.0,0.0,0.2,0.0,0.2,0.2,0.4,0.0,0.0,0.0,0.0,1.9219280948873623,0.5555618109440844
pardon,word,0,0,1,0,1,0,0,1,0,0,2,5,0.0,0.0,0.2,0.0,0.0,0.4,0.0,0.2,0.2,0.0,0.0,1.9219280948873623,0.5555618109440844
porter,word,0,2,0,0,0,0,0,1,0,1,1,5,0.4,0.0,0.2,0.0,0.2,0.2,0.0,0.0,0.0,0.0,0.0,1.9219280948873623,0.5555618109440844
immense,word,1,1,0,0,0,0,0,1,2,0,0,5,0.2,0.0,0.2,0.4,0.0,0.0,0.2,0.0,0.0,0.0,0.0,1.9219280948873623,0.5555618109440844
exploits,word,2,0,0,0,0,1,0,1,0,1,0,5,0.0,0.0,0.2,0.0,0.2,0.0,0.4,0.0,0.0,0.2,0.0,1.9219280948873623,0.5555618109440844
pardon,lemma,0,0,1,0,1,0,0,1,0,0,2,5,0.0,0.0,0.2,0.0,0.0,0.4,0.0,0.2,0.2,0.0,0.0,1.9219280948873623,0.5555618109440844
mains,word,0,1,0,0,0,1,0,2,1,0,0,5,0.2,0.0,0.4,0.2,0.0,0.0,0.0,0.0,0.0,0.2,0.0,1.9219280948873623,0.5555618109440844
passer,word,0,0,0,1,0,0,0,2,0,1,1,5,0.0,0.2,0.4,0.0,0.2,0.2,0.0,0.0,0.0,0.0,0.0,1.9219280948873623,0.5555618109440844
polluer,lemma,0,2,0,1,0,0,0,0,1,0,1,5,0.4,0.2,0.0,0.2,0.0,0.2,0.0,0.0,0.0,0.0,0.0,1.9219280948873623,0.5555618109440844
jour,word,0,0,0,1,0,1,0,2,1,0,0,5,0.0,0.2,0.4,0.2,0.0,0.0,0.0,0.0,0.0,0.2,0.0,1.9219280948873623,0.5555618109440844
immense,lemma,1,1,0,0,0,0,0,1,2,0,0,5,0.2,0.0,0.2,0.4,0.0,0.0,0.2,0.0,0.0,0.0,0.0,1.9219280948873623,0.5555618109440844
battre,word,0,2,0,0,1,0,0,1,1,0,0,5,0.4,0.0,0.2,0.2,0.0,0.0,0.0,0.0,0.2,0.0,0.0,1.9219280948873623,0.5555618109440844
important,lemma,1,0,0,0,0,2,0,1,1,0,0,5,0.0,0.0,0.2,0.2,0.0,0.0,0.2,0.0,0.0,0.4,0.0,1.9219280948873623,0.5555618109440844
fort,word,1,0,0,0,1,1,0,0,2,0,0,5,0.0,0.0,0.0,0.4,0.0,0.0,0.2,0.0,0.2,0.2,0.0,1.9219280948873623,0.5555618109440844
l'occasion,word,0,0,0,0,1,1,0,2,0,0,1,5,0.0,0.0,0.4,0.0,0.0,0.2,0.0,0.0,0.2,0.2,0.0,1.9219280948873623,0.5555618109440844
battu,lemma,0,1,0,0,0,1,0,2,0,1,0,5,0.2,0.0,0.4,0.0,0.2,0.0,0.0,0.0,0.0,0.2,0.0,1.9219280948873623,0.5555618109440844
préférer,lemma,0,1,0,0,0,0,0,2,1,0,2,6,0.16666666666666666,0.0,0.3333333333333333,0.16666666666666666,0.0,0.3333333333333333,0.0,0.0,0.0,0.0,0.0,1.9182958340544896,0.5545118520972888
arracher,lemma,0,2,0,0,0,0,0,0,1,1,2,6,0.3333333333333333,0.0,0.0,0.16666666666666666,0.16666666666666666,0.3333333333333333,0.0,0.0,0.0,0.0,0.0,1.9182958340544896,0.5545118520972888
disparu,lemma,0,1,0,0,0,0,0,0,2,1,2,6,0.16666666666666666,0.0,0.0,0.3333333333333333,0.16666666666666666,0.3333333333333333,0.0,0.0,0.0,0.0,0.0,1.9182958340544896,0.5545118520972888
devenir,lemma,0,0,0,0,0,0,0,2,2,1,1,6,0.0,0.0,0.3333333333333333,0.3333333333333333,0.16666666666666666,0.16666666666666666,0.0,0.0,0.0,0.0,0.0,1.9182958340544893,0.5545118520972888
continuer,lemma,0,2,0,1,0,0,0,0,2,0,1,6,0.3333333333333333,0.16666666666666666,0.0,0.3333333333333333,0.0,0.16666666666666666,0.0,0.0,0.0,0.0,0.0,1.9182958340544893,0.5545118520972888
mauvaises,word,0,3,0,0,1,0,0,0,2,0,2,8,0.375,0.0,0.0,0.25,0.0,0.25,0.0,0.0,0.125,0.0,0.0,1.9056390622295665,0.5508532245479724
empêcher,lemma,0,1,0,0,0,0,0,2,3,0,2,8,0.125,0.0,0.25,0.375,0.0,0.25,0.0,0.0,0.0,0.0,0.0,1.9056390622295665,0.5508532245479724
peu,lemma,0,3,0,2,0,0,0,0,1,2,0,8,0.375,0.25,0.0,0.125,0.25,0.0,0.0,0.0,0.0,0.0,0.0,1.9056390622295665,0.5508532245479724
peu,word,0,3,0,2,0,0,0,0,1,2,0,8,0.375,0.25,0.0,0.125,0.25,0.0,0.0,0.0,0.0,0.0,0.0,1.9056390622295665,0.5508532245479724
croire,lemma,0,4,0,1,0,0,0,1,0,6,1,13,0.3076923076923077,0.07692307692307693,0.07692307692307693,0.0,0.46153846153846156,0.07692307692307693,0.0,0.0,0.0,0.0,0.0,1.8919954870390203,0.546909346855162
médailles,word,3,0,0,0,0,7,0,7,0,3,0,20,0.0,0.0,0.35,0.0,0.15,0.0,0.15,0.0,0.0,0.35,0.0,1.8812908992306925,0.5438150270395432
remporte,word,2,0,0,0,0,4,0,7,0,4,0,17,0.0,0.0,0.4117647058823529,0.0,0.23529411764705882,0.0,0.11764705882352941,0.0,0.0,0.23529411764705882,0.0,1.8726696380501495,0.5413229236737483
fou,word,1,6,0,1,1,0,0,0,0,5,0,14,0.42857142857142855,0.07142857142857142,0.0,0.0,0.35714285714285715,0.0,0.07142857142857142,0.0,0.07142857142857142,0.0,0.0,1.8702538164316223,0.5406245946171738
travail,lemma,0,4,0,0,0,0,0,1,2,0,3,10,0.4,0.0,0.1,0.2,0.0,0.3,0.0,0.0,0.0,0.0,0.0,1.8464393446710154,0.5337406684738417
manger,lemma,0,2,0,1,0,0,0,0,1,0,3,7,0.2857142857142857,0.14285714285714285,0.0,0.14285714285714285,0.0,0.42857142857142855,0.0,0.0,0.0,0.0,0.0,1.8423709931771086,0.5325646511558555
énorme,lemma,3,0,0,1,0,0,0,2,0,1,0,7,0.0,0.14285714285714285,0.2857142857142857,0.0,0.14285714285714285,0.0,0.42857142857142855,0.0,0.0,0.0,0.0,1.8423709931771086,0.5325646511558555
air,lemma,0,2,0,1,0,0,0,3,0,1,0,7,0.2857142857142857,0.14285714285714285,0.42857142857142855,0.0,0.14285714285714285,0.0,0.0,0.0,0.0,0.0,0.0,1.8423709931771084,0.5325646511558554
rare,word,2,0,0,0,0,1,0,1,0,3,0,7,0.0,0.0,0.14285714285714285,0.0,0.42857142857142855,0.0,0.2857142857142857,0.0,0.0,0.14285714285714285,0.0,1.8423709931771084,0.5325646511558554
occasion,lemma,0,0,0,0,1,2,0,3,0,0,1,7,0.0,0.0,0.42857142857142855,0.0,0.0,0.14285714285714285,0.0,0.0,0.14285714285714285,0.2857142857142857,0.0,1.8423709931771084,0.5325646511558554
travail,word,0,4,0,0,0,0,0,1,2,0,2,9,0.4444444444444444,0.0,0.1111111111111111,0.2222222222222222,0.0,0.2222222222222222,0.0,0.0,0.0,0.0,0.0,1.836591668108979,0.5308940515588019
grave,lemma,0,8,0,1,0,0,0,1,13,0,13,36,0.2222222222222222,0.027777777777777776,0.027777777777777776,0.3611111111111111,0.0,0.3611111111111111,0.0,0.0,0.0,0.0,0.0,1.8307185383404128,0.5291963363223089
honneur,lemma,3,1,0,0,0,3,0,1,0,0,0,8,0.125,0.0,0.125,0.0,0.0,0.0,0.375,0.0,0.0,0.375,0.0,1.811278124459133,0.523576796460169
école,lemma,0,0,0,0,0,1,0,1,3,0,3,8,0.0,0.0,0.125,0.375,0.0,0.375,0.0,0.0,0.0,0.125,0.0,1.811278124459133,0.523576796460169
mieux,word,1,0,0,0,0,3,0,3,0,0,1,8,0.0,0.0,0.375,0.0,0.0,0.125,0.125,0.0,0.0,0.375,0.0,1.811278124459133,0.523576796460169
mieux,lemma,1,0,0,0,0,3,0,3,0,0,1,8,0.0,0.0,0.375,0.0,0.0,0.125,0.125,0.0,0.0,0.375,0.0,1.811278124459133,0.523576796460169
recevoir,lemma,0,1,0,0,0,3,0,3,1,0,0,8,0.125,0.0,0.375,0.125,0.0,0.0,0.0,0.0,0.0,0.375,0.0,1.811278124459133,0.523576796460169
peine,word,0,3,0,0,0,0,0,1,1,0,3,8,0.375,0.0,0.125,0.125,0.0,0.375,0.0,0.0,0.0,0.0,0.0,1.811278124459133,0.523576796460169
victime,lemma,0,7,0,0,3,0,0,0,11,0,15,36,0.19444444444444445,0.0,0.0,0.3055555555555556,0.0,0.4166666666666667,0.0,0.0,0.08333333333333333,0.0,0.0,1.8070505932282916,0.5223547658791723
vie,lemma,0,10,0,0,0,0,0,11,3,0,4,28,0.35714285714285715,0.0,0.39285714285714285,0.10714285714285714,0.0,0.14285714285714285,0.0,0.0,0.0,0.0,0.0,1.8063579129130556,0.5221545363641548
petit,lemma,0,0,1,0,0,2,0,9,1,0,3,16,0.0,0.0,0.5625,0.0625,0.0,0.1875,0.0,0.0625,0.0,0.125,0.0,1.7947367178034825,0.5187952576181998
énorme,word,3,0,0,1,0,0,0,1,0,1,0,6,0.0,0.16666666666666666,0.16666666666666666,0.0,0.16666666666666666,0.0,0.5,0.0,0.0,0.0,0.0,1.792481250360578,0.5181432813135509
seul,lemma,0,1,0,0,1,1,0,0,0,0,3,6,0.16666666666666666,0.0,0.0,0.0,0.0,0.5,0.0,0.0,0.16666666666666666,0.16666666666666666,0.0,1.7924812503605778,0.5181432813135509
n'est,word,0,3,0,0,0,1,0,1,0,1,0,6,0.5,0.0,0.16666666666666666,0.0,0.16666666666666666,0.0,0.0,0.0,0.0,0.16666666666666666,0.0,1.7924812503605778,0.5181432813135509
voix,word,0,1,0,0,0,0,0,0,3,1,1,6,0.16666666666666666,0.0,0.0,0.5,0.16666666666666666,0.16666666666666666,0.0,0.0,0.0,0.0,0.0,1.7924812503605778,0.5181432813135509
voix,lemma,0,1,0,0,0,0,0,0,3,1,1,6,0.16666666666666666,0.0,0.0,0.5,0.16666666666666666,0.16666666666666666,0.0,0.0,0.0,0.0,0.0,1.7924812503605778,0.5181432813135509
blague,word,0,3,0,1,0,0,0,1,0,1,0,6,0.5,0.16666666666666666,0.16666666666666666,0.0,0.16666666666666666,0.0,0.0,0.0,0.0,0.0,0.0,1.7924812503605778,0.5181432813135509
tête,lemma,0,1,0,0,1,0,0,1,3,0,0,6,0.16666666666666666,0.0,0.16666666666666666,0.5,0.0,0.0,0.0,0.0,0.16666666666666666,0.0,0.0,1.7924812503605778,0.5181432813135509
parle,lemma,1,3,0,1,0,0,0,0,1,0,0,6,0.5,0.16666666666666666,0.0,0.16666666666666666,0.0,0.0,0.16666666666666666,0.0,0.0,0.0,0.0,1.7924812503605778,0.5181432813135509
fous,word,0,1,0,0,0,0,0,1,3,1,0,6,0.16666666666666666,0.0,0.16666666666666666,0.5,0.16666666666666666,0.0,0.0,0.0,0.0,0.0,0.0,1.7924812503605778,0.5181432813135509
vie,word,0,10,0,0,0,0,0,12,3,0,4,29,0.3448275862068966,0.0,0.41379310344827586,0.10344827586206896,0.0,0.13793103448275862,0.0,0.0,0.0,0.0,0.0,1.7892320827244355,0.5172040612351317
grave,word,0,4,0,1,0,0,0,1,12,0,11,29,0.13793103448275862,0.034482758620689655,0.034482758620689655,0.41379310344827586,0.0,0.3793103448275862,0.0,0.0,0.0,0.0,0.0,1.786487967070188,0.5164108339201404
exploit,word,11,0,0,0,0,4,0,4,0,3,0,22,0.0,0.0,0.18181818181818182,0.0,0.13636363636363635,0.0,0.5,0.0,0.0,0.18181818181818182,0.0,1.786311831947582,0.5163599194515158
difficiles,word,0,2,0,1,0,0,0,0,4,0,5,12,0.16666666666666666,0.08333333333333333,0.0,0.3333333333333333,0.0,0.4166666666666667,0.0,0.0,0.0,0.0,0.0,1.7841591278514217,0.5157376484158455
mettre,lemma,0,8,0,0,0,0,0,2,3,0,3,16,0.5,0.0,0.125,0.1875,0.0,0.1875,0.0,0.0,0.0,0.0,0.0,1.7806390622295662,0.5147201212582363
victimes,word,0,6,0,0,1,0,0,0,6,0,8,21,0.2857142857142857,0.0,0.0,0.2857142857142857,0.0,0.38095238095238093,0.0,0.0,0.047619047619047616,0.0,0.0,1.7723388509380997,0.5123208221228668
mauvais,word,0,5,0,0,1,0,0,0,2,0,2,10,0.5,0.0,0.0,0.2,0.0,0.2,0.0,0.0,0.1,0.0,0.0,1.7609640474436812,0.5090327665263525
frrrintek,word,0,0,0,0,0,0,0,5,2,2,1,10,0.0,0.0,0.5,0.2,0.2,0.1,0.0,0.0,0.0,0.0,0.0,1.7609640474436812,0.5090327665263525
frrrintek,lemma,0,0,0,0,0,0,0,5,2,2,1,10,0.0,0.0,0.5,0.2,0.2,0.1,0.0,0.0,0.0,0.0,0.0,1.7609640474436812,0.5090327665263525
peine,lemma,0,3,0,0,0,0,0,1,1,0,4,9,0.3333333333333333,0.0,0.1111111111111111,0.1111111111111111,0.0,0.4444444444444444,0.0,0.0,0.0,0.0,0.0,1.7527152789797047,0.5066483377029767
gagner,word,1,0,0,0,0,4,0,3,0,1,0,9,0.0,0.0,0.3333333333333333,0.0,0.1111111111111111,0.0,0.1111111111111111,0.0,0.0,0.4444444444444444,0.0,1.7527152789797047,0.5066483377029767
juif,lemma,0,4,0,2,0,0,0,0,1,0,1,8,0.5,0.25,0.0,0.125,0.0,0.125,0.0,0.0,0.0,0.0,0.0,1.75,0.5058634460563037
maison,lemma,0,0,0,0,0,0,0,1,4,1,2,8,0.0,0.0,0.125,0.5,0.125,0.25,0.0,0.0,0.0,0.0,0.0,1.75,0.5058634460563037
grande,word,0,0,0,0,0,2,0,4,1,0,1,8,0.0,0.0,0.5,0.125,0.0,0.125,0.0,0.0,0.0,0.25,0.0,1.75,0.5058634460563037
star,word,4,0,0,0,0,2,0,1,0,1,0,8,0.0,0.0,0.125,0.0,0.125,0.0,0.5,0.0,0.0,0.25,0.0,1.75,0.5058634460563037
star,lemma,4,0,0,0,0,2,0,1,0,1,0,8,0.0,0.0,0.125,0.0,0.125,0.0,0.5,0.0,0.0,0.25,0.0,1.75,0.5058634460563037
petit,word,0,0,1,0,0,1,0,4,0,0,2,8,0.0,0.0,0.5,0.0,0.0,0.25,0.0,0.125,0.0,0.125,0.0,1.75,0.5058634460563037
main,lemma,0,1,0,0,0,1,0,4,2,0,0,8,0.125,0.0,0.5,0.25,0.0,0.0,0.0,0.0,0.0,0.125,0.0,1.75,0.5058634460563037
difficile,word,0,0,0,1,3,0,0,0,1,2,10,17,0.0,0.058823529411764705,0.0,0.058823529411764705,0.11764705882352941,0.5882352941176471,0.0,0.0,0.17647058823529413,0.0,0.0,1.7360411676599221,0.5018284386103186
tuer,lemma,0,10,0,0,0,0,0,0,11,1,8,30,0.3333333333333333,0.0,0.0,0.36666666666666664,0.03333333333333333,0.26666666666666666,0.0,0.0,0.0,0.0,0.0,1.7311229704790554,0.5004067607964342
bon,lemma,0,5,0,0,1,3,0,28,1,1,4,43,0.11627906976744186,0.0,0.6511627906976745,0.023255813953488372,0.023255813953488372,0.09302325581395349,0.0,0.0,0.023255813953488372,0.06976744186046512,0.0,1.7292771780924885,0.4998732071407924
choqué,word,0,8,0,0,0,0,0,0,4,15,3,30,0.26666666666666666,0.0,0.0,0.13333333333333333,0.5,0.1,0.0,0.0,0.0,0.0,0.0,1.728282381065477,0.4995856463109578
reçu,word,1,0,0,0,0,4,0,4,0,1,0,10,0.0,0.0,0.4,0.0,0.1,0.0,0.1,0.0,0.0,0.4,0.0,1.721928094887362,0.49774884568050687
monde,word,1,0,0,0,0,4,0,9,1,1,0,16,0.0,0.0,0.5625,0.0625,0.0625,0.0,0.0625,0.0,0.0,0.25,0.0,1.7169171866886992,0.49630036837236546
monde,lemma,1,0,0,0,0,4,0,9,1,1,0,16,0.0,0.0,0.5625,0.0625,0.0625,0.0,0.0625,0.0,0.0,0.25,0.0,1.7169171866886992,0.49630036837236546
tué,word,0,6,0,0,0,0,0,0,10,1,5,22,0.2727272727272727,0.0,0.0,0.45454545454545453,0.045454545454545456,0.22727272727272727,0.0,0.0,0.0,0.0,0.0,1.716763599199235,0.4962559716313989
mauvais,lemma,0,10,0,0,1,0,0,0,4,0,6,21,0.47619047619047616,0.0,0.0,0.19047619047619047,0.0,0.2857142857142857,0.0,0.0,0.047619047619047616,0.0,0.0,1.6909338059596861,0.48878948693478175
juste,lemma,0,15,0,1,0,0,0,3,0,1,9,29,0.5172413793103449,0.034482758620689655,0.10344827586206896,0.0,0.034482758620689655,0.3103448275862069,0.0,0.0,0.0,0.0,0.0,1.6894440486009494,0.48835885048262273
attendre,lemma,0,1,0,0,1,0,0,3,0,5,0,10,0.1,0.0,0.3,0.0,0.5,0.0,0.0,0.0,0.1,0.0,0.0,1.6854752972273344,0.4872116240561098
sale,word,0,4,0,5,1,0,0,0,0,0,1,11,0.36363636363636365,0.45454545454545453,0.0,0.0,0.0,0.09090909090909091,0.0,0.0,0.09090909090909091,0.0,0.0,1.676737030052133,0.4846856983727909
parler,word,0,7,0,0,1,0,0,1,1,1,0,11,0.6363636363636364,0.0,0.09090909090909091,0.09090909090909091,0.09090909090909091,0.0,0.0,0.0,0.09090909090909091,0.0,0.0,1.6729330318733675,0.48358609629993254
chance,lemma,2,0,0,0,0,1,0,7,0,0,3,13,0.0,0.0,0.5384615384615384,0.0,0.0,0.23076923076923078,0.15384615384615385,0.0,0.0,0.07692307692307693,0.0,1.6691803368667308,0.4825013241696151
chance,word,2,0,0,0,0,1,0,7,0,0,3,13,0.0,0.0,0.5384615384615384,0.0,0.0,0.23076923076923078,0.15384615384615385,0.0,0.0,0.07692307692307693,0.0,1.6691803368667308,0.4825013241696151
disparu,word,0,1,0,0,0,0,0,0,4,1,1,7,0.14285714285714285,0.0,0.0,0.5714285714285714,0.14285714285714285,0.14285714285714285,0.0,0.0,0.0,0.0,0.0,1.6644977792004614,0.4811477614510914
prend,word,0,4,0,0,1,0,0,0,1,0,1,7,0.5714285714285714,0.0,0.0,0.14285714285714285,0.0,0.14285714285714285,0.0,0.0,0.14285714285714285,0.0,0.0,1.6644977792004614,0.4811477614510914
soupire,lemma,0,1,0,1,0,0,0,0,1,0,4,7,0.14285714285714285,0.14285714285714285,0.0,0.14285714285714285,0.0,0.5714285714285714,0.0,0.0,0.0,0.0,0.0,1.664497779200461,0.4811477614510913
soupire,word,0,1,0,1,0,0,0,0,1,0,4,7,0.14285714285714285,0.14285714285714285,0.0,0.14285714285714285,0.0,0.5714285714285714,0.0,0.0,0.0,0.0,0.0,1.664497779200461,0.4811477614510913
juste,word,0,16,0,1,0,0,0,3,0,1,9,30,0.5333333333333333,0.03333333333333333,0.1,0.0,0.03333333333333333,0.3,0.0,0.0,0.0,0.0,0.0,1.664083511770376,0.48102801130836464
choquer,lemma,0,15,0,0,0,0,0,0,7,25,3,50,0.3,0.0,0.0,0.14,0.5,0.06,0.0,0.0,0.0,0.0,0.0,1.661733477073473,0.4803486989368634
plaindre,lemma,0,5,0,0,0,0,0,1,1,0,2,9,0.5555555555555556,0.0,0.1111111111111111,0.1111111111111111,0.0,0.2222222222222222,0.0,0.0,0.0,0.0,0.0,1.6577427265048887,0.47919511331687753
fois,word,1,1,0,0,0,0,0,5,0,5,0,12,0.08333333333333333,0.0,0.4166666666666667,0.0,0.4166666666666667,0.0,0.08333333333333333,0.0,0.0,0.0,0.0,1.650022421648354,0.4769634447344022
fois,lemma,1,1,0,0,0,0,0,5,0,5,0,12,0.08333333333333333,0.0,0.4166666666666667,0.0,0.4166666666666667,0.0,0.08333333333333333,0.0,0.0,0.0,0.0,1.650022421648354,0.4769634447344022
exploit,lemma,11,0,0,0,0,3,0,3,0,2,0,19,0.0,0.0,0.15789473684210525,0.0,0.10526315789473684,0.0,0.5789473684210527,0.0,0.0,0.15789473684210525,0.0,1.6393210497942587,0.473870054538035
rendre,lemma,4,0,0,0,0,0,0,1,0,1,6,12,0.0,0.0,0.08333333333333333,0.0,0.08333333333333333,0.5,0.3333333333333333,0.0,0.0,0.0,0.0,1.6258145836939115,0.46996581026056966
impressionnant,word,3,0,0,0,0,1,0,0,1,6,0,11,0.0,0.0,0.0,0.09090909090909091,0.5454545454545454,0.0,0.2727272727272727,0.0,0.0,0.09090909090909091,0.0,1.6171895725927152,0.4674726229246125
.,punctuation,0,7,0,2,0,0,0,2,0,0,1,12,0.5833333333333334,0.16666666666666666,0.16666666666666666,0.0,0.0,0.08333333333333333,0.0,0.0,0.0,0.0,0.0,1.6140054628542204,0.46655220879607745
harcèlement,word,0,1,0,0,2,0,0,0,7,0,9,19,0.05263157894736842,0.0,0.0,0.3684210526315789,0.0,0.47368421052631576,0.0,0.0,0.10526315789473684,0.0,0.0,1.6068322783181097,0.46447869345400045
arrêter,lemma,0,12,0,2,0,0,0,0,5,0,2,21,0.5714285714285714,0.09523809523809523,0.0,0.23809523809523808,0.0,0.09523809523809523,0.0,0.0,0.0,0.0,0.0,1.6004512092982512,0.4626341508460526
éviter,lemma,0,1,0,0,0,0,0,0,1,0,1,3,0.3333333333333333,0.0,0.0,0.3333333333333333,0.0,0.3333333333333333,0.0,0.0,0.0,0.0,0.0,1.584962500721156,0.4581569099913262
voulu,word,0,1,0,0,1,0,0,0,0,0,1,3,0.3333333333333333,0.0,0.0,0.0,0.0,0.3333333333333333,0.0,0.0,0.3333333333333333,0.0,0.0,1.584962500721156,0.4581569099913262
voler,word,0,1,0,0,0,0,0,0,1,0,1,3,0.3333333333333333,0.0,0.0,0.3333333333333333,0.0,0.3333333333333333,0.0,0.0,0.0,0.0,0.0,1.584962500721156,0.4581569099913262
table,lemma,0,1,0,0,0,0,0,1,0,1,0,3,0.3333333333333333,0.0,0.3333333333333333,0.0,0.3333333333333333,0.0,0.0,0.0,0.0,0.0,0.0,1.584962500721156,0.4581569099913262
tellement,word,1,1,0,0,0,0,0,1,0,0,0,3,0.3333333333333333,0.0,0.3333333333333333,0.0,0.0,0.0,0.3333333333333333,0.0,0.0,0.0,0.0,1.584962500721156,0.4581569099913262
tellement,lemma,1,1,0,0,0,0,0,1,0,0,0,3,0.3333333333333333,0.0,0.3333333333333333,0.0,0.0,0.0,0.3333333333333333,0.0,0.0,0.0,0.0,1.584962500721156,0.4581569099913262
tué,lemma,0,1,0,0,0,0,0,0,1,0,1,3,0.3333333333333333,0.0,0.0,0.3333333333333333,0.0,0.3333333333333333,0.0,0.0,0.0,0.0,0.0,1.584962500721156,0.4581569099913262
tromper,lemma,0,1,1,0,0,0,0,0,0,1,0,3,0.3333333333333333,0.0,0.0,0.0,0.3333333333333333,0.0,0.0,0.3333333333333333,0.0,0.0,0.0,1.584962500721156,0.4581569099913262
trois,word,0,1,0,0,0,1,0,1,0,0,0,3,0.3333333333333333,0.0,0.3333333333333333,0.0,0.0,0.0,0.0,0.0,0.0,0.3333333333333333,0.0,1.584962500721156,0.4581569099913262
voiture,lemma,0,1,0,0,0,0,0,0,1,1,0,3,0.3333333333333333,0.0,0.0,0.3333333333333333,0.3333333333333333,0.0,0.0,0.0,0.0,0.0,0.0,1.584962500721156,0.4581569099913262
voit,word,0,1,0,1,0,0,0,0,0,0,1,3,0.3333333333333333,0.3333333333333333,0.0,0.0,0.0,0.3333333333333333,0.0,0.0,0.0,0.0,0.0,1.584962500721156,0.4581569099913262
viol,lemma,0,1,0,0,1,0,0,0,1,0,0,3,0.3333333333333333,0.0,0.0,0.3333333333333333,0.0,0.0,0.0,0.0,0.3333333333333333,0.0,0.0,1.584962500721156,0.4581569099913262
vache,word,0,0,0,1,0,1,0,1,0,0,0,3,0.0,0.3333333333333333,0.3333333333333333,0.0,0.0,0.0,0.0,0.0,0.0,0.3333333333333333,0.0,1.584962500721156,0.4581569099913262
vache,lemma,0,0,0,1,0,1,0,1,0,0,0,3,0.0,0.3333333333333333,0.3333333333333333,0.0,0.0,0.0,0.0,0.0,0.0,0.3333333333333333,0.0,1.584962500721156,0.4581569099913262
pauvres,word,0,2,0,0,0,0,0,0,2,0,2,6,0.3333333333333333,0.0,0.0,0.3333333333333333,0.0,0.3333333333333333,0.0,0.0,0.0,0.0,0.0,1.584962500721156,0.4581569099913262
pauvreter,lemma,0,1,0,0,0,0,0,0,1,0,1,3,0.3333333333333333,0.0,0.0,0.3333333333333333,0.0,0.3333333333333333,0.0,0.0,0.0,0.0,0.0,1.584962500721156,0.4581569099913262
pensé,word,0,0,0,1,0,0,0,0,0,1,1,3,0.0,0.3333333333333333,0.0,0.0,0.3333333333333333,0.3333333333333333,0.0,0.0,0.0,0.0,0.0,1.584962500721156,0.4581569099913262
peut-être,word,0,0,1,0,0,0,0,0,1,0,1,3,0.0,0.0,0.0,0.3333333333333333,0.0,0.3333333333333333,0.0,0.3333333333333333,0.0,0.0,0.0,1.584962500721156,0.4581569099913262
cible,word,0,0,0,0,1,0,0,0,1,0,1,3,0.0,0.0,0.0,0.3333333333333333,0.0,0.3333333333333333,0.0,0.0,0.3333333333333333,0.0,0.0,1.584962500721156,0.4581569099913262
coeur,lemma,0,0,0,0,0,0,0,1,0,1,1,3,0.0,0.0,0.3333333333333333,0.0,0.3333333333333333,0.3333333333333333,0.0,0.0,0.0,0.0,0.0,1.584962500721156,0.4581569099913262
coeur,word,0,0,0,0,0,0,0,1,0,1,1,3,0.0,0.0,0.3333333333333333,0.0,0.3333333333333333,0.3333333333333333,0.0,0.0,0.0,0.0,0.0,1.584962500721156,0.4581569099913262
cible,lemma,0,0,0,0,1,0,0,0,1,0,1,3,0.0,0.0,0.0,0.3333333333333333,0.0,0.3333333333333333,0.0,0.0,0.3333333333333333,0.0,0.0,1.584962500721156,0.4581569099913262
prestigieuse,word,1,0,0,0,0,1,0,1,0,0,0,3,0.0,0.0,0.3333333333333333,0.0,0.0,0.0,0.3333333333333333,0.0,0.0,0.3333333333333333,0.0,1.584962500721156,0.4581569099913262
champs,word,0,1,0,0,0,0,0,0,1,0,1,3,0.3333333333333333,0.0,0.0,0.3333333333333333,0.0,0.3333333333333333,0.0,0.0,0.0,0.0,0.0,1.584962500721156,0.4581569099913262
revenir,lemma,0,0,0,0,0,0,0,1,0,1,1,3,0.0,0.0,0.3333333333333333,0.0,0.3333333333333333,0.3333333333333333,0.0,0.0,0.0,0.0,0.0,1.584962500721156,0.4581569099913262
quell,lemma,1,1,0,0,0,0,0,1,0,0,0,3,0.3333333333333333,0.0,0.3333333333333333,0.0,0.0,0.0,0.3333333333333333,0.0,0.0,0.0,0.0,1.584962500721156,0.4581569099913262
plaint,word,0,1,0,0,0,0,0,0,1,0,1,3,0.3333333333333333,0.0,0.0,0.3333333333333333,0.0,0.3333333333333333,0.0,0.0,0.0,0.0,0.0,1.584962500721156,0.4581569099913262
point,lemma,0,2,0,0,0,0,0,0,0,2,2,6,0.3333333333333333,0.0,0.0,0.0,0.3333333333333333,0.3333333333333333,0.0,0.0,0.0,0.0,0.0,1.584962500721156,0.4581569099913262
pire,word,0,1,0,0,1,0,0,0,1,0,0,3,0.3333333333333333,0.0,0.0,0.3333333333333333,0.0,0.0,0.0,0.0,0.3333333333333333,0.0,0.0,1.584962500721156,0.4581569099913262
sévèrement,word,1,1,0,0,0,0,0,0,1,0,0,3,0.3333333333333333,0.0,0.0,0.3333333333333333,0.0,0.0,0.3333333333333333,0.0,0.0,0.0,0.0,1.584962500721156,0.4581569099913262
aimer,word,0,0,0,1,1,0,0,0,0,0,1,3,0.0,0.3333333333333333,0.0,0.0,0.0,0.3333333333333333,0.0,0.0,0.3333333333333333,0.0,0.0,1.584962500721156,0.4581569099913262
champ,lemma,0,1,0,0,0,0,0,0,1,0,1,3,0.3333333333333333,0.0,0.0,0.3333333333333333,0.0,0.3333333333333333,0.0,0.0,0.0,0.0,0.0,1.584962500721156,0.4581569099913262
sauver,lemma,0,0,0,0,0,1,0,1,1,0,0,3,0.0,0.0,0.3333333333333333,0.3333333333333333,0.0,0.0,0.0,0.0,0.0,0.3333333333333333,0.0,1.584962500721156,0.4581569099913262
sauter,lemma,0,0,0,0,0,0,0,0,1,1,1,3,0.0,0.0,0.0,0.3333333333333333,0.3333333333333333,0.3333333333333333,0.0,0.0,0.0,0.0,0.0,1.584962500721156,0.4581569099913262
rêve,word,0,1,0,0,0,0,0,8,1,1,1,12,0.08333333333333333,0.0,0.6666666666666666,0.08333333333333333,0.08333333333333333,0.08333333333333333,0.0,0.0,0.0,0.0,0.0,1.584962500721156,0.4581569099913262
rêve,lemma,0,1,0,0,0,0,0,8,1,1,1,12,0.08333333333333333,0.0,0.6666666666666666,0.08333333333333333,0.08333333333333333,0.08333333333333333,0.0,0.0,0.0,0.0,0.0,1.584962500721156,0.4581569099913262
réussite,word,0,0,0,0,0,1,0,1,0,0,1,3,0.0,0.0,0.3333333333333333,0.0,0.0,0.3333333333333333,0.0,0.0,0.0,0.3333333333333333,0.0,1.584962500721156,0.4581569099913262
réussite,lemma,0,0,0,0,0,1,0,1,0,0,1,3,0.0,0.0,0.3333333333333333,0.0,0.0,0.3333333333333333,0.0,0.0,0.0,0.3333333333333333,0.0,1.584962500721156,0.4581569099913262
réussir,word,0,1,0,0,0,0,0,0,1,0,1,3,0.3333333333333333,0.0,0.0,0.3333333333333333,0.0,0.3333333333333333,0.0,0.0,0.0,0.0,0.0,1.584962500721156,0.4581569099913262
réduites,word,0,1,0,0,0,0,0,0,1,0,1,3,0.3333333333333333,0.0,0.0,0.3333333333333333,0.0,0.3333333333333333,0.0,0.0,0.0,0.0,0.0,1.584962500721156,0.4581569099913262
récupérer,word,0,0,0,0,0,1,0,1,1,0,0,3,0.0,0.0,0.3333333333333333,0.3333333333333333,0.0,0.0,0.0,0.0,0.0,0.3333333333333333,0.0,1.584962500721156,0.4581569099913262
récupérer,lemma,0,0,0,0,0,1,0,1,1,0,0,3,0.0,0.0,0.3333333333333333,0.3333333333333333,0.0,0.0,0.0,0.0,0.0,0.3333333333333333,0.0,1.584962500721156,0.4581569099913262
réconforter,lemma,0,1,0,0,0,0,0,0,1,0,1,3,0.3333333333333333,0.0,0.0,0.3333333333333333,0.0,0.3333333333333333,0.0,0.0,0.0,0.0,0.0,1.584962500721156,0.4581569099913262
rupture,word,0,0,0,0,0,0,0,0,1,1,1,3,0.0,0.0,0.0,0.3333333333333333,0.3333333333333333,0.3333333333333333,0.0,0.0,0.0,0.0,0.0,1.584962500721156,0.4581569099913262
rupture,lemma,0,0,0,0,0,0,0,0,1,1,1,3,0.0,0.0,0.0,0.3333333333333333,0.3333333333333333,0.3333333333333333,0.0,0.0,0.0,0.0,0.0,1.584962500721156,0.4581569099913262
rouler,lemma,0,0,0,0,1,0,0,0,0,1,1,3,0.0,0.0,0.0,0.0,0.3333333333333333,0.3333333333333333,0.0,0.0,0.3333333333333333,0.0,0.0,1.584962500721156,0.4581569099913262
brûlés,word,0,1,0,0,0,0,0,0,1,0,1,3,0.3333333333333333,0.0,0.0,0.3333333333333333,0.0,0.3333333333333333,0.0,0.0,0.0,0.0,0.0,1.584962500721156,0.4581569099913262
air,word,0,1,0,1,0,0,0,1,0,0,0,3,0.3333333333333333,0.3333333333333333,0.3333333333333333,0.0,0.0,0.0,0.0,0.0,0.0,0.0,0.0,1.584962500721156,0.4581569099913262
senti,word,0,0,0,0,0,0,0,0,1,1,1,3,0.0,0.0,0.0,0.3333333333333333,0.3333333333333333,0.3333333333333333,0.0,0.0,0.0,0.0,0.0,1.584962500721156,0.4581569099913262
seraient,word,0,1,0,0,0,0,0,0,1,1,0,3,0.3333333333333333,0.0,0.0,0.3333333333333333,0.3333333333333333,0.0,0.0,0.0,0.0,0.0,0.0,1.584962500721156,0.4581569099913262
sortir,word,0,1,0,1,0,0,0,0,1,0,0,3,0.3333333333333333,0.3333333333333333,0.0,0.3333333333333333,0.0,0.0,0.0,0.0,0.0,0.0,0.0,1.584962500721156,0.4581569099913262
bée,lemma,1,0,0,0,0,0,0,1,0,1,0,3,0.0,0.0,0.3333333333333333,0.0,0.3333333333333333,0.0,0.3333333333333333,0.0,0.0,0.0,0.0,1.584962500721156,0.4581569099913262
bée,word,1,0,0,0,0,0,0,1,0,1,0,3,0.0,0.0,0.3333333333333333,0.0,0.3333333333333333,0.0,0.3333333333333333,0.0,0.0,0.0,0.0,1.584962500721156,0.4581569099913262
stage,word,0,0,0,0,0,0,0,1,1,0,1,3,0.0,0.0,0.3333333333333333,0.3333333333333333,0.0,0.3333333333333333,0.0,0.0,0.0,0.0,0.0,1.584962500721156,0.4581569099913262
tribunal,word,0,1,0,0,1,0,0,0,1,0,0,3,0.3333333333333333,0.0,0.0,0.3333333333333333,0.0,0.0,0.0,0.0,0.3333333333333333,0.0,0.0,1.584962500721156,0.4581569099913262
trois,lemma,0,1,0,0,0,1,0,1,0,0,0,3,0.3333333333333333,0.0,0.3333333333333333,0.0,0.0,0.0,0.0,0.0,0.0,0.3333333333333333,0.0,1.584962500721156,0.4581569099913262
tribunal,lemma,0,1,0,0,1,0,0,0,1,0,0,3,0.3333333333333333,0.0,0.0,0.3333333333333333,0.0,0.0,0.0,0.0,0.3333333333333333,0.0,0.0,1.584962500721156,0.4581569099913262
train,word,0,0,0,0,1,0,0,0,1,0,1,3,0.0,0.0,0.0,0.3333333333333333,0.0,0.3333333333333333,0.0,0.0,0.3333333333333333,0.0,0.0,1.584962500721156,0.4581569099913262
train,lemma,0,0,0,0,1,0,0,0,1,0,1,3,0.0,0.0,0.0,0.3333333333333333,0.0,0.3333333333333333,0.0,0.0,0.3333333333333333,0.0,0.0,1.584962500721156,0.4581569099913262
partout,lemma,0,0,0,0,0,1,0,1,0,0,1,3,0.0,0.0,0.3333333333333333,0.0,0.0,0.3333333333333333,0.0,0.0,0.0,0.3333333333333333,0.0,1.584962500721156,0.4581569099913262
ouvrir,lemma,0,1,0,0,0,1,0,0,1,0,0,3,0.3333333333333333,0.0,0.0,0.3333333333333333,0.0,0.0,0.0,0.0,0.0,0.3333333333333333,0.0,1.584962500721156,0.4581569099913262
complètement,lemma,0,1,0,0,0,0,0,1,0,1,0,3,0.3333333333333333,0.0,0.3333333333333333,0.0,0.3333333333333333,0.0,0.0,0.0,0.0,0.0,0.0,1.584962500721156,0.4581569099913262
maîtrise,lemma,0,1,0,0,0,1,0,0,0,0,1,3,0.3333333333333333,0.0,0.0,0.0,0.0,0.3333333333333333,0.0,0.0,0.0,0.3333333333333333,0.0,1.584962500721156,0.4581569099913262
maîtrise,word,0,1,0,0,0,1,0,0,0,0,1,3,0.3333333333333333,0.0,0.0,0.0,0.0,0.3333333333333333,0.0,0.0,0.0,0.3333333333333333,0.0,1.584962500721156,0.4581569099913262
minable,word,0,0,1,0,1,0,0,0,0,0,1,3,0.0,0.0,0.0,0.0,0.0,0.3333333333333333,0.0,0.3333333333333333,0.3333333333333333,0.0,0.0,1.584962500721156,0.4581569099913262
mérite,word,1,1,0,0,0,0,0,0,0,0,1,3,0.3333333333333333,0.0,0.0,0.0,0.0,0.3333333333333333,0.3333333333333333,0.0,0.0,0.0,0.0,1.584962500721156,0.4581569099913262
mondial,lemma,0,0,0,0,0,1,0,1,0,0,1,3,0.0,0.0,0.3333333333333333,0.0,0.0,0.3333333333333333,0.0,0.0,0.0,0.3333333333333333,0.0,1.584962500721156,0.4581569099913262
mondiale,word,0,0,0,0,0,1,0,1,0,0,1,3,0.0,0.0,0.3333333333333333,0.0,0.0,0.3333333333333333,0.0,0.0,0.0,0.3333333333333333,0.0,1.584962500721156,0.4581569099913262
minable,lemma,0,0,1,0,1,0,0,0,0,0,1,3,0.0,0.0,0.0,0.0,0.0,0.3333333333333333,0.0,0.3333333333333333,0.3333333333333333,0.0,0.0,1.584962500721156,0.4581569099913262
oublier,word,0,0,0,1,0,0,0,1,0,0,1,3,0.0,0.3333333333333333,0.3333333333333333,0.0,0.0,0.3333333333333333,0.0,0.0,0.0,0.0,0.0,1.584962500721156,0.4581569099913262
n'ai,word,0,1,0,0,0,0,0,1,0,0,1,3,0.3333333333333333,0.0,0.3333333333333333,0.0,0.0,0.3333333333333333,0.0,0.0,0.0,0.0,0.0,1.584962500721156,0.4581569099913262
nom,lemma,0,1,0,1,0,0,0,1,0,0,0,3,0.3333333333333333,0.3333333333333333,0.3333333333333333,0.0,0.0,0.0,0.0,0.0,0.0,0.0,0.0,1.584962500721156,0.4581569099913262
nom,word,0,1,0,1,0,0,0,1,0,0,0,3,0.3333333333333333,0.3333333333333333,0.3333333333333333,0.0,0.0,0.0,0.0,0.0,0.0,0.0,0.0,1.584962500721156,0.4581569099913262
oublier,lemma,0,1,0,0,0,0,0,1,0,0,1,3,0.3333333333333333,0.0,0.3333333333333333,0.0,0.0,0.3333333333333333,0.0,0.0,0.0,0.0,0.0,1.584962500721156,0.4581569099913262
ouvert,word,0,1,0,0,0,1,0,0,1,0,0,3,0.3333333333333333,0.0,0.0,0.3333333333333333,0.0,0.0,0.0,0.0,0.0,0.3333333333333333,0.0,1.584962500721156,0.4581569099913262
partout,word,0,0,0,0,0,1,0,1,0,0,1,3,0.0,0.0,0.3333333333333333,0.0,0.0,0.3333333333333333,0.0,0.0,0.0,0.3333333333333333,0.0,1.584962500721156,0.4581569099913262
complètement,word,0,1,0,0,0,0,0,1,0,1,0,3,0.3333333333333333,0.0,0.3333333333333333,0.0,0.3333333333333333,0.0,0.0,0.0,0.0,0.0,0.0,1.584962500721156,0.4581569099913262
parvenir,lemma,0,0,0,0,1,0,0,0,1,0,1,3,0.0,0.0,0.0,0.3333333333333333,0.0,0.3333333333333333,0.0,0.0,0.3333333333333333,0.0,0.0,1.584962500721156,0.4581569099913262
horribles,word,0,0,0,1,0,0,0,0,1,0,1,3,0.0,0.3333333333333333,0.0,0.3333333333333333,0.0,0.3333333333333333,0.0,0.0,0.0,0.0,0.0,1.584962500721156,0.4581569099913262
impressionnante,word,1,0,0,0,0,0,0,0,1,1,0,3,0.0,0.0,0.0,0.3333333333333333,0.3333333333333333,0.0,0.3333333333333333,0.0,0.0,0.0,0.0,1.584962500721156,0.4581569099913262
insiste,word,0,1,0,0,0,0,0,1,1,0,0,3,0.3333333333333333,0.0,0.3333333333333333,0.3333333333333333,0.0,0.0,0.0,0.0,0.0,0.0,0.0,1.584962500721156,0.4581569099913262
impressionner,word,1,0,0,0,0,1,0,0,0,1,0,3,0.0,0.0,0.0,0.0,0.3333333333333333,0.0,0.3333333333333333,0.0,0.0,0.3333333333333333,0.0,1.584962500721156,0.4581569099913262
insister,lemma,0,1,0,0,0,0,0,1,1,0,0,3,0.3333333333333333,0.0,0.3333333333333333,0.3333333333333333,0.0,0.0,0.0,0.0,0.0,0.0,0.0,1.584962500721156,0.4581569099913262
insultent,word,0,1,0,0,1,0,0,0,0,0,1,3,0.3333333333333333,0.0,0.0,0.0,0.0,0.3333333333333333,0.0,0.0,0.3333333333333333,0.0,0.0,1.584962500721156,0.4581569099913262
corps,word,0,0,0,1,1,0,0,0,0,0,1,3,0.0,0.3333333333333333,0.0,0.0,0.0,0.3333333333333333,0.0,0.0,0.3333333333333333,0.0,0.0,1.584962500721156,0.4581569099913262
corps,lemma,0,0,0,1,1,0,0,0,0,0,1,3,0.0,0.3333333333333333,0.0,0.0,0.0,0.3333333333333333,0.0,0.0,0.3333333333333333,0.0,0.0,1.584962500721156,0.4581569099913262
coupe,lemma,0,0,0,0,0,0,0,1,1,0,1,3,0.0,0.0,0.3333333333333333,0.3333333333333333,0.0,0.3333333333333333,0.0,0.0,0.0,0.0,0.0,1.584962500721156,0.4581569099913262
coupe,word,0,0,0,0,0,0,0,1,1,0,1,3,0.0,0.0,0.3333333333333333,0.3333333333333333,0.0,0.3333333333333333,0.0,0.0,0.0,0.0,0.0,1.584962500721156,0.4581569099913262
couleur,lemma,0,0,0,0,0,1,0,1,0,0,1,3,0.0,0.0,0.3333333333333333,0.0,0.0,0.3333333333333333,0.0,0.0,0.0,0.3333333333333333,0.0,1.584962500721156,0.4581569099913262
couleurs,word,0,0,0,0,0,1,0,1,0,0,1,3,0.0,0.0,0.3333333333333333,0.0,0.0,0.3333333333333333,0.0,0.0,0.0,0.3333333333333333,0.0,1.584962500721156,0.4581569099913262
interdits,word,0,1,0,0,0,0,0,0,1,0,1,3,0.3333333333333333,0.0,0.0,0.3333333333333333,0.0,0.3333333333333333,0.0,0.0,0.0,0.0,0.0,1.584962500721156,0.4581569099913262
inventer,lemma,0,0,0,0,0,1,0,1,0,1,0,3,0.0,0.0,0.3333333333333333,0.0,0.3333333333333333,0.0,0.0,0.0,0.0,0.3333333333333333,0.0,1.584962500721156,0.4581569099913262
joindre,lemma,0,1,0,0,0,1,0,1,0,0,0,3,0.3333333333333333,0.0,0.3333333333333333,0.0,0.0,0.0,0.0,0.0,0.0,0.3333333333333333,0.0,1.584962500721156,0.4581569099913262
j'aimerais,word,0,0,0,0,0,1,0,1,0,0,1,3,0.0,0.0,0.3333333333333333,0.0,0.0,0.3333333333333333,0.0,0.0,0.0,0.3333333333333333,0.0,1.584962500721156,0.4581569099913262
l'histoire,word,0,0,0,0,0,1,0,1,0,1,0,3,0.0,0.0,0.3333333333333333,0.0,0.3333333333333333,0.0,0.0,0.0,0.0,0.3333333333333333,0.0,1.584962500721156,0.4581569099913262
arrête,word,0,1,0,1,0,0,0,0,0,0,1,3,0.3333333333333333,0.3333333333333333,0.0,0.0,0.0,0.3333333333333333,0.0,0.0,0.0,0.0,0.0,1.584962500721156,0.4581569099913262
jolie,lemma,0,1,0,0,0,1,0,1,0,0,0,3,0.3333333333333333,0.0,0.3333333333333333,0.0,0.0,0.0,0.0,0.0,0.0,0.3333333333333333,0.0,1.584962500721156,0.4581569099913262
jolies,word,0,1,0,0,0,1,0,1,0,0,0,3,0.3333333333333333,0.0,0.3333333333333333,0.0,0.0,0.0,0.0,0.0,0.0,0.3333333333333333,0.0,1.584962500721156,0.4581569099913262
arraché,word,0,1,0,0,0,0,0,0,1,1,0,3,0.3333333333333333,0.0,0.0,0.3333333333333333,0.3333333333333333,0.0,0.0,0.0,0.0,0.0,0.0,1.584962500721156,0.4581569099913262
lutter,lemma,0,0,0,0,1,0,0,0,1,0,1,3,0.0,0.0,0.0,0.3333333333333333,0.0,0.3333333333333333,0.0,0.0,0.3333333333333333,0.0,0.0,1.584962500721156,0.4581569099913262
habits,word,0,1,0,0,0,0,0,1,0,0,1,3,0.3333333333333333,0.0,0.3333333333333333,0.0,0.0,0.3333333333333333,0.0,0.0,0.0,0.0,0.0,1.584962500721156,0.4581569099913262
courir,lemma,0,1,0,0,0,0,0,0,1,0,1,3,0.3333333333333333,0.0,0.0,0.3333333333333333,0.0,0.3333333333333333,0.0,0.0,0.0,0.0,0.0,1.584962500721156,0.4581569099913262
avance,word,0,0,0,1,1,0,0,0,1,0,0,3,0.0,0.3333333333333333,0.0,0.3333333333333333,0.0,0.0,0.0,0.0,0.3333333333333333,0.0,0.0,1.584962500721156,0.4581569099913262
grands,word,0,0,0,0,0,1,0,1,0,1,0,3,0.0,0.0,0.3333333333333333,0.0,0.3333333333333333,0.0,0.0,0.0,0.0,0.3333333333333333,0.0,1.584962500721156,0.4581569099913262
habit,lemma,0,1,0,0,0,0,0,1,0,0,1,3,0.3333333333333333,0.0,0.3333333333333333,0.0,0.0,0.3333333333333333,0.0,0.0,0.0,0.0,0.0,1.584962500721156,0.4581569099913262
guerres,word,0,1,0,0,0,0,0,0,1,0,1,3,0.3333333333333333,0.0,0.0,0.3333333333333333,0.0,0.3333333333333333,0.0,0.0,0.0,0.0,0.0,1.584962500721156,0.4581569099913262
courir,word,0,1,0,0,0,0,0,0,1,0,1,3,0.3333333333333333,0.0,0.0,0.3333333333333333,0.0,0.3333333333333333,0.0,0.0,0.0,0.0,0.0,1.584962500721156,0.4581569099913262
histoire,word,0,0,0,0,0,1,0,1,0,1,0,3,0.0,0.0,0.3333333333333333,0.0,0.3333333333333333,0.0,0.0,0.0,0.0,0.3333333333333333,0.0,1.584962500721156,0.4581569099913262
course,lemma,0,0,0,0,0,1,0,1,1,0,0,3,0.0,0.0,0.3333333333333333,0.3333333333333333,0.0,0.0,0.0,0.0,0.0,0.3333333333333333,0.0,1.584962500721156,0.4581569099913262
course,word,0,0,0,0,0,1,0,1,1,0,0,3,0.0,0.0,0.3333333333333333,0.3333333333333333,0.0,0.0,0.0,0.0,0.0,0.3333333333333333,0.0,1.584962500721156,0.4581569099913262
fabuleux,word,1,0,0,0,0,0,0,1,0,1,0,3,0.0,0.0,0.3333333333333333,0.0,0.3333333333333333,0.0,0.3333333333333333,0.0,0.0,0.0,0.0,1.584962500721156,0.4581569099913262
facilement,lemma,0,0,0,0,1,0,0,1,0,0,1,3,0.0,0.0,0.3333333333333333,0.0,0.0,0.3333333333333333,0.0,0.0,0.3333333333333333,0.0,0.0,1.584962500721156,0.4581569099913262
facilement,word,0,0,0,0,1,0,0,1,0,0,1,3,0.0,0.0,0.3333333333333333,0.0,0.0,0.3333333333333333,0.0,0.0,0.3333333333333333,0.0,0.0,1.584962500721156,0.4581569099913262
faisait,word,0,1,0,1,0,0,0,0,0,1,0,3,0.3333333333333333,0.3333333333333333,0.0,0.0,0.3333333333333333,0.0,0.0,0.0,0.0,0.0,0.0,1.584962500721156,0.4581569099913262
feu,lemma,0,1,0,0,0,1,0,0,1,0,0,3,0.3333333333333333,0.0,0.0,0.3333333333333333,0.0,0.0,0.0,0.0,0.0,0.3333333333333333,0.0,1.584962500721156,0.4581569099913262
forcés,word,0,1,0,0,0,0,0,0,1,0,1,3,0.3333333333333333,0.0,0.0,0.3333333333333333,0.0,0.3333333333333333,0.0,0.0,0.0,0.0,0.0,1.584962500721156,0.4581569099913262
crie,lemma,0,1,0,0,0,0,0,1,1,0,0,3,0.3333333333333333,0.0,0.3333333333333333,0.3333333333333333,0.0,0.0,0.0,0.0,0.0,0.0,0.0,1.584962500721156,0.4581569099913262
cris,word,0,1,0,0,0,0,0,0,1,1,0,3,0.3333333333333333,0.0,0.0,0.3333333333333333,0.3333333333333333,0.0,0.0,0.0,0.0,0.0,0.0,1.584962500721156,0.4581569099913262
cour,lemma,0,0,0,1,0,1,0,1,0,0,0,3,0.0,0.3333333333333333,0.3333333333333333,0.0,0.0,0.0,0.0,0.0,0.0,0.3333333333333333,0.0,1.584962500721156,0.4581569099913262
cour,word,0,0,0,1,0,1,0,1,0,0,0,3,0.0,0.3333333333333333,0.3333333333333333,0.0,0.0,0.0,0.0,0.0,0.0,0.3333333333333333,0.0,1.584962500721156,0.4581569099913262
enfin,word,0,1,0,0,1,0,0,1,0,0,0,3,0.3333333333333333,0.0,0.3333333333333333,0.0,0.0,0.0,0.0,0.0,0.3333333333333333,0.0,0.0,1.584962500721156,0.4581569099913262
enfin,lemma,0,1,0,0,1,0,0,1,0,0,0,3,0.3333333333333333,0.0,0.3333333333333333,0.0,0.0,0.0,0.0,0.0,0.3333333333333333,0.0,0.0,1.584962500721156,0.4581569099913262
esprit,lemma,0,0,0,0,1,0,0,0,1,0,1,3,0.0,0.0,0.0,0.3333333333333333,0.0,0.3333333333333333,0.0,0.0,0.3333333333333333,0.0,0.0,1.584962500721156,0.4581569099913262
envie,word,1,1,0,0,0,0,0,1,0,0,0,3,0.3333333333333333,0.0,0.3333333333333333,0.0,0.0,0.0,0.3333333333333333,0.0,0.0,0.0,0.0,1.584962500721156,0.4581569099913262
envie,lemma,1,1,0,0,0,0,0,1,0,0,0,3,0.3333333333333333,0.0,0.3333333333333333,0.0,0.0,0.0,0.3333333333333333,0.0,0.0,0.0,0.0,1.584962500721156,0.4581569099913262
excellent,word,1,0,0,0,0,1,0,0,0,1,0,3,0.0,0.0,0.0,0.0,0.3333333333333333,0.0,0.3333333333333333,0.0,0.0,0.3333333333333333,0.0,1.584962500721156,0.4581569099913262
décider,lemma,0,1,0,0,0,0,0,1,1,0,0,3,0.3333333333333333,0.0,0.3333333333333333,0.3333333333333333,0.0,0.0,0.0,0.0,0.0,0.0,0.0,1.584962500721156,0.4581569099913262
déclarer,lemma,0,1,0,0,0,1,0,1,0,0,0,3,0.3333333333333333,0.0,0.3333333333333333,0.0,0.0,0.0,0.0,0.0,0.0,0.3333333333333333,0.0,1.584962500721156,0.4581569099913262
emploi,lemma,0,1,0,0,0,0,0,0,0,1,1,3,0.3333333333333333,0.0,0.0,0.0,0.3333333333333333,0.3333333333333333,0.0,0.0,0.0,0.0,0.0,1.584962500721156,0.4581569099913262
aïe,lemma,0,1,0,0,1,0,0,0,0,0,1,3,0.3333333333333333,0.0,0.0,0.0,0.0,0.3333333333333333,0.0,0.0,0.3333333333333333,0.0,0.0,1.584962500721156,0.4581569099913262
aïe,word,0,1,0,0,1,0,0,0,0,0,1,3,0.3333333333333333,0.0,0.0,0.0,0.0,0.3333333333333333,0.0,0.0,0.3333333333333333,0.0,0.0,1.584962500721156,0.4581569099913262
battr,lemma,0,0,0,0,1,0,0,1,1,0,0,3,0.0,0.0,0.3333333333333333,0.3333333333333333,0.0,0.0,0.0,0.0,0.3333333333333333,0.0,0.0,1.584962500721156,0.4581569099913262
drame,lemma,0,1,0,0,0,0,0,0,1,0,1,3,0.3333333333333333,0.0,0.0,0.3333333333333333,0.0,0.3333333333333333,0.0,0.0,0.0,0.0,0.0,1.584962500721156,0.4581569099913262
drame,word,0,1,0,0,0,0,0,0,1,0,1,3,0.3333333333333333,0.0,0.0,0.3333333333333333,0.0,0.3333333333333333,0.0,0.0,0.0,0.0,0.0,1.584962500721156,0.4581569099913262
difficultés,word,0,1,0,0,0,0,0,0,1,0,1,3,0.3333333333333333,0.0,0.0,0.3333333333333333,0.0,0.3333333333333333,0.0,0.0,0.0,0.0,0.0,1.584962500721156,0.4581569099913262
discriminer,lemma,0,1,0,0,1,0,0,0,0,0,1,3,0.3333333333333333,0.0,0.0,0.0,0.0,0.3333333333333333,0.0,0.0,0.3333333333333333,0.0,0.0,1.584962500721156,0.4581569099913262
discriminer,word,0,1,0,0,1,0,0,0,0,0,1,3,0.3333333333333333,0.0,0.0,0.0,0.0,0.3333333333333333,0.0,0.0,0.3333333333333333,0.0,0.0,1.584962500721156,0.4581569099913262
doigt,lemma,0,1,1,0,0,0,0,0,0,0,1,3,0.3333333333333333,0.0,0.0,0.0,0.0,0.3333333333333333,0.0,0.3333333333333333,0.0,0.0,0.0,1.584962500721156,0.4581569099913262
danseurs,word,1,0,0,0,0,1,0,1,0,0,0,3,0.0,0.0,0.3333333333333333,0.0,0.0,0.0,0.3333333333333333,0.0,0.0,0.3333333333333333,0.0,1.584962500721156,0.4581569099913262
devoirs,word,0,1,0,0,0,0,0,1,1,0,0,3,0.3333333333333333,0.0,0.3333333333333333,0.3333333333333333,0.0,0.0,0.0,0.0,0.0,0.0,0.0,1.584962500721156,0.4581569099913262
danseur,word,0,0,0,0,0,0,0,1,1,0,1,3,0.0,0.0,0.3333333333333333,0.3333333333333333,0.0,0.3333333333333333,0.0,0.0,0.0,0.0,0.0,1.584962500721156,0.4581569099913262
émotion,word,1,0,0,0,0,0,0,1,0,0,1,3,0.0,0.0,0.3333333333333333,0.0,0.0,0.3333333333333333,0.3333333333333333,0.0,0.0,0.0,0.0,1.584962500721156,0.4581569099913262
perdre,lemma,0,1,0,0,0,0,0,1,5,0,7,14,0.07142857142857142,0.0,0.07142857142857142,0.35714285714285715,0.0,0.5,0.0,0.0,0.0,0.0,0.0,1.5744174271404585,0.4551087001282125
cher,word,0,6,0,0,0,1,0,0,2,0,1,10,0.6,0.0,0.0,0.2,0.0,0.1,0.0,0.0,0.0,0.1,0.0,1.5709505944546687,0.4541065607400215
porter,lemma,0,6,0,0,0,0,0,2,0,1,1,10,0.6,0.0,0.2,0.0,0.1,0.1,0.0,0.0,0.0,0.0,0.0,1.5709505944546687,0.4541065607400215
douer,lemma,3,0,0,0,0,3,0,4,0,0,0,10,0.0,0.0,0.4,0.0,0.0,0.0,0.3,0.0,0.0,0.3,0.0,1.5709505944546684,0.4541065607400214
agressées,word,0,2,0,0,0,0,0,0,3,0,3,8,0.25,0.0,0.0,0.375,0.0,0.375,0.0,0.0,0.0,0.0,0.0,1.561278124459133,0.45131058988069694
agresser,lemma,0,3,0,0,0,0,0,0,2,0,3,8,0.375,0.0,0.0,0.25,0.0,0.375,0.0,0.0,0.0,0.0,0.0,1.561278124459133,0.45131058988069694
agression,lemma,0,0,0,0,2,0,0,0,3,0,3,8,0.0,0.0,0.0,0.375,0.0,0.375,0.0,0.0,0.25,0.0,0.0,1.561278124459133,0.45131058988069694
entrer,lemma,0,3,0,0,0,2,0,3,0,0,0,8,0.375,0.0,0.375,0.0,0.0,0.0,0.0,0.0,0.0,0.25,0.0,1.561278124459133,0.45131058988069694
gros,word,0,11,0,13,0,0,0,3,0,1,0,28,0.39285714285714285,0.4642857142857143,0.10714285714285714,0.0,0.03571428571428571,0.0,0.0,0.0,0.0,0.0,0.0,1.560413791950178,0.451060741754115
enfermer,lemma,0,2,0,0,0,0,0,0,2,0,3,7,0.2857142857142857,0.0,0.0,0.2857142857142857,0.0,0.42857142857142855,0.0,0.0,0.0,0.0,0.0,1.5566567074628228,0.44997470077931606
coups,word,0,3,0,0,0,0,0,0,5,0,4,12,0.25,0.0,0.0,0.4166666666666667,0.0,0.3333333333333333,0.0,0.0,0.0,0.0,0.0,1.5545851693377997,0.44937589197099537
perdu,word,0,1,0,0,0,0,0,1,3,0,7,12,0.08333333333333333,0.0,0.08333333333333333,0.25,0.0,0.5833333333333334,0.0,0.0,0.0,0.0,0.0,1.5510981710072647,0.44836792340420845
dur,lemma,0,3,0,0,1,0,0,0,1,0,7,12,0.25,0.0,0.0,0.08333333333333333,0.0,0.5833333333333334,0.0,0.0,0.08333333333333333,0.0,0.0,1.5510981710072647,0.44836792340420845
gros,lemma,0,21,0,18,0,1,0,3,0,1,0,44,0.4772727272727273,0.4090909090909091,0.06818181818181818,0.0,0.022727272727272728,0.0,0.0,0.0,0.0,0.022727272727272728,0.0,1.5491542684900461,0.4478060095606898
d'un,word,0,5,0,0,0,0,0,1,1,1,0,8,0.625,0.0,0.125,0.125,0.125,0.0,0.0,0.0,0.0,0.0,0.0,1.5487949406953985,0.44770214053413876
douée,word,2,0,0,0,0,3,0,4,0,0,0,9,0.0,0.0,0.4444444444444444,0.0,0.0,0.0,0.2222222222222222,0.0,0.0,0.3333333333333333,0.0,1.5304930567574826,0.442411709632335
victime,word,0,1,0,0,4,0,0,0,12,0,18,35,0.02857142857142857,0.0,0.0,0.34285714285714286,0.0,0.5142857142857142,0.0,0.0,0.11428571428571428,0.0,0.0,1.5270487302416664,0.4414160759862585
tuer,word,0,6,0,0,0,0,0,0,4,0,3,13,0.46153846153846156,0.0,0.0,0.3076923076923077,0.0,0.23076923076923078,0.0,0.0,0.0,0.0,0.0,1.5262349099495227,0.441180829164856
jouer,word,0,2,0,0,0,1,0,0,0,0,2,5,0.4,0.0,0.0,0.0,0.0,0.4,0.0,0.0,0.0,0.2,0.0,1.5219280948873621,0.43993588041692927
ravager,lemma,0,1,0,0,0,0,0,0,2,0,2,5,0.2,0.0,0.0,0.4,0.0,0.4,0.0,0.0,0.0,0.0,0.0,1.5219280948873621,0.43993588041692927
records,word,0,0,0,0,0,2,0,2,0,1,0,5,0.0,0.0,0.4,0.0,0.2,0.0,0.0,0.0,0.0,0.4,0.0,1.5219280948873621,0.43993588041692927
réveiller,lemma,0,2,0,1,0,0,0,0,0,2,0,5,0.4,0.2,0.0,0.0,0.4,0.0,0.0,0.0,0.0,0.0,0.0,1.5219280948873621,0.43993588041692927
chien,lemma,0,2,0,2,0,0,0,0,0,0,1,5,0.4,0.4,0.0,0.0,0.0,0.2,0.0,0.0,0.0,0.0,0.0,1.5219280948873621,0.43993588041692927
impose,word,0,2,0,0,0,0,0,0,2,0,1,5,0.4,0.0,0.0,0.4,0.0,0.2,0.0,0.0,0.0,0.0,0.0,1.5219280948873621,0.43993588041692927
heure,lemma,0,1,0,0,0,0,0,2,0,0,2,5,0.2,0.0,0.4,0.0,0.0,0.4,0.0,0.0,0.0,0.0,0.0,1.5219280948873621,0.43993588041692927
impos,lemma,0,2,0,0,0,0,0,0,2,0,1,5,0.4,0.0,0.0,0.4,0.0,0.2,0.0,0.0,0.0,0.0,0.0,1.5219280948873621,0.43993588041692927
chien,word,0,2,0,2,0,0,0,0,0,0,1,5,0.4,0.4,0.0,0.0,0.0,0.2,0.0,0.0,0.0,0.0,0.0,1.5219280948873621,0.43993588041692927
déchirer,lemma,0,2,0,0,0,0,0,0,2,0,1,5,0.4,0.0,0.0,0.4,0.0,0.2,0.0,0.0,0.0,0.0,0.0,1.5219280948873621,0.43993588041692927
servir,lemma,0,2,0,0,0,1,0,2,0,0,0,5,0.4,0.0,0.4,0.0,0.0,0.0,0.0,0.0,0.0,0.2,0.0,1.5219280948873621,0.43993588041692927
fille,lemma,0,0,0,0,0,0,0,1,0,2,2,5,0.0,0.0,0.2,0.0,0.4,0.4,0.0,0.0,0.0,0.0,0.0,1.5219280948873621,0.43993588041692927
feu,word,0,2,0,0,0,1,0,0,2,0,0,5,0.4,0.0,0.0,0.4,0.0,0.0,0.0,0.0,0.0,0.2,0.0,1.5219280948873621,0.43993588041692927
espionner,lemma,0,2,0,0,0,0,0,0,2,1,0,5,0.4,0.0,0.0,0.4,0.2,0.0,0.0,0.0,0.0,0.0,0.0,1.5219280948873621,0.43993588041692927
surveiller,lemma,0,2,0,1,0,0,0,0,2,0,0,5,0.4,0.2,0.0,0.4,0.0,0.0,0.0,0.0,0.0,0.0,0.0,1.5219280948873621,0.43993588041692927
croit,lemma,0,2,0,0,0,0,0,2,0,1,0,5,0.4,0.0,0.4,0.0,0.2,0.0,0.0,0.0,0.0,0.0,0.0,1.5219280948873621,0.43993588041692927
tenir,lemma,0,0,0,0,1,0,0,2,0,2,0,5,0.0,0.0,0.4,0.0,0.4,0.0,0.0,0.0,0.2,0.0,0.0,1.5219280948873621,0.43993588041692927
noir,word,0,2,0,0,0,0,0,0,2,1,0,5,0.4,0.0,0.0,0.4,0.2,0.0,0.0,0.0,0.0,0.0,0.0,1.5219280948873621,0.43993588041692927
mot,word,0,0,0,0,0,1,0,2,0,0,2,5,0.0,0.0,0.4,0.0,0.0,0.4,0.0,0.0,0.0,0.2,0.0,1.5219280948873621,0.43993588041692927
langue,lemma,0,2,0,0,0,0,0,2,0,0,1,5,0.4,0.0,0.4,0.0,0.0,0.2,0.0,0.0,0.0,0.0,0.0,1.5219280948873621,0.43993588041692927
lever,lemma,0,2,0,0,0,0,0,2,0,0,1,5,0.4,0.0,0.4,0.0,0.0,0.2,0.0,0.0,0.0,0.0,0.0,1.5219280948873621,0.43993588041692927
blesser,lemma,0,0,0,0,2,0,0,0,1,0,2,5,0.0,0.0,0.0,0.2,0.0,0.4,0.0,0.0,0.4,0.0,0.0,1.5219280948873621,0.43993588041692927
parents,word,0,1,0,0,0,0,0,2,2,0,0,5,0.2,0.0,0.4,0.4,0.0,0.0,0.0,0.0,0.0,0.0,0.0,1.5219280948873621,0.43993588041692927
empêcher,word,0,0,0,0,0,0,0,2,2,0,1,5,0.0,0.0,0.4,0.4,0.0,0.2,0.0,0.0,0.0,0.0,0.0,1.5219280948873621,0.43993588041692927
parent,lemma,0,1,0,0,0,0,0,2,2,0,0,5,0.2,0.0,0.4,0.4,0.0,0.0,0.0,0.0,0.0,0.0,0.0,1.5219280948873621,0.43993588041692927
soeur,lemma,1,2,0,0,0,0,0,2,0,0,0,5,0.4,0.0,0.4,0.0,0.0,0.0,0.2,0.0,0.0,0.0,0.0,1.5219280948873621,0.43993588041692927
émerveillée,word,2,0,0,0,0,0,0,2,0,1,0,5,0.0,0.0,0.4,0.0,0.2,0.0,0.4,0.0,0.0,0.0,0.0,1.5219280948873621,0.43993588041692927
pile,lemma,0,0,0,0,0,0,0,2,4,0,4,10,0.0,0.0,0.2,0.4,0.0,0.4,0.0,0.0,0.0,0.0,0.0,1.5219280948873621,0.43993588041692927
ailleurs,lemma,0,2,0,1,0,0,0,0,0,2,0,5,0.4,0.2,0.0,0.0,0.4,0.0,0.0,0.0,0.0,0.0,0.0,1.5219280948873621,0.43993588041692927
langue,word,0,2,0,0,0,0,0,2,0,0,1,5,0.4,0.0,0.4,0.0,0.0,0.2,0.0,0.0,0.0,0.0,0.0,1.5219280948873621,0.43993588041692927
génial,word,2,0,0,0,0,1,0,10,0,3,0,16,0.0,0.0,0.625,0.0,0.1875,0.0,0.125,0.0,0.0,0.0625,0.0,1.5016144718101818,0.4340639264902371
génial,lemma,2,0,0,0,0,1,0,10,0,3,0,16,0.0,0.0,0.625,0.0,0.1875,0.0,0.125,0.0,0.0,0.0625,0.0,1.5016144718101818,0.4340639264902371
regard,word,0,1,0,0,1,0,0,0,0,0,2,4,0.25,0.0,0.0,0.0,0.0,0.5,0.0,0.0,0.25,0.0,0.0,1.5,0.43359723947683176
juive,word,0,2,0,0,0,0,0,0,1,0,1,4,0.5,0.0,0.0,0.25,0.0,0.25,0.0,0.0,0.0,0.0,0.0,1.5,0.43359723947683176
loin,word,0,2,0,0,0,0,0,0,1,1,0,4,0.5,0.0,0.0,0.25,0.25,0.0,0.0,0.0,0.0,0.0,0.0,1.5,0.43359723947683176
disparaître,lemma,0,0,0,0,0,0,0,0,1,1,2,4,0.0,0.0,0.0,0.25,0.25,0.5,0.0,0.0,0.0,0.0,0.0,1.5,0.43359723947683176
quelle,word,1,1,0,0,0,0,0,2,0,0,0,4,0.25,0.0,0.5,0.0,0.0,0.0,0.25,0.0,0.0,0.0,0.0,1.5,0.43359723947683176
l'air,word,0,1,0,0,0,0,0,2,0,1,0,4,0.25,0.0,0.5,0.0,0.25,0.0,0.0,0.0,0.0,0.0,0.0,1.5,0.43359723947683176
lève,word,0,2,0,0,0,0,0,1,0,0,1,4,0.5,0.0,0.25,0.0,0.0,0.25,0.0,0.0,0.0,0.0,0.0,1.5,0.43359723947683176
jours,word,0,1,0,0,0,0,0,2,0,0,1,4,0.25,0.0,0.5,0.0,0.0,0.25,0.0,0.0,0.0,0.0,0.0,1.5,0.43359723947683176
loin,lemma,0,2,0,0,0,0,0,0,1,1,0,4,0.5,0.0,0.0,0.25,0.25,0.0,0.0,0.0,0.0,0.0,0.0,1.5,0.43359723947683176
important,word,1,0,0,0,0,2,0,1,0,0,0,4,0.0,0.0,0.25,0.0,0.0,0.0,0.25,0.0,0.0,0.5,0.0,1.5,0.43359723947683176
défense,lemma,0,2,0,0,0,0,0,0,0,1,1,4,0.5,0.0,0.0,0.0,0.25,0.25,0.0,0.0,0.0,0.0,0.0,1.5,0.43359723947683176
importer,lemma,0,2,0,1,0,0,0,0,1,0,0,4,0.5,0.25,0.0,0.25,0.0,0.0,0.0,0.0,0.0,0.0,0.0,1.5,0.43359723947683176
choc,lemma,0,1,0,0,0,0,0,0,1,2,0,4,0.25,0.0,0.0,0.25,0.5,0.0,0.0,0.0,0.0,0.0,0.0,1.5,0.43359723947683176
impressionné,word,2,0,0,0,0,0,0,0,1,1,0,4,0.0,0.0,0.0,0.25,0.25,0.0,0.5,0.0,0.0,0.0,0.0,1.5,0.43359723947683176
rester,lemma,0,2,0,0,0,0,0,1,1,0,0,4,0.5,0.0,0.25,0.25,0.0,0.0,0.0,0.0,0.0,0.0,0.0,1.5,0.43359723947683176
bille,lemma,0,0,0,0,0,1,0,1,0,0,2,4,0.0,0.0,0.25,0.0,0.0,0.5,0.0,0.0,0.0,0.25,0.0,1.5,0.43359723947683176
rejetés,word,0,1,0,0,0,0,0,0,1,0,2,4,0.25,0.0,0.0,0.25,0.0,0.5,0.0,0.0,0.0,0.0,0.0,1.5,0.43359723947683176
bonbons,word,1,0,0,0,0,0,0,1,0,2,0,4,0.0,0.0,0.25,0.0,0.5,0.0,0.25,0.0,0.0,0.0,0.0,1.5,0.43359723947683176
rat,lemma,0,1,0,0,1,0,0,0,0,0,2,4,0.25,0.0,0.0,0.0,0.0,0.5,0.0,0.0,0.25,0.0,0.0,1.5,0.43359723947683176
jeter,lemma,0,0,0,0,1,0,0,0,1,0,2,4,0.0,0.0,0.0,0.25,0.0,0.5,0.0,0.0,0.25,0.0,0.0,1.5,0.43359723947683176
pauvreté,word,0,1,0,0,0,0,0,0,2,0,1,4,0.25,0.0,0.0,0.5,0.0,0.25,0.0,0.0,0.0,0.0,0.0,1.5,0.43359723947683176
conditions,word,0,2,0,0,0,0,0,0,1,0,1,4,0.5,0.0,0.0,0.25,0.0,0.25,0.0,0.0,0.0,0.0,0.0,1.5,0.43359723947683176
billes,word,0,0,0,0,0,1,0,1,0,0,2,4,0.0,0.0,0.25,0.0,0.0,0.5,0.0,0.0,0.0,0.25,0.0,1.5,0.43359723947683176
vieux,lemma,0,2,0,0,1,0,0,0,0,1,0,4,0.5,0.0,0.0,0.0,0.25,0.0,0.0,0.0,0.25,0.0,0.0,1.5,0.43359723947683176
vécue,word,0,1,0,0,1,0,0,0,0,0,2,4,0.25,0.0,0.0,0.0,0.0,0.5,0.0,0.0,0.25,0.0,0.0,1.5,0.43359723947683176
petits,word,0,0,0,0,0,0,0,2,1,0,1,4,0.0,0.0,0.5,0.25,0.0,0.25,0.0,0.0,0.0,0.0,0.0,1.5,0.43359723947683176
choc,word,0,1,0,0,0,0,0,0,1,2,0,4,0.25,0.0,0.0,0.25,0.5,0.0,0.0,0.0,0.0,0.0,0.0,1.5,0.43359723947683176
morts,word,0,3,0,0,0,0,0,0,3,0,6,12,0.25,0.0,0.0,0.25,0.0,0.5,0.0,0.0,0.0,0.0,0.0,1.5,0.43359723947683176
mots,word,1,0,0,0,0,0,0,2,0,1,0,4,0.0,0.0,0.5,0.0,0.25,0.0,0.25,0.0,0.0,0.0,0.0,1.5,0.43359723947683176
devenir,word,0,0,0,0,0,0,0,2,1,0,1,4,0.0,0.0,0.5,0.25,0.0,0.25,0.0,0.0,0.0,0.0,0.0,1.5,0.43359723947683176
émotion,lemma,1,0,0,0,0,0,0,2,0,0,1,4,0.0,0.0,0.5,0.0,0.0,0.25,0.25,0.0,0.0,0.0,0.0,1.5,0.43359723947683176
aurait,word,0,2,0,0,0,0,0,0,1,1,0,4,0.5,0.0,0.0,0.25,0.25,0.0,0.0,0.0,0.0,0.0,0.0,1.5,0.43359723947683176
ailleurs,word,0,2,0,1,0,0,0,0,0,1,0,4,0.5,0.25,0.0,0.0,0.25,0.0,0.0,0.0,0.0,0.0,0.0,1.5,0.43359723947683176
graves,word,0,4,0,0,0,0,0,0,2,0,2,8,0.5,0.0,0.0,0.25,0.0,0.25,0.0,0.0,0.0,0.0,0.0,1.5,0.43359723947683176
agressé,lemma,0,1,0,0,0,0,0,0,2,0,1,4,0.25,0.0,0.0,0.5,0.0,0.25,0.0,0.0,0.0,0.0,0.0,1.5,0.43359723947683176
détruire,lemma,0,2,0,0,0,0,0,0,4,0,2,8,0.25,0.0,0.0,0.5,0.0,0.25,0.0,0.0,0.0,0.0,0.0,1.5,0.43359723947683176
noire,word,0,0,0,0,0,1,0,2,0,0,1,4,0.0,0.0,0.5,0.0,0.0,0.25,0.0,0.0,0.0,0.25,0.0,1.5,0.43359723947683176
cause,lemma,0,1,0,0,0,0,0,2,1,0,0,4,0.25,0.0,0.5,0.25,0.0,0.0,0.0,0.0,0.0,0.0,0.0,1.5,0.43359723947683176
agressés,word,0,1,0,0,0,0,0,0,2,0,1,4,0.25,0.0,0.0,0.5,0.0,0.25,0.0,0.0,0.0,0.0,0.0,1.5,0.43359723947683176
battu,word,0,0,0,0,0,1,0,2,0,1,0,4,0.0,0.0,0.5,0.0,0.25,0.0,0.0,0.0,0.0,0.25,0.0,1.5,0.43359723947683176
cause,word,0,1,0,0,0,0,0,2,1,0,0,4,0.25,0.0,0.5,0.25,0.0,0.0,0.0,0.0,0.0,0.0,0.0,1.5,0.43359723947683176
soleil,lemma,0,1,0,0,0,0,0,1,0,0,2,4,0.25,0.0,0.25,0.0,0.0,0.5,0.0,0.0,0.0,0.0,0.0,1.5,0.43359723947683176
soleil,word,0,1,0,0,0,0,0,1,0,0,2,4,0.25,0.0,0.25,0.0,0.0,0.5,0.0,0.0,0.0,0.0,0.0,1.5,0.43359723947683176
sortir,lemma,0,2,0,1,0,0,0,0,1,0,0,4,0.5,0.25,0.0,0.25,0.0,0.0,0.0,0.0,0.0,0.0,0.0,1.5,0.43359723947683176
souci,lemma,0,0,0,0,0,0,0,1,1,0,2,4,0.0,0.0,0.25,0.25,0.0,0.5,0.0,0.0,0.0,0.0,0.0,1.5,0.43359723947683176
effondrée,word,0,0,0,0,0,0,0,0,2,1,1,4,0.0,0.0,0.0,0.5,0.25,0.25,0.0,0.0,0.0,0.0,0.0,1.5,0.43359723947683176
torturer,lemma,0,1,0,0,0,0,0,0,2,0,1,4,0.25,0.0,0.0,0.5,0.0,0.25,0.0,0.0,0.0,0.0,0.0,1.5,0.43359723947683176
gagnent,word,0,1,0,0,0,1,0,2,0,0,0,4,0.25,0.0,0.5,0.0,0.0,0.0,0.0,0.0,0.0,0.25,0.0,1.5,0.43359723947683176
sent,word,0,0,0,0,0,0,0,2,1,0,1,4,0.0,0.0,0.5,0.25,0.0,0.25,0.0,0.0,0.0,0.0,0.0,1.5,0.43359723947683176
cri,lemma,0,1,0,0,0,0,0,0,2,1,0,4,0.25,0.0,0.0,0.5,0.25,0.0,0.0,0.0,0.0,0.0,0.0,1.5,0.43359723947683176
crie,word,0,2,0,0,0,0,0,1,1,0,0,4,0.5,0.0,0.25,0.25,0.0,0.0,0.0,0.0,0.0,0.0,0.0,1.5,0.43359723947683176
crise,lemma,0,1,0,0,0,0,0,0,2,0,1,4,0.25,0.0,0.0,0.5,0.0,0.25,0.0,0.0,0.0,0.0,0.0,1.5,0.43359723947683176
crise,word,0,1,0,0,0,0,0,0,2,0,1,4,0.25,0.0,0.0,0.5,0.0,0.25,0.0,0.0,0.0,0.0,0.0,1.5,0.43359723947683176
stage,lemma,0,0,0,0,0,0,0,2,1,0,1,4,0.0,0.0,0.5,0.25,0.0,0.25,0.0,0.0,0.0,0.0,0.0,1.5,0.43359723947683176
folle,word,0,1,0,0,0,0,0,2,0,1,0,4,0.25,0.0,0.5,0.0,0.25,0.0,0.0,0.0,0.0,0.0,0.0,1.5,0.43359723947683176
faudrait,word,0,1,0,0,0,0,0,0,1,0,2,4,0.25,0.0,0.0,0.25,0.0,0.5,0.0,0.0,0.0,0.0,0.0,1.5,0.43359723947683176
soeur,word,1,1,0,0,0,0,0,2,0,0,0,4,0.25,0.0,0.5,0.0,0.0,0.0,0.25,0.0,0.0,0.0,0.0,1.5,0.43359723947683176
excellent,lemma,2,0,0,0,0,1,0,0,0,1,0,4,0.0,0.0,0.0,0.0,0.25,0.0,0.5,0.0,0.0,0.25,0.0,1.5,0.43359723947683176
cru,word,0,2,0,0,0,0,0,0,0,1,1,4,0.5,0.0,0.0,0.0,0.25,0.25,0.0,0.0,0.0,0.0,0.0,1.5,0.43359723947683176
surtout,lemma,1,2,0,0,0,0,0,0,0,1,0,4,0.5,0.0,0.0,0.0,0.25,0.0,0.25,0.0,0.0,0.0,0.0,1.5,0.43359723947683176
surtout,word,1,2,0,0,0,0,0,0,0,1,0,4,0.5,0.0,0.0,0.0,0.25,0.0,0.25,0.0,0.0,0.0,0.0,1.5,0.43359723947683176
condamné,lemma,0,1,0,0,0,0,0,0,1,0,2,4,0.25,0.0,0.0,0.25,0.0,0.5,0.0,0.0,0.0,0.0,0.0,1.5,0.43359723947683176
condamné,word,0,2,0,0,0,0,0,0,1,0,1,4,0.5,0.0,0.0,0.25,0.0,0.25,0.0,0.0,0.0,0.0,0.0,1.5,0.43359723947683176
condition,lemma,0,2,0,0,0,0,0,0,1,0,1,4,0.5,0.0,0.0,0.25,0.0,0.25,0.0,0.0,0.0,0.0,0.0,1.5,0.43359723947683176
facile,word,0,0,0,0,1,0,0,1,0,0,2,4,0.0,0.0,0.25,0.0,0.0,0.5,0.0,0.0,0.25,0.0,0.0,1.5,0.43359723947683176
famille,lemma,0,2,0,0,0,0,0,4,0,0,2,8,0.25,0.0,0.5,0.0,0.0,0.25,0.0,0.0,0.0,0.0,0.0,1.5,0.43359723947683176
espionner,word,0,2,0,0,0,0,0,0,1,1,0,4,0.5,0.0,0.0,0.25,0.25,0.0,0.0,0.0,0.0,0.0,0.0,1.5,0.43359723947683176
baisser,lemma,0,0,0,0,1,0,0,0,2,0,1,4,0.0,0.0,0.0,0.5,0.0,0.25,0.0,0.0,0.25,0.0,0.0,1.5,0.43359723947683176
vivent,word,0,0,0,0,0,0,0,1,1,0,2,4,0.0,0.0,0.25,0.25,0.0,0.5,0.0,0.0,0.0,0.0,0.0,1.5,0.43359723947683176
écrier,lemma,0,1,0,0,0,0,0,2,0,1,0,4,0.25,0.0,0.5,0.0,0.25,0.0,0.0,0.0,0.0,0.0,0.0,1.5,0.43359723947683176
blessés,word,0,1,0,0,0,0,0,0,2,0,1,4,0.25,0.0,0.0,0.5,0.0,0.25,0.0,0.0,0.0,0.0,0.0,1.5,0.43359723947683176
arme,lemma,0,1,0,0,0,1,0,0,2,0,0,4,0.25,0.0,0.0,0.5,0.0,0.0,0.0,0.0,0.0,0.25,0.0,1.5,0.43359723947683176
acclamer,lemma,2,0,0,0,0,1,0,1,0,0,0,4,0.0,0.0,0.25,0.0,0.0,0.0,0.5,0.0,0.0,0.25,0.0,1.5,0.43359723947683176
choquante,lemma,0,4,0,0,0,0,0,0,3,7,0,14,0.2857142857142857,0.0,0.0,0.21428571428571427,0.5,0.0,0.0,0.0,0.0,0.0,0.0,1.4926140680171258,0.4314622263310065
choquantes,word,0,4,0,0,0,0,0,0,3,7,0,14,0.2857142857142857,0.0,0.0,0.21428571428571427,0.5,0.0,0.0,0.0,0.0,0.0,0.0,1.4926140680171258,0.4314622263310065
cher,lemma,0,7,0,0,0,1,0,0,2,0,1,11,0.6363636363636364,0.0,0.0,0.18181818181818182,0.0,0.09090909090909091,0.0,0.0,0.0,0.09090909090909091,0.0,1.4911148500551858,0.4310288551512257
super,lemma,3,0,0,0,0,0,0,5,0,2,0,10,0.0,0.0,0.5,0.0,0.2,0.0,0.3,0.0,0.0,0.0,0.0,1.4854752972273344,0.42939865879253225
super,word,3,0,0,0,0,0,0,5,0,2,0,10,0.0,0.0,0.5,0.0,0.2,0.0,0.3,0.0,0.0,0.0,0.0,1.4854752972273344,0.42939865879253225
problèmes,word,0,5,0,0,0,0,0,0,2,0,3,10,0.5,0.0,0.0,0.2,0.0,0.3,0.0,0.0,0.0,0.0,0.0,1.4854752972273344,0.42939865879253225
oh,word,0,0,0,0,0,0,0,6,1,10,1,18,0.0,0.0,0.3333333333333333,0.05555555555555555,0.5555555555555556,0.05555555555555555,0.0,0.0,0.0,0.0,0.0,1.4627552262645034,0.42283108542573145
oh,lemma,0,0,0,0,0,0,0,6,1,10,1,18,0.0,0.0,0.3333333333333333,0.05555555555555555,0.5555555555555556,0.05555555555555555,0.0,0.0,0.0,0.0,0.0,1.4627552262645034,0.42283108542573145
émerveiller,lemma,3,0,0,0,0,0,0,2,0,1,0,6,0.0,0.0,0.3333333333333333,0.0,0.16666666666666666,0.0,0.5,0.0,0.0,0.0,0.0,1.4591479170272448,0.42178833920758835
mauvaise,word,0,2,0,0,0,0,0,0,1,0,3,6,0.3333333333333333,0.0,0.0,0.16666666666666666,0.0,0.5,0.0,0.0,0.0,0.0,0.0,1.4591479170272448,0.42178833920758835
croit,word,0,3,0,0,0,0,0,2,0,1,0,6,0.5,0.0,0.3333333333333333,0.0,0.16666666666666666,0.0,0.0,0.0,0.0,0.0,0.0,1.4591479170272448,0.42178833920758835
prendre,word,0,3,0,0,0,0,0,0,2,0,1,6,0.5,0.0,0.0,0.3333333333333333,0.0,0.16666666666666666,0.0,0.0,0.0,0.0,0.0,1.4591479170272448,0.42178833920758835
embête,lemma,0,2,0,0,1,0,0,0,0,0,3,6,0.3333333333333333,0.0,0.0,0.0,0.0,0.5,0.0,0.0,0.16666666666666666,0.0,0.0,1.4591479170272448,0.42178833920758835
sexuel,lemma,0,0,0,0,1,0,0,0,3,0,2,6,0.0,0.0,0.0,0.5,0.0,0.3333333333333333,0.0,0.0,0.16666666666666666,0.0,0.0,1.4591479170272448,0.42178833920758835
champion,word,2,0,0,0,0,3,0,1,0,0,0,6,0.0,0.0,0.16666666666666666,0.0,0.0,0.0,0.3333333333333333,0.0,0.0,0.5,0.0,1.4591479170272448,0.42178833920758835
catastrophe,word,0,0,0,0,0,0,0,0,3,1,2,6,0.0,0.0,0.0,0.5,0.16666666666666666,0.3333333333333333,0.0,0.0,0.0,0.0,0.0,1.4591479170272446,0.4217883392075883
demander,lemma,0,3,0,0,0,0,0,1,2,0,0,6,0.5,0.0,0.16666666666666666,0.3333333333333333,0.0,0.0,0.0,0.0,0.0,0.0,0.0,1.4591479170272446,0.4217883392075883
agressions,word,0,0,0,0,2,0,0,0,3,0,1,6,0.0,0.0,0.0,0.5,0.0,0.16666666666666666,0.0,0.0,0.3333333333333333,0.0,0.0,1.4591479170272446,0.4217883392075883
remporter,lemma,0,0,0,0,0,7,0,18,0,2,2,29,0.0,0.0,0.6206896551724138,0.0,0.06896551724137931,0.06896551724137931,0.0,0.0,0.0,0.2413793103448276,0.0,1.454183254425336,0.42035322987484064
maison,word,0,0,0,0,0,0,0,0,3,1,3,7,0.0,0.0,0.0,0.42857142857142855,0.14285714285714285,0.42857142857142855,0.0,0.0,0.0,0.0,0.0,1.4488156357251847,0.4188016401075408
impressionnant,lemma,3,0,0,0,0,0,0,0,1,3,0,7,0.0,0.0,0.0,0.14285714285714285,0.42857142857142855,0.0,0.42857142857142855,0.0,0.0,0.0,0.0,1.4488156357251847,0.4188016401075408
mettre,word,0,3,0,0,0,0,0,1,3,0,0,7,0.42857142857142855,0.0,0.14285714285714285,0.42857142857142855,0.0,0.0,0.0,0.0,0.0,0.0,0.0,1.4488156357251847,0.4188016401075408
terroriste,lemma,0,3,0,0,0,0,0,0,3,0,1,7,0.42857142857142855,0.0,0.0,0.42857142857142855,0.0,0.14285714285714285,0.0,0.0,0.0,0.0,0.0,1.4488156357251847,0.4188016401075408
ferme,lemma,0,6,0,1,0,0,0,0,1,1,0,9,0.6666666666666666,0.1111111111111111,0.0,0.1111111111111111,0.1111111111111111,0.0,0.0,0.0,0.0,0.0,0.0,1.4466166676282082,0.4181659957765097
ferme,word,0,6,0,1,0,0,0,0,1,1,0,9,0.6666666666666666,0.1111111111111111,0.0,0.1111111111111111,0.1111111111111111,0.0,0.0,0.0,0.0,0.0,0.0,1.4466166676282082,0.4181659957765097
violences,word,0,4,0,0,0,0,0,0,10,0,4,18,0.2222222222222222,0.0,0.0,0.5555555555555556,0.0,0.2222222222222222,0.0,0.0,0.0,0.0,0.0,1.4355205042826666,0.4149584852462358
chasser,lemma,0,2,0,0,0,0,0,0,5,0,2,9,0.2222222222222222,0.0,0.0,0.5555555555555556,0.0,0.2222222222222222,0.0,0.0,0.0,0.0,0.0,1.4355205042826666,0.4149584852462358
idée,lemma,0,2,0,0,0,0,0,6,0,0,3,11,0.18181818181818182,0.0,0.5454545454545454,0.0,0.0,0.2727272727272727,0.0,0.0,0.0,0.0,0.0,1.4353713907745331,0.41491538177590553
pauvre,lemma,0,2,0,0,0,0,0,0,3,0,6,11,0.18181818181818182,0.0,0.0,0.2727272727272727,0.0,0.5454545454545454,0.0,0.0,0.0,0.0,0.0,1.4353713907745331,0.41491538177590553
contre,word,0,10,0,0,1,0,0,0,2,0,2,15,0.6666666666666666,0.0,0.0,0.13333333333333333,0.0,0.13333333333333333,0.0,0.0,0.06666666666666667,0.0,0.0,1.4256051990169438,0.4120923192517108
contre,lemma,0,8,0,0,1,0,0,0,1,0,2,12,0.6666666666666666,0.0,0.0,0.08333333333333333,0.0,0.16666666666666666,0.0,0.0,0.08333333333333333,0.0,0.0,1.4182958340544896,0.40997943893834493
laisser,lemma,0,8,0,0,0,1,0,0,2,0,1,12,0.6666666666666666,0.0,0.0,0.16666666666666666,0.0,0.08333333333333333,0.0,0.0,0.0,0.08333333333333333,0.0,1.4182958340544896,0.40997943893834493
renvoyer,lemma,0,1,0,0,0,0,0,0,4,0,3,8,0.125,0.0,0.0,0.5,0.0,0.375,0.0,0.0,0.0,0.0,0.0,1.4056390622295665,0.40632081138902837
personn,lemma,0,4,0,0,0,1,0,0,0,0,3,8,0.5,0.0,0.0,0.0,0.0,0.375,0.0,0.0,0.0,0.125,0.0,1.4056390622295665,0.40632081138902837
violence,lemma,0,8,0,0,0,0,0,0,15,0,4,27,0.2962962962962963,0.0,0.0,0.5555555555555556,0.0,0.14814814814814814,0.0,0.0,0.0,0.0,0.0,1.3992075416402177,0.4044616850069084
pris,word,0,0,0,1,0,0,0,0,4,2,0,7,0.0,0.14285714285714285,0.0,0.5714285714285714,0.2857142857142857,0.0,0.0,0.0,0.0,0.0,0.0,1.3787834934861753,0.39855781107455196
new,lemma,0,2,0,0,0,1,0,4,0,0,0,7,0.2857142857142857,0.0,0.5714285714285714,0.0,0.0,0.0,0.0,0.0,0.0,0.14285714285714285,0.0,1.3787834934861753,0.39855781107455196
cool,word,4,1,0,0,0,0,0,0,0,2,0,7,0.14285714285714285,0.0,0.0,0.0,0.2857142857142857,0.0,0.5714285714285714,0.0,0.0,0.0,0.0,1.3787834934861753,0.39855781107455196
cool,lemma,4,1,0,0,0,0,0,0,0,2,0,7,0.14285714285714285,0.0,0.0,0.0,0.2857142857142857,0.0,0.5714285714285714,0.0,0.0,0.0,0.0,1.3787834934861753,0.39855781107455196
rage,word,0,1,0,0,0,0,0,0,3,0,1,5,0.2,0.0,0.0,0.6,0.0,0.2,0.0,0.0,0.0,0.0,0.0,1.3709505944546687,0.39629359547644394
battre,lemma,0,3,0,0,0,0,0,1,1,0,0,5,0.6,0.0,0.2,0.2,0.0,0.0,0.0,0.0,0.0,0.0,0.0,1.3709505944546687,0.39629359547644394
problème,word,0,3,0,0,0,0,0,0,1,0,1,5,0.6,0.0,0.0,0.2,0.0,0.2,0.0,0.0,0.0,0.0,0.0,1.3709505944546687,0.39629359547644394
manquer,lemma,0,1,0,0,0,0,0,0,1,0,3,5,0.2,0.0,0.0,0.2,0.0,0.6,0.0,0.0,0.0,0.0,0.0,1.3709505944546687,0.39629359547644394
place,lemma,0,3,0,0,0,1,0,0,0,0,1,5,0.6,0.0,0.0,0.0,0.0,0.2,0.0,0.0,0.0,0.2,0.0,1.3709505944546687,0.39629359547644394
rage,lemma,0,1,0,0,0,0,0,0,3,0,1,5,0.2,0.0,0.0,0.6,0.0,0.2,0.0,0.0,0.0,0.0,0.0,1.3709505944546687,0.39629359547644394
maltraités,word,0,0,0,0,0,0,0,0,1,1,3,5,0.0,0.0,0.0,0.2,0.2,0.6,0.0,0.0,0.0,0.0,0.0,1.3709505944546687,0.39629359547644394
quitté,word,0,1,0,0,0,0,0,0,3,0,1,5,0.2,0.0,0.0,0.6,0.0,0.2,0.0,0.0,0.0,0.0,0.0,1.3709505944546687,0.39629359547644394
bravo,word,1,1,0,0,0,3,0,0,0,0,0,5,0.2,0.0,0.0,0.0,0.0,0.0,0.2,0.0,0.0,0.6,0.0,1.3709505944546687,0.39629359547644394
pollution,word,0,1,0,0,0,0,0,0,3,0,1,5,0.2,0.0,0.0,0.6,0.0,0.2,0.0,0.0,0.0,0.0,0.0,1.3709505944546687,0.39629359547644394
»,punctuation,0,1,0,0,1,0,0,0,3,0,0,5,0.2,0.0,0.0,0.6,0.0,0.0,0.0,0.0,0.2,0.0,0.0,1.3709505944546687,0.39629359547644394
«,punctuation,0,1,0,0,1,0,0,0,3,0,0,5,0.2,0.0,0.0,0.6,0.0,0.0,0.0,0.0,0.2,0.0,0.0,1.3709505944546687,0.39629359547644394
gronder,lemma,0,3,0,0,0,0,0,0,1,0,1,5,0.6,0.0,0.0,0.2,0.0,0.2,0.0,0.0,0.0,0.0,0.0,1.3709505944546687,0.39629359547644394
s'est,word,0,0,0,1,1,0,0,3,0,0,0,5,0.0,0.2,0.6,0.0,0.0,0.0,0.0,0.0,0.2,0.0,0.0,1.3709505944546687,0.39629359547644394
gêner,lemma,0,1,0,1,3,0,0,0,0,0,0,5,0.2,0.2,0.0,0.0,0.0,0.0,0.0,0.0,0.6,0.0,0.0,1.3709505944546687,0.39629359547644394
danseuse,word,1,0,0,0,0,1,0,3,0,0,0,5,0.0,0.0,0.6,0.0,0.0,0.0,0.2,0.0,0.0,0.2,0.0,1.3709505944546687,0.39629359547644394
embête,word,0,1,0,0,1,0,0,0,0,0,3,5,0.2,0.0,0.0,0.0,0.0,0.6,0.0,0.0,0.2,0.0,0.0,1.3709505944546687,0.39629359547644394
sexuelles,word,0,0,0,0,1,0,0,0,3,0,1,5,0.0,0.0,0.0,0.6,0.0,0.2,0.0,0.0,0.2,0.0,0.0,1.3709505944546687,0.39629359547644394
forcer,lemma,0,1,0,0,0,0,0,0,1,0,3,5,0.2,0.0,0.0,0.2,0.0,0.6,0.0,0.0,0.0,0.0,0.0,1.3709505944546687,0.39629359547644394
réduire,lemma,0,1,0,0,0,0,0,0,1,0,3,5,0.2,0.0,0.0,0.2,0.0,0.6,0.0,0.0,0.0,0.0,0.0,1.3709505944546687,0.39629359547644394
harcèlemer,lemma,0,1,0,0,0,0,0,0,3,0,1,5,0.2,0.0,0.0,0.6,0.0,0.2,0.0,0.0,0.0,0.0,0.0,1.3709505944546687,0.39629359547644394
harceler,lemma,0,2,0,0,2,0,0,0,0,0,6,10,0.2,0.0,0.0,0.0,0.0,0.6,0.0,0.0,0.2,0.0,0.0,1.3709505944546687,0.39629359547644394
trouvé,word,0,0,0,0,0,1,0,3,1,0,0,5,0.0,0.0,0.6,0.2,0.0,0.0,0.0,0.0,0.0,0.2,0.0,1.3709505944546687,0.39629359547644394
chassés,word,0,1,0,0,0,0,0,0,3,0,1,5,0.2,0.0,0.0,0.6,0.0,0.2,0.0,0.0,0.0,0.0,0.0,1.3709505944546687,0.39629359547644394
regarder,lemma,0,3,0,0,0,0,0,1,1,0,0,5,0.6,0.0,0.2,0.2,0.0,0.0,0.0,0.0,0.0,0.0,0.0,1.3709505944546687,0.39629359547644394
pd,lemma,0,3,0,1,1,0,0,0,0,0,0,5,0.6,0.2,0.0,0.0,0.0,0.0,0.0,0.0,0.2,0.0,0.0,1.3709505944546687,0.39629359547644394
blagu,lemma,0,3,0,1,0,0,0,0,0,1,0,5,0.6,0.2,0.0,0.0,0.2,0.0,0.0,0.0,0.0,0.0,0.0,1.3709505944546687,0.39629359547644394
pd,word,0,3,0,1,1,0,0,0,0,0,0,5,0.6,0.2,0.0,0.0,0.0,0.0,0.0,0.0,0.2,0.0,0.0,1.3709505944546687,0.39629359547644394
maltraité,lemma,0,0,0,0,0,0,0,0,1,1,3,5,0.0,0.0,0.0,0.2,0.2,0.6,0.0,0.0,0.0,0.0,0.0,1.3709505944546687,0.39629359547644394
bravo,lemma,1,1,0,0,0,3,0,0,0,0,0,5,0.2,0.0,0.0,0.0,0.0,0.0,0.2,0.0,0.0,0.6,0.0,1.3709505944546687,0.39629359547644394
mariage,lemma,0,0,0,0,0,0,0,3,0,1,1,5,0.0,0.0,0.6,0.0,0.2,0.2,0.0,0.0,0.0,0.0,0.0,1.3709505944546687,0.39629359547644394
marier,lemma,0,0,0,0,0,0,0,3,0,1,1,5,0.0,0.0,0.6,0.0,0.2,0.2,0.0,0.0,0.0,0.0,0.0,1.3709505944546687,0.39629359547644394
moquer,word,0,0,0,1,3,0,0,0,1,0,0,5,0.0,0.2,0.0,0.2,0.0,0.0,0.0,0.0,0.6,0.0,0.0,1.3709505944546687,0.39629359547644394
tués,word,0,1,0,0,0,0,0,0,5,0,4,10,0.1,0.0,0.0,0.5,0.0,0.4,0.0,0.0,0.0,0.0,0.0,1.360964047443681,0.39340683599919735
savoir,lemma,0,7,0,0,1,0,0,1,1,0,0,10,0.7,0.0,0.1,0.1,0.0,0.0,0.0,0.0,0.1,0.0,0.0,1.3567796494470397,0.3921972737190533
aise,lemma,0,0,0,0,5,0,0,3,1,0,0,9,0.0,0.0,0.3333333333333333,0.1111111111111111,0.0,0.0,0.0,0.0,0.5555555555555556,0.0,0.0,1.3516441151533924,0.3907127713904106
drôle,word,0,2,0,0,0,0,0,16,0,23,1,42,0.047619047619047616,0.0,0.38095238095238093,0.0,0.5476190476190477,0.023809523809523808,0.0,0.0,0.0,0.0,0.0,1.3437001611284913,0.3884164536999253
meilleur,word,1,0,0,0,0,6,0,5,0,0,0,12,0.0,0.0,0.4166666666666667,0.0,0.0,0.0,0.08333333333333333,0.0,0.0,0.5,0.0,1.3250112108241772,0.38301413552614505
merci,word,0,1,0,0,0,4,0,6,0,0,0,11,0.09090909090909091,0.0,0.5454545454545454,0.0,0.0,0.0,0.0,0.0,0.0,0.36363636363636365,0.0,1.3221793455166666,0.3821955428728739
merci,lemma,0,1,0,0,0,4,0,6,0,0,0,11,0.09090909090909091,0.0,0.5454545454545454,0.0,0.0,0.0,0.0,0.0,0.0,0.36363636363636365,0.0,1.3221793455166666,0.3821955428728739
pleuré,word,0,0,0,0,0,0,0,1,4,0,6,11,0.0,0.0,0.09090909090909091,0.36363636363636365,0.0,0.5454545454545454,0.0,0.0,0.0,0.0,0.0,1.3221793455166666,0.3821955428728739
drôle,lemma,0,2,0,0,0,0,0,18,0,26,1,47,0.0425531914893617,0.0,0.3829787234042553,0.0,0.5531914893617021,0.02127659574468085,0.0,0.0,0.0,0.0,0.0,1.3147998581110412,0.38006239262765174
idée,word,0,2,0,0,0,0,0,7,0,0,2,11,0.18181818181818182,0.0,0.6363636363636364,0.0,0.0,0.18181818181818182,0.0,0.0,0.0,0.0,0.0,1.3092966682370037,0.3784716140025187
gagner,lemma,1,1,0,0,0,11,0,18,0,0,0,31,0.03225806451612903,0.0,0.5806451612903226,0.0,0.0,0.0,0.03225806451612903,0.0,0.0,0.3548387096774194,0.0,1.30540928358133,0.3773479078321956
persécutés,word,0,1,0,0,0,0,0,0,5,0,2,8,0.125,0.0,0.0,0.625,0.0,0.25,0.0,0.0,0.0,0.0,0.0,1.2987949406953985,0.3754359339546668
jusqu,word,2,0,0,0,0,0,0,1,0,5,0,8,0.0,0.0,0.125,0.0,0.625,0.0,0.25,0.0,0.0,0.0,0.0,1.2987949406953985,0.3754359339546668
t'es,word,0,5,0,2,0,0,0,0,0,0,1,8,0.625,0.25,0.0,0.0,0.0,0.125,0.0,0.0,0.0,0.0,0.0,1.2987949406953985,0.3754359339546668
meurent,word,0,1,0,0,0,0,0,0,5,0,2,8,0.125,0.0,0.0,0.625,0.0,0.25,0.0,0.0,0.0,0.0,0.0,1.2987949406953985,0.3754359339546668
rejeter,lemma,0,1,0,0,0,0,0,0,2,0,5,8,0.125,0.0,0.0,0.25,0.0,0.625,0.0,0.0,0.0,0.0,0.0,1.2987949406953985,0.3754359339546668
qu'on,word,0,5,0,0,0,0,0,1,0,0,2,8,0.625,0.0,0.125,0.0,0.0,0.25,0.0,0.0,0.0,0.0,0.0,1.2987949406953985,0.3754359339546668
gens,lemma,0,6,0,1,0,0,0,0,0,0,3,10,0.6,0.1,0.0,0.0,0.0,0.3,0.0,0.0,0.0,0.0,0.0,1.295461844238322,0.3744724530062012
terroristes,word,0,3,0,0,0,0,0,0,6,0,1,10,0.3,0.0,0.0,0.6,0.0,0.1,0.0,0.0,0.0,0.0,0.0,1.295461844238322,0.3744724530062012
gens,word,0,6,0,1,0,0,0,0,0,0,3,10,0.6,0.1,0.0,0.0,0.0,0.3,0.0,0.0,0.0,0.0,0.0,1.295461844238322,0.3744724530062012
attentats,word,0,2,0,0,0,0,0,0,9,0,3,14,0.14285714285714285,0.0,0.0,0.6428571428571429,0.0,0.21428571428571427,0.0,0.0,0.0,0.0,0.0,1.287054028118727,0.37204204909987776
beau,lemma,3,0,0,0,0,2,0,9,0,0,0,14,0.0,0.0,0.6428571428571429,0.0,0.0,0.0,0.21428571428571427,0.0,0.0,0.14285714285714285,0.0,1.2870540281187268,0.3720420490998777
horrible,lemma,0,0,0,1,0,0,0,0,7,0,7,15,0.0,0.06666666666666667,0.0,0.4666666666666667,0.0,0.4666666666666667,0.0,0.0,0.0,0.0,0.0,1.2866926683547546,0.3719375927024668
violence,word,0,4,0,0,0,0,0,0,7,0,1,12,0.3333333333333333,0.0,0.0,0.5833333333333334,0.0,0.08333333333333333,0.0,0.0,0.0,0.0,0.0,1.2806721295208872,0.3701972666901148
guerre,lemma,0,8,0,0,0,0,0,0,24,0,5,37,0.21621621621621623,0.0,0.0,0.6486486486486487,0.0,0.13513513513513514,0.0,0.0,0.0,0.0,0.0,1.2730009199061239,0.36797978981517515
terrible,word,0,0,0,0,1,0,0,0,6,0,8,15,0.0,0.0,0.0,0.4,0.0,0.5333333333333333,0.0,0.0,0.06666666666666667,0.0,0.0,1.272905595320056,0.3679522348302597
meilleur,lemma,1,0,0,0,0,8,0,7,0,0,0,16,0.0,0.0,0.4375,0.0,0.0,0.0,0.0625,0.0,0.0,0.5,0.0,1.271782221599798,0.36762750700092317
champion,lemma,1,0,0,0,0,8,0,7,0,0,0,16,0.0,0.0,0.4375,0.0,0.0,0.0,0.0625,0.0,0.0,0.5,0.0,1.271782221599798,0.36762750700092317
terrible,lemma,0,0,0,0,1,0,0,0,8,0,8,17,0.0,0.0,0.0,0.47058823529411764,0.0,0.47058823529411764,0.0,0.0,0.058823529411764705,0.0,0.0,1.2639334294856335,0.365358697271637
punir,word,0,4,0,0,0,0,0,0,1,0,1,6,0.6666666666666666,0.0,0.0,0.16666666666666666,0.0,0.16666666666666666,0.0,0.0,0.0,0.0,0.0,1.2516291673878228,0.36180196788536356
amour,word,0,0,0,1,0,0,0,4,0,1,0,6,0.0,0.16666666666666666,0.6666666666666666,0.0,0.16666666666666666,0.0,0.0,0.0,0.0,0.0,0.0,1.2516291673878228,0.36180196788536356
moquer,lemma,0,0,0,1,4,0,0,0,1,0,0,6,0.0,0.16666666666666666,0.0,0.16666666666666666,0.0,0.0,0.0,0.0,0.6666666666666666,0.0,0.0,1.2516291673878228,0.36180196788536356
prestigieux,lemma,4,0,0,0,0,1,0,1,0,0,0,6,0.0,0.0,0.16666666666666666,0.0,0.0,0.0,0.6666666666666666,0.0,0.0,0.16666666666666666,0.0,1.2516291673878228,0.36180196788536356
conséquences,word,0,1,0,0,0,0,0,0,4,0,1,6,0.16666666666666666,0.0,0.0,0.6666666666666666,0.0,0.16666666666666666,0.0,0.0,0.0,0.0,0.0,1.2516291673878228,0.36180196788536356
arrêté,word,0,4,0,0,0,0,0,0,1,0,1,6,0.6666666666666666,0.0,0.0,0.16666666666666666,0.0,0.16666666666666666,0.0,0.0,0.0,0.0,0.0,1.2516291673878228,0.36180196788536356
dur,word,0,2,0,0,2,0,0,0,0,0,8,12,0.16666666666666666,0.0,0.0,0.0,0.0,0.6666666666666666,0.0,0.0,0.16666666666666666,0.0,0.0,1.2516291673878228,0.36180196788536356
famille,word,0,1,0,0,0,0,0,4,0,0,1,6,0.16666666666666666,0.0,0.6666666666666666,0.0,0.0,0.16666666666666666,0.0,0.0,0.0,0.0,0.0,1.2516291673878228,0.36180196788536356
attaques,word,0,1,0,0,0,0,0,0,4,0,1,6,0.16666666666666666,0.0,0.0,0.6666666666666666,0.0,0.16666666666666666,0.0,0.0,0.0,0.0,0.0,1.2516291673878228,0.36180196788536356
détruire,word,0,1,0,0,0,0,0,0,4,0,1,6,0.16666666666666666,0.0,0.0,0.6666666666666666,0.0,0.16666666666666666,0.0,0.0,0.0,0.0,0.0,1.2516291673878228,0.36180196788536356
trouver,word,0,0,0,0,1,0,0,0,4,0,1,6,0.0,0.0,0.0,0.6666666666666666,0.0,0.16666666666666666,0.0,0.0,0.16666666666666666,0.0,0.0,1.2516291673878228,0.36180196788536356
violentes,word,0,1,0,0,0,0,0,0,4,0,1,6,0.16666666666666666,0.0,0.0,0.6666666666666666,0.0,0.16666666666666666,0.0,0.0,0.0,0.0,0.0,1.2516291673878228,0.36180196788536356
dictature,lemma,0,1,0,0,0,0,0,0,4,0,1,6,0.16666666666666666,0.0,0.0,0.6666666666666666,0.0,0.16666666666666666,0.0,0.0,0.0,0.0,0.0,1.2516291673878228,0.36180196788536356
dictature,word,0,1,0,0,0,0,0,0,4,0,1,6,0.16666666666666666,0.0,0.0,0.6666666666666666,0.0,0.16666666666666666,0.0,0.0,0.0,0.0,0.0,1.2516291673878228,0.36180196788536356
mourir,lemma,0,1,0,0,0,0,0,0,9,0,9,19,0.05263157894736842,0.0,0.0,0.47368421052631576,0.0,0.47368421052631576,0.0,0.0,0.0,0.0,0.0,1.2448406699719212,0.3598396520588766
beau,word,3,0,0,0,0,2,0,10,0,0,0,15,0.0,0.0,0.6666666666666666,0.0,0.0,0.0,0.2,0.0,0.0,0.13333333333333333,0.0,1.2419460322060458,0.35900291409583057
attaqué,word,0,8,0,0,0,0,0,0,4,0,1,13,0.6153846153846154,0.0,0.0,0.3076923076923077,0.0,0.07692307692307693,0.0,0.0,0.0,0.0,0.0,1.2389012566026305,0.3581227765648524
porc,word,0,2,0,6,0,0,0,0,0,1,0,9,0.2222222222222222,0.6666666666666666,0.0,0.0,0.1111111111111111,0.0,0.0,0.0,0.0,0.0,0.0,1.224394445405986,0.35392936770586797
pourquoi,word,0,6,0,0,0,0,0,0,0,1,2,9,0.6666666666666666,0.0,0.0,0.0,0.1111111111111111,0.2222222222222222,0.0,0.0,0.0,0.0,0.0,1.224394445405986,0.35392936770586797
porc,lemma,0,2,0,6,0,0,0,0,0,1,0,9,0.2222222222222222,0.6666666666666666,0.0,0.0,0.1111111111111111,0.0,0.0,0.0,0.0,0.0,0.0,1.224394445405986,0.35392936770586797
guerre,word,0,8,0,0,0,0,0,0,24,0,4,36,0.2222222222222222,0.0,0.0,0.6666666666666666,0.0,0.1111111111111111,0.0,0.0,0.0,0.0,0.0,1.224394445405986,0.35392936770586797
pourquoi,lemma,0,6,0,0,0,0,0,0,0,1,2,9,0.6666666666666666,0.0,0.0,0.0,0.1111111111111111,0.2222222222222222,0.0,0.0,0.0,0.0,0.0,1.224394445405986,0.35392936770586797
insulter,lemma,0,11,0,0,11,0,0,0,0,0,1,23,0.4782608695652174,0.0,0.0,0.0,0.0,0.043478260869565216,0.0,0.0,0.4782608695652174,0.0,0.0,1.21454040779525,0.3510809120353906
grosse,word,0,10,0,5,0,1,0,0,0,0,0,16,0.625,0.3125,0.0,0.0,0.0,0.0,0.0,0.0,0.0,0.0625,0.0,1.198192411043098,0.3463552811935844
attaquer,lemma,0,10,0,0,0,0,0,0,13,0,1,24,0.4166666666666667,0.0,0.0,0.5416666666666666,0.0,0.041666666666666664,0.0,0.0,0.0,0.0,0.0,1.1964209471916636,0.34584321330304113
attentat,lemma,0,3,0,0,0,0,0,0,8,0,1,12,0.25,0.0,0.0,0.6666666666666666,0.0,0.08333333333333333,0.0,0.0,0.0,0.0,0.0,1.188721875540867,0.3436176824934946
gagné,word,1,0,0,0,0,8,0,14,0,0,0,23,0.0,0.0,0.6086956521739131,0.0,0.0,0.0,0.043478260869565216,0.0,0.0,0.34782608695652173,0.0,1.1625633078480364,0.33605616066664185
…,punctuation,1,8,0,0,24,0,1,2,6,228,16,286,0.027972027972027972,0.0,0.006993006993006993,0.02097902097902098,0.7972027972027972,0.055944055944055944,0.0034965034965034965,0.0,0.08391608391608392,0.0,0.0034965034965034965,1.1618021121238584,0.3358361257568384
respecter,lemma,2,7,0,1,0,0,0,0,0,0,0,10,0.7,0.1,0.0,0.0,0.0,0.0,0.2,0.0,0.0,0.0,0.0,1.1567796494470395,0.3343843084554757
d'accord,word,0,7,0,0,0,0,0,2,1,0,0,10,0.7,0.0,0.2,0.1,0.0,0.0,0.0,0.0,0.0,0.0,0.0,1.1567796494470395,0.3343843084554757
merveilleux,lemma,5,0,0,0,0,0,0,1,0,1,0,7,0.0,0.0,0.14285714285714285,0.0,0.14285714285714285,0.0,0.7142857142857143,0.0,0.0,0.0,0.0,1.1488348542809166,0.33208774762064913
supporter,lemma,0,5,0,0,1,0,0,0,0,0,1,7,0.7142857142857143,0.0,0.0,0.0,0.0,0.14285714285714285,0.0,0.0,0.14285714285714285,0.0,0.0,1.1488348542809166,0.33208774762064913
julien,word,0,5,0,1,0,0,0,1,0,0,0,7,0.7142857142857143,0.14285714285714285,0.14285714285714285,0.0,0.0,0.0,0.0,0.0,0.0,0.0,0.0,1.1488348542809166,0.33208774762064913
persécuté,lemma,0,1,0,0,0,0,0,0,5,0,1,7,0.14285714285714285,0.0,0.0,0.7142857142857143,0.0,0.14285714285714285,0.0,0.0,0.0,0.0,0.0,1.1488348542809166,0.33208774762064913
mariage,word,0,0,0,0,0,0,0,5,0,1,1,7,0.0,0.0,0.7142857142857143,0.0,0.14285714285714285,0.14285714285714285,0.0,0.0,0.0,0.0,0.0,1.1488348542809166,0.33208774762064913
rue,word,0,5,0,0,0,0,0,1,0,0,1,7,0.7142857142857143,0.0,0.14285714285714285,0.0,0.0,0.14285714285714285,0.0,0.0,0.0,0.0,0.0,1.1488348542809166,0.33208774762064913
julien,lemma,0,5,0,1,0,0,0,1,0,0,0,7,0.7142857142857143,0.14285714285714285,0.14285714285714285,0.0,0.0,0.0,0.0,0.0,0.0,0.0,0.0,1.1488348542809166,0.33208774762064913
arme,word,0,1,0,0,0,1,0,0,5,0,0,7,0.14285714285714285,0.0,0.0,0.7142857142857143,0.0,0.0,0.0,0.0,0.0,0.14285714285714285,0.0,1.1488348542809166,0.33208774762064913
bel,lemma,1,0,0,0,0,1,0,5,0,0,0,7,0.0,0.0,0.7142857142857143,0.0,0.0,0.0,0.14285714285714285,0.0,0.0,0.14285714285714285,0.0,1.1488348542809166,0.33208774762064913
attaque,lemma,0,1,0,0,0,0,0,0,5,0,1,7,0.14285714285714285,0.0,0.0,0.7142857142857143,0.0,0.14285714285714285,0.0,0.0,0.0,0.0,0.0,1.1488348542809166,0.33208774762064913
merveilleux,word,5,0,0,0,0,0,0,1,0,1,0,7,0.0,0.0,0.14285714285714285,0.0,0.14285714285714285,0.0,0.7142857142857143,0.0,0.0,0.0,0.0,1.1488348542809166,0.33208774762064913
occuper,lemma,0,5,0,1,0,0,0,0,0,0,1,7,0.7142857142857143,0.14285714285714285,0.0,0.0,0.0,0.14285714285714285,0.0,0.0,0.0,0.0,0.0,1.1488348542809166,0.33208774762064913
partir,lemma,0,0,0,0,0,0,0,1,1,0,5,7,0.0,0.0,0.14285714285714285,0.14285714285714285,0.0,0.7142857142857143,0.0,0.0,0.0,0.0,0.0,1.1488348542809166,0.33208774762064913
suffit,word,0,5,0,0,0,0,0,1,0,0,1,7,0.7142857142857143,0.0,0.14285714285714285,0.0,0.0,0.14285714285714285,0.0,0.0,0.0,0.0,0.0,1.1488348542809166,0.33208774762064913
ca,lemma,0,5,0,1,0,0,0,0,0,0,1,7,0.7142857142857143,0.14285714285714285,0.0,0.0,0.0,0.14285714285714285,0.0,0.0,0.0,0.0,0.0,1.1488348542809166,0.33208774762064913
ca,word,0,5,0,1,0,0,0,0,0,0,1,7,0.7142857142857143,0.14285714285714285,0.0,0.0,0.0,0.14285714285714285,0.0,0.0,0.0,0.0,0.0,1.1488348542809166,0.33208774762064913
pleurer,lemma,0,0,0,0,0,0,0,4,9,0,32,45,0.0,0.0,0.08888888888888889,0.2,0.0,0.7111111111111111,0.0,0.0,0.0,0.0,0.0,1.1245347627078788,0.3250634458705802
rue,lemma,0,8,0,0,0,0,0,2,0,0,1,11,0.7272727272727273,0.0,0.18181818181818182,0.0,0.0,0.09090909090909091,0.0,0.0,0.0,0.0,0.0,1.0957952550009336,0.31675586506681047
danser,lemma,0,0,0,0,1,1,0,6,0,0,0,8,0.0,0.0,0.75,0.0,0.0,0.0,0.0,0.0,0.125,0.125,0.0,1.061278124459133,0.30677817672175306
arrêter,word,0,6,0,1,0,0,0,0,0,0,1,8,0.75,0.125,0.0,0.0,0.0,0.125,0.0,0.0,0.0,0.0,0.0,1.061278124459133,0.30677817672175306
révolter,lemma,0,6,0,0,0,0,0,0,1,0,1,8,0.75,0.0,0.0,0.125,0.0,0.125,0.0,0.0,0.0,0.0,0.0,1.061278124459133,0.30677817672175306
amour,lemma,0,0,0,1,0,0,0,6,0,1,0,8,0.0,0.125,0.75,0.0,0.125,0.0,0.0,0.0,0.0,0.0,0.0,1.061278124459133,0.30677817672175306
laisser,word,0,6,0,0,0,1,0,0,0,0,1,8,0.75,0.0,0.0,0.0,0.0,0.125,0.0,0.0,0.0,0.125,0.0,1.061278124459133,0.30677817672175306
sûr,lemma,0,0,0,0,0,0,0,6,0,1,1,8,0.0,0.0,0.75,0.0,0.125,0.125,0.0,0.0,0.0,0.0,0.0,1.061278124459133,0.30677817672175306
sûr,word,0,0,0,0,0,0,0,6,0,1,1,8,0.0,0.0,0.75,0.0,0.125,0.125,0.0,0.0,0.0,0.0,0.0,1.061278124459133,0.30677817672175306
insulte,lemma,0,6,0,0,17,0,0,0,1,0,0,24,0.25,0.0,0.0,0.041666666666666664,0.0,0.0,0.0,0.0,0.7083333333333334,0.0,0.0,1.0434356963218767,0.3016205583311677
s'en,word,0,9,0,1,0,0,0,0,2,0,0,12,0.75,0.08333333333333333,0.0,0.16666666666666666,0.0,0.0,0.0,0.0,0.0,0.0,0.0,1.0408520829727552,0.3008737265871313
deuxième,word,0,0,0,0,0,2,0,2,0,0,0,4,0.0,0.0,0.5,0.0,0.0,0.0,0.0,0.0,0.0,0.5,0.0,1.0,0.2890648263178879
élire,lemma,0,0,0,0,0,2,0,2,0,0,0,4,0.0,0.0,0.5,0.0,0.0,0.0,0.0,0.0,0.0,0.5,0.0,1.0,0.2890648263178879
piles,word,0,0,0,0,0,0,0,0,4,0,4,8,0.0,0.0,0.0,0.5,0.0,0.5,0.0,0.0,0.0,0.0,0.0,1.0,0.2890648263178879
frustrant,word,0,2,0,0,0,0,0,0,0,0,2,4,0.5,0.0,0.0,0.0,0.0,0.5,0.0,0.0,0.0,0.0,0.0,1.0,0.2890648263178879
gagne,word,0,0,0,0,0,3,0,3,0,0,0,6,0.0,0.0,0.5,0.0,0.0,0.0,0.0,0.0,0.0,0.5,0.0,1.0,0.2890648263178879
élue,word,0,0,0,0,0,2,0,2,0,0,0,4,0.0,0.0,0.5,0.0,0.0,0.0,0.0,0.0,0.0,0.5,0.0,1.0,0.2890648263178879
voulaient,word,0,2,0,0,0,0,0,0,0,0,2,4,0.5,0.0,0.0,0.0,0.0,0.5,0.0,0.0,0.0,0.0,0.0,1.0,0.2890648263178879
point,word,0,0,0,0,0,0,0,0,0,2,2,4,0.0,0.0,0.0,0.0,0.5,0.5,0.0,0.0,0.0,0.0,0.0,1.0,0.2890648263178879
merd,lemma,0,2,0,2,0,0,0,0,0,0,0,4,0.5,0.5,0.0,0.0,0.0,0.0,0.0,0.0,0.0,0.0,0.0,1.0,0.2890648263178879
emprisonné,word,0,0,0,0,0,0,0,0,2,0,2,4,0.0,0.0,0.0,0.5,0.0,0.5,0.0,0.0,0.0,0.0,0.0,1.0,0.2890648263178879
enfermés,word,0,0,0,0,0,0,0,0,2,0,2,4,0.0,0.0,0.0,0.5,0.0,0.5,0.0,0.0,0.0,0.0,0.0,1.0,0.2890648263178879
déposer,lemma,0,2,0,0,0,0,0,0,0,0,2,4,0.5,0.0,0.0,0.0,0.0,0.5,0.0,0.0,0.0,0.0,0.0,1.0,0.2890648263178879
deuxième,lemma,0,0,0,0,0,2,0,2,0,0,0,4,0.0,0.0,0.5,0.0,0.0,0.0,0.0,0.0,0.0,0.5,0.0,1.0,0.2890648263178879
enfant,lemma,0,0,0,0,0,0,0,4,4,0,0,8,0.0,0.0,0.5,0.5,0.0,0.0,0.0,0.0,0.0,0.0,0.0,1.0,0.2890648263178879
nobel,word,0,0,0,0,0,2,0,2,0,0,0,4,0.0,0.0,0.5,0.0,0.0,0.0,0.0,0.0,0.0,0.5,0.0,1.0,0.2890648263178879
préoccuper,lemma,0,2,0,0,0,0,0,0,2,0,0,4,0.5,0.0,0.0,0.5,0.0,0.0,0.0,0.0,0.0,0.0,0.0,1.0,0.2890648263178879
punir,lemma,0,2,0,0,0,0,0,0,2,0,0,4,0.5,0.0,0.0,0.5,0.0,0.0,0.0,0.0,0.0,0.0,0.0,1.0,0.2890648263178879
détruite,lemma,0,0,0,0,0,0,0,0,2,0,2,4,0.0,0.0,0.0,0.5,0.0,0.5,0.0,0.0,0.0,0.0,0.0,1.0,0.2890648263178879
médaille,word,0,0,0,0,0,5,0,5,0,0,0,10,0.0,0.0,0.5,0.0,0.0,0.0,0.0,0.0,0.0,0.5,0.0,1.0,0.2890648263178879
aucune,word,0,2,0,0,0,0,0,0,0,0,2,4,0.5,0.0,0.0,0.0,0.0,0.5,0.0,0.0,0.0,0.0,0.0,1.0,0.2890648263178879
eau,lemma,0,0,0,0,0,0,0,0,2,0,2,4,0.0,0.0,0.0,0.5,0.0,0.5,0.0,0.0,0.0,0.0,0.0,1.0,0.2890648263178879
avouer,lemma,0,0,2,0,2,0,0,0,0,0,0,4,0.0,0.0,0.0,0.0,0.0,0.0,0.0,0.5,0.5,0.0,0.0,1.0,0.2890648263178879
pote,lemma,0,2,0,0,0,0,0,0,0,0,2,4,0.5,0.0,0.0,0.0,0.0,0.5,0.0,0.0,0.0,0.0,0.0,1.0,0.2890648263178879
horrible,word,0,0,0,0,0,0,0,0,6,0,6,12,0.0,0.0,0.0,0.5,0.0,0.5,0.0,0.0,0.0,0.0,0.0,1.0,0.2890648263178879
récompense,word,0,0,0,0,0,5,0,5,0,0,0,10,0.0,0.0,0.5,0.0,0.0,0.0,0.0,0.0,0.0,0.5,0.0,1.0,0.2890648263178879
humeur,lemma,0,2,0,0,0,0,0,2,0,0,0,4,0.5,0.0,0.5,0.0,0.0,0.0,0.0,0.0,0.0,0.0,0.0,1.0,0.2890648263178879
vexe,word,0,2,0,0,0,0,0,0,0,0,2,4,0.5,0.0,0.0,0.0,0.0,0.5,0.0,0.0,0.0,0.0,0.0,1.0,0.2890648263178879
nobel,lemma,0,0,0,0,0,2,0,2,0,0,0,4,0.0,0.0,0.5,0.0,0.0,0.0,0.0,0.0,0.0,0.5,0.0,1.0,0.2890648263178879
d'or,word,0,0,0,0,0,2,0,2,0,0,0,4,0.0,0.0,0.5,0.0,0.0,0.0,0.0,0.0,0.0,0.5,0.0,1.0,0.2890648263178879
gouine,word,0,3,0,3,0,0,0,0,0,0,0,6,0.5,0.5,0.0,0.0,0.0,0.0,0.0,0.0,0.0,0.0,0.0,1.0,0.2890648263178879
championne,word,0,0,0,0,0,4,0,4,0,0,0,8,0.0,0.0,0.5,0.0,0.0,0.0,0.0,0.0,0.0,0.5,0.0,1.0,0.2890648263178879
médaill,lemma,0,0,0,0,0,3,0,3,0,0,0,6,0.0,0.0,0.5,0.0,0.0,0.0,0.0,0.0,0.0,0.5,0.0,1.0,0.2890648263178879
médaille,lemma,0,0,0,0,0,3,0,3,0,0,0,6,0.0,0.0,0.5,0.0,0.0,0.0,0.0,0.0,0.0,0.5,0.0,1.0,0.2890648263178879
timidement,lemma,0,0,0,0,2,0,0,0,2,0,0,4,0.0,0.0,0.0,0.5,0.0,0.0,0.0,0.0,0.5,0.0,0.0,1.0,0.2890648263178879
exclame,lemma,0,0,0,0,0,0,0,2,0,2,0,4,0.0,0.0,0.5,0.0,0.5,0.0,0.0,0.0,0.0,0.0,0.0,1.0,0.2890648263178879
exceptionnel,word,2,0,0,0,0,0,0,0,0,2,0,4,0.0,0.0,0.0,0.0,0.5,0.0,0.5,0.0,0.0,0.0,0.0,1.0,0.2890648263178879
gagne,lemma,0,0,0,0,0,3,0,3,0,0,0,6,0.0,0.0,0.5,0.0,0.0,0.0,0.0,0.0,0.0,0.5,0.0,1.0,0.2890648263178879
gloire,word,0,0,0,0,0,2,0,2,0,0,0,4,0.0,0.0,0.5,0.0,0.0,0.0,0.0,0.0,0.0,0.5,0.0,1.0,0.2890648263178879
gagnera,word,0,0,0,0,0,2,0,2,0,0,0,4,0.0,0.0,0.5,0.0,0.0,0.0,0.0,0.0,0.0,0.5,0.0,1.0,0.2890648263178879
timidement,word,0,0,0,0,2,0,0,0,2,0,0,4,0.0,0.0,0.0,0.5,0.0,0.0,0.0,0.0,0.5,0.0,0.0,1.0,0.2890648263178879
gouine,lemma,0,3,0,3,0,0,0,0,0,0,0,6,0.5,0.5,0.0,0.0,0.0,0.0,0.0,0.0,0.0,0.0,0.0,1.0,0.2890648263178879
rétorqu,lemma,0,2,0,0,0,2,0,0,0,0,0,4,0.5,0.0,0.0,0.0,0.0,0.0,0.0,0.0,0.0,0.5,0.0,1.0,0.2890648263178879
faute,lemma,0,3,3,0,0,0,0,0,0,0,0,6,0.5,0.0,0.0,0.0,0.0,0.0,0.0,0.5,0.0,0.0,0.0,1.0,0.2890648263178879
réussit,word,0,0,0,0,0,2,0,2,0,0,0,4,0.0,0.0,0.5,0.0,0.0,0.0,0.0,0.0,0.0,0.5,0.0,1.0,0.2890648263178879
applaudi,lemma,2,0,0,0,0,0,0,2,0,0,0,4,0.0,0.0,0.5,0.0,0.0,0.0,0.5,0.0,0.0,0.0,0.0,1.0,0.2890648263178879
négative,lemma,0,0,0,0,2,0,0,0,0,0,2,4,0.0,0.0,0.0,0.0,0.0,0.5,0.0,0.0,0.5,0.0,0.0,1.0,0.2890648263178879
humeur,word,0,2,0,0,0,0,0,2,0,0,0,4,0.5,0.0,0.5,0.0,0.0,0.0,0.0,0.0,0.0,0.0,0.0,1.0,0.2890648263178879
mortes,word,0,0,0,0,0,0,0,0,2,0,2,4,0.0,0.0,0.0,0.5,0.0,0.5,0.0,0.0,0.0,0.0,0.0,1.0,0.2890648263178879
récompense,lemma,0,0,0,0,0,4,0,4,0,0,0,8,0.0,0.0,0.5,0.0,0.0,0.0,0.0,0.0,0.0,0.5,0.0,1.0,0.2890648263178879
rétorque,word,0,2,0,0,0,2,0,0,0,0,0,4,0.5,0.0,0.0,0.0,0.0,0.0,0.0,0.0,0.0,0.5,0.0,1.0,0.2890648263178879
réaliser,lemma,0,0,0,0,0,0,0,2,0,2,0,4,0.0,0.0,0.5,0.0,0.5,0.0,0.0,0.0,0.0,0.0,0.0,1.0,0.2890648263178879
vexé,lemma,0,0,0,0,2,0,0,0,0,0,2,4,0.0,0.0,0.0,0.0,0.0,0.5,0.0,0.0,0.5,0.0,0.0,1.0,0.2890648263178879
obtenu,word,0,0,0,0,0,2,0,2,0,0,0,4,0.0,0.0,0.5,0.0,0.0,0.0,0.0,0.0,0.0,0.5,0.0,1.0,0.2890648263178879
vexé,word,0,0,0,0,2,0,0,0,0,0,2,4,0.0,0.0,0.0,0.0,0.0,0.5,0.0,0.0,0.5,0.0,0.0,1.0,0.2890648263178879
tuées,word,0,0,0,0,0,0,0,0,2,0,2,4,0.0,0.0,0.0,0.5,0.0,0.5,0.0,0.0,0.0,0.0,0.0,1.0,0.2890648263178879
dormir,lemma,0,0,0,0,0,0,0,0,4,0,4,8,0.0,0.0,0.0,0.5,0.0,0.5,0.0,0.0,0.0,0.0,0.0,1.0,0.2890648263178879
emprisonner,lemma,0,0,0,0,0,0,0,0,2,0,2,4,0.0,0.0,0.0,0.5,0.0,0.5,0.0,0.0,0.0,0.0,0.0,1.0,0.2890648263178879
négatives,word,0,0,0,0,2,0,0,0,0,0,2,4,0.0,0.0,0.0,0.0,0.0,0.5,0.0,0.0,0.5,0.0,0.0,1.0,0.2890648263178879
hommage,lemma,16,0,0,0,0,0,0,0,0,0,17,33,0.0,0.0,0.0,0.0,0.0,0.5151515151515151,0.48484848484848486,0.0,0.0,0.0,0.0,0.9993375041688847,0.2888733220755302
hommage,word,15,0,0,0,0,0,0,0,0,0,16,31,0.0,0.0,0.0,0.0,0.0,0.5161290322580645,0.4838709677419355,0.0,0.0,0.0,0.0,0.9992492479956565,0.2888478103201445
bande,word,0,6,0,5,0,0,0,0,0,0,0,11,0.5454545454545454,0.45454545454545453,0.0,0.0,0.0,0.0,0.0,0.0,0.0,0.0,0.0,0.9940302114769565,0.28733917043531976
bande,lemma,0,6,0,5,0,0,0,0,0,0,0,11,0.5454545454545454,0.45454545454545453,0.0,0.0,0.0,0.0,0.0,0.0,0.0,0.0,0.0,0.9940302114769565,0.28733917043531976
violent,lemma,0,2,0,0,0,0,0,0,10,0,1,13,0.15384615384615385,0.0,0.0,0.7692307692307693,0.0,0.07692307692307693,0.0,0.0,0.0,0.0,0.0,0.9912642605354288,0.28653963130680327
sale,lemma,0,4,0,5,0,0,0,0,0,0,0,9,0.4444444444444444,0.5555555555555556,0.0,0.0,0.0,0.0,0.0,0.0,0.0,0.0,0.0,0.9910760598382222,0.28648522910495233
merde,word,0,9,0,7,0,0,0,0,0,0,0,16,0.5625,0.4375,0.0,0.0,0.0,0.0,0.0,0.0,0.0,0.0,0.0,0.9886994082884974,0.285798222737513
violer,lemma,0,1,0,0,0,0,0,0,7,0,1,9,0.1111111111111111,0.0,0.0,0.7777777777777778,0.0,0.1111111111111111,0.0,0.0,0.0,0.0,0.0,0.9864267287308424,0.2851412710159032
mourir,word,0,0,0,0,0,0,0,0,4,0,3,7,0.0,0.0,0.0,0.5714285714285714,0.0,0.42857142857142855,0.0,0.0,0.0,0.0,0.0,0.9852281360342515,0.2847948000262373
enfants,word,0,0,0,0,0,0,0,3,4,0,0,7,0.0,0.0,0.42857142857142855,0.5714285714285714,0.0,0.0,0.0,0.0,0.0,0.0,0.0,0.9852281360342515,0.2847948000262373
insulte,word,0,3,0,0,4,0,0,0,0,0,0,7,0.42857142857142855,0.0,0.0,0.0,0.0,0.0,0.0,0.0,0.5714285714285714,0.0,0.0,0.9852281360342515,0.2847948000262373
merde,lemma,0,8,0,6,0,0,0,0,0,0,0,14,0.5714285714285714,0.42857142857142855,0.0,0.0,0.0,0.0,0.0,0.0,0.0,0.0,0.0,0.9852281360342515,0.2847948000262373
spectaculaire,lemma,4,0,0,0,0,0,0,0,0,3,0,7,0.0,0.0,0.0,0.0,0.42857142857142855,0.0,0.5714285714285714,0.0,0.0,0.0,0.0,0.9852281360342515,0.2847948000262373
olympique,lemma,0,0,0,0,0,3,0,4,0,0,0,7,0.0,0.0,0.5714285714285714,0.0,0.0,0.0,0.0,0.0,0.0,0.42857142857142855,0.0,0.9852281360342515,0.2847948000262373
meilleure,word,0,0,0,0,0,3,0,4,0,0,0,7,0.0,0.0,0.5714285714285714,0.0,0.0,0.0,0.0,0.0,0.0,0.42857142857142855,0.0,0.9852281360342515,0.2847948000262373
dormir,word,0,0,0,0,0,0,0,0,3,0,4,7,0.0,0.0,0.0,0.42857142857142855,0.0,0.5714285714285714,0.0,0.0,0.0,0.0,0.0,0.9852281360342515,0.2847948000262373
choqués,word,0,2,0,0,0,0,0,0,0,3,0,5,0.4,0.0,0.0,0.0,0.6,0.0,0.0,0.0,0.0,0.0,0.0,0.9709505944546686,0.28066766494928874
pleurant,word,0,0,0,0,0,0,0,0,3,0,2,5,0.0,0.0,0.0,0.6,0.0,0.4,0.0,0.0,0.0,0.0,0.0,0.9709505944546686,0.28066766494928874
plaire,lemma,0,2,0,0,0,0,0,3,0,0,0,5,0.4,0.0,0.6,0.0,0.0,0.0,0.0,0.0,0.0,0.0,0.0,0.9709505944546686,0.28066766494928874
moment,word,0,2,0,0,0,0,0,3,0,0,0,5,0.4,0.0,0.6,0.0,0.0,0.0,0.0,0.0,0.0,0.0,0.0,0.9709505944546686,0.28066766494928874
anglais,word,0,2,0,0,0,0,0,0,0,0,3,5,0.4,0.0,0.0,0.0,0.0,0.6,0.0,0.0,0.0,0.0,0.0,0.9709505944546686,0.28066766494928874
malgré,word,0,0,0,0,0,0,0,0,0,2,3,5,0.0,0.0,0.0,0.0,0.4,0.6,0.0,0.0,0.0,0.0,0.0,0.9709505944546686,0.28066766494928874
laisse,word,0,3,0,0,0,0,0,0,0,0,2,5,0.6,0.0,0.0,0.0,0.0,0.4,0.0,0.0,0.0,0.0,0.0,0.9709505944546686,0.28066766494928874
cacher,word,0,3,0,0,0,0,0,0,2,0,0,5,0.6,0.0,0.0,0.4,0.0,0.0,0.0,0.0,0.0,0.0,0.0,0.9709505944546686,0.28066766494928874
excuse,lemma,0,0,3,0,2,0,0,0,0,0,0,5,0.0,0.0,0.0,0.0,0.0,0.0,0.0,0.6,0.4,0.0,0.0,0.9709505944546686,0.28066766494928874
fêter,word,0,0,0,0,0,0,0,3,0,2,0,5,0.0,0.0,0.6,0.0,0.4,0.0,0.0,0.0,0.0,0.0,0.0,0.9709505944546686,0.28066766494928874
fêter,lemma,0,0,0,0,0,0,0,3,0,2,0,5,0.0,0.0,0.6,0.0,0.4,0.0,0.0,0.0,0.0,0.0,0.0,0.9709505944546686,0.28066766494928874
anglais,lemma,0,2,0,0,0,0,0,0,0,0,3,5,0.4,0.0,0.0,0.0,0.0,0.6,0.0,0.0,0.0,0.0,0.0,0.9709505944546686,0.28066766494928874
choquant,word,0,3,0,0,0,0,0,0,0,2,0,5,0.6,0.0,0.0,0.0,0.4,0.0,0.0,0.0,0.0,0.0,0.0,0.9709505944546686,0.28066766494928874
faute,word,0,2,3,0,0,0,0,0,0,0,0,5,0.4,0.0,0.0,0.0,0.0,0.0,0.0,0.6,0.0,0.0,0.0,0.9709505944546686,0.28066766494928874
passe,word,0,0,0,0,0,0,0,0,3,2,0,5,0.0,0.0,0.0,0.6,0.4,0.0,0.0,0.0,0.0,0.0,0.0,0.9709505944546686,0.28066766494928874
drôles,word,0,0,0,0,0,0,0,2,0,3,0,5,0.0,0.0,0.4,0.0,0.6,0.0,0.0,0.0,0.0,0.0,0.0,0.9709505944546686,0.28066766494928874
famine,word,0,0,0,0,0,0,0,0,3,0,2,5,0.0,0.0,0.0,0.6,0.0,0.4,0.0,0.0,0.0,0.0,0.0,0.9709505944546686,0.28066766494928874
olympiques,word,0,0,0,0,0,2,0,3,0,0,0,5,0.0,0.0,0.6,0.0,0.0,0.0,0.0,0.0,0.0,0.4,0.0,0.9709505944546686,0.28066766494928874
catastrophe,lemma,0,0,0,0,0,0,0,0,3,0,2,5,0.0,0.0,0.0,0.6,0.0,0.4,0.0,0.0,0.0,0.0,0.0,0.9709505944546686,0.28066766494928874
insulter,word,0,6,0,0,4,0,0,0,0,0,0,10,0.6,0.0,0.0,0.0,0.0,0.0,0.0,0.0,0.4,0.0,0.0,0.9709505944546686,0.28066766494928874
remporter,word,0,0,0,0,0,6,0,9,0,0,0,15,0.0,0.0,0.6,0.0,0.0,0.0,0.0,0.0,0.0,0.4,0.0,0.9709505944546686,0.28066766494928874
honneur,word,2,0,0,0,0,3,0,0,0,0,0,5,0.0,0.0,0.0,0.0,0.0,0.0,0.4,0.0,0.0,0.6,0.0,0.9709505944546686,0.28066766494928874
droit,word,0,2,0,0,0,0,0,3,0,0,0,5,0.4,0.0,0.6,0.0,0.0,0.0,0.0,0.0,0.0,0.0,0.0,0.9709505944546686,0.28066766494928874
mis,word,0,2,0,0,0,0,0,0,0,0,3,5,0.4,0.0,0.0,0.0,0.0,0.6,0.0,0.0,0.0,0.0,0.0,0.9709505944546686,0.28066766494928874
applaudi,word,3,0,0,0,0,0,0,2,0,0,0,5,0.0,0.0,0.4,0.0,0.0,0.0,0.6,0.0,0.0,0.0,0.0,0.9709505944546686,0.28066766494928874
rendre,word,2,0,0,0,0,0,0,0,0,0,3,5,0.0,0.0,0.0,0.0,0.0,0.6,0.4,0.0,0.0,0.0,0.0,0.9709505944546686,0.28066766494928874
renvoyé,word,0,0,0,0,0,0,0,0,2,0,3,5,0.0,0.0,0.0,0.4,0.0,0.6,0.0,0.0,0.0,0.0,0.0,0.9709505944546686,0.28066766494928874
traité,word,0,3,0,0,5,0,0,0,0,0,0,8,0.375,0.0,0.0,0.0,0.0,0.0,0.0,0.0,0.625,0.0,0.0,0.954434002924965,0.2758932992873915
problème,lemma,0,5,0,0,0,0,0,0,0,0,3,8,0.625,0.0,0.0,0.0,0.0,0.375,0.0,0.0,0.0,0.0,0.0,0.954434002924965,0.2758932992873915
spectaculaire,word,5,0,0,0,0,0,0,0,0,3,0,8,0.0,0.0,0.0,0.0,0.375,0.0,0.625,0.0,0.0,0.0,0.0,0.954434002924965,0.2758932992873915
bonne,word,0,0,0,0,0,1,0,11,0,0,2,14,0.0,0.0,0.7857142857142857,0.0,0.0,0.14285714285714285,0.0,0.0,0.0,0.07142857142857142,0.0,0.9463729359854419,0.27356312837258134
assez,lemma,0,20,0,0,0,1,0,0,0,0,5,26,0.7692307692307693,0.0,0.0,0.0,0.0,0.19230769230769232,0.0,0.0,0.0,0.038461538461538464,0.0,0.9293550115186283,0.26864384499229094
réfugier,lemma,0,1,0,0,0,0,0,0,8,0,1,10,0.1,0.0,0.0,0.8,0.0,0.1,0.0,0.0,0.0,0.0,0.0,0.9219280948873623,0.2664969846261966
nouveau,lemma,0,0,0,0,0,0,0,8,0,1,1,10,0.0,0.0,0.8,0.0,0.1,0.1,0.0,0.0,0.0,0.0,0.0,0.9219280948873623,0.2664969846261966
ensemble,word,0,0,0,0,0,0,0,2,0,0,1,3,0.0,0.0,0.6666666666666666,0.0,0.0,0.3333333333333333,0.0,0.0,0.0,0.0,0.0,0.9182958340544896,0.265447025779401
tenter,lemma,0,2,0,0,0,0,0,0,0,0,1,3,0.6666666666666666,0.0,0.0,0.0,0.0,0.3333333333333333,0.0,0.0,0.0,0.0,0.0,0.9182958340544896,0.265447025779401
paix,word,0,2,0,0,0,0,0,0,0,0,1,3,0.6666666666666666,0.0,0.0,0.0,0.0,0.3333333333333333,0.0,0.0,0.0,0.0,0.0,0.9182958340544896,0.265447025779401
millions,word,0,1,0,0,0,0,0,2,0,0,0,3,0.3333333333333333,0.0,0.6666666666666666,0.0,0.0,0.0,0.0,0.0,0.0,0.0,0.0,0.9182958340544896,0.265447025779401
échec,word,0,1,0,0,0,0,0,0,0,0,2,3,0.3333333333333333,0.0,0.0,0.0,0.0,0.6666666666666666,0.0,0.0,0.0,0.0,0.0,0.9182958340544896,0.265447025779401
éliminer,lemma,0,0,0,0,0,0,0,0,1,0,2,3,0.0,0.0,0.0,0.3333333333333333,0.0,0.6666666666666666,0.0,0.0,0.0,0.0,0.0,0.9182958340544896,0.265447025779401
danser,word,0,0,0,0,1,0,0,2,0,0,0,3,0.0,0.0,0.6666666666666666,0.0,0.0,0.0,0.0,0.0,0.3333333333333333,0.0,0.0,0.9182958340544896,0.265447025779401
violente,word,0,1,0,0,0,0,0,0,2,0,0,3,0.3333333333333333,0.0,0.0,0.6666666666666666,0.0,0.0,0.0,0.0,0.0,0.0,0.0,0.9182958340544896,0.265447025779401
viens,lemma,0,0,0,0,0,0,0,2,1,0,0,3,0.0,0.0,0.6666666666666666,0.3333333333333333,0.0,0.0,0.0,0.0,0.0,0.0,0.0,0.9182958340544896,0.265447025779401
montre,word,0,1,0,2,0,0,0,0,0,0,0,3,0.3333333333333333,0.6666666666666666,0.0,0.0,0.0,0.0,0.0,0.0,0.0,0.0,0.0,0.9182958340544896,0.265447025779401
mesure,lemma,0,1,0,0,0,0,0,0,2,0,0,3,0.3333333333333333,0.0,0.0,0.6666666666666666,0.0,0.0,0.0,0.0,0.0,0.0,0.0,0.9182958340544896,0.265447025779401
discriminations,word,0,1,0,0,0,0,0,0,0,0,2,3,0.3333333333333333,0.0,0.0,0.0,0.0,0.6666666666666666,0.0,0.0,0.0,0.0,0.0,0.9182958340544896,0.265447025779401
agir,lemma,0,2,0,0,0,0,0,0,0,1,0,3,0.6666666666666666,0.0,0.0,0.0,0.3333333333333333,0.0,0.0,0.0,0.0,0.0,0.0,0.9182958340544896,0.265447025779401
fières,word,0,0,0,0,0,2,0,1,0,0,0,3,0.0,0.0,0.3333333333333333,0.0,0.0,0.0,0.0,0.0,0.0,0.6666666666666666,0.0,0.9182958340544896,0.265447025779401
extraordinaire,lemma,1,0,0,0,0,0,0,0,0,2,0,3,0.0,0.0,0.0,0.0,0.6666666666666666,0.0,0.3333333333333333,0.0,0.0,0.0,0.0,0.9182958340544896,0.265447025779401
facile,lemma,0,0,0,0,1,0,0,0,0,0,2,3,0.0,0.0,0.0,0.0,0.0,0.6666666666666666,0.0,0.0,0.3333333333333333,0.0,0.0,0.9182958340544896,0.265447025779401
famine,lemma,0,0,0,0,0,0,0,0,4,0,2,6,0.0,0.0,0.0,0.6666666666666666,0.0,0.3333333333333333,0.0,0.0,0.0,0.0,0.0,0.9182958340544896,0.265447025779401
suicider,lemma,0,0,0,0,0,0,0,0,1,0,2,3,0.0,0.0,0.0,0.3333333333333333,0.0,0.6666666666666666,0.0,0.0,0.0,0.0,0.0,0.9182958340544896,0.265447025779401
suicider,word,0,0,0,0,0,0,0,0,1,0,2,3,0.0,0.0,0.0,0.3333333333333333,0.0,0.6666666666666666,0.0,0.0,0.0,0.0,0.0,0.9182958340544896,0.265447025779401
nuage,word,0,0,0,0,0,1,0,2,0,0,0,3,0.0,0.0,0.6666666666666666,0.0,0.0,0.0,0.0,0.0,0.0,0.3333333333333333,0.0,0.9182958340544896,0.265447025779401
nul,lemma,0,0,1,0,0,0,0,0,0,0,2,3,0.0,0.0,0.0,0.0,0.0,0.6666666666666666,0.0,0.3333333333333333,0.0,0.0,0.0,0.9182958340544896,0.265447025779401
chienne,lemma,0,1,0,2,0,0,0,0,0,0,0,3,0.3333333333333333,0.6666666666666666,0.0,0.0,0.0,0.0,0.0,0.0,0.0,0.0,0.0,0.9182958340544896,0.265447025779401
chienne,word,0,1,0,2,0,0,0,0,0,0,0,3,0.3333333333333333,0.6666666666666666,0.0,0.0,0.0,0.0,0.0,0.0,0.0,0.0,0.0,0.9182958340544896,0.265447025779401
râle,lemma,0,2,0,0,0,0,0,0,0,0,1,3,0.6666666666666666,0.0,0.0,0.0,0.0,0.3333333333333333,0.0,0.0,0.0,0.0,0.0,0.9182958340544896,0.265447025779401
incapable,lemma,0,2,0,0,0,0,0,0,0,1,0,3,0.6666666666666666,0.0,0.0,0.0,0.3333333333333333,0.0,0.0,0.0,0.0,0.0,0.0,0.9182958340544896,0.265447025779401
descendues,word,0,2,0,0,0,0,0,1,0,0,0,3,0.6666666666666666,0.0,0.3333333333333333,0.0,0.0,0.0,0.0,0.0,0.0,0.0,0.0,0.9182958340544896,0.265447025779401
million,lemma,0,1,0,0,0,0,0,2,0,0,0,3,0.3333333333333333,0.0,0.6666666666666666,0.0,0.0,0.0,0.0,0.0,0.0,0.0,0.0,0.9182958340544896,0.265447025779401
sacrer,lemma,2,0,0,0,0,0,0,0,0,1,0,3,0.0,0.0,0.0,0.0,0.3333333333333333,0.0,0.6666666666666666,0.0,0.0,0.0,0.0,0.9182958340544896,0.265447025779401
répondre,lemma,0,0,0,0,1,0,0,0,2,0,0,3,0.0,0.0,0.0,0.6666666666666666,0.0,0.0,0.0,0.0,0.3333333333333333,0.0,0.0,0.9182958340544896,0.265447025779401
boum,lemma,0,0,0,0,0,0,0,0,2,1,0,3,0.0,0.0,0.0,0.6666666666666666,0.3333333333333333,0.0,0.0,0.0,0.0,0.0,0.0,0.9182958340544896,0.265447025779401
imposer,word,0,0,0,0,0,0,0,0,2,0,1,3,0.0,0.0,0.0,0.6666666666666666,0.0,0.3333333333333333,0.0,0.0,0.0,0.0,0.0,0.9182958340544896,0.265447025779401
pavé,word,0,0,0,0,0,0,0,0,0,1,2,3,0.0,0.0,0.0,0.0,0.3333333333333333,0.6666666666666666,0.0,0.0,0.0,0.0,0.0,0.9182958340544896,0.265447025779401
incroyables,word,1,0,0,0,0,0,0,0,0,2,0,3,0.0,0.0,0.0,0.0,0.6666666666666666,0.0,0.3333333333333333,0.0,0.0,0.0,0.0,0.9182958340544896,0.265447025779401
remportée,word,0,0,0,0,0,1,0,2,0,0,0,3,0.0,0.0,0.6666666666666666,0.0,0.0,0.0,0.0,0.0,0.0,0.3333333333333333,0.0,0.9182958340544896,0.265447025779401
respecté,word,2,1,0,0,0,0,0,0,0,0,0,3,0.3333333333333333,0.0,0.0,0.0,0.0,0.0,0.6666666666666666,0.0,0.0,0.0,0.0,0.9182958340544896,0.265447025779401
responsables,word,0,2,0,0,0,0,0,0,1,0,0,3,0.6666666666666666,0.0,0.0,0.3333333333333333,0.0,0.0,0.0,0.0,0.0,0.0,0.0,0.9182958340544896,0.265447025779401
chant,lemma,0,1,0,0,0,0,0,2,0,0,0,3,0.3333333333333333,0.0,0.6666666666666666,0.0,0.0,0.0,0.0,0.0,0.0,0.0,0.0,0.9182958340544896,0.265447025779401
trésor,word,0,0,0,0,0,2,0,1,0,0,0,3,0.0,0.0,0.3333333333333333,0.0,0.0,0.0,0.0,0.0,0.0,0.6666666666666666,0.0,0.9182958340544896,0.265447025779401
dégoût,lemma,0,0,0,2,0,0,0,0,1,0,0,3,0.0,0.6666666666666666,0.0,0.3333333333333333,0.0,0.0,0.0,0.0,0.0,0.0,0.0,0.9182958340544896,0.265447025779401
santé,word,0,0,0,0,0,0,0,0,2,0,1,3,0.0,0.0,0.0,0.6666666666666666,0.0,0.3333333333333333,0.0,0.0,0.0,0.0,0.0,0.9182958340544896,0.265447025779401
décourage,lemma,0,1,0,0,0,0,0,0,0,0,2,3,0.3333333333333333,0.0,0.0,0.0,0.0,0.6666666666666666,0.0,0.0,0.0,0.0,0.0,0.9182958340544896,0.265447025779401
décourage,word,0,1,0,0,0,0,0,0,0,0,2,3,0.3333333333333333,0.0,0.0,0.0,0.0,0.6666666666666666,0.0,0.0,0.0,0.0,0.0,0.9182958340544896,0.265447025779401
trésor,lemma,0,0,0,0,0,2,0,1,0,0,0,3,0.0,0.0,0.3333333333333333,0.0,0.0,0.0,0.0,0.0,0.0,0.6666666666666666,0.0,0.9182958340544896,0.265447025779401
rêver,lemma,0,0,0,0,0,1,0,2,0,0,0,3,0.0,0.0,0.6666666666666666,0.0,0.0,0.0,0.0,0.0,0.0,0.3333333333333333,0.0,0.9182958340544896,0.265447025779401
rêver,word,0,0,0,0,0,1,0,2,0,0,0,3,0.0,0.0,0.6666666666666666,0.0,0.0,0.0,0.0,0.0,0.0,0.3333333333333333,0.0,0.9182958340544896,0.265447025779401
s'enfermer,word,0,1,0,0,0,0,0,0,0,0,2,3,0.3333333333333333,0.0,0.0,0.0,0.0,0.6666666666666666,0.0,0.0,0.0,0.0,0.0,0.9182958340544896,0.265447025779401
homme,word,0,2,0,0,1,0,0,0,0,0,0,3,0.6666666666666666,0.0,0.0,0.0,0.0,0.0,0.0,0.0,0.3333333333333333,0.0,0.0,0.9182958340544896,0.265447025779401
dégoût,word,0,0,0,2,0,0,0,0,1,0,0,3,0.0,0.6666666666666666,0.0,0.3333333333333333,0.0,0.0,0.0,0.0,0.0,0.0,0.0,0.9182958340544896,0.265447025779401
vidéo,lemma,0,2,0,0,1,0,0,0,0,0,0,3,0.6666666666666666,0.0,0.0,0.0,0.0,0.0,0.0,0.0,0.3333333333333333,0.0,0.0,0.9182958340544896,0.265447025779401
bombes,word,0,1,0,0,0,0,0,0,2,0,0,3,0.3333333333333333,0.0,0.0,0.6666666666666666,0.0,0.0,0.0,0.0,0.0,0.0,0.0,0.9182958340544896,0.265447025779401
bonbon,lemma,1,0,0,0,0,0,0,0,0,2,0,3,0.0,0.0,0.0,0.0,0.6666666666666666,0.0,0.3333333333333333,0.0,0.0,0.0,0.0,0.9182958340544896,0.265447025779401
remettre,lemma,0,1,0,0,0,0,0,0,2,0,0,3,0.3333333333333333,0.0,0.0,0.6666666666666666,0.0,0.0,0.0,0.0,0.0,0.0,0.0,0.9182958340544896,0.265447025779401
insulté,word,0,2,0,0,4,0,0,0,0,0,0,6,0.3333333333333333,0.0,0.0,0.0,0.0,0.0,0.0,0.0,0.6666666666666666,0.0,0.0,0.9182958340544896,0.265447025779401
insécurité,word,0,1,0,0,0,0,0,0,2,0,0,3,0.3333333333333333,0.0,0.0,0.6666666666666666,0.0,0.0,0.0,0.0,0.0,0.0,0.0,0.9182958340544896,0.265447025779401
bisou,lemma,0,0,0,1,0,0,0,2,0,0,0,3,0.0,0.3333333333333333,0.6666666666666666,0.0,0.0,0.0,0.0,0.0,0.0,0.0,0.0,0.9182958340544896,0.265447025779401
pavé,lemma,0,0,0,0,0,0,0,0,0,1,2,3,0.0,0.0,0.0,0.0,0.3333333333333333,0.6666666666666666,0.0,0.0,0.0,0.0,0.0,0.9182958340544896,0.265447025779401
cul,word,0,2,0,1,0,0,0,0,0,0,0,3,0.6666666666666666,0.3333333333333333,0.0,0.0,0.0,0.0,0.0,0.0,0.0,0.0,0.0,0.9182958340544896,0.265447025779401
explosion,word,0,0,0,0,0,0,0,0,2,1,0,3,0.0,0.0,0.0,0.6666666666666666,0.3333333333333333,0.0,0.0,0.0,0.0,0.0,0.0,0.9182958340544896,0.265447025779401
braconnage,word,0,1,0,0,0,0,0,0,0,0,2,3,0.3333333333333333,0.0,0.0,0.0,0.0,0.6666666666666666,0.0,0.0,0.0,0.0,0.0,0.9182958340544896,0.265447025779401
rate,word,0,0,0,0,1,0,0,0,0,0,2,3,0.0,0.0,0.0,0.0,0.0,0.6666666666666666,0.0,0.0,0.3333333333333333,0.0,0.0,0.9182958340544896,0.265447025779401
jeu,lemma,0,0,0,0,0,1,0,2,0,0,0,3,0.0,0.0,0.6666666666666666,0.0,0.0,0.0,0.0,0.0,0.0,0.3333333333333333,0.0,0.9182958340544896,0.265447025779401
jeune,lemma,0,2,0,0,0,0,0,0,0,0,1,3,0.6666666666666666,0.0,0.0,0.0,0.0,0.3333333333333333,0.0,0.0,0.0,0.0,0.0,0.9182958340544896,0.265447025779401
jeux,word,0,0,0,0,0,1,0,2,0,0,0,3,0.0,0.0,0.6666666666666666,0.0,0.0,0.0,0.0,0.0,0.0,0.3333333333333333,0.0,0.9182958340544896,0.265447025779401
viens,word,0,0,0,0,0,0,0,2,1,0,0,3,0.0,0.0,0.6666666666666666,0.3333333333333333,0.0,0.0,0.0,0.0,0.0,0.0,0.0,0.9182958340544896,0.265447025779401
perdrait,word,0,0,0,0,0,0,0,0,1,0,2,3,0.0,0.0,0.0,0.3333333333333333,0.0,0.6666666666666666,0.0,0.0,0.0,0.0,0.0,0.9182958340544896,0.265447025779401
tâche,lemma,0,2,0,1,0,0,0,0,0,0,0,3,0.6666666666666666,0.3333333333333333,0.0,0.0,0.0,0.0,0.0,0.0,0.0,0.0,0.0,0.9182958340544896,0.265447025779401
téléphone,lemma,0,0,0,0,0,0,0,0,2,1,0,3,0.0,0.0,0.0,0.6666666666666666,0.3333333333333333,0.0,0.0,0.0,0.0,0.0,0.0,0.9182958340544896,0.265447025779401
filles,word,0,0,0,0,0,0,0,1,0,0,2,3,0.0,0.0,0.3333333333333333,0.0,0.0,0.6666666666666666,0.0,0.0,0.0,0.0,0.0,0.9182958340544896,0.265447025779401
fière,lemma,0,0,0,0,0,2,0,1,0,0,0,3,0.0,0.0,0.3333333333333333,0.0,0.0,0.0,0.0,0.0,0.0,0.6666666666666666,0.0,0.9182958340544896,0.265447025779401
stupide,word,0,1,0,0,0,0,0,0,0,0,2,3,0.3333333333333333,0.0,0.0,0.0,0.0,0.6666666666666666,0.0,0.0,0.0,0.0,0.0,0.9182958340544896,0.265447025779401
subir,word,0,1,0,0,0,0,0,0,0,0,2,3,0.3333333333333333,0.0,0.0,0.0,0.0,0.6666666666666666,0.0,0.0,0.0,0.0,0.0,0.9182958340544896,0.265447025779401
succès,lemma,0,0,0,0,0,1,0,2,0,0,0,3,0.0,0.0,0.6666666666666666,0.0,0.0,0.0,0.0,0.0,0.0,0.3333333333333333,0.0,0.9182958340544896,0.265447025779401
succès,word,0,0,0,0,0,1,0,2,0,0,0,3,0.0,0.0,0.6666666666666666,0.0,0.0,0.0,0.0,0.0,0.0,0.3333333333333333,0.0,0.9182958340544896,0.265447025779401
avouait,word,0,0,2,0,1,0,0,0,0,0,0,3,0.0,0.0,0.0,0.0,0.0,0.0,0.0,0.6666666666666666,0.3333333333333333,0.0,0.0,0.9182958340544896,0.265447025779401
sacré,word,2,0,0,0,0,0,0,0,0,1,0,3,0.0,0.0,0.0,0.0,0.3333333333333333,0.0,0.6666666666666666,0.0,0.0,0.0,0.0,0.9182958340544896,0.265447025779401
santé,lemma,0,0,0,0,0,0,0,0,2,0,1,3,0.0,0.0,0.0,0.6666666666666666,0.0,0.3333333333333333,0.0,0.0,0.0,0.0,0.0,0.9182958340544896,0.265447025779401
téléphone,word,0,0,0,0,0,0,0,0,2,1,0,3,0.0,0.0,0.0,0.6666666666666666,0.3333333333333333,0.0,0.0,0.0,0.0,0.0,0.0,0.9182958340544896,0.265447025779401
main,word,0,0,0,0,0,0,0,2,1,0,0,3,0.0,0.0,0.6666666666666666,0.3333333333333333,0.0,0.0,0.0,0.0,0.0,0.0,0.0,0.9182958340544896,0.265447025779401
lesbiennes,word,0,1,0,2,0,0,0,0,0,0,0,3,0.3333333333333333,0.6666666666666666,0.0,0.0,0.0,0.0,0.0,0.0,0.0,0.0,0.0,0.9182958340544896,0.265447025779401
bouger,lemma,0,0,0,0,0,0,0,1,2,0,0,3,0.0,0.0,0.3333333333333333,0.6666666666666666,0.0,0.0,0.0,0.0,0.0,0.0,0.0,0.9182958340544896,0.265447025779401
rare,lemma,1,0,0,0,0,0,0,0,0,2,0,3,0.0,0.0,0.0,0.0,0.6666666666666666,0.0,0.3333333333333333,0.0,0.0,0.0,0.0,0.9182958340544896,0.265447025779401
opposent,word,0,2,0,0,0,0,0,0,1,0,0,3,0.6666666666666666,0.0,0.0,0.3333333333333333,0.0,0.0,0.0,0.0,0.0,0.0,0.0,0.9182958340544896,0.265447025779401
ose,lemma,0,0,0,0,2,0,0,0,1,0,0,3,0.0,0.0,0.0,0.3333333333333333,0.0,0.0,0.0,0.0,0.6666666666666666,0.0,0.0,0.9182958340544896,0.265447025779401
osent,word,0,0,0,0,2,0,0,0,1,0,0,3,0.0,0.0,0.0,0.3333333333333333,0.0,0.0,0.0,0.0,0.6666666666666666,0.0,0.0,0.9182958340544896,0.265447025779401
oser,lemma,0,0,0,0,2,0,0,0,1,0,0,3,0.0,0.0,0.0,0.3333333333333333,0.0,0.0,0.0,0.0,0.6666666666666666,0.0,0.0,0.9182958340544896,0.265447025779401
paix,lemma,0,2,0,0,0,0,0,0,0,0,1,3,0.6666666666666666,0.0,0.0,0.0,0.0,0.3333333333333333,0.0,0.0,0.0,0.0,0.0,0.9182958340544896,0.265447025779401
combat,lemma,0,0,0,0,0,0,0,0,2,0,1,3,0.0,0.0,0.0,0.6666666666666666,0.0,0.3333333333333333,0.0,0.0,0.0,0.0,0.0,0.9182958340544896,0.265447025779401
commettre,lemma,0,2,0,0,0,0,0,0,0,0,1,3,0.6666666666666666,0.0,0.0,0.0,0.0,0.3333333333333333,0.0,0.0,0.0,0.0,0.0,0.9182958340544896,0.265447025779401
tempête,word,0,0,0,0,0,0,0,0,2,0,1,3,0.0,0.0,0.0,0.6666666666666666,0.0,0.3333333333333333,0.0,0.0,0.0,0.0,0.0,0.9182958340544896,0.265447025779401
s'exclame,word,0,0,0,0,0,0,0,1,0,2,0,3,0.0,0.0,0.3333333333333333,0.0,0.6666666666666666,0.0,0.0,0.0,0.0,0.0,0.0,0.9182958340544896,0.265447025779401
discrimination,lemma,0,2,0,0,0,0,0,0,0,0,1,3,0.6666666666666666,0.0,0.0,0.0,0.0,0.3333333333333333,0.0,0.0,0.0,0.0,0.0,0.9182958340544896,0.265447025779401
cul,lemma,0,2,0,1,0,0,0,0,0,0,0,3,0.6666666666666666,0.3333333333333333,0.0,0.0,0.0,0.0,0.0,0.0,0.0,0.0,0.0,0.9182958340544896,0.265447025779401
cu,word,0,1,0,2,0,0,0,0,0,0,0,3,0.3333333333333333,0.6666666666666666,0.0,0.0,0.0,0.0,0.0,0.0,0.0,0.0,0.0,0.9182958340544896,0.265447025779401
arrivent,word,0,0,0,0,0,0,0,0,0,1,2,3,0.0,0.0,0.0,0.0,0.3333333333333333,0.6666666666666666,0.0,0.0,0.0,0.0,0.0,0.9182958340544896,0.265447025779401
pute,word,0,10,0,5,0,0,0,0,0,0,0,15,0.6666666666666666,0.3333333333333333,0.0,0.0,0.0,0.0,0.0,0.0,0.0,0.0,0.0,0.9182958340544896,0.265447025779401
d'argent,word,0,2,0,0,0,0,0,0,0,0,1,3,0.6666666666666666,0.0,0.0,0.0,0.0,0.3333333333333333,0.0,0.0,0.0,0.0,0.0,0.9182958340544896,0.265447025779401
laisse,lemma,0,4,0,0,0,0,0,0,0,0,2,6,0.6666666666666666,0.0,0.0,0.0,0.0,0.3333333333333333,0.0,0.0,0.0,0.0,0.0,0.9182958340544896,0.265447025779401
quel,word,0,0,0,0,0,0,0,2,0,1,0,3,0.0,0.0,0.6666666666666666,0.0,0.3333333333333333,0.0,0.0,0.0,0.0,0.0,0.0,0.9182958340544896,0.265447025779401
légende,word,2,0,0,0,0,1,0,0,0,0,0,3,0.0,0.0,0.0,0.0,0.0,0.0,0.6666666666666666,0.0,0.0,0.3333333333333333,0.0,0.9182958340544896,0.265447025779401
question,lemma,0,2,0,0,0,0,0,0,1,0,0,3,0.6666666666666666,0.0,0.0,0.3333333333333333,0.0,0.0,0.0,0.0,0.0,0.0,0.0,0.9182958340544896,0.265447025779401
question,word,0,2,0,0,0,0,0,0,1,0,0,3,0.6666666666666666,0.0,0.0,0.3333333333333333,0.0,0.0,0.0,0.0,0.0,0.0,0.0,0.9182958340544896,0.265447025779401
malheur,lemma,0,0,0,0,0,0,0,0,5,0,10,15,0.0,0.0,0.0,0.3333333333333333,0.0,0.6666666666666666,0.0,0.0,0.0,0.0,0.0,0.9182958340544896,0.265447025779401
malheur,word,0,0,0,0,0,0,0,0,5,0,10,15,0.0,0.0,0.0,0.3333333333333333,0.0,0.6666666666666666,0.0,0.0,0.0,0.0,0.0,0.9182958340544896,0.265447025779401
maltraiter,lemma,0,0,0,0,0,0,0,0,1,0,2,3,0.0,0.0,0.0,0.3333333333333333,0.0,0.6666666666666666,0.0,0.0,0.0,0.0,0.0,0.9182958340544896,0.265447025779401
maltraitées,word,0,0,0,0,0,0,0,0,1,0,2,3,0.0,0.0,0.0,0.3333333333333333,0.0,0.6666666666666666,0.0,0.0,0.0,0.0,0.0,0.9182958340544896,0.265447025779401
puissant,lemma,2,0,0,0,0,0,0,0,4,0,0,6,0.0,0.0,0.0,0.6666666666666666,0.0,0.0,0.3333333333333333,0.0,0.0,0.0,0.0,0.9182958340544896,0.265447025779401
demander,word,0,2,0,0,0,0,0,1,0,0,0,3,0.6666666666666666,0.0,0.3333333333333333,0.0,0.0,0.0,0.0,0.0,0.0,0.0,0.0,0.9182958340544896,0.265447025779401
liberté,word,0,0,0,0,0,0,0,2,1,0,0,3,0.0,0.0,0.6666666666666666,0.3333333333333333,0.0,0.0,0.0,0.0,0.0,0.0,0.0,0.9182958340544896,0.265447025779401
légend,lemma,2,0,0,0,0,1,0,0,0,0,0,3,0.0,0.0,0.0,0.0,0.0,0.0,0.6666666666666666,0.0,0.0,0.3333333333333333,0.0,0.9182958340544896,0.265447025779401
joué,word,0,0,0,0,0,1,0,2,0,0,0,3,0.0,0.0,0.6666666666666666,0.0,0.0,0.0,0.0,0.0,0.0,0.3333333333333333,0.0,0.9182958340544896,0.265447025779401
pur,lemma,0,2,0,1,0,0,0,0,0,0,0,3,0.6666666666666666,0.3333333333333333,0.0,0.0,0.0,0.0,0.0,0.0,0.0,0.0,0.0,0.9182958340544896,0.265447025779401
pure,word,0,2,0,1,0,0,0,0,0,0,0,3,0.6666666666666666,0.3333333333333333,0.0,0.0,0.0,0.0,0.0,0.0,0.0,0.0,0.0,0.9182958340544896,0.265447025779401
sexuellement,word,0,1,0,0,0,0,0,0,0,0,2,3,0.3333333333333333,0.0,0.0,0.0,0.0,0.6666666666666666,0.0,0.0,0.0,0.0,0.0,0.9182958340544896,0.265447025779401
ailey,lemma,0,0,0,0,0,2,0,4,0,0,0,6,0.0,0.0,0.6666666666666666,0.0,0.0,0.0,0.0,0.0,0.0,0.3333333333333333,0.0,0.9182958340544896,0.265447025779401
ailey,word,0,0,0,0,0,2,0,4,0,0,0,6,0.0,0.0,0.6666666666666666,0.0,0.0,0.0,0.0,0.0,0.0,0.3333333333333333,0.0,0.9182958340544896,0.265447025779401
hein,lemma,0,1,0,0,0,0,0,0,0,2,0,3,0.3333333333333333,0.0,0.0,0.0,0.6666666666666666,0.0,0.0,0.0,0.0,0.0,0.0,0.9182958340544896,0.265447025779401
hein,word,0,1,0,0,0,0,0,0,0,2,0,3,0.3333333333333333,0.0,0.0,0.0,0.6666666666666666,0.0,0.0,0.0,0.0,0.0,0.0,0.9182958340544896,0.265447025779401
crasseuse,lemma,0,2,0,4,0,0,0,0,0,0,0,6,0.3333333333333333,0.6666666666666666,0.0,0.0,0.0,0.0,0.0,0.0,0.0,0.0,0.0,0.9182958340544896,0.265447025779401
crasseux,lemma,0,1,0,2,0,0,0,0,0,0,0,3,0.3333333333333333,0.6666666666666666,0.0,0.0,0.0,0.0,0.0,0.0,0.0,0.0,0.0,0.9182958340544896,0.265447025779401
détester,lemma,0,1,0,0,0,0,0,0,0,0,2,3,0.3333333333333333,0.0,0.0,0.0,0.0,0.6666666666666666,0.0,0.0,0.0,0.0,0.0,0.9182958340544896,0.265447025779401
n'ose,word,0,0,0,0,2,0,0,0,1,0,0,3,0.0,0.0,0.0,0.3333333333333333,0.0,0.0,0.0,0.0,0.6666666666666666,0.0,0.0,0.9182958340544896,0.265447025779401
national,lemma,0,0,0,0,0,2,0,1,0,0,0,3,0.0,0.0,0.3333333333333333,0.0,0.0,0.0,0.0,0.0,0.0,0.6666666666666666,0.0,0.9182958340544896,0.265447025779401
quelqu'un,word,0,0,0,0,0,0,0,0,2,0,1,3,0.0,0.0,0.0,0.6666666666666666,0.0,0.3333333333333333,0.0,0.0,0.0,0.0,0.0,0.9182958340544896,0.265447025779401
national,word,0,0,0,0,0,2,0,1,0,0,0,3,0.0,0.0,0.3333333333333333,0.0,0.0,0.0,0.0,0.0,0.0,0.6666666666666666,0.0,0.9182958340544896,0.265447025779401
nouveau,word,0,0,0,0,0,0,0,2,0,1,0,3,0.0,0.0,0.6666666666666666,0.0,0.3333333333333333,0.0,0.0,0.0,0.0,0.0,0.0,0.9182958340544896,0.265447025779401
pute,lemma,0,10,0,5,0,0,0,0,0,0,0,15,0.6666666666666666,0.3333333333333333,0.0,0.0,0.0,0.0,0.0,0.0,0.0,0.0,0.0,0.9182958340544896,0.265447025779401
magnifique,lemma,2,0,0,0,0,0,0,1,0,0,0,3,0.0,0.0,0.3333333333333333,0.0,0.0,0.0,0.6666666666666666,0.0,0.0,0.0,0.0,0.9182958340544896,0.265447025779401
brûler,lemma,0,2,0,0,0,0,0,0,1,0,0,3,0.6666666666666666,0.0,0.0,0.3333333333333333,0.0,0.0,0.0,0.0,0.0,0.0,0.0,0.9182958340544896,0.265447025779401
brûlé,lemma,0,0,0,0,0,0,0,0,2,0,1,3,0.0,0.0,0.0,0.6666666666666666,0.0,0.3333333333333333,0.0,0.0,0.0,0.0,0.0,0.9182958340544896,0.265447025779401
c'était,word,0,0,0,0,0,0,0,1,0,2,0,3,0.0,0.0,0.3333333333333333,0.0,0.6666666666666666,0.0,0.0,0.0,0.0,0.0,0.0,0.9182958340544896,0.265447025779401
commettre,word,0,2,0,0,0,0,0,0,0,0,1,3,0.6666666666666666,0.0,0.0,0.0,0.0,0.3333333333333333,0.0,0.0,0.0,0.0,0.0,0.9182958340544896,0.265447025779401
comporter,lemma,0,2,0,1,0,0,0,0,0,0,0,3,0.6666666666666666,0.3333333333333333,0.0,0.0,0.0,0.0,0.0,0.0,0.0,0.0,0.0,0.9182958340544896,0.265447025779401
comprendre,lemma,0,2,0,0,0,0,0,0,1,0,0,3,0.6666666666666666,0.0,0.0,0.3333333333333333,0.0,0.0,0.0,0.0,0.0,0.0,0.0,0.9182958340544896,0.265447025779401
nuage,lemma,0,0,0,0,0,1,0,2,0,0,0,3,0.0,0.0,0.6666666666666666,0.0,0.0,0.0,0.0,0.0,0.0,0.3333333333333333,0.0,0.9182958340544896,0.265447025779401
sérieux,lemma,0,2,0,1,0,0,0,0,0,0,0,3,0.6666666666666666,0.3333333333333333,0.0,0.0,0.0,0.0,0.0,0.0,0.0,0.0,0.0,0.9182958340544896,0.265447025779401
tel,lemma,0,0,0,0,0,0,1,0,0,2,0,3,0.0,0.0,0.0,0.0,0.6666666666666666,0.0,0.0,0.0,0.0,0.0,0.3333333333333333,0.9182958340544896,0.265447025779401
malades,word,0,0,0,0,0,0,0,0,2,0,1,3,0.0,0.0,0.0,0.6666666666666666,0.0,0.3333333333333333,0.0,0.0,0.0,0.0,0.0,0.9182958340544896,0.265447025779401
maladie,lemma,0,0,0,0,0,0,0,0,2,0,1,3,0.0,0.0,0.0,0.6666666666666666,0.0,0.3333333333333333,0.0,0.0,0.0,0.0,0.0,0.9182958340544896,0.265447025779401
connaître,lemma,0,0,0,0,0,0,0,0,1,0,2,3,0.0,0.0,0.0,0.3333333333333333,0.0,0.6666666666666666,0.0,0.0,0.0,0.0,0.0,0.9182958340544896,0.265447025779401
consterner,lemma,0,1,0,0,0,0,0,0,0,0,2,3,0.3333333333333333,0.0,0.0,0.0,0.0,0.6666666666666666,0.0,0.0,0.0,0.0,0.0,0.9182958340544896,0.265447025779401
consterné,word,0,1,0,0,0,0,0,0,0,0,2,3,0.3333333333333333,0.0,0.0,0.0,0.0,0.6666666666666666,0.0,0.0,0.0,0.0,0.0,0.9182958340544896,0.265447025779401
conséquence,lemma,0,1,0,0,0,0,0,0,2,0,0,3,0.3333333333333333,0.0,0.0,0.6666666666666666,0.0,0.0,0.0,0.0,0.0,0.0,0.0,0.9182958340544896,0.265447025779401
puissants,word,1,0,0,0,0,0,0,0,2,0,0,3,0.0,0.0,0.0,0.6666666666666666,0.0,0.0,0.3333333333333333,0.0,0.0,0.0,0.0,0.9182958340544896,0.265447025779401
précipite,word,0,0,0,0,0,0,0,2,1,0,0,3,0.0,0.0,0.6666666666666666,0.3333333333333333,0.0,0.0,0.0,0.0,0.0,0.0,0.0,0.9182958340544896,0.265447025779401
précipiter,lemma,0,0,0,0,0,0,0,2,1,0,0,3,0.0,0.0,0.6666666666666666,0.3333333333333333,0.0,0.0,0.0,0.0,0.0,0.0,0.0,0.9182958340544896,0.265447025779401
préoccupations,word,0,0,0,0,0,0,0,0,1,0,2,3,0.0,0.0,0.0,0.3333333333333333,0.0,0.6666666666666666,0.0,0.0,0.0,0.0,0.0,0.9182958340544896,0.265447025779401
persécution,lemma,0,0,0,0,0,0,0,0,2,0,1,3,0.0,0.0,0.0,0.6666666666666666,0.0,0.3333333333333333,0.0,0.0,0.0,0.0,0.0,0.9182958340544896,0.265447025779401
mystérieux,lemma,0,0,0,0,0,0,0,0,2,1,0,3,0.0,0.0,0.0,0.6666666666666666,0.3333333333333333,0.0,0.0,0.0,0.0,0.0,0.0,0.9182958340544896,0.265447025779401
mystérieux,word,0,0,0,0,0,0,0,0,2,1,0,3,0.0,0.0,0.0,0.6666666666666666,0.3333333333333333,0.0,0.0,0.0,0.0,0.0,0.0,0.9182958340544896,0.265447025779401
augmenter,lemma,0,2,0,0,0,0,0,0,1,0,0,3,0.6666666666666666,0.0,0.0,0.3333333333333333,0.0,0.0,0.0,0.0,0.0,0.0,0.0,0.9182958340544896,0.265447025779401
graisse,lemma,0,1,0,2,0,0,0,0,0,0,0,3,0.3333333333333333,0.6666666666666666,0.0,0.0,0.0,0.0,0.0,0.0,0.0,0.0,0.0,0.9182958340544896,0.265447025779401
graisse,word,0,1,0,2,0,0,0,0,0,0,0,3,0.3333333333333333,0.6666666666666666,0.0,0.0,0.0,0.0,0.0,0.0,0.0,0.0,0.0,0.9182958340544896,0.265447025779401
gronder,word,0,2,0,0,0,0,0,0,0,0,1,3,0.6666666666666666,0.0,0.0,0.0,0.0,0.3333333333333333,0.0,0.0,0.0,0.0,0.0,0.9182958340544896,0.265447025779401
aide,lemma,0,0,0,0,0,0,0,1,2,0,0,3,0.0,0.0,0.3333333333333333,0.6666666666666666,0.0,0.0,0.0,0.0,0.0,0.0,0.0,0.9182958340544896,0.265447025779401
liberté,lemma,0,0,0,0,0,0,0,2,1,0,0,3,0.0,0.0,0.6666666666666666,0.3333333333333333,0.0,0.0,0.0,0.0,0.0,0.0,0.0,0.9182958340544896,0.265447025779401
aider,lemma,0,1,0,0,0,0,0,2,0,0,0,3,0.3333333333333333,0.0,0.6666666666666666,0.0,0.0,0.0,0.0,0.0,0.0,0.0,0.0,0.9182958340544896,0.265447025779401
torturés,word,0,0,0,0,0,0,0,0,2,0,1,3,0.0,0.0,0.0,0.6666666666666666,0.0,0.3333333333333333,0.0,0.0,0.0,0.0,0.0,0.9182958340544896,0.265447025779401
traiter,lemma,0,3,0,0,6,0,0,0,0,0,0,9,0.3333333333333333,0.0,0.0,0.0,0.0,0.0,0.0,0.0,0.6666666666666666,0.0,0.0,0.9182958340544896,0.265447025779401
toucher,lemma,0,0,0,0,0,0,0,0,1,0,2,3,0.0,0.0,0.0,0.3333333333333333,0.0,0.6666666666666666,0.0,0.0,0.0,0.0,0.0,0.9182958340544896,0.265447025779401
désolée,word,0,0,0,0,2,0,0,0,0,0,1,3,0.0,0.0,0.0,0.0,0.0,0.3333333333333333,0.0,0.0,0.6666666666666666,0.0,0.0,0.9182958340544896,0.265447025779401
critiques,word,0,4,0,0,0,0,0,0,2,0,0,6,0.6666666666666666,0.0,0.0,0.3333333333333333,0.0,0.0,0.0,0.0,0.0,0.0,0.0,0.9182958340544896,0.265447025779401
baissant,word,0,0,0,0,1,0,0,0,2,0,0,3,0.0,0.0,0.0,0.6666666666666666,0.0,0.0,0.0,0.0,0.3333333333333333,0.0,0.0,0.9182958340544896,0.265447025779401
mec,lemma,0,2,0,1,0,0,0,0,0,0,0,3,0.6666666666666666,0.3333333333333333,0.0,0.0,0.0,0.0,0.0,0.0,0.0,0.0,0.0,0.9182958340544896,0.265447025779401
pourrait,word,0,0,0,0,0,0,0,0,0,2,1,3,0.0,0.0,0.0,0.0,0.6666666666666666,0.3333333333333333,0.0,0.0,0.0,0.0,0.0,0.9182958340544896,0.265447025779401
pouvait,word,0,0,1,0,0,0,0,0,0,0,2,3,0.0,0.0,0.0,0.0,0.0,0.6666666666666666,0.0,0.3333333333333333,0.0,0.0,0.0,0.9182958340544896,0.265447025779401
alvin,word,0,0,0,0,0,2,0,4,0,0,0,6,0.0,0.0,0.6666666666666666,0.0,0.0,0.0,0.0,0.0,0.0,0.3333333333333333,0.0,0.9182958340544896,0.265447025779401
ami,lemma,0,0,0,0,0,0,0,4,0,0,2,6,0.0,0.0,0.6666666666666666,0.0,0.0,0.3333333333333333,0.0,0.0,0.0,0.0,0.0,0.9182958340544896,0.265447025779401
spectacle,lemma,0,0,0,0,0,0,0,2,1,0,0,3,0.0,0.0,0.6666666666666666,0.3333333333333333,0.0,0.0,0.0,0.0,0.0,0.0,0.0,0.9182958340544896,0.265447025779401
sourir,lemma,0,1,0,0,0,0,0,2,0,0,0,3,0.3333333333333333,0.0,0.6666666666666666,0.0,0.0,0.0,0.0,0.0,0.0,0.0,0.0,0.9182958340544896,0.265447025779401
détruites,word,0,0,0,0,0,0,0,0,4,0,2,6,0.0,0.0,0.0,0.6666666666666666,0.0,0.3333333333333333,0.0,0.0,0.0,0.0,0.0,0.9182958340544896,0.265447025779401
travers,lemma,0,0,0,0,0,1,0,2,0,0,0,3,0.0,0.0,0.6666666666666666,0.0,0.0,0.0,0.0,0.0,0.0,0.3333333333333333,0.0,0.9182958340544896,0.265447025779401
travers,word,0,0,0,0,0,1,0,2,0,0,0,3,0.0,0.0,0.6666666666666666,0.0,0.0,0.0,0.0,0.0,0.0,0.3333333333333333,0.0,0.9182958340544896,0.265447025779401
effondrement,word,0,0,0,0,0,0,0,0,1,0,2,3,0.0,0.0,0.0,0.3333333333333333,0.0,0.6666666666666666,0.0,0.0,0.0,0.0,0.0,0.9182958340544896,0.265447025779401
supprimer,lemma,0,2,0,0,0,0,0,0,0,0,1,3,0.6666666666666666,0.0,0.0,0.0,0.0,0.3333333333333333,0.0,0.0,0.0,0.0,0.0,0.9182958340544896,0.265447025779401
surgir,lemma,0,0,0,0,0,0,0,0,1,2,0,3,0.0,0.0,0.0,0.3333333333333333,0.6666666666666666,0.0,0.0,0.0,0.0,0.0,0.0,0.9182958340544896,0.265447025779401
amis,word,0,0,0,0,0,0,0,2,0,0,1,3,0.0,0.0,0.6666666666666666,0.0,0.0,0.3333333333333333,0.0,0.0,0.0,0.0,0.0,0.9182958340544896,0.265447025779401
mariés,word,0,0,0,0,0,0,0,1,0,0,2,3,0.0,0.0,0.3333333333333333,0.0,0.0,0.6666666666666666,0.0,0.0,0.0,0.0,0.0,0.9182958340544896,0.265447025779401
tempête,lemma,0,0,0,0,0,0,0,0,2,0,1,3,0.0,0.0,0.0,0.6666666666666666,0.0,0.3333333333333333,0.0,0.0,0.0,0.0,0.0,0.9182958340544896,0.265447025779401
entrez,word,0,0,0,0,0,1,0,2,0,0,0,3,0.0,0.0,0.6666666666666666,0.0,0.0,0.0,0.0,0.0,0.0,0.3333333333333333,0.0,0.9182958340544896,0.265447025779401
exceptionnel,lemma,2,0,0,0,0,0,0,0,0,4,0,6,0.0,0.0,0.0,0.0,0.6666666666666666,0.0,0.3333333333333333,0.0,0.0,0.0,0.0,0.9182958340544896,0.265447025779401
cu,lemma,0,1,0,2,0,0,0,0,0,0,0,3,0.3333333333333333,0.6666666666666666,0.0,0.0,0.0,0.0,0.0,0.0,0.0,0.0,0.0,0.9182958340544896,0.265447025779401
blessé,lemma,0,0,0,0,0,0,0,0,2,0,1,3,0.0,0.0,0.0,0.6666666666666666,0.0,0.3333333333333333,0.0,0.0,0.0,0.0,0.0,0.9182958340544896,0.265447025779401
échec,lemma,0,1,0,0,0,0,0,0,0,0,2,3,0.3333333333333333,0.0,0.0,0.0,0.0,0.6666666666666666,0.0,0.0,0.0,0.0,0.0,0.9182958340544896,0.265447025779401
alarme,lemma,0,0,0,0,0,0,0,0,2,1,0,3,0.0,0.0,0.0,0.6666666666666666,0.3333333333333333,0.0,0.0,0.0,0.0,0.0,0.0,0.9182958340544896,0.265447025779401
alvin,lemma,0,0,0,0,0,2,0,4,0,0,0,6,0.0,0.0,0.6666666666666666,0.0,0.0,0.0,0.0,0.0,0.0,0.3333333333333333,0.0,0.9182958340544896,0.265447025779401
effondrés,word,0,0,0,0,0,0,0,0,2,0,1,3,0.0,0.0,0.0,0.6666666666666666,0.0,0.3333333333333333,0.0,0.0,0.0,0.0,0.0,0.9182958340544896,0.265447025779401
toit,lemma,0,0,0,0,0,0,0,0,2,1,0,3,0.0,0.0,0.0,0.6666666666666666,0.3333333333333333,0.0,0.0,0.0,0.0,0.0,0.0,0.9182958340544896,0.265447025779401
toit,word,0,0,0,0,0,0,0,0,2,1,0,3,0.0,0.0,0.0,0.6666666666666666,0.3333333333333333,0.0,0.0,0.0,0.0,0.0,0.0,0.9182958340544896,0.265447025779401
voient,word,0,2,0,0,0,0,0,1,0,0,0,3,0.6666666666666666,0.0,0.3333333333333333,0.0,0.0,0.0,0.0,0.0,0.0,0.0,0.0,0.9182958340544896,0.265447025779401
choquée,word,0,0,0,0,0,0,0,0,1,2,0,3,0.0,0.0,0.0,0.3333333333333333,0.6666666666666666,0.0,0.0,0.0,0.0,0.0,0.0,0.9182958340544896,0.265447025779401
monstre,lemma,0,2,0,0,0,0,0,0,0,0,1,3,0.6666666666666666,0.0,0.0,0.0,0.0,0.3333333333333333,0.0,0.0,0.0,0.0,0.0,0.9182958340544896,0.265447025779401
montre,lemma,0,1,0,2,0,0,0,0,0,0,0,3,0.3333333333333333,0.6666666666666666,0.0,0.0,0.0,0.0,0.0,0.0,0.0,0.0,0.0,0.9182958340544896,0.265447025779401
plaît,word,0,2,0,0,0,0,0,1,0,0,0,3,0.6666666666666666,0.0,0.3333333333333333,0.0,0.0,0.0,0.0,0.0,0.0,0.0,0.0,0.9182958340544896,0.265447025779401
pollution,lemma,0,1,0,0,0,0,0,0,2,0,0,3,0.3333333333333333,0.0,0.0,0.6666666666666666,0.0,0.0,0.0,0.0,0.0,0.0,0.0,0.9182958340544896,0.265447025779401
mobilisent,word,0,2,0,0,0,0,0,0,1,0,0,3,0.6666666666666666,0.0,0.0,0.3333333333333333,0.0,0.0,0.0,0.0,0.0,0.0,0.0,0.9182958340544896,0.265447025779401
scène,lemma,0,0,0,0,0,1,0,2,0,0,0,3,0.0,0.0,0.6666666666666666,0.0,0.0,0.0,0.0,0.0,0.0,0.3333333333333333,0.0,0.9182958340544896,0.265447025779401
sexuellement,lemma,0,1,0,0,0,0,0,0,0,0,2,3,0.3333333333333333,0.0,0.0,0.0,0.0,0.6666666666666666,0.0,0.0,0.0,0.0,0.0,0.9182958340544896,0.265447025779401
crient,word,0,0,0,0,0,0,0,0,2,1,0,3,0.0,0.0,0.0,0.6666666666666666,0.3333333333333333,0.0,0.0,0.0,0.0,0.0,0.0,0.9182958340544896,0.265447025779401
foutre,word,0,2,0,1,0,0,0,0,0,0,0,3,0.6666666666666666,0.3333333333333333,0.0,0.0,0.0,0.0,0.0,0.0,0.0,0.0,0.0,0.9182958340544896,0.265447025779401
frappé,lemma,0,0,0,0,0,0,0,0,2,0,1,3,0.0,0.0,0.0,0.6666666666666666,0.0,0.3333333333333333,0.0,0.0,0.0,0.0,0.0,0.9182958340544896,0.265447025779401
frappé,word,0,0,0,0,0,0,0,0,2,0,1,3,0.0,0.0,0.0,0.6666666666666666,0.0,0.3333333333333333,0.0,0.0,0.0,0.0,0.0,0.9182958340544896,0.265447025779401
frustrer,lemma,0,2,0,0,0,0,0,0,0,0,4,6,0.3333333333333333,0.0,0.0,0.0,0.0,0.6666666666666666,0.0,0.0,0.0,0.0,0.0,0.9182958340544896,0.265447025779401
partager,lemma,0,2,0,0,0,0,0,1,0,0,0,3,0.6666666666666666,0.0,0.3333333333333333,0.0,0.0,0.0,0.0,0.0,0.0,0.0,0.0,0.9182958340544896,0.265447025779401
partager,word,0,2,0,0,0,0,0,1,0,0,0,3,0.6666666666666666,0.0,0.3333333333333333,0.0,0.0,0.0,0.0,0.0,0.0,0.0,0.0,0.9182958340544896,0.265447025779401
paniquer,lemma,0,0,0,0,0,0,0,0,2,1,0,3,0.0,0.0,0.0,0.6666666666666666,0.3333333333333333,0.0,0.0,0.0,0.0,0.0,0.0,0.9182958340544896,0.265447025779401
angoissé,word,0,1,0,0,0,0,0,0,2,0,0,3,0.3333333333333333,0.0,0.0,0.6666666666666666,0.0,0.0,0.0,0.0,0.0,0.0,0.0,0.9182958340544896,0.265447025779401
émue,word,0,0,0,0,1,0,0,2,0,0,0,3,0.0,0.0,0.6666666666666666,0.0,0.0,0.0,0.0,0.0,0.3333333333333333,0.0,0.0,0.9182958340544896,0.265447025779401
état,lemma,0,2,0,0,0,0,0,0,1,0,0,3,0.6666666666666666,0.0,0.0,0.3333333333333333,0.0,0.0,0.0,0.0,0.0,0.0,0.0,0.9182958340544896,0.265447025779401
papa,lemma,0,0,0,0,0,0,0,1,0,0,2,3,0.0,0.0,0.3333333333333333,0.0,0.0,0.6666666666666666,0.0,0.0,0.0,0.0,0.0,0.9182958340544896,0.265447025779401
papa,word,0,0,0,0,0,0,0,1,0,0,2,3,0.0,0.0,0.3333333333333333,0.0,0.0,0.6666666666666666,0.0,0.0,0.0,0.0,0.0,0.9182958340544896,0.265447025779401
paris,lemma,0,1,0,0,0,0,0,2,0,0,0,3,0.3333333333333333,0.0,0.6666666666666666,0.0,0.0,0.0,0.0,0.0,0.0,0.0,0.0,0.9182958340544896,0.265447025779401
paris,word,0,1,0,0,0,0,0,2,0,0,0,3,0.3333333333333333,0.0,0.6666666666666666,0.0,0.0,0.0,0.0,0.0,0.0,0.0,0.0,0.9182958340544896,0.265447025779401
photo,lemma,0,4,0,2,0,0,0,0,0,0,0,6,0.6666666666666666,0.3333333333333333,0.0,0.0,0.0,0.0,0.0,0.0,0.0,0.0,0.0,0.9182958340544896,0.265447025779401
pied,lemma,0,0,0,0,0,0,0,1,2,0,0,3,0.0,0.0,0.3333333333333333,0.6666666666666666,0.0,0.0,0.0,0.0,0.0,0.0,0.0,0.9182958340544896,0.265447025779401
ému,lemma,0,0,0,0,1,0,0,2,0,0,0,3,0.0,0.0,0.6666666666666666,0.0,0.0,0.0,0.0,0.0,0.3333333333333333,0.0,0.0,0.9182958340544896,0.265447025779401
affaire,lemma,0,2,0,0,0,0,0,0,0,1,0,3,0.6666666666666666,0.0,0.0,0.0,0.3333333333333333,0.0,0.0,0.0,0.0,0.0,0.0,0.9182958340544896,0.265447025779401
affaires,word,0,2,0,0,0,0,0,0,0,1,0,3,0.6666666666666666,0.0,0.0,0.0,0.3333333333333333,0.0,0.0,0.0,0.0,0.0,0.0,0.9182958340544896,0.265447025779401
arabe,word,0,1,0,2,0,0,0,0,0,0,0,3,0.3333333333333333,0.6666666666666666,0.0,0.0,0.0,0.0,0.0,0.0,0.0,0.0,0.0,0.9182958340544896,0.265447025779401
paniqué,word,0,0,0,0,0,0,0,0,2,1,0,3,0.0,0.0,0.0,0.6666666666666666,0.3333333333333333,0.0,0.0,0.0,0.0,0.0,0.0,0.9182958340544896,0.265447025779401
descendre,lemma,0,7,0,0,0,0,0,3,0,0,0,10,0.7,0.0,0.3,0.0,0.0,0.0,0.0,0.0,0.0,0.0,0.0,0.8812908992306927,0.2547502007216554
casse,word,0,7,0,0,0,0,0,0,0,0,3,10,0.7,0.0,0.0,0.0,0.0,0.3,0.0,0.0,0.0,0.0,0.0,0.8812908992306927,0.2547502007216554
assez,word,0,23,0,0,0,1,0,0,0,0,5,29,0.7931034482758621,0.0,0.0,0.0,0.0,0.1724137931034483,0.0,0.0,0.0,0.034482758620689655,0.0,0.869995979136258,0.2514852366062832
insultes,word,0,2,0,0,13,0,0,0,1,0,0,16,0.125,0.0,0.0,0.0625,0.0,0.0,0.0,0.0,0.8125,0.0,0.0,0.8683927290103626,0.2510217933870971
travailler,lemma,1,9,0,0,0,0,0,0,1,0,0,11,0.8181818181818182,0.0,0.0,0.09090909090909091,0.0,0.0,0.09090909090909091,0.0,0.0,0.0,0.0,0.8658566174572235,0.2502886927414662
crasseuse,word,0,2,0,5,0,0,0,0,0,0,0,7,0.2857142857142857,0.7142857142857143,0.0,0.0,0.0,0.0,0.0,0.0,0.0,0.0,0.0,0.863120568566631,0.2494977972441098
paul,lemma,0,5,0,2,0,0,0,0,0,0,0,7,0.7142857142857143,0.2857142857142857,0.0,0.0,0.0,0.0,0.0,0.0,0.0,0.0,0.0,0.863120568566631,0.2494977972441098
paul,word,0,5,0,2,0,0,0,0,0,0,0,7,0.7142857142857143,0.2857142857142857,0.0,0.0,0.0,0.0,0.0,0.0,0.0,0.0,0.0,0.863120568566631,0.2494977972441098
aise,word,0,0,0,0,5,0,0,2,0,0,0,7,0.0,0.0,0.2857142857142857,0.0,0.0,0.0,0.0,0.0,0.7142857142857143,0.0,0.0,0.863120568566631,0.2494977972441098
effondrer,lemma,0,0,0,0,0,0,0,0,5,0,2,7,0.0,0.0,0.0,0.7142857142857143,0.0,0.2857142857142857,0.0,0.0,0.0,0.0,0.0,0.863120568566631,0.2494977972441098
venger,word,0,5,0,0,0,0,0,0,0,0,2,7,0.7142857142857143,0.0,0.0,0.0,0.0,0.2857142857142857,0.0,0.0,0.0,0.0,0.0,0.863120568566631,0.2494977972441098
venger,lemma,0,5,0,0,0,0,0,0,0,0,2,7,0.7142857142857143,0.0,0.0,0.0,0.0,0.2857142857142857,0.0,0.0,0.0,0.0,0.0,0.863120568566631,0.2494977972441098
moment,lemma,0,2,0,0,0,0,0,5,0,0,0,7,0.2857142857142857,0.0,0.7142857142857143,0.0,0.0,0.0,0.0,0.0,0.0,0.0,0.0,0.863120568566631,0.2494977972441098
dansé,word,0,0,0,0,0,2,0,5,0,0,0,7,0.0,0.0,0.7142857142857143,0.0,0.0,0.0,0.0,0.0,0.0,0.2857142857142857,0.0,0.863120568566631,0.2494977972441098
cacher,lemma,0,3,0,0,0,0,0,0,8,0,0,11,0.2727272727272727,0.0,0.0,0.7272727272727273,0.0,0.0,0.0,0.0,0.0,0.0,0.0,0.8453509366224364,0.2443612216724284
sourire,word,0,1,0,0,0,0,0,10,0,0,1,12,0.08333333333333333,0.0,0.8333333333333334,0.0,0.0,0.08333333333333333,0.0,0.0,0.0,0.0,0.0,0.8166890883150209,0.23607608946949568
pourtant,word,0,1,0,0,0,0,0,0,0,10,1,12,0.08333333333333333,0.0,0.0,0.0,0.8333333333333334,0.08333333333333333,0.0,0.0,0.0,0.0,0.0,0.8166890883150209,0.23607608946949568
pourtant,lemma,0,1,0,0,0,0,0,0,0,10,1,12,0.08333333333333333,0.0,0.0,0.0,0.8333333333333334,0.08333333333333333,0.0,0.0,0.0,0.0,0.0,0.8166890883150209,0.23607608946949568
dansé,lemma,0,0,0,0,0,1,0,3,0,0,0,4,0.0,0.0,0.75,0.0,0.0,0.0,0.0,0.0,0.0,0.25,0.0,0.8112781244591328,0.23451197014228103
protest,lemma,0,3,0,1,0,0,0,0,0,0,0,4,0.75,0.25,0.0,0.0,0.0,0.0,0.0,0.0,0.0,0.0,0.0,0.8112781244591328,0.23451197014228103
quittent,word,0,0,0,0,0,0,0,0,3,0,1,4,0.0,0.0,0.0,0.75,0.0,0.25,0.0,0.0,0.0,0.0,0.0,0.8112781244591328,0.23451197014228103
prison,word,0,1,0,0,0,0,0,0,3,0,0,4,0.25,0.0,0.0,0.75,0.0,0.0,0.0,0.0,0.0,0.0,0.0,0.8112781244591328,0.23451197014228103
puissante,word,1,0,0,0,0,0,0,0,3,0,0,4,0.0,0.0,0.0,0.75,0.0,0.0,0.25,0.0,0.0,0.0,0.0,0.8112781244591328,0.23451197014228103
volé,word,0,3,1,0,0,0,0,0,0,0,0,4,0.75,0.0,0.0,0.0,0.0,0.0,0.0,0.25,0.0,0.0,0.0,0.8112781244591328,0.23451197014228103
menaçant,word,0,1,0,0,0,0,0,0,3,0,0,4,0.25,0.0,0.0,0.75,0.0,0.0,0.0,0.0,0.0,0.0,0.0,0.8112781244591328,0.23451197014228103
place,word,0,3,0,0,0,1,0,0,0,0,0,4,0.75,0.0,0.0,0.0,0.0,0.0,0.0,0.0,0.0,0.25,0.0,0.8112781244591328,0.23451197014228103
meme,word,0,3,0,0,0,0,0,0,0,0,1,4,0.75,0.0,0.0,0.0,0.0,0.25,0.0,0.0,0.0,0.0,0.0,0.8112781244591328,0.23451197014228103
mobiliser,lemma,0,3,0,0,0,0,0,0,1,0,0,4,0.75,0.0,0.0,0.25,0.0,0.0,0.0,0.0,0.0,0.0,0.0,0.8112781244591328,0.23451197014228103
amusant,word,0,2,0,0,0,0,0,6,0,0,0,8,0.25,0.0,0.75,0.0,0.0,0.0,0.0,0.0,0.0,0.0,0.0,0.8112781244591328,0.23451197014228103
continue,word,0,3,0,1,0,0,0,0,0,0,0,4,0.75,0.25,0.0,0.0,0.0,0.0,0.0,0.0,0.0,0.0,0.0,0.8112781244591328,0.23451197014228103
petite,word,0,0,0,0,0,1,0,3,0,0,0,4,0.0,0.0,0.75,0.0,0.0,0.0,0.0,0.0,0.0,0.25,0.0,0.8112781244591328,0.23451197014228103
persécutions,word,0,0,0,0,0,0,0,0,3,0,1,4,0.0,0.0,0.0,0.75,0.0,0.25,0.0,0.0,0.0,0.0,0.0,0.8112781244591328,0.23451197014228103
persécuter,lemma,0,1,0,0,0,0,0,0,3,0,0,4,0.25,0.0,0.0,0.75,0.0,0.0,0.0,0.0,0.0,0.0,0.0,0.8112781244591328,0.23451197014228103
préoccupation,lemma,0,0,0,0,0,0,0,0,1,0,3,4,0.0,0.0,0.0,0.25,0.0,0.75,0.0,0.0,0.0,0.0,0.0,0.8112781244591328,0.23451197014228103
proteste,word,0,3,0,1,0,0,0,0,0,0,0,4,0.75,0.25,0.0,0.0,0.0,0.0,0.0,0.0,0.0,0.0,0.0,0.8112781244591328,0.23451197014228103
meme,lemma,0,3,0,0,0,0,0,0,0,0,1,4,0.75,0.0,0.0,0.0,0.0,0.25,0.0,0.0,0.0,0.0,0.0,0.8112781244591328,0.23451197014228103
descendus,word,0,3,0,0,0,0,0,1,0,0,0,4,0.75,0.0,0.25,0.0,0.0,0.0,0.0,0.0,0.0,0.0,0.0,0.8112781244591328,0.23451197014228103
boum,word,0,0,0,0,0,0,0,0,3,1,0,4,0.0,0.0,0.0,0.75,0.25,0.0,0.0,0.0,0.0,0.0,0.0,0.8112781244591328,0.23451197014228103
conflits,word,0,3,0,0,0,0,0,0,1,0,0,4,0.75,0.0,0.0,0.25,0.0,0.0,0.0,0.0,0.0,0.0,0.0,0.8112781244591328,0.23451197014228103
coupable,lemma,0,1,3,0,0,0,0,0,0,0,0,4,0.25,0.0,0.0,0.0,0.0,0.0,0.0,0.75,0.0,0.0,0.0,0.8112781244591328,0.23451197014228103
perdre,word,0,0,0,0,0,0,0,0,3,0,1,4,0.0,0.0,0.0,0.75,0.0,0.25,0.0,0.0,0.0,0.0,0.0,0.8112781244591328,0.23451197014228103
l'école,word,0,0,0,0,0,0,0,0,3,0,1,4,0.0,0.0,0.0,0.75,0.0,0.25,0.0,0.0,0.0,0.0,0.0,0.8112781244591328,0.23451197014228103
quel,lemma,0,0,0,0,0,0,0,3,0,1,0,4,0.0,0.0,0.75,0.0,0.25,0.0,0.0,0.0,0.0,0.0,0.0,0.8112781244591328,0.23451197014228103
coupable,word,0,1,3,0,0,0,0,0,0,0,0,4,0.25,0.0,0.0,0.0,0.0,0.0,0.0,0.75,0.0,0.0,0.0,0.8112781244591328,0.23451197014228103
quitter,lemma,0,0,0,0,0,0,0,0,12,0,4,16,0.0,0.0,0.0,0.75,0.0,0.25,0.0,0.0,0.0,0.0,0.0,0.8112781244591328,0.23451197014228103
armé,word,0,0,0,0,0,0,0,0,3,0,1,4,0.0,0.0,0.0,0.75,0.0,0.25,0.0,0.0,0.0,0.0,0.0,0.8112781244591328,0.23451197014228103
maladie,word,0,0,0,0,0,0,0,0,3,0,1,4,0.0,0.0,0.0,0.75,0.0,0.25,0.0,0.0,0.0,0.0,0.0,0.8112781244591328,0.23451197014228103
malgré,lemma,0,0,0,0,0,0,0,0,0,1,3,4,0.0,0.0,0.0,0.0,0.25,0.75,0.0,0.0,0.0,0.0,0.0,0.8112781244591328,0.23451197014228103
prison,lemma,0,1,0,0,0,0,0,0,3,0,0,4,0.25,0.0,0.0,0.75,0.0,0.0,0.0,0.0,0.0,0.0,0.0,0.8112781244591328,0.23451197014228103
humiliation,lemma,0,0,0,0,3,0,0,0,0,0,1,4,0.0,0.0,0.0,0.0,0.0,0.25,0.0,0.0,0.75,0.0,0.0,0.8112781244591328,0.23451197014228103
humiliations,word,0,0,0,0,3,0,0,0,0,0,1,4,0.0,0.0,0.0,0.0,0.0,0.25,0.0,0.0,0.75,0.0,0.0,0.8112781244591328,0.23451197014228103
rond,lemma,0,3,0,0,0,0,0,0,0,1,0,4,0.75,0.0,0.0,0.0,0.25,0.0,0.0,0.0,0.0,0.0,0.0,0.8112781244591328,0.23451197014228103
fermer,lemma,0,1,0,0,0,0,0,0,3,0,0,4,0.25,0.0,0.0,0.75,0.0,0.0,0.0,0.0,0.0,0.0,0.0,0.8112781244591328,0.23451197014228103
grogner,lemma,0,3,0,0,0,0,0,0,0,0,1,4,0.75,0.0,0.0,0.0,0.0,0.25,0.0,0.0,0.0,0.0,0.0,0.8112781244591328,0.23451197014228103
attaque,word,0,1,0,0,0,0,0,0,3,0,0,4,0.25,0.0,0.0,0.75,0.0,0.0,0.0,0.0,0.0,0.0,0.0,0.8112781244591328,0.23451197014228103
augmentation,lemma,0,3,0,0,0,0,0,0,1,0,0,4,0.75,0.0,0.0,0.25,0.0,0.0,0.0,0.0,0.0,0.0,0.0,0.8112781244591328,0.23451197014228103
souvenir,lemma,0,0,0,0,0,0,0,6,0,0,2,8,0.0,0.0,0.75,0.0,0.0,0.25,0.0,0.0,0.0,0.0,0.0,0.8112781244591328,0.23451197014228103
féliciter,lemma,0,0,0,0,0,1,0,3,0,0,0,4,0.0,0.0,0.75,0.0,0.0,0.0,0.0,0.0,0.0,0.25,0.0,0.8112781244591328,0.23451197014228103
suffire,lemma,0,6,0,0,0,0,0,0,0,0,2,8,0.75,0.0,0.0,0.0,0.0,0.25,0.0,0.0,0.0,0.0,0.0,0.8112781244591328,0.23451197014228103
finir,lemma,0,3,0,0,0,0,0,1,0,0,0,4,0.75,0.0,0.25,0.0,0.0,0.0,0.0,0.0,0.0,0.0,0.0,0.8112781244591328,0.23451197014228103
catastrophes,word,0,0,0,0,0,0,0,0,3,0,1,4,0.0,0.0,0.0,0.75,0.0,0.25,0.0,0.0,0.0,0.0,0.0,0.8112781244591328,0.23451197014228103
harcelé,word,0,0,0,0,0,0,0,0,1,0,3,4,0.0,0.0,0.0,0.25,0.0,0.75,0.0,0.0,0.0,0.0,0.0,0.8112781244591328,0.23451197014228103
harcelé,lemma,0,0,0,0,0,0,0,0,1,0,3,4,0.0,0.0,0.0,0.25,0.0,0.75,0.0,0.0,0.0,0.0,0.0,0.8112781244591328,0.23451197014228103
n'en,word,0,0,0,0,0,0,0,1,0,3,0,4,0.0,0.0,0.25,0.0,0.75,0.0,0.0,0.0,0.0,0.0,0.0,0.8112781244591328,0.23451197014228103
grogné,word,0,3,0,0,0,0,0,0,0,0,1,4,0.75,0.0,0.0,0.0,0.0,0.25,0.0,0.0,0.0,0.0,0.0,0.8112781244591328,0.23451197014228103
oeil,word,0,3,0,1,0,0,0,0,0,0,0,4,0.75,0.25,0.0,0.0,0.0,0.0,0.0,0.0,0.0,0.0,0.0,0.8112781244591328,0.23451197014228103
cauchemar,word,0,0,0,0,0,0,0,0,3,0,1,4,0.0,0.0,0.0,0.75,0.0,0.25,0.0,0.0,0.0,0.0,0.0,0.8112781244591328,0.23451197014228103
rues,word,0,3,0,0,0,0,0,1,0,0,0,4,0.75,0.0,0.25,0.0,0.0,0.0,0.0,0.0,0.0,0.0,0.0,0.8112781244591328,0.23451197014228103
animal,lemma,1,0,0,0,0,0,0,0,3,0,0,4,0.0,0.0,0.0,0.75,0.0,0.0,0.25,0.0,0.0,0.0,0.0,0.8112781244591328,0.23451197014228103
eh,lemma,0,0,0,0,0,0,0,0,0,3,1,4,0.0,0.0,0.0,0.0,0.75,0.25,0.0,0.0,0.0,0.0,0.0,0.8112781244591328,0.23451197014228103
expulser,lemma,0,3,0,1,0,0,0,0,0,0,0,4,0.75,0.25,0.0,0.0,0.0,0.0,0.0,0.0,0.0,0.0,0.0,0.8112781244591328,0.23451197014228103
odeur,lemma,0,1,0,3,0,0,0,0,0,0,0,4,0.25,0.75,0.0,0.0,0.0,0.0,0.0,0.0,0.0,0.0,0.0,0.8112781244591328,0.23451197014228103
fan,lemma,3,0,0,0,0,1,0,0,0,0,0,4,0.0,0.0,0.0,0.0,0.0,0.0,0.75,0.0,0.0,0.25,0.0,0.8112781244591328,0.23451197014228103
croisière,lemma,0,0,0,0,0,0,0,3,0,0,1,4,0.0,0.0,0.75,0.0,0.0,0.25,0.0,0.0,0.0,0.0,0.0,0.8112781244591328,0.23451197014228103
croisière,word,0,0,0,0,0,0,0,3,0,0,1,4,0.0,0.0,0.75,0.0,0.0,0.25,0.0,0.0,0.0,0.0,0.0,0.8112781244591328,0.23451197014228103
expulser,word,0,3,0,1,0,0,0,0,0,0,0,4,0.75,0.25,0.0,0.0,0.0,0.0,0.0,0.0,0.0,0.0,0.0,0.8112781244591328,0.23451197014228103
tomber,lemma,0,0,0,0,0,0,0,0,1,0,3,4,0.0,0.0,0.0,0.25,0.0,0.75,0.0,0.0,0.0,0.0,0.0,0.8112781244591328,0.23451197014228103
combats,word,0,0,0,0,0,0,0,0,3,0,1,4,0.0,0.0,0.0,0.75,0.0,0.25,0.0,0.0,0.0,0.0,0.0,0.8112781244591328,0.23451197014228103
oreille,lemma,0,1,0,0,0,0,0,3,0,0,0,4,0.25,0.0,0.75,0.0,0.0,0.0,0.0,0.0,0.0,0.0,0.0,0.8112781244591328,0.23451197014228103
exceptionnelle,word,0,0,0,0,0,0,0,1,0,3,0,4,0.0,0.0,0.25,0.0,0.75,0.0,0.0,0.0,0.0,0.0,0.0,0.8112781244591328,0.23451197014228103
tendue,word,0,3,0,0,0,0,0,0,1,0,0,4,0.75,0.0,0.0,0.25,0.0,0.0,0.0,0.0,0.0,0.0,0.0,0.8112781244591328,0.23451197014228103
embêter,lemma,0,1,0,0,0,0,0,0,0,0,3,4,0.25,0.0,0.0,0.0,0.0,0.75,0.0,0.0,0.0,0.0,0.0,0.8112781244591328,0.23451197014228103
exceptionnelle,lemma,0,0,0,0,0,0,0,1,0,3,0,4,0.0,0.0,0.25,0.0,0.75,0.0,0.0,0.0,0.0,0.0,0.0,0.8112781244591328,0.23451197014228103
euro,lemma,0,1,0,0,0,0,0,3,0,0,0,4,0.25,0.0,0.75,0.0,0.0,0.0,0.0,0.0,0.0,0.0,0.0,0.8112781244591328,0.23451197014228103
accident,lemma,0,1,0,0,0,0,0,0,3,0,0,4,0.25,0.0,0.0,0.75,0.0,0.0,0.0,0.0,0.0,0.0,0.0,0.8112781244591328,0.23451197014228103
arabe,lemma,0,1,0,3,0,0,0,0,0,0,0,4,0.25,0.75,0.0,0.0,0.0,0.0,0.0,0.0,0.0,0.0,0.0,0.8112781244591328,0.23451197014228103
tirer,lemma,0,0,0,0,0,0,0,1,3,0,0,4,0.0,0.0,0.25,0.75,0.0,0.0,0.0,0.0,0.0,0.0,0.0,0.8112781244591328,0.23451197014228103
eh,word,0,0,0,0,0,0,0,0,0,3,1,4,0.0,0.0,0.0,0.0,0.75,0.25,0.0,0.0,0.0,0.0,0.0,0.8112781244591328,0.23451197014228103
tomber,word,0,0,0,0,0,0,0,0,1,0,3,4,0.0,0.0,0.0,0.25,0.0,0.75,0.0,0.0,0.0,0.0,0.0,0.8112781244591328,0.23451197014228103
agression,word,0,0,0,0,0,0,0,0,1,0,3,4,0.0,0.0,0.0,0.25,0.0,0.75,0.0,0.0,0.0,0.0,0.0,0.8112781244591328,0.23451197014228103
drole,word,0,1,0,0,0,0,0,3,0,0,0,4,0.25,0.0,0.75,0.0,0.0,0.0,0.0,0.0,0.0,0.0,0.0,0.8112781244591328,0.23451197014228103
d'être,word,0,3,0,1,0,0,0,0,0,0,0,4,0.75,0.25,0.0,0.0,0.0,0.0,0.0,0.0,0.0,0.0,0.0,0.8112781244591328,0.23451197014228103
dommage,lemma,0,1,0,0,0,0,0,0,0,0,3,4,0.25,0.0,0.0,0.0,0.0,0.75,0.0,0.0,0.0,0.0,0.0,0.8112781244591328,0.23451197014228103
droit,lemma,0,3,0,0,0,0,0,1,0,0,0,4,0.75,0.0,0.25,0.0,0.0,0.0,0.0,0.0,0.0,0.0,0.0,0.8112781244591328,0.23451197014228103
tendre,lemma,0,11,0,0,0,0,0,1,1,0,0,13,0.8461538461538461,0.0,0.07692307692307693,0.07692307692307693,0.0,0.0,0.0,0.0,0.0,0.0,0.0,0.7732283485249176,0.22351311827042256
quitter,word,0,0,0,0,0,0,0,0,7,0,2,9,0.0,0.0,0.0,0.7777777777777778,0.0,0.2222222222222222,0.0,0.0,0.0,0.0,0.0,0.7642045065086203,0.22090464294526152
troupe,lemma,0,0,0,0,0,2,0,7,0,0,0,9,0.0,0.0,0.7777777777777778,0.0,0.0,0.0,0.0,0.0,0.0,0.2222222222222222,0.0,0.7642045065086203,0.22090464294526152
troupe,word,0,0,0,0,0,2,0,7,0,0,0,9,0.0,0.0,0.7777777777777778,0.0,0.0,0.0,0.0,0.0,0.0,0.2222222222222222,0.0,0.7642045065086203,0.22090464294526152
casser,lemma,0,11,0,0,0,0,0,0,0,0,3,14,0.7857142857142857,0.0,0.0,0.0,0.0,0.21428571428571427,0.0,0.0,0.0,0.0,0.0,0.74959525725948,0.21668162284842404
accord,lemma,0,18,0,0,0,0,0,2,1,0,0,21,0.8571428571428571,0.0,0.09523809523809523,0.047619047619047616,0.0,0.0,0.0,0.0,0.0,0.0,0.0,0.7228578977329688,0.20895279266069416
échapper,word,0,1,0,0,0,0,0,0,4,0,0,5,0.2,0.0,0.0,0.8,0.0,0.0,0.0,0.0,0.0,0.0,0.0,0.7219280948873623,0.20868401936261904
angoisser,lemma,0,1,0,0,0,0,0,0,4,0,0,5,0.2,0.0,0.0,0.8,0.0,0.0,0.0,0.0,0.0,0.0,0.0,0.7219280948873623,0.20868401936261904
partir,word,0,0,0,0,0,0,0,0,1,0,4,5,0.0,0.0,0.0,0.2,0.0,0.8,0.0,0.0,0.0,0.0,0.0,0.7219280948873623,0.20868401936261904
ah,word,0,0,0,0,0,0,0,1,0,4,0,5,0.0,0.0,0.2,0.0,0.8,0.0,0.0,0.0,0.0,0.0,0.0,0.7219280948873623,0.20868401936261904
défendre,lemma,0,1,0,0,0,0,0,0,4,0,0,5,0.2,0.0,0.0,0.8,0.0,0.0,0.0,0.0,0.0,0.0,0.0,0.7219280948873623,0.20868401936261904
défendre,word,0,1,0,0,0,0,0,0,4,0,0,5,0.2,0.0,0.0,0.8,0.0,0.0,0.0,0.0,0.0,0.0,0.0,0.7219280948873623,0.20868401936261904
célébré,word,0,0,0,0,0,1,0,4,0,0,0,5,0.0,0.0,0.8,0.0,0.0,0.0,0.0,0.0,0.0,0.2,0.0,0.7219280948873623,0.20868401936261904
célébré,lemma,0,0,0,0,0,1,0,4,0,0,0,5,0.0,0.0,0.8,0.0,0.0,0.0,0.0,0.0,0.0,0.2,0.0,0.7219280948873623,0.20868401936261904
croire,word,0,0,0,0,0,0,0,1,0,4,0,5,0.0,0.0,0.2,0.0,0.8,0.0,0.0,0.0,0.0,0.0,0.0,0.7219280948873623,0.20868401936261904
perdu,lemma,0,0,0,0,0,0,0,0,1,0,4,5,0.0,0.0,0.0,0.2,0.0,0.8,0.0,0.0,0.0,0.0,0.0,0.7219280948873623,0.20868401936261904
dû,word,0,0,1,0,0,0,0,0,0,0,4,5,0.0,0.0,0.0,0.0,0.0,0.8,0.0,0.2,0.0,0.0,0.0,0.7219280948873623,0.20868401936261904
nouvelle,word,0,0,0,0,0,0,0,4,0,0,1,5,0.0,0.0,0.8,0.0,0.0,0.2,0.0,0.0,0.0,0.0,0.0,0.7219280948873623,0.20868401936261904
new,word,0,0,0,0,0,1,0,4,0,0,0,5,0.0,0.0,0.8,0.0,0.0,0.0,0.0,0.0,0.0,0.2,0.0,0.7219280948873623,0.20868401936261904
ah,lemma,0,0,0,0,0,0,0,1,0,4,0,5,0.0,0.0,0.2,0.0,0.8,0.0,0.0,0.0,0.0,0.0,0.0,0.7219280948873623,0.20868401936261904
belle,word,1,0,0,0,0,0,0,4,0,0,0,5,0.0,0.0,0.8,0.0,0.0,0.0,0.2,0.0,0.0,0.0,0.0,0.7219280948873623,0.20868401936261904
pauvre,word,0,0,0,0,0,0,0,0,1,0,4,5,0.0,0.0,0.0,0.2,0.0,0.8,0.0,0.0,0.0,0.0,0.0,0.7219280948873623,0.20868401936261904
menacé,word,0,2,0,0,0,0,0,0,8,0,0,10,0.2,0.0,0.0,0.8,0.0,0.0,0.0,0.0,0.0,0.0,0.0,0.7219280948873623,0.20868401936261904
protesté,word,0,4,0,0,0,0,0,0,0,1,0,5,0.8,0.0,0.0,0.0,0.2,0.0,0.0,0.0,0.0,0.0,0.0,0.7219280948873623,0.20868401936261904
york,lemma,0,0,0,0,0,1,0,4,0,0,0,5,0.0,0.0,0.8,0.0,0.0,0.0,0.0,0.0,0.0,0.2,0.0,0.7219280948873623,0.20868401936261904
york,word,0,0,0,0,0,1,0,4,0,0,0,5,0.0,0.0,0.8,0.0,0.0,0.0,0.0,0.0,0.0,0.2,0.0,0.7219280948873623,0.20868401936261904
rigole,word,0,1,0,0,0,0,0,4,0,0,0,5,0.2,0.0,0.8,0.0,0.0,0.0,0.0,0.0,0.0,0.0,0.0,0.7219280948873623,0.20868401936261904
photos,word,0,4,0,1,0,0,0,0,0,0,0,5,0.8,0.2,0.0,0.0,0.0,0.0,0.0,0.0,0.0,0.0,0.0,0.7219280948873623,0.20868401936261904
inondations,word,0,0,0,0,0,0,0,0,4,0,1,5,0.0,0.0,0.0,0.8,0.0,0.2,0.0,0.0,0.0,0.0,0.0,0.7219280948873623,0.20868401936261904
retrouver,lemma,0,0,0,0,0,0,0,4,0,1,0,5,0.0,0.0,0.8,0.0,0.2,0.0,0.0,0.0,0.0,0.0,0.0,0.7219280948873623,0.20868401936261904
respecter,word,0,4,0,1,0,0,0,0,0,0,0,5,0.8,0.2,0.0,0.0,0.0,0.0,0.0,0.0,0.0,0.0,0.0,0.7219280948873623,0.20868401936261904
repas,word,0,0,0,0,0,0,0,4,0,0,1,5,0.0,0.0,0.8,0.0,0.0,0.2,0.0,0.0,0.0,0.0,0.0,0.7219280948873623,0.20868401936261904
moquerie,lemma,0,0,0,0,4,0,0,0,0,0,1,5,0.0,0.0,0.0,0.0,0.0,0.2,0.0,0.0,0.8,0.0,0.0,0.7219280948873623,0.20868401936261904
augmentation,word,0,4,0,0,0,0,0,0,1,0,0,5,0.8,0.0,0.0,0.2,0.0,0.0,0.0,0.0,0.0,0.0,0.0,0.7219280948873623,0.20868401936261904
cauchemar,lemma,0,0,0,0,0,0,0,0,4,0,1,5,0.0,0.0,0.0,0.8,0.0,0.2,0.0,0.0,0.0,0.0,0.0,0.7219280948873623,0.20868401936261904
moqueries,word,0,0,0,0,4,0,0,0,0,0,1,5,0.0,0.0,0.0,0.0,0.0,0.2,0.0,0.0,0.8,0.0,0.0,0.7219280948873623,0.20868401936261904
repas,lemma,0,0,0,0,0,0,0,4,0,0,1,5,0.0,0.0,0.8,0.0,0.0,0.2,0.0,0.0,0.0,0.0,0.0,0.7219280948873623,0.20868401936261904
regarde,word,0,4,0,0,0,0,0,1,0,0,0,5,0.8,0.0,0.2,0.0,0.0,0.0,0.0,0.0,0.0,0.0,0.0,0.7219280948873623,0.20868401936261904
menace,word,0,4,0,0,0,0,0,0,17,0,0,21,0.19047619047619047,0.0,0.0,0.8095238095238095,0.0,0.0,0.0,0.0,0.0,0.0,0.0,0.7024665512903903,0.20305837164288232
victoire,lemma,0,0,0,0,0,3,0,14,0,0,0,17,0.0,0.0,0.8235294117647058,0.0,0.0,0.0,0.0,0.0,0.0,0.17647058823529413,0.0,0.6722948170756379,0.19433678453238545
victoire,word,0,0,0,0,0,3,0,15,0,0,0,18,0.0,0.0,0.8333333333333334,0.0,0.0,0.0,0.0,0.0,0.0,0.16666666666666666,0.0,0.6500224216483541,0.18789861841651434
opposer,lemma,0,5,0,0,0,0,0,0,1,0,0,6,0.8333333333333334,0.0,0.0,0.16666666666666666,0.0,0.0,0.0,0.0,0.0,0.0,0.0,0.6500224216483541,0.18789861841651434
décevoir,lemma,0,0,0,0,0,0,0,0,1,0,5,6,0.0,0.0,0.0,0.16666666666666666,0.0,0.8333333333333334,0.0,0.0,0.0,0.0,0.0,0.6500224216483541,0.18789861841651434
encourager,lemma,0,0,0,0,0,1,0,5,0,0,0,6,0.0,0.0,0.8333333333333334,0.0,0.0,0.0,0.0,0.0,0.0,0.16666666666666666,0.0,0.6500224216483541,0.18789861841651434
couille,lemma,0,5,0,1,0,0,0,0,0,0,0,6,0.8333333333333334,0.16666666666666666,0.0,0.0,0.0,0.0,0.0,0.0,0.0,0.0,0.0,0.6500224216483541,0.18789861841651434
échapper,lemma,0,1,0,0,0,0,0,0,5,0,0,6,0.16666666666666666,0.0,0.0,0.8333333333333334,0.0,0.0,0.0,0.0,0.0,0.0,0.0,0.6500224216483541,0.18789861841651434
hausse,word,0,5,0,0,0,0,0,0,0,0,1,6,0.8333333333333334,0.0,0.0,0.0,0.0,0.16666666666666666,0.0,0.0,0.0,0.0,0.0,0.6500224216483541,0.18789861841651434
gueule,lemma,0,5,0,1,0,0,0,0,0,0,0,6,0.8333333333333334,0.16666666666666666,0.0,0.0,0.0,0.0,0.0,0.0,0.0,0.0,0.0,0.6500224216483541,0.18789861841651434
héros,lemma,5,0,0,0,0,1,0,0,0,0,0,6,0.0,0.0,0.0,0.0,0.0,0.0,0.8333333333333334,0.0,0.0,0.16666666666666666,0.0,0.6500224216483541,0.18789861841651434
héros,word,5,0,0,0,0,1,0,0,0,0,0,6,0.0,0.0,0.0,0.0,0.0,0.0,0.8333333333333334,0.0,0.0,0.16666666666666666,0.0,0.6500224216483541,0.18789861841651434
couilles,word,0,5,0,1,0,0,0,0,0,0,0,6,0.8333333333333334,0.16666666666666666,0.0,0.0,0.0,0.0,0.0,0.0,0.0,0.0,0.0,0.6500224216483541,0.18789861841651434
souvenir,word,0,0,0,0,0,0,0,5,0,0,1,6,0.0,0.0,0.8333333333333334,0.0,0.0,0.16666666666666666,0.0,0.0,0.0,0.0,0.0,0.6500224216483541,0.18789861841651434
hausse,lemma,0,5,0,0,0,0,0,0,0,0,1,6,0.8333333333333334,0.0,0.0,0.0,0.0,0.16666666666666666,0.0,0.0,0.0,0.0,0.0,0.6500224216483541,0.18789861841651434
sourire,lemma,0,0,0,0,1,0,0,15,0,0,1,17,0.0,0.0,0.8823529411764706,0.0,0.0,0.058823529411764705,0.0,0.0,0.058823529411764705,0.0,0.0,0.6402064333604701,0.18506116146693874
amusant,lemma,0,2,0,0,0,0,0,11,0,0,0,13,0.15384615384615385,0.0,0.8461538461538461,0.0,0.0,0.0,0.0,0.0,0.0,0.0,0.0,0.6193821946787638,0.17904160652920906
critique,lemma,0,12,0,0,0,0,0,0,2,0,0,14,0.8571428571428571,0.0,0.0,0.14285714285714285,0.0,0.0,0.0,0.0,0.0,0.0,0.0,0.5916727785823275,0.17103178897792262
stop,lemma,0,6,0,1,0,0,0,0,0,0,0,7,0.8571428571428571,0.14285714285714285,0.0,0.0,0.0,0.0,0.0,0.0,0.0,0.0,0.0,0.5916727785823275,0.17103178897792262
stop,word,0,6,0,1,0,0,0,0,0,0,0,7,0.8571428571428571,0.14285714285714285,0.0,0.0,0.0,0.0,0.0,0.0,0.0,0.0,0.0,0.5916727785823275,0.17103178897792262
subir,lemma,0,1,0,0,0,0,0,0,0,0,6,7,0.14285714285714285,0.0,0.0,0.0,0.0,0.8571428571428571,0.0,0.0,0.0,0.0,0.0,0.5916727785823275,0.17103178897792262
con,word,0,6,0,1,0,0,0,0,0,0,0,7,0.8571428571428571,0.14285714285714285,0.0,0.0,0.0,0.0,0.0,0.0,0.0,0.0,0.0,0.5916727785823275,0.17103178897792262
j'ai,word,0,6,0,0,1,0,0,0,0,0,0,7,0.8571428571428571,0.0,0.0,0.0,0.0,0.0,0.0,0.0,0.14285714285714285,0.0,0.0,0.5916727785823275,0.17103178897792262
menaces,word,0,1,0,0,0,0,0,0,6,0,0,7,0.14285714285714285,0.0,0.0,0.8571428571428571,0.0,0.0,0.0,0.0,0.0,0.0,0.0,0.5916727785823275,0.17103178897792262
larme,lemma,0,0,0,0,1,0,0,0,0,0,6,7,0.0,0.0,0.0,0.0,0.0,0.8571428571428571,0.0,0.0,0.14285714285714285,0.0,0.0,0.5916727785823275,0.17103178897792262
larmes,word,0,0,0,0,1,0,0,0,0,0,6,7,0.0,0.0,0.0,0.0,0.0,0.8571428571428571,0.0,0.0,0.14285714285714285,0.0,0.0,0.5916727785823275,0.17103178897792262
menace,lemma,0,1,0,0,0,0,0,0,6,0,0,7,0.14285714285714285,0.0,0.0,0.8571428571428571,0.0,0.0,0.0,0.0,0.0,0.0,0.0,0.5916727785823275,0.17103178897792262
réfugier,word,0,1,0,0,0,0,0,0,6,0,0,7,0.14285714285714285,0.0,0.0,0.8571428571428571,0.0,0.0,0.0,0.0,0.0,0.0,0.0,0.5916727785823275,0.17103178897792262
regretter,lemma,0,0,1,0,0,0,0,0,0,0,7,8,0.0,0.0,0.0,0.0,0.0,0.875,0.0,0.125,0.0,0.0,0.0,0.5435644431995964,0.15712536136607075
regrette,word,0,0,1,0,0,0,0,0,0,0,7,8,0.0,0.0,0.0,0.0,0.0,0.875,0.0,0.125,0.0,0.0,0.0,0.5435644431995964,0.15712536136607075
marrant,word,0,1,0,0,0,0,0,7,0,0,0,8,0.125,0.0,0.875,0.0,0.0,0.0,0.0,0.0,0.0,0.0,0.0,0.5435644431995964,0.15712536136607075
découvre,word,0,0,0,0,0,0,0,0,1,7,0,8,0.0,0.0,0.0,0.125,0.875,0.0,0.0,0.0,0.0,0.0,0.0,0.5435644431995964,0.15712536136607075
enfuir,lemma,0,0,0,0,0,0,0,0,7,1,0,8,0.0,0.0,0.0,0.875,0.125,0.0,0.0,0.0,0.0,0.0,0.0,0.5435644431995964,0.15712536136607075
tranquille,lemma,0,7,0,0,0,0,0,1,0,0,0,8,0.875,0.0,0.125,0.0,0.0,0.0,0.0,0.0,0.0,0.0,0.0,0.5435644431995964,0.15712536136607075
menacer,lemma,0,8,0,0,0,0,0,0,59,0,0,67,0.11940298507462686,0.0,0.0,0.8805970149253731,0.0,0.0,0.0,0.0,0.0,0.0,0.0,0.52764232609436,0.1525228373504325
fuient,word,0,0,0,0,0,0,0,0,15,0,2,17,0.0,0.0,0.0,0.8823529411764706,0.0,0.11764705882352941,0.0,0.0,0.0,0.0,0.0,0.5225593745369408,0.1510535348413049
menacer,word,0,1,0,0,0,0,0,0,8,0,0,9,0.1111111111111111,0.0,0.0,0.8888888888888888,0.0,0.0,0.0,0.0,0.0,0.0,0.0,0.5032583347756457,0.1454742831349515
révolte,word,0,8,0,0,0,0,0,0,1,0,0,9,0.8888888888888888,0.0,0.0,0.1111111111111111,0.0,0.0,0.0,0.0,0.0,0.0,0.0,0.5032583347756457,0.1454742831349515
gueule,word,0,8,0,1,0,0,0,0,0,0,0,9,0.8888888888888888,0.1111111111111111,0.0,0.0,0.0,0.0,0.0,0.0,0.0,0.0,0.0,0.5032583347756457,0.1454742831349515
révolte,lemma,0,8,0,0,0,0,0,0,1,0,0,9,0.8888888888888888,0.0,0.0,0.1111111111111111,0.0,0.0,0.0,0.0,0.0,0.0,0.0,0.5032583347756457,0.1454742831349515
dérange,lemma,0,1,0,0,0,0,0,0,0,0,8,9,0.1111111111111111,0.0,0.0,0.0,0.0,0.8888888888888888,0.0,0.0,0.0,0.0,0.0,0.5032583347756457,0.1454742831349515
con,lemma,0,8,0,1,0,0,0,0,0,0,0,9,0.8888888888888888,0.1111111111111111,0.0,0.0,0.0,0.0,0.0,0.0,0.0,0.0,0.0,0.5032583347756457,0.1454742831349515
dérange,word,0,1,0,0,0,0,0,0,0,0,8,9,0.1111111111111111,0.0,0.0,0.0,0.0,0.8888888888888888,0.0,0.0,0.0,0.0,0.0,0.5032583347756457,0.1454742831349515
violent,word,0,0,0,0,0,0,0,0,8,0,1,9,0.0,0.0,0.0,0.8888888888888888,0.0,0.1111111111111111,0.0,0.0,0.0,0.0,0.0,0.5032583347756457,0.1454742831349515
accusé,word,0,22,0,0,1,0,0,0,1,0,0,24,0.9166666666666666,0.0,0.0,0.041666666666666664,0.0,0.0,0.0,0.0,0.041666666666666664,0.0,0.0,0.49715018363696706,0.14370863148692595
pleurer,word,0,0,0,0,0,0,0,2,0,0,17,19,0.0,0.0,0.10526315789473684,0.0,0.0,0.8947368421052632,0.0,0.0,0.0,0.0,0.0,0.4854607607459134,0.14032963048916716
affronter,lemma,0,9,0,0,0,0,0,0,1,0,0,10,0.9,0.0,0.0,0.1,0.0,0.0,0.0,0.0,0.0,0.0,0.0,0.4689955935892812,0.13557012980474029
travailler,word,0,9,0,0,0,0,0,0,1,0,0,10,0.9,0.0,0.0,0.1,0.0,0.0,0.0,0.0,0.0,0.0,0.0,0.4689955935892812,0.13557012980474029
v,lemma,0,9,0,0,0,0,0,1,0,0,0,10,0.9,0.0,0.1,0.0,0.0,0.0,0.0,0.0,0.0,0.0,0.0,0.4689955935892812,0.13557012980474029
conflit,word,0,9,0,0,0,0,0,0,1,0,0,10,0.9,0.0,0.0,0.1,0.0,0.0,0.0,0.0,0.0,0.0,0.0,0.4689955935892812,0.13557012980474029
incroyable,lemma,1,0,0,0,0,0,0,0,0,9,0,10,0.0,0.0,0.0,0.0,0.9,0.0,0.1,0.0,0.0,0.0,0.0,0.4689955935892812,0.13557012980474029
s'inquiète,word,0,0,0,0,0,0,0,0,9,0,1,10,0.0,0.0,0.0,0.9,0.0,0.1,0.0,0.0,0.0,0.0,0.0,0.4689955935892812,0.13557012980474029
t'as,word,0,9,0,1,0,0,0,0,0,0,0,10,0.9,0.1,0.0,0.0,0.0,0.0,0.0,0.0,0.0,0.0,0.0,0.4689955935892812,0.13557012980474029
surprise,word,0,0,0,0,0,0,0,2,1,38,0,41,0.0,0.0,0.04878048780487805,0.024390243902439025,0.926829268292683,0.0,0.0,0.0,0.0,0.0,0.0,0.44483869947524834,0.12858722140328777
surprise,lemma,0,0,0,0,0,0,0,2,1,38,0,41,0.0,0.0,0.04878048780487805,0.024390243902439025,0.926829268292683,0.0,0.0,0.0,0.0,0.0,0.0,0.44483869947524834,0.12858722140328777
désaccord,word,0,10,0,1,0,0,0,0,0,0,0,11,0.9090909090909091,0.09090909090909091,0.0,0.0,0.0,0.0,0.0,0.0,0.0,0.0,0.0,0.4394969869215134,0.1270431201917023
rir,lemma,0,2,0,0,0,0,0,20,0,0,0,22,0.09090909090909091,0.0,0.9090909090909091,0.0,0.0,0.0,0.0,0.0,0.0,0.0,0.0,0.4394969869215134,0.1270431201917023
marrant,lemma,0,1,0,0,0,0,0,10,0,0,0,11,0.09090909090909091,0.0,0.9090909090909091,0.0,0.0,0.0,0.0,0.0,0.0,0.0,0.0,0.4394969869215134,0.1270431201917023
protester,lemma,0,27,0,0,0,0,0,0,0,1,1,29,0.9310344827586207,0.0,0.0,0.0,0.034482758620689655,0.034482758620689655,0.0,0.0,0.0,0.0,0.0,0.4310167689753772,0.12459178746396461
injuste,word,0,11,0,0,0,0,0,0,0,0,1,12,0.9166666666666666,0.0,0.0,0.0,0.0,0.08333333333333333,0.0,0.0,0.0,0.0,0.0,0.41381685030363374,0.11961989596043529
souffrir,word,0,0,0,0,0,0,0,0,1,0,11,12,0.0,0.0,0.0,0.08333333333333333,0.0,0.9166666666666666,0.0,0.0,0.0,0.0,0.0,0.41381685030363374,0.11961989596043529
désaccord,lemma,0,11,0,1,0,0,0,0,0,0,0,12,0.9166666666666666,0.08333333333333333,0.0,0.0,0.0,0.0,0.0,0.0,0.0,0.0,0.0,0.41381685030363374,0.11961989596043529
rire,word,0,2,0,0,0,0,0,22,0,0,0,24,0.08333333333333333,0.0,0.9166666666666666,0.0,0.0,0.0,0.0,0.0,0.0,0.0,0.0,0.41381685030363374,0.11961989596043529
mere,lemma,0,12,0,1,0,0,0,0,0,0,0,13,0.9230769230769231,0.07692307692307693,0.0,0.0,0.0,0.0,0.0,0.0,0.0,0.0,0.0,0.39124356362925566,0.1130947527684823
conflit,lemma,0,12,0,0,0,0,0,0,1,0,0,13,0.9230769230769231,0.0,0.0,0.07692307692307693,0.0,0.0,0.0,0.0,0.0,0.0,0.0,0.39124356362925566,0.1130947527684823
rire,lemma,0,0,0,0,0,0,0,13,1,0,0,14,0.0,0.0,0.9285714285714286,0.07142857142857142,0.0,0.0,0.0,0.0,0.0,0.0,0.0,0.37123232664087563,0.10731020802403013
injuste,lemma,0,13,0,0,0,0,0,0,0,0,1,14,0.9285714285714286,0.0,0.0,0.0,0.0,0.07142857142857142,0.0,0.0,0.0,0.0,0.0,0.37123232664087563,0.10731020802403013
étonnant,word,0,1,0,0,0,0,0,0,0,14,0,15,0.06666666666666667,0.0,0.0,0.0,0.9333333333333333,0.0,0.0,0.0,0.0,0.0,0.0,0.35335933502142136,0.10214375480577151
refuser,lemma,0,15,0,0,0,0,0,1,0,0,0,16,0.9375,0.0,0.0625,0.0,0.0,0.0,0.0,0.0,0.0,0.0,0.0,0.3372900666170139,0.09749869452539595
inquiet,lemma,0,0,0,0,0,0,0,0,53,0,3,56,0.0,0.0,0.0,0.9464285714285714,0.0,0.05357142857142857,0.0,0.0,0.0,0.0,0.0,0.3013786435930858,0.08711796526615598
accuser,lemma,0,66,0,0,1,0,0,0,2,0,0,69,0.9565217391304348,0.0,0.0,0.028985507246376812,0.0,0.0,0.0,0.0,0.014492753623188406,0.0,0.0,0.29794457449327155,0.08612529667825454
accus,lemma,0,18,0,0,0,0,0,0,1,0,0,19,0.9473684210526315,0.0,0.0,0.05263157894736842,0.0,0.0,0.0,0.0,0.0,0.0,0.0,0.2974722489192896,0.08598876396824595
accuse,word,0,18,0,0,0,0,0,0,1,0,0,19,0.9473684210526315,0.0,0.0,0.05263157894736842,0.0,0.0,0.0,0.0,0.0,0.0,0.0,0.2974722489192896,0.08598876396824595
souffrir,lemma,0,0,0,0,0,0,0,0,1,0,19,20,0.0,0.0,0.0,0.05,0.0,0.95,0.0,0.0,0.0,0.0,0.0,0.28639695711595625,0.08278728666669546
accusent,word,0,20,0,0,0,0,0,0,1,0,0,21,0.9523809523809523,0.0,0.0,0.047619047619047616,0.0,0.0,0.0,0.0,0.0,0.0,0.0,0.2761954276479391,0.07983838332284628
triste,word,0,0,0,0,0,0,0,0,0,1,21,22,0.0,0.0,0.0,0.0,0.045454545454545456,0.9545454545454546,0.0,0.0,0.0,0.0,0.0,0.26676498780302604,0.0771123748669752
protéger,lemma,0,1,0,0,0,0,0,0,23,0,0,24,0.041666666666666664,0.0,0.0,0.9583333333333334,0.0,0.0,0.0,0.0,0.0,0.0,0.0,0.24988229283318544,0.07223218157774035
protéger,word,0,1,0,0,0,0,0,0,23,0,0,24,0.041666666666666664,0.0,0.0,0.9583333333333334,0.0,0.0,0.0,0.0,0.0,0.0,0.0,0.24988229283318544,0.07223218157774035
étonnant,lemma,0,1,0,0,0,0,0,0,0,24,0,25,0.04,0.0,0.0,0.0,0.96,0.0,0.0,0.0,0.0,0.0,0.0,0.24229218908241482,0.07003814955528909
fuir,lemma,0,0,0,0,0,0,0,0,50,0,2,52,0.0,0.0,0.0,0.9615384615384616,0.0,0.038461538461538464,0.0,0.0,0.0,0.0,0.0,0.23519338181924143,0.06798613406669571
triste,lemma,0,0,0,0,0,0,0,0,0,1,28,29,0.0,0.0,0.0,0.0,0.034482758620689655,0.9655172413793104,0.0,0.0,0.0,0.0,0.0,0.21639693245126462,0.06255274169474852
manifestations,word,0,61,0,0,0,0,0,0,2,0,0,63,0.9682539682539683,0.0,0.0,0.031746031746031744,0.0,0.0,0.0,0.0,0.0,0.0,0.0,0.20307392998664564,0.05870153030128064
manifestation,lemma,0,68,0,0,0,0,0,0,2,0,0,70,0.9714285714285714,0.0,0.0,0.02857142857142857,0.0,0.0,0.0,0.0,0.0,0.0,0.0,0.18717625687320816,0.05410607218388628
peur,lemma,0,0,0,0,0,0,0,0,130,0,1,131,0.0,0.0,0.0,0.9923664122137404,0.0,0.007633587786259542,0.0,0.0,0.0,0.0,0.0,0.06466104967715193,0.01869123509445824
peur,word,0,0,0,0,0,0,0,0,130,0,1,131,0.0,0.0,0.0,0.9923664122137404,0.0,0.007633587786259542,0.0,0.0,0.0,0.0,0.0,0.06466104967715193,0.01869123509445824
fier,word,0,0,0,0,0,8,0,0,0,0,0,8,0.0,0.0,0.0,0.0,0.0,0.0,0.0,0.0,0.0,1.0,0.0,-0.0,-0.0
fierté,word,0,0,0,0,0,8,0,0,0,0,0,8,0.0,0.0,0.0,0.0,0.0,0.0,0.0,0.0,0.0,1.0,0.0,-0.0,-0.0
fière,word,0,0,0,0,0,8,0,0,0,0,0,8,0.0,0.0,0.0,0.0,0.0,0.0,0.0,0.0,0.0,1.0,0.0,-0.0,-0.0
fake,lemma,0,3,0,0,0,0,0,0,0,0,0,3,1.0,0.0,0.0,0.0,0.0,0.0,0.0,0.0,0.0,0.0,0.0,-0.0,-0.0
fake,word,0,3,0,0,0,0,0,0,0,0,0,3,1.0,0.0,0.0,0.0,0.0,0.0,0.0,0.0,0.0,0.0,0.0,-0.0,-0.0
news,word,0,3,0,0,0,0,0,0,0,0,0,3,1.0,0.0,0.0,0.0,0.0,0.0,0.0,0.0,0.0,0.0,0.0,-0.0,-0.0
niqu,lemma,0,5,0,0,0,0,0,0,0,0,0,5,1.0,0.0,0.0,0.0,0.0,0.0,0.0,0.0,0.0,0.0,0.0,-0.0,-0.0
nique,word,0,5,0,0,0,0,0,0,0,0,0,5,1.0,0.0,0.0,0.0,0.0,0.0,0.0,0.0,0.0,0.0,0.0,-0.0,-0.0
beal,lemma,0,0,0,0,0,0,0,3,0,0,0,3,0.0,0.0,1.0,0.0,0.0,0.0,0.0,0.0,0.0,0.0,0.0,-0.0,-0.0
fierter,lemma,0,0,0,0,0,7,0,0,0,0,0,7,0.0,0.0,0.0,0.0,0.0,0.0,0.0,0.0,0.0,1.0,0.0,-0.0,-0.0
beaux,word,0,0,0,0,0,0,0,3,0,0,0,3,0.0,0.0,1.0,0.0,0.0,0.0,0.0,0.0,0.0,0.0,0.0,-0.0,-0.0
faux,lemma,0,4,0,0,0,0,0,0,0,0,0,4,1.0,0.0,0.0,0.0,0.0,0.0,0.0,0.0,0.0,0.0,0.0,-0.0,-0.0
surpris,word,0,0,0,0,0,0,0,0,0,11,0,11,0.0,0.0,0.0,0.0,1.0,0.0,0.0,0.0,0.0,0.0,0.0,-0.0,-0.0
surpris,lemma,0,0,0,0,0,0,0,0,0,16,0,16,0.0,0.0,0.0,0.0,1.0,0.0,0.0,0.0,0.0,0.0,0.0,-0.0,-0.0
surprenante,word,0,0,0,0,0,0,0,0,0,4,0,4,0.0,0.0,0.0,0.0,1.0,0.0,0.0,0.0,0.0,0.0,0.0,-0.0,-0.0
surprenant,word,0,0,0,0,0,0,0,0,0,4,0,4,0.0,0.0,0.0,0.0,1.0,0.0,0.0,0.0,0.0,0.0,0.0,-0.0,-0.0
surprenant,lemma,0,0,0,0,0,0,0,0,0,9,0,9,0.0,0.0,0.0,0.0,1.0,0.0,0.0,0.0,0.0,0.0,0.0,-0.0,-0.0
fuir,word,0,0,0,0,0,0,0,0,22,0,0,22,0.0,0.0,0.0,1.0,0.0,0.0,0.0,0.0,0.0,0.0,0.0,-0.0,-0.0
fui,word,0,0,0,0,0,0,0,0,13,0,0,13,0.0,0.0,0.0,1.0,0.0,0.0,0.0,0.0,0.0,0.0,0.0,-0.0,-0.0
ftg,word,0,11,0,0,0,0,0,0,0,0,0,11,1.0,0.0,0.0,0.0,0.0,0.0,0.0,0.0,0.0,0.0,0.0,-0.0,-0.0
ftg,lemma,0,11,0,0,0,0,0,0,0,0,0,11,1.0,0.0,0.0,0.0,0.0,0.0,0.0,0.0,0.0,0.0,0.0,-0.0,-0.0
frapper,lemma,0,0,0,0,0,0,0,0,3,0,0,3,0.0,0.0,0.0,1.0,0.0,0.0,0.0,0.0,0.0,0.0,0.0,-0.0,-0.0
formidable,word,3,0,0,0,0,0,0,0,0,0,0,3,0.0,0.0,0.0,0.0,0.0,0.0,1.0,0.0,0.0,0.0,0.0,-0.0,-0.0
fier,lemma,0,0,0,0,0,18,0,0,0,0,0,18,0.0,0.0,0.0,0.0,0.0,0.0,0.0,0.0,0.0,1.0,0.0,-0.0,-0.0
embêtant,word,0,0,0,0,0,0,0,0,0,0,4,4,0.0,0.0,0.0,0.0,0.0,1.0,0.0,0.0,0.0,0.0,0.0,-0.0,-0.0
sécurité,word,0,0,0,0,0,0,0,0,5,0,0,5,0.0,0.0,0.0,1.0,0.0,0.0,0.0,0.0,0.0,0.0,0.0,-0.0,-0.0
sécurité,lemma,0,0,0,0,0,0,0,0,4,0,0,4,0.0,0.0,0.0,1.0,0.0,0.0,0.0,0.0,0.0,0.0,0.0,-0.0,-0.0
sécheresse,word,0,0,0,0,0,0,0,0,6,0,0,6,0.0,0.0,0.0,1.0,0.0,0.0,0.0,0.0,0.0,0.0,0.0,-0.0,-0.0
sécheresse,lemma,0,0,0,0,0,0,0,0,6,0,0,6,0.0,0.0,0.0,1.0,0.0,0.0,0.0,0.0,0.0,0.0,0.0,-0.0,-0.0
sympa,word,0,0,0,0,0,0,0,3,0,0,0,3,0.0,0.0,1.0,0.0,0.0,0.0,0.0,0.0,0.0,0.0,0.0,-0.0,-0.0
sympa,lemma,0,0,0,0,0,0,0,4,0,0,0,4,0.0,0.0,1.0,0.0,0.0,0.0,0.0,0.0,0.0,0.0,0.0,-0.0,-0.0
enthousiasmer,lemma,0,0,0,0,0,0,0,3,0,0,0,3,0.0,0.0,1.0,0.0,0.0,0.0,0.0,0.0,0.0,0.0,0.0,-0.0,-0.0
enthousiasme,word,0,0,0,0,0,0,0,5,0,0,0,5,0.0,0.0,1.0,0.0,0.0,0.0,0.0,0.0,0.0,0.0,0.0,-0.0,-0.0
enthousiasme,lemma,0,0,0,0,0,0,0,4,0,0,0,4,0.0,0.0,1.0,0.0,0.0,0.0,0.0,0.0,0.0,0.0,0.0,-0.0,-0.0
encourager,word,0,0,0,0,0,0,0,4,0,0,0,4,0.0,0.0,1.0,0.0,0.0,0.0,0.0,0.0,0.0,0.0,0.0,-0.0,-0.0
banal,word,0,0,0,0,0,0,0,0,0,3,0,3,0.0,0.0,0.0,0.0,1.0,0.0,0.0,0.0,0.0,0.0,0.0,-0.0,-0.0
exploser,word,0,0,0,0,0,0,0,0,3,0,0,3,0.0,0.0,0.0,1.0,0.0,0.0,0.0,0.0,0.0,0.0,0.0,-0.0,-0.0
exiger,lemma,0,3,0,0,0,0,0,0,0,0,0,3,1.0,0.0,0.0,0.0,0.0,0.0,0.0,0.0,0.0,0.0,0.0,-0.0,-0.0
confisquer,lemma,0,0,0,0,0,0,0,0,0,0,3,3,0.0,0.0,0.0,0.0,0.0,1.0,0.0,0.0,0.0,0.0,0.0,-0.0,-0.0
ete,lemma,0,4,0,0,0,0,0,0,0,0,0,4,1.0,0.0,0.0,0.0,0.0,0.0,0.0,0.0,0.0,0.0,0.0,-0.0,-0.0
brice,word,0,5,0,0,0,0,0,0,0,0,0,5,1.0,0.0,0.0,0.0,0.0,0.0,0.0,0.0,0.0,0.0,0.0,-0.0,-0.0
brice,lemma,0,5,0,0,0,0,0,0,0,0,0,5,1.0,0.0,0.0,0.0,0.0,0.0,0.0,0.0,0.0,0.0,0.0,-0.0,-0.0
surprises,word,0,0,0,0,0,0,0,0,0,5,0,5,0.0,0.0,0.0,0.0,1.0,0.0,0.0,0.0,0.0,0.0,0.0,-0.0,-0.0
célébrer,word,0,0,0,0,0,0,0,5,0,0,0,5,0.0,0.0,1.0,0.0,0.0,0.0,0.0,0.0,0.0,0.0,0.0,-0.0,-0.0
célébrer,lemma,0,0,0,0,0,0,0,5,0,0,0,5,0.0,0.0,1.0,0.0,0.0,0.0,0.0,0.0,0.0,0.0,0.0,-0.0,-0.0
cyclones,word,0,0,0,0,0,0,0,0,4,0,0,4,0.0,0.0,0.0,1.0,0.0,0.0,0.0,0.0,0.0,0.0,0.0,-0.0,-0.0
fausses,word,0,3,0,0,0,0,0,0,0,0,0,3,1.0,0.0,0.0,0.0,0.0,0.0,0.0,0.0,0.0,0.0,0.0,-0.0,-0.0
falsifier,lemma,0,3,0,0,0,0,0,0,0,0,0,3,1.0,0.0,0.0,0.0,0.0,0.0,0.0,0.0,0.0,0.0,0.0,-0.0,-0.0
mécontent,lemma,0,10,0,0,0,0,0,0,0,0,0,10,1.0,0.0,0.0,0.0,0.0,0.0,0.0,0.0,0.0,0.0,0.0,-0.0,-0.0
mère,word,0,3,0,0,0,0,0,0,0,0,0,3,1.0,0.0,0.0,0.0,0.0,0.0,0.0,0.0,0.0,0.0,0.0,-0.0,-0.0
mère,lemma,0,3,0,0,0,0,0,0,0,0,0,3,1.0,0.0,0.0,0.0,0.0,0.0,0.0,0.0,0.0,0.0,0.0,-0.0,-0.0
muslim,word,0,3,0,0,0,0,0,0,0,0,0,3,1.0,0.0,0.0,0.0,0.0,0.0,0.0,0.0,0.0,0.0,0.0,-0.0,-0.0
payer,lemma,0,3,0,0,0,0,0,0,0,0,0,3,1.0,0.0,0.0,0.0,0.0,0.0,0.0,0.0,0.0,0.0,0.0,-0.0,-0.0
formidable,lemma,3,0,0,0,0,0,0,0,0,0,0,3,0.0,0.0,0.0,0.0,0.0,0.0,1.0,0.0,0.0,0.0,0.0,-0.0,-0.0
etes,word,0,4,0,0,0,0,0,0,0,0,0,4,1.0,0.0,0.0,0.0,0.0,0.0,0.0,0.0,0.0,0.0,0.0,-0.0,-0.0
critiqué,word,0,20,0,0,0,0,0,0,0,0,0,20,1.0,0.0,0.0,0.0,0.0,0.0,0.0,0.0,0.0,0.0,0.0,-0.0,-0.0
critiquer,word,0,8,0,0,0,0,0,0,0,0,0,8,1.0,0.0,0.0,0.0,0.0,0.0,0.0,0.0,0.0,0.0,0.0,-0.0,-0.0
critiquer,lemma,0,55,0,0,0,0,0,0,0,0,0,55,1.0,0.0,0.0,0.0,0.0,0.0,0.0,0.0,0.0,0.0,0.0,-0.0,-0.0
critiquent,word,0,10,0,0,0,0,0,0,0,0,0,10,1.0,0.0,0.0,0.0,0.0,0.0,0.0,0.0,0.0,0.0,0.0,-0.0,-0.0
critique,word,0,8,0,0,0,0,0,0,0,0,0,8,1.0,0.0,0.0,0.0,0.0,0.0,0.0,0.0,0.0,0.0,0.0,-0.0,-0.0
sert,word,0,3,0,0,0,0,0,0,0,0,0,3,1.0,0.0,0.0,0.0,0.0,0.0,0.0,0.0,0.0,0.0,0.0,-0.0,-0.0
scandale,word,0,5,0,0,0,0,0,0,0,0,0,5,1.0,0.0,0.0,0.0,0.0,0.0,0.0,0.0,0.0,0.0,0.0,-0.0,-0.0
scandale,lemma,0,5,0,0,0,0,0,0,0,0,0,5,1.0,0.0,0.0,0.0,0.0,0.0,0.0,0.0,0.0,0.0,0.0,-0.0,-0.0
savoir,word,0,5,0,0,0,0,0,0,0,0,0,5,1.0,0.0,0.0,0.0,0.0,0.0,0.0,0.0,0.0,0.0,0.0,-0.0,-0.0
alerte,word,0,0,0,0,0,0,0,0,3,0,0,3,0.0,0.0,0.0,1.0,0.0,0.0,0.0,0.0,0.0,0.0,0.0,-0.0,-0.0
alerte,lemma,0,0,0,0,0,0,0,0,3,0,0,3,0.0,0.0,0.0,1.0,0.0,0.0,0.0,0.0,0.0,0.0,0.0,-0.0,-0.0
alarmant,lemma,0,0,0,0,0,0,0,0,4,0,0,4,0.0,0.0,0.0,1.0,0.0,0.0,0.0,0.0,0.0,0.0,0.0,-0.0,-0.0
attaquer,word,0,0,0,0,0,0,0,0,6,0,0,6,0.0,0.0,0.0,1.0,0.0,0.0,0.0,0.0,0.0,0.0,0.0,-0.0,-0.0
stressé,word,0,0,0,0,0,0,0,0,3,0,0,3,0.0,0.0,0.0,1.0,0.0,0.0,0.0,0.0,0.0,0.0,0.0,-0.0,-0.0
grève,word,0,35,0,0,0,0,0,0,0,0,0,35,1.0,0.0,0.0,0.0,0.0,0.0,0.0,0.0,0.0,0.0,0.0,-0.0,-0.0
grève,lemma,0,11,0,0,0,0,0,0,0,0,0,11,1.0,0.0,0.0,0.0,0.0,0.0,0.0,0.0,0.0,0.0,0.0,-0.0,-0.0
grèv,lemma,0,5,0,0,0,0,0,0,0,0,0,5,1.0,0.0,0.0,0.0,0.0,0.0,0.0,0.0,0.0,0.0,0.0,-0.0,-0.0
grever,lemma,0,24,0,0,0,0,0,0,0,0,0,24,1.0,0.0,0.0,0.0,0.0,0.0,0.0,0.0,0.0,0.0,0.0,-0.0,-0.0
cadeaux,word,0,0,0,0,0,0,0,5,0,0,0,5,0.0,0.0,1.0,0.0,0.0,0.0,0.0,0.0,0.0,0.0,0.0,-0.0,-0.0
cadeau,lemma,0,0,0,0,0,0,0,4,0,0,0,4,0.0,0.0,1.0,0.0,0.0,0.0,0.0,0.0,0.0,0.0,0.0,-0.0,-0.0
cadeal,lemma,0,0,0,0,0,0,0,3,0,0,0,3,0.0,0.0,1.0,0.0,0.0,0.0,0.0,0.0,0.0,0.0,0.0,-0.0,-0.0
hasard,word,0,0,0,0,0,0,0,0,0,7,0,7,0.0,0.0,0.0,0.0,1.0,0.0,0.0,0.0,0.0,0.0,0.0,-0.0,-0.0
hasard,lemma,0,0,0,0,0,0,0,0,0,7,0,7,0.0,0.0,0.0,0.0,1.0,0.0,0.0,0.0,0.0,0.0,0.0,-0.0,-0.0
gâteau,lemma,0,0,0,0,0,0,0,3,0,0,0,3,0.0,0.0,1.0,0.0,0.0,0.0,0.0,0.0,0.0,0.0,0.0,-0.0,-0.0
gueul,lemma,0,5,0,0,0,0,0,0,0,0,0,5,1.0,0.0,0.0,0.0,0.0,0.0,0.0,0.0,0.0,0.0,0.0,-0.0,-0.0
craint,word,0,0,0,0,0,0,0,0,8,0,0,8,0.0,0.0,0.0,1.0,0.0,0.0,0.0,0.0,0.0,0.0,0.0,-0.0,-0.0
craindre,word,0,0,0,0,0,0,0,0,4,0,0,4,0.0,0.0,0.0,1.0,0.0,0.0,0.0,0.0,0.0,0.0,0.0,-0.0,-0.0
grèves,word,0,5,0,0,0,0,0,0,0,0,0,5,1.0,0.0,0.0,0.0,0.0,0.0,0.0,0.0,0.0,0.0,0.0,-0.0,-0.0
subissent,word,0,0,0,0,0,0,0,0,0,0,3,3,0.0,0.0,0.0,0.0,0.0,1.0,0.0,0.0,0.0,0.0,0.0,-0.0,-0.0
emporter,lemma,0,4,0,0,0,0,0,0,0,0,0,4,1.0,0.0,0.0,0.0,0.0,0.0,0.0,0.0,0.0,0.0,0.0,-0.0,-0.0
stresser,lemma,0,0,0,0,0,0,0,0,4,0,0,4,0.0,0.0,0.0,1.0,0.0,0.0,0.0,0.0,0.0,0.0,0.0,-0.0,-0.0
fête,word,0,0,0,0,0,0,0,30,0,0,0,30,0.0,0.0,1.0,0.0,0.0,0.0,0.0,0.0,0.0,0.0,0.0,-0.0,-0.0
fête,lemma,0,0,0,0,0,0,0,32,0,0,0,32,0.0,0.0,1.0,0.0,0.0,0.0,0.0,0.0,0.0,0.0,0.0,-0.0,-0.0
fâchés,word,0,5,0,0,0,0,0,0,0,0,0,5,1.0,0.0,0.0,0.0,0.0,0.0,0.0,0.0,0.0,0.0,0.0,-0.0,-0.0
fâché,lemma,0,5,0,0,0,0,0,0,0,0,0,5,1.0,0.0,0.0,0.0,0.0,0.0,0.0,0.0,0.0,0.0,0.0,-0.0,-0.0
fâcher,lemma,0,3,0,0,0,0,0,0,0,0,0,3,1.0,0.0,0.0,0.0,0.0,0.0,0.0,0.0,0.0,0.0,0.0,-0.0,-0.0
furieux,word,0,3,0,0,0,0,0,0,0,0,0,3,1.0,0.0,0.0,0.0,0.0,0.0,0.0,0.0,0.0,0.0,0.0,-0.0,-0.0
furieux,lemma,0,5,0,0,0,0,0,0,0,0,0,5,1.0,0.0,0.0,0.0,0.0,0.0,0.0,0.0,0.0,0.0,0.0,-0.0,-0.0
fuite,word,0,0,0,0,0,0,0,0,5,0,0,5,0.0,0.0,0.0,1.0,0.0,0.0,0.0,0.0,0.0,0.0,0.0,-0.0,-0.0
fuite,lemma,0,0,0,0,0,0,0,0,5,0,0,5,0.0,0.0,0.0,1.0,0.0,0.0,0.0,0.0,0.0,0.0,0.0,-0.0,-0.0
souriant,word,0,0,0,0,0,0,0,4,0,0,0,4,0.0,0.0,1.0,0.0,0.0,0.0,0.0,0.0,0.0,0.0,0.0,-0.0,-0.0
mécontentement,lemma,0,18,0,0,0,0,0,0,0,0,0,18,1.0,0.0,0.0,0.0,0.0,0.0,0.0,0.0,0.0,0.0,0.0,-0.0,-0.0
siffler,lemma,0,3,0,0,0,0,0,0,0,0,0,3,1.0,0.0,0.0,0.0,0.0,0.0,0.0,0.0,0.0,0.0,0.0,-0.0,-0.0
critiqués,word,0,6,0,0,0,0,0,0,0,0,0,6,1.0,0.0,0.0,0.0,0.0,0.0,0.0,0.0,0.0,0.0,0.0,-0.0,-0.0
critiquée,word,0,12,0,0,0,0,0,0,0,0,0,12,1.0,0.0,0.0,0.0,0.0,0.0,0.0,0.0,0.0,0.0,0.0,-0.0,-0.0
mouvement,lemma,0,6,0,0,0,0,0,0,0,0,0,6,1.0,0.0,0.0,0.0,0.0,0.0,0.0,0.0,0.0,0.0,0.0,-0.0,-0.0
colère,word,0,54,0,0,0,0,0,0,0,0,0,54,1.0,0.0,0.0,0.0,0.0,0.0,0.0,0.0,0.0,0.0,0.0,-0.0,-0.0
colèr,lemma,0,53,0,0,0,0,0,0,0,0,0,53,1.0,0.0,0.0,0.0,0.0,0.0,0.0,0.0,0.0,0.0,0.0,-0.0,-0.0
chouette,word,0,0,0,0,0,0,0,3,0,0,0,3,0.0,0.0,1.0,0.0,0.0,0.0,0.0,0.0,0.0,0.0,0.0,-0.0,-0.0
chouette,lemma,0,0,0,0,0,0,0,3,0,0,0,3,0.0,0.0,1.0,0.0,0.0,0.0,0.0,0.0,0.0,0.0,0.0,-0.0,-0.0
méfier,lemma,0,0,0,0,0,0,0,0,7,0,0,7,0.0,0.0,0.0,1.0,0.0,0.0,0.0,0.0,0.0,0.0,0.0,-0.0,-0.0
méfiance,word,0,0,0,0,0,0,0,0,5,0,0,5,0.0,0.0,0.0,1.0,0.0,0.0,0.0,0.0,0.0,0.0,0.0,-0.0,-0.0
méfiance,lemma,0,0,0,0,0,0,0,0,5,0,0,5,0.0,0.0,0.0,1.0,0.0,0.0,0.0,0.0,0.0,0.0,0.0,-0.0,-0.0
mécontents,word,0,8,0,0,0,0,0,0,0,0,0,8,1.0,0.0,0.0,0.0,0.0,0.0,0.0,0.0,0.0,0.0,0.0,-0.0,-0.0
mécontentements,word,0,3,0,0,0,0,0,0,0,0,0,3,1.0,0.0,0.0,0.0,0.0,0.0,0.0,0.0,0.0,0.0,0.0,-0.0,-0.0
mécontentement,word,0,15,0,0,0,0,0,0,0,0,0,15,1.0,0.0,0.0,0.0,0.0,0.0,0.0,0.0,0.0,0.0,0.0,-0.0,-0.0
souffrent,word,0,0,0,0,0,0,0,0,0,0,3,3,0.0,0.0,0.0,0.0,0.0,1.0,0.0,0.0,0.0,0.0,0.0,-0.0,-0.0
danse,lemma,0,0,0,0,0,0,0,6,0,0,0,6,0.0,0.0,1.0,0.0,0.0,0.0,0.0,0.0,0.0,0.0,0.0,-0.0,-0.0
dangereux,word,0,0,0,0,0,0,0,0,56,0,0,56,0.0,0.0,0.0,1.0,0.0,0.0,0.0,0.0,0.0,0.0,0.0,-0.0,-0.0
dangereux,lemma,0,0,0,0,0,0,0,0,13,0,0,13,0.0,0.0,0.0,1.0,0.0,0.0,0.0,0.0,0.0,0.0,0.0,-0.0,-0.0
dangereuses,word,0,0,0,0,0,0,0,0,11,0,0,11,0.0,0.0,0.0,1.0,0.0,0.0,0.0,0.0,0.0,0.0,0.0,-0.0,-0.0
dangereuse,word,0,0,0,0,0,0,0,0,13,0,0,13,0.0,0.0,0.0,1.0,0.0,0.0,0.0,0.0,0.0,0.0,0.0,-0.0,-0.0
dangereuse,lemma,0,0,0,0,0,0,0,0,11,0,0,11,0.0,0.0,0.0,1.0,0.0,0.0,0.0,0.0,0.0,0.0,0.0,-0.0,-0.0
dangereu,lemma,0,0,0,0,0,0,0,0,56,0,0,56,0.0,0.0,0.0,1.0,0.0,0.0,0.0,0.0,0.0,0.0,0.0,-0.0,-0.0
danger,word,0,0,0,0,0,0,0,0,33,0,0,33,0.0,0.0,0.0,1.0,0.0,0.0,0.0,0.0,0.0,0.0,0.0,-0.0,-0.0
danger,lemma,0,0,0,0,0,0,0,0,35,0,0,35,0.0,0.0,0.0,1.0,0.0,0.0,0.0,0.0,0.0,0.0,0.0,-0.0,-0.0
défiler,lemma,0,3,0,0,0,0,0,0,0,0,0,3,1.0,0.0,0.0,0.0,0.0,0.0,0.0,0.0,0.0,0.0,0.0,-0.0,-0.0
découvrir,lemma,0,0,0,0,0,0,0,0,0,26,0,26,0.0,0.0,0.0,0.0,1.0,0.0,0.0,0.0,0.0,0.0,0.0,-0.0,-0.0
découverte,word,0,0,0,0,0,0,0,0,0,5,0,5,0.0,0.0,0.0,0.0,1.0,0.0,0.0,0.0,0.0,0.0,0.0,-0.0,-0.0
découverte,lemma,0,0,0,0,0,0,0,0,0,5,0,5,0.0,0.0,0.0,0.0,1.0,0.0,0.0,0.0,0.0,0.0,0.0,-0.0,-0.0
avis,word,0,5,0,0,0,0,0,0,0,0,0,5,1.0,0.0,0.0,0.0,0.0,0.0,0.0,0.0,0.0,0.0,0.0,-0.0,-0.0
bonheur,word,0,0,0,0,0,0,0,14,0,0,0,14,0.0,0.0,1.0,0.0,0.0,0.0,0.0,0.0,0.0,0.0,0.0,-0.0,-0.0
bonheur,lemma,0,0,0,0,0,0,0,14,0,0,0,14,0.0,0.0,1.0,0.0,0.0,0.0,0.0,0.0,0.0,0.0,0.0,-0.0,-0.0
bombe,word,0,0,0,0,0,0,0,0,3,0,0,3,0.0,0.0,0.0,1.0,0.0,0.0,0.0,0.0,0.0,0.0,0.0,-0.0,-0.0
bombardements,word,0,0,0,0,0,0,0,0,4,0,0,4,0.0,0.0,0.0,1.0,0.0,0.0,0.0,0.0,0.0,0.0,0.0,-0.0,-0.0
bombardement,lemma,0,0,0,0,0,0,0,0,4,0,0,4,0.0,0.0,0.0,1.0,0.0,0.0,0.0,0.0,0.0,0.0,0.0,-0.0,-0.0
bloqué,word,0,5,0,0,0,0,0,0,0,0,0,5,1.0,0.0,0.0,0.0,0.0,0.0,0.0,0.0,0.0,0.0,0.0,-0.0,-0.0
bloquer,word,0,5,0,0,0,0,0,0,0,0,0,5,1.0,0.0,0.0,0.0,0.0,0.0,0.0,0.0,0.0,0.0,0.0,-0.0,-0.0
bloquer,lemma,0,20,0,0,0,0,0,0,0,0,0,20,1.0,0.0,0.0,0.0,0.0,0.0,0.0,0.0,0.0,0.0,0.0,-0.0,-0.0
bloquent,word,0,4,0,0,0,0,0,0,0,0,0,4,1.0,0.0,0.0,0.0,0.0,0.0,0.0,0.0,0.0,0.0,0.0,-0.0,-0.0
agréable,word,0,0,0,0,0,0,0,4,0,0,0,4,0.0,0.0,1.0,0.0,0.0,0.0,0.0,0.0,0.0,0.0,0.0,-0.0,-0.0
agréable,lemma,0,0,0,0,0,0,0,4,0,0,0,4,0.0,0.0,1.0,0.0,0.0,0.0,0.0,0.0,0.0,0.0,0.0,-0.0,-0.0
dépression,word,0,0,0,0,0,0,0,0,0,0,4,4,0.0,0.0,0.0,0.0,0.0,1.0,0.0,0.0,0.0,0.0,0.0,-0.0,-0.0
dépression,lemma,0,0,0,0,0,0,0,0,0,0,5,5,0.0,0.0,0.0,0.0,0.0,1.0,0.0,0.0,0.0,0.0,0.0,-0.0,-0.0
découvert,word,0,0,0,0,0,0,0,0,0,14,0,14,0.0,0.0,0.0,0.0,1.0,0.0,0.0,0.0,0.0,0.0,0.0,-0.0,-0.0
étrange,lemma,0,0,0,0,0,0,0,0,0,10,0,10,0.0,0.0,0.0,0.0,1.0,0.0,0.0,0.0,0.0,0.0,0.0,-0.0,-0.0
étonnés,word,0,0,0,0,0,0,0,0,0,5,0,5,0.0,0.0,0.0,0.0,1.0,0.0,0.0,0.0,0.0,0.0,0.0,-0.0,-0.0
étonné,word,0,0,0,0,0,0,0,0,0,7,0,7,0.0,0.0,0.0,0.0,1.0,0.0,0.0,0.0,0.0,0.0,0.0,-0.0,-0.0
étonner,lemma,0,0,0,0,0,0,0,0,0,20,0,20,0.0,0.0,0.0,0.0,1.0,0.0,0.0,0.0,0.0,0.0,0.0,-0.0,-0.0
étonnement,word,0,0,0,0,0,0,0,0,0,4,0,4,0.0,0.0,0.0,0.0,1.0,0.0,0.0,0.0,0.0,0.0,0.0,-0.0,-0.0
vs,word,0,11,0,0,0,0,0,0,0,0,0,11,1.0,0.0,0.0,0.0,0.0,0.0,0.0,0.0,0.0,0.0,0.0,-0.0,-0.0
affrontements,word,0,4,0,0,0,0,0,0,0,0,0,4,1.0,0.0,0.0,0.0,0.0,0.0,0.0,0.0,0.0,0.0,0.0,-0.0,-0.0
affrontement,lemma,0,4,0,0,0,0,0,0,0,0,0,4,1.0,0.0,0.0,0.0,0.0,0.0,0.0,0.0,0.0,0.0,0.0,-0.0,-0.0
affoler,lemma,0,0,0,0,0,0,0,0,3,0,0,3,0.0,0.0,0.0,1.0,0.0,0.0,0.0,0.0,0.0,0.0,0.0,-0.0,-0.0
adore,word,0,0,0,0,0,0,0,3,0,0,0,3,0.0,0.0,1.0,0.0,0.0,0.0,0.0,0.0,0.0,0.0,0.0,-0.0,-0.0
admirer,word,3,0,0,0,0,0,0,0,0,0,0,3,0.0,0.0,0.0,0.0,0.0,0.0,1.0,0.0,0.0,0.0,0.0,-0.0,-0.0
admirer,lemma,6,0,0,0,0,0,0,0,0,0,0,6,0.0,0.0,0.0,0.0,0.0,0.0,1.0,0.0,0.0,0.0,0.0,-0.0,-0.0
admiration,lemma,3,0,0,0,0,0,0,0,0,0,0,3,0.0,0.0,0.0,0.0,0.0,0.0,1.0,0.0,0.0,0.0,0.0,-0.0,-0.0
organiser,lemma,0,0,0,0,0,0,0,3,0,0,0,3,0.0,0.0,1.0,0.0,0.0,0.0,0.0,0.0,0.0,0.0,0.0,-0.0,-0.0
party,word,0,0,0,0,0,0,0,3,0,0,0,3,0.0,0.0,1.0,0.0,0.0,0.0,0.0,0.0,0.0,0.0,0.0,-0.0,-0.0
party,lemma,0,0,0,0,0,0,0,3,0,0,0,3,0.0,0.0,1.0,0.0,0.0,0.0,0.0,0.0,0.0,0.0,0.0,-0.0,-0.0
étonnante,word,0,0,0,0,0,0,0,0,0,10,0,10,0.0,0.0,0.0,0.0,1.0,0.0,0.0,0.0,0.0,0.0,0.0,-0.0,-0.0
blagues,word,0,0,0,0,0,0,0,5,0,0,0,5,0.0,0.0,1.0,0.0,0.0,0.0,0.0,0.0,0.0,0.0,0.0,-0.0,-0.0
blague,lemma,0,0,0,0,0,0,0,6,0,0,0,6,0.0,0.0,1.0,0.0,0.0,0.0,0.0,0.0,0.0,0.0,0.0,-0.0,-0.0
énerver,lemma,0,4,0,0,0,0,0,0,0,0,0,4,1.0,0.0,0.0,0.0,0.0,0.0,0.0,0.0,0.0,0.0,0.0,-0.0,-0.0
énerve,word,0,4,0,0,0,0,0,0,0,0,0,4,1.0,0.0,0.0,0.0,0.0,0.0,0.0,0.0,0.0,0.0,0.0,-0.0,-0.0
énerv,lemma,0,4,0,0,0,0,0,0,0,0,0,4,1.0,0.0,0.0,0.0,0.0,0.0,0.0,0.0,0.0,0.0,0.0,-0.0,-0.0
dictateur,word,0,3,0,0,0,0,0,0,0,0,0,3,1.0,0.0,0.0,0.0,0.0,0.0,0.0,0.0,0.0,0.0,0.0,-0.0,-0.0
deuil,word,0,0,0,0,0,0,0,0,0,0,4,4,0.0,0.0,0.0,0.0,0.0,1.0,0.0,0.0,0.0,0.0,0.0,-0.0,-0.0
deuil,lemma,0,0,0,0,0,0,0,0,0,0,4,4,0.0,0.0,0.0,0.0,0.0,1.0,0.0,0.0,0.0,0.0,0.0,-0.0,-0.0
degouter,lemma,0,0,0,4,0,0,0,0,0,0,0,4,0.0,1.0,0.0,0.0,0.0,0.0,0.0,0.0,0.0,0.0,0.0,-0.0,-0.0
drole,lemma,0,0,0,0,0,0,0,3,0,0,0,3,0.0,0.0,1.0,0.0,0.0,0.0,0.0,0.0,0.0,0.0,0.0,-0.0,-0.0
original,lemma,0,0,0,0,0,0,0,0,0,3,0,3,0.0,0.0,0.0,0.0,1.0,0.0,0.0,0.0,0.0,0.0,0.0,-0.0,-0.0
accusés,word,0,6,0,0,0,0,0,0,0,0,0,6,1.0,0.0,0.0,0.0,0.0,0.0,0.0,0.0,0.0,0.0,0.0,-0.0,-0.0
déçu,lemma,0,0,0,0,0,0,0,0,0,0,5,5,0.0,0.0,0.0,0.0,0.0,1.0,0.0,0.0,0.0,0.0,0.0,-0.0,-0.0
détresse,word,0,0,0,0,0,0,0,0,4,0,0,4,0.0,0.0,0.0,1.0,0.0,0.0,0.0,0.0,0.0,0.0,0.0,-0.0,-0.0
détresse,lemma,0,0,0,0,0,0,0,0,4,0,0,4,0.0,0.0,0.0,1.0,0.0,0.0,0.0,0.0,0.0,0.0,0.0,-0.0,-0.0
désespérer,lemma,0,0,0,0,0,0,0,0,0,0,3,3,0.0,0.0,0.0,0.0,0.0,1.0,0.0,0.0,0.0,0.0,0.0,-0.0,-0.0
tranquille,word,0,7,0,0,0,0,0,0,0,0,0,7,1.0,0.0,0.0,0.0,0.0,0.0,0.0,0.0,0.0,0.0,0.0,-0.0,-0.0
tiré,word,0,0,0,0,0,0,0,0,4,0,0,4,0.0,0.0,0.0,1.0,0.0,0.0,0.0,0.0,0.0,0.0,0.0,-0.0,-0.0
embêtant,lemma,0,0,0,0,0,0,0,0,0,0,4,4,0.0,0.0,0.0,0.0,0.0,1.0,0.0,0.0,0.0,0.0,0.0,-0.0,-0.0
effrayé,word,0,0,0,0,0,0,0,0,5,0,0,5,0.0,0.0,0.0,1.0,0.0,0.0,0.0,0.0,0.0,0.0,0.0,-0.0,-0.0
effrayer,lemma,0,0,0,0,0,0,0,0,11,0,0,11,0.0,0.0,0.0,1.0,0.0,0.0,0.0,0.0,0.0,0.0,0.0,-0.0,-0.0
effrayants,word,0,0,0,0,0,0,0,0,5,0,0,5,0.0,0.0,0.0,1.0,0.0,0.0,0.0,0.0,0.0,0.0,0.0,-0.0,-0.0
effrayant,word,0,0,0,0,0,0,0,0,3,0,0,3,0.0,0.0,0.0,1.0,0.0,0.0,0.0,0.0,0.0,0.0,0.0,-0.0,-0.0
effrayant,lemma,0,0,0,0,0,0,0,0,6,0,0,6,0.0,0.0,0.0,1.0,0.0,0.0,0.0,0.0,0.0,0.0,0.0,-0.0,-0.0
effets,word,0,0,0,0,0,0,0,0,3,0,0,3,0.0,0.0,0.0,1.0,0.0,0.0,0.0,0.0,0.0,0.0,0.0,-0.0,-0.0
dénonçaient,word,0,4,0,0,0,0,0,0,0,0,0,4,1.0,0.0,0.0,0.0,0.0,0.0,0.0,0.0,0.0,0.0,0.0,-0.0,-0.0
tg,word,0,22,0,0,0,0,0,0,0,0,0,22,1.0,0.0,0.0,0.0,0.0,0.0,0.0,0.0,0.0,0.0,0.0,-0.0,-0.0
tg,lemma,0,22,0,0,0,0,0,0,0,0,0,22,1.0,0.0,0.0,0.0,0.0,0.0,0.0,0.0,0.0,0.0,0.0,-0.0,-0.0
terrorisme,word,0,0,0,0,0,0,0,0,3,0,0,3,0.0,0.0,0.0,1.0,0.0,0.0,0.0,0.0,0.0,0.0,0.0,-0.0,-0.0
terrorisme,lemma,0,0,0,0,0,0,0,0,3,0,0,3,0.0,0.0,0.0,1.0,0.0,0.0,0.0,0.0,0.0,0.0,0.0,-0.0,-0.0
terroriser,lemma,0,0,0,0,0,0,0,0,3,0,0,3,0.0,0.0,0.0,1.0,0.0,0.0,0.0,0.0,0.0,0.0,0.0,-0.0,-0.0
tensions,word,0,9,0,0,0,0,0,0,0,0,0,9,1.0,0.0,0.0,0.0,0.0,0.0,0.0,0.0,0.0,0.0,0.0,-0.0,-0.0
tension,lemma,0,9,0,0,0,0,0,0,0,0,0,9,1.0,0.0,0.0,0.0,0.0,0.0,0.0,0.0,0.0,0.0,0.0,-0.0,-0.0
tendues,word,0,6,0,0,0,0,0,0,0,0,0,6,1.0,0.0,0.0,0.0,0.0,0.0,0.0,0.0,0.0,0.0,0.0,-0.0,-0.0
banal,lemma,0,0,0,0,0,0,0,0,0,3,0,3,0.0,0.0,0.0,0.0,1.0,0.0,0.0,0.0,0.0,0.0,0.0,-0.0,-0.0
baise,word,0,4,0,0,0,0,0,0,0,0,0,4,1.0,0.0,0.0,0.0,0.0,0.0,0.0,0.0,0.0,0.0,0.0,-0.0,-0.0
bah,word,0,4,0,0,0,0,0,0,0,0,0,4,1.0,0.0,0.0,0.0,0.0,0.0,0.0,0.0,0.0,0.0,0.0,-0.0,-0.0
bah,lemma,0,4,0,0,0,0,0,0,0,0,0,4,1.0,0.0,0.0,0.0,0.0,0.0,0.0,0.0,0.0,0.0,0.0,-0.0,-0.0
craindre,lemma,0,0,0,0,0,0,0,0,15,0,0,15,0.0,0.0,0.0,1.0,0.0,0.0,0.0,0.0,0.0,0.0,0.0,-0.0,-0.0
avis,lemma,0,5,0,0,0,0,0,0,0,0,0,5,1.0,0.0,0.0,0.0,0.0,0.0,0.0,0.0,0.0,0.0,0.0,-0.0,-0.0
effet,lemma,0,0,0,0,0,0,0,0,3,0,0,3,0.0,0.0,0.0,1.0,0.0,0.0,0.0,0.0,0.0,0.0,0.0,-0.0,-0.0
dénoncer,word,0,8,0,0,0,0,0,0,0,0,0,8,1.0,0.0,0.0,0.0,0.0,0.0,0.0,0.0,0.0,0.0,0.0,-0.0,-0.0
dénoncer,lemma,0,26,0,0,0,0,0,0,0,0,0,26,1.0,0.0,0.0,0.0,0.0,0.0,0.0,0.0,0.0,0.0,0.0,-0.0,-0.0
méfier,word,0,0,0,0,0,0,0,0,3,0,0,3,0.0,0.0,0.0,1.0,0.0,0.0,0.0,0.0,0.0,0.0,0.0,-0.0,-0.0
offrir,lemma,0,0,0,0,0,0,0,5,0,0,0,5,0.0,0.0,1.0,0.0,0.0,0.0,0.0,0.0,0.0,0.0,0.0,-0.0,-0.0
offert,word,0,0,0,0,0,0,0,3,0,0,0,3,0.0,0.0,1.0,0.0,0.0,0.0,0.0,0.0,0.0,0.0,0.0,-0.0,-0.0
ntm,word,0,3,0,0,0,0,0,0,0,0,0,3,1.0,0.0,0.0,0.0,0.0,0.0,0.0,0.0,0.0,0.0,0.0,-0.0,-0.0
ntm,lemma,0,3,0,0,0,0,0,0,0,0,0,3,1.0,0.0,0.0,0.0,0.0,0.0,0.0,0.0,0.0,0.0,0.0,-0.0,-0.0
noël,word,0,0,0,0,0,0,0,3,0,0,0,3,0.0,0.0,1.0,0.0,0.0,0.0,0.0,0.0,0.0,0.0,0.0,-0.0,-0.0
noël,lemma,0,0,0,0,0,0,0,3,0,0,0,3,0.0,0.0,1.0,0.0,0.0,0.0,0.0,0.0,0.0,0.0,0.0,-0.0,-0.0
commun,word,0,0,0,0,0,0,0,0,0,5,0,5,0.0,0.0,0.0,0.0,1.0,0.0,0.0,0.0,0.0,0.0,0.0,-0.0,-0.0
commun,lemma,0,0,0,0,0,0,0,0,0,5,0,5,0.0,0.0,0.0,0.0,1.0,0.0,0.0,0.0,0.0,0.0,0.0,-0.0,-0.0
ours,word,0,0,0,0,0,0,0,0,3,0,0,3,0.0,0.0,0.0,1.0,0.0,0.0,0.0,0.0,0.0,0.0,0.0,-0.0,-0.0
ours,lemma,0,0,0,0,0,0,0,0,3,0,0,3,0.0,0.0,0.0,1.0,0.0,0.0,0.0,0.0,0.0,0.0,0.0,-0.0,-0.0
déçu,word,0,0,0,0,0,0,0,0,0,0,5,5,0.0,0.0,0.0,0.0,0.0,1.0,0.0,0.0,0.0,0.0,0.0,-0.0,-0.0
dénoncent,word,0,6,0,0,0,0,0,0,0,0,0,6,1.0,0.0,0.0,0.0,0.0,0.0,0.0,0.0,0.0,0.0,0.0,-0.0,-0.0
dénonce,word,0,5,0,0,0,0,0,0,0,0,0,5,1.0,0.0,0.0,0.0,0.0,0.0,0.0,0.0,0.0,0.0,0.0,-0.0,-0.0
dénonce,lemma,0,5,0,0,0,0,0,0,0,0,0,5,1.0,0.0,0.0,0.0,0.0,0.0,0.0,0.0,0.0,0.0,0.0,-0.0,-0.0
dégoûter,lemma,0,0,0,3,0,0,0,0,0,0,0,3,0.0,1.0,0.0,0.0,0.0,0.0,0.0,0.0,0.0,0.0,0.0,-0.0,-0.0
affrontés,word,0,3,0,0,0,0,0,0,0,0,0,3,1.0,0.0,0.0,0.0,0.0,0.0,0.0,0.0,0.0,0.0,0.0,-0.0,-0.0
truquer,lemma,0,4,0,0,0,0,0,0,0,0,0,4,1.0,0.0,0.0,0.0,0.0,0.0,0.0,0.0,0.0,0.0,0.0,-0.0,-0.0
tristesse,word,0,0,0,0,0,0,0,0,0,0,10,10,0.0,0.0,0.0,0.0,0.0,1.0,0.0,0.0,0.0,0.0,0.0,-0.0,-0.0
tristesse,lemma,0,0,0,0,0,0,0,0,0,0,10,10,0.0,0.0,0.0,0.0,0.0,1.0,0.0,0.0,0.0,0.0,0.0,-0.0,-0.0
tristes,word,0,0,0,0,0,0,0,0,0,0,7,7,0.0,0.0,0.0,0.0,0.0,1.0,0.0,0.0,0.0,0.0,0.0,-0.0,-0.0
dîner,word,0,0,0,0,0,0,0,3,0,0,0,3,0.0,0.0,1.0,0.0,0.0,0.0,0.0,0.0,0.0,0.0,0.0,-0.0,-0.0
dîner,lemma,0,0,0,0,0,0,0,3,0,0,0,3,0.0,0.0,1.0,0.0,0.0,0.0,0.0,0.0,0.0,0.0,0.0,-0.0,-0.0
déçus,word,0,0,0,0,0,0,0,0,0,0,4,4,0.0,0.0,0.0,0.0,0.0,1.0,0.0,0.0,0.0,0.0,0.0,-0.0,-0.0
déçue,word,0,0,0,0,0,0,0,0,0,0,6,6,0.0,0.0,0.0,0.0,0.0,1.0,0.0,0.0,0.0,0.0,0.0,-0.0,-0.0
déçue,lemma,0,0,0,0,0,0,0,0,0,0,6,6,0.0,0.0,0.0,0.0,0.0,1.0,0.0,0.0,0.0,0.0,0.0,-0.0,-0.0
originale,word,0,0,0,0,0,0,0,0,0,3,0,3,0.0,0.0,0.0,0.0,1.0,0.0,0.0,0.0,0.0,0.0,0.0,-0.0,-0.0
raison,lemma,0,0,0,0,0,3,0,0,0,0,0,3,0.0,0.0,0.0,0.0,0.0,0.0,0.0,0.0,0.0,1.0,0.0,-0.0,-0.0
raciste,lemma,0,3,0,0,0,0,0,0,0,0,0,3,1.0,0.0,0.0,0.0,0.0,0.0,0.0,0.0,0.0,0.0,0.0,-0.0,-0.0
r,word,0,3,0,0,0,0,0,0,0,0,0,3,1.0,0.0,0.0,0.0,0.0,0.0,0.0,0.0,0.0,0.0,0.0,-0.0,-0.0
r,lemma,0,4,0,0,0,0,0,0,0,0,0,4,1.0,0.0,0.0,0.0,0.0,0.0,0.0,0.0,0.0,0.0,0.0,-0.0,-0.0
lancé,word,0,3,0,0,0,0,0,0,0,0,0,3,1.0,0.0,0.0,0.0,0.0,0.0,0.0,0.0,0.0,0.0,0.0,-0.0,-0.0
lancer,lemma,0,3,0,0,0,0,0,0,0,0,0,3,1.0,0.0,0.0,0.0,0.0,0.0,0.0,0.0,0.0,0.0,0.0,-0.0,-0.0
joyeux,word,0,0,0,0,0,0,0,3,0,0,0,3,0.0,0.0,1.0,0.0,0.0,0.0,0.0,0.0,0.0,0.0,0.0,-0.0,-0.0
joyeux,lemma,0,0,0,0,0,0,0,4,0,0,0,4,0.0,0.0,1.0,0.0,0.0,0.0,0.0,0.0,0.0,0.0,0.0,-0.0,-0.0
lutte,word,0,5,0,0,0,0,0,0,0,0,0,5,1.0,0.0,0.0,0.0,0.0,0.0,0.0,0.0,0.0,0.0,0.0,-0.0,-0.0
lutte,lemma,0,5,0,0,0,0,0,0,0,0,0,5,1.0,0.0,0.0,0.0,0.0,0.0,0.0,0.0,0.0,0.0,0.0,-0.0,-0.0
lettre,word,0,0,0,0,0,0,0,3,0,0,0,3,0.0,0.0,1.0,0.0,0.0,0.0,0.0,0.0,0.0,0.0,0.0,-0.0,-0.0
lettre,lemma,0,0,0,0,0,0,0,3,0,0,0,3,0.0,0.0,1.0,0.0,0.0,0.0,0.0,0.0,0.0,0.0,0.0,-0.0,-0.0
magique,word,0,0,0,0,0,0,0,0,0,3,0,3,0.0,0.0,0.0,0.0,1.0,0.0,0.0,0.0,0.0,0.0,0.0,-0.0,-0.0
craignent,word,0,0,0,0,0,0,0,0,19,0,0,19,0.0,0.0,0.0,1.0,0.0,0.0,0.0,0.0,0.0,0.0,0.0,-0.0,-0.0
arrete,lemma,0,7,0,0,0,0,0,0,0,0,0,7,1.0,0.0,0.0,0.0,0.0,0.0,0.0,0.0,0.0,0.0,0.0,-0.0,-0.0
armes,word,0,0,0,0,0,0,0,0,3,0,0,3,0.0,0.0,0.0,1.0,0.0,0.0,0.0,0.0,0.0,0.0,0.0,-0.0,-0.0
magique,lemma,0,0,0,0,0,0,0,0,0,4,0,4,0.0,0.0,0.0,0.0,1.0,0.0,0.0,0.0,0.0,0.0,0.0,-0.0,-0.0
pénible,word,0,0,0,0,0,0,0,0,0,0,3,3,0.0,0.0,0.0,0.0,0.0,1.0,0.0,0.0,0.0,0.0,0.0,-0.0,-0.0
pénible,lemma,0,0,0,0,0,0,0,0,0,0,3,3,0.0,0.0,0.0,0.0,0.0,1.0,0.0,0.0,0.0,0.0,0.0,-0.0,-0.0
pyjama,word,0,0,0,0,0,0,0,3,0,0,0,3,0.0,0.0,1.0,0.0,0.0,0.0,0.0,0.0,0.0,0.0,0.0,-0.0,-0.0
pyjama,lemma,0,0,0,0,0,0,0,3,0,0,0,3,0.0,0.0,1.0,0.0,0.0,0.0,0.0,0.0,0.0,0.0,0.0,-0.0,-0.0
putain,word,0,3,0,0,0,0,0,0,0,0,0,3,1.0,0.0,0.0,0.0,0.0,0.0,0.0,0.0,0.0,0.0,0.0,-0.0,-0.0
putain,lemma,0,3,0,0,0,0,0,0,0,0,0,3,1.0,0.0,0.0,0.0,0.0,0.0,0.0,0.0,0.0,0.0,0.0,-0.0,-0.0
malheureux,lemma,0,0,0,0,0,0,0,0,0,0,3,3,0.0,0.0,0.0,0.0,0.0,1.0,0.0,0.0,0.0,0.0,0.0,-0.0,-0.0
malheureusement,word,0,0,0,0,0,0,0,0,0,0,7,7,0.0,0.0,0.0,0.0,0.0,1.0,0.0,0.0,0.0,0.0,0.0,-0.0,-0.0
malheureusement,lemma,0,0,0,0,0,0,0,0,0,0,7,7,0.0,0.0,0.0,0.0,0.0,1.0,0.0,0.0,0.0,0.0,0.0,-0.0,-0.0
maladies,word,0,0,0,0,0,0,0,0,4,0,0,4,0.0,0.0,0.0,1.0,0.0,0.0,0.0,0.0,0.0,0.0,0.0,-0.0,-0.0
manifesté,word,0,16,0,0,0,0,0,0,0,0,0,16,1.0,0.0,0.0,0.0,0.0,0.0,0.0,0.0,0.0,0.0,0.0,-0.0,-0.0
arrete,word,0,7,0,0,0,0,0,0,0,0,0,7,1.0,0.0,0.0,0.0,0.0,0.0,0.0,0.0,0.0,0.0,0.0,-0.0,-0.0
menaçante,word,0,0,0,0,0,0,0,0,4,0,0,4,0.0,0.0,0.0,1.0,0.0,0.0,0.0,0.0,0.0,0.0,0.0,-0.0,-0.0
menaçante,lemma,0,0,0,0,0,0,0,0,4,0,0,4,0.0,0.0,0.0,1.0,0.0,0.0,0.0,0.0,0.0,0.0,0.0,-0.0,-0.0
menaçait,word,0,0,0,0,0,0,0,0,4,0,0,4,0.0,0.0,0.0,1.0,0.0,0.0,0.0,0.0,0.0,0.0,0.0,-0.0,-0.0
menacés,word,0,0,0,0,0,0,0,0,6,0,0,6,0.0,0.0,0.0,1.0,0.0,0.0,0.0,0.0,0.0,0.0,0.0,-0.0,-0.0
menacée,word,0,0,0,0,0,0,0,0,3,0,0,3,0.0,0.0,0.0,1.0,0.0,0.0,0.0,0.0,0.0,0.0,0.0,-0.0,-0.0
polémique,word,0,4,0,0,0,0,0,0,0,0,0,4,1.0,0.0,0.0,0.0,0.0,0.0,0.0,0.0,0.0,0.0,0.0,-0.0,-0.0
polémique,lemma,0,4,0,0,0,0,0,0,0,0,0,4,1.0,0.0,0.0,0.0,0.0,0.0,0.0,0.0,0.0,0.0,0.0,-0.0,-0.0
pleure,word,0,0,0,0,0,0,0,0,0,0,5,5,0.0,0.0,0.0,0.0,0.0,1.0,0.0,0.0,0.0,0.0,0.0,-0.0,-0.0
plaisir,word,0,0,0,0,0,0,0,26,0,0,0,26,0.0,0.0,1.0,0.0,0.0,0.0,0.0,0.0,0.0,0.0,0.0,-0.0,-0.0
plaisir,lemma,0,0,0,0,0,0,0,26,0,0,0,26,0.0,0.0,1.0,0.0,0.0,0.0,0.0,0.0,0.0,0.0,0.0,-0.0,-0.0
joie,word,0,0,0,0,0,0,0,16,0,0,0,16,0.0,0.0,1.0,0.0,0.0,0.0,0.0,0.0,0.0,0.0,0.0,-0.0,-0.0
joie,lemma,0,0,0,0,0,0,0,16,0,0,0,16,0.0,0.0,1.0,0.0,0.0,0.0,0.0,0.0,0.0,0.0,0.0,-0.0,-0.0
jaloux,word,0,0,0,0,0,0,5,0,0,0,0,5,0.0,0.0,0.0,0.0,0.0,0.0,0.0,0.0,0.0,0.0,1.0,-0.0,-0.0
raison,word,0,0,0,0,0,3,0,0,0,0,0,3,0.0,0.0,0.0,0.0,0.0,0.0,0.0,0.0,0.0,1.0,0.0,-0.0,-0.0
inégalités,word,0,6,0,0,0,0,0,0,0,0,0,6,1.0,0.0,0.0,0.0,0.0,0.0,0.0,0.0,0.0,0.0,0.0,-0.0,-0.0
inégalité,lemma,0,6,0,0,0,0,0,0,0,0,0,6,1.0,0.0,0.0,0.0,0.0,0.0,0.0,0.0,0.0,0.0,0.0,-0.0,-0.0
inédite,word,0,0,0,0,0,0,0,0,0,4,0,4,0.0,0.0,0.0,0.0,1.0,0.0,0.0,0.0,0.0,0.0,0.0,-0.0,-0.0
inédit,lemma,0,0,0,0,0,0,0,0,0,5,0,5,0.0,0.0,0.0,0.0,1.0,0.0,0.0,0.0,0.0,0.0,0.0,-0.0,-0.0
intriguer,lemma,0,0,0,0,0,0,0,0,0,4,0,4,0.0,0.0,0.0,0.0,1.0,0.0,0.0,0.0,0.0,0.0,0.0,-0.0,-0.0
redouter,lemma,0,0,0,0,0,0,0,0,6,0,0,6,0.0,0.0,0.0,1.0,0.0,0.0,0.0,0.0,0.0,0.0,0.0,-0.0,-0.0
redoutent,word,0,0,0,0,0,0,0,0,3,0,0,3,0.0,0.0,0.0,1.0,0.0,0.0,0.0,0.0,0.0,0.0,0.0,-0.0,-0.0
redoute,word,0,0,0,0,0,0,0,0,5,0,0,5,0.0,0.0,0.0,1.0,0.0,0.0,0.0,0.0,0.0,0.0,0.0,-0.0,-0.0
redoute,lemma,0,0,0,0,0,0,0,0,5,0,0,5,0.0,0.0,0.0,1.0,0.0,0.0,0.0,0.0,0.0,0.0,0.0,-0.0,-0.0
rebeller,lemma,0,3,0,0,0,0,0,0,0,0,0,3,1.0,0.0,0.0,0.0,0.0,0.0,0.0,0.0,0.0,0.0,0.0,-0.0,-0.0
ravir,lemma,0,0,0,0,0,0,0,8,0,0,0,8,0.0,0.0,1.0,0.0,0.0,0.0,0.0,0.0,0.0,0.0,0.0,-0.0,-0.0
ravie,word,0,0,0,0,0,0,0,5,0,0,0,5,0.0,0.0,1.0,0.0,0.0,0.0,0.0,0.0,0.0,0.0,0.0,-0.0,-0.0
ravi,word,0,0,0,0,0,0,0,4,0,0,0,4,0.0,0.0,1.0,0.0,0.0,0.0,0.0,0.0,0.0,0.0,0.0,-0.0,-0.0
ravi,lemma,0,0,0,0,0,0,0,4,0,0,0,4,0.0,0.0,1.0,0.0,0.0,0.0,0.0,0.0,0.0,0.0,0.0,-0.0,-0.0
jaloux,lemma,0,0,0,0,0,0,7,0,0,0,0,7,0.0,0.0,0.0,0.0,0.0,0.0,0.0,0.0,0.0,0.0,1.0,-0.0,-0.0
menacent,word,0,0,0,0,0,0,0,0,7,0,0,7,0.0,0.0,0.0,1.0,0.0,0.0,0.0,0.0,0.0,0.0,0.0,-0.0,-0.0
marre,word,0,7,0,0,0,0,0,0,0,0,0,7,1.0,0.0,0.0,0.0,0.0,0.0,0.0,0.0,0.0,0.0,0.0,-0.0,-0.0
marre,lemma,0,7,0,0,0,0,0,0,0,0,0,7,1.0,0.0,0.0,0.0,0.0,0.0,0.0,0.0,0.0,0.0,0.0,-0.0,-0.0
marrantes,word,0,0,0,0,0,0,0,3,0,0,0,3,0.0,0.0,1.0,0.0,0.0,0.0,0.0,0.0,0.0,0.0,0.0,-0.0,-0.0
abri,lemma,0,0,0,0,0,0,0,0,3,0,0,3,0.0,0.0,0.0,1.0,0.0,0.0,0.0,0.0,0.0,0.0,0.0,-0.0,-0.0
"""",punctuation,0,3,0,0,0,0,0,0,0,0,0,3,1.0,0.0,0.0,0.0,0.0,0.0,0.0,0.0,0.0,0.0,0.0,-0.0,-0.0
évacuer,word,0,0,0,0,0,0,0,0,3,0,0,3,0.0,0.0,0.0,1.0,0.0,0.0,0.0,0.0,0.0,0.0,0.0,-0.0,-0.0
accusée,word,0,6,0,0,0,0,0,0,0,0,0,6,1.0,0.0,0.0,0.0,0.0,0.0,0.0,0.0,0.0,0.0,0.0,-0.0,-0.0
accuser,word,0,3,0,0,0,0,0,0,0,0,0,3,1.0,0.0,0.0,0.0,0.0,0.0,0.0,0.0,0.0,0.0,0.0,-0.0,-0.0
violents,word,0,0,0,0,0,0,0,0,4,0,0,4,0.0,0.0,0.0,1.0,0.0,0.0,0.0,0.0,0.0,0.0,0.0,-0.0,-0.0
bloquant,word,0,4,0,0,0,0,0,0,0,0,0,4,1.0,0.0,0.0,0.0,0.0,0.0,0.0,0.0,0.0,0.0,0.0,-0.0,-0.0
appelé,word,0,5,0,0,0,0,0,0,0,0,0,5,1.0,0.0,0.0,0.0,0.0,0.0,0.0,0.0,0.0,0.0,0.0,-0.0,-0.0
appeler,lemma,0,6,0,0,0,0,0,0,0,0,0,6,1.0,0.0,0.0,0.0,0.0,0.0,0.0,0.0,0.0,0.0,0.0,-0.0,-0.0
manifesté,lemma,0,15,0,0,0,0,0,0,0,0,0,15,1.0,0.0,0.0,0.0,0.0,0.0,0.0,0.0,0.0,0.0,0.0,-0.0,-0.0
angoisse,word,0,0,0,0,0,0,0,0,4,0,0,4,0.0,0.0,0.0,1.0,0.0,0.0,0.0,0.0,0.0,0.0,0.0,-0.0,-0.0
angoisse,lemma,0,0,0,0,0,0,0,0,6,0,0,6,0.0,0.0,0.0,1.0,0.0,0.0,0.0,0.0,0.0,0.0,0.0,-0.0,-0.0
panique,word,0,0,0,0,0,0,0,0,11,0,0,11,0.0,0.0,0.0,1.0,0.0,0.0,0.0,0.0,0.0,0.0,0.0,-0.0,-0.0
panique,lemma,0,0,0,0,0,0,0,0,11,0,0,11,0.0,0.0,0.0,1.0,0.0,0.0,0.0,0.0,0.0,0.0,0.0,-0.0,-0.0
évacuer,lemma,0,0,0,0,0,0,0,0,3,0,0,3,0.0,0.0,0.0,1.0,0.0,0.0,0.0,0.0,0.0,0.0,0.0,-0.0,-0.0
étrange,word,0,0,0,0,0,0,0,0,0,8,0,8,0.0,0.0,0.0,0.0,1.0,0.0,0.0,0.0,0.0,0.0,0.0,-0.0,-0.0
dommage,word,0,0,0,0,0,0,0,0,0,0,3,3,0.0,0.0,0.0,0.0,0.0,1.0,0.0,0.0,0.0,0.0,0.0,-0.0,-0.0
disputer,lemma,0,7,0,0,0,0,0,0,0,0,0,7,1.0,0.0,0.0,0.0,0.0,0.0,0.0,0.0,0.0,0.0,0.0,-0.0,-0.0
disputent,word,0,3,0,0,0,0,0,0,0,0,0,3,1.0,0.0,0.0,0.0,0.0,0.0,0.0,0.0,0.0,0.0,0.0,-0.0,-0.0
dispute,lemma,0,3,0,0,0,0,0,0,0,0,0,3,1.0,0.0,0.0,0.0,0.0,0.0,0.0,0.0,0.0,0.0,0.0,-0.0,-0.0
danse,word,0,0,0,0,0,0,0,6,0,0,0,6,0.0,0.0,1.0,0.0,0.0,0.0,0.0,0.0,0.0,0.0,0.0,-0.0,-0.0
accusant,word,0,4,0,0,0,0,0,0,0,0,0,4,1.0,0.0,0.0,0.0,0.0,0.0,0.0,0.0,0.0,0.0,0.0,-0.0,-0.0
accusait,word,0,4,0,0,0,0,0,0,0,0,0,4,1.0,0.0,0.0,0.0,0.0,0.0,0.0,0.0,0.0,0.0,0.0,-0.0,-0.0
accord,word,0,12,0,0,0,0,0,0,0,0,0,12,1.0,0.0,0.0,0.0,0.0,0.0,0.0,0.0,0.0,0.0,0.0,-0.0,-0.0
animaux,word,0,0,0,0,0,0,0,0,3,0,0,3,0.0,0.0,0.0,1.0,0.0,0.0,0.0,0.0,0.0,0.0,0.0,-0.0,-0.0
manifester,word,0,15,0,0,0,0,0,0,0,0,0,15,1.0,0.0,0.0,0.0,0.0,0.0,0.0,0.0,0.0,0.0,0.0,-0.0,-0.0
manifester,lemma,0,20,0,0,0,0,0,0,0,0,0,20,1.0,0.0,0.0,0.0,0.0,0.0,0.0,0.0,0.0,0.0,0.0,-0.0,-0.0
manifestent,word,0,15,0,0,0,0,0,0,0,0,0,15,1.0,0.0,0.0,0.0,0.0,0.0,0.0,0.0,0.0,0.0,0.0,-0.0,-0.0
manifestent,lemma,0,15,0,0,0,0,0,0,0,0,0,15,1.0,0.0,0.0,0.0,0.0,0.0,0.0,0.0,0.0,0.0,0.0,-0.0,-0.0
manifeste,word,0,4,0,0,0,0,0,0,0,0,0,4,1.0,0.0,0.0,0.0,0.0,0.0,0.0,0.0,0.0,0.0,0.0,-0.0,-0.0
manifeste,lemma,0,4,0,0,0,0,0,0,0,0,0,4,1.0,0.0,0.0,0.0,0.0,0.0,0.0,0.0,0.0,0.0,0.0,-0.0,-0.0
manifestation,word,0,7,0,0,0,0,0,0,0,0,0,7,1.0,0.0,0.0,0.0,0.0,0.0,0.0,0.0,0.0,0.0,0.0,-0.0,-0.0
manifestaient,word,0,3,0,0,0,0,0,0,0,0,0,3,1.0,0.0,0.0,0.0,0.0,0.0,0.0,0.0,0.0,0.0,0.0,-0.0,-0.0
protester,word,0,18,0,0,0,0,0,0,0,0,0,18,1.0,0.0,0.0,0.0,0.0,0.0,0.0,0.0,0.0,0.0,0.0,-0.0,-0.0
protestent,word,0,4,0,0,0,0,0,0,0,0,0,4,1.0,0.0,0.0,0.0,0.0,0.0,0.0,0.0,0.0,0.0,0.0,-0.0,-0.0
protestations,word,0,8,0,0,0,0,0,0,0,0,0,8,1.0,0.0,0.0,0.0,0.0,0.0,0.0,0.0,0.0,0.0,0.0,-0.0,-0.0
protestation,word,0,8,0,0,0,0,0,0,0,0,0,8,1.0,0.0,0.0,0.0,0.0,0.0,0.0,0.0,0.0,0.0,0.0,-0.0,-0.0
protestation,lemma,0,16,0,0,0,0,0,0,0,0,0,16,1.0,0.0,0.0,0.0,0.0,0.0,0.0,0.0,0.0,0.0,0.0,-0.0,-0.0
porté,word,0,4,0,0,0,0,0,0,0,0,0,4,1.0,0.0,0.0,0.0,0.0,0.0,0.0,0.0,0.0,0.0,0.0,-0.0,-0.0
amusé,word,0,0,0,0,0,0,0,3,0,0,0,3,0.0,0.0,1.0,0.0,0.0,0.0,0.0,0.0,0.0,0.0,0.0,-0.0,-0.0
amuser,word,0,0,0,0,0,0,0,9,0,0,0,9,0.0,0.0,1.0,0.0,0.0,0.0,0.0,0.0,0.0,0.0,0.0,-0.0,-0.0
amuser,lemma,0,0,0,0,0,0,0,25,0,0,0,25,0.0,0.0,1.0,0.0,0.0,0.0,0.0,0.0,0.0,0.0,0.0,-0.0,-0.0
amuse,word,0,0,0,0,0,0,0,10,0,0,0,10,0.0,0.0,1.0,0.0,0.0,0.0,0.0,0.0,0.0,0.0,0.0,-0.0,-0.0
amusante,word,0,0,0,0,0,0,0,3,0,0,0,3,0.0,0.0,1.0,0.0,0.0,0.0,0.0,0.0,0.0,0.0,0.0,-0.0,-0.0
contester,lemma,0,7,0,0,0,0,0,0,0,0,0,7,1.0,0.0,0.0,0.0,0.0,0.0,0.0,0.0,0.0,0.0,0.0,-0.0,-0.0
contestation,word,0,8,0,0,0,0,0,0,0,0,0,8,1.0,0.0,0.0,0.0,0.0,0.0,0.0,0.0,0.0,0.0,0.0,-0.0,-0.0
contestation,lemma,0,9,0,0,0,0,0,0,0,0,0,9,1.0,0.0,0.0,0.0,0.0,0.0,0.0,0.0,0.0,0.0,0.0,-0.0,-0.0
contents,word,0,0,0,0,0,0,0,16,0,0,0,16,0.0,0.0,1.0,0.0,0.0,0.0,0.0,0.0,0.0,0.0,0.0,-0.0,-0.0
contente,word,0,0,0,0,0,0,0,10,0,0,0,10,0.0,0.0,1.0,0.0,0.0,0.0,0.0,0.0,0.0,0.0,0.0,-0.0,-0.0
content,word,0,0,0,0,0,0,0,4,0,0,0,4,0.0,0.0,1.0,0.0,0.0,0.0,0.0,0.0,0.0,0.0,0.0,-0.0,-0.0
content,lemma,0,0,0,0,0,0,0,30,0,0,0,30,0.0,0.0,1.0,0.0,0.0,0.0,0.0,0.0,0.0,0.0,0.0,-0.0,-0.0
connasse,lemma,0,3,0,0,0,0,0,0,0,0,0,3,1.0,0.0,0.0,0.0,0.0,0.0,0.0,0.0,0.0,0.0,0.0,-0.0,-0.0
amus,lemma,0,0,0,0,0,0,0,9,0,0,0,9,0.0,0.0,1.0,0.0,0.0,0.0,0.0,0.0,0.0,0.0,0.0,-0.0,-0.0
prestigieux,word,3,0,0,0,0,0,0,0,0,0,0,3,0.0,0.0,0.0,0.0,0.0,0.0,1.0,0.0,0.0,0.0,0.0,-0.0,-0.0
réjouit,word,0,0,0,0,0,0,0,5,0,0,0,5,0.0,0.0,1.0,0.0,0.0,0.0,0.0,0.0,0.0,0.0,0.0,-0.0,-0.0
réjouir,lemma,0,0,0,0,0,0,0,8,0,0,0,8,0.0,0.0,1.0,0.0,0.0,0.0,0.0,0.0,0.0,0.0,0.0,-0.0,-0.0
réclamé,word,0,4,0,0,0,0,0,0,0,0,0,4,1.0,0.0,0.0,0.0,0.0,0.0,0.0,0.0,0.0,0.0,0.0,-0.0,-0.0
réclamer,word,0,14,0,0,0,0,0,0,0,0,0,14,1.0,0.0,0.0,0.0,0.0,0.0,0.0,0.0,0.0,0.0,0.0,-0.0,-0.0
réclamer,lemma,0,39,0,0,0,0,0,0,0,0,0,39,1.0,0.0,0.0,0.0,0.0,0.0,0.0,0.0,0.0,0.0,0.0,-0.0,-0.0
réclament,word,0,10,0,0,0,0,0,0,0,0,0,10,1.0,0.0,0.0,0.0,0.0,0.0,0.0,0.0,0.0,0.0,0.0,-0.0,-0.0
réclame,word,0,12,0,0,0,0,0,0,0,0,0,12,1.0,0.0,0.0,0.0,0.0,0.0,0.0,0.0,0.0,0.0,0.0,-0.0,-0.0
réclame,lemma,0,12,0,0,0,0,0,0,0,0,0,12,1.0,0.0,0.0,0.0,0.0,0.0,0.0,0.0,0.0,0.0,0.0,-0.0,-0.0
réclamait,word,0,4,0,0,0,0,0,0,0,0,0,4,1.0,0.0,0.0,0.0,0.0,0.0,0.0,0.0,0.0,0.0,0.0,-0.0,-0.0
inquiet,word,0,0,0,0,0,0,0,0,6,0,0,6,0.0,0.0,0.0,1.0,0.0,0.0,0.0,0.0,0.0,0.0,0.0,-0.0,-0.0
injustices,word,0,5,0,0,0,0,0,0,0,0,0,5,1.0,0.0,0.0,0.0,0.0,0.0,0.0,0.0,0.0,0.0,0.0,-0.0,-0.0
injustice,word,0,7,0,0,0,0,0,0,0,0,0,7,1.0,0.0,0.0,0.0,0.0,0.0,0.0,0.0,0.0,0.0,0.0,-0.0,-0.0
injustice,lemma,0,12,0,0,0,0,0,0,0,0,0,12,1.0,0.0,0.0,0.0,0.0,0.0,0.0,0.0,0.0,0.0,0.0,-0.0,-0.0
mentir,lemma,0,4,0,0,0,0,0,0,0,0,0,4,1.0,0.0,0.0,0.0,0.0,0.0,0.0,0.0,0.0,0.0,0.0,-0.0,-0.0
incroyable,word,0,0,0,0,0,0,0,0,0,7,0,7,0.0,0.0,0.0,0.0,1.0,0.0,0.0,0.0,0.0,0.0,0.0,-0.0,-0.0
inattendu,lemma,0,0,0,0,0,0,0,0,0,3,0,3,0.0,0.0,0.0,0.0,1.0,0.0,0.0,0.0,0.0,0.0,0.0,-0.0,-0.0
réclamaient,word,0,4,0,0,0,0,0,0,0,0,0,4,1.0,0.0,0.0,0.0,0.0,0.0,0.0,0.0,0.0,0.0,0.0,-0.0,-0.0
râler,word,0,4,0,0,0,0,0,0,0,0,0,4,1.0,0.0,0.0,0.0,0.0,0.0,0.0,0.0,0.0,0.0,0.0,-0.0,-0.0
râler,lemma,0,4,0,0,0,0,0,0,0,0,0,4,1.0,0.0,0.0,0.0,0.0,0.0,0.0,0.0,0.0,0.0,0.0,-0.0,-0.0
routes,word,0,10,0,0,0,0,0,0,0,0,0,10,1.0,0.0,0.0,0.0,0.0,0.0,0.0,0.0,0.0,0.0,0.0,-0.0,-0.0
route,lemma,0,10,0,0,0,0,0,0,0,0,0,10,1.0,0.0,0.0,0.0,0.0,0.0,0.0,0.0,0.0,0.0,0.0,-0.0,-0.0
plaisante,word,0,0,0,0,0,0,0,7,0,0,0,7,0.0,0.0,1.0,0.0,0.0,0.0,0.0,0.0,0.0,0.0,0.0,-0.0,-0.0
misère,word,0,0,0,0,0,0,0,0,0,0,3,3,0.0,0.0,0.0,0.0,0.0,1.0,0.0,0.0,0.0,0.0,0.0,-0.0,-0.0
misère,lemma,0,0,0,0,0,0,0,0,0,0,3,3,0.0,0.0,0.0,0.0,0.0,1.0,0.0,0.0,0.0,0.0,0.0,-0.0,-0.0
mere,word,0,11,0,0,0,0,0,0,0,0,0,11,1.0,0.0,0.0,0.0,0.0,0.0,0.0,0.0,0.0,0.0,0.0,-0.0,-0.0
plaisante,lemma,0,0,0,0,0,0,0,7,0,0,0,7,0.0,0.0,1.0,0.0,0.0,0.0,0.0,0.0,0.0,0.0,0.0,-0.0,-0.0
plainte,word,0,8,0,0,0,0,0,0,0,0,0,8,1.0,0.0,0.0,0.0,0.0,0.0,0.0,0.0,0.0,0.0,0.0,-0.0,-0.0
plainte,lemma,0,9,0,0,0,0,0,0,0,0,0,9,1.0,0.0,0.0,0.0,0.0,0.0,0.0,0.0,0.0,0.0,0.0,-0.0,-0.0
indigner,lemma,0,3,0,0,0,0,0,0,0,0,0,3,1.0,0.0,0.0,0.0,0.0,0.0,0.0,0.0,0.0,0.0,0.0,-0.0,-0.0
étonnement,lemma,0,0,0,0,0,0,0,0,0,4,0,4,0.0,0.0,0.0,0.0,1.0,0.0,0.0,0.0,0.0,0.0,0.0,-0.0,-0.0
craignent,lemma,0,0,0,0,0,0,0,0,19,0,0,19,0.0,0.0,0.0,1.0,0.0,0.0,0.0,0.0,0.0,0.0,0.0,-0.0,-0.0
craignaient,word,0,0,0,0,0,0,0,0,3,0,0,3,0.0,0.0,0.0,1.0,0.0,0.0,0.0,0.0,0.0,0.0,0.0,-0.0,-0.0
craignaient,lemma,0,0,0,0,0,0,0,0,3,0,0,3,0.0,0.0,0.0,1.0,0.0,0.0,0.0,0.0,0.0,0.0,0.0,-0.0,-0.0
heureusement,lemma,0,0,0,0,0,0,0,18,0,0,0,18,0.0,0.0,1.0,0.0,0.0,0.0,0.0,0.0,0.0,0.0,0.0,-0.0,-0.0
heureuse,word,0,0,0,0,0,0,0,5,0,0,0,5,0.0,0.0,1.0,0.0,0.0,0.0,0.0,0.0,0.0,0.0,0.0,-0.0,-0.0
satisfaire,word,0,0,0,0,0,0,0,4,0,0,0,4,0.0,0.0,1.0,0.0,0.0,0.0,0.0,0.0,0.0,0.0,0.0,-0.0,-0.0
satisfaire,lemma,0,0,0,0,0,0,0,6,0,0,0,6,0.0,0.0,1.0,0.0,0.0,0.0,0.0,0.0,0.0,0.0,0.0,-0.0,-0.0
s'étonne,word,0,0,0,0,0,0,0,0,0,5,0,5,0.0,0.0,0.0,0.0,1.0,0.0,0.0,0.0,0.0,0.0,0.0,-0.0,-0.0
s'inquiètent,word,0,0,0,0,0,0,0,0,7,0,0,7,0.0,0.0,0.0,1.0,0.0,0.0,0.0,0.0,0.0,0.0,0.0,-0.0,-0.0
hors,word,0,0,0,0,0,0,0,0,0,6,0,6,0.0,0.0,0.0,0.0,1.0,0.0,0.0,0.0,0.0,0.0,0.0,-0.0,-0.0
hors,lemma,0,0,0,0,0,0,0,0,0,6,0,6,0.0,0.0,0.0,0.0,1.0,0.0,0.0,0.0,0.0,0.0,0.0,-0.0,-0.0
honte,word,0,0,0,0,10,0,0,0,0,0,0,10,0.0,0.0,0.0,0.0,0.0,0.0,0.0,0.0,1.0,0.0,0.0,-0.0,-0.0
icône,lemma,3,0,0,0,0,0,0,0,0,0,0,3,0.0,0.0,0.0,0.0,0.0,0.0,1.0,0.0,0.0,0.0,0.0,-0.0,-0.0
heureux,word,0,0,0,0,0,0,0,27,0,0,0,27,0.0,0.0,1.0,0.0,0.0,0.0,0.0,0.0,0.0,0.0,0.0,-0.0,-0.0
heureux,lemma,0,0,0,0,0,0,0,35,0,0,0,35,0.0,0.0,1.0,0.0,0.0,0.0,0.0,0.0,0.0,0.0,0.0,-0.0,-0.0
heureuses,word,0,0,0,0,0,0,0,3,0,0,0,3,0.0,0.0,1.0,0.0,0.0,0.0,0.0,0.0,0.0,0.0,0.0,-0.0,-0.0
heureusement,word,0,0,0,0,0,0,0,18,0,0,0,18,0.0,0.0,1.0,0.0,0.0,0.0,0.0,0.0,0.0,0.0,0.0,-0.0,-0.0
s'enthousiasme,word,0,0,0,0,0,0,0,3,0,0,0,3,0.0,0.0,1.0,0.0,0.0,0.0,0.0,0.0,0.0,0.0,0.0,-0.0,-0.0
s'emporte,word,0,3,0,0,0,0,0,0,0,0,0,3,1.0,0.0,0.0,0.0,0.0,0.0,0.0,0.0,0.0,0.0,0.0,-0.0,-0.0
s'amuser,word,0,0,0,0,0,0,0,3,0,0,0,3,0.0,0.0,1.0,0.0,0.0,0.0,0.0,0.0,0.0,0.0,0.0,-0.0,-0.0
s'amuse,word,0,0,0,0,0,0,0,4,0,0,0,4,0.0,0.0,1.0,0.0,0.0,0.0,0.0,0.0,0.0,0.0,0.0,-0.0,-0.0
s'affrontent,word,0,3,0,0,0,0,0,0,0,0,0,3,1.0,0.0,0.0,0.0,0.0,0.0,0.0,0.0,0.0,0.0,0.0,-0.0,-0.0
révoltée,word,0,3,0,0,0,0,0,0,0,0,0,3,1.0,0.0,0.0,0.0,0.0,0.0,0.0,0.0,0.0,0.0,0.0,-0.0,-0.0
illégal,lemma,0,3,0,0,0,0,0,0,0,0,0,3,1.0,0.0,0.0,0.0,0.0,0.0,0.0,0.0,0.0,0.0,0.0,-0.0,-0.0
idole,word,4,0,0,0,0,0,0,0,0,0,0,4,0.0,0.0,0.0,0.0,0.0,0.0,1.0,0.0,0.0,0.0,0.0,-0.0,-0.0
idol,lemma,4,0,0,0,0,0,0,0,0,0,0,4,0.0,0.0,0.0,0.0,0.0,0.0,1.0,0.0,0.0,0.0,0.0,-0.0,-0.0
icône,word,3,0,0,0,0,0,0,0,0,0,0,3,0.0,0.0,0.0,0.0,0.0,0.0,1.0,0.0,0.0,0.0,0.0,-0.0,-0.0
hont,lemma,0,0,0,0,8,0,0,0,0,0,0,8,0.0,0.0,0.0,0.0,0.0,0.0,0.0,0.0,1.0,0.0,0.0,-0.0,-0.0
rigolo,lemma,0,0,0,0,0,0,0,5,0,0,0,5,0.0,0.0,1.0,0.0,0.0,0.0,0.0,0.0,0.0,0.0,0.0,-0.0,-0.0
rigoler,lemma,0,0,0,0,0,0,0,6,0,0,0,6,0.0,0.0,1.0,0.0,0.0,0.0,0.0,0.0,0.0,0.0,0.0,-0.0,-0.0
rigol,lemma,0,0,0,0,0,0,0,4,0,0,0,4,0.0,0.0,1.0,0.0,0.0,0.0,0.0,0.0,0.0,0.0,0.0,-0.0,-0.0
riant,word,0,0,0,0,0,0,0,3,0,0,0,3,0.0,0.0,1.0,0.0,0.0,0.0,0.0,0.0,0.0,0.0,0.0,-0.0,-0.0
ri,word,0,0,0,0,0,0,0,3,0,0,0,3,0.0,0.0,1.0,0.0,0.0,0.0,0.0,0.0,0.0,0.0,0.0,-0.0,-0.0
ri,lemma,0,0,0,0,0,0,0,3,0,0,0,3,0.0,0.0,1.0,0.0,0.0,0.0,0.0,0.0,0.0,0.0,0.0,-0.0,-0.0
revendique,word,0,3,0,0,0,0,0,0,0,0,0,3,1.0,0.0,0.0,0.0,0.0,0.0,0.0,0.0,0.0,0.0,0.0,-0.0,-0.0
revendique,lemma,0,3,0,0,0,0,0,0,0,0,0,3,1.0,0.0,0.0,0.0,0.0,0.0,0.0,0.0,0.0,0.0,0.0,-0.0,-0.0
revendications,word,0,4,0,0,0,0,0,0,0,0,0,4,1.0,0.0,0.0,0.0,0.0,0.0,0.0,0.0,0.0,0.0,0.0,-0.0,-0.0
revendication,lemma,0,4,0,0,0,0,0,0,0,0,0,4,1.0,0.0,0.0,0.0,0.0,0.0,0.0,0.0,0.0,0.0,0.0,-0.0,-0.0
reprocher,lemma,0,12,0,0,0,0,0,0,0,0,0,12,1.0,0.0,0.0,0.0,0.0,0.0,0.0,0.0,0.0,0.0,0.0,-0.0,-0.0
reprochent,word,0,11,0,0,0,0,0,0,0,0,0,11,1.0,0.0,0.0,0.0,0.0,0.0,0.0,0.0,0.0,0.0,0.0,-0.0,-0.0
reproche,word,0,11,0,0,0,0,0,0,0,0,0,11,1.0,0.0,0.0,0.0,0.0,0.0,0.0,0.0,0.0,0.0,0.0,-0.0,-0.0
plaignent,word,0,3,0,0,0,0,0,0,0,0,0,3,1.0,0.0,0.0,0.0,0.0,0.0,0.0,0.0,0.0,0.0,0.0,-0.0,-0.0
reprochaient,word,0,4,0,0,0,0,0,0,0,0,0,4,1.0,0.0,0.0,0.0,0.0,0.0,0.0,0.0,0.0,0.0,0.0,-0.0,-0.0
reprochaient,lemma,0,4,0,0,0,0,0,0,0,0,0,4,1.0,0.0,0.0,0.0,0.0,0.0,0.0,0.0,0.0,0.0,0.0,-0.0,-0.0
corruption,word,0,5,0,0,0,0,0,0,0,0,0,5,1.0,0.0,0.0,0.0,0.0,0.0,0.0,0.0,0.0,0.0,0.0,-0.0,-0.0
corruption,lemma,0,5,0,0,0,0,0,0,0,0,0,5,1.0,0.0,0.0,0.0,0.0,0.0,0.0,0.0,0.0,0.0,0.0,-0.0,-0.0
interdire,word,0,3,0,0,0,0,0,0,0,0,0,3,1.0,0.0,0.0,0.0,0.0,0.0,0.0,0.0,0.0,0.0,0.0,-0.0,-0.0
interdir,lemma,0,3,0,0,0,0,0,0,0,0,0,3,1.0,0.0,0.0,0.0,0.0,0.0,0.0,0.0,0.0,0.0,0.0,-0.0,-0.0
religion,lemma,0,3,0,0,0,0,0,0,0,0,0,3,1.0,0.0,0.0,0.0,0.0,0.0,0.0,0.0,0.0,0.0,0.0,-0.0,-0.0
relations,word,0,3,0,0,0,0,0,0,0,0,0,3,1.0,0.0,0.0,0.0,0.0,0.0,0.0,0.0,0.0,0.0,0.0,-0.0,-0.0
relation,lemma,0,3,0,0,0,0,0,0,0,0,0,3,1.0,0.0,0.0,0.0,0.0,0.0,0.0,0.0,0.0,0.0,0.0,-0.0,-0.0
refusé,word,0,3,0,0,0,0,0,0,0,0,0,3,1.0,0.0,0.0,0.0,0.0,0.0,0.0,0.0,0.0,0.0,0.0,-0.0,-0.0
refuse,word,0,9,0,0,0,0,0,0,0,0,0,9,1.0,0.0,0.0,0.0,0.0,0.0,0.0,0.0,0.0,0.0,0.0,-0.0,-0.0
refuge,word,0,0,0,0,0,0,0,0,9,0,0,9,0.0,0.0,0.0,1.0,0.0,0.0,0.0,0.0,0.0,0.0,0.0,-0.0,-0.0
refuge,lemma,0,0,0,0,0,0,0,0,8,0,0,8,0.0,0.0,0.0,1.0,0.0,0.0,0.0,0.0,0.0,0.0,0.0,-0.0,-0.0
mentir,word,0,4,0,0,0,0,0,0,0,0,0,4,1.0,0.0,0.0,0.0,0.0,0.0,0.0,0.0,0.0,0.0,0.0,-0.0,-0.0
reproche,lemma,0,13,0,0,0,0,0,0,0,0,0,13,1.0,0.0,0.0,0.0,0.0,0.0,0.0,0.0,0.0,0.0,0.0,-0.0,-0.0
pk,word,0,4,0,0,0,0,0,0,0,0,0,4,1.0,0.0,0.0,0.0,0.0,0.0,0.0,0.0,0.0,0.0,0.0,-0.0,-0.0
pk,lemma,0,4,0,0,0,0,0,0,0,0,0,4,1.0,0.0,0.0,0.0,0.0,0.0,0.0,0.0,0.0,0.0,0.0,-0.0,-0.0
pierre,word,0,5,0,0,0,0,0,0,0,0,0,5,1.0,0.0,0.0,0.0,0.0,0.0,0.0,0.0,0.0,0.0,0.0,-0.0,-0.0
pierre,lemma,0,5,0,0,0,0,0,0,0,0,0,5,1.0,0.0,0.0,0.0,0.0,0.0,0.0,0.0,0.0,0.0,0.0,-0.0,-0.0
muslim,lemma,0,3,0,0,0,0,0,0,0,0,0,3,1.0,0.0,0.0,0.0,0.0,0.0,0.0,0.0,0.0,0.0,0.0,-0.0,-0.0
mouvement,word,0,5,0,0,0,0,0,0,0,0,0,5,1.0,0.0,0.0,0.0,0.0,0.0,0.0,0.0,0.0,0.0,0.0,-0.0,-0.0
rit,word,0,0,0,0,0,0,0,4,0,0,0,4,0.0,0.0,1.0,0.0,0.0,0.0,0.0,0.0,0.0,0.0,0.0,-0.0,-0.0
risques,word,0,0,0,0,0,0,0,0,7,0,0,7,0.0,0.0,0.0,1.0,0.0,0.0,0.0,0.0,0.0,0.0,0.0,-0.0,-0.0
risquer,lemma,0,0,0,0,0,0,0,0,4,0,0,4,0.0,0.0,0.0,1.0,0.0,0.0,0.0,0.0,0.0,0.0,0.0,-0.0,-0.0
risque,word,0,0,0,0,0,0,0,0,7,0,0,7,0.0,0.0,0.0,1.0,0.0,0.0,0.0,0.0,0.0,0.0,0.0,-0.0,-0.0
risque,lemma,0,0,0,0,0,0,0,0,14,0,0,14,0.0,0.0,0.0,1.0,0.0,0.0,0.0,0.0,0.0,0.0,0.0,-0.0,-0.0
chier,word,0,3,0,0,0,0,0,0,0,0,0,3,1.0,0.0,0.0,0.0,0.0,0.0,0.0,0.0,0.0,0.0,0.0,-0.0,-0.0
chier,lemma,0,3,0,0,0,0,0,0,0,0,0,3,1.0,0.0,0.0,0.0,0.0,0.0,0.0,0.0,0.0,0.0,0.0,-0.0,-0.0
rigolé,word,0,0,0,0,0,0,0,3,0,0,0,3,0.0,0.0,1.0,0.0,0.0,0.0,0.0,0.0,0.0,0.0,0.0,-0.0,-0.0
inspirer,lemma,4,0,0,0,0,0,0,0,0,0,0,4,0.0,0.0,0.0,0.0,0.0,0.0,1.0,0.0,0.0,0.0,0.0,-0.0,-0.0
insolites,word,0,0,0,0,0,0,0,0,0,3,0,3,0.0,0.0,0.0,0.0,1.0,0.0,0.0,0.0,0.0,0.0,0.0,-0.0,-0.0
insolite,word,0,0,0,0,0,0,0,0,0,4,0,4,0.0,0.0,0.0,0.0,1.0,0.0,0.0,0.0,0.0,0.0,0.0,-0.0,-0.0
insolite,lemma,0,0,0,0,0,0,0,0,0,7,0,7,0.0,0.0,0.0,0.0,1.0,0.0,0.0,0.0,0.0,0.0,0.0,-0.0,-0.0
inquiétudes,word,0,0,0,0,0,0,0,0,6,0,0,6,0.0,0.0,0.0,1.0,0.0,0.0,0.0,0.0,0.0,0.0,0.0,-0.0,-0.0
inquiétude,word,0,0,0,0,0,0,0,0,5,0,0,5,0.0,0.0,0.0,1.0,0.0,0.0,0.0,0.0,0.0,0.0,0.0,-0.0,-0.0
inquiétude,lemma,0,0,0,0,0,0,0,0,11,0,0,11,0.0,0.0,0.0,1.0,0.0,0.0,0.0,0.0,0.0,0.0,0.0,-0.0,-0.0
inquiéter,lemma,0,0,0,0,0,0,0,0,24,0,0,24,0.0,0.0,0.0,1.0,0.0,0.0,0.0,0.0,0.0,0.0,0.0,-0.0,-0.0
inquiétantes,word,0,0,0,0,0,0,0,0,3,0,0,3,0.0,0.0,0.0,1.0,0.0,0.0,0.0,0.0,0.0,0.0,0.0,-0.0,-0.0
inquiétante,lemma,0,0,0,0,0,0,0,0,5,0,0,5,0.0,0.0,0.0,1.0,0.0,0.0,0.0,0.0,0.0,0.0,0.0,-0.0,-0.0
inquiétant,word,0,0,0,0,0,0,0,0,6,0,0,6,0.0,0.0,0.0,1.0,0.0,0.0,0.0,0.0,0.0,0.0,0.0,-0.0,-0.0
inquiètent,word,0,0,0,0,0,0,0,0,6,0,0,6,0.0,0.0,0.0,1.0,0.0,0.0,0.0,0.0,0.0,0.0,0.0,-0.0,-0.0
inquiète,word,0,0,0,0,0,0,0,0,24,0,0,24,0.0,0.0,0.0,1.0,0.0,0.0,0.0,0.0,0.0,0.0,0.0,-0.0,-0.0
inquiets,word,0,0,0,0,0,0,0,0,14,0,0,14,0.0,0.0,0.0,1.0,0.0,0.0,0.0,0.0,0.0,0.0,0.0,-0.0,-0.0
chauffer,lemma,0,3,0,0,0,0,0,0,0,0,0,3,1.0,0.0,0.0,0.0,0.0,0.0,0.0,0.0,0.0,0.0,0.0,-0.0,-0.0
