marker_value,marker_type,Comportementale,Désignée,Montrée,Suggérée,total_count,P(Comportementale),P(Désignée),P(Montrée),P(Suggérée),entropy,normalized_entropy
',punctuation,70,46,153,192,461,0.15184381778741865,0.09978308026030369,0.3318872017353579,0.4164859002169197,1.7991071026089305,0.8995535513044652
fou,word,1,3,6,4,14,0.07142857142857142,0.21428571428571427,0.42857142857142855,0.2857142857142857,1.7884504573082896,0.8942252286541448
fou,lemma,2,3,8,10,23,0.08695652173913043,0.13043478260869565,0.34782608695652173,0.43478260869565216,1.7420763712293135,0.8710381856146567
yeux,word,4,1,1,4,10,0.4,0.1,0.1,0.4,1.721928094887362,0.860964047443681
insulter,lemma,9,10,2,2,23,0.391304347826087,0.43478260869565216,0.08695652173913043,0.08695652173913043,1.6649269142372547,0.8324634571186273
beaucoup,word,1,1,1,4,7,0.14285714285714285,0.14285714285714285,0.14285714285714285,0.5714285714285714,1.664497779200461,0.8322488896002305
beaucoup,lemma,1,1,1,4,7,0.14285714285714285,0.14285714285714285,0.14285714285714285,0.5714285714285714,1.664497779200461,0.8322488896002305
idée,lemma,1,1,3,6,11,0.09090909090909091,0.09090909090909091,0.2727272727272727,0.5454545454545454,1.617189572592715,0.8085947862963575
s'en,word,2,1,7,2,12,0.16666666666666666,0.08333333333333333,0.5833333333333334,0.16666666666666666,1.6140054628542202,0.8070027314271101
toucher,lemma,1,1,0,1,3,0.3333333333333333,0.3333333333333333,0.0,0.3333333333333333,1.584962500721156,0.792481250360578
coeur,lemma,1,1,1,0,3,0.3333333333333333,0.3333333333333333,0.3333333333333333,0.0,1.584962500721156,0.792481250360578
coeur,word,1,1,1,0,3,0.3333333333333333,0.3333333333333333,0.3333333333333333,0.0,1.584962500721156,0.792481250360578
ouvert,word,1,0,1,1,3,0.3333333333333333,0.0,0.3333333333333333,0.3333333333333333,1.584962500721156,0.792481250360578
tué,lemma,1,0,1,1,3,0.3333333333333333,0.0,0.3333333333333333,0.3333333333333333,1.584962500721156,0.792481250360578
air,word,1,0,1,1,3,0.3333333333333333,0.0,0.3333333333333333,0.3333333333333333,1.584962500721156,0.792481250360578
paix,lemma,1,0,1,1,3,0.3333333333333333,0.0,0.3333333333333333,0.3333333333333333,1.584962500721156,0.792481250360578
seraient,word,1,0,1,1,3,0.3333333333333333,0.0,0.3333333333333333,0.3333333333333333,1.584962500721156,0.792481250360578
homme,word,1,0,1,1,3,0.3333333333333333,0.0,0.3333333333333333,0.3333333333333333,1.584962500721156,0.792481250360578
plaît,word,0,1,1,1,3,0.0,0.3333333333333333,0.3333333333333333,0.3333333333333333,1.584962500721156,0.792481250360578
sauter,lemma,1,0,1,1,3,0.3333333333333333,0.0,0.3333333333333333,0.3333333333333333,1.584962500721156,0.792481250360578
indigner,lemma,1,0,1,1,3,0.3333333333333333,0.0,0.3333333333333333,0.3333333333333333,1.584962500721156,0.792481250360578
noël,word,1,0,1,1,3,0.3333333333333333,0.0,0.3333333333333333,0.3333333333333333,1.584962500721156,0.792481250360578
noël,lemma,1,0,1,1,3,0.3333333333333333,0.0,0.3333333333333333,0.3333333333333333,1.584962500721156,0.792481250360578
demander,word,1,0,1,1,3,0.3333333333333333,0.0,0.3333333333333333,0.3333333333333333,1.584962500721156,0.792481250360578
dommage,word,0,1,1,1,3,0.0,0.3333333333333333,0.3333333333333333,0.3333333333333333,1.584962500721156,0.792481250360578
paix,word,1,0,1,1,3,0.3333333333333333,0.0,0.3333333333333333,0.3333333333333333,1.584962500721156,0.792481250360578
sévèrement,word,1,0,1,1,3,0.3333333333333333,0.0,0.3333333333333333,0.3333333333333333,1.584962500721156,0.792481250360578
gens,word,3,0,3,4,10,0.3,0.0,0.3,0.4,1.5709505944546684,0.7854752972273342
gens,lemma,3,0,3,4,10,0.3,0.0,0.3,0.4,1.5709505944546684,0.7854752972273342
vite,word,3,0,2,3,8,0.375,0.0,0.25,0.375,1.561278124459133,0.7806390622295665
peu,lemma,0,2,3,3,8,0.0,0.25,0.375,0.375,1.561278124459133,0.7806390622295665
peu,word,0,2,3,3,8,0.0,0.25,0.375,0.375,1.561278124459133,0.7806390622295665
vite,lemma,3,0,2,3,8,0.375,0.0,0.25,0.375,1.561278124459133,0.7806390622295665
mettre,word,3,0,2,2,7,0.42857142857142855,0.0,0.2857142857142857,0.2857142857142857,1.5566567074628228,0.7783283537314114
enfant,lemma,1,1,1,5,8,0.125,0.125,0.125,0.625,1.5487949406953985,0.7743974703476992
taire,lemma,3,1,12,4,20,0.15,0.05,0.6,0.2,1.533206219346495,0.7666031096732475
oeil,lemma,6,1,1,8,16,0.375,0.0625,0.0625,0.5,1.5306390622295665,0.7653195311147832
pays,word,3,0,2,4,9,0.3333333333333333,0.0,0.2222222222222222,0.4444444444444444,1.5304930567574826,0.7652465283787413
peine,lemma,0,3,2,4,9,0.0,0.3333333333333333,0.2222222222222222,0.4444444444444444,1.5304930567574826,0.7652465283787413
fêter,word,2,0,1,2,5,0.4,0.0,0.2,0.4,1.5219280948873621,0.7609640474436811
réveiller,lemma,2,0,1,2,5,0.4,0.0,0.2,0.4,1.5219280948873621,0.7609640474436811
célébré,word,2,1,0,2,5,0.4,0.2,0.0,0.4,1.5219280948873621,0.7609640474436811
excuse,lemma,2,1,0,2,5,0.4,0.2,0.0,0.4,1.5219280948873621,0.7609640474436811
insulter,word,4,4,2,0,10,0.4,0.4,0.2,0.0,1.5219280948873621,0.7609640474436811
célébré,lemma,2,1,0,2,5,0.4,0.2,0.0,0.4,1.5219280948873621,0.7609640474436811
fêter,lemma,2,0,1,2,5,0.4,0.0,0.2,0.4,1.5219280948873621,0.7609640474436811
place,lemma,2,0,1,2,5,0.4,0.0,0.2,0.4,1.5219280948873621,0.7609640474436811
s'est,word,2,2,0,1,5,0.4,0.4,0.0,0.2,1.5219280948873621,0.7609640474436811
pardon,lemma,0,1,2,2,5,0.0,0.2,0.4,0.4,1.5219280948873621,0.7609640474436811
mot,word,2,0,1,2,5,0.4,0.0,0.2,0.4,1.5219280948873621,0.7609640474436811
pardon,word,0,1,2,2,5,0.0,0.2,0.4,0.4,1.5219280948873621,0.7609640474436811
tête,word,2,1,0,2,5,0.4,0.2,0.0,0.4,1.5219280948873621,0.7609640474436811
mains,word,2,0,1,2,5,0.4,0.0,0.2,0.4,1.5219280948873621,0.7609640474436811
arrêter,lemma,10,0,6,5,21,0.47619047619047616,0.0,0.2857142857142857,0.23809523809523808,1.5190461643198379,0.7595230821599189
place,word,2,0,1,1,4,0.5,0.0,0.25,0.25,1.5,0.75
rester,lemma,1,0,1,2,4,0.25,0.0,0.25,0.5,1.5,0.75
féliciter,lemma,1,2,0,1,4,0.25,0.5,0.0,0.25,1.5,0.75
peine,word,0,2,2,4,8,0.0,0.25,0.25,0.5,1.5,0.75
polémique,word,1,1,0,2,4,0.25,0.25,0.0,0.5,1.5,0.75
soeur,word,1,0,1,2,4,0.25,0.0,0.25,0.5,1.5,0.75
loin,lemma,1,0,1,2,4,0.25,0.0,0.25,0.5,1.5,0.75
loin,word,1,0,1,2,4,0.25,0.0,0.25,0.5,1.5,0.75
dommage,lemma,0,1,1,2,4,0.0,0.25,0.25,0.5,1.5,0.75
amusant,word,2,4,2,0,8,0.25,0.5,0.25,0.0,1.5,0.75
emporter,lemma,2,1,0,1,4,0.5,0.25,0.0,0.25,1.5,0.75
aime,word,1,0,1,2,4,0.25,0.0,0.25,0.5,1.5,0.75
continue,word,1,0,1,2,4,0.25,0.0,0.25,0.5,1.5,0.75
vieux,lemma,1,0,1,2,4,0.25,0.0,0.25,0.5,1.5,0.75
polémique,lemma,1,1,0,2,4,0.25,0.25,0.0,0.5,1.5,0.75
tendre,lemma,2,5,0,6,13,0.15384615384615385,0.38461538461538464,0.0,0.46153846153846156,1.4604846813131116,0.7302423406565558
croire,lemma,0,2,5,6,13,0.0,0.15384615384615385,0.38461538461538464,0.46153846153846156,1.4604846813131116,0.7302423406565558
embête,lemma,2,3,0,1,6,0.3333333333333333,0.5,0.0,0.16666666666666666,1.4591479170272448,0.7295739585136224
fous,word,1,0,2,3,6,0.16666666666666666,0.0,0.3333333333333333,0.5,1.4591479170272448,0.7295739585136224
point,lemma,2,0,3,1,6,0.3333333333333333,0.0,0.5,0.16666666666666666,1.4591479170272448,0.7295739585136224
demander,lemma,1,0,2,3,6,0.16666666666666666,0.0,0.3333333333333333,0.5,1.4591479170272448,0.7295739585136224
tête,lemma,3,1,0,2,6,0.5,0.16666666666666666,0.0,0.3333333333333333,1.4591479170272446,0.7295739585136223
faute,lemma,0,3,1,2,6,0.0,0.5,0.16666666666666666,0.3333333333333333,1.4591479170272446,0.7295739585136223
air,lemma,3,0,1,3,7,0.42857142857142855,0.0,0.14285714285714285,0.42857142857142855,1.4488156357251847,0.7244078178625923
grand,word,2,0,3,6,11,0.18181818181818182,0.0,0.2727272727272727,0.5454545454545454,1.4353713907745331,0.7176856953872666
mettre,lemma,9,0,3,4,16,0.5625,0.0,0.1875,0.25,1.4197367178034825,0.7098683589017413
trouver,lemma,3,0,3,8,14,0.21428571428571427,0.0,0.21428571428571427,0.5714285714285714,1.41379956460568,0.70689978230284
honneur,lemma,3,4,0,1,8,0.375,0.5,0.0,0.125,1.4056390622295665,0.7028195311147832
arrêter,word,3,0,4,1,8,0.375,0.0,0.5,0.125,1.4056390622295665,0.7028195311147832
pays,lemma,3,0,1,4,8,0.375,0.0,0.125,0.5,1.4056390622295665,0.7028195311147832
mieux,word,0,1,3,4,8,0.0,0.125,0.375,0.5,1.4056390622295665,0.7028195311147832
mieux,lemma,0,1,3,4,8,0.0,0.125,0.375,0.5,1.4056390622295665,0.7028195311147832
parle,word,1,0,4,3,8,0.125,0.0,0.5,0.375,1.4056390622295665,0.7028195311147832
main,lemma,4,0,1,3,8,0.5,0.0,0.125,0.375,1.4056390622295665,0.7028195311147832
-,punctuation,4,1,31,24,60,0.06666666666666667,0.016666666666666666,0.5166666666666667,0.4,1.3799041682868372,0.6899520841434186
luire,lemma,2,0,6,9,17,0.11764705882352941,0.0,0.35294117647058826,0.5294117647058824,1.3792804872910602,0.6896402436455301
prend,word,2,0,1,4,7,0.2857142857142857,0.0,0.14285714285714285,0.5714285714285714,1.3787834934861753,0.6893917467430877
incroyable,word,0,4,1,2,7,0.0,0.5714285714285714,0.14285714285714285,0.2857142857142857,1.3787834934861753,0.6893917467430877
énorme,lemma,0,4,1,2,7,0.0,0.5714285714285714,0.14285714285714285,0.2857142857142857,1.3787834934861753,0.6893917467430877
parler,lemma,4,0,8,2,14,0.2857142857142857,0.0,0.5714285714285714,0.14285714285714285,1.3787834934861753,0.6893917467430877
langue,word,1,0,1,3,5,0.2,0.0,0.2,0.6,1.3709505944546687,0.6854752972273344
langue,lemma,1,0,1,3,5,0.2,0.0,0.2,0.6,1.3709505944546687,0.6854752972273344
regarde,word,1,0,3,1,5,0.2,0.0,0.6,0.2,1.3709505944546687,0.6854752972273344
embête,word,1,3,0,1,5,0.2,0.6,0.0,0.2,1.3709505944546687,0.6854752972273344
regarder,lemma,1,0,3,1,5,0.2,0.0,0.6,0.2,1.3709505944546687,0.6854752972273344
blesser,lemma,1,3,0,1,5,0.2,0.6,0.0,0.2,1.3709505944546687,0.6854752972273344
croire,word,0,1,1,3,5,0.0,0.2,0.2,0.6,1.3709505944546687,0.6854752972273344
porter,word,3,0,1,1,5,0.6,0.0,0.2,0.2,1.3709505944546687,0.6854752972273344
plaire,lemma,0,3,1,1,5,0.0,0.6,0.2,0.2,1.3709505944546687,0.6854752972273344
battre,lemma,3,0,1,1,5,0.6,0.0,0.2,0.2,1.3709505944546687,0.6854752972273344
photos,word,1,0,3,1,5,0.2,0.0,0.6,0.2,1.3709505944546687,0.6854752972273344
faute,word,0,3,1,1,5,0.0,0.6,0.2,0.2,1.3709505944546687,0.6854752972273344
conflit,word,6,2,0,2,10,0.6,0.2,0.0,0.2,1.3709505944546687,0.6854752972273344
trouvé,word,1,0,1,3,5,0.2,0.0,0.2,0.6,1.3709505944546687,0.6854752972273344
soeur,lemma,1,0,1,3,5,0.2,0.0,0.2,0.6,1.3709505944546687,0.6854752972273344
super,lemma,0,5,1,4,10,0.0,0.5,0.1,0.4,1.360964047443681,0.6804820237218405
super,word,0,5,1,4,10,0.0,0.5,0.1,0.4,1.360964047443681,0.6804820237218405
mot,lemma,3,0,1,5,9,0.3333333333333333,0.0,0.1111111111111111,0.5555555555555556,1.3516441151533924,0.6758220575766962
pourquoi,lemma,1,0,5,3,9,0.1111111111111111,0.0,0.5555555555555556,0.3333333333333333,1.3516441151533924,0.6758220575766962
pourquoi,word,1,0,5,3,9,0.1111111111111111,0.0,0.5555555555555556,0.3333333333333333,1.3516441151533924,0.6758220575766962
vie,lemma,1,1,10,16,28,0.03571428571428571,0.03571428571428571,0.35714285714285715,0.5714285714285714,1.3352377453121176,0.6676188726560588
conflit,lemma,8,2,0,3,13,0.6153846153846154,0.15384615384615385,0.0,0.23076923076923078,1.3346791410515946,0.6673395705257973
laisser,lemma,1,0,6,5,12,0.08333333333333333,0.0,0.5,0.4166666666666667,1.3250112108241772,0.6625056054120886
vie,word,1,1,10,17,29,0.034482758620689655,0.034482758620689655,0.3448275862068966,0.5862068965517241,1.3163896416748344,0.6581948208374172
génial,word,0,10,4,2,16,0.0,0.625,0.25,0.125,1.2987949406953985,0.6493974703476992
juif,lemma,1,0,5,2,8,0.125,0.0,0.625,0.25,1.2987949406953985,0.6493974703476992
qu'on,word,1,0,5,2,8,0.125,0.0,0.625,0.25,1.2987949406953985,0.6493974703476992
d'un,word,2,0,1,5,8,0.25,0.0,0.125,0.625,1.2987949406953985,0.6493974703476992
génial,lemma,0,10,4,2,16,0.0,0.625,0.25,0.125,1.2987949406953985,0.6493974703476992
noir,lemma,3,1,0,6,10,0.3,0.1,0.0,0.6,1.295461844238322,0.647730922119161
photo,lemma,1,0,4,1,6,0.16666666666666666,0.0,0.6666666666666666,0.16666666666666666,1.2516291673878228,0.6258145836939114
blague,lemma,1,4,0,1,6,0.16666666666666666,0.6666666666666666,0.0,0.16666666666666666,1.2516291673878228,0.6258145836939114
énorme,word,0,4,1,1,6,0.0,0.6666666666666666,0.16666666666666666,0.16666666666666666,1.2516291673878228,0.6258145836939114
violence,word,2,0,2,8,12,0.16666666666666666,0.0,0.16666666666666666,0.6666666666666666,1.2516291673878228,0.6258145836939114
drôle,word,0,14,3,25,42,0.0,0.3333333333333333,0.07142857142857142,0.5952380952380952,1.2457873952707117,0.6228936976353558
idée,word,1,0,3,7,11,0.09090909090909091,0.0,0.2727272727272727,0.6363636363636364,1.2406705316766884,0.6203352658383442
parler,word,3,0,7,1,11,0.2727272727272727,0.0,0.6363636363636364,0.09090909090909091,1.2406705316766884,0.6203352658383442
aimer,lemma,1,0,8,10,19,0.05263157894736842,0.0,0.42105263157894735,0.5263157894736842,1.2363864108712896,0.6181932054356448
drôle,lemma,0,16,3,28,47,0.0,0.3404255319148936,0.06382978723404255,0.5957446808510638,1.2277627810440972,0.6138813905220486
temps,word,1,0,2,6,9,0.1111111111111111,0.0,0.2222222222222222,0.6666666666666666,1.224394445405986,0.612197222702993
temps,lemma,1,0,2,6,9,0.1111111111111111,0.0,0.2222222222222222,0.6666666666666666,1.224394445405986,0.612197222702993
ferme,word,1,0,6,2,9,0.1111111111111111,0.0,0.6666666666666666,0.2222222222222222,1.224394445405986,0.612197222702993
sentir,lemma,2,0,1,6,9,0.2222222222222222,0.0,0.1111111111111111,0.6666666666666666,1.224394445405986,0.612197222702993
ferme,lemma,1,0,6,2,9,0.1111111111111111,0.0,0.6666666666666666,0.2222222222222222,1.224394445405986,0.612197222702993
grand,lemma,5,0,3,17,25,0.2,0.0,0.12,0.68,1.2098003386604825,0.6049001693302413
amusant,lemma,2,9,2,0,13,0.15384615384615385,0.6923076923076923,0.15384615384615385,0.0,1.198183947911799,0.5990919739558995
casser,lemma,1,0,9,4,14,0.07142857142857142,0.0,0.6428571428571429,0.2857142857142857,1.1981174211304033,0.5990587105652017
assez,lemma,1,12,0,13,26,0.038461538461538464,0.46153846153846156,0.0,0.5,1.1956217818146277,0.5978108909073139
fois,lemma,1,0,3,8,12,0.08333333333333333,0.0,0.25,0.6666666666666666,1.188721875540867,0.5943609377704335
fois,word,1,0,3,8,12,0.08333333333333333,0.0,0.25,0.6666666666666666,1.188721875540867,0.5943609377704335
assez,word,1,12,0,16,29,0.034482758620689655,0.41379310344827586,0.0,0.5517241379310345,1.167651684484335,0.5838258422421675
bon,word,0,1,9,15,25,0.0,0.04,0.36,0.6,1.1585488318903812,0.5792744159451906
incroyable,lemma,0,7,1,2,10,0.0,0.7,0.1,0.2,1.1567796494470395,0.5783898247235197
porter,lemma,7,0,1,2,10,0.7,0.0,0.1,0.2,1.1567796494470395,0.5783898247235197
venir,lemma,2,0,1,7,10,0.2,0.0,0.1,0.7,1.1567796494470395,0.5783898247235197
menacé,word,2,7,0,1,10,0.2,0.7,0.0,0.1,1.1567796494470395,0.5783898247235197
arriver,lemma,1,0,2,7,10,0.1,0.0,0.2,0.7,1.1567796494470395,0.5783898247235197
suffit,word,0,1,1,5,7,0.0,0.14285714285714285,0.14285714285714285,0.7142857142857143,1.1488348542809166,0.5744174271404583
enfants,word,1,0,1,5,7,0.14285714285714285,0.0,0.14285714285714285,0.7142857142857143,1.1488348542809166,0.5744174271404583
prendre,lemma,7,0,1,14,22,0.3181818181818182,0.0,0.045454545454545456,0.6363636363636364,1.143320102127766,0.571660051063883
",",punctuation,4,0,42,14,60,0.06666666666666667,0.0,0.7,0.23333333333333334,1.1105522511832788,0.5552761255916394
horrible,lemma,0,11,2,2,15,0.0,0.7333333333333333,0.13333333333333333,0.13333333333333333,1.103307408607834,0.551653704303917
fête,word,20,0,1,9,30,0.6666666666666666,0.0,0.03333333333333333,0.3,1.07462769858425,0.537313849292125
bon,lemma,0,2,11,30,43,0.0,0.046511627906976744,0.2558139534883721,0.6976744186046512,1.0713702041610322,0.5356851020805161
entrer,lemma,1,0,1,6,8,0.125,0.0,0.125,0.75,1.061278124459133,0.5306390622295665
dormir,lemma,1,0,1,6,8,0.125,0.0,0.125,0.75,1.061278124459133,0.5306390622295665
fête,lemma,22,0,1,9,32,0.6875,0.0,0.03125,0.28125,1.0425993555312076,0.5212996777656038
sourire,word,9,1,0,2,12,0.75,0.08333333333333333,0.0,0.16666666666666666,1.0408520829727552,0.5204260414863776
horrible,word,0,9,2,1,12,0.0,0.75,0.16666666666666666,0.08333333333333333,1.0408520829727552,0.5204260414863776
.,punctuation,0,1,9,2,12,0.0,0.08333333333333333,0.75,0.16666666666666666,1.0408520829727552,0.5204260414863776
gros,word,2,0,21,5,28,0.07142857142857142,0.0,0.75,0.17857142857142858,1.0270582666007906,0.5135291333003953
crier,lemma,14,0,1,4,19,0.7368421052631579,0.0,0.05263157894736842,0.21052631578947367,1.0214554656116666,0.5107277328058333
exceptionnel,word,0,2,0,2,4,0.0,0.5,0.0,0.5,1.0,0.5
expulser,word,2,0,0,2,4,0.5,0.0,0.0,0.5,1.0,0.5
voix,lemma,3,0,0,3,6,0.5,0.0,0.0,0.5,1.0,0.5
expulser,lemma,2,0,0,2,4,0.5,0.0,0.0,0.5,1.0,0.5
excellent,lemma,0,0,2,2,4,0.0,0.0,0.5,0.5,1.0,0.5
timidement,word,2,2,0,0,4,0.5,0.5,0.0,0.0,1.0,0.5
énerve,word,2,2,0,0,4,0.5,0.5,0.0,0.0,1.0,0.5
oreille,lemma,2,0,0,2,4,0.5,0.0,0.0,0.5,1.0,0.5
voulaient,word,0,2,0,2,4,0.0,0.5,0.0,0.5,1.0,0.5
énerv,lemma,2,2,0,0,4,0.5,0.5,0.0,0.0,1.0,0.5
tirer,lemma,2,0,0,2,4,0.5,0.0,0.0,0.5,1.0,0.5
conflits,word,2,0,0,2,4,0.5,0.0,0.0,0.5,1.0,0.5
condamné,lemma,2,0,0,2,4,0.5,0.0,0.0,0.5,1.0,0.5
timidement,lemma,2,2,0,0,4,0.5,0.5,0.0,0.0,1.0,0.5
persécutions,word,0,2,0,2,4,0.0,0.5,0.0,0.5,1.0,0.5
persécuter,lemma,0,2,0,2,4,0.0,0.5,0.0,0.5,1.0,0.5
jeter,lemma,2,0,0,2,4,0.5,0.0,0.0,0.5,1.0,0.5
proteste,word,2,0,2,0,4,0.5,0.0,0.5,0.0,1.0,0.5
l'air,word,2,0,0,2,4,0.5,0.0,0.0,0.5,1.0,0.5
pile,lemma,0,0,5,5,10,0.0,0.0,0.5,0.5,1.0,0.5
protest,lemma,2,0,2,0,4,0.5,0.0,0.5,0.0,1.0,0.5
humeur,lemma,0,2,0,2,4,0.0,0.5,0.0,0.5,1.0,0.5
encore,word,0,0,6,6,12,0.0,0.0,0.5,0.5,1.0,0.5
regard,word,2,0,0,2,4,0.5,0.0,0.0,0.5,1.0,0.5
boum,word,0,0,2,2,4,0.0,0.0,0.5,0.5,1.0,0.5
s'amuse,word,2,2,0,0,4,0.5,0.5,0.0,0.0,1.0,0.5
punir,word,3,0,0,3,6,0.5,0.0,0.0,0.5,1.0,0.5
punir,lemma,2,0,0,2,4,0.5,0.0,0.0,0.5,1.0,0.5
sortir,lemma,0,0,2,2,4,0.0,0.0,0.5,0.5,1.0,0.5
gagnera,word,2,0,0,2,4,0.5,0.0,0.0,0.5,1.0,0.5
croit,word,0,0,3,3,6,0.0,0.0,0.5,0.5,1.0,0.5
cru,word,0,0,2,2,4,0.0,0.0,0.5,0.5,1.0,0.5
d'être,word,0,0,2,2,4,0.0,0.0,0.5,0.5,1.0,0.5
dansé,lemma,2,0,0,2,4,0.5,0.0,0.0,0.5,1.0,0.5
bonbons,word,0,0,2,2,4,0.0,0.0,0.5,0.5,1.0,0.5
r,lemma,0,0,2,2,4,0.0,0.0,0.5,0.5,1.0,0.5
humiliation,lemma,0,2,0,2,4,0.0,0.5,0.0,0.5,1.0,0.5
humiliations,word,0,2,0,2,4,0.0,0.5,0.0,0.5,1.0,0.5
humeur,word,0,2,0,2,4,0.0,0.5,0.0,0.5,1.0,0.5
encore,lemma,0,0,6,6,12,0.0,0.0,0.5,0.5,1.0,0.5
frustrant,word,0,2,0,2,4,0.0,0.5,0.0,0.5,1.0,0.5
frustrer,lemma,0,3,0,3,6,0.0,0.5,0.0,0.5,1.0,0.5
laisser,word,0,0,4,4,8,0.0,0.0,0.5,0.5,1.0,0.5
laisse,lemma,0,0,3,3,6,0.0,0.0,0.5,0.5,1.0,0.5
voix,word,3,0,0,3,6,0.5,0.0,0.0,0.5,1.0,0.5
piles,word,0,0,4,4,8,0.0,0.0,0.5,0.5,1.0,0.5
falloir,lemma,0,0,9,8,17,0.0,0.0,0.5294117647058824,0.47058823529411764,0.9975025463691152,0.4987512731845576
attaqué,word,6,0,0,7,13,0.46153846153846156,0.0,0.0,0.5384615384615384,0.9957274520849255,0.49786372604246276
protéger,lemma,11,0,0,13,24,0.4583333333333333,0.0,0.0,0.5416666666666666,0.9949848281859701,0.49749241409298506
protéger,word,11,0,0,13,24,0.4583333333333333,0.0,0.0,0.5416666666666666,0.9949848281859701,0.49749241409298506
voir,word,0,0,5,6,11,0.0,0.0,0.45454545454545453,0.5454545454545454,0.9940302114769565,0.49701510573847824
rir,lemma,17,3,0,2,22,0.7727272727272727,0.13636363636363635,0.0,0.09090909090909091,0.9938972639364229,0.49694863196821143
tensions,word,0,5,0,4,9,0.0,0.5555555555555556,0.0,0.4444444444444444,0.9910760598382222,0.4955380299191111
tension,lemma,0,5,0,4,9,0.0,0.5555555555555556,0.0,0.4444444444444444,0.9910760598382222,0.4955380299191111
silence,lemma,5,0,0,4,9,0.5555555555555556,0.0,0.0,0.4444444444444444,0.9910760598382222,0.4955380299191111
amus,lemma,5,4,0,0,9,0.5555555555555556,0.4444444444444444,0.0,0.0,0.9910760598382222,0.4955380299191111
silence,word,5,0,0,4,9,0.5555555555555556,0.0,0.0,0.4444444444444444,0.9910760598382222,0.4955380299191111
menacer,word,1,7,0,1,9,0.1111111111111111,0.7777777777777778,0.0,0.1111111111111111,0.9864267287308424,0.4932133643654212
histoire,lemma,0,0,3,4,7,0.0,0.0,0.42857142857142855,0.5714285714285714,0.9852281360342515,0.49261406801712576
insulte,word,4,3,0,0,7,0.5714285714285714,0.42857142857142855,0.0,0.0,0.9852281360342515,0.49261406801712576
occuper,lemma,3,0,0,4,7,0.42857142857142855,0.0,0.0,0.5714285714285714,0.9852281360342515,0.49261406801712576
pris,word,3,0,0,4,7,0.42857142857142855,0.0,0.0,0.5714285714285714,0.9852281360342515,0.49261406801712576
enfermer,lemma,3,0,0,4,7,0.42857142857142855,0.0,0.0,0.5714285714285714,0.9852281360342515,0.49261406801712576
menacer,lemma,9,52,0,6,67,0.13432835820895522,0.7761194029850746,0.0,0.08955223880597014,0.9845673194033762,0.4922836597016881
rendre,lemma,7,0,0,5,12,0.5833333333333334,0.0,0.0,0.4166666666666667,0.9798687566511528,0.4899343783255764
exploits,word,0,2,0,3,5,0.0,0.4,0.0,0.6,0.9709505944546686,0.4854752972273343
exploser,lemma,0,0,3,2,5,0.0,0.0,0.6,0.4,0.9709505944546686,0.4854752972273343
explosé,word,0,0,3,2,5,0.0,0.0,0.6,0.4,0.9709505944546686,0.4854752972273343
noir,word,2,0,0,3,5,0.4,0.0,0.0,0.6,0.9709505944546686,0.4854752972273343
immense,word,2,0,0,3,5,0.4,0.0,0.0,0.6,0.9709505944546686,0.4854752972273343
étrange,lemma,0,6,0,4,10,0.0,0.6,0.0,0.4,0.9709505944546686,0.4854752972273343
immense,lemma,2,0,0,3,5,0.4,0.0,0.0,0.6,0.9709505944546686,0.4854752972273343
jouer,word,0,0,3,2,5,0.0,0.0,0.6,0.4,0.9709505944546686,0.4854752972273343
gronder,lemma,2,0,0,3,5,0.4,0.0,0.0,0.6,0.9709505944546686,0.4854752972273343
avis,lemma,0,0,3,2,5,0.0,0.0,0.6,0.4,0.9709505944546686,0.4854752972273343
avis,word,0,0,3,2,5,0.0,0.0,0.6,0.4,0.9709505944546686,0.4854752972273343
battre,word,3,0,0,2,5,0.6,0.0,0.0,0.4,0.9709505944546686,0.4854752972273343
gêner,lemma,0,3,0,2,5,0.0,0.6,0.0,0.4,0.9709505944546686,0.4854752972273343
problème,word,0,0,2,3,5,0.0,0.0,0.4,0.6,0.9709505944546686,0.4854752972273343
croit,lemma,0,0,2,3,5,0.0,0.0,0.4,0.6,0.9709505944546686,0.4854752972273343
servir,lemma,0,0,2,3,5,0.0,0.0,0.4,0.6,0.9709505944546686,0.4854752972273343
cacher,word,2,0,0,3,5,0.4,0.0,0.0,0.6,0.9709505944546686,0.4854752972273343
savoir,lemma,0,0,6,4,10,0.0,0.0,0.6,0.4,0.9709505944546686,0.4854752972273343
réjouit,word,3,2,0,0,5,0.6,0.4,0.0,0.0,0.9709505944546686,0.4854752972273343
qu'il,word,0,0,4,6,10,0.0,0.0,0.4,0.6,0.9709505944546686,0.4854752972273343
quitté,word,3,0,0,2,5,0.6,0.0,0.0,0.4,0.9709505944546686,0.4854752972273343
célébrer,lemma,3,0,0,2,5,0.6,0.0,0.0,0.4,0.9709505944546686,0.4854752972273343
célébrer,word,3,0,0,2,5,0.6,0.0,0.0,0.4,0.9709505944546686,0.4854752972273343
pauvre,word,0,0,3,2,5,0.0,0.0,0.6,0.4,0.9709505944546686,0.4854752972273343
partir,word,2,0,0,3,5,0.4,0.0,0.0,0.6,0.9709505944546686,0.4854752972273343
drôles,word,0,2,0,3,5,0.0,0.4,0.0,0.6,0.9709505944546686,0.4854752972273343
tenir,lemma,0,0,2,3,5,0.0,0.0,0.4,0.6,0.9709505944546686,0.4854752972273343
tas,lemma,0,0,3,2,5,0.0,0.0,0.6,0.4,0.9709505944546686,0.4854752972273343
tas,word,0,0,3,2,5,0.0,0.0,0.6,0.4,0.9709505944546686,0.4854752972273343
laisse,word,0,0,2,3,5,0.0,0.0,0.4,0.6,0.9709505944546686,0.4854752972273343
fort,word,2,0,0,3,5,0.4,0.0,0.0,0.6,0.9709505944546686,0.4854752972273343
amuse,word,6,4,0,0,10,0.6,0.4,0.0,0.0,0.9709505944546686,0.4854752972273343
feu,word,2,0,0,3,5,0.4,0.0,0.0,0.6,0.9709505944546686,0.4854752972273343
fille,lemma,0,0,2,3,5,0.0,0.0,0.4,0.6,0.9709505944546686,0.4854752972273343
contre,word,9,0,0,6,15,0.6,0.0,0.0,0.4,0.9709505944546686,0.4854752972273343
moment,word,0,0,2,3,5,0.0,0.0,0.4,0.6,0.9709505944546686,0.4854752972273343
enthousiasme,word,2,3,0,0,5,0.4,0.6,0.0,0.0,0.9709505944546686,0.4854752972273343
vrai,lemma,0,0,2,3,5,0.0,0.0,0.4,0.6,0.9709505944546686,0.4854752972273343
vrai,word,0,0,2,3,5,0.0,0.0,0.4,0.6,0.9709505944546686,0.4854752972273343
menace,word,4,16,0,1,21,0.19047619047619047,0.7619047619047619,0.0,0.047619047619047616,0.9637459942073318,0.4818729971036659
vu,word,0,0,3,5,8,0.0,0.0,0.375,0.625,0.954434002924965,0.4772170014624825
personn,lemma,0,0,5,3,8,0.0,0.0,0.625,0.375,0.954434002924965,0.4772170014624825
maison,lemma,3,0,0,5,8,0.375,0.0,0.0,0.625,0.954434002924965,0.4772170014624825
étrange,word,0,5,0,3,8,0.0,0.625,0.0,0.375,0.954434002924965,0.4772170014624825
attaquer,lemma,9,0,0,15,24,0.375,0.0,0.0,0.625,0.954434002924965,0.4772170014624825
traité,word,3,5,0,0,8,0.375,0.625,0.0,0.0,0.954434002924965,0.4772170014624825
réjouir,lemma,5,3,0,0,8,0.625,0.375,0.0,0.0,0.954434002924965,0.4772170014624825
bonne,word,0,1,2,11,14,0.0,0.07142857142857142,0.14285714285714285,0.7857142857142857,0.9463729359854419,0.47318646799272096
faut,word,0,0,7,4,11,0.0,0.0,0.6363636363636364,0.36363636363636365,0.9456603046006401,0.47283015230032005
rire,word,19,3,0,2,24,0.7916666666666666,0.125,0.0,0.08333333333333333,0.9405662399881731,0.47028311999408656
passer,lemma,0,0,5,9,14,0.0,0.0,0.35714285714285715,0.6428571428571429,0.9402859586706311,0.47014297933531557
voir,lemma,0,0,10,19,29,0.0,0.0,0.3448275862068966,0.6551724137931034,0.9293636260137187,0.46468181300685935
attendre,lemma,1,0,1,8,10,0.1,0.0,0.1,0.8,0.9219280948873623,0.46096404744368114
juste,word,1,0,23,6,30,0.03333333333333333,0.0,0.7666666666666667,0.2,0.9218339291539106,0.4609169645769553
évacuer,lemma,2,0,0,1,3,0.6666666666666666,0.0,0.0,0.3333333333333333,0.9182958340544896,0.4591479170272448
agir,lemma,0,0,1,2,3,0.0,0.0,0.3333333333333333,0.6666666666666666,0.9182958340544896,0.4591479170272448
affoler,lemma,1,2,0,0,3,0.3333333333333333,0.6666666666666666,0.0,0.0,0.9182958340544896,0.4591479170272448
affaires,word,0,0,2,1,3,0.0,0.0,0.6666666666666666,0.3333333333333333,0.9182958340544896,0.4591479170272448
affaire,lemma,0,0,2,1,3,0.0,0.0,0.6666666666666666,0.3333333333333333,0.9182958340544896,0.4591479170272448
voulu,word,1,0,0,2,3,0.3333333333333333,0.0,0.0,0.6666666666666666,0.9182958340544896,0.4591479170272448
n'ai,word,0,0,2,1,3,0.0,0.0,0.6666666666666666,0.3333333333333333,0.9182958340544896,0.4591479170272448
muslim,word,0,0,2,1,3,0.0,0.0,0.6666666666666666,0.3333333333333333,0.9182958340544896,0.4591479170272448
muslim,lemma,0,0,2,1,3,0.0,0.0,0.6666666666666666,0.3333333333333333,0.9182958340544896,0.4591479170272448
montre,word,0,0,2,1,3,0.0,0.0,0.6666666666666666,0.3333333333333333,0.9182958340544896,0.4591479170272448
montre,lemma,0,0,2,1,3,0.0,0.0,0.6666666666666666,0.3333333333333333,0.9182958340544896,0.4591479170272448
monstre,lemma,0,0,2,1,3,0.0,0.0,0.6666666666666666,0.3333333333333333,0.9182958340544896,0.4591479170272448
couleurs,word,2,0,0,1,3,0.6666666666666666,0.0,0.0,0.3333333333333333,0.9182958340544896,0.4591479170272448
détester,lemma,0,0,2,1,3,0.0,0.0,0.6666666666666666,0.3333333333333333,0.9182958340544896,0.4591479170272448
original,lemma,0,1,0,2,3,0.0,0.3333333333333333,0.0,0.6666666666666666,0.9182958340544896,0.4591479170272448
ntm,word,2,0,1,0,3,0.6666666666666666,0.0,0.3333333333333333,0.0,0.9182958340544896,0.4591479170272448
ntm,lemma,2,0,1,0,3,0.6666666666666666,0.0,0.3333333333333333,0.0,0.9182958340544896,0.4591479170272448
contre,lemma,8,0,0,4,12,0.6666666666666666,0.0,0.0,0.3333333333333333,0.9182958340544896,0.4591479170272448
désolée,word,0,1,2,0,3,0.0,0.3333333333333333,0.6666666666666666,0.0,0.9182958340544896,0.4591479170272448
effets,word,0,1,0,2,3,0.0,0.3333333333333333,0.0,0.6666666666666666,0.9182958340544896,0.4591479170272448
effet,lemma,0,1,0,2,3,0.0,0.3333333333333333,0.0,0.6666666666666666,0.9182958340544896,0.4591479170272448
évacuer,word,2,0,0,1,3,0.6666666666666666,0.0,0.0,0.3333333333333333,0.9182958340544896,0.4591479170272448
comporter,lemma,0,0,2,1,3,0.0,0.0,0.6666666666666666,0.3333333333333333,0.9182958340544896,0.4591479170272448
comprendre,lemma,0,0,1,2,3,0.0,0.0,0.3333333333333333,0.6666666666666666,0.9182958340544896,0.4591479170272448
ouvrir,lemma,2,0,0,1,3,0.6666666666666666,0.0,0.0,0.3333333333333333,0.9182958340544896,0.4591479170272448
chouette,lemma,0,1,2,0,3,0.0,0.3333333333333333,0.6666666666666666,0.0,0.9182958340544896,0.4591479170272448
mesure,lemma,1,0,0,2,3,0.3333333333333333,0.0,0.0,0.6666666666666666,0.9182958340544896,0.4591479170272448
course,word,1,0,0,2,3,0.3333333333333333,0.0,0.0,0.6666666666666666,0.9182958340544896,0.4591479170272448
originale,word,0,1,0,2,3,0.0,0.3333333333333333,0.0,0.6666666666666666,0.9182958340544896,0.4591479170272448
complètement,word,0,0,1,2,3,0.0,0.0,0.3333333333333333,0.6666666666666666,0.9182958340544896,0.4591479170272448
courir,word,1,0,0,2,3,0.3333333333333333,0.0,0.0,0.6666666666666666,0.9182958340544896,0.4591479170272448
course,lemma,1,0,0,2,3,0.3333333333333333,0.0,0.0,0.6666666666666666,0.9182958340544896,0.4591479170272448
mec,lemma,0,0,2,1,3,0.0,0.0,0.6666666666666666,0.3333333333333333,0.9182958340544896,0.4591479170272448
courir,lemma,1,0,0,2,3,0.3333333333333333,0.0,0.0,0.6666666666666666,0.9182958340544896,0.4591479170272448
pavé,word,0,0,2,1,3,0.0,0.0,0.6666666666666666,0.3333333333333333,0.9182958340544896,0.4591479170272448
pavé,lemma,0,0,2,1,3,0.0,0.0,0.6666666666666666,0.3333333333333333,0.9182958340544896,0.4591479170272448
parvenir,lemma,2,0,0,1,3,0.6666666666666666,0.0,0.0,0.3333333333333333,0.9182958340544896,0.4591479170272448
complètement,lemma,0,0,1,2,3,0.0,0.0,0.3333333333333333,0.6666666666666666,0.9182958340544896,0.4591479170272448
parle,lemma,0,0,4,2,6,0.0,0.0,0.6666666666666666,0.3333333333333333,0.9182958340544896,0.4591479170272448
paris,word,1,0,0,2,3,0.3333333333333333,0.0,0.0,0.6666666666666666,0.9182958340544896,0.4591479170272448
combat,lemma,1,0,0,2,3,0.3333333333333333,0.0,0.0,0.6666666666666666,0.9182958340544896,0.4591479170272448
paris,lemma,1,0,0,2,3,0.3333333333333333,0.0,0.0,0.6666666666666666,0.9182958340544896,0.4591479170272448
main,word,2,0,0,1,3,0.6666666666666666,0.0,0.0,0.3333333333333333,0.9182958340544896,0.4591479170272448
magnifique,lemma,0,2,0,1,3,0.0,0.6666666666666666,0.0,0.3333333333333333,0.9182958340544896,0.4591479170272448
lutter,lemma,2,0,0,1,3,0.6666666666666666,0.0,0.0,0.3333333333333333,0.9182958340544896,0.4591479170272448
couleur,lemma,2,0,0,1,3,0.6666666666666666,0.0,0.0,0.3333333333333333,0.9182958340544896,0.4591479170272448
misère,word,0,2,0,1,3,0.0,0.6666666666666666,0.0,0.3333333333333333,0.9182958340544896,0.4591479170272448
misère,lemma,0,2,0,1,3,0.0,0.6666666666666666,0.0,0.3333333333333333,0.9182958340544896,0.4591479170272448
millions,word,0,0,1,2,3,0.0,0.0,0.3333333333333333,0.6666666666666666,0.9182958340544896,0.4591479170272448
million,lemma,0,0,1,2,3,0.0,0.0,0.3333333333333333,0.6666666666666666,0.9182958340544896,0.4591479170272448
continuer,lemma,2,0,0,4,6,0.3333333333333333,0.0,0.0,0.6666666666666666,0.9182958340544896,0.4591479170272448
consterné,word,1,2,0,0,3,0.3333333333333333,0.6666666666666666,0.0,0.0,0.9182958340544896,0.4591479170272448
consterner,lemma,1,2,0,0,3,0.3333333333333333,0.6666666666666666,0.0,0.0,0.9182958340544896,0.4591479170272448
n'est,word,0,0,4,2,6,0.0,0.0,0.6666666666666666,0.3333333333333333,0.9182958340544896,0.4591479170272448
porc,word,0,0,6,3,9,0.0,0.0,0.6666666666666666,0.3333333333333333,0.9182958340544896,0.4591479170272448
payer,lemma,0,0,2,1,3,0.0,0.0,0.6666666666666666,0.3333333333333333,0.9182958340544896,0.4591479170272448
penser,lemma,0,0,3,6,9,0.0,0.0,0.3333333333333333,0.6666666666666666,0.9182958340544896,0.4591479170272448
pensé,word,0,0,1,2,3,0.0,0.0,0.3333333333333333,0.6666666666666666,0.9182958340544896,0.4591479170272448
persécution,lemma,0,2,0,1,3,0.0,0.6666666666666666,0.0,0.3333333333333333,0.9182958340544896,0.4591479170272448
peut-être,word,0,0,1,2,3,0.0,0.0,0.3333333333333333,0.6666666666666666,0.9182958340544896,0.4591479170272448
lettre,lemma,0,0,1,2,3,0.0,0.0,0.3333333333333333,0.6666666666666666,0.9182958340544896,0.4591479170272448
lettre,word,0,0,1,2,3,0.0,0.0,0.3333333333333333,0.6666666666666666,0.9182958340544896,0.4591479170272448
chouette,word,0,1,2,0,3,0.0,0.3333333333333333,0.6666666666666666,0.0,0.9182958340544896,0.4591479170272448
jolies,word,0,0,1,2,3,0.0,0.0,0.3333333333333333,0.6666666666666666,0.9182958340544896,0.4591479170272448
jeune,lemma,0,0,2,1,3,0.0,0.0,0.6666666666666666,0.3333333333333333,0.9182958340544896,0.4591479170272448
jolie,lemma,0,0,1,2,3,0.0,0.0,0.3333333333333333,0.6666666666666666,0.9182958340544896,0.4591479170272448
pire,word,0,0,1,2,3,0.0,0.0,0.3333333333333333,0.6666666666666666,0.9182958340544896,0.4591479170272448
porc,lemma,0,0,6,3,9,0.0,0.0,0.6666666666666666,0.3333333333333333,0.9182958340544896,0.4591479170272448
chant,lemma,2,0,0,1,3,0.6666666666666666,0.0,0.0,0.3333333333333333,0.9182958340544896,0.4591479170272448
chauffer,lemma,2,0,0,1,3,0.6666666666666666,0.0,0.0,0.3333333333333333,0.9182958340544896,0.4591479170272448
pourrait,word,0,0,2,1,3,0.0,0.0,0.6666666666666666,0.3333333333333333,0.9182958340544896,0.4591479170272448
inventer,lemma,0,0,1,2,3,0.0,0.0,0.3333333333333333,0.6666666666666666,0.9182958340544896,0.4591479170272448
interdits,word,1,0,0,2,3,0.3333333333333333,0.0,0.0,0.6666666666666666,0.9182958340544896,0.4591479170272448
interdire,word,2,0,0,1,3,0.6666666666666666,0.0,0.0,0.3333333333333333,0.9182958340544896,0.4591479170272448
interdir,lemma,2,0,0,1,3,0.6666666666666666,0.0,0.0,0.3333333333333333,0.9182958340544896,0.4591479170272448
insécurité,word,0,1,0,2,3,0.0,0.3333333333333333,0.0,0.6666666666666666,0.9182958340544896,0.4591479170272448
insulté,word,2,4,0,0,6,0.3333333333333333,0.6666666666666666,0.0,0.0,0.9182958340544896,0.4591479170272448
d'argent,word,0,0,1,2,3,0.0,0.0,0.3333333333333333,0.6666666666666666,0.9182958340544896,0.4591479170272448
question,word,0,0,1,2,3,0.0,0.0,0.3333333333333333,0.6666666666666666,0.9182958340544896,0.4591479170272448
question,lemma,0,0,1,2,3,0.0,0.0,0.3333333333333333,0.6666666666666666,0.9182958340544896,0.4591479170272448
quel,word,0,0,2,1,3,0.0,0.0,0.6666666666666666,0.3333333333333333,0.9182958340544896,0.4591479170272448
cu,word,0,0,2,1,3,0.0,0.0,0.6666666666666666,0.3333333333333333,0.9182958340544896,0.4591479170272448
cu,lemma,0,0,2,1,3,0.0,0.0,0.6666666666666666,0.3333333333333333,0.9182958340544896,0.4591479170272448
pied,lemma,1,0,0,2,3,0.3333333333333333,0.0,0.0,0.6666666666666666,0.9182958340544896,0.4591479170272448
l'histoire,word,0,0,1,2,3,0.0,0.0,0.3333333333333333,0.6666666666666666,0.9182958340544896,0.4591479170272448
jouer,lemma,0,0,3,6,9,0.0,0.0,0.3333333333333333,0.6666666666666666,0.9182958340544896,0.4591479170272448
boum,lemma,0,0,2,1,3,0.0,0.0,0.6666666666666666,0.3333333333333333,0.9182958340544896,0.4591479170272448
brûler,lemma,2,0,0,1,3,0.6666666666666666,0.0,0.0,0.3333333333333333,0.9182958340544896,0.4591479170272448
brûlés,word,1,0,0,2,3,0.3333333333333333,0.0,0.0,0.6666666666666666,0.9182958340544896,0.4591479170272448
pur,lemma,0,0,2,1,3,0.0,0.0,0.6666666666666666,0.3333333333333333,0.9182958340544896,0.4591479170272448
danser,word,2,0,0,1,3,0.6666666666666666,0.0,0.0,0.3333333333333333,0.9182958340544896,0.4591479170272448
incapable,lemma,1,0,0,2,3,0.3333333333333333,0.0,0.0,0.6666666666666666,0.9182958340544896,0.4591479170272448
insulte,lemma,8,16,0,0,24,0.3333333333333333,0.6666666666666666,0.0,0.0,0.9182958340544896,0.4591479170272448
insultent,word,1,0,0,2,3,0.3333333333333333,0.0,0.0,0.6666666666666666,0.9182958340544896,0.4591479170272448
impressionnante,word,0,2,0,1,3,0.0,0.6666666666666666,0.0,0.3333333333333333,0.9182958340544896,0.4591479170272448
remettre,lemma,1,0,0,2,3,0.3333333333333333,0.0,0.0,0.6666666666666666,0.9182958340544896,0.4591479170272448
relations,word,2,0,0,1,3,0.6666666666666666,0.0,0.0,0.3333333333333333,0.9182958340544896,0.4591479170272448
relation,lemma,2,0,0,1,3,0.6666666666666666,0.0,0.0,0.3333333333333333,0.9182958340544896,0.4591479170272448
bonbon,lemma,0,0,2,1,3,0.0,0.0,0.6666666666666666,0.3333333333333333,0.9182958340544896,0.4591479170272448
rare,lemma,0,0,1,2,3,0.0,0.0,0.3333333333333333,0.6666666666666666,0.9182958340544896,0.4591479170272448
inattendu,lemma,0,2,0,1,3,0.0,0.6666666666666666,0.0,0.3333333333333333,0.9182958340544896,0.4591479170272448
insolites,word,0,2,0,1,3,0.0,0.6666666666666666,0.0,0.3333333333333333,0.9182958340544896,0.4591479170272448
s'emporte,word,2,1,0,0,3,0.6666666666666666,0.3333333333333333,0.0,0.0,0.9182958340544896,0.4591479170272448
r,word,0,0,1,2,3,0.0,0.0,0.3333333333333333,0.6666666666666666,0.9182958340544896,0.4591479170272448
récupérer,word,1,0,0,2,3,0.3333333333333333,0.0,0.0,0.6666666666666666,0.9182958340544896,0.4591479170272448
révoltée,word,2,1,0,0,3,0.6666666666666666,0.3333333333333333,0.0,0.0,0.9182958340544896,0.4591479170272448
récupérer,lemma,1,0,0,2,3,0.3333333333333333,0.0,0.0,0.6666666666666666,0.9182958340544896,0.4591479170272448
bisou,lemma,2,0,0,1,3,0.6666666666666666,0.0,0.0,0.3333333333333333,0.9182958340544896,0.4591479170272448
rouler,lemma,2,0,0,1,3,0.6666666666666666,0.0,0.0,0.3333333333333333,0.9182958340544896,0.4591479170272448
horribles,word,0,2,0,1,3,0.0,0.6666666666666666,0.0,0.3333333333333333,0.9182958340544896,0.4591479170272448
histoire,word,0,0,1,2,3,0.0,0.0,0.3333333333333333,0.6666666666666666,0.9182958340544896,0.4591479170272448
habits,word,0,0,1,2,3,0.0,0.0,0.3333333333333333,0.6666666666666666,0.9182958340544896,0.4591479170272448
habit,lemma,0,0,1,2,3,0.0,0.0,0.3333333333333333,0.6666666666666666,0.9182958340544896,0.4591479170272448
pure,word,0,0,2,1,3,0.0,0.0,0.6666666666666666,0.3333333333333333,0.9182958340544896,0.4591479170272448
c'était,word,0,0,2,1,3,0.0,0.0,0.6666666666666666,0.3333333333333333,0.9182958340544896,0.4591479170272448
prestigieux,lemma,0,4,0,2,6,0.0,0.6666666666666666,0.0,0.3333333333333333,0.9182958340544896,0.4591479170272448
prestigieuse,word,0,1,0,2,3,0.0,0.3333333333333333,0.0,0.6666666666666666,0.9182958340544896,0.4591479170272448
prendre,word,2,0,0,4,6,0.3333333333333333,0.0,0.0,0.6666666666666666,0.9182958340544896,0.4591479170272448
banal,lemma,0,1,0,2,3,0.0,0.3333333333333333,0.0,0.6666666666666666,0.9182958340544896,0.4591479170272448
banal,word,0,1,0,2,3,0.0,0.3333333333333333,0.0,0.6666666666666666,0.9182958340544896,0.4591479170272448
battr,lemma,2,0,0,1,3,0.6666666666666666,0.0,0.0,0.3333333333333333,0.9182958340544896,0.4591479170272448
senti,word,2,0,0,1,3,0.6666666666666666,0.0,0.0,0.3333333333333333,0.9182958340544896,0.4591479170272448
siffler,lemma,2,0,1,0,3,0.6666666666666666,0.0,0.3333333333333333,0.0,0.9182958340544896,0.4591479170272448
gronder,word,1,0,0,2,3,0.3333333333333333,0.0,0.0,0.6666666666666666,0.9182958340544896,0.4591479170272448
sacré,word,0,0,2,1,3,0.0,0.0,0.6666666666666666,0.3333333333333333,0.9182958340544896,0.4591479170272448
sacrer,lemma,0,0,2,1,3,0.0,0.0,0.6666666666666666,0.3333333333333333,0.9182958340544896,0.4591479170272448
gagne,word,0,0,2,4,6,0.0,0.0,0.3333333333333333,0.6666666666666666,0.9182958340544896,0.4591479170272448
arrête,word,1,0,2,0,3,0.3333333333333333,0.0,0.6666666666666666,0.0,0.9182958340544896,0.4591479170272448
arrivent,word,1,0,0,2,3,0.3333333333333333,0.0,0.0,0.6666666666666666,0.9182958340544896,0.4591479170272448
subir,word,0,2,0,1,3,0.0,0.6666666666666666,0.0,0.3333333333333333,0.9182958340544896,0.4591479170272448
spectacle,lemma,1,0,0,2,3,0.3333333333333333,0.0,0.0,0.6666666666666666,0.9182958340544896,0.4591479170272448
grands,word,1,0,0,2,3,0.3333333333333333,0.0,0.0,0.6666666666666666,0.9182958340544896,0.4591479170272448
gâteau,lemma,0,0,1,2,3,0.0,0.0,0.3333333333333333,0.6666666666666666,0.9182958340544896,0.4591479170272448
guerres,word,1,0,0,2,3,0.3333333333333333,0.0,0.0,0.6666666666666666,0.9182958340544896,0.4591479170272448
avance,word,2,0,1,0,3,0.6666666666666666,0.0,0.3333333333333333,0.0,0.9182958340544896,0.4591479170272448
sortir,word,0,0,1,2,3,0.0,0.0,0.3333333333333333,0.6666666666666666,0.9182958340544896,0.4591479170272448
arracher,lemma,2,0,0,4,6,0.3333333333333333,0.0,0.0,0.6666666666666666,0.9182958340544896,0.4591479170272448
sérieux,lemma,0,0,2,1,3,0.0,0.0,0.6666666666666666,0.3333333333333333,0.9182958340544896,0.4591479170272448
supprimer,lemma,0,0,1,2,3,0.0,0.0,0.3333333333333333,0.6666666666666666,0.9182958340544896,0.4591479170272448
surgir,lemma,1,0,0,2,3,0.3333333333333333,0.0,0.0,0.6666666666666666,0.9182958340544896,0.4591479170272448
attentat,lemma,4,0,0,8,12,0.3333333333333333,0.0,0.0,0.6666666666666666,0.9182958340544896,0.4591479170272448
gagne,lemma,0,0,2,4,6,0.0,0.0,0.3333333333333333,0.6666666666666666,0.9182958340544896,0.4591479170272448
drame,word,0,2,0,1,3,0.0,0.6666666666666666,0.0,0.3333333333333333,0.9182958340544896,0.4591479170272448
drame,lemma,0,2,0,1,3,0.0,0.6666666666666666,0.0,0.3333333333333333,0.9182958340544896,0.4591479170272448
tendues,word,2,0,0,4,6,0.3333333333333333,0.0,0.0,0.6666666666666666,0.9182958340544896,0.4591479170272448
tellement,word,0,0,2,1,3,0.0,0.0,0.6666666666666666,0.3333333333333333,0.9182958340544896,0.4591479170272448
tellement,lemma,0,0,2,1,3,0.0,0.0,0.6666666666666666,0.3333333333333333,0.9182958340544896,0.4591479170272448
sourir,lemma,2,1,0,0,3,0.6666666666666666,0.3333333333333333,0.0,0.0,0.9182958340544896,0.4591479170272448
doigt,lemma,1,2,0,0,3,0.3333333333333333,0.6666666666666666,0.0,0.0,0.9182958340544896,0.4591479170272448
dispute,lemma,2,0,0,1,3,0.6666666666666666,0.0,0.0,0.3333333333333333,0.9182958340544896,0.4591479170272448
arraché,word,1,0,0,2,3,0.3333333333333333,0.0,0.0,0.6666666666666666,0.9182958340544896,0.4591479170272448
table,lemma,0,0,2,1,3,0.0,0.0,0.6666666666666666,0.3333333333333333,0.9182958340544896,0.4591479170272448
tel,lemma,0,0,1,2,3,0.0,0.0,0.3333333333333333,0.6666666666666666,0.9182958340544896,0.4591479170272448
tromper,lemma,0,0,2,1,3,0.0,0.0,0.6666666666666666,0.3333333333333333,0.9182958340544896,0.4591479170272448
train,word,1,0,0,2,3,0.3333333333333333,0.0,0.0,0.6666666666666666,0.9182958340544896,0.4591479170272448
train,lemma,1,0,0,2,3,0.3333333333333333,0.0,0.0,0.6666666666666666,0.9182958340544896,0.4591479170272448
animaux,word,0,0,1,2,3,0.0,0.0,0.3333333333333333,0.6666666666666666,0.9182958340544896,0.4591479170272448
trouver,word,2,0,0,4,6,0.3333333333333333,0.0,0.0,0.6666666666666666,0.9182958340544896,0.4591479170272448
angoissé,word,0,2,1,0,3,0.0,0.6666666666666666,0.3333333333333333,0.0,0.9182958340544896,0.4591479170272448
amusé,word,1,2,0,0,3,0.3333333333333333,0.6666666666666666,0.0,0.0,0.9182958340544896,0.4591479170272448
feu,lemma,1,0,0,2,3,0.3333333333333333,0.0,0.0,0.6666666666666666,0.9182958340544896,0.4591479170272448
décider,lemma,0,0,1,2,3,0.0,0.0,0.3333333333333333,0.6666666666666666,0.9182958340544896,0.4591479170272448
vidéo,lemma,0,0,2,1,3,0.0,0.0,0.6666666666666666,0.3333333333333333,0.9182958340544896,0.4591479170272448
venir,word,2,0,0,4,6,0.3333333333333333,0.0,0.0,0.6666666666666666,0.9182958340544896,0.4591479170272448
alerte,word,2,1,0,0,3,0.6666666666666666,0.3333333333333333,0.0,0.0,0.9182958340544896,0.4591479170272448
traiter,lemma,3,6,0,0,9,0.3333333333333333,0.6666666666666666,0.0,0.0,0.9182958340544896,0.4591479170272448
alerte,lemma,2,1,0,0,3,0.6666666666666666,0.3333333333333333,0.0,0.0,0.9182958340544896,0.4591479170272448
alarme,lemma,2,0,0,1,3,0.6666666666666666,0.0,0.0,0.3333333333333333,0.9182958340544896,0.4591479170272448
adore,word,0,0,1,2,3,0.0,0.0,0.3333333333333333,0.6666666666666666,0.9182958340544896,0.4591479170272448
aise,lemma,0,6,0,3,9,0.0,0.6666666666666666,0.0,0.3333333333333333,0.9182958340544896,0.4591479170272448
admiration,lemma,1,2,0,0,3,0.3333333333333333,0.6666666666666666,0.0,0.0,0.9182958340544896,0.4591479170272448
voiture,lemma,2,0,0,1,3,0.6666666666666666,0.0,0.0,0.3333333333333333,0.9182958340544896,0.4591479170272448
viol,lemma,0,0,1,2,3,0.0,0.0,0.3333333333333333,0.6666666666666666,0.9182958340544896,0.4591479170272448
viens,word,0,0,2,1,3,0.0,0.0,0.6666666666666666,0.3333333333333333,0.9182958340544896,0.4591479170272448
viens,lemma,0,0,2,1,3,0.0,0.0,0.6666666666666666,0.3333333333333333,0.9182958340544896,0.4591479170272448
fabuleux,word,0,2,1,0,3,0.0,0.6666666666666666,0.3333333333333333,0.0,0.9182958340544896,0.4591479170272448
exceptionnel,lemma,0,4,0,2,6,0.0,0.6666666666666666,0.0,0.3333333333333333,0.9182958340544896,0.4591479170272448
excellent,word,0,0,2,1,3,0.0,0.0,0.6666666666666666,0.3333333333333333,0.9182958340544896,0.4591479170272448
esprit,lemma,2,0,0,1,3,0.6666666666666666,0.0,0.0,0.3333333333333333,0.9182958340544896,0.4591479170272448
entrez,word,0,0,1,2,3,0.0,0.0,0.3333333333333333,0.6666666666666666,0.9182958340544896,0.4591479170272448
accuser,word,2,0,0,1,3,0.6666666666666666,0.0,0.0,0.3333333333333333,0.9182958340544896,0.4591479170272448
abri,lemma,2,0,0,1,3,0.6666666666666666,0.0,0.0,0.3333333333333333,0.9182958340544896,0.4591479170272448
premier,lemma,1,0,3,15,19,0.05263157894736842,0.0,0.15789473684210525,0.7894736842105263,0.9132829641650988,0.4566414820825494
première,word,1,0,2,12,15,0.06666666666666667,0.0,0.13333333333333333,0.8,0.9055872616982603,0.45279363084913016
amuser,lemma,17,8,0,0,25,0.68,0.32,0.0,0.0,0.9043814577244937,0.45219072886224687
vraiment,lemma,0,0,7,3,10,0.0,0.0,0.7,0.3,0.8812908992306927,0.44064544961534635
casse,word,0,0,7,3,10,0.0,0.0,0.7,0.3,0.8812908992306927,0.44064544961534635
vraiment,word,0,0,7,3,10,0.0,0.0,0.7,0.3,0.8812908992306927,0.44064544961534635
violence,lemma,3,0,2,22,27,0.1111111111111111,0.0,0.07407407407407407,0.8148148148148148,0.8710955350455423,0.43554776752277113
juste,lemma,1,0,23,5,29,0.034482758620689655,0.0,0.7931034482758621,0.1724137931034483,0.8699959791362579,0.43499798956812896
demande,lemma,0,0,2,5,7,0.0,0.0,0.2857142857142857,0.7142857142857143,0.863120568566631,0.4315602842833155
marre,word,0,5,2,0,7,0.0,0.7142857142857143,0.2857142857142857,0.0,0.863120568566631,0.4315602842833155
malade,word,0,0,2,5,7,0.0,0.0,0.2857142857142857,0.7142857142857143,0.863120568566631,0.4315602842833155
mourir,word,0,0,2,5,7,0.0,0.0,0.2857142857142857,0.7142857142857143,0.863120568566631,0.4315602842833155
arrete,lemma,2,0,5,0,7,0.2857142857142857,0.0,0.7142857142857143,0.0,0.863120568566631,0.4315602842833155
moment,lemma,0,0,2,5,7,0.0,0.0,0.2857142857142857,0.7142857142857143,0.863120568566631,0.4315602842833155
demande,word,0,0,2,5,7,0.0,0.0,0.2857142857142857,0.7142857142857143,0.863120568566631,0.4315602842833155
merveilleux,lemma,0,5,0,2,7,0.0,0.7142857142857143,0.0,0.2857142857142857,0.863120568566631,0.4315602842833155
merveilleux,word,0,5,0,2,7,0.0,0.7142857142857143,0.0,0.2857142857142857,0.863120568566631,0.4315602842833155
dansé,word,2,0,0,5,7,0.2857142857142857,0.0,0.0,0.7142857142857143,0.863120568566631,0.4315602842833155
marre,lemma,0,5,2,0,7,0.0,0.7142857142857143,0.2857142857142857,0.0,0.863120568566631,0.4315602842833155
partir,lemma,2,0,0,5,7,0.2857142857142857,0.0,0.0,0.7142857142857143,0.863120568566631,0.4315602842833155
paul,word,2,0,5,0,7,0.2857142857142857,0.0,0.7142857142857143,0.0,0.863120568566631,0.4315602842833155
arrete,word,2,0,5,0,7,0.2857142857142857,0.0,0.7142857142857143,0.0,0.863120568566631,0.4315602842833155
ca,lemma,0,0,5,2,7,0.0,0.0,0.7142857142857143,0.2857142857142857,0.863120568566631,0.4315602842833155
paul,lemma,2,0,5,0,7,0.2857142857142857,0.0,0.7142857142857143,0.0,0.863120568566631,0.4315602842833155
j'ai,word,0,0,5,2,7,0.0,0.0,0.7142857142857143,0.2857142857142857,0.863120568566631,0.4315602842833155
étonné,word,2,5,0,0,7,0.2857142857142857,0.7142857142857143,0.0,0.0,0.863120568566631,0.4315602842833155
ca,word,0,0,5,2,7,0.0,0.0,0.7142857142857143,0.2857142857142857,0.863120568566631,0.4315602842833155
pauvre,lemma,0,0,3,8,11,0.0,0.0,0.2727272727272727,0.7272727272727273,0.8453509366224364,0.4226754683112182
chose,lemma,0,0,3,8,11,0.0,0.0,0.2727272727272727,0.7272727272727273,0.8453509366224364,0.4226754683112182
cacher,lemma,8,0,0,3,11,0.7272727272727273,0.0,0.0,0.2727272727272727,0.8453509366224364,0.4226754683112182
impressionner,lemma,0,19,2,2,23,0.0,0.8260869565217391,0.08695652173913043,0.08695652173913043,0.8404914014731815,0.42024570073659073
argent,lemma,1,0,2,14,17,0.058823529411764705,0.0,0.11764705882352941,0.8235294117647058,0.8343470230852537,0.41717351154262683
tué,word,3,0,1,18,22,0.13636363636363635,0.0,0.045454545454545456,0.8181818181818182,0.8315435491770659,0.4157717745885329
gros,lemma,2,0,36,6,44,0.045454545454545456,0.0,0.8181818181818182,0.13636363636363635,0.8315435491770657,0.41577177458853287
argent,word,1,0,1,10,12,0.08333333333333333,0.0,0.08333333333333333,0.8333333333333334,0.8166890883150209,0.4083445441575104
menaçant,word,1,3,0,0,4,0.25,0.75,0.0,0.0,0.8112781244591328,0.4056390622295664
meme,lemma,0,0,3,1,4,0.0,0.0,0.75,0.25,0.8112781244591328,0.4056390622295664
meme,word,0,0,3,1,4,0.0,0.0,0.75,0.25,0.8112781244591328,0.4056390622295664
menaçait,word,0,3,0,1,4,0.0,0.75,0.0,0.25,0.8112781244591328,0.4056390622295664
détresse,word,0,3,0,1,4,0.0,0.75,0.0,0.25,0.8112781244591328,0.4056390622295664
détresse,lemma,0,3,0,1,4,0.0,0.75,0.0,0.25,0.8112781244591328,0.4056390622295664
agréable,lemma,0,3,0,1,4,0.0,0.75,0.0,0.25,0.8112781244591328,0.4056390622295664
agréable,word,0,3,0,1,4,0.0,0.75,0.0,0.25,0.8112781244591328,0.4056390622295664
encourager,word,1,0,0,3,4,0.25,0.0,0.0,0.75,0.8112781244591328,0.4056390622295664
animal,lemma,0,0,1,3,4,0.0,0.0,0.25,0.75,0.8112781244591328,0.4056390622295664
tombe,lemma,0,0,3,1,4,0.0,0.0,0.75,0.25,0.8112781244591328,0.4056390622295664
danser,lemma,2,0,0,6,8,0.25,0.0,0.0,0.75,0.8112781244591328,0.4056390622295664
coupable,word,0,3,0,1,4,0.0,0.75,0.0,0.25,0.8112781244591328,0.4056390622295664
embêter,lemma,0,3,1,0,4,0.0,0.75,0.25,0.0,0.8112781244591328,0.4056390622295664
empêcher,lemma,2,0,0,6,8,0.25,0.0,0.0,0.75,0.8112781244591328,0.4056390622295664
tuées,word,1,0,0,3,4,0.25,0.0,0.0,0.75,0.8112781244591328,0.4056390622295664
exceptionnelle,word,0,3,0,1,4,0.0,0.75,0.0,0.25,0.8112781244591328,0.4056390622295664
exceptionnelle,lemma,0,3,0,1,4,0.0,0.75,0.0,0.25,0.8112781244591328,0.4056390622295664
condamné,word,1,0,0,3,4,0.25,0.0,0.0,0.75,0.8112781244591328,0.4056390622295664
odeur,lemma,0,0,1,3,4,0.0,0.0,0.25,0.75,0.8112781244591328,0.4056390622295664
contestation,word,6,0,0,2,8,0.75,0.0,0.0,0.25,0.8112781244591328,0.4056390622295664
enthousiasme,lemma,1,3,0,0,4,0.25,0.75,0.0,0.0,0.8112781244591328,0.4056390622295664
importer,lemma,0,0,1,3,4,0.0,0.0,0.25,0.75,0.8112781244591328,0.4056390622295664
arabe,lemma,0,0,3,1,4,0.0,0.0,0.75,0.25,0.8112781244591328,0.4056390622295664
idole,word,0,1,0,3,4,0.0,0.25,0.0,0.75,0.8112781244591328,0.4056390622295664
noire,word,0,0,1,3,4,0.0,0.0,0.25,0.75,0.8112781244591328,0.4056390622295664
n'en,word,0,1,0,3,4,0.0,0.25,0.0,0.75,0.8112781244591328,0.4056390622295664
tiré,word,1,0,0,3,4,0.25,0.0,0.0,0.75,0.8112781244591328,0.4056390622295664
tombe,word,0,0,3,1,4,0.0,0.0,0.75,0.25,0.8112781244591328,0.4056390622295664
tranquille,lemma,0,0,6,2,8,0.0,0.0,0.75,0.25,0.8112781244591328,0.4056390622295664
mots,word,1,0,0,3,4,0.25,0.0,0.0,0.75,0.8112781244591328,0.4056390622295664
idol,lemma,0,1,0,3,4,0.0,0.25,0.0,0.75,0.8112781244591328,0.4056390622295664
coupable,lemma,0,3,0,1,4,0.0,0.75,0.0,0.25,0.8112781244591328,0.4056390622295664
grandes,word,1,0,0,3,4,0.25,0.0,0.0,0.75,0.8112781244591328,0.4056390622295664
petite,word,1,0,0,3,4,0.25,0.0,0.0,0.75,0.8112781244591328,0.4056390622295664
pauvreté,word,1,0,0,3,4,0.25,0.0,0.0,0.75,0.8112781244591328,0.4056390622295664
pk,lemma,1,0,3,0,4,0.25,0.0,0.75,0.0,0.8112781244591328,0.4056390622295664
pk,word,1,0,3,0,4,0.25,0.0,0.75,0.0,0.8112781244591328,0.4056390622295664
bah,word,1,0,3,0,4,0.25,0.0,0.75,0.0,0.8112781244591328,0.4056390622295664
baisser,lemma,3,0,0,1,4,0.75,0.0,0.0,0.25,0.8112781244591328,0.4056390622295664
souci,lemma,0,3,0,1,4,0.0,0.75,0.0,0.25,0.8112781244591328,0.4056390622295664
petits,word,1,0,0,3,4,0.25,0.0,0.0,0.75,0.8112781244591328,0.4056390622295664
deuil,word,3,1,0,0,4,0.75,0.25,0.0,0.0,0.8112781244591328,0.4056390622295664
combats,word,1,0,0,3,4,0.25,0.0,0.0,0.75,0.8112781244591328,0.4056390622295664
comment,lemma,0,0,3,1,4,0.0,0.0,0.75,0.25,0.8112781244591328,0.4056390622295664
comment,word,0,0,3,1,4,0.0,0.0,0.75,0.25,0.8112781244591328,0.4056390622295664
descendus,word,3,0,0,1,4,0.75,0.0,0.0,0.25,0.8112781244591328,0.4056390622295664
deuil,lemma,3,1,0,0,4,0.75,0.25,0.0,0.0,0.8112781244591328,0.4056390622295664
gloire,word,1,0,0,3,4,0.25,0.0,0.0,0.75,0.8112781244591328,0.4056390622295664
cadeau,lemma,1,0,0,3,4,0.25,0.0,0.0,0.75,0.8112781244591328,0.4056390622295664
point,word,0,0,3,1,4,0.0,0.0,0.75,0.25,0.8112781244591328,0.4056390622295664
souffrir,word,0,9,0,3,12,0.0,0.75,0.0,0.25,0.8112781244591328,0.4056390622295664
aurait,word,0,0,1,3,4,0.0,0.0,0.25,0.75,0.8112781244591328,0.4056390622295664
bah,lemma,1,0,3,0,4,0.25,0.0,0.75,0.0,0.8112781244591328,0.4056390622295664
sou,lemma,0,0,6,2,8,0.0,0.0,0.75,0.25,0.8112781244591328,0.4056390622295664
râler,word,3,0,1,0,4,0.75,0.0,0.25,0.0,0.8112781244591328,0.4056390622295664
cauchemar,word,0,3,1,0,4,0.0,0.75,0.25,0.0,0.8112781244591328,0.4056390622295664
problème,lemma,0,0,2,6,8,0.0,0.0,0.25,0.75,0.8112781244591328,0.4056390622295664
drole,word,0,3,1,0,4,0.0,0.75,0.25,0.0,0.8112781244591328,0.4056390622295664
rond,lemma,3,0,0,1,4,0.75,0.0,0.0,0.25,0.8112781244591328,0.4056390622295664
faudrait,word,0,0,1,3,4,0.0,0.0,0.25,0.75,0.8112781244591328,0.4056390622295664
dur,word,0,0,3,9,12,0.0,0.0,0.25,0.75,0.8112781244591328,0.4056390622295664
blessés,word,1,0,0,3,4,0.25,0.0,0.0,0.75,0.8112781244591328,0.4056390622295664
râler,lemma,3,0,1,0,4,0.75,0.0,0.25,0.0,0.8112781244591328,0.4056390622295664
folle,word,0,0,1,3,4,0.0,0.0,0.25,0.75,0.8112781244591328,0.4056390622295664
rat,lemma,0,0,1,3,4,0.0,0.0,0.25,0.75,0.8112781244591328,0.4056390622295664
quel,lemma,0,0,3,1,4,0.0,0.0,0.75,0.25,0.8112781244591328,0.4056390622295664
préoccuper,lemma,0,1,0,3,4,0.0,0.25,0.0,0.75,0.8112781244591328,0.4056390622295664
dur,lemma,0,0,3,9,12,0.0,0.0,0.25,0.75,0.8112781244591328,0.4056390622295664
fort,lemma,2,0,0,6,8,0.25,0.0,0.0,0.75,0.8112781244591328,0.4056390622295664
fermer,lemma,3,0,1,0,4,0.75,0.0,0.25,0.0,0.8112781244591328,0.4056390622295664
droit,lemma,0,0,1,3,4,0.0,0.0,0.25,0.75,0.8112781244591328,0.4056390622295664
intriguer,lemma,0,3,0,1,4,0.0,0.75,0.0,0.25,0.8112781244591328,0.4056390622295664
jours,word,0,0,1,3,4,0.0,0.0,0.25,0.75,0.8112781244591328,0.4056390622295664
risquer,lemma,0,3,0,1,4,0.0,0.75,0.0,0.25,0.8112781244591328,0.4056390622295664
finir,lemma,0,0,3,1,4,0.0,0.0,0.75,0.25,0.8112781244591328,0.4056390622295664
crie,word,3,0,1,0,4,0.75,0.0,0.25,0.0,0.8112781244591328,0.4056390622295664
juive,word,0,0,3,1,4,0.0,0.0,0.75,0.25,0.8112781244591328,0.4056390622295664
agression,word,1,0,0,3,4,0.25,0.0,0.0,0.75,0.8112781244591328,0.4056390622295664
effondrée,word,0,1,0,3,4,0.0,0.25,0.0,0.75,0.8112781244591328,0.4056390622295664
;,punctuation,44,1,35,441,521,0.08445297504798464,0.0019193857965451055,0.0671785028790787,0.8464491362763915,0.7837501885664517,0.39187509428322587
crié,word,7,0,0,2,9,0.7777777777777778,0.0,0.0,0.2222222222222222,0.7642045065086203,0.38210225325431013
jour,lemma,0,0,2,7,9,0.0,0.0,0.2222222222222222,0.7777777777777778,0.7642045065086203,0.38210225325431013
quitter,word,7,0,0,2,9,0.7777777777777778,0.0,0.0,0.2222222222222222,0.7642045065086203,0.38210225325431013
amuser,word,7,2,0,0,9,0.7777777777777778,0.2222222222222222,0.0,0.0,0.7642045065086203,0.38210225325431013
heureusement,lemma,0,14,4,0,18,0.0,0.7777777777777778,0.2222222222222222,0.0,0.7642045065086203,0.38210225325431013
heureusement,word,0,14,4,0,18,0.0,0.7777777777777778,0.2222222222222222,0.0,0.7642045065086203,0.38210225325431013
contestation,lemma,7,0,0,2,9,0.7777777777777778,0.0,0.0,0.2222222222222222,0.7642045065086203,0.38210225325431013
travail,word,2,0,0,7,9,0.2222222222222222,0.0,0.0,0.7777777777777778,0.7642045065086203,0.38210225325431013
attentats,word,3,0,0,11,14,0.21428571428571427,0.0,0.0,0.7857142857142857,0.74959525725948,0.37479762862974
c'est,word,0,0,37,10,47,0.0,0.0,0.7872340425531915,0.2127659574468085,0.7467366074830679,0.37336830374153396
plaisir,lemma,0,22,1,3,26,0.0,0.8461538461538461,0.038461538461538464,0.11538461538461539,0.7441942138263227,0.37209710691316134
plaisir,word,0,22,1,3,26,0.0,0.8461538461538461,0.038461538461538464,0.11538461538461539,0.7441942138263227,0.37209710691316134
exploit,lemma,0,4,0,15,19,0.0,0.21052631578947367,0.0,0.7894736842105263,0.7424875695421236,0.3712437847710618
n'a,word,0,0,4,15,19,0.0,0.0,0.21052631578947367,0.7894736842105263,0.7424875695421236,0.3712437847710618
rigole,word,4,0,0,1,5,0.8,0.0,0.0,0.2,0.7219280948873623,0.36096404744368116
défendre,word,4,0,0,1,5,0.8,0.0,0.0,0.2,0.7219280948873623,0.36096404744368116
émerveillée,word,1,4,0,0,5,0.2,0.8,0.0,0.0,0.7219280948873623,0.36096404744368116
jour,word,0,0,1,4,5,0.0,0.0,0.2,0.8,0.7219280948873623,0.36096404744368116
bravo,lemma,0,0,4,1,5,0.0,0.0,0.8,0.2,0.7219280948873623,0.36096404744368116
bravo,word,0,0,4,1,5,0.0,0.0,0.8,0.2,0.7219280948873623,0.36096404744368116
brice,lemma,1,0,4,0,5,0.2,0.0,0.8,0.0,0.7219280948873623,0.36096404744368116
furieux,lemma,1,4,0,0,5,0.2,0.8,0.0,0.0,0.7219280948873623,0.36096404744368116
droit,word,0,0,1,4,5,0.0,0.0,0.2,0.8,0.7219280948873623,0.36096404744368116
déchirer,lemma,1,0,0,4,5,0.2,0.0,0.0,0.8,0.7219280948873623,0.36096404744368116
battu,lemma,1,0,0,4,5,0.2,0.0,0.0,0.8,0.7219280948873623,0.36096404744368116
chien,lemma,0,0,4,1,5,0.0,0.0,0.8,0.2,0.7219280948873623,0.36096404744368116
belle,word,0,0,1,4,5,0.0,0.0,0.2,0.8,0.7219280948873623,0.36096404744368116
sais,word,0,0,4,1,5,0.0,0.0,0.8,0.2,0.7219280948873623,0.36096404744368116
polluer,lemma,0,0,1,4,5,0.0,0.0,0.2,0.8,0.7219280948873623,0.36096404744368116
réduire,lemma,0,0,1,4,5,0.0,0.0,0.2,0.8,0.7219280948873623,0.36096404744368116
blagues,word,1,4,0,0,5,0.2,0.8,0.0,0.0,0.7219280948873623,0.36096404744368116
cadeaux,word,1,0,0,4,5,0.2,0.0,0.0,0.8,0.7219280948873623,0.36096404744368116
cauchemar,lemma,0,4,1,0,5,0.0,0.8,0.2,0.0,0.7219280948873623,0.36096404744368116
rage,word,0,1,0,4,5,0.0,0.2,0.0,0.8,0.7219280948873623,0.36096404744368116
rage,lemma,0,1,0,4,5,0.0,0.2,0.0,0.8,0.7219280948873623,0.36096404744368116
défendre,lemma,4,0,0,1,5,0.8,0.0,0.0,0.2,0.7219280948873623,0.36096404744368116
repas,word,0,0,1,4,5,0.0,0.0,0.2,0.8,0.7219280948873623,0.36096404744368116
rendre,word,4,0,0,1,5,0.8,0.0,0.0,0.2,0.7219280948873623,0.36096404744368116
premier,word,0,0,1,4,5,0.0,0.0,0.2,0.8,0.7219280948873623,0.36096404744368116
commun,word,0,1,0,4,5,0.0,0.2,0.0,0.8,0.7219280948873623,0.36096404744368116
honneur,word,1,4,0,0,5,0.2,0.8,0.0,0.0,0.7219280948873623,0.36096404744368116
commun,lemma,0,1,0,4,5,0.0,0.2,0.0,0.8,0.7219280948873623,0.36096404744368116
surveiller,lemma,1,0,0,4,5,0.2,0.0,0.0,0.8,0.7219280948873623,0.36096404744368116
parent,lemma,0,0,1,4,5,0.0,0.0,0.2,0.8,0.7219280948873623,0.36096404744368116
parents,word,0,0,1,4,5,0.0,0.0,0.2,0.8,0.7219280948873623,0.36096404744368116
york,word,0,0,1,4,5,0.0,0.0,0.2,0.8,0.7219280948873623,0.36096404744368116
»,punctuation,1,0,0,4,5,0.2,0.0,0.0,0.8,0.7219280948873623,0.36096404744368116
échapper,word,4,0,0,1,5,0.8,0.0,0.0,0.2,0.7219280948873623,0.36096404744368116
école,word,0,0,1,4,5,0.0,0.0,0.2,0.8,0.7219280948873623,0.36096404744368116
maltraités,word,0,1,0,4,5,0.0,0.2,0.0,0.8,0.7219280948873623,0.36096404744368116
d'accord,word,0,0,2,8,10,0.0,0.0,0.2,0.8,0.7219280948873623,0.36096404744368116
v,lemma,0,0,8,2,10,0.0,0.0,0.8,0.2,0.7219280948873623,0.36096404744368116
effrayé,word,1,4,0,0,5,0.2,0.8,0.0,0.0,0.7219280948873623,0.36096404744368116
choquant,word,0,4,0,1,5,0.0,0.8,0.0,0.2,0.7219280948873623,0.36096404744368116
pd,lemma,0,0,4,1,5,0.0,0.0,0.8,0.2,0.7219280948873623,0.36096404744368116
moqueries,word,0,1,0,4,5,0.0,0.2,0.0,0.8,0.7219280948873623,0.36096404744368116
travail,lemma,2,0,0,8,10,0.2,0.0,0.0,0.8,0.7219280948873623,0.36096404744368116
empêcher,word,1,0,0,4,5,0.2,0.0,0.0,0.8,0.7219280948873623,0.36096404744368116
moquerie,lemma,0,1,0,4,5,0.0,0.2,0.0,0.8,0.7219280948873623,0.36096404744368116
angoisser,lemma,0,4,1,0,5,0.0,0.8,0.2,0.0,0.7219280948873623,0.36096404744368116
moquer,word,1,0,0,4,5,0.2,0.0,0.0,0.8,0.7219280948873623,0.36096404744368116
mis,word,4,0,0,1,5,0.8,0.0,0.0,0.2,0.7219280948873623,0.36096404744368116
maltraité,lemma,0,1,0,4,5,0.0,0.2,0.0,0.8,0.7219280948873623,0.36096404744368116
malade,lemma,0,0,2,8,10,0.0,0.0,0.2,0.8,0.7219280948873623,0.36096404744368116
malgré,word,0,0,4,1,5,0.0,0.0,0.8,0.2,0.7219280948873623,0.36096404744368116
«,punctuation,1,0,0,4,5,0.2,0.0,0.0,0.8,0.7219280948873623,0.36096404744368116
nouvelle,word,1,0,0,4,5,0.2,0.0,0.0,0.8,0.7219280948873623,0.36096404744368116
new,word,0,0,1,4,5,0.0,0.0,0.2,0.8,0.7219280948873623,0.36096404744368116
terrible,word,0,12,0,3,15,0.0,0.8,0.0,0.2,0.7219280948873623,0.36096404744368116
chien,word,0,0,4,1,5,0.0,0.0,0.8,0.2,0.7219280948873623,0.36096404744368116
harcèlemer,lemma,0,0,1,4,5,0.0,0.0,0.2,0.8,0.7219280948873623,0.36096404744368116
repas,lemma,0,0,1,4,5,0.0,0.0,0.2,0.8,0.7219280948873623,0.36096404744368116
rendu,word,1,0,0,4,5,0.2,0.0,0.0,0.8,0.7219280948873623,0.36096404744368116
brice,word,1,0,4,0,5,0.2,0.0,0.8,0.0,0.7219280948873623,0.36096404744368116
dû,word,0,0,1,4,5,0.0,0.0,0.2,0.8,0.7219280948873623,0.36096404744368116
vivre,word,0,0,1,4,5,0.0,0.0,0.2,0.8,0.7219280948873623,0.36096404744368116
york,lemma,0,0,1,4,5,0.0,0.0,0.2,0.8,0.7219280948873623,0.36096404744368116
pd,word,0,0,4,1,5,0.0,0.0,0.8,0.2,0.7219280948873623,0.36096404744368116
passe,word,0,0,4,1,5,0.0,0.0,0.8,0.2,0.7219280948873623,0.36096404744368116
quitter,lemma,13,0,0,3,16,0.8125,0.0,0.0,0.1875,0.6962122601251458,0.3481061300625729
insultes,word,3,13,0,0,16,0.1875,0.8125,0.0,0.0,0.6962122601251458,0.3481061300625729
sale,word,0,0,9,2,11,0.0,0.0,0.8181818181818182,0.18181818181818182,0.6840384356390417,0.3420192178195208
pu,word,0,0,2,9,11,0.0,0.0,0.18181818181818182,0.8181818181818182,0.6840384356390417,0.3420192178195208
qu'est-ce,word,0,0,9,2,11,0.0,0.0,0.8181818181818182,0.18181818181818182,0.6840384356390417,0.3420192178195208
panique,word,2,9,0,0,11,0.18181818181818182,0.8181818181818182,0.0,0.0,0.6840384356390417,0.3420192178195208
impressionnant,word,0,9,2,0,11,0.0,0.8181818181818182,0.18181818181818182,0.0,0.6840384356390417,0.3420192178195208
travailler,lemma,9,0,0,2,11,0.8181818181818182,0.0,0.0,0.18181818181818182,0.6840384356390417,0.3420192178195208
panique,lemma,2,9,0,0,11,0.18181818181818182,0.8181818181818182,0.0,0.0,0.6840384356390417,0.3420192178195208
terrible,lemma,0,14,0,3,17,0.0,0.8235294117647058,0.0,0.17647058823529413,0.6722948170756379,0.33614740853781894
joie,lemma,1,14,0,1,16,0.0625,0.875,0.0,0.0625,0.6685644431995964,0.3342822215997982
joie,word,1,14,0,1,16,0.0625,0.875,0.0,0.0625,0.6685644431995964,0.3342822215997982
décevoir,lemma,0,5,0,1,6,0.0,0.8333333333333334,0.0,0.16666666666666666,0.6500224216483541,0.32501121082417705
violentes,word,1,0,0,5,6,0.16666666666666666,0.0,0.0,0.8333333333333334,0.6500224216483541,0.32501121082417705
émerveiller,lemma,1,5,0,0,6,0.16666666666666666,0.8333333333333334,0.0,0.0,0.6500224216483541,0.32501121082417705
accusée,word,5,0,0,1,6,0.8333333333333334,0.0,0.0,0.16666666666666666,0.6500224216483541,0.32501121082417705
hors,word,0,1,0,5,6,0.0,0.16666666666666666,0.0,0.8333333333333334,0.6500224216483541,0.32501121082417705
dictature,word,1,0,0,5,6,0.16666666666666666,0.0,0.0,0.8333333333333334,0.6500224216483541,0.32501121082417705
blague,word,0,0,5,1,6,0.0,0.0,0.8333333333333334,0.16666666666666666,0.6500224216483541,0.32501121082417705
détruire,word,0,1,0,5,6,0.0,0.16666666666666666,0.0,0.8333333333333334,0.6500224216483541,0.32501121082417705
échapper,lemma,5,0,0,1,6,0.8333333333333334,0.0,0.0,0.16666666666666666,0.6500224216483541,0.32501121082417705
injuste,word,0,0,2,10,12,0.0,0.0,0.16666666666666666,0.8333333333333334,0.6500224216483541,0.32501121082417705
dictature,lemma,1,0,0,5,6,0.16666666666666666,0.0,0.0,0.8333333333333334,0.6500224216483541,0.32501121082417705
hors,lemma,0,1,0,5,6,0.0,0.16666666666666666,0.0,0.8333333333333334,0.6500224216483541,0.32501121082417705
mort,word,3,0,0,15,18,0.16666666666666666,0.0,0.0,0.8333333333333334,0.6500224216483541,0.32501121082417705
moquer,lemma,1,0,0,5,6,0.16666666666666666,0.0,0.0,0.8333333333333334,0.6500224216483541,0.32501121082417705
mauvaise,word,0,1,0,5,6,0.0,0.16666666666666666,0.0,0.8333333333333334,0.6500224216483541,0.32501121082417705
encourager,lemma,1,0,0,5,6,0.16666666666666666,0.0,0.0,0.8333333333333334,0.6500224216483541,0.32501121082417705
devenir,lemma,0,0,1,5,6,0.0,0.0,0.16666666666666666,0.8333333333333334,0.6500224216483541,0.32501121082417705
opposer,lemma,5,0,0,1,6,0.8333333333333334,0.0,0.0,0.16666666666666666,0.6500224216483541,0.32501121082417705
hausse,lemma,1,0,0,5,6,0.16666666666666666,0.0,0.0,0.8333333333333334,0.6500224216483541,0.32501121082417705
souvenir,word,1,0,0,5,6,0.16666666666666666,0.0,0.0,0.8333333333333334,0.6500224216483541,0.32501121082417705
arrêté,word,5,0,0,1,6,0.8333333333333334,0.0,0.0,0.16666666666666666,0.6500224216483541,0.32501121082417705
attaques,word,1,0,0,5,6,0.16666666666666666,0.0,0.0,0.8333333333333334,0.6500224216483541,0.32501121082417705
choqué,word,0,25,0,5,30,0.0,0.8333333333333334,0.0,0.16666666666666666,0.6500224216483541,0.32501121082417705
chose,word,0,0,2,10,12,0.0,0.0,0.16666666666666666,0.8333333333333334,0.6500224216483541,0.32501121082417705
gueule,lemma,1,0,5,0,6,0.16666666666666666,0.0,0.8333333333333334,0.0,0.6500224216483541,0.32501121082417705
hausse,word,1,0,0,5,6,0.16666666666666666,0.0,0.0,0.8333333333333334,0.6500224216483541,0.32501121082417705
guerre,lemma,6,0,0,31,37,0.16216216216216217,0.0,0.0,0.8378378378378378,0.6394571324851641,0.31972856624258206
?,punctuation,3,0,89,9,101,0.0297029702970297,0.0,0.8811881188118812,0.0891089108910891,0.6223254642255207,0.31116273211276035
chance,lemma,0,0,2,11,13,0.0,0.0,0.15384615384615385,0.8461538461538461,0.6193821946787638,0.3096910973393819
chance,word,0,0,2,11,13,0.0,0.0,0.15384615384615385,0.8461538461538461,0.6193821946787638,0.3096910973393819
souffrir,lemma,0,17,0,3,20,0.0,0.85,0.0,0.15,0.6098403047164004,0.3049201523582002
déjà,lemma,0,0,17,3,20,0.0,0.0,0.85,0.15,0.6098403047164004,0.3049201523582002
déjà,word,0,0,17,3,20,0.0,0.0,0.85,0.15,0.6098403047164004,0.3049201523582002
insolite,lemma,0,6,0,1,7,0.0,0.8571428571428571,0.0,0.14285714285714285,0.5916727785823275,0.29583638929116374
cool,word,0,6,1,0,7,0.0,0.8571428571428571,0.14285714285714285,0.0,0.5916727785823275,0.29583638929116374
impressionnant,lemma,0,6,0,1,7,0.0,0.8571428571428571,0.0,0.14285714285714285,0.5916727785823275,0.29583638929116374
cool,lemma,0,6,1,0,7,0.0,0.8571428571428571,0.14285714285714285,0.0,0.5916727785823275,0.29583638929116374
aise,word,0,6,0,1,7,0.0,0.8571428571428571,0.0,0.14285714285714285,0.5916727785823275,0.29583638929116374
menacent,word,0,6,0,1,7,0.0,0.8571428571428571,0.0,0.14285714285714285,0.5916727785823275,0.29583638929116374
menace,lemma,1,6,0,0,7,0.14285714285714285,0.8571428571428571,0.0,0.0,0.5916727785823275,0.29583638929116374
cp,word,0,0,6,1,7,0.0,0.0,0.8571428571428571,0.14285714285714285,0.5916727785823275,0.29583638929116374
cp,lemma,0,0,6,1,7,0.0,0.0,0.8571428571428571,0.14285714285714285,0.5916727785823275,0.29583638929116374
maison,word,1,0,0,6,7,0.14285714285714285,0.0,0.0,0.8571428571428571,0.5916727785823275,0.29583638929116374
malheureusement,lemma,0,6,1,0,7,0.0,0.8571428571428571,0.14285714285714285,0.0,0.5916727785823275,0.29583638929116374
malheureusement,word,0,6,1,0,7,0.0,0.8571428571428571,0.14285714285714285,0.0,0.5916727785823275,0.29583638929116374
manifestation,word,6,0,0,1,7,0.8571428571428571,0.0,0.0,0.14285714285714285,0.5916727785823275,0.29583638929116374
manger,lemma,1,0,0,6,7,0.14285714285714285,0.0,0.0,0.8571428571428571,0.5916727785823275,0.29583638929116374
an,lemma,0,0,1,6,7,0.0,0.0,0.14285714285714285,0.8571428571428571,0.5916727785823275,0.29583638929116374
confiance,lemma,0,0,1,6,7,0.0,0.0,0.14285714285714285,0.8571428571428571,0.5916727785823275,0.29583638929116374
confiance,word,0,0,1,6,7,0.0,0.0,0.14285714285714285,0.8571428571428571,0.5916727785823275,0.29583638929116374
risques,word,0,6,0,1,7,0.0,0.8571428571428571,0.0,0.14285714285714285,0.5916727785823275,0.29583638929116374
rare,word,0,0,1,6,7,0.0,0.0,0.14285714285714285,0.8571428571428571,0.5916727785823275,0.29583638929116374
bel,lemma,0,0,1,6,7,0.0,0.0,0.14285714285714285,0.8571428571428571,0.5916727785823275,0.29583638929116374
rue,word,6,0,0,1,7,0.8571428571428571,0.0,0.0,0.14285714285714285,0.5916727785823275,0.29583638929116374
dormir,word,1,0,0,6,7,0.14285714285714285,0.0,0.0,0.8571428571428571,0.5916727785823275,0.29583638929116374
bonheur,lemma,0,12,0,2,14,0.0,0.8571428571428571,0.0,0.14285714285714285,0.5916727785823275,0.29583638929116374
bonheur,word,0,12,0,2,14,0.0,0.8571428571428571,0.0,0.14285714285714285,0.5916727785823275,0.29583638929116374
effondrer,lemma,0,1,0,6,7,0.0,0.14285714285714285,0.0,0.8571428571428571,0.5916727785823275,0.29583638929116374
attaque,lemma,1,0,0,6,7,0.14285714285714285,0.0,0.0,0.8571428571428571,0.5916727785823275,0.29583638929116374
new,lemma,0,0,1,6,7,0.0,0.0,0.14285714285714285,0.8571428571428571,0.5916727785823275,0.29583638929116374
subir,lemma,0,6,0,1,7,0.0,0.8571428571428571,0.0,0.14285714285714285,0.5916727785823275,0.29583638929116374
tranquille,word,0,0,6,1,7,0.0,0.0,0.8571428571428571,0.14285714285714285,0.5916727785823275,0.29583638929116374
ans,word,0,0,1,6,7,0.0,0.0,0.14285714285714285,0.8571428571428571,0.5916727785823275,0.29583638929116374
injuste,lemma,0,0,2,12,14,0.0,0.0,0.14285714285714285,0.8571428571428571,0.5916727785823275,0.29583638929116374
menaces,word,1,6,0,0,7,0.14285714285714285,0.8571428571428571,0.0,0.0,0.5916727785823275,0.29583638929116374
guerre,word,5,0,0,31,36,0.1388888888888889,0.0,0.0,0.8611111111111112,0.5813214987637028,0.2906607493818514
remporter,word,0,0,2,13,15,0.0,0.0,0.13333333333333333,0.8666666666666667,0.5665095065529053,0.28325475327645266
mauvais,lemma,1,1,0,19,21,0.047619047619047616,0.047619047619047616,0.0,0.9047619047619048,0.5489544344250401,0.27447721721252005
sûr,lemma,0,0,7,1,8,0.0,0.0,0.875,0.125,0.5435644431995964,0.2717822215997982
suffire,lemma,0,0,1,7,8,0.0,0.0,0.125,0.875,0.5435644431995964,0.2717822215997982
petit,lemma,2,0,0,14,16,0.125,0.0,0.0,0.875,0.5435644431995964,0.2717822215997982
grande,word,1,0,0,7,8,0.125,0.0,0.0,0.875,0.5435644431995964,0.2717822215997982
mauvaises,word,1,0,0,7,8,0.125,0.0,0.0,0.875,0.5435644431995964,0.2717822215997982
sûr,word,0,0,7,1,8,0.0,0.0,0.875,0.125,0.5435644431995964,0.2717822215997982
refuge,lemma,7,0,0,1,8,0.875,0.0,0.0,0.125,0.5435644431995964,0.2717822215997982
agression,lemma,1,0,0,7,8,0.125,0.0,0.0,0.875,0.5435644431995964,0.2717822215997982
jusqu,word,1,0,7,0,8,0.125,0.0,0.875,0.0,0.5435644431995964,0.2717822215997982
critique,word,7,0,0,1,8,0.875,0.0,0.0,0.125,0.5435644431995964,0.2717822215997982
plainte,word,7,0,0,1,8,0.875,0.0,0.0,0.125,0.5435644431995964,0.2717822215997982
recevoir,lemma,1,0,0,7,8,0.125,0.0,0.0,0.875,0.5435644431995964,0.2717822215997982
famille,lemma,0,0,1,7,8,0.0,0.0,0.125,0.875,0.5435644431995964,0.2717822215997982
détruire,lemma,0,1,0,7,8,0.0,0.125,0.0,0.875,0.5435644431995964,0.2717822215997982
accusé,word,21,0,0,3,24,0.875,0.0,0.0,0.125,0.5435644431995964,0.2717822215997982
marrant,word,0,7,1,0,8,0.0,0.875,0.125,0.0,0.5435644431995964,0.2717822215997982
amour,lemma,0,1,0,7,8,0.0,0.125,0.0,0.875,0.5435644431995964,0.2717822215997982
spectaculaire,word,0,7,0,1,8,0.0,0.875,0.0,0.125,0.5435644431995964,0.2717822215997982
révolter,lemma,7,1,0,0,8,0.875,0.125,0.0,0.0,0.5435644431995964,0.2717822215997982
graves,word,0,0,1,7,8,0.0,0.0,0.125,0.875,0.5435644431995964,0.2717822215997982
fierté,word,1,7,0,0,8,0.125,0.875,0.0,0.0,0.5435644431995964,0.2717822215997982
rejeter,lemma,1,0,0,7,8,0.125,0.0,0.0,0.875,0.5435644431995964,0.2717822215997982
enfuir,lemma,7,0,0,1,8,0.875,0.0,0.0,0.125,0.5435644431995964,0.2717822215997982
souvenir,lemma,1,0,0,7,8,0.125,0.0,0.0,0.875,0.5435644431995964,0.2717822215997982
entendre,lemma,0,0,1,7,8,0.0,0.0,0.125,0.875,0.5435644431995964,0.2717822215997982
t'es,word,0,0,7,1,8,0.0,0.0,0.875,0.125,0.5435644431995964,0.2717822215997982
danger,word,0,29,0,4,33,0.0,0.8787878787878788,0.0,0.12121212121212122,0.5328350630342233,0.26641753151711167
choquer,lemma,0,44,0,6,50,0.0,0.88,0.0,0.12,0.5293608652873644,0.2646804326436822
sourire,lemma,15,0,0,2,17,0.8823529411764706,0.0,0.0,0.11764705882352941,0.5225593745369408,0.2612796872684704
danger,lemma,0,31,0,4,35,0.0,0.8857142857142857,0.0,0.11428571428571428,0.512709142030877,0.2563545710154385
refuge,word,8,0,0,1,9,0.8888888888888888,0.0,0.0,0.1111111111111111,0.5032583347756457,0.25162916738782287
violer,lemma,1,0,0,8,9,0.1111111111111111,0.0,0.0,0.8888888888888888,0.5032583347756457,0.25162916738782287
révolte,word,8,0,0,1,9,0.8888888888888888,0.0,0.0,0.1111111111111111,0.5032583347756457,0.25162916738782287
grave,lemma,0,0,4,32,36,0.0,0.0,0.1111111111111111,0.8888888888888888,0.5032583347756457,0.25162916738782287
dérange,lemma,0,8,1,0,9,0.0,0.8888888888888888,0.1111111111111111,0.0,0.5032583347756457,0.25162916738782287
plainte,lemma,8,0,0,1,9,0.8888888888888888,0.0,0.0,0.1111111111111111,0.5032583347756457,0.25162916738782287
révolte,lemma,8,0,0,1,9,0.8888888888888888,0.0,0.0,0.1111111111111111,0.5032583347756457,0.25162916738782287
plaindre,lemma,8,0,0,1,9,0.8888888888888888,0.0,0.0,0.1111111111111111,0.5032583347756457,0.25162916738782287
gueule,word,1,0,8,0,9,0.1111111111111111,0.0,0.8888888888888888,0.0,0.5032583347756457,0.25162916738782287
dérange,word,0,8,1,0,9,0.0,0.8888888888888888,0.1111111111111111,0.0,0.5032583347756457,0.25162916738782287
mort,lemma,3,0,0,25,28,0.10714285714285714,0.0,0.0,0.8928571428571429,0.49123734182433315,0.24561867091216658
mourir,lemma,0,0,2,17,19,0.0,0.0,0.10526315789473684,0.8947368421052632,0.4854607607459134,0.2427303803729567
grave,word,0,0,3,26,29,0.0,0.0,0.10344827586206896,0.896551724137931,0.4798320236161285,0.23991601180806424
affronter,lemma,9,0,0,1,10,0.9,0.0,0.0,0.1,0.4689955935892812,0.2344977967946406
problèmes,word,0,0,1,9,10,0.0,0.0,0.1,0.9,0.4689955935892812,0.2344977967946406
étonner,lemma,2,18,0,0,20,0.1,0.9,0.0,0.0,0.4689955935892812,0.2344977967946406
cher,word,0,0,1,9,10,0.0,0.0,0.1,0.9,0.4689955935892812,0.2344977967946406
réfugier,lemma,9,0,0,1,10,0.9,0.0,0.0,0.1,0.4689955935892812,0.2344977967946406
honte,word,0,9,1,0,10,0.0,0.9,0.1,0.0,0.4689955935892812,0.2344977967946406
descendre,lemma,9,0,0,1,10,0.9,0.0,0.0,0.1,0.4689955935892812,0.2344977967946406
t'as,word,0,0,9,1,10,0.0,0.0,0.9,0.1,0.4689955935892812,0.2344977967946406
nouveau,lemma,1,0,0,9,10,0.1,0.0,0.0,0.9,0.4689955935892812,0.2344977967946406
travailler,word,9,0,0,1,10,0.9,0.0,0.0,0.1,0.4689955935892812,0.2344977967946406
tuer,lemma,3,0,0,27,30,0.1,0.0,0.0,0.9,0.4689955935892812,0.2344977967946406
accord,lemma,0,0,2,19,21,0.0,0.0,0.09523809523809523,0.9047619047619048,0.4537163391869448,0.2268581695934724
deux,word,0,0,1,10,11,0.0,0.0,0.09090909090909091,0.9090909090909091,0.4394969869215134,0.2197484934607567
deux,lemma,0,0,1,10,11,0.0,0.0,0.09090909090909091,0.9090909090909091,0.4394969869215134,0.2197484934607567
effrayer,lemma,1,10,0,0,11,0.09090909090909091,0.9090909090909091,0.0,0.0,0.4394969869215134,0.2197484934607567
désaccord,word,1,0,0,10,11,0.09090909090909091,0.0,0.0,0.9090909090909091,0.4394969869215134,0.2197484934607567
cher,lemma,0,0,1,10,11,0.0,0.0,0.09090909090909091,0.9090909090909091,0.4394969869215134,0.2197484934607567
bande,lemma,0,0,10,1,11,0.0,0.0,0.9090909090909091,0.09090909090909091,0.4394969869215134,0.2197484934607567
bande,word,0,0,10,1,11,0.0,0.0,0.9090909090909091,0.09090909090909091,0.4394969869215134,0.2197484934607567
hommage,lemma,30,0,0,3,33,0.9090909090909091,0.0,0.0,0.09090909090909091,0.4394969869215134,0.2197484934607567
marrant,lemma,0,10,1,0,11,0.0,0.9090909090909091,0.09090909090909091,0.0,0.4394969869215134,0.2197484934607567
rue,lemma,10,0,0,1,11,0.9090909090909091,0.0,0.0,0.09090909090909091,0.4394969869215134,0.2197484934607567
merci,word,0,1,10,0,11,0.0,0.09090909090909091,0.9090909090909091,0.0,0.4394969869215134,0.2197484934607567
merci,lemma,0,1,10,0,11,0.0,0.09090909090909091,0.9090909090909091,0.0,0.4394969869215134,0.2197484934607567
exploit,word,0,2,0,20,22,0.0,0.09090909090909091,0.0,0.9090909090909091,0.4394969869215134,0.2197484934607567
vs,word,0,0,10,1,11,0.0,0.0,0.9090909090909091,0.09090909090909091,0.4394969869215134,0.2197484934607567
vivre,lemma,0,0,1,11,12,0.0,0.0,0.08333333333333333,0.9166666666666666,0.41381685030363374,0.20690842515181687
désaccord,lemma,1,0,0,11,12,0.08333333333333333,0.0,0.0,0.9166666666666666,0.41381685030363374,0.20690842515181687
pourtant,word,0,0,11,1,12,0.0,0.0,0.9166666666666666,0.08333333333333333,0.41381685030363374,0.20690842515181687
coups,word,1,0,0,11,12,0.08333333333333333,0.0,0.0,0.9166666666666666,0.41381685030363374,0.20690842515181687
morts,word,1,0,0,11,12,0.08333333333333333,0.0,0.0,0.9166666666666666,0.41381685030363374,0.20690842515181687
rêve,word,0,0,1,11,12,0.0,0.0,0.08333333333333333,0.9166666666666666,0.41381685030363374,0.20690842515181687
inquiète,word,0,22,0,2,24,0.0,0.9166666666666666,0.0,0.08333333333333333,0.41381685030363374,0.20690842515181687
rêve,lemma,0,0,1,11,12,0.0,0.0,0.08333333333333333,0.9166666666666666,0.41381685030363374,0.20690842515181687
pourtant,lemma,0,0,11,1,12,0.0,0.0,0.9166666666666666,0.08333333333333333,0.41381685030363374,0.20690842515181687
violent,lemma,1,0,0,12,13,0.07692307692307693,0.0,0.0,0.9230769230769231,0.39124356362925566,0.19562178181462783
accuser,lemma,64,0,0,5,69,0.927536231884058,0.0,0.0,0.07246376811594203,0.3750514064240123,0.18752570321200615
rire,lemma,13,0,0,1,14,0.9285714285714286,0.0,0.0,0.07142857142857142,0.37123232664087563,0.18561616332043782
critique,lemma,13,0,0,1,14,0.9285714285714286,0.0,0.0,0.07142857142857142,0.37123232664087563,0.18561616332043782
risque,lemma,0,13,0,1,14,0.0,0.9285714285714286,0.0,0.07142857142857142,0.37123232664087563,0.18561616332043782
beau,lemma,0,0,1,13,14,0.0,0.0,0.07142857142857142,0.9285714285714286,0.37123232664087563,0.18561616332043782
remporter,lemma,0,0,2,27,29,0.0,0.0,0.06896551724137931,0.9310344827586207,0.362051251733998,0.181025625866999
beau,word,0,0,1,14,15,0.0,0.0,0.06666666666666667,0.9333333333333333,0.35335933502142136,0.17667966751071068
malheur,word,0,14,1,0,15,0.0,0.9333333333333333,0.06666666666666667,0.0,0.35335933502142136,0.17667966751071068
malheur,lemma,0,14,1,0,15,0.0,0.9333333333333333,0.06666666666666667,0.0,0.35335933502142136,0.17667966751071068
étonnant,word,0,14,1,0,15,0.0,0.9333333333333333,0.06666666666666667,0.0,0.35335933502142136,0.17667966751071068
inquiet,lemma,1,53,0,2,56,0.017857142857142856,0.9464285714285714,0.0,0.03571428571428571,0.3505730632745764,0.1752865316372882
gagner,lemma,2,0,0,29,31,0.06451612903225806,0.0,0.0,0.9354838709677419,0.345117314944953,0.1725586574724765
monde,word,0,0,1,15,16,0.0,0.0,0.0625,0.9375,0.3372900666170139,0.16864503330850694
monde,lemma,0,0,1,15,16,0.0,0.0,0.0625,0.9375,0.3372900666170139,0.16864503330850694
grosse,word,0,0,15,1,16,0.0,0.0,0.9375,0.0625,0.3372900666170139,0.16864503330850694
refuser,lemma,15,0,0,1,16,0.9375,0.0,0.0,0.0625,0.3372900666170139,0.16864503330850694
surprise,lemma,1,39,0,1,41,0.024390243902439025,0.9512195121951219,0.0,0.024390243902439025,0.3299742842369207,0.16498714211846036
surprise,word,1,39,0,1,41,0.024390243902439025,0.9512195121951219,0.0,0.024390243902439025,0.3299742842369207,0.16498714211846036
difficile,word,0,0,1,16,17,0.0,0.0,0.058823529411764705,0.9411764705882353,0.3227569588973982,0.1613784794486991
violences,word,1,0,0,17,18,0.05555555555555555,0.0,0.0,0.9444444444444444,0.3095434291503252,0.1547717145751626
craignent,word,1,18,0,0,19,0.05263157894736842,0.9473684210526315,0.0,0.0,0.2974722489192896,0.1487361244596448
craignent,lemma,1,18,0,0,19,0.05263157894736842,0.9473684210526315,0.0,0.0,0.2974722489192896,0.1487361244596448
coup,lemma,1,0,0,18,19,0.05263157894736842,0.0,0.0,0.9473684210526315,0.2974722489192896,0.1487361244596448
pleurer,word,18,1,0,0,19,0.9473684210526315,0.05263157894736842,0.0,0.0,0.2974722489192896,0.1487361244596448
harcèlement,word,0,0,1,18,19,0.0,0.0,0.05263157894736842,0.9473684210526315,0.2974722489192896,0.1487361244596448
critiqué,word,19,0,0,1,20,0.95,0.0,0.0,0.05,0.28639695711595625,0.14319847855797813
victimes,word,1,0,0,20,21,0.047619047619047616,0.0,0.0,0.9523809523809523,0.2761954276479391,0.13809771382396954
fuir,word,21,1,0,0,22,0.9545454545454546,0.045454545454545456,0.0,0.0,0.26676498780302604,0.13338249390151302
triste,word,0,21,0,1,22,0.0,0.9545454545454546,0.0,0.045454545454545456,0.26676498780302604,0.13338249390151302
étonnant,lemma,0,24,1,0,25,0.0,0.96,0.04,0.0,0.24229218908241482,0.12114609454120741
dénoncer,lemma,25,0,0,1,26,0.9615384615384616,0.0,0.0,0.038461538461538464,0.23519338181924143,0.11759669090962072
heureux,word,0,26,0,1,27,0.0,0.9629629629629629,0.0,0.037037037037037035,0.228538143953528,0.114269071976764
colère,word,2,52,0,0,54,0.037037037037037035,0.9629629629629629,0.0,0.0,0.228538143953528,0.114269071976764
difficile,lemma,0,0,1,26,27,0.0,0.0,0.037037037037037035,0.9629629629629629,0.228538143953528,0.114269071976764
triste,lemma,0,28,0,1,29,0.0,0.9655172413793104,0.0,0.034482758620689655,0.21639693245126462,0.10819846622563231
manifestation,lemma,68,0,1,1,70,0.9714285714285714,0.0,0.014285714285714285,0.014285714285714285,0.21574768544463674,0.10787384272231837
hommage,word,30,0,0,1,31,0.967741935483871,0.0,0.0,0.03225806451612903,0.205592508185083,0.1027962540925415
heureux,lemma,0,34,0,1,35,0.0,0.9714285714285714,0.0,0.02857142857142857,0.18717625687320816,0.09358812843660408
victime,lemma,1,0,0,35,36,0.027777777777777776,0.0,0.0,0.9722222222222222,0.18312206830137276,0.09156103415068638
peur,word,1,128,0,2,131,0.007633587786259542,0.9770992366412213,0.0,0.015267175572519083,0.17846116947638163,0.08923058473819082
peur,lemma,1,128,0,2,131,0.007633587786259542,0.9770992366412213,0.0,0.015267175572519083,0.17846116947638163,0.08923058473819082
pleurer,lemma,44,1,0,0,45,0.9777777777777777,0.022222222222222223,0.0,0.0,0.15374218032876188,0.07687109016438094
fuir,lemma,51,1,0,0,52,0.9807692307692307,0.019230769230769232,0.0,0.0,0.1370994788998177,0.06854973944990884
colèr,lemma,1,52,0,0,53,0.018867924528301886,0.9811320754716981,0.0,0.0,0.13503620280212764,0.06751810140106382
!,punctuation,0,0,696,13,709,0.0,0.0,0.9816643159379408,0.018335684062059238,0.13199105638401665,0.06599552819200832
critiquer,lemma,54,0,0,1,55,0.9818181818181818,0.0,0.0,0.01818181818181818,0.13110652958234503,0.06555326479117252
dangereu,lemma,0,55,0,1,56,0.0,0.9821428571428571,0.0,0.017857142857142856,0.1292337748458849,0.06461688742294246
dangereux,word,0,55,0,1,56,0.0,0.9821428571428571,0.0,0.017857142857142856,0.1292337748458849,0.06461688742294246
manifestations,word,62,0,1,0,63,0.9841269841269841,0.0,0.015873015873015872,0.0,0.11759466565886476,0.05879733282943238
…,punctuation,0,0,284,2,286,0.0,0.0,0.993006993006993,0.006993006993006993,0.06012244887863518,0.03006122443931759
faux,lemma,0,0,0,4,4,0.0,0.0,0.0,1.0,-0.0,-0.0
fan,lemma,0,4,0,0,4,0.0,1.0,0.0,0.0,-0.0,-0.0
décourage,lemma,0,3,0,0,3,0.0,1.0,0.0,0.0,-0.0,-0.0
réclamé,word,4,0,0,0,4,1.0,0.0,0.0,0.0,-0.0,-0.0
déclarer,lemma,0,0,0,3,3,0.0,0.0,0.0,1.0,-0.0,-0.0
répondre,lemma,0,0,0,3,3,0.0,0.0,0.0,1.0,-0.0,-0.0
rétorqu,lemma,4,0,0,0,4,1.0,0.0,0.0,0.0,-0.0,-0.0
réclamer,word,14,0,0,0,14,1.0,0.0,0.0,0.0,-0.0,-0.0
décourage,word,0,3,0,0,3,0.0,1.0,0.0,0.0,-0.0,-0.0
rétorque,word,4,0,0,0,4,1.0,0.0,0.0,0.0,-0.0,-0.0
découvert,word,0,0,0,14,14,0.0,0.0,0.0,1.0,-0.0,-0.0
découverte,lemma,0,0,0,5,5,0.0,0.0,0.0,1.0,-0.0,-0.0
réclamer,lemma,39,0,0,0,39,1.0,0.0,0.0,0.0,-0.0,-0.0
récompense,lemma,0,0,0,8,8,0.0,0.0,0.0,1.0,-0.0,-0.0
réduites,word,0,0,0,3,3,0.0,0.0,0.0,1.0,-0.0,-0.0
réconforter,lemma,0,0,0,3,3,0.0,0.0,0.0,1.0,-0.0,-0.0
découverte,word,0,0,0,5,5,0.0,0.0,0.0,1.0,-0.0,-0.0
famille,word,0,0,0,6,6,0.0,0.0,0.0,1.0,-0.0,-0.0
fausses,word,0,0,0,3,3,0.0,0.0,0.0,1.0,-0.0,-0.0
famine,word,0,0,0,5,5,0.0,0.0,0.0,1.0,-0.0,-0.0
blessé,lemma,0,0,0,3,3,0.0,0.0,0.0,1.0,-0.0,-0.0
bloquant,word,4,0,0,0,4,1.0,0.0,0.0,0.0,-0.0,-0.0
récompense,word,0,0,0,10,10,0.0,0.0,0.0,1.0,-0.0,-0.0
réfugier,word,7,0,0,0,7,1.0,0.0,0.0,0.0,-0.0,-0.0
satisfaire,word,0,4,0,0,4,0.0,1.0,0.0,0.0,-0.0,-0.0
sauver,lemma,0,0,0,3,3,0.0,0.0,0.0,1.0,-0.0,-0.0
savoir,word,0,0,5,0,5,0.0,0.0,1.0,0.0,-0.0,-0.0
scandale,lemma,0,5,0,0,5,0.0,1.0,0.0,0.0,-0.0,-0.0
scandale,word,0,5,0,0,5,0.0,1.0,0.0,0.0,-0.0,-0.0
scène,lemma,0,0,0,3,3,0.0,0.0,0.0,1.0,-0.0,-0.0
sent,word,0,0,0,4,4,0.0,0.0,0.0,1.0,-0.0,-0.0
sert,word,0,0,3,0,3,0.0,0.0,1.0,0.0,-0.0,-0.0
seul,lemma,0,0,0,6,6,0.0,0.0,0.0,1.0,-0.0,-0.0
seul,word,0,0,0,5,5,0.0,0.0,0.0,1.0,-0.0,-0.0
sexuel,lemma,0,0,0,6,6,0.0,0.0,0.0,1.0,-0.0,-0.0
famine,lemma,0,0,0,6,6,0.0,0.0,0.0,1.0,-0.0,-0.0
sexuellement,word,0,0,0,3,3,0.0,0.0,0.0,1.0,-0.0,-0.0
sexuelles,word,0,0,0,5,5,0.0,0.0,0.0,1.0,-0.0,-0.0
soleil,lemma,0,0,0,4,4,0.0,0.0,0.0,1.0,-0.0,-0.0
soleil,word,0,0,0,4,4,0.0,0.0,0.0,1.0,-0.0,-0.0
aucune,word,0,0,0,4,4,0.0,0.0,0.0,1.0,-0.0,-0.0
augmentation,lemma,0,0,0,4,4,0.0,0.0,0.0,1.0,-0.0,-0.0
augmentation,word,0,0,0,5,5,0.0,0.0,0.0,1.0,-0.0,-0.0
augmenter,lemma,0,0,0,3,3,0.0,0.0,0.0,1.0,-0.0,-0.0
avant,lemma,0,0,0,6,6,0.0,0.0,0.0,1.0,-0.0,-0.0
avant,word,0,0,0,6,6,0.0,0.0,0.0,1.0,-0.0,-0.0
exclame,lemma,4,0,0,0,4,1.0,0.0,0.0,0.0,-0.0,-0.0
sexuellement,lemma,0,0,0,3,3,0.0,0.0,0.0,1.0,-0.0,-0.0
réussi,word,0,0,0,14,14,0.0,0.0,0.0,1.0,-0.0,-0.0
réussir,lemma,0,0,0,19,19,0.0,0.0,0.0,1.0,-0.0,-0.0
réussir,word,0,0,0,3,3,0.0,0.0,0.0,1.0,-0.0,-0.0
réussit,word,0,0,0,4,4,0.0,0.0,0.0,1.0,-0.0,-0.0
réussite,lemma,0,0,0,3,3,0.0,0.0,0.0,1.0,-0.0,-0.0
réussite,word,0,0,0,3,3,0.0,0.0,0.0,1.0,-0.0,-0.0
rêver,lemma,0,0,0,3,3,0.0,0.0,0.0,1.0,-0.0,-0.0
rêver,word,0,0,0,3,3,0.0,0.0,0.0,1.0,-0.0,-0.0
s'affrontent,word,3,0,0,0,3,1.0,0.0,0.0,0.0,-0.0,-0.0
s'amuser,word,3,0,0,0,3,1.0,0.0,0.0,0.0,-0.0,-0.0
s'enfermer,word,3,0,0,0,3,1.0,0.0,0.0,0.0,-0.0,-0.0
satisfaire,lemma,0,6,0,0,6,0.0,1.0,0.0,0.0,-0.0,-0.0
s'exclame,word,3,0,0,0,3,1.0,0.0,0.0,0.0,-0.0,-0.0
s'inquiète,word,0,10,0,0,10,0.0,1.0,0.0,0.0,-0.0,-0.0
s'inquiètent,word,0,7,0,0,7,0.0,1.0,0.0,0.0,-0.0,-0.0
s'étonne,word,0,5,0,0,5,0.0,1.0,0.0,0.0,-0.0,-0.0
sai,lemma,0,0,4,0,4,0.0,0.0,1.0,0.0,-0.0,-0.0
baise,word,0,0,4,0,4,0.0,0.0,1.0,0.0,-0.0,-0.0
baissant,word,3,0,0,0,3,1.0,0.0,0.0,0.0,-0.0,-0.0
battu,word,0,0,0,4,4,0.0,0.0,0.0,1.0,-0.0,-0.0
beal,lemma,0,0,0,3,3,0.0,0.0,0.0,1.0,-0.0,-0.0
sale,lemma,0,0,9,0,9,0.0,0.0,1.0,0.0,-0.0,-0.0
santé,lemma,0,0,0,3,3,0.0,0.0,0.0,1.0,-0.0,-0.0
santé,word,0,0,0,3,3,0.0,0.0,0.0,1.0,-0.0,-0.0
s'enthousiasme,word,0,3,0,0,3,0.0,1.0,0.0,0.0,-0.0,-0.0
redouter,lemma,0,6,0,0,6,0.0,1.0,0.0,0.0,-0.0,-0.0
bloquent,word,4,0,0,0,4,1.0,0.0,0.0,0.0,-0.0,-0.0
bloquer,lemma,20,0,0,0,20,1.0,0.0,0.0,0.0,-0.0,-0.0
bloquer,word,5,0,0,0,5,1.0,0.0,0.0,0.0,-0.0,-0.0
bloqué,word,5,0,0,0,5,1.0,0.0,0.0,0.0,-0.0,-0.0
bombardement,lemma,0,0,0,4,4,0.0,0.0,0.0,1.0,-0.0,-0.0
bombardements,word,0,0,0,4,4,0.0,0.0,0.0,1.0,-0.0,-0.0
bombe,word,0,0,0,3,3,0.0,0.0,0.0,1.0,-0.0,-0.0
bombes,word,0,0,0,3,3,0.0,0.0,0.0,1.0,-0.0,-0.0
bouche,lemma,4,0,0,0,4,1.0,0.0,0.0,0.0,-0.0,-0.0
refuse,word,9,0,0,0,9,1.0,0.0,0.0,0.0,-0.0,-0.0
route,lemma,10,0,0,0,10,1.0,0.0,0.0,0.0,-0.0,-0.0
regrette,word,0,8,0,0,8,0.0,1.0,0.0,0.0,-0.0,-0.0
regretter,lemma,0,8,0,0,8,0.0,1.0,0.0,0.0,-0.0,-0.0
rejetés,word,0,0,0,4,4,0.0,0.0,0.0,1.0,-0.0,-0.0
religion,lemma,0,0,3,0,3,0.0,0.0,1.0,0.0,-0.0,-0.0
remporte,word,0,0,0,17,17,0.0,0.0,0.0,1.0,-0.0,-0.0
remporté,word,0,0,0,24,24,0.0,0.0,0.0,1.0,-0.0,-0.0
remportée,word,0,0,0,3,3,0.0,0.0,0.0,1.0,-0.0,-0.0
renvoyer,lemma,0,0,0,8,8,0.0,0.0,0.0,1.0,-0.0,-0.0
renvoyé,word,0,0,0,5,5,0.0,0.0,0.0,1.0,-0.0,-0.0
reprochaient,lemma,4,0,0,0,4,1.0,0.0,0.0,0.0,-0.0,-0.0
reprochaient,word,4,0,0,0,4,1.0,0.0,0.0,0.0,-0.0,-0.0
reproche,lemma,13,0,0,0,13,1.0,0.0,0.0,0.0,-0.0,-0.0
refusé,word,3,0,0,0,3,1.0,0.0,0.0,0.0,-0.0,-0.0
rate,word,0,0,0,3,3,0.0,0.0,0.0,1.0,-0.0,-0.0
ravager,lemma,0,0,0,5,5,0.0,0.0,0.0,1.0,-0.0,-0.0
ravi,lemma,0,4,0,0,4,0.0,1.0,0.0,0.0,-0.0,-0.0
ravi,word,0,4,0,0,4,0.0,1.0,0.0,0.0,-0.0,-0.0
ravie,word,0,5,0,0,5,0.0,1.0,0.0,0.0,-0.0,-0.0
ravir,lemma,0,8,0,0,8,0.0,1.0,0.0,0.0,-0.0,-0.0
forcer,lemma,0,0,0,5,5,0.0,0.0,0.0,1.0,-0.0,-0.0
forcés,word,0,0,0,3,3,0.0,0.0,0.0,1.0,-0.0,-0.0
formidable,lemma,0,3,0,0,3,0.0,1.0,0.0,0.0,-0.0,-0.0
formidable,word,0,3,0,0,3,0.0,1.0,0.0,0.0,-0.0,-0.0
foutre,word,0,0,3,0,3,0.0,0.0,1.0,0.0,-0.0,-0.0
redoutent,word,0,3,0,0,3,0.0,1.0,0.0,0.0,-0.0,-0.0
frappé,lemma,0,0,0,3,3,0.0,0.0,0.0,1.0,-0.0,-0.0
frappé,word,0,0,0,3,3,0.0,0.0,0.0,1.0,-0.0,-0.0
frrrintek,lemma,0,0,10,0,10,0.0,0.0,1.0,0.0,-0.0,-0.0
frrrintek,word,0,0,10,0,10,0.0,0.0,1.0,0.0,-0.0,-0.0
douer,lemma,0,0,0,10,10,0.0,0.0,0.0,1.0,-0.0,-0.0
douée,word,0,0,0,9,9,0.0,0.0,0.0,1.0,-0.0,-0.0
rebeller,lemma,3,0,0,0,3,1.0,0.0,0.0,0.0,-0.0,-0.0
record,lemma,0,0,0,21,21,0.0,0.0,0.0,1.0,-0.0,-0.0
record,word,0,0,0,18,18,0.0,0.0,0.0,1.0,-0.0,-0.0
records,word,0,0,0,5,5,0.0,0.0,0.0,1.0,-0.0,-0.0
redoute,lemma,0,5,0,0,5,0.0,1.0,0.0,0.0,-0.0,-0.0
redoute,word,0,5,0,0,5,0.0,1.0,0.0,0.0,-0.0,-0.0
frapper,lemma,0,0,0,3,3,0.0,0.0,0.0,1.0,-0.0,-0.0
ri,word,3,0,0,0,3,1.0,0.0,0.0,0.0,-0.0,-0.0
riant,word,3,0,0,0,3,1.0,0.0,0.0,0.0,-0.0,-0.0
rigol,lemma,4,0,0,0,4,1.0,0.0,0.0,0.0,-0.0,-0.0
rigoler,lemma,6,0,0,0,6,1.0,0.0,0.0,0.0,-0.0,-0.0
rigolo,lemma,0,5,0,0,5,0.0,1.0,0.0,0.0,-0.0,-0.0
rigolé,word,3,0,0,0,3,1.0,0.0,0.0,0.0,-0.0,-0.0
risque,word,0,7,0,0,7,0.0,1.0,0.0,0.0,-0.0,-0.0
rit,word,4,0,0,0,4,1.0,0.0,0.0,0.0,-0.0,-0.0
exiger,lemma,3,0,0,0,3,1.0,0.0,0.0,0.0,-0.0,-0.0
routes,word,10,0,0,0,10,1.0,0.0,0.0,0.0,-0.0,-0.0
rues,word,4,0,0,0,4,1.0,0.0,0.0,0.0,-0.0,-0.0
reproche,word,11,0,0,0,11,1.0,0.0,0.0,0.0,-0.0,-0.0
rupture,word,0,0,0,3,3,0.0,0.0,0.0,1.0,-0.0,-0.0
râle,lemma,3,0,0,0,3,1.0,0.0,0.0,0.0,-0.0,-0.0
réaliser,lemma,0,0,0,4,4,0.0,0.0,0.0,1.0,-0.0,-0.0
réclamaient,word,4,0,0,0,4,1.0,0.0,0.0,0.0,-0.0,-0.0
réclamait,word,4,0,0,0,4,1.0,0.0,0.0,0.0,-0.0,-0.0
réclame,lemma,12,0,0,0,12,1.0,0.0,0.0,0.0,-0.0,-0.0
réclame,word,12,0,0,0,12,1.0,0.0,0.0,0.0,-0.0,-0.0
réclament,word,10,0,0,0,10,1.0,0.0,0.0,0.0,-0.0,-0.0
beaux,word,0,0,0,3,3,0.0,0.0,0.0,1.0,-0.0,-0.0
bille,lemma,0,0,0,4,4,0.0,0.0,0.0,1.0,-0.0,-0.0
billes,word,0,0,0,4,4,0.0,0.0,0.0,1.0,-0.0,-0.0
blagu,lemma,0,0,5,0,5,0.0,0.0,1.0,0.0,-0.0,-0.0
rupture,lemma,0,0,0,3,3,0.0,0.0,0.0,1.0,-0.0,-0.0
reprochent,word,11,0,0,0,11,1.0,0.0,0.0,0.0,-0.0,-0.0
reprocher,lemma,12,0,0,0,12,1.0,0.0,0.0,0.0,-0.0,-0.0
respecter,lemma,0,0,0,10,10,0.0,0.0,0.0,1.0,-0.0,-0.0
découvre,word,0,0,0,8,8,0.0,0.0,0.0,1.0,-0.0,-0.0
découvrir,lemma,0,0,0,26,26,0.0,0.0,0.0,1.0,-0.0,-0.0
défense,lemma,0,0,0,4,4,0.0,0.0,0.0,1.0,-0.0,-0.0
défiler,lemma,3,0,0,0,3,1.0,0.0,0.0,0.0,-0.0,-0.0
fier,lemma,0,18,0,0,18,0.0,1.0,0.0,0.0,-0.0,-0.0
fier,word,0,8,0,0,8,0.0,1.0,0.0,0.0,-0.0,-0.0
fierter,lemma,0,7,0,0,7,0.0,1.0,0.0,0.0,-0.0,-0.0
filles,word,0,0,0,3,3,0.0,0.0,0.0,1.0,-0.0,-0.0
ri,lemma,3,0,0,0,3,1.0,0.0,0.0,0.0,-0.0,-0.0
fière,word,0,8,0,0,8,0.0,1.0,0.0,0.0,-0.0,-0.0
fières,word,0,3,0,0,3,0.0,1.0,0.0,0.0,-0.0,-0.0
respecter,word,0,0,0,5,5,0.0,0.0,0.0,1.0,-0.0,-0.0
respecté,word,0,0,0,3,3,0.0,0.0,0.0,1.0,-0.0,-0.0
responsables,word,0,0,0,3,3,0.0,0.0,0.0,1.0,-0.0,-0.0
retrouver,lemma,0,0,0,5,5,0.0,0.0,0.0,1.0,-0.0,-0.0
revendication,lemma,4,0,0,0,4,1.0,0.0,0.0,0.0,-0.0,-0.0
revendications,word,4,0,0,0,4,1.0,0.0,0.0,0.0,-0.0,-0.0
revendique,lemma,3,0,0,0,3,1.0,0.0,0.0,0.0,-0.0,-0.0
revendique,word,3,0,0,0,3,1.0,0.0,0.0,0.0,-0.0,-0.0
revenir,lemma,0,0,0,3,3,0.0,0.0,0.0,1.0,-0.0,-0.0
reçu,word,0,0,0,10,10,0.0,0.0,0.0,1.0,-0.0,-0.0
fière,lemma,0,3,0,0,3,0.0,1.0,0.0,0.0,-0.0,-0.0
trésor,word,0,0,0,3,3,0.0,0.0,0.0,1.0,-0.0,-0.0
tuer,word,0,0,0,13,13,0.0,0.0,0.0,1.0,-0.0,-0.0
tués,word,0,0,0,10,10,0.0,0.0,0.0,1.0,-0.0,-0.0
tâche,lemma,0,0,0,3,3,0.0,0.0,0.0,1.0,-0.0,-0.0
téléphone,lemma,0,0,0,3,3,0.0,0.0,0.0,1.0,-0.0,-0.0
alarmant,lemma,0,4,0,0,4,0.0,1.0,0.0,0.0,-0.0,-0.0
alvin,lemma,0,0,0,6,6,0.0,0.0,0.0,1.0,-0.0,-0.0
alvin,word,0,0,0,6,6,0.0,0.0,0.0,1.0,-0.0,-0.0
ami,lemma,0,0,0,6,6,0.0,0.0,0.0,1.0,-0.0,-0.0
amis,word,0,0,0,3,3,0.0,0.0,0.0,1.0,-0.0,-0.0
amour,word,0,0,0,6,6,0.0,0.0,0.0,1.0,-0.0,-0.0
souriant,word,4,0,0,0,4,1.0,0.0,0.0,0.0,-0.0,-0.0
unique,lemma,0,0,0,5,5,0.0,0.0,0.0,1.0,-0.0,-0.0
unique,word,0,0,0,8,8,0.0,0.0,0.0,1.0,-0.0,-0.0
vache,lemma,0,0,0,3,3,0.0,0.0,0.0,1.0,-0.0,-0.0
vache,word,0,0,0,3,3,0.0,0.0,0.0,1.0,-0.0,-0.0
venger,lemma,7,0,0,0,7,1.0,0.0,0.0,0.0,-0.0,-0.0
venger,word,7,0,0,0,7,1.0,0.0,0.0,0.0,-0.0,-0.0
vexe,word,0,4,0,0,4,0.0,1.0,0.0,0.0,-0.0,-0.0
vexé,lemma,0,4,0,0,4,0.0,1.0,0.0,0.0,-0.0,-0.0
vexé,word,0,4,0,0,4,0.0,1.0,0.0,0.0,-0.0,-0.0
victime,word,0,0,0,35,35,0.0,0.0,0.0,1.0,-0.0,-0.0
effrayant,word,0,3,0,0,3,0.0,1.0,0.0,0.0,-0.0,-0.0
effrayants,word,0,5,0,0,5,0.0,1.0,0.0,0.0,-0.0,-0.0
téléphone,word,0,0,0,3,3,0.0,0.0,0.0,1.0,-0.0,-0.0
emploi,lemma,0,0,0,3,3,0.0,0.0,0.0,1.0,-0.0,-0.0
emprisonner,lemma,0,0,0,4,4,0.0,0.0,0.0,1.0,-0.0,-0.0
emprisonné,word,0,0,0,4,4,0.0,0.0,0.0,1.0,-0.0,-0.0
enfermés,word,0,0,0,4,4,0.0,0.0,0.0,1.0,-0.0,-0.0
enfin,lemma,0,0,3,0,3,0.0,0.0,1.0,0.0,-0.0,-0.0
angoisse,lemma,0,6,0,0,6,0.0,1.0,0.0,0.0,-0.0,-0.0
angoisse,word,0,4,0,0,4,0.0,1.0,0.0,0.0,-0.0,-0.0
toit,lemma,0,0,0,3,3,0.0,0.0,0.0,1.0,-0.0,-0.0
toit,word,0,0,0,3,3,0.0,0.0,0.0,1.0,-0.0,-0.0
tomber,lemma,0,0,0,4,4,0.0,0.0,0.0,1.0,-0.0,-0.0
tomber,word,0,0,0,4,4,0.0,0.0,0.0,1.0,-0.0,-0.0
torturer,lemma,0,0,0,4,4,0.0,0.0,0.0,1.0,-0.0,-0.0
trésor,lemma,0,0,0,3,3,0.0,0.0,0.0,1.0,-0.0,-0.0
travers,lemma,0,0,0,3,3,0.0,0.0,0.0,1.0,-0.0,-0.0
travers,word,0,0,0,3,3,0.0,0.0,0.0,1.0,-0.0,-0.0
tribunal,lemma,0,0,0,3,3,0.0,0.0,0.0,1.0,-0.0,-0.0
tribunal,word,0,0,0,3,3,0.0,0.0,0.0,1.0,-0.0,-0.0
tristes,word,0,7,0,0,7,0.0,1.0,0.0,0.0,-0.0,-0.0
tristesse,lemma,0,10,0,0,10,0.0,1.0,0.0,0.0,-0.0,-0.0
tristesse,word,0,10,0,0,10,0.0,1.0,0.0,0.0,-0.0,-0.0
trois,lemma,0,0,0,3,3,0.0,0.0,0.0,1.0,-0.0,-0.0
trois,word,0,0,0,3,3,0.0,0.0,0.0,1.0,-0.0,-0.0
troupe,lemma,0,0,0,9,9,0.0,0.0,0.0,1.0,-0.0,-0.0
troupe,word,0,0,0,9,9,0.0,0.0,0.0,1.0,-0.0,-0.0
truquer,lemma,0,0,0,4,4,0.0,0.0,0.0,1.0,-0.0,-0.0
torturés,word,0,0,0,3,3,0.0,0.0,0.0,1.0,-0.0,-0.0
admirer,word,0,3,0,0,3,0.0,1.0,0.0,0.0,-0.0,-0.0
étonnante,word,0,10,0,0,10,0.0,1.0,0.0,0.0,-0.0,-0.0
étonnement,lemma,0,4,0,0,4,0.0,1.0,0.0,0.0,-0.0,-0.0
étonnement,word,0,4,0,0,4,0.0,1.0,0.0,0.0,-0.0,-0.0
étonnés,word,0,5,0,0,5,0.0,1.0,0.0,0.0,-0.0,-0.0
dîner,lemma,0,0,0,3,3,0.0,0.0,0.0,1.0,-0.0,-0.0
dîner,word,0,0,0,3,3,0.0,0.0,0.0,1.0,-0.0,-0.0
eau,lemma,0,0,0,4,4,0.0,0.0,0.0,1.0,-0.0,-0.0
effondrement,word,0,0,0,3,3,0.0,0.0,0.0,1.0,-0.0,-0.0
effondrés,word,0,0,0,3,3,0.0,0.0,0.0,1.0,-0.0,-0.0
effrayant,lemma,0,6,0,0,6,0.0,1.0,0.0,0.0,-0.0,-0.0
affrontement,lemma,4,0,0,0,4,1.0,0.0,0.0,0.0,-0.0,-0.0
eh,lemma,0,0,4,0,4,0.0,0.0,1.0,0.0,-0.0,-0.0
affrontés,word,3,0,0,0,3,1.0,0.0,0.0,0.0,-0.0,-0.0
agresser,lemma,0,0,0,8,8,0.0,0.0,0.0,1.0,-0.0,-0.0
agressions,word,0,0,0,6,6,0.0,0.0,0.0,1.0,-0.0,-0.0
voler,lemma,0,0,0,8,8,0.0,0.0,0.0,1.0,-0.0,-0.0
voler,word,0,0,0,3,3,0.0,0.0,0.0,1.0,-0.0,-0.0
volé,word,0,0,0,4,4,0.0,0.0,0.0,1.0,-0.0,-0.0
vécue,word,0,0,0,4,4,0.0,0.0,0.0,1.0,-0.0,-0.0
émotion,word,0,0,0,3,3,0.0,0.0,0.0,1.0,-0.0,-0.0
ému,lemma,0,3,0,0,3,0.0,1.0,0.0,0.0,-0.0,-0.0
accident,lemma,0,0,0,4,4,0.0,0.0,0.0,1.0,-0.0,-0.0
"""",punctuation,0,0,3,0,3,0.0,0.0,1.0,0.0,-0.0,-0.0
éviter,lemma,0,0,0,3,3,0.0,0.0,0.0,1.0,-0.0,-0.0
affrontements,word,4,0,0,0,4,1.0,0.0,0.0,0.0,-0.0,-0.0
désespérer,lemma,0,3,0,0,3,0.0,1.0,0.0,0.0,-0.0,-0.0
détruite,lemma,0,0,0,4,4,0.0,0.0,0.0,1.0,-0.0,-0.0
détruites,word,0,0,0,6,6,0.0,0.0,0.0,1.0,-0.0,-0.0
déçu,lemma,0,5,0,0,5,0.0,1.0,0.0,0.0,-0.0,-0.0
déçu,word,0,5,0,0,5,0.0,1.0,0.0,0.0,-0.0,-0.0
victoire,lemma,0,0,0,17,17,0.0,0.0,0.0,1.0,-0.0,-0.0
victoire,word,0,0,0,18,18,0.0,0.0,0.0,1.0,-0.0,-0.0
violent,word,0,0,0,9,9,0.0,0.0,0.0,1.0,-0.0,-0.0
agressé,lemma,0,0,0,4,4,0.0,0.0,0.0,1.0,-0.0,-0.0
agressées,word,0,0,0,8,8,0.0,0.0,0.0,1.0,-0.0,-0.0
agressés,word,0,0,0,4,4,0.0,0.0,0.0,1.0,-0.0,-0.0
ah,lemma,0,0,5,0,5,0.0,0.0,1.0,0.0,-0.0,-0.0
admirer,lemma,0,6,0,0,6,0.0,1.0,0.0,0.0,-0.0,-0.0
aide,lemma,0,0,0,3,3,0.0,0.0,0.0,1.0,-0.0,-0.0
aider,lemma,0,0,0,3,3,0.0,0.0,0.0,1.0,-0.0,-0.0
ailey,lemma,0,0,0,6,6,0.0,0.0,0.0,1.0,-0.0,-0.0
ailey,word,0,0,0,6,6,0.0,0.0,0.0,1.0,-0.0,-0.0
ailleurs,lemma,0,0,5,0,5,0.0,0.0,1.0,0.0,-0.0,-0.0
ailleurs,word,0,0,4,0,4,0.0,0.0,1.0,0.0,-0.0,-0.0
aimer,word,0,0,0,3,3,0.0,0.0,0.0,1.0,-0.0,-0.0
violente,word,0,0,0,3,3,0.0,0.0,0.0,1.0,-0.0,-0.0
violents,word,0,0,0,4,4,0.0,0.0,0.0,1.0,-0.0,-0.0
vivent,word,0,0,0,4,4,0.0,0.0,0.0,1.0,-0.0,-0.0
voient,word,0,0,0,3,3,0.0,0.0,0.0,1.0,-0.0,-0.0
voit,word,0,0,0,3,3,0.0,0.0,0.0,1.0,-0.0,-0.0
ah,word,0,0,5,0,5,0.0,0.0,1.0,0.0,-0.0,-0.0
stresser,lemma,0,4,0,0,4,0.0,1.0,0.0,0.0,-0.0,-0.0
stressé,word,0,3,0,0,3,0.0,1.0,0.0,0.0,-0.0,-0.0
stupide,word,0,0,0,3,3,0.0,0.0,0.0,1.0,-0.0,-0.0
subissent,word,0,3,0,0,3,0.0,1.0,0.0,0.0,-0.0,-0.0
succès,lemma,0,0,0,3,3,0.0,0.0,0.0,1.0,-0.0,-0.0
succès,word,0,0,0,3,3,0.0,0.0,0.0,1.0,-0.0,-0.0
attaque,word,0,0,0,4,4,0.0,0.0,0.0,1.0,-0.0,-0.0
attaquer,word,0,0,0,6,6,0.0,0.0,0.0,1.0,-0.0,-0.0
suicider,lemma,3,0,0,0,3,1.0,0.0,0.0,0.0,-0.0,-0.0
suicider,word,3,0,0,0,3,1.0,0.0,0.0,0.0,-0.0,-0.0
suivie,lemma,0,0,0,4,4,0.0,0.0,0.0,1.0,-0.0,-0.0
suivie,word,0,0,0,4,4,0.0,0.0,0.0,1.0,-0.0,-0.0
embêtant,word,0,4,0,0,4,0.0,1.0,0.0,0.0,-0.0,-0.0
surprenant,lemma,0,9,0,0,9,0.0,1.0,0.0,0.0,-0.0,-0.0
surprenant,word,0,4,0,0,4,0.0,1.0,0.0,0.0,-0.0,-0.0
surprenante,word,0,4,0,0,4,0.0,1.0,0.0,0.0,-0.0,-0.0
surpris,lemma,0,16,0,0,16,0.0,1.0,0.0,0.0,-0.0,-0.0
surpris,word,0,11,0,0,11,0.0,1.0,0.0,0.0,-0.0,-0.0
dénoncer,word,8,0,0,0,8,1.0,0.0,0.0,0.0,-0.0,-0.0
dénonçaient,word,4,0,0,0,4,1.0,0.0,0.0,0.0,-0.0,-0.0
déposer,lemma,4,0,0,0,4,1.0,0.0,0.0,0.0,-0.0,-0.0
dépression,lemma,0,5,0,0,5,0.0,1.0,0.0,0.0,-0.0,-0.0
dépression,word,0,4,0,0,4,0.0,1.0,0.0,0.0,-0.0,-0.0
espionner,lemma,0,0,0,5,5,0.0,0.0,0.0,1.0,-0.0,-0.0
espionner,word,0,0,0,4,4,0.0,0.0,0.0,1.0,-0.0,-0.0
supporter,lemma,0,0,0,7,7,0.0,0.0,0.0,1.0,-0.0,-0.0
exploser,word,0,0,0,3,3,0.0,0.0,0.0,1.0,-0.0,-0.0
explosion,word,0,0,0,3,3,0.0,0.0,0.0,1.0,-0.0,-0.0
extraordinaire,lemma,0,3,0,0,3,0.0,1.0,0.0,0.0,-0.0,-0.0
facile,lemma,0,0,0,3,3,0.0,0.0,0.0,1.0,-0.0,-0.0
facile,word,0,0,0,4,4,0.0,0.0,0.0,1.0,-0.0,-0.0
facilement,lemma,0,0,0,3,3,0.0,0.0,0.0,1.0,-0.0,-0.0
facilement,word,0,0,0,3,3,0.0,0.0,0.0,1.0,-0.0,-0.0
faisait,word,0,0,0,3,3,0.0,0.0,0.0,1.0,-0.0,-0.0
fake,lemma,0,0,0,3,3,0.0,0.0,0.0,1.0,-0.0,-0.0
fake,word,0,0,0,3,3,0.0,0.0,0.0,1.0,-0.0,-0.0
falsifier,lemma,0,0,0,3,3,0.0,0.0,0.0,1.0,-0.0,-0.0
avouait,word,0,0,0,3,3,0.0,0.0,0.0,1.0,-0.0,-0.0
stop,word,0,0,7,0,7,0.0,0.0,1.0,0.0,-0.0,-0.0
aïe,lemma,0,0,3,0,3,0.0,0.0,1.0,0.0,-0.0,-0.0
aïe,word,0,0,3,0,3,0.0,0.0,1.0,0.0,-0.0,-0.0
souffrent,word,0,3,0,0,3,0.0,1.0,0.0,0.0,-0.0,-0.0
soupire,lemma,7,0,0,0,7,1.0,0.0,0.0,0.0,-0.0,-0.0
soupire,word,7,0,0,0,7,1.0,0.0,0.0,0.0,-0.0,-0.0
raison,word,0,0,0,3,3,0.0,0.0,0.0,1.0,-0.0,-0.0
spectaculaire,lemma,0,7,0,0,7,0.0,1.0,0.0,0.0,-0.0,-0.0
stage,lemma,0,0,0,4,4,0.0,0.0,0.0,1.0,-0.0,-0.0
stage,word,0,0,0,3,3,0.0,0.0,0.0,1.0,-0.0,-0.0
star,lemma,0,0,0,8,8,0.0,0.0,0.0,1.0,-0.0,-0.0
star,word,0,0,0,8,8,0.0,0.0,0.0,1.0,-0.0,-0.0
stop,lemma,0,0,7,0,7,0.0,0.0,1.0,0.0,-0.0,-0.0
avouer,lemma,0,0,0,4,4,0.0,0.0,0.0,1.0,-0.0,-0.0
enthousiasmer,lemma,0,3,0,0,3,0.0,1.0,0.0,0.0,-0.0,-0.0
envie,lemma,0,0,0,3,3,0.0,0.0,0.0,1.0,-0.0,-0.0
envie,word,0,0,0,3,3,0.0,0.0,0.0,1.0,-0.0,-0.0
dégoût,lemma,0,3,0,0,3,0.0,1.0,0.0,0.0,-0.0,-0.0
dégoût,word,0,3,0,0,3,0.0,1.0,0.0,0.0,-0.0,-0.0
dégoûter,lemma,0,3,0,0,3,0.0,1.0,0.0,0.0,-0.0,-0.0
dénonce,lemma,5,0,0,0,5,1.0,0.0,0.0,0.0,-0.0,-0.0
dénonce,word,5,0,0,0,5,1.0,0.0,0.0,0.0,-0.0,-0.0
dénoncent,word,6,0,0,0,6,1.0,0.0,0.0,0.0,-0.0,-0.0
tenter,lemma,3,0,0,0,3,1.0,0.0,0.0,0.0,-0.0,-0.0
terroriser,lemma,0,3,0,0,3,0.0,1.0,0.0,0.0,-0.0,-0.0
terrorisme,lemma,0,0,0,3,3,0.0,0.0,0.0,1.0,-0.0,-0.0
essayer,lemma,0,0,0,4,4,0.0,0.0,0.0,1.0,-0.0,-0.0
terroriste,lemma,0,0,0,7,7,0.0,0.0,0.0,1.0,-0.0,-0.0
terroristes,word,0,0,0,10,10,0.0,0.0,0.0,1.0,-0.0,-0.0
tg,lemma,0,0,22,0,22,0.0,0.0,1.0,0.0,-0.0,-0.0
tg,word,0,0,22,0,22,0.0,0.0,1.0,0.0,-0.0,-0.0
amusante,word,0,3,0,0,3,0.0,1.0,0.0,0.0,-0.0,-0.0
anglais,lemma,0,0,0,5,5,0.0,0.0,0.0,1.0,-0.0,-0.0
anglais,word,0,0,0,5,5,0.0,0.0,0.0,1.0,-0.0,-0.0
déçue,lemma,0,6,0,0,6,0.0,1.0,0.0,0.0,-0.0,-0.0
déçue,word,0,6,0,0,6,0.0,1.0,0.0,0.0,-0.0,-0.0
déçus,word,0,4,0,0,4,0.0,1.0,0.0,0.0,-0.0,-0.0
eh,word,0,0,4,0,4,0.0,0.0,1.0,0.0,-0.0,-0.0
embêtant,lemma,0,4,0,0,4,0.0,1.0,0.0,0.0,-0.0,-0.0
terrorisme,word,0,0,0,3,3,0.0,0.0,0.0,1.0,-0.0,-0.0
ete,lemma,0,0,4,0,4,0.0,0.0,1.0,0.0,-0.0,-0.0
etes,word,0,0,4,0,4,0.0,0.0,1.0,0.0,-0.0,-0.0
euro,lemma,0,0,0,4,4,0.0,0.0,0.0,1.0,-0.0,-0.0
surprises,word,0,5,0,0,5,0.0,1.0,0.0,0.0,-0.0,-0.0
surtout,lemma,0,0,4,0,4,0.0,0.0,1.0,0.0,-0.0,-0.0
surtout,word,0,0,4,0,4,0.0,0.0,1.0,0.0,-0.0,-0.0
sympa,lemma,0,4,0,0,4,0.0,1.0,0.0,0.0,-0.0,-0.0
sympa,word,0,3,0,0,3,0.0,1.0,0.0,0.0,-0.0,-0.0
sécheresse,lemma,0,0,0,6,6,0.0,0.0,0.0,1.0,-0.0,-0.0
sécheresse,word,0,0,0,6,6,0.0,0.0,0.0,1.0,-0.0,-0.0
sécurité,lemma,0,0,0,4,4,0.0,0.0,0.0,1.0,-0.0,-0.0
sécurité,word,0,0,0,5,5,0.0,0.0,0.0,1.0,-0.0,-0.0
ensemble,word,0,0,0,3,3,0.0,0.0,0.0,1.0,-0.0,-0.0
appelé,word,5,0,0,0,5,1.0,0.0,0.0,0.0,-0.0,-0.0
applaudi,lemma,4,0,0,0,4,1.0,0.0,0.0,0.0,-0.0,-0.0
applaudi,word,5,0,0,0,5,1.0,0.0,0.0,0.0,-0.0,-0.0
arabe,word,0,0,3,0,3,0.0,0.0,1.0,0.0,-0.0,-0.0
arme,lemma,0,0,0,4,4,0.0,0.0,0.0,1.0,-0.0,-0.0
arme,word,0,0,0,7,7,0.0,0.0,0.0,1.0,-0.0,-0.0
armes,word,0,0,0,3,3,0.0,0.0,0.0,1.0,-0.0,-0.0
armé,word,0,0,0,4,4,0.0,0.0,0.0,1.0,-0.0,-0.0
tempête,lemma,0,0,0,3,3,0.0,0.0,0.0,1.0,-0.0,-0.0
tempête,word,0,0,0,3,3,0.0,0.0,0.0,1.0,-0.0,-0.0
tendue,word,0,4,0,0,4,0.0,1.0,0.0,0.0,-0.0,-0.0
enfin,word,0,0,3,0,3,0.0,0.0,1.0,0.0,-0.0,-0.0
appeler,lemma,6,0,0,0,6,1.0,0.0,0.0,0.0,-0.0,-0.0
craindre,lemma,0,15,0,0,15,0.0,1.0,0.0,0.0,-0.0,-0.0
craindre,word,0,4,0,0,4,0.0,1.0,0.0,0.0,-0.0,-0.0
meilleur,lemma,0,0,0,16,16,0.0,0.0,0.0,1.0,-0.0,-0.0
meilleur,word,0,0,0,12,12,0.0,0.0,0.0,1.0,-0.0,-0.0
meilleure,word,0,0,0,7,7,0.0,0.0,0.0,1.0,-0.0,-0.0
menacée,word,0,3,0,0,3,0.0,1.0,0.0,0.0,-0.0,-0.0
menacés,word,0,6,0,0,6,0.0,1.0,0.0,0.0,-0.0,-0.0
menaçante,lemma,0,4,0,0,4,0.0,1.0,0.0,0.0,-0.0,-0.0
menaçante,word,0,4,0,0,4,0.0,1.0,0.0,0.0,-0.0,-0.0
mentir,lemma,0,0,0,4,4,0.0,0.0,0.0,1.0,-0.0,-0.0
mentir,word,0,0,0,4,4,0.0,0.0,0.0,1.0,-0.0,-0.0
préoccupations,word,0,3,0,0,3,0.0,1.0,0.0,0.0,-0.0,-0.0
merde,lemma,0,0,14,0,14,0.0,0.0,1.0,0.0,-0.0,-0.0
merde,word,0,0,16,0,16,0.0,0.0,1.0,0.0,-0.0,-0.0
mere,lemma,0,0,13,0,13,0.0,0.0,1.0,0.0,-0.0,-0.0
mere,word,0,0,11,0,11,0.0,0.0,1.0,0.0,-0.0,-0.0
meurent,word,0,0,0,8,8,0.0,0.0,0.0,1.0,-0.0,-0.0
minable,lemma,0,3,0,0,3,0.0,1.0,0.0,0.0,-0.0,-0.0
minable,word,0,3,0,0,3,0.0,1.0,0.0,0.0,-0.0,-0.0
mobilisent,word,3,0,0,0,3,1.0,0.0,0.0,0.0,-0.0,-0.0
mobiliser,lemma,4,0,0,0,4,1.0,0.0,0.0,0.0,-0.0,-0.0
corps,lemma,0,0,0,3,3,0.0,0.0,0.0,1.0,-0.0,-0.0
corps,word,0,0,0,3,3,0.0,0.0,0.0,1.0,-0.0,-0.0
corruption,lemma,0,0,0,5,5,0.0,0.0,0.0,1.0,-0.0,-0.0
merd,lemma,0,0,4,0,4,0.0,0.0,1.0,0.0,-0.0,-0.0
manifesté,lemma,15,0,0,0,15,1.0,0.0,0.0,0.0,-0.0,-0.0
manifesté,word,16,0,0,0,16,1.0,0.0,0.0,0.0,-0.0,-0.0
manquer,lemma,0,0,0,5,5,0.0,0.0,0.0,1.0,-0.0,-0.0
mariage,lemma,0,0,0,5,5,0.0,0.0,0.0,1.0,-0.0,-0.0
mariage,word,0,0,0,7,7,0.0,0.0,0.0,1.0,-0.0,-0.0
marier,lemma,0,0,0,5,5,0.0,0.0,0.0,1.0,-0.0,-0.0
mariés,word,0,0,0,3,3,0.0,0.0,0.0,1.0,-0.0,-0.0
marrantes,word,0,3,0,0,3,0.0,1.0,0.0,0.0,-0.0,-0.0
mauvais,word,0,0,0,10,10,0.0,0.0,0.0,1.0,-0.0,-0.0
maîtrise,lemma,0,0,0,3,3,0.0,0.0,0.0,1.0,-0.0,-0.0
maîtrise,word,0,0,0,3,3,0.0,0.0,0.0,1.0,-0.0,-0.0
coupe,word,0,0,0,3,3,0.0,0.0,0.0,1.0,-0.0,-0.0
craignaient,word,0,3,0,0,3,0.0,1.0,0.0,0.0,-0.0,-0.0
cour,word,0,0,0,3,3,0.0,0.0,0.0,1.0,-0.0,-0.0
craignaient,lemma,0,3,0,0,3,0.0,1.0,0.0,0.0,-0.0,-0.0
degouter,lemma,0,4,0,0,4,0.0,1.0,0.0,0.0,-0.0,-0.0
incroyables,word,0,3,0,0,3,0.0,1.0,0.0,0.0,-0.0,-0.0
injustice,lemma,0,0,0,12,12,0.0,0.0,0.0,1.0,-0.0,-0.0
injustice,word,0,0,0,7,7,0.0,0.0,0.0,1.0,-0.0,-0.0
injustices,word,0,0,0,5,5,0.0,0.0,0.0,1.0,-0.0,-0.0
inondations,word,0,0,0,5,5,0.0,0.0,0.0,1.0,-0.0,-0.0
inquiet,word,0,6,0,0,6,0.0,1.0,0.0,0.0,-0.0,-0.0
inquiets,word,0,14,0,0,14,0.0,1.0,0.0,0.0,-0.0,-0.0
inquiètent,word,0,6,0,0,6,0.0,1.0,0.0,0.0,-0.0,-0.0
inquiétant,word,0,6,0,0,6,0.0,1.0,0.0,0.0,-0.0,-0.0
cour,lemma,0,0,0,3,3,0.0,0.0,0.0,1.0,-0.0,-0.0
mécontentements,word,0,3,0,0,3,0.0,1.0,0.0,0.0,-0.0,-0.0
mécontents,word,0,8,0,0,8,0.0,1.0,0.0,0.0,-0.0,-0.0
médaill,lemma,0,0,0,6,6,0.0,0.0,0.0,1.0,-0.0,-0.0
médaille,lemma,0,0,0,6,6,0.0,0.0,0.0,1.0,-0.0,-0.0
médaille,word,0,0,0,10,10,0.0,0.0,0.0,1.0,-0.0,-0.0
médailles,word,0,0,0,20,20,0.0,0.0,0.0,1.0,-0.0,-0.0
héros,lemma,0,0,0,6,6,0.0,0.0,0.0,1.0,-0.0,-0.0
héros,word,0,0,0,6,6,0.0,0.0,0.0,1.0,-0.0,-0.0
icône,lemma,0,0,0,3,3,0.0,0.0,0.0,1.0,-0.0,-0.0
icône,word,0,0,0,3,3,0.0,0.0,0.0,1.0,-0.0,-0.0
illégal,lemma,0,0,0,3,3,0.0,0.0,0.0,1.0,-0.0,-0.0
corruption,word,0,0,0,5,5,0.0,0.0,0.0,1.0,-0.0,-0.0
important,word,0,0,0,4,4,0.0,0.0,0.0,1.0,-0.0,-0.0
impos,lemma,0,0,0,5,5,0.0,0.0,0.0,1.0,-0.0,-0.0
impose,word,0,0,0,5,5,0.0,0.0,0.0,1.0,-0.0,-0.0
imposer,lemma,0,0,0,6,6,0.0,0.0,0.0,1.0,-0.0,-0.0
imposer,word,0,0,0,3,3,0.0,0.0,0.0,1.0,-0.0,-0.0
méfiance,lemma,0,5,0,0,5,0.0,1.0,0.0,0.0,-0.0,-0.0
méfiance,word,0,5,0,0,5,0.0,1.0,0.0,0.0,-0.0,-0.0
méfier,lemma,7,0,0,0,7,1.0,0.0,0.0,0.0,-0.0,-0.0
méfier,word,3,0,0,0,3,1.0,0.0,0.0,0.0,-0.0,-0.0
mérite,word,0,0,0,3,3,0.0,0.0,0.0,1.0,-0.0,-0.0
n'ose,word,0,0,0,3,3,0.0,0.0,0.0,1.0,-0.0,-0.0
national,lemma,0,0,0,3,3,0.0,0.0,0.0,1.0,-0.0,-0.0
important,lemma,0,0,0,5,5,0.0,0.0,0.0,1.0,-0.0,-0.0
couille,lemma,0,0,6,0,6,0.0,0.0,1.0,0.0,-0.0,-0.0
couilles,word,0,0,6,0,6,0.0,0.0,1.0,0.0,-0.0,-0.0
impressionner,word,0,3,0,0,3,0.0,1.0,0.0,0.0,-0.0,-0.0
impressionné,word,0,4,0,0,4,0.0,1.0,0.0,0.0,-0.0,-0.0
dangereuses,word,0,11,0,0,11,0.0,1.0,0.0,0.0,-0.0,-0.0
dangereux,lemma,0,13,0,0,13,0.0,1.0,0.0,0.0,-0.0,-0.0
danse,lemma,0,0,0,6,6,0.0,0.0,0.0,1.0,-0.0,-0.0
danse,word,0,0,0,6,6,0.0,0.0,0.0,1.0,-0.0,-0.0
danseur,lemma,0,0,0,10,10,0.0,0.0,0.0,1.0,-0.0,-0.0
danseur,word,0,0,0,3,3,0.0,0.0,0.0,1.0,-0.0,-0.0
danseurs,word,0,0,0,3,3,0.0,0.0,0.0,1.0,-0.0,-0.0
danseuse,word,0,0,0,5,5,0.0,0.0,0.0,1.0,-0.0,-0.0
mécontentement,word,0,15,0,0,15,0.0,1.0,0.0,0.0,-0.0,-0.0
coupe,lemma,0,0,0,3,3,0.0,0.0,0.0,1.0,-0.0,-0.0
mondial,lemma,0,0,0,3,3,0.0,0.0,0.0,1.0,-0.0,-0.0
mondiale,word,0,0,0,3,3,0.0,0.0,0.0,1.0,-0.0,-0.0
mortes,word,0,0,0,4,4,0.0,0.0,0.0,1.0,-0.0,-0.0
mouvement,lemma,6,0,0,0,6,1.0,0.0,0.0,0.0,-0.0,-0.0
mouvement,word,5,0,0,0,5,1.0,0.0,0.0,0.0,-0.0,-0.0
mystérieux,lemma,0,0,0,3,3,0.0,0.0,0.0,1.0,-0.0,-0.0
mystérieux,word,0,0,0,3,3,0.0,0.0,0.0,1.0,-0.0,-0.0
mère,lemma,0,0,3,0,3,0.0,0.0,1.0,0.0,-0.0,-0.0
mère,word,0,0,3,0,3,0.0,0.0,1.0,0.0,-0.0,-0.0
mécontent,lemma,0,10,0,0,10,0.0,1.0,0.0,0.0,-0.0,-0.0
mécontentement,lemma,0,18,0,0,18,0.0,1.0,0.0,0.0,-0.0,-0.0
coup,word,0,0,0,8,8,0.0,0.0,0.0,1.0,-0.0,-0.0
jeux,word,0,0,0,3,3,0.0,0.0,0.0,1.0,-0.0,-0.0
joindre,lemma,3,0,0,0,3,1.0,0.0,0.0,0.0,-0.0,-0.0
joué,word,0,0,0,3,3,0.0,0.0,0.0,1.0,-0.0,-0.0
dangereuse,lemma,0,11,0,0,11,0.0,1.0,0.0,0.0,-0.0,-0.0
dangereuse,word,0,13,0,0,13,0.0,1.0,0.0,0.0,-0.0,-0.0
inédit,lemma,0,0,0,5,5,0.0,0.0,0.0,1.0,-0.0,-0.0
inédite,word,0,0,0,4,4,0.0,0.0,0.0,1.0,-0.0,-0.0
inégalité,lemma,0,0,0,6,6,0.0,0.0,0.0,1.0,-0.0,-0.0
inégalités,word,0,0,0,6,6,0.0,0.0,0.0,1.0,-0.0,-0.0
j'aimerais,word,0,0,3,0,3,0.0,0.0,1.0,0.0,-0.0,-0.0
jaloux,lemma,0,7,0,0,7,0.0,1.0,0.0,0.0,-0.0,-0.0
manifester,word,15,0,0,0,15,1.0,0.0,0.0,0.0,-0.0,-0.0
critiques,word,6,0,0,0,6,1.0,0.0,0.0,0.0,-0.0,-0.0
joyeux,lemma,0,4,0,0,4,0.0,1.0,0.0,0.0,-0.0,-0.0
joyeux,word,0,3,0,0,3,0.0,1.0,0.0,0.0,-0.0,-0.0
julien,lemma,0,0,7,0,7,0.0,0.0,1.0,0.0,-0.0,-0.0
julien,word,0,0,7,0,7,0.0,0.0,1.0,0.0,-0.0,-0.0
l'occasion,word,0,0,0,5,5,0.0,0.0,0.0,1.0,-0.0,-0.0
l'école,word,0,0,0,4,4,0.0,0.0,0.0,1.0,-0.0,-0.0
craint,word,0,8,0,0,8,0.0,1.0,0.0,0.0,-0.0,-0.0
crasseuse,lemma,0,0,6,0,6,0.0,0.0,1.0,0.0,-0.0,-0.0
crasseuse,word,0,0,7,0,7,0.0,0.0,1.0,0.0,-0.0,-0.0
crasseux,lemma,0,0,3,0,3,0.0,0.0,1.0,0.0,-0.0,-0.0
cri,lemma,4,0,0,0,4,1.0,0.0,0.0,0.0,-0.0,-0.0
critiquer,word,8,0,0,0,8,1.0,0.0,0.0,0.0,-0.0,-0.0
acclamer,lemma,4,0,0,0,4,1.0,0.0,0.0,0.0,-0.0,-0.0
accord,word,0,0,0,12,12,0.0,0.0,0.0,1.0,-0.0,-0.0
accus,lemma,19,0,0,0,19,1.0,0.0,0.0,0.0,-0.0,-0.0
accusait,word,4,0,0,0,4,1.0,0.0,0.0,0.0,-0.0,-0.0
accusant,word,4,0,0,0,4,1.0,0.0,0.0,0.0,-0.0,-0.0
accuse,word,19,0,0,0,19,1.0,0.0,0.0,0.0,-0.0,-0.0
accusent,word,21,0,0,0,21,1.0,0.0,0.0,0.0,-0.0,-0.0
accusés,word,6,0,0,0,6,1.0,0.0,0.0,0.0,-0.0,-0.0
émue,word,0,3,0,0,3,0.0,1.0,0.0,0.0,-0.0,-0.0
énerver,lemma,0,4,0,0,4,0.0,1.0,0.0,0.0,-0.0,-0.0
état,lemma,0,0,0,3,3,0.0,0.0,0.0,1.0,-0.0,-0.0
échec,lemma,0,0,0,3,3,0.0,0.0,0.0,1.0,-0.0,-0.0
jeu,lemma,0,0,0,3,3,0.0,0.0,0.0,1.0,-0.0,-0.0
école,lemma,0,0,0,8,8,0.0,0.0,0.0,1.0,-0.0,-0.0
écrier,lemma,4,0,0,0,4,1.0,0.0,0.0,0.0,-0.0,-0.0
éliminer,lemma,0,0,0,3,3,0.0,0.0,0.0,1.0,-0.0,-0.0
élire,lemma,0,0,0,4,4,0.0,0.0,0.0,1.0,-0.0,-0.0
élue,word,0,0,0,4,4,0.0,0.0,0.0,1.0,-0.0,-0.0
émotion,lemma,0,0,0,4,4,0.0,0.0,0.0,1.0,-0.0,-0.0
critiquée,word,12,0,0,0,12,1.0,0.0,0.0,0.0,-0.0,-0.0
critiqués,word,6,0,0,0,6,1.0,0.0,0.0,0.0,-0.0,-0.0
croisière,lemma,0,0,0,4,4,0.0,0.0,0.0,1.0,-0.0,-0.0
croisière,word,0,0,0,4,4,0.0,0.0,0.0,1.0,-0.0,-0.0
cul,lemma,0,0,3,0,3,0.0,0.0,1.0,0.0,-0.0,-0.0
jaloux,word,0,5,0,0,5,0.0,1.0,0.0,0.0,-0.0,-0.0
échec,word,0,0,0,3,3,0.0,0.0,0.0,1.0,-0.0,-0.0
malgré,lemma,0,0,4,0,4,0.0,0.0,1.0,0.0,-0.0,-0.0
malheureux,lemma,0,3,0,0,3,0.0,1.0,0.0,0.0,-0.0,-0.0
maltraiter,lemma,0,0,0,3,3,0.0,0.0,0.0,1.0,-0.0,-0.0
maltraitées,word,0,0,0,3,3,0.0,0.0,0.0,1.0,-0.0,-0.0
manger,word,0,0,0,4,4,0.0,0.0,0.0,1.0,-0.0,-0.0
manifestaient,word,3,0,0,0,3,1.0,0.0,0.0,0.0,-0.0,-0.0
inquiétante,lemma,0,5,0,0,5,0.0,1.0,0.0,0.0,-0.0,-0.0
inquiétantes,word,0,3,0,0,3,0.0,1.0,0.0,0.0,-0.0,-0.0
inquiéter,lemma,0,24,0,0,24,0.0,1.0,0.0,0.0,-0.0,-0.0
inquiétude,lemma,0,11,0,0,11,0.0,1.0,0.0,0.0,-0.0,-0.0
inquiétude,word,0,5,0,0,5,0.0,1.0,0.0,0.0,-0.0,-0.0
crie,lemma,3,0,0,0,3,1.0,0.0,0.0,0.0,-0.0,-0.0
insiste,word,3,0,0,0,3,1.0,0.0,0.0,0.0,-0.0,-0.0
insister,lemma,3,0,0,0,3,1.0,0.0,0.0,0.0,-0.0,-0.0
insolite,word,0,4,0,0,4,0.0,1.0,0.0,0.0,-0.0,-0.0
inspirer,lemma,0,0,0,4,4,0.0,0.0,0.0,1.0,-0.0,-0.0
cul,word,0,0,3,0,3,0.0,0.0,1.0,0.0,-0.0,-0.0
cyclones,word,0,0,0,4,4,0.0,0.0,0.0,1.0,-0.0,-0.0
d'or,word,0,0,0,4,4,0.0,0.0,0.0,1.0,-0.0,-0.0
manifeste,lemma,4,0,0,0,4,1.0,0.0,0.0,0.0,-0.0,-0.0
manifeste,word,4,0,0,0,4,1.0,0.0,0.0,0.0,-0.0,-0.0
manifestent,lemma,15,0,0,0,15,1.0,0.0,0.0,0.0,-0.0,-0.0
manifestent,word,15,0,0,0,15,1.0,0.0,0.0,0.0,-0.0,-0.0
manifester,lemma,20,0,0,0,20,1.0,0.0,0.0,0.0,-0.0,-0.0
inquiétudes,word,0,6,0,0,6,0.0,1.0,0.0,0.0,-0.0,-0.0
crient,word,3,0,0,0,3,1.0,0.0,0.0,0.0,-0.0,-0.0
cris,word,3,0,0,0,3,1.0,0.0,0.0,0.0,-0.0,-0.0
crise,lemma,0,0,0,4,4,0.0,0.0,0.0,1.0,-0.0,-0.0
crise,word,0,0,0,4,4,0.0,0.0,0.0,1.0,-0.0,-0.0
critiquent,word,10,0,0,0,10,1.0,0.0,0.0,0.0,-0.0,-0.0
lancer,lemma,3,0,0,0,3,1.0,0.0,0.0,0.0,-0.0,-0.0
lancé,word,3,0,0,0,3,1.0,0.0,0.0,0.0,-0.0,-0.0
larme,lemma,7,0,0,0,7,1.0,0.0,0.0,0.0,-0.0,-0.0
larmes,word,7,0,0,0,7,1.0,0.0,0.0,0.0,-0.0,-0.0
lesbiennes,word,0,0,3,0,3,0.0,0.0,1.0,0.0,-0.0,-0.0
lever,lemma,5,0,0,0,5,1.0,0.0,0.0,0.0,-0.0,-0.0
liberté,lemma,0,0,0,3,3,0.0,0.0,0.0,1.0,-0.0,-0.0
maladies,word,0,0,0,4,4,0.0,0.0,0.0,1.0,-0.0,-0.0
longtemps,lemma,0,0,0,4,4,0.0,0.0,0.0,1.0,-0.0,-0.0
longtemps,word,0,0,0,4,4,0.0,0.0,0.0,1.0,-0.0,-0.0
lutte,lemma,5,0,0,0,5,1.0,0.0,0.0,0.0,-0.0,-0.0
lutte,word,5,0,0,0,5,1.0,0.0,0.0,0.0,-0.0,-0.0
lève,word,4,0,0,0,4,1.0,0.0,0.0,0.0,-0.0,-0.0
légend,lemma,0,0,0,3,3,0.0,0.0,0.0,1.0,-0.0,-0.0
légende,word,0,0,0,3,3,0.0,0.0,0.0,1.0,-0.0,-0.0
magique,lemma,0,4,0,0,4,0.0,1.0,0.0,0.0,-0.0,-0.0
magique,word,0,3,0,0,3,0.0,1.0,0.0,0.0,-0.0,-0.0
malades,word,0,0,0,3,3,0.0,0.0,0.0,1.0,-0.0,-0.0
maladie,lemma,0,0,0,3,3,0.0,0.0,0.0,1.0,-0.0,-0.0
maladie,word,0,0,0,4,4,0.0,0.0,0.0,1.0,-0.0,-0.0
liberté,word,0,0,0,3,3,0.0,0.0,0.0,1.0,-0.0,-0.0
plaisante,word,0,7,0,0,7,0.0,1.0,0.0,0.0,-0.0,-0.0
pleurant,word,5,0,0,0,5,1.0,0.0,0.0,0.0,-0.0,-0.0
pleure,word,5,0,0,0,5,1.0,0.0,0.0,0.0,-0.0,-0.0
pleuré,word,11,0,0,0,11,1.0,0.0,0.0,0.0,-0.0,-0.0
pollution,lemma,0,0,0,3,3,0.0,0.0,0.0,1.0,-0.0,-0.0
pollution,word,0,0,0,5,5,0.0,0.0,0.0,1.0,-0.0,-0.0
porté,word,4,0,0,0,4,1.0,0.0,0.0,0.0,-0.0,-0.0
cadeal,lemma,0,0,0,3,3,0.0,0.0,0.0,1.0,-0.0,-0.0
fâchés,word,0,5,0,0,5,0.0,1.0,0.0,0.0,-0.0,-0.0
gagnent,word,0,0,0,4,4,0.0,0.0,0.0,1.0,-0.0,-0.0
gagner,word,0,0,0,9,9,0.0,0.0,0.0,1.0,-0.0,-0.0
national,word,0,0,0,3,3,0.0,0.0,0.0,1.0,-0.0,-0.0
gouine,lemma,0,0,6,0,6,0.0,0.0,1.0,0.0,-0.0,-0.0
gouine,word,0,0,6,0,6,0.0,0.0,1.0,0.0,-0.0,-0.0
difficiles,word,0,0,0,12,12,0.0,0.0,0.0,1.0,-0.0,-0.0
difficultés,word,0,0,0,3,3,0.0,0.0,0.0,1.0,-0.0,-0.0
discrimination,lemma,0,0,0,3,3,0.0,0.0,0.0,1.0,-0.0,-0.0
discriminations,word,0,0,0,3,3,0.0,0.0,0.0,1.0,-0.0,-0.0
discriminer,lemma,0,0,0,3,3,0.0,0.0,0.0,1.0,-0.0,-0.0
carrément,word,0,0,4,0,4,0.0,0.0,1.0,0.0,-0.0,-0.0
carrémer,lemma,0,0,4,0,4,0.0,0.0,1.0,0.0,-0.0,-0.0
catastrophe,lemma,0,0,0,5,5,0.0,0.0,0.0,1.0,-0.0,-0.0
catastrophe,word,0,0,0,6,6,0.0,0.0,0.0,1.0,-0.0,-0.0
catastrophes,word,0,0,0,4,4,0.0,0.0,0.0,1.0,-0.0,-0.0
gagné,word,0,0,0,23,23,0.0,0.0,0.0,1.0,-0.0,-0.0
petit,word,0,0,0,8,8,0.0,0.0,0.0,1.0,-0.0,-0.0
pierre,lemma,0,0,5,0,5,0.0,0.0,1.0,0.0,-0.0,-0.0
pierre,word,0,0,5,0,5,0.0,0.0,1.0,0.0,-0.0,-0.0
cause,lemma,0,0,0,4,4,0.0,0.0,0.0,1.0,-0.0,-0.0
cause,word,0,0,0,4,4,0.0,0.0,0.0,1.0,-0.0,-0.0
champ,lemma,0,0,0,3,3,0.0,0.0,0.0,1.0,-0.0,-0.0
champion,lemma,0,0,0,16,16,0.0,0.0,0.0,1.0,-0.0,-0.0
champion,word,0,0,0,6,6,0.0,0.0,0.0,1.0,-0.0,-0.0
championne,word,0,0,0,8,8,0.0,0.0,0.0,1.0,-0.0,-0.0
champs,word,0,0,0,3,3,0.0,0.0,0.0,1.0,-0.0,-0.0
discriminer,word,0,0,0,3,3,0.0,0.0,0.0,1.0,-0.0,-0.0
disparaître,lemma,0,0,0,4,4,0.0,0.0,0.0,1.0,-0.0,-0.0
plaisante,lemma,0,7,0,0,7,0.0,1.0,0.0,0.0,-0.0,-0.0
disparu,word,0,0,0,7,7,0.0,0.0,0.0,1.0,-0.0,-0.0
disputent,word,3,0,0,0,3,1.0,0.0,0.0,0.0,-0.0,-0.0
disputer,lemma,7,0,0,0,7,1.0,0.0,0.0,0.0,-0.0,-0.0
graisse,lemma,0,0,3,0,3,0.0,0.0,1.0,0.0,-0.0,-0.0
graisse,word,0,0,3,0,3,0.0,0.0,1.0,0.0,-0.0,-0.0
grever,lemma,24,0,0,0,24,1.0,0.0,0.0,0.0,-0.0,-0.0
grogner,lemma,4,0,0,0,4,1.0,0.0,0.0,0.0,-0.0,-0.0
grogné,word,4,0,0,0,4,1.0,0.0,0.0,0.0,-0.0,-0.0
chasser,lemma,0,0,0,9,9,0.0,0.0,0.0,1.0,-0.0,-0.0
chassés,word,0,0,0,5,5,0.0,0.0,0.0,1.0,-0.0,-0.0
plaignent,word,3,0,0,0,3,1.0,0.0,0.0,0.0,-0.0,-0.0
plaint,word,3,0,0,0,3,1.0,0.0,0.0,0.0,-0.0,-0.0
disparu,lemma,0,0,0,6,6,0.0,0.0,0.0,1.0,-0.0,-0.0
préoccupation,lemma,0,4,0,0,4,0.0,1.0,0.0,0.0,-0.0,-0.0
puissant,lemma,0,0,0,6,6,0.0,0.0,0.0,1.0,-0.0,-0.0
puissante,word,0,0,0,4,4,0.0,0.0,0.0,1.0,-0.0,-0.0
puissants,word,0,0,0,3,3,0.0,0.0,0.0,1.0,-0.0,-0.0
bouche,word,4,0,0,0,4,1.0,0.0,0.0,0.0,-0.0,-0.0
bouger,lemma,0,0,0,3,3,0.0,0.0,0.0,1.0,-0.0,-0.0
braconnage,word,0,0,0,3,3,0.0,0.0,0.0,1.0,-0.0,-0.0
brûlé,lemma,0,0,0,3,3,0.0,0.0,0.0,1.0,-0.0,-0.0
bée,lemma,3,0,0,0,3,1.0,0.0,0.0,0.0,-0.0,-0.0
bée,word,3,0,0,0,3,1.0,0.0,0.0,0.0,-0.0,-0.0
putain,lemma,0,0,3,0,3,0.0,0.0,1.0,0.0,-0.0,-0.0
pote,lemma,0,0,0,4,4,0.0,0.0,0.0,1.0,-0.0,-0.0
pute,lemma,0,0,15,0,15,0.0,0.0,1.0,0.0,-0.0,-0.0
pute,word,0,0,15,0,15,0.0,0.0,1.0,0.0,-0.0,-0.0
pyjama,lemma,0,0,0,3,3,0.0,0.0,0.0,1.0,-0.0,-0.0
pyjama,word,0,0,0,3,3,0.0,0.0,0.0,1.0,-0.0,-0.0
pénible,lemma,0,3,0,0,3,0.0,1.0,0.0,0.0,-0.0,-0.0
pénible,word,0,3,0,0,3,0.0,1.0,0.0,0.0,-0.0,-0.0
quell,lemma,0,0,3,0,3,0.0,0.0,1.0,0.0,-0.0,-0.0
quelle,word,0,0,4,0,4,0.0,0.0,1.0,0.0,-0.0,-0.0
quelqu'un,word,0,0,3,0,3,0.0,0.0,1.0,0.0,-0.0,-0.0
quittent,word,4,0,0,0,4,1.0,0.0,0.0,0.0,-0.0,-0.0
raciste,lemma,0,0,0,3,3,0.0,0.0,0.0,1.0,-0.0,-0.0
raison,lemma,0,0,0,3,3,0.0,0.0,0.0,1.0,-0.0,-0.0
putain,word,0,0,3,0,3,0.0,0.0,1.0,0.0,-0.0,-0.0
pouvait,word,0,0,0,3,3,0.0,0.0,0.0,1.0,-0.0,-0.0
prestigieux,word,0,3,0,0,3,0.0,1.0,0.0,0.0,-0.0,-0.0
prison,lemma,0,0,0,4,4,0.0,0.0,0.0,1.0,-0.0,-0.0
prison,word,0,0,0,4,4,0.0,0.0,0.0,1.0,-0.0,-0.0
prix,lemma,0,0,0,19,19,0.0,0.0,0.0,1.0,-0.0,-0.0
prix,word,0,0,0,24,24,0.0,0.0,0.0,1.0,-0.0,-0.0
protestation,lemma,16,0,0,0,16,1.0,0.0,0.0,0.0,-0.0,-0.0
protestation,word,8,0,0,0,8,1.0,0.0,0.0,0.0,-0.0,-0.0
protestations,word,8,0,0,0,8,1.0,0.0,0.0,0.0,-0.0,-0.0
protestent,word,4,0,0,0,4,1.0,0.0,0.0,0.0,-0.0,-0.0
protester,lemma,29,0,0,0,29,1.0,0.0,0.0,0.0,-0.0,-0.0
protester,word,18,0,0,0,18,1.0,0.0,0.0,0.0,-0.0,-0.0
préférer,lemma,0,0,0,6,6,0.0,0.0,0.0,1.0,-0.0,-0.0
précipite,word,3,0,0,0,3,1.0,0.0,0.0,0.0,-0.0,-0.0
précipiter,lemma,3,0,0,0,3,1.0,0.0,0.0,0.0,-0.0,-0.0
drole,lemma,0,3,0,0,3,0.0,1.0,0.0,0.0,-0.0,-0.0
ftg,lemma,0,0,11,0,11,0.0,0.0,1.0,0.0,-0.0,-0.0
ftg,word,0,0,11,0,11,0.0,0.0,1.0,0.0,-0.0,-0.0
fui,word,13,0,0,0,13,1.0,0.0,0.0,0.0,-0.0,-0.0
fuient,word,17,0,0,0,17,1.0,0.0,0.0,0.0,-0.0,-0.0
fuite,lemma,5,0,0,0,5,1.0,0.0,0.0,0.0,-0.0,-0.0
fuite,word,5,0,0,0,5,1.0,0.0,0.0,0.0,-0.0,-0.0
furieux,word,0,3,0,0,3,0.0,1.0,0.0,0.0,-0.0,-0.0
fâcher,lemma,0,3,0,0,3,0.0,1.0,0.0,0.0,-0.0,-0.0
fâché,lemma,0,5,0,0,5,0.0,1.0,0.0,0.0,-0.0,-0.0
protesté,word,5,0,0,0,5,1.0,0.0,0.0,0.0,-0.0,-0.0
oeil,word,0,0,0,4,4,0.0,0.0,0.0,1.0,-0.0,-0.0
offert,word,0,0,0,3,3,0.0,0.0,0.0,1.0,-0.0,-0.0
offrir,lemma,0,0,0,5,5,0.0,0.0,0.0,1.0,-0.0,-0.0
oh,lemma,0,0,18,0,18,0.0,0.0,1.0,0.0,-0.0,-0.0
oh,word,0,0,18,0,18,0.0,0.0,1.0,0.0,-0.0,-0.0
olympique,lemma,0,0,0,7,7,0.0,0.0,0.0,1.0,-0.0,-0.0
olympiques,word,0,0,0,5,5,0.0,0.0,0.0,1.0,-0.0,-0.0
opposent,word,3,0,0,0,3,1.0,0.0,0.0,0.0,-0.0,-0.0
organiser,lemma,0,0,0,3,3,0.0,0.0,0.0,1.0,-0.0,-0.0
ose,lemma,0,0,0,3,3,0.0,0.0,0.0,1.0,-0.0,-0.0
osent,word,3,0,0,0,3,1.0,0.0,0.0,0.0,-0.0,-0.0
persécutés,word,0,0,0,8,8,0.0,0.0,0.0,1.0,-0.0,-0.0
oublier,lemma,0,0,0,3,3,0.0,0.0,0.0,1.0,-0.0,-0.0
oublier,word,0,0,0,3,3,0.0,0.0,0.0,1.0,-0.0,-0.0
con,lemma,0,0,9,0,9,0.0,0.0,1.0,0.0,-0.0,-0.0
con,word,0,0,7,0,7,0.0,0.0,1.0,0.0,-0.0,-0.0
condition,lemma,0,0,0,4,4,0.0,0.0,0.0,1.0,-0.0,-0.0
conditions,word,0,0,0,4,4,0.0,0.0,0.0,1.0,-0.0,-0.0
deuxième,lemma,0,0,0,4,4,0.0,0.0,0.0,1.0,-0.0,-0.0
deuxième,word,0,0,0,4,4,0.0,0.0,0.0,1.0,-0.0,-0.0
devenir,word,0,0,0,4,4,0.0,0.0,0.0,1.0,-0.0,-0.0
devoirs,word,0,0,0,3,3,0.0,0.0,0.0,1.0,-0.0,-0.0
dictateur,word,0,0,0,3,3,0.0,0.0,0.0,1.0,-0.0,-0.0
heureuses,word,0,3,0,0,3,0.0,1.0,0.0,0.0,-0.0,-0.0
oser,lemma,3,0,0,0,3,1.0,0.0,0.0,0.0,-0.0,-0.0
news,word,0,0,0,3,3,0.0,0.0,0.0,1.0,-0.0,-0.0
niqu,lemma,0,0,5,0,5,0.0,0.0,1.0,0.0,-0.0,-0.0
nique,word,0,0,5,0,5,0.0,0.0,1.0,0.0,-0.0,-0.0
nobel,lemma,0,0,0,4,4,0.0,0.0,0.0,1.0,-0.0,-0.0
nobel,word,0,0,0,4,4,0.0,0.0,0.0,1.0,-0.0,-0.0
nom,lemma,0,0,3,0,3,0.0,0.0,1.0,0.0,-0.0,-0.0
nom,word,0,0,3,0,3,0.0,0.0,1.0,0.0,-0.0,-0.0
normal,lemma,0,0,0,9,9,0.0,0.0,0.0,1.0,-0.0,-0.0
normal,word,0,0,0,9,9,0.0,0.0,0.0,1.0,-0.0,-0.0
nouveau,word,0,0,0,3,3,0.0,0.0,0.0,1.0,-0.0,-0.0
connasse,lemma,0,0,3,0,3,0.0,0.0,1.0,0.0,-0.0,-0.0
connaître,lemma,0,0,0,3,3,0.0,0.0,0.0,1.0,-0.0,-0.0
occasion,lemma,0,0,0,7,7,0.0,0.0,0.0,1.0,-0.0,-0.0
conséquences,word,0,0,0,6,6,0.0,0.0,0.0,1.0,-0.0,-0.0
content,lemma,0,30,0,0,30,0.0,1.0,0.0,0.0,-0.0,-0.0
content,word,0,4,0,0,4,0.0,1.0,0.0,0.0,-0.0,-0.0
contente,word,0,10,0,0,10,0.0,1.0,0.0,0.0,-0.0,-0.0
contents,word,0,16,0,0,16,0.0,1.0,0.0,0.0,-0.0,-0.0
contester,lemma,7,0,0,0,7,1.0,0.0,0.0,0.0,-0.0,-0.0
nuage,lemma,0,0,0,3,3,0.0,0.0,0.0,1.0,-0.0,-0.0
nuage,word,0,0,0,3,3,0.0,0.0,0.0,1.0,-0.0,-0.0
nul,lemma,0,0,0,3,3,0.0,0.0,0.0,1.0,-0.0,-0.0
négative,lemma,0,0,0,4,4,0.0,0.0,0.0,1.0,-0.0,-0.0
négatives,word,0,0,0,4,4,0.0,0.0,0.0,1.0,-0.0,-0.0
obtenu,word,0,0,0,4,4,0.0,0.0,0.0,1.0,-0.0,-0.0
conséquence,lemma,0,0,0,3,3,0.0,0.0,0.0,1.0,-0.0,-0.0
pauvreter,lemma,0,0,0,3,3,0.0,0.0,0.0,1.0,-0.0,-0.0
chienne,lemma,0,0,3,0,3,0.0,0.0,1.0,0.0,-0.0,-0.0
chienne,word,0,0,3,0,3,0.0,0.0,1.0,0.0,-0.0,-0.0
chier,lemma,0,0,3,0,3,0.0,0.0,1.0,0.0,-0.0,-0.0
chier,word,0,0,3,0,3,0.0,0.0,1.0,0.0,-0.0,-0.0
choc,lemma,0,4,0,0,4,0.0,1.0,0.0,0.0,-0.0,-0.0
choc,word,0,4,0,0,4,0.0,1.0,0.0,0.0,-0.0,-0.0
grèv,lemma,5,0,0,0,5,1.0,0.0,0.0,0.0,-0.0,-0.0
grève,lemma,11,0,0,0,11,1.0,0.0,0.0,0.0,-0.0,-0.0
grève,word,35,0,0,0,35,1.0,0.0,0.0,0.0,-0.0,-0.0
grèves,word,5,0,0,0,5,1.0,0.0,0.0,0.0,-0.0,-0.0
gueul,lemma,0,0,5,0,5,0.0,0.0,1.0,0.0,-0.0,-0.0
hont,lemma,0,8,0,0,8,0.0,1.0,0.0,0.0,-0.0,-0.0
harcelé,lemma,0,0,0,4,4,0.0,0.0,0.0,1.0,-0.0,-0.0
harcelé,word,0,0,0,4,4,0.0,0.0,0.0,1.0,-0.0,-0.0
choquante,lemma,0,14,0,0,14,0.0,1.0,0.0,0.0,-0.0,-0.0
choquantes,word,0,14,0,0,14,0.0,1.0,0.0,0.0,-0.0,-0.0
choquée,word,0,3,0,0,3,0.0,1.0,0.0,0.0,-0.0,-0.0
choqués,word,0,5,0,0,5,0.0,1.0,0.0,0.0,-0.0,-0.0
perdrait,word,0,0,0,3,3,0.0,0.0,0.0,1.0,-0.0,-0.0
perdre,lemma,0,0,0,14,14,0.0,0.0,0.0,1.0,-0.0,-0.0
perdre,word,0,0,0,4,4,0.0,0.0,0.0,1.0,-0.0,-0.0
perdu,lemma,0,0,0,5,5,0.0,0.0,0.0,1.0,-0.0,-0.0
perdu,word,0,0,0,12,12,0.0,0.0,0.0,1.0,-0.0,-0.0
persécuté,lemma,0,0,0,7,7,0.0,0.0,0.0,1.0,-0.0,-0.0
harceler,lemma,0,0,0,10,10,0.0,0.0,0.0,1.0,-0.0,-0.0
confisquer,lemma,0,0,0,3,3,0.0,0.0,0.0,1.0,-0.0,-0.0
ours,lemma,0,0,0,3,3,0.0,0.0,0.0,1.0,-0.0,-0.0
ours,word,0,0,0,3,3,0.0,0.0,0.0,1.0,-0.0,-0.0
paniquer,lemma,0,3,0,0,3,0.0,1.0,0.0,0.0,-0.0,-0.0
paniqué,word,0,3,0,0,3,0.0,1.0,0.0,0.0,-0.0,-0.0
papa,lemma,0,0,0,3,3,0.0,0.0,0.0,1.0,-0.0,-0.0
papa,word,0,0,0,3,3,0.0,0.0,0.0,1.0,-0.0,-0.0
cible,lemma,0,0,0,3,3,0.0,0.0,0.0,1.0,-0.0,-0.0
cible,word,0,0,0,3,3,0.0,0.0,0.0,1.0,-0.0,-0.0
hasard,lemma,0,0,0,7,7,0.0,0.0,0.0,1.0,-0.0,-0.0
hasard,word,0,0,0,7,7,0.0,0.0,0.0,1.0,-0.0,-0.0
hein,lemma,0,0,3,0,3,0.0,0.0,1.0,0.0,-0.0,-0.0
pauvres,word,0,0,0,6,6,0.0,0.0,0.0,1.0,-0.0,-0.0
heure,lemma,0,0,0,5,5,0.0,0.0,0.0,1.0,-0.0,-0.0
heureuse,word,0,5,0,0,5,0.0,1.0,0.0,0.0,-0.0,-0.0
descendues,word,3,0,0,0,3,1.0,0.0,0.0,0.0,-0.0,-0.0
commettre,lemma,3,0,0,0,3,1.0,0.0,0.0,0.0,-0.0,-0.0
commettre,word,3,0,0,0,3,1.0,0.0,0.0,0.0,-0.0,-0.0
partager,lemma,0,0,0,3,3,0.0,0.0,0.0,1.0,-0.0,-0.0
partager,word,0,0,0,3,3,0.0,0.0,0.0,1.0,-0.0,-0.0
partout,lemma,0,0,0,3,3,0.0,0.0,0.0,1.0,-0.0,-0.0
partout,word,0,0,0,3,3,0.0,0.0,0.0,1.0,-0.0,-0.0
party,lemma,0,0,0,3,3,0.0,0.0,0.0,1.0,-0.0,-0.0
party,word,0,0,0,3,3,0.0,0.0,0.0,1.0,-0.0,-0.0
passer,word,0,0,0,5,5,0.0,0.0,0.0,1.0,-0.0,-0.0
hein,word,0,0,3,0,3,0.0,0.0,1.0,0.0,-0.0,-0.0
