marker_value,marker_type,Comportementale,Désignée,Montrée,Suggérée,total_count,P(Comportementale),P(Désignée),P(Montrée),P(Suggérée),entropy,normalized_entropy
réveiller,word,1.0,1.0,1.0,1.0,4.0,0.25,0.25,0.25,0.25,2.0,1.0
fou,lemma,4.0,9.0,9.0,10.0,32.0,0.125,0.28125,0.28125,0.3125,1.9288146570363984,0.9644073285181992
parler,lemma,7.0,5.0,12.0,10.0,34.0,0.20588235294117646,0.14705882352941177,0.35294117647058826,0.29411764705882354,1.925699432827765,0.9628497164138825
dommage,lemma,1.0,1.0,1.0,2.0,5.0,0.2,0.2,0.2,0.4,1.9219280948873623,0.9609640474436811
décidé,word,1.0,1.0,1.0,2.0,5.0,0.2,0.2,0.2,0.4,1.9219280948873623,0.9609640474436811
chercher,lemma,2.0,1.0,1.0,1.0,5.0,0.4,0.2,0.2,0.2,1.9219280948873623,0.9609640474436811
comprendre,word,1.0,2.0,1.0,1.0,5.0,0.2,0.4,0.2,0.2,1.9219280948873623,0.9609640474436811
problème,word,2.0,1.0,2.0,3.0,8.0,0.25,0.125,0.25,0.375,1.9056390622295665,0.9528195311147832
façon,lemma,3.0,2.0,1.0,3.0,9.0,0.3333333333333333,0.2222222222222222,0.1111111111111111,0.3333333333333333,1.8910611120726526,0.9455305560363263
façon,word,3.0,2.0,1.0,3.0,9.0,0.3333333333333333,0.2222222222222222,0.1111111111111111,0.3333333333333333,1.8910611120726526,0.9455305560363263
juif,lemma,3.0,2.0,4.0,6.0,15.0,0.2,0.13333333333333333,0.26666666666666666,0.4,1.889246428509158,0.944623214254579
fou,word,3.0,9.0,6.0,4.0,22.0,0.13636363636363635,0.4090909090909091,0.2727272727272727,0.18181818181818182,1.8778867313886054,0.9389433656943027
tellement,word,2.0,6.0,3.0,3.0,14.0,0.14285714285714285,0.42857142857142855,0.21428571428571427,0.21428571428571427,1.8773870642966133,0.9386935321483066
tellement,lemma,2.0,6.0,3.0,3.0,14.0,0.14285714285714285,0.42857142857142855,0.21428571428571427,0.21428571428571427,1.8773870642966133,0.9386935321483066
parler,word,4.0,4.0,7.0,2.0,17.0,0.23529411764705882,0.23529411764705882,0.4117647058823529,0.11764705882352941,1.8726696380501497,0.9363348190250749
mieux,word,1.0,2.0,3.0,4.0,10.0,0.1,0.2,0.3,0.4,1.8464393446710154,0.9232196723355077
fille,lemma,2.0,1.0,3.0,4.0,10.0,0.2,0.1,0.3,0.4,1.8464393446710154,0.9232196723355077
mieux,lemma,1.0,2.0,3.0,4.0,10.0,0.1,0.2,0.3,0.4,1.8464393446710154,0.9232196723355077
produit,lemma,3.0,2.0,1.0,1.0,7.0,0.42857142857142855,0.2857142857142857,0.14285714285714285,0.14285714285714285,1.8423709931771088,0.9211854965885544
produits,word,3.0,2.0,1.0,1.0,7.0,0.42857142857142855,0.2857142857142857,0.14285714285714285,0.14285714285714285,1.8423709931771088,0.9211854965885544
embête,lemma,2.0,3.0,1.0,1.0,7.0,0.2857142857142857,0.42857142857142855,0.14285714285714285,0.14285714285714285,1.8423709931771088,0.9211854965885544
comprendre,lemma,1.0,2.0,1.0,3.0,7.0,0.14285714285714285,0.2857142857142857,0.14285714285714285,0.42857142857142855,1.8423709931771086,0.9211854965885543
complètement,word,1.0,2.0,1.0,3.0,7.0,0.14285714285714285,0.2857142857142857,0.14285714285714285,0.42857142857142855,1.8423709931771086,0.9211854965885543
complètement,lemma,1.0,2.0,1.0,3.0,7.0,0.14285714285714285,0.2857142857142857,0.14285714285714285,0.42857142857142855,1.8423709931771086,0.9211854965885543
réveiller,lemma,2.0,1.0,1.0,3.0,7.0,0.2857142857142857,0.14285714285714285,0.14285714285714285,0.42857142857142855,1.8423709931771086,0.9211854965885543
plaire,lemma,1.0,1.0,2.0,3.0,7.0,0.14285714285714285,0.14285714285714285,0.2857142857142857,0.42857142857142855,1.8423709931771086,0.9211854965885543
autant,word,1.0,3.0,1.0,2.0,7.0,0.14285714285714285,0.42857142857142855,0.14285714285714285,0.2857142857142857,1.8423709931771084,0.9211854965885542
autant,lemma,1.0,3.0,1.0,2.0,7.0,0.14285714285714285,0.42857142857142855,0.14285714285714285,0.2857142857142857,1.8423709931771084,0.9211854965885542
montrer,lemma,2.0,3.0,2.0,6.0,13.0,0.15384615384615385,0.23076923076923078,0.15384615384615385,0.46153846153846156,1.8339272176418302,0.9169636088209151
agir,lemma,3.0,1.0,1.0,3.0,8.0,0.375,0.125,0.125,0.375,1.811278124459133,0.9056390622295665
grand,word,2.0,8.0,3.0,7.0,20.0,0.1,0.4,0.15,0.35,1.8016094970590273,0.9008047485295136
cas,lemma,1.0,1.0,1.0,3.0,6.0,0.16666666666666666,0.16666666666666666,0.16666666666666666,0.5,1.792481250360578,0.896240625180289
part,lemma,2.0,2.0,2.0,6.0,12.0,0.16666666666666666,0.16666666666666666,0.16666666666666666,0.5,1.792481250360578,0.896240625180289
cas,word,1.0,1.0,1.0,3.0,6.0,0.16666666666666666,0.16666666666666666,0.16666666666666666,0.5,1.792481250360578,0.896240625180289
part,word,2.0,2.0,2.0,6.0,12.0,0.16666666666666666,0.16666666666666666,0.16666666666666666,0.5,1.792481250360578,0.896240625180289
nom,word,1.0,1.0,3.0,1.0,6.0,0.16666666666666666,0.16666666666666666,0.5,0.16666666666666666,1.7924812503605778,0.8962406251802889
-,punctuation,34.0,22.0,39.0,91.0,186.0,0.1827956989247312,0.11827956989247312,0.20967741935483872,0.489247311827957,1.7895823003217888,0.8947911501608944
yeux,word,4.0,2.0,1.0,5.0,12.0,0.3333333333333333,0.16666666666666666,0.08333333333333333,0.4166666666666667,1.7841591278514217,0.8920795639257109
frère,lemma,2.0,2.0,1.0,5.0,10.0,0.2,0.2,0.1,0.5,1.7609640474436812,0.8804820237218406
frère,word,2.0,2.0,1.0,5.0,10.0,0.2,0.2,0.1,0.5,1.7609640474436812,0.8804820237218406
juifs,word,2.0,2.0,1.0,5.0,10.0,0.2,0.2,0.1,0.5,1.7609640474436812,0.8804820237218406
vraiment,lemma,1.0,8.0,8.0,9.0,26.0,0.038461538461538464,0.3076923076923077,0.3076923076923077,0.34615384615384615,1.7570041407187533,0.8785020703593767
vraiment,word,1.0,8.0,8.0,9.0,26.0,0.038461538461538464,0.3076923076923077,0.3076923076923077,0.34615384615384615,1.7570041407187533,0.8785020703593767
filles,word,2.0,1.0,1.0,4.0,8.0,0.25,0.125,0.125,0.5,1.75,0.875
décider,lemma,2.0,1.0,1.0,4.0,8.0,0.25,0.125,0.125,0.5,1.75,0.875
chien,word,1.0,1.0,4.0,2.0,8.0,0.125,0.125,0.5,0.25,1.75,0.875
arrêter,lemma,10.0,1.0,7.0,7.0,25.0,0.4,0.04,0.28,0.28,1.7429661954675215,0.8714830977337608
»,punctuation,22.0,12.0,3.0,23.0,60.0,0.36666666666666664,0.2,0.05,0.38333333333333336,1.7414929604393654,0.8707464802196827
«,punctuation,22.0,12.0,3.0,23.0,60.0,0.36666666666666664,0.2,0.05,0.38333333333333336,1.7414929604393654,0.8707464802196827
petit,word,7.0,5.0,2.0,13.0,27.0,0.25925925925925924,0.18518518518518517,0.07407407407407407,0.48148148148148145,1.7413007886570155,0.8706503943285078
grand,lemma,20.0,17.0,4.0,34.0,75.0,0.26666666666666666,0.22666666666666666,0.05333333333333334,0.4533333333333333,1.73682979980902,0.86841489990451
certain,lemma,4.0,3.0,2.0,10.0,19.0,0.21052631578947367,0.15789473684210525,0.10526315789473684,0.5263157894736842,1.7229712791784755,0.8614856395892377
chien,lemma,1.0,1.0,4.0,4.0,10.0,0.1,0.1,0.4,0.4,1.721928094887362,0.860964047443681
mettre,word,8.0,1.0,3.0,4.0,16.0,0.5,0.0625,0.1875,0.25,1.7028195311147831,0.8514097655573916
gros,word,6.0,4.0,21.0,8.0,39.0,0.15384615384615385,0.10256410256410256,0.5384615384615384,0.20512820512820512,1.7021088628960712,0.8510544314480356
',punctuation,29.0,21.0,114.0,104.0,268.0,0.10820895522388059,0.07835820895522388,0.4253731343283582,0.3880597014925373,1.6895395373290125,0.8447697686645063
vrai,lemma,1.0,4.0,2.0,7.0,14.0,0.07142857142857142,0.2857142857142857,0.14285714285714285,0.5,1.6893917467430877,0.8446958733715438
air,word,5.0,1.0,1.0,3.0,10.0,0.5,0.1,0.1,0.3,1.6854752972273346,0.8427376486136673
servir,lemma,1.0,1.0,5.0,3.0,10.0,0.1,0.1,0.5,0.3,1.6854752972273346,0.8427376486136673
gens,word,4.0,3.0,4.0,14.0,25.0,0.16,0.12,0.16,0.56,1.6815419333359276,0.8407709666679638
gens,lemma,4.0,3.0,4.0,14.0,25.0,0.16,0.12,0.16,0.56,1.6815419333359276,0.8407709666679638
blague,lemma,1.0,4.0,5.0,1.0,11.0,0.09090909090909091,0.36363636363636365,0.45454545454545453,0.09090909090909091,1.6767370300521325,0.8383685150260662
nom,lemma,1.0,1.0,4.0,1.0,7.0,0.14285714285714285,0.14285714285714285,0.5714285714285714,0.14285714285714285,1.6644977792004614,0.8322488896002307
tête,word,4.0,3.0,1.0,9.0,17.0,0.23529411764705882,0.17647058823529413,0.058823529411764705,0.5294117647058824,1.6589797521242051,0.8294898760621026
jeunes,word,2.0,1.0,1.0,5.0,9.0,0.2222222222222222,0.1111111111111111,0.1111111111111111,0.5555555555555556,1.657742726504889,0.8288713632524445
quelqu,word,2.0,1.0,1.0,5.0,9.0,0.2222222222222222,0.1111111111111111,0.1111111111111111,0.5555555555555556,1.657742726504889,0.8288713632524445
",",punctuation,83.0,42.0,76.0,261.0,462.0,0.17965367965367965,0.09090909090909091,0.1645021645021645,0.564935064935065,1.6531958797603108,0.8265979398801554
laisser,word,1.0,1.0,5.0,5.0,12.0,0.08333333333333333,0.08333333333333333,0.4166666666666667,0.4166666666666667,1.6500224216483543,0.8250112108241772
beaucoup,word,15.0,18.0,1.0,25.0,59.0,0.2542372881355932,0.3050847457627119,0.01694915254237288,0.423728813559322,1.6494495967439171,0.8247247983719586
beaucoup,lemma,15.0,18.0,1.0,25.0,59.0,0.2542372881355932,0.3050847457627119,0.01694915254237288,0.423728813559322,1.6494495967439171,0.8247247983719586
laisser,lemma,2.0,2.0,11.0,9.0,24.0,0.08333333333333333,0.08333333333333333,0.4583333333333333,0.375,1.6440011333048612,0.8220005666524306
noir,lemma,8.0,2.0,3.0,14.0,27.0,0.2962962962962963,0.07407407407407407,0.1111111111111111,0.5185185185185185,1.6416335610164343,0.8208167805082172
problème,lemma,4.0,2.0,3.0,12.0,21.0,0.19047619047619047,0.09523809523809523,0.14285714285714285,0.5714285714285714,1.6411537317874583,0.8205768658937291
enfants,word,3.0,2.0,3.0,11.0,19.0,0.15789473684210525,0.10526315789473684,0.15789473684210525,0.5789473684210527,1.6393210497942587,0.8196605248971294
tête,lemma,5.0,3.0,1.0,10.0,19.0,0.2631578947368421,0.15789473684210525,0.05263157894736842,0.5263157894736842,1.6382533594712747,0.8191266797356374
vie,word,6.0,8.0,10.0,34.0,58.0,0.10344827586206896,0.13793103448275862,0.1724137931034483,0.5862068965517241,1.6217259510635704,0.8108629755317852
vie,lemma,6.0,8.0,10.0,34.0,58.0,0.10344827586206896,0.13793103448275862,0.1724137931034483,0.5862068965517241,1.6217259510635704,0.8108629755317852
sortir,lemma,1.0,2.0,2.0,7.0,12.0,0.08333333333333333,0.16666666666666666,0.16666666666666666,0.5833333333333334,1.6140054628542202,0.8070027314271101
œil,lemma,7.0,2.0,1.0,9.0,19.0,0.3684210526315789,0.10526315789473684,0.05263157894736842,0.47368421052631576,1.6068322783181097,0.8034161391590549
enfant,lemma,3.0,4.0,3.0,15.0,25.0,0.12,0.16,0.12,0.6,1.5993308322365363,0.7996654161182681
pays,word,41.0,16.0,2.0,38.0,97.0,0.422680412371134,0.16494845360824742,0.020618556701030927,0.3917525773195876,1.5990790514634403,0.7995395257317202
pays,lemma,41.0,16.0,2.0,38.0,97.0,0.422680412371134,0.16494845360824742,0.020618556701030927,0.3917525773195876,1.5990790514634403,0.7995395257317202
fois,lemma,3.0,2.0,3.0,12.0,20.0,0.15,0.1,0.15,0.6,1.5954618442383217,0.7977309221191609
fois,word,3.0,2.0,3.0,12.0,20.0,0.15,0.1,0.15,0.6,1.5954618442383217,0.7977309221191609
iran,word,1.0,1.0,0.0,1.0,3.0,0.3333333333333333,0.3333333333333333,0.0,0.3333333333333333,1.584962500721156,0.792481250360578
besoin,word,0.0,1.0,1.0,1.0,3.0,0.0,0.3333333333333333,0.3333333333333333,0.3333333333333333,1.584962500721156,0.792481250360578
ventre,word,1.0,1.0,1.0,0.0,3.0,0.3333333333333333,0.3333333333333333,0.3333333333333333,0.0,1.584962500721156,0.792481250360578
afin,lemma,1.0,1.0,0.0,1.0,3.0,0.3333333333333333,0.3333333333333333,0.0,0.3333333333333333,1.584962500721156,0.792481250360578
ressembler,lemma,1.0,0.0,1.0,1.0,3.0,0.3333333333333333,0.0,0.3333333333333333,0.3333333333333333,1.584962500721156,0.792481250360578
utiliser,lemma,2.0,2.0,0.0,2.0,6.0,0.3333333333333333,0.3333333333333333,0.0,0.3333333333333333,1.584962500721156,0.792481250360578
présenter,lemma,1.0,1.0,0.0,1.0,3.0,0.3333333333333333,0.3333333333333333,0.0,0.3333333333333333,1.584962500721156,0.792481250360578
utilisation,word,1.0,1.0,0.0,1.0,3.0,0.3333333333333333,0.3333333333333333,0.0,0.3333333333333333,1.584962500721156,0.792481250360578
électrique,word,1.0,1.0,0.0,1.0,3.0,0.3333333333333333,0.3333333333333333,0.0,0.3333333333333333,1.584962500721156,0.792481250360578
électrique,lemma,1.0,1.0,0.0,1.0,3.0,0.3333333333333333,0.3333333333333333,0.0,0.3333333333333333,1.584962500721156,0.792481250360578
libertés,word,1.0,1.0,0.0,1.0,3.0,0.3333333333333333,0.3333333333333333,0.0,0.3333333333333333,1.584962500721156,0.792481250360578
profiter,lemma,1.0,1.0,0.0,1.0,3.0,0.3333333333333333,0.3333333333333333,0.0,0.3333333333333333,1.584962500721156,0.792481250360578
égard,word,1.0,1.0,0.0,1.0,3.0,0.3333333333333333,0.3333333333333333,0.0,0.3333333333333333,1.584962500721156,0.792481250360578
utilisation,lemma,1.0,1.0,0.0,1.0,3.0,0.3333333333333333,0.3333333333333333,0.0,0.3333333333333333,1.584962500721156,0.792481250360578
agace,lemma,1.0,1.0,1.0,0.0,3.0,0.3333333333333333,0.3333333333333333,0.3333333333333333,0.0,1.584962500721156,0.792481250360578
égard,lemma,1.0,1.0,0.0,1.0,3.0,0.3333333333333333,0.3333333333333333,0.0,0.3333333333333333,1.584962500721156,0.792481250360578
engager,lemma,2.0,2.0,0.0,2.0,6.0,0.3333333333333333,0.3333333333333333,0.0,0.3333333333333333,1.584962500721156,0.792481250360578
endroit,word,1.0,1.0,0.0,1.0,3.0,0.3333333333333333,0.3333333333333333,0.0,0.3333333333333333,1.584962500721156,0.792481250360578
endroit,lemma,1.0,1.0,0.0,1.0,3.0,0.3333333333333333,0.3333333333333333,0.0,0.3333333333333333,1.584962500721156,0.792481250360578
loups,word,1.0,1.0,0.0,1.0,3.0,0.3333333333333333,0.3333333333333333,0.0,0.3333333333333333,1.584962500721156,0.792481250360578
ventre,lemma,1.0,1.0,1.0,0.0,3.0,0.3333333333333333,0.3333333333333333,0.3333333333333333,0.0,1.584962500721156,0.792481250360578
jaunes,word,1.0,0.0,1.0,1.0,3.0,0.3333333333333333,0.0,0.3333333333333333,0.3333333333333333,1.584962500721156,0.792481250360578
voie,lemma,1.0,1.0,0.0,1.0,3.0,0.3333333333333333,0.3333333333333333,0.0,0.3333333333333333,1.584962500721156,0.792481250360578
opposé,word,1.0,1.0,0.0,1.0,3.0,0.3333333333333333,0.3333333333333333,0.0,0.3333333333333333,1.584962500721156,0.792481250360578
service,lemma,0.0,1.0,1.0,1.0,3.0,0.0,0.3333333333333333,0.3333333333333333,0.3333333333333333,1.584962500721156,0.792481250360578
service,word,0.0,1.0,1.0,1.0,3.0,0.0,0.3333333333333333,0.3333333333333333,0.3333333333333333,1.584962500721156,0.792481250360578
film,word,0.0,1.0,1.0,1.0,3.0,0.0,0.3333333333333333,0.3333333333333333,0.3333333333333333,1.584962500721156,0.792481250360578
voter,lemma,2.0,2.0,0.0,2.0,6.0,0.3333333333333333,0.3333333333333333,0.0,0.3333333333333333,1.584962500721156,0.792481250360578
afin,word,1.0,1.0,0.0,1.0,3.0,0.3333333333333333,0.3333333333333333,0.0,0.3333333333333333,1.584962500721156,0.792481250360578
imaginer,lemma,0.0,1.0,1.0,1.0,3.0,0.0,0.3333333333333333,0.3333333333333333,0.3333333333333333,1.584962500721156,0.792481250360578
plaisanterie,lemma,1.0,1.0,0.0,1.0,3.0,0.3333333333333333,0.3333333333333333,0.0,0.3333333333333333,1.584962500721156,0.792481250360578
plaisanterie,word,1.0,1.0,0.0,1.0,3.0,0.3333333333333333,0.3333333333333333,0.0,0.3333333333333333,1.584962500721156,0.792481250360578
noël,lemma,1.0,0.0,1.0,1.0,3.0,0.3333333333333333,0.0,0.3333333333333333,0.3333333333333333,1.584962500721156,0.792481250360578
plaît,word,0.0,1.0,1.0,1.0,3.0,0.0,0.3333333333333333,0.3333333333333333,0.3333333333333333,1.584962500721156,0.792481250360578
mener,lemma,1.0,1.0,0.0,1.0,3.0,0.3333333333333333,0.3333333333333333,0.0,0.3333333333333333,1.584962500721156,0.792481250360578
dommage,word,0.0,1.0,1.0,1.0,3.0,0.0,0.3333333333333333,0.3333333333333333,0.3333333333333333,1.584962500721156,0.792481250360578
système,word,1.0,1.0,0.0,1.0,3.0,0.3333333333333333,0.3333333333333333,0.0,0.3333333333333333,1.584962500721156,0.792481250360578
noël,word,1.0,0.0,1.0,1.0,3.0,0.3333333333333333,0.0,0.3333333333333333,0.3333333333333333,1.584962500721156,0.792481250360578
sévèrement,lemma,1.0,0.0,1.0,1.0,3.0,0.3333333333333333,0.0,0.3333333333333333,0.3333333333333333,1.584962500721156,0.792481250360578
sévèrement,word,1.0,0.0,1.0,1.0,3.0,0.3333333333333333,0.0,0.3333333333333333,0.3333333333333333,1.584962500721156,0.792481250360578
:,punctuation,3.0,0.0,3.0,3.0,9.0,0.3333333333333333,0.0,0.3333333333333333,0.3333333333333333,1.584962500721156,0.792481250360578
fasse,word,1.0,1.0,1.0,0.0,3.0,0.3333333333333333,0.3333333333333333,0.3333333333333333,0.0,1.584962500721156,0.792481250360578
"""",punctuation,2.0,2.0,2.0,0.0,6.0,0.3333333333333333,0.3333333333333333,0.3333333333333333,0.0,1.584962500721156,0.792481250360578
raconte,word,1.0,0.0,1.0,1.0,3.0,0.3333333333333333,0.0,0.3333333333333333,0.3333333333333333,1.584962500721156,0.792481250360578
billy,word,1.0,0.0,1.0,1.0,3.0,0.3333333333333333,0.0,0.3333333333333333,0.3333333333333333,1.584962500721156,0.792481250360578
profiter,word,1.0,1.0,0.0,1.0,3.0,0.3333333333333333,0.3333333333333333,0.0,0.3333333333333333,1.584962500721156,0.792481250360578
billy,lemma,1.0,0.0,1.0,1.0,3.0,0.3333333333333333,0.0,0.3333333333333333,0.3333333333333333,1.584962500721156,0.792481250360578
ouvert,word,1.0,0.0,1.0,1.0,3.0,0.3333333333333333,0.0,0.3333333333333333,0.3333333333333333,1.584962500721156,0.792481250360578
gronde,lemma,1.0,1.0,0.0,1.0,3.0,0.3333333333333333,0.3333333333333333,0.0,0.3333333333333333,1.584962500721156,0.792481250360578
gronde,word,1.0,1.0,0.0,1.0,3.0,0.3333333333333333,0.3333333333333333,0.0,0.3333333333333333,1.584962500721156,0.792481250360578
gilets,word,1.0,0.0,1.0,1.0,3.0,0.3333333333333333,0.0,0.3333333333333333,0.3333333333333333,1.584962500721156,0.792481250360578
troupeau,lemma,0.0,1.0,1.0,1.0,3.0,0.0,0.3333333333333333,0.3333333333333333,0.3333333333333333,1.584962500721156,0.792481250360578
royal,lemma,1.0,1.0,0.0,1.0,3.0,0.3333333333333333,0.3333333333333333,0.0,0.3333333333333333,1.584962500721156,0.792481250360578
iran,lemma,1.0,1.0,0.0,1.0,3.0,0.3333333333333333,0.3333333333333333,0.0,0.3333333333333333,1.584962500721156,0.792481250360578
choses,word,7.0,5.0,1.0,16.0,29.0,0.2413793103448276,0.1724137931034483,0.034482758620689655,0.5517241379310345,1.5731146182710192,0.7865573091355096
fortement,lemma,4.0,3.0,0.0,3.0,10.0,0.4,0.3,0.0,0.3,1.5709505944546684,0.7854752972273342
ministre,lemma,4.0,3.0,0.0,3.0,10.0,0.4,0.3,0.0,0.3,1.5709505944546684,0.7854752972273342
fortement,word,4.0,3.0,0.0,3.0,10.0,0.4,0.3,0.0,0.3,1.5709505944546684,0.7854752972273342
idée,lemma,1.0,2.0,5.0,10.0,18.0,0.05555555555555555,0.1111111111111111,0.2777777777777778,0.5555555555555556,1.5683182557028439,0.7841591278514219
porter,lemma,10.0,2.0,1.0,5.0,18.0,0.5555555555555556,0.1111111111111111,0.05555555555555555,0.2777777777777778,1.5683182557028439,0.7841591278514219
trouver,lemma,7.0,1.0,3.0,13.0,24.0,0.2916666666666667,0.041666666666666664,0.125,0.5416666666666666,1.5636254885377856,0.7818127442688928
religion,lemma,2.0,0.0,3.0,3.0,8.0,0.25,0.0,0.375,0.375,1.561278124459133,0.7806390622295665
soient,word,2.0,3.0,0.0,3.0,8.0,0.25,0.375,0.0,0.375,1.561278124459133,0.7806390622295665
peu,lemma,9.0,34.0,3.0,12.0,58.0,0.15517241379310345,0.5862068965517241,0.05172413793103448,0.20689655172413793,1.5600930791567151,0.7800465395783576
peu,word,9.0,34.0,3.0,12.0,58.0,0.15517241379310345,0.5862068965517241,0.05172413793103448,0.20689655172413793,1.5600930791567151,0.7800465395783576
religion,word,2.0,0.0,2.0,3.0,7.0,0.2857142857142857,0.0,0.2857142857142857,0.42857142857142855,1.5566567074628228,0.7783283537314114
citoyen,lemma,2.0,3.0,0.0,2.0,7.0,0.2857142857142857,0.42857142857142855,0.0,0.2857142857142857,1.5566567074628228,0.7783283537314114
livre,word,2.0,0.0,2.0,3.0,7.0,0.2857142857142857,0.0,0.2857142857142857,0.42857142857142855,1.5566567074628228,0.7783283537314114
trump,word,4.0,4.0,0.0,6.0,14.0,0.2857142857142857,0.2857142857142857,0.0,0.42857142857142855,1.5566567074628228,0.7783283537314114
citoyens,word,2.0,3.0,0.0,2.0,7.0,0.2857142857142857,0.42857142857142855,0.0,0.2857142857142857,1.5566567074628228,0.7783283537314114
trump,lemma,4.0,4.0,0.0,6.0,14.0,0.2857142857142857,0.2857142857142857,0.0,0.42857142857142855,1.5566567074628228,0.7783283537314114
s'est,word,3.0,0.0,2.0,2.0,7.0,0.42857142857142855,0.0,0.2857142857142857,0.2857142857142857,1.5566567074628228,0.7783283537314114
réduire,lemma,1.0,1.0,1.0,5.0,8.0,0.125,0.125,0.125,0.625,1.5487949406953985,0.7743974703476992
.,punctuation,16.0,2.0,24.0,50.0,92.0,0.17391304347826086,0.021739130434782608,0.2608695652173913,0.5434782608695652,1.5427803309913175,0.7713901654956588
),punctuation,10.0,4.0,1.0,17.0,32.0,0.3125,0.125,0.03125,0.53125,1.5404328359334565,0.7702164179667282
air,lemma,8.0,1.0,1.0,5.0,15.0,0.5333333333333333,0.06666666666666667,0.06666666666666667,0.3333333333333333,1.5329145639793977,0.7664572819896989
vite,word,3.0,0.0,2.0,4.0,9.0,0.3333333333333333,0.0,0.2222222222222222,0.4444444444444444,1.5304930567574826,0.7652465283787413
vite,lemma,3.0,0.0,2.0,4.0,9.0,0.3333333333333333,0.0,0.2222222222222222,0.4444444444444444,1.5304930567574826,0.7652465283787413
europe,lemma,3.0,2.0,0.0,4.0,9.0,0.3333333333333333,0.2222222222222222,0.0,0.4444444444444444,1.5304930567574826,0.7652465283787413
europe,word,3.0,2.0,0.0,4.0,9.0,0.3333333333333333,0.2222222222222222,0.0,0.4444444444444444,1.5304930567574826,0.7652465283787413
loup,lemma,3.0,2.0,0.0,4.0,9.0,0.3333333333333333,0.2222222222222222,0.0,0.4444444444444444,1.5304930567574826,0.7652465283787413
regarder,lemma,4.0,0.0,3.0,2.0,9.0,0.4444444444444444,0.0,0.3333333333333333,0.2222222222222222,1.5304930567574824,0.7652465283787412
arrêter,word,3.0,0.0,4.0,2.0,9.0,0.3333333333333333,0.0,0.4444444444444444,0.2222222222222222,1.5304930567574824,0.7652465283787412
venir,lemma,6.0,4.0,2.0,19.0,31.0,0.1935483870967742,0.12903225806451613,0.06451612903225806,0.6129032258064516,1.5277318665238087,0.7638659332619043
femmes,word,4.0,3.0,0.0,6.0,13.0,0.3076923076923077,0.23076923076923078,0.0,0.46153846153846156,1.5262349099495225,0.7631174549747612
raconter,lemma,1.0,0.0,2.0,2.0,5.0,0.2,0.0,0.4,0.4,1.5219280948873621,0.7609640474436811
exister,lemma,1.0,2.0,0.0,2.0,5.0,0.2,0.4,0.0,0.4,1.5219280948873621,0.7609640474436811
d'être,word,1.0,0.0,2.0,2.0,5.0,0.2,0.0,0.4,0.4,1.5219280948873621,0.7609640474436811
climatique,lemma,2.0,2.0,0.0,1.0,5.0,0.4,0.4,0.0,0.2,1.5219280948873621,0.7609640474436811
insécurité,word,2.0,1.0,0.0,2.0,5.0,0.4,0.2,0.0,0.4,1.5219280948873621,0.7609640474436811
insécurité,lemma,2.0,1.0,0.0,2.0,5.0,0.4,0.2,0.0,0.4,1.5219280948873621,0.7609640474436811
insulter,word,4.0,4.0,2.0,0.0,10.0,0.4,0.4,0.2,0.0,1.5219280948873621,0.7609640474436811
sujet,word,2.0,1.0,0.0,2.0,5.0,0.4,0.2,0.0,0.4,1.5219280948873621,0.7609640474436811
sujet,lemma,2.0,1.0,0.0,2.0,5.0,0.4,0.2,0.0,0.4,1.5219280948873621,0.7609640474436811
supprimer,lemma,2.0,0.0,1.0,2.0,5.0,0.4,0.0,0.2,0.4,1.5219280948873621,0.7609640474436811
obligés,word,1.0,2.0,0.0,2.0,5.0,0.2,0.4,0.0,0.4,1.5219280948873621,0.7609640474436811
incroyable,word,0.0,2.0,1.0,2.0,5.0,0.0,0.4,0.2,0.4,1.5219280948873621,0.7609640474436811
célébré,word,2.0,1.0,0.0,2.0,5.0,0.4,0.2,0.0,0.4,1.5219280948873621,0.7609640474436811
santé,lemma,3.0,6.0,0.0,6.0,15.0,0.2,0.4,0.0,0.4,1.5219280948873621,0.7609640474436811
santé,word,3.0,6.0,0.0,6.0,15.0,0.2,0.4,0.0,0.4,1.5219280948873621,0.7609640474436811
misère,lemma,2.0,2.0,0.0,1.0,5.0,0.4,0.4,0.0,0.2,1.5219280948873621,0.7609640474436811
dieu,lemma,1.0,2.0,2.0,0.0,5.0,0.2,0.4,0.4,0.0,1.5219280948873621,0.7609640474436811
misère,word,2.0,2.0,0.0,1.0,5.0,0.4,0.4,0.0,0.2,1.5219280948873621,0.7609640474436811
dernier,lemma,4.0,2.0,0.0,4.0,10.0,0.4,0.2,0.0,0.4,1.5219280948873621,0.7609640474436811
rapporter,lemma,0.0,2.0,1.0,2.0,5.0,0.0,0.4,0.2,0.4,1.5219280948873621,0.7609640474436811
ouvrir,lemma,2.0,0.0,1.0,2.0,5.0,0.4,0.0,0.2,0.4,1.5219280948873621,0.7609640474436811
répondre,lemma,2.0,1.0,0.0,2.0,5.0,0.4,0.2,0.0,0.4,1.5219280948873621,0.7609640474436811
féliciter,lemma,1.0,2.0,0.0,2.0,5.0,0.2,0.4,0.0,0.4,1.5219280948873621,0.7609640474436811
question,word,1.0,0.0,2.0,2.0,5.0,0.2,0.0,0.4,0.4,1.5219280948873621,0.7609640474436811
question,lemma,1.0,0.0,2.0,2.0,5.0,0.2,0.0,0.4,0.4,1.5219280948873621,0.7609640474436811
changer,lemma,2.0,0.0,2.0,1.0,5.0,0.4,0.0,0.4,0.2,1.5219280948873621,0.7609640474436811
résultats,word,2.0,1.0,0.0,2.0,5.0,0.4,0.2,0.0,0.4,1.5219280948873621,0.7609640474436811
pardon,word,0.0,1.0,2.0,2.0,5.0,0.0,0.2,0.4,0.4,1.5219280948873621,0.7609640474436811
puissent,word,1.0,2.0,0.0,2.0,5.0,0.2,0.4,0.0,0.4,1.5219280948873621,0.7609640474436811
vidéo,lemma,1.0,0.0,2.0,2.0,5.0,0.2,0.0,0.4,0.4,1.5219280948873621,0.7609640474436811
pardon,lemma,0.0,1.0,2.0,2.0,5.0,0.0,0.2,0.4,0.4,1.5219280948873621,0.7609640474436811
parti,lemma,1.0,2.0,0.0,2.0,5.0,0.2,0.4,0.0,0.4,1.5219280948873621,0.7609640474436811
là-bas,word,2.0,1.0,0.0,2.0,5.0,0.4,0.2,0.0,0.4,1.5219280948873621,0.7609640474436811
agir,word,2.0,1.0,0.0,2.0,5.0,0.4,0.2,0.0,0.4,1.5219280948873621,0.7609640474436811
montre,word,0.0,2.0,2.0,1.0,5.0,0.0,0.4,0.4,0.2,1.5219280948873621,0.7609640474436811
dû,word,7.0,1.0,1.0,8.0,17.0,0.4117647058823529,0.058823529411764705,0.058823529411764705,0.47058823529411764,1.519728461579561,0.7598642307897805
encore,lemma,1.0,3.0,6.0,14.0,24.0,0.041666666666666664,0.125,0.25,0.5833333333333334,1.519644525083787,0.7598222625418934
encore,word,1.0,3.0,6.0,14.0,24.0,0.041666666666666664,0.125,0.25,0.5833333333333334,1.519644525083787,0.7598222625418934
voir,word,0.0,8.0,7.0,14.0,29.0,0.0,0.27586206896551724,0.2413793103448276,0.4827586206896552,1.5147239826031003,0.7573619913015501
super,word,0.0,5.0,3.0,7.0,15.0,0.0,0.3333333333333333,0.2,0.4666666666666667,1.5058231002082845,0.7529115501041422
super,lemma,0.0,5.0,3.0,7.0,15.0,0.0,0.3333333333333333,0.2,0.4666666666666667,1.5058231002082845,0.7529115501041422
passer,lemma,3.0,2.0,5.0,17.0,27.0,0.1111111111111111,0.07407407407407407,0.18518518518518517,0.6296296296296297,1.5011320844650964,0.7505660422325482
monstre,lemma,1.0,0.0,2.0,1.0,4.0,0.25,0.0,0.5,0.25,1.5,0.75
existent,word,1.0,1.0,0.0,2.0,4.0,0.25,0.25,0.0,0.5,1.5,0.75
finisse,lemma,0.0,1.0,1.0,2.0,4.0,0.0,0.25,0.25,0.5,1.5,0.75
amusant,lemma,2.0,4.0,2.0,0.0,8.0,0.25,0.5,0.25,0.0,1.5,0.75
finisse,word,0.0,1.0,1.0,2.0,4.0,0.0,0.25,0.25,0.5,1.5,0.75
environnement,lemma,2.0,2.0,0.0,4.0,8.0,0.25,0.25,0.0,0.5,1.5,0.75
amusant,word,2.0,4.0,2.0,0.0,8.0,0.25,0.5,0.25,0.0,1.5,0.75
loin,word,1.0,0.0,1.0,2.0,4.0,0.25,0.0,0.25,0.5,1.5,0.75
viennent,word,2.0,1.0,0.0,1.0,4.0,0.5,0.25,0.0,0.25,1.5,0.75
loin,lemma,1.0,0.0,1.0,2.0,4.0,0.25,0.0,0.25,0.5,1.5,0.75
mains,word,2.0,0.0,1.0,1.0,4.0,0.5,0.0,0.25,0.25,1.5,0.75
poste,word,1.0,0.0,1.0,2.0,4.0,0.25,0.0,0.25,0.5,1.5,0.75
diriger,lemma,1.0,1.0,0.0,2.0,4.0,0.25,0.25,0.0,0.5,1.5,0.75
homosexualité,word,2.0,2.0,0.0,4.0,8.0,0.25,0.25,0.0,0.5,1.5,0.75
force,lemma,1.0,0.0,1.0,2.0,4.0,0.25,0.0,0.25,0.5,1.5,0.75
employés,word,1.0,1.0,0.0,2.0,4.0,0.25,0.25,0.0,0.5,1.5,0.75
ministres,word,1.0,1.0,0.0,2.0,4.0,0.25,0.25,0.0,0.5,1.5,0.75
environnement,word,2.0,2.0,0.0,4.0,8.0,0.25,0.25,0.0,0.5,1.5,0.75
remette,word,1.0,1.0,0.0,2.0,4.0,0.25,0.25,0.0,0.5,1.5,0.75
pourrait,word,0.0,2.0,2.0,4.0,8.0,0.0,0.25,0.25,0.5,1.5,0.75
dieu,word,1.0,1.0,2.0,0.0,4.0,0.25,0.25,0.5,0.0,1.5,0.75
salles,word,1.0,2.0,0.0,1.0,4.0,0.25,0.5,0.0,0.25,1.5,0.75
sauter,lemma,2.0,0.0,1.0,1.0,4.0,0.5,0.0,0.25,0.25,1.5,0.75
polémique,word,1.0,1.0,0.0,2.0,4.0,0.25,0.25,0.0,0.5,1.5,0.75
polémique,lemma,1.0,1.0,0.0,2.0,4.0,0.25,0.25,0.0,0.5,1.5,0.75
message,lemma,1.0,0.0,1.0,2.0,4.0,0.25,0.0,0.25,0.5,1.5,0.75
employé,lemma,1.0,1.0,0.0,2.0,4.0,0.25,0.25,0.0,0.5,1.5,0.75
totalement,word,1.0,1.0,0.0,2.0,4.0,0.25,0.25,0.0,0.5,1.5,0.75
sort,word,1.0,0.0,1.0,2.0,4.0,0.25,0.0,0.25,0.5,1.5,0.75
chine,word,3.0,3.0,0.0,6.0,12.0,0.25,0.25,0.0,0.5,1.5,0.75
système,lemma,1.0,1.0,0.0,2.0,4.0,0.25,0.25,0.0,0.5,1.5,0.75
chocolat,lemma,1.0,0.0,1.0,2.0,4.0,0.25,0.0,0.25,0.5,1.5,0.75
truc,lemma,0.0,1.0,2.0,1.0,4.0,0.0,0.25,0.5,0.25,1.5,0.75
derrière,word,1.0,1.0,0.0,2.0,4.0,0.25,0.25,0.0,0.5,1.5,0.75
homosexualité,lemma,2.0,2.0,0.0,4.0,8.0,0.25,0.25,0.0,0.5,1.5,0.75
effet,lemma,1.0,1.0,0.0,2.0,4.0,0.25,0.25,0.0,0.5,1.5,0.75
ennui,lemma,1.0,2.0,0.0,1.0,4.0,0.25,0.5,0.0,0.25,1.5,0.75
élevé,lemma,1.0,1.0,0.0,2.0,4.0,0.25,0.25,0.0,0.5,1.5,0.75
parce,lemma,0.0,2.0,1.0,1.0,4.0,0.0,0.5,0.25,0.25,1.5,0.75
rôle,lemma,1.0,0.0,1.0,2.0,4.0,0.25,0.0,0.25,0.5,1.5,0.75
cœur,lemma,2.0,0.0,1.0,1.0,4.0,0.5,0.0,0.25,0.25,1.5,0.75
derrière,lemma,1.0,1.0,0.0,2.0,4.0,0.25,0.25,0.0,0.5,1.5,0.75
informatique,lemma,1.0,0.0,1.0,2.0,4.0,0.25,0.0,0.25,0.5,1.5,0.75
rôle,word,1.0,0.0,1.0,2.0,4.0,0.25,0.0,0.25,0.5,1.5,0.75
humanitaire,word,0.0,1.0,1.0,2.0,4.0,0.0,0.25,0.25,0.5,1.5,0.75
chambre,word,1.0,1.0,0.0,2.0,4.0,0.25,0.25,0.0,0.5,1.5,0.75
totalement,lemma,1.0,1.0,0.0,2.0,4.0,0.25,0.25,0.0,0.5,1.5,0.75
poissons,word,1.0,1.0,0.0,2.0,4.0,0.25,0.25,0.0,0.5,1.5,0.75
donald,lemma,3.0,3.0,0.0,6.0,12.0,0.25,0.25,0.0,0.5,1.5,0.75
cours,lemma,1.0,2.0,0.0,1.0,4.0,0.25,0.5,0.0,0.25,1.5,0.75
cours,word,1.0,2.0,0.0,1.0,4.0,0.25,0.5,0.0,0.25,1.5,0.75
poisson,lemma,1.0,1.0,0.0,2.0,4.0,0.25,0.25,0.0,0.5,1.5,0.75
ue,lemma,1.0,1.0,0.0,2.0,4.0,0.25,0.25,0.0,0.5,1.5,0.75
ue,word,1.0,1.0,0.0,2.0,4.0,0.25,0.25,0.0,0.5,1.5,0.75
parce,word,0.0,2.0,1.0,1.0,4.0,0.0,0.5,0.25,0.25,1.5,0.75
sortir,word,0.0,1.0,1.0,2.0,4.0,0.0,0.25,0.25,0.5,1.5,0.75
liberté,lemma,2.0,2.0,0.0,4.0,8.0,0.25,0.25,0.0,0.5,1.5,0.75
chine,lemma,3.0,3.0,0.0,6.0,12.0,0.25,0.25,0.0,0.5,1.5,0.75
jaune,lemma,2.0,0.0,1.0,1.0,4.0,0.5,0.0,0.25,0.25,1.5,0.75
payer,word,1.0,0.0,1.0,2.0,4.0,0.25,0.0,0.25,0.5,1.5,0.75
athlètes,word,1.0,1.0,0.0,2.0,4.0,0.25,0.25,0.0,0.5,1.5,0.75
athlète,lemma,1.0,1.0,0.0,2.0,4.0,0.25,0.25,0.0,0.5,1.5,0.75
gilet,lemma,2.0,0.0,1.0,1.0,4.0,0.5,0.0,0.25,0.25,1.5,0.75
lieu,word,1.0,0.0,1.0,2.0,4.0,0.25,0.0,0.25,0.5,1.5,0.75
besoin,lemma,0.0,2.0,1.0,1.0,4.0,0.0,0.5,0.25,0.25,1.5,0.75
cœur,word,2.0,0.0,1.0,1.0,4.0,0.5,0.0,0.25,0.25,1.5,0.75
faisant,word,2.0,2.0,0.0,4.0,8.0,0.25,0.25,0.0,0.5,1.5,0.75
donald,word,3.0,3.0,0.0,6.0,12.0,0.25,0.25,0.0,0.5,1.5,0.75
homophobes,word,1.0,2.0,0.0,1.0,4.0,0.25,0.5,0.0,0.25,1.5,0.75
seraient,word,1.0,0.0,1.0,2.0,4.0,0.25,0.0,0.25,0.5,1.5,0.75
vague,lemma,1.0,1.0,0.0,2.0,4.0,0.25,0.25,0.0,0.5,1.5,0.75
réagir,lemma,2.0,1.0,0.0,1.0,4.0,0.5,0.25,0.0,0.25,1.5,0.75
chocolat,word,1.0,0.0,1.0,2.0,4.0,0.25,0.0,0.25,0.5,1.5,0.75
ennuis,word,1.0,2.0,0.0,1.0,4.0,0.25,0.5,0.0,0.25,1.5,0.75
proposer,lemma,2.0,1.0,0.0,1.0,4.0,0.5,0.25,0.0,0.25,1.5,0.75
entraîne,word,1.0,1.0,0.0,2.0,4.0,0.25,0.25,0.0,0.5,1.5,0.75
genre,lemma,0.0,1.0,1.0,2.0,4.0,0.0,0.25,0.25,0.5,1.5,0.75
continue,word,1.0,0.0,1.0,2.0,4.0,0.25,0.0,0.25,0.5,1.5,0.75
genre,word,0.0,1.0,1.0,2.0,4.0,0.0,0.25,0.25,0.5,1.5,0.75
grande,word,8.0,9.0,0.0,17.0,34.0,0.23529411764705882,0.2647058823529412,0.0,0.5,1.4987512731845576,0.7493756365922788
peine,lemma,0.0,4.0,2.0,5.0,11.0,0.0,0.36363636363636365,0.18181818181818182,0.45454545454545453,1.4949188482339508,0.7474594241169754
véritable,word,0.0,5.0,2.0,4.0,11.0,0.0,0.45454545454545453,0.18181818181818182,0.36363636363636365,1.4949188482339508,0.7474594241169754
déjà,word,2.0,2.0,18.0,15.0,37.0,0.05405405405405406,0.05405405405405406,0.4864864864864865,0.40540540540540543,1.4888585288697769,0.7444292644348884
déjà,lemma,2.0,2.0,18.0,15.0,37.0,0.05405405405405406,0.05405405405405406,0.4864864864864865,0.40540540540540543,1.4888585288697769,0.7444292644348884
livre,lemma,2.0,0.0,3.0,5.0,10.0,0.2,0.0,0.3,0.5,1.4854752972273344,0.7427376486136672
militaires,word,3.0,2.0,0.0,5.0,10.0,0.3,0.2,0.0,0.5,1.4854752972273344,0.7427376486136672
militaire,lemma,3.0,2.0,0.0,5.0,10.0,0.3,0.2,0.0,0.5,1.4854752972273344,0.7427376486136672
venir,word,3.0,2.0,0.0,5.0,10.0,0.3,0.2,0.0,0.5,1.4854752972273344,0.7427376486136672
peine,word,0.0,3.0,2.0,5.0,10.0,0.0,0.3,0.2,0.5,1.4854752972273344,0.7427376486136672
violence,word,2.0,1.0,2.0,9.0,14.0,0.14285714285714285,0.07142857142857142,0.14285714285714285,0.6428571428571429,1.483831706844689,0.7419158534223445
loi,lemma,10.0,4.0,0.0,10.0,24.0,0.4166666666666667,0.16666666666666666,0.0,0.4166666666666667,1.4833557549816874,0.7416778774908437
tendu,lemma,2.0,5.0,0.0,5.0,12.0,0.16666666666666666,0.4166666666666667,0.0,0.4166666666666667,1.4833557549816874,0.7416778774908437
loi,word,8.0,3.0,0.0,5.0,16.0,0.5,0.1875,0.0,0.3125,1.4772170014624826,0.7386085007312413
homme,word,4.0,1.0,1.0,9.0,15.0,0.26666666666666666,0.06666666666666667,0.06666666666666667,0.6,1.471602261409798,0.735801130704899
gros,lemma,6.0,5.0,38.0,9.0,58.0,0.10344827586206896,0.08620689655172414,0.6551724137931034,0.15517241379310345,1.4602226157723859,0.7301113078861929
fous,word,1.0,0.0,2.0,3.0,6.0,0.16666666666666666,0.0,0.3333333333333333,0.5,1.4591479170272448,0.7295739585136224
régime,word,2.0,0.0,1.0,3.0,6.0,0.3333333333333333,0.0,0.16666666666666666,0.5,1.4591479170272448,0.7295739585136224
village,word,2.0,1.0,0.0,3.0,6.0,0.3333333333333333,0.16666666666666666,0.0,0.5,1.4591479170272448,0.7295739585136224
lui-même,word,2.0,1.0,0.0,3.0,6.0,0.3333333333333333,0.16666666666666666,0.0,0.5,1.4591479170272448,0.7295739585136224
ministre,word,3.0,2.0,0.0,1.0,6.0,0.5,0.3333333333333333,0.0,0.16666666666666666,1.4591479170272448,0.7295739585136224
vieux,lemma,2.0,0.0,1.0,3.0,6.0,0.3333333333333333,0.0,0.16666666666666666,0.5,1.4591479170272448,0.7295739585136224
salle,lemma,3.0,2.0,0.0,1.0,6.0,0.5,0.3333333333333333,0.0,0.16666666666666666,1.4591479170272448,0.7295739585136224
régime,lemma,2.0,0.0,1.0,3.0,6.0,0.3333333333333333,0.0,0.16666666666666666,0.5,1.4591479170272448,0.7295739585136224
mot,word,2.0,0.0,1.0,3.0,6.0,0.3333333333333333,0.0,0.16666666666666666,0.5,1.4591479170272448,0.7295739585136224
vaccin,lemma,2.0,1.0,0.0,3.0,6.0,0.3333333333333333,0.16666666666666666,0.0,0.5,1.4591479170272448,0.7295739585136224
provoquer,lemma,1.0,2.0,0.0,3.0,6.0,0.16666666666666666,0.3333333333333333,0.0,0.5,1.4591479170272448,0.7295739585136224
quotidien,lemma,2.0,1.0,0.0,3.0,6.0,0.3333333333333333,0.16666666666666666,0.0,0.5,1.4591479170272448,0.7295739585136224
familles,word,2.0,0.0,1.0,3.0,6.0,0.3333333333333333,0.0,0.16666666666666666,0.5,1.4591479170272448,0.7295739585136224
agression,word,1.0,2.0,0.0,3.0,6.0,0.16666666666666666,0.3333333333333333,0.0,0.5,1.4591479170272448,0.7295739585136224
joli,lemma,0.0,2.0,1.0,3.0,6.0,0.0,0.3333333333333333,0.16666666666666666,0.5,1.4591479170272448,0.7295739585136224
religieux,lemma,2.0,0.0,1.0,3.0,6.0,0.3333333333333333,0.0,0.16666666666666666,0.5,1.4591479170272448,0.7295739585136224
senti,word,2.0,3.0,0.0,1.0,6.0,0.3333333333333333,0.5,0.0,0.16666666666666666,1.4591479170272448,0.7295739585136224
droits,word,2.0,1.0,0.0,3.0,6.0,0.3333333333333333,0.16666666666666666,0.0,0.5,1.4591479170272448,0.7295739585136224
loup,word,2.0,1.0,0.0,3.0,6.0,0.3333333333333333,0.16666666666666666,0.0,0.5,1.4591479170272448,0.7295739585136224
certaines,word,2.0,1.0,0.0,3.0,6.0,0.3333333333333333,0.16666666666666666,0.0,0.5,1.4591479170272448,0.7295739585136224
laisse,word,0.0,1.0,2.0,3.0,6.0,0.0,0.16666666666666666,0.3333333333333333,0.5,1.4591479170272448,0.7295739585136224
photos,word,2.0,0.0,3.0,1.0,6.0,0.3333333333333333,0.0,0.5,0.16666666666666666,1.4591479170272448,0.7295739585136224
peuple,word,2.0,1.0,0.0,3.0,6.0,0.3333333333333333,0.16666666666666666,0.0,0.5,1.4591479170272448,0.7295739585136224
noirs,word,3.0,1.0,0.0,2.0,6.0,0.5,0.16666666666666666,0.0,0.3333333333333333,1.4591479170272446,0.7295739585136223
américaine,word,3.0,1.0,0.0,2.0,6.0,0.5,0.16666666666666666,0.0,0.3333333333333333,1.4591479170272446,0.7295739585136223
excuse,lemma,3.0,1.0,0.0,2.0,6.0,0.5,0.16666666666666666,0.0,0.3333333333333333,1.4591479170272446,0.7295739585136223
ancien,word,3.0,1.0,0.0,2.0,6.0,0.5,0.16666666666666666,0.0,0.3333333333333333,1.4591479170272446,0.7295739585136223
zone,lemma,3.0,1.0,0.0,2.0,6.0,0.5,0.16666666666666666,0.0,0.3333333333333333,1.4591479170272446,0.7295739585136223
compte,lemma,3.0,0.0,1.0,2.0,6.0,0.5,0.0,0.16666666666666666,0.3333333333333333,1.4591479170272446,0.7295739585136223
voiture,word,3.0,0.0,1.0,2.0,6.0,0.5,0.0,0.16666666666666666,0.3333333333333333,1.4591479170272446,0.7295739585136223
faute,lemma,0.0,3.0,1.0,2.0,6.0,0.0,0.5,0.16666666666666666,0.3333333333333333,1.4591479170272446,0.7295739585136223
coupable,lemma,1.0,3.0,0.0,2.0,6.0,0.16666666666666666,0.5,0.0,0.3333333333333333,1.4591479170272446,0.7295739585136223
plutôt,word,1.0,3.0,0.0,2.0,6.0,0.16666666666666666,0.5,0.0,0.3333333333333333,1.4591479170272446,0.7295739585136223
plutôt,lemma,1.0,3.0,0.0,2.0,6.0,0.16666666666666666,0.5,0.0,0.3333333333333333,1.4591479170272446,0.7295739585136223
compte,word,3.0,0.0,1.0,2.0,6.0,0.5,0.0,0.16666666666666666,0.3333333333333333,1.4591479170272446,0.7295739585136223
résultat,lemma,3.0,1.0,0.0,2.0,6.0,0.5,0.16666666666666666,0.0,0.3333333333333333,1.4591479170272446,0.7295739585136223
différent,lemma,3.0,1.0,0.0,2.0,6.0,0.5,0.16666666666666666,0.0,0.3333333333333333,1.4591479170272446,0.7295739585136223
petit,lemma,8.0,6.0,2.0,28.0,44.0,0.18181818181818182,0.13636363636363635,0.045454545454545456,0.6363636363636364,1.4568017817750278,0.7284008908875139
penser,lemma,4.0,0.0,3.0,8.0,15.0,0.26666666666666666,0.0,0.2,0.5333333333333333,1.456564762130954,0.728282381065477
homme,lemma,7.0,3.0,1.0,17.0,28.0,0.25,0.10714285714285714,0.03571428571428571,0.6071428571428571,1.454024912849659,0.7270124564248295
droit,lemma,5.0,1.0,1.0,10.0,17.0,0.29411764705882354,0.058823529411764705,0.058823529411764705,0.5882352941176471,1.450467463408549,0.7252337317042745
insulter,lemma,6.0,6.0,2.0,0.0,14.0,0.42857142857142855,0.42857142857142855,0.14285714285714285,0.0,1.4488156357251847,0.7244078178625923
mère,lemma,1.0,0.0,3.0,3.0,7.0,0.14285714285714285,0.0,0.42857142857142855,0.42857142857142855,1.4488156357251847,0.7244078178625923
lutter,lemma,3.0,1.0,0.0,3.0,7.0,0.42857142857142855,0.14285714285714285,0.0,0.42857142857142855,1.4488156357251847,0.7244078178625923
particulièrement,lemma,1.0,3.0,0.0,3.0,7.0,0.14285714285714285,0.42857142857142855,0.0,0.42857142857142855,1.4488156357251847,0.7244078178625923
regarde,word,3.0,0.0,3.0,1.0,7.0,0.42857142857142855,0.0,0.42857142857142855,0.14285714285714285,1.4488156357251847,0.7244078178625923
comment,word,0.0,1.0,3.0,3.0,7.0,0.0,0.14285714285714285,0.42857142857142855,0.42857142857142855,1.4488156357251847,0.7244078178625923
comment,lemma,0.0,1.0,3.0,3.0,7.0,0.0,0.14285714285714285,0.42857142857142855,0.42857142857142855,1.4488156357251847,0.7244078178625923
particulièrement,word,1.0,3.0,0.0,3.0,7.0,0.14285714285714285,0.42857142857142855,0.0,0.42857142857142855,1.4488156357251847,0.7244078178625923
persécutions,word,1.0,3.0,0.0,3.0,7.0,0.14285714285714285,0.42857142857142855,0.0,0.42857142857142855,1.4488156357251847,0.7244078178625923
territoire,word,3.0,1.0,0.0,3.0,7.0,0.42857142857142855,0.14285714285714285,0.0,0.42857142857142855,1.4488156357251847,0.7244078178625923
feu,word,3.0,1.0,0.0,3.0,7.0,0.42857142857142855,0.14285714285714285,0.0,0.42857142857142855,1.4488156357251847,0.7244078178625923
persécution,lemma,1.0,3.0,0.0,3.0,7.0,0.14285714285714285,0.42857142857142855,0.0,0.42857142857142855,1.4488156357251847,0.7244078178625923
demander,word,3.0,0.0,1.0,3.0,7.0,0.42857142857142855,0.0,0.14285714285714285,0.42857142857142855,1.4488156357251847,0.7244078178625923
assez,lemma,3.0,19.0,1.0,17.0,40.0,0.075,0.475,0.025,0.425,1.4481186309161784,0.7240593154580892
assez,word,3.0,19.0,1.0,17.0,40.0,0.075,0.475,0.025,0.425,1.4481186309161784,0.7240593154580892
travail,word,10.0,4.0,1.0,22.0,37.0,0.2702702702702703,0.10810810810810811,0.02702702702702703,0.5945945945945946,1.4438648099831615,0.7219324049915807
bon,lemma,1.0,6.0,14.0,30.0,51.0,0.0196078431372549,0.11764705882352941,0.27450980392156865,0.5882352941176471,1.4367496207677908,0.7183748103838954
demander,lemma,4.0,0.0,4.0,10.0,18.0,0.2222222222222222,0.0,0.2222222222222222,0.5555555555555556,1.4355205042826666,0.7177602521413333
peuple,lemma,2.0,2.0,0.0,5.0,9.0,0.2222222222222222,0.2222222222222222,0.0,0.5555555555555556,1.4355205042826666,0.7177602521413333
jusqu,word,2.0,0.0,5.0,2.0,9.0,0.2222222222222222,0.0,0.5555555555555556,0.2222222222222222,1.4355205042826666,0.7177602521413333
payer,lemma,6.0,0.0,2.0,3.0,11.0,0.5454545454545454,0.0,0.18181818181818182,0.2727272727272727,1.4353713907745331,0.7176856953872666
mourir,word,0.0,3.0,2.0,6.0,11.0,0.0,0.2727272727272727,0.18181818181818182,0.5454545454545454,1.4353713907745331,0.7176856953872666
mettre,lemma,24.0,2.0,4.0,7.0,37.0,0.6486486486486487,0.05405405405405406,0.10810810810810811,0.1891891891891892,1.4340321636908153,0.7170160818454077
véritable,lemma,0.0,5.0,2.0,7.0,14.0,0.0,0.35714285714285715,0.14285714285714285,0.5,1.4315602842833155,0.7157801421416577
président,word,19.0,6.0,0.0,10.0,35.0,0.5428571428571428,0.17142857142857143,0.0,0.2857142857142857,1.4310064824127182,0.7155032412063591
soi,lemma,149.0,20.0,8.0,89.0,266.0,0.5601503759398496,0.07518796992481203,0.03007518796992481,0.33458646616541354,1.4295871467695402,0.7147935733847701
président,lemma,20.0,6.0,0.0,11.0,37.0,0.5405405405405406,0.16216216216216217,0.0,0.2972972972972973,1.425613238410451,0.7128066192052255
jeune,lemma,2.0,1.0,2.0,10.0,15.0,0.13333333333333333,0.06666666666666667,0.13333333333333333,0.6666666666666666,1.4256051990169438,0.7128025995084719
états-unis,word,4.0,2.0,0.0,7.0,13.0,0.3076923076923077,0.15384615384615385,0.0,0.5384615384615384,1.419556298571613,0.7097781492858065
travail,lemma,10.0,4.0,1.0,24.0,39.0,0.2564102564102564,0.10256410256410256,0.02564102564102564,0.6153846153846154,1.4069821940883669,0.7034910970441834
premier,lemma,5.0,3.0,3.0,23.0,34.0,0.14705882352941177,0.08823529411764706,0.08823529411764706,0.6764705882352942,1.406246945130485,0.7031234725652425
quelle,word,1.0,0.0,4.0,3.0,8.0,0.125,0.0,0.5,0.375,1.4056390622295665,0.7028195311147832
train,lemma,3.0,1.0,0.0,4.0,8.0,0.375,0.125,0.0,0.5,1.4056390622295665,0.7028195311147832
honneur,lemma,3.0,4.0,0.0,1.0,8.0,0.375,0.5,0.0,0.125,1.4056390622295665,0.7028195311147832
feu,lemma,4.0,1.0,0.0,3.0,8.0,0.5,0.125,0.0,0.375,1.4056390622295665,0.7028195311147832
territoire,lemma,3.0,1.0,0.0,4.0,8.0,0.375,0.125,0.0,0.5,1.4056390622295665,0.7028195311147832
remettre,lemma,4.0,1.0,0.0,3.0,8.0,0.5,0.125,0.0,0.375,1.4056390622295665,0.7028195311147832
emporter,lemma,4.0,1.0,0.0,3.0,8.0,0.5,0.125,0.0,0.375,1.4056390622295665,0.7028195311147832
lieu,lemma,3.0,0.0,1.0,4.0,8.0,0.375,0.0,0.125,0.5,1.4056390622295665,0.7028195311147832
mentir,lemma,3.0,0.0,1.0,4.0,8.0,0.375,0.0,0.125,0.5,1.4056390622295665,0.7028195311147832
photo,lemma,3.0,0.0,4.0,1.0,8.0,0.375,0.0,0.5,0.125,1.4056390622295665,0.7028195311147832
qu'il,word,0.0,1.0,4.0,3.0,8.0,0.0,0.125,0.5,0.375,1.4056390622295665,0.7028195311147832
femme,lemma,4.0,4.0,0.0,11.0,19.0,0.21052631578947367,0.21052631578947367,0.0,0.5789473684210527,1.402993418443045,0.7014967092215225
chose,lemma,9.0,5.0,4.0,37.0,55.0,0.16363636363636364,0.09090909090909091,0.07272727272727272,0.6727272727272727,1.4015644405121366,0.7007822202560683
(,punctuation,10.0,4.0,0.0,16.0,30.0,0.3333333333333333,0.13333333333333333,0.0,0.5333333333333333,1.3995812306460644,0.6997906153230322
immense,lemma,8.0,2.0,0.0,5.0,15.0,0.5333333333333333,0.13333333333333333,0.0,0.3333333333333333,1.3995812306460644,0.6997906153230322
première,word,2.0,3.0,2.0,15.0,22.0,0.09090909090909091,0.13636363636363635,0.09090909090909091,0.6818181818181818,1.3976931442604223,0.6988465721302112
nombreux,lemma,14.0,4.0,0.0,17.0,35.0,0.4,0.11428571428571428,0.0,0.4857142857142857,1.3924305252289026,0.6962152626144513
sacrer,lemma,0.0,1.0,4.0,4.0,9.0,0.0,0.1111111111111111,0.4444444444444444,0.4444444444444444,1.3921472236645345,0.6960736118322672
dix,lemma,4.0,0.0,1.0,4.0,9.0,0.4444444444444444,0.0,0.1111111111111111,0.4444444444444444,1.3921472236645345,0.6960736118322672
pourquoi,lemma,1.0,0.0,4.0,4.0,9.0,0.1111111111111111,0.0,0.4444444444444444,0.4444444444444444,1.3921472236645345,0.6960736118322672
ancien,lemma,4.0,1.0,0.0,4.0,9.0,0.4444444444444444,0.1111111111111111,0.0,0.4444444444444444,1.3921472236645345,0.6960736118322672
poste,lemma,4.0,0.0,1.0,4.0,9.0,0.4444444444444444,0.0,0.1111111111111111,0.4444444444444444,1.3921472236645345,0.6960736118322672
dix,word,4.0,0.0,1.0,4.0,9.0,0.4444444444444444,0.0,0.1111111111111111,0.4444444444444444,1.3921472236645345,0.6960736118322672
main,lemma,4.0,0.0,1.0,4.0,9.0,0.4444444444444444,0.0,0.1111111111111111,0.4444444444444444,1.3921472236645345,0.6960736118322672
subissent,word,1.0,4.0,0.0,4.0,9.0,0.1111111111111111,0.4444444444444444,0.0,0.4444444444444444,1.3921472236645345,0.6960736118322672
conflit,word,7.0,2.0,0.0,3.0,12.0,0.5833333333333334,0.16666666666666666,0.0,0.25,1.384431504340598,0.692215752170299
voir,lemma,1.0,8.0,15.0,40.0,64.0,0.015625,0.125,0.234375,0.625,1.3831174573496519,0.6915587286748259
bonne,word,0.0,4.0,3.0,10.0,17.0,0.0,0.23529411764705882,0.17647058823529413,0.5882352941176471,1.3830999911893338,0.6915499955946669
gouverner,lemma,2.0,1.0,0.0,4.0,7.0,0.2857142857142857,0.14285714285714285,0.0,0.5714285714285714,1.3787834934861753,0.6893917467430877
père,word,1.0,4.0,0.0,2.0,7.0,0.14285714285714285,0.5714285714285714,0.0,0.2857142857142857,1.3787834934861753,0.6893917467430877
honneur,word,2.0,4.0,0.0,1.0,7.0,0.2857142857142857,0.5714285714285714,0.0,0.14285714285714285,1.3787834934861753,0.6893917467430877
train,word,2.0,1.0,0.0,4.0,7.0,0.2857142857142857,0.14285714285714285,0.0,0.5714285714285714,1.3787834934861753,0.6893917467430877
fêter,lemma,2.0,0.0,1.0,4.0,7.0,0.2857142857142857,0.0,0.14285714285714285,0.5714285714285714,1.3787834934861753,0.6893917467430877
père,lemma,1.0,4.0,0.0,2.0,7.0,0.14285714285714285,0.5714285714285714,0.0,0.2857142857142857,1.3787834934861753,0.6893917467430877
fêter,word,2.0,0.0,1.0,4.0,7.0,0.2857142857142857,0.0,0.14285714285714285,0.5714285714285714,1.3787834934861753,0.6893917467430877
soutenir,lemma,4.0,1.0,0.0,2.0,7.0,0.5714285714285714,0.14285714285714285,0.0,0.2857142857142857,1.3787834934861753,0.6893917467430877
passe,word,0.0,1.0,4.0,2.0,7.0,0.0,0.14285714285714285,0.5714285714285714,0.2857142857142857,1.3787834934861753,0.6893917467430877
avance,word,4.0,0.0,1.0,2.0,7.0,0.5714285714285714,0.0,0.14285714285714285,0.2857142857142857,1.3787834934861753,0.6893917467430877
bâtiments,word,2.0,1.0,0.0,4.0,7.0,0.2857142857142857,0.14285714285714285,0.0,0.5714285714285714,1.3787834934861753,0.6893917467430877
appeler,lemma,8.0,0.0,2.0,4.0,14.0,0.5714285714285714,0.0,0.14285714285714285,0.2857142857142857,1.3787834934861753,0.6893917467430877
français,word,4.0,2.0,0.0,8.0,14.0,0.2857142857142857,0.14285714285714285,0.0,0.5714285714285714,1.3787834934861753,0.6893917467430877
toucher,lemma,1.0,2.0,0.0,4.0,7.0,0.14285714285714285,0.2857142857142857,0.0,0.5714285714285714,1.3787834934861753,0.6893917467430877
bonbon,lemma,0.0,1.0,2.0,4.0,7.0,0.0,0.14285714285714285,0.2857142857142857,0.5714285714285714,1.3787834934861753,0.6893917467430877
bonbons,word,0.0,1.0,2.0,4.0,7.0,0.0,0.14285714285714285,0.2857142857142857,0.5714285714285714,1.3787834934861753,0.6893917467430877
porter,word,4.0,0.0,1.0,2.0,7.0,0.5714285714285714,0.0,0.14285714285714285,0.2857142857142857,1.3787834934861753,0.6893917467430877
installer,lemma,1.0,2.0,0.0,4.0,7.0,0.14285714285714285,0.2857142857142857,0.0,0.5714285714285714,1.3787834934861753,0.6893917467430877
avance,lemma,4.0,0.0,1.0,2.0,7.0,0.5714285714285714,0.0,0.14285714285714285,0.2857142857142857,1.3787834934861753,0.6893917467430877
bâtiment,lemma,2.0,1.0,0.0,4.0,7.0,0.2857142857142857,0.14285714285714285,0.0,0.5714285714285714,1.3787834934861753,0.6893917467430877
croire,lemma,0.0,2.0,8.0,9.0,19.0,0.0,0.10526315789473684,0.42105263157894735,0.47368421052631576,1.3779630390761746,0.6889815195380873
pu,word,1.0,2.0,2.0,11.0,16.0,0.0625,0.125,0.125,0.6875,1.3716407621868583,0.6858203810934291
affaire,lemma,1.0,0.0,3.0,1.0,5.0,0.2,0.0,0.6,0.2,1.3709505944546687,0.6854752972273344
affaires,word,1.0,0.0,3.0,1.0,5.0,0.2,0.0,0.6,0.2,1.3709505944546687,0.6854752972273344
national,word,1.0,1.0,0.0,3.0,5.0,0.2,0.2,0.0,0.6,1.3709505944546687,0.6854752972273344
facilement,lemma,1.0,1.0,0.0,3.0,5.0,0.2,0.2,0.0,0.6,1.3709505944546687,0.6854752972273344
bonnes,word,1.0,1.0,0.0,3.0,5.0,0.2,0.2,0.0,0.6,1.3709505944546687,0.6854752972273344
île,lemma,1.0,1.0,0.0,3.0,5.0,0.2,0.2,0.0,0.6,1.3709505944546687,0.6854752972273344
épidémie,word,1.0,1.0,0.0,3.0,5.0,0.2,0.2,0.0,0.6,1.3709505944546687,0.6854752972273344
embête,word,1.0,3.0,0.0,1.0,5.0,0.2,0.6,0.0,0.2,1.3709505944546687,0.6854752972273344
lutter,word,1.0,1.0,0.0,3.0,5.0,0.2,0.2,0.0,0.6,1.3709505944546687,0.6854752972273344
homophobe,lemma,1.0,3.0,0.0,1.0,5.0,0.2,0.6,0.0,0.2,1.3709505944546687,0.6854752972273344
entraîner,lemma,1.0,1.0,0.0,3.0,5.0,0.2,0.2,0.0,0.6,1.3709505944546687,0.6854752972273344
humanitaire,lemma,0.0,1.0,1.0,3.0,5.0,0.0,0.2,0.2,0.6,1.3709505944546687,0.6854752972273344
croire,word,0.0,1.0,1.0,3.0,5.0,0.0,0.2,0.2,0.6,1.3709505944546687,0.6854752972273344
revendiquer,lemma,3.0,1.0,0.0,1.0,5.0,0.6,0.2,0.0,0.2,1.3709505944546687,0.6854752972273344
planète,lemma,0.0,3.0,1.0,1.0,5.0,0.0,0.6,0.2,0.2,1.3709505944546687,0.6854752972273344
planète,word,0.0,3.0,1.0,1.0,5.0,0.0,0.6,0.2,0.2,1.3709505944546687,0.6854752972273344
joyeux,word,1.0,3.0,0.0,1.0,5.0,0.2,0.6,0.0,0.2,1.3709505944546687,0.6854752972273344
île,word,1.0,1.0,0.0,3.0,5.0,0.2,0.2,0.0,0.6,1.3709505944546687,0.6854752972273344
autour,lemma,1.0,1.0,0.0,3.0,5.0,0.2,0.2,0.0,0.6,1.3709505944546687,0.6854752972273344
aime,word,1.0,0.0,1.0,3.0,5.0,0.2,0.0,0.2,0.6,1.3709505944546687,0.6854752972273344
racisme,lemma,3.0,1.0,0.0,1.0,5.0,0.6,0.2,0.0,0.2,1.3709505944546687,0.6854752972273344
centaines,word,1.0,0.0,1.0,3.0,5.0,0.2,0.0,0.2,0.6,1.3709505944546687,0.6854752972273344
liberté,word,1.0,1.0,0.0,3.0,5.0,0.2,0.2,0.0,0.6,1.3709505944546687,0.6854752972273344
autour,word,1.0,1.0,0.0,3.0,5.0,0.2,0.2,0.0,0.6,1.3709505944546687,0.6854752972273344
faute,word,0.0,3.0,1.0,1.0,5.0,0.0,0.6,0.2,0.2,1.3709505944546687,0.6854752972273344
facilement,word,1.0,1.0,0.0,3.0,5.0,0.2,0.2,0.0,0.6,1.3709505944546687,0.6854752972273344
public,lemma,3.0,1.0,0.0,1.0,5.0,0.6,0.2,0.0,0.2,1.3709505944546687,0.6854752972273344
langue,word,1.0,0.0,1.0,3.0,5.0,0.2,0.0,0.2,0.6,1.3709505944546687,0.6854752972273344
langue,lemma,1.0,0.0,1.0,3.0,5.0,0.2,0.0,0.2,0.6,1.3709505944546687,0.6854752972273344
conflit,lemma,9.0,2.0,0.0,5.0,16.0,0.5625,0.125,0.0,0.3125,1.3663146570363986,0.6831573285181993
famille,lemma,6.0,1.0,1.0,13.0,21.0,0.2857142857142857,0.047619047619047616,0.047619047619047616,0.6190476190476191,1.3630083113425155,0.6815041556712578
hausse,word,4.0,1.0,0.0,5.0,10.0,0.4,0.1,0.0,0.5,1.360964047443681,0.6804820237218405
responsables,word,4.0,1.0,0.0,5.0,10.0,0.4,0.1,0.0,0.5,1.360964047443681,0.6804820237218405
pourquoi,word,1.0,0.0,5.0,4.0,10.0,0.1,0.0,0.5,0.4,1.360964047443681,0.6804820237218405
hausse,lemma,4.0,1.0,0.0,5.0,10.0,0.4,0.1,0.0,0.5,1.360964047443681,0.6804820237218405
noir,word,4.0,0.0,1.0,5.0,10.0,0.4,0.0,0.1,0.5,1.360964047443681,0.6804820237218405
parle,word,1.0,0.0,4.0,5.0,10.0,0.1,0.0,0.4,0.5,1.360964047443681,0.6804820237218405
violence,lemma,8.0,4.0,2.0,29.0,43.0,0.18604651162790697,0.09302325581395349,0.046511627906976744,0.6744186046511628,1.3592543161276889,0.6796271580638444
problèmes,word,2.0,1.0,1.0,9.0,13.0,0.15384615384615385,0.07692307692307693,0.07692307692307693,0.6923076923076923,1.3520301017579528,0.6760150508789764
changement,lemma,5.0,1.0,0.0,3.0,9.0,0.5555555555555556,0.1111111111111111,0.0,0.3333333333333333,1.3516441151533924,0.6758220575766962
punir,lemma,3.0,1.0,0.0,5.0,9.0,0.3333333333333333,0.1111111111111111,0.0,0.5555555555555556,1.3516441151533924,0.6758220575766962
jouer,word,0.0,1.0,5.0,3.0,9.0,0.0,0.1111111111111111,0.5555555555555556,0.3333333333333333,1.3516441151533924,0.6758220575766962
journalistes,word,5.0,1.0,0.0,3.0,9.0,0.5555555555555556,0.1111111111111111,0.0,0.3333333333333333,1.3516441151533924,0.6758220575766962
carburant,word,1.0,3.0,0.0,5.0,9.0,0.1111111111111111,0.3333333333333333,0.0,0.5555555555555556,1.3516441151533924,0.6758220575766962
célébrer,lemma,5.0,1.0,0.0,5.0,11.0,0.45454545454545453,0.09090909090909091,0.0,0.45454545454545453,1.3485878960124222,0.6742939480062111
dictature,word,5.0,1.0,0.0,5.0,11.0,0.45454545454545453,0.09090909090909091,0.0,0.45454545454545453,1.3485878960124222,0.6742939480062111
attentat,lemma,4.0,3.0,0.0,11.0,18.0,0.2222222222222222,0.16666666666666666,0.0,0.6111111111111112,1.3472230399326601,0.6736115199663301
nombreuses,word,14.0,3.0,0.0,7.0,24.0,0.5833333333333334,0.125,0.0,0.2916666666666667,1.3470732979972746,0.6735366489986373
contre,lemma,53.0,12.0,0.0,24.0,89.0,0.5955056179775281,0.1348314606741573,0.0,0.2696629213483146,1.3449645082943622,0.6724822541471811
contre,word,53.0,12.0,0.0,24.0,89.0,0.5955056179775281,0.1348314606741573,0.0,0.2696629213483146,1.3449645082943622,0.6724822541471811
aimer,lemma,2.0,0.0,9.0,11.0,22.0,0.09090909090909091,0.0,0.4090909090909091,0.5,1.3420192178195207,0.6710096089097604
génial,lemma,0.0,9.0,4.0,2.0,15.0,0.0,0.6,0.26666666666666666,0.13333333333333333,1.3382689280764646,0.6691344640382323
génial,word,0.0,9.0,4.0,2.0,15.0,0.0,0.6,0.26666666666666666,0.13333333333333333,1.3382689280764646,0.6691344640382323
hommes,word,3.0,2.0,0.0,8.0,13.0,0.23076923076923078,0.15384615384615385,0.0,0.6153846153846154,1.3346791410515946,0.6673395705257973
mort,word,6.0,4.0,0.0,16.0,26.0,0.23076923076923078,0.15384615384615385,0.0,0.6153846153846154,1.3346791410515946,0.6673395705257973
dictature,lemma,6.0,1.0,0.0,5.0,12.0,0.5,0.08333333333333333,0.0,0.4166666666666667,1.3250112108241772,0.6625056054120886
voiture,lemma,6.0,0.0,1.0,5.0,12.0,0.5,0.0,0.08333333333333333,0.4166666666666667,1.3250112108241772,0.6625056054120886
maisons,word,5.0,1.0,0.0,6.0,12.0,0.4166666666666667,0.08333333333333333,0.0,0.5,1.3250112108241772,0.6625056054120886
trouver,word,6.0,1.0,0.0,5.0,12.0,0.5,0.08333333333333333,0.0,0.4166666666666667,1.3250112108241772,0.6625056054120886
france,lemma,6.0,3.0,0.0,14.0,23.0,0.2608695652173913,0.13043478260869565,0.0,0.6086956521739131,1.3249692858267144,0.6624846429133572
france,word,6.0,3.0,0.0,14.0,23.0,0.2608695652173913,0.13043478260869565,0.0,0.6086956521739131,1.3249692858267144,0.6624846429133572
gagner,word,1.0,3.0,1.0,11.0,16.0,0.0625,0.1875,0.0625,0.6875,1.3244602933016414,0.6622301466508207
protéger,lemma,12.0,3.0,0.0,18.0,33.0,0.36363636363636365,0.09090909090909091,0.0,0.5454545454545454,1.3221793455166666,0.6610896727583333
village,lemma,4.0,1.0,0.0,6.0,11.0,0.36363636363636365,0.09090909090909091,0.0,0.5454545454545454,1.3221793455166666,0.6610896727583333
journaliste,lemma,6.0,1.0,0.0,4.0,11.0,0.5454545454545454,0.09090909090909091,0.0,0.36363636363636365,1.3221793455166666,0.6610896727583333
responsable,lemma,4.0,1.0,0.0,6.0,11.0,0.36363636363636365,0.09090909090909091,0.0,0.5454545454545454,1.3221793455166666,0.6610896727583333
plein,lemma,1.0,4.0,0.0,6.0,11.0,0.09090909090909091,0.36363636363636365,0.0,0.5454545454545454,1.3221793455166666,0.6610896727583333
immense,word,6.0,1.0,0.0,4.0,11.0,0.5454545454545454,0.09090909090909091,0.0,0.36363636363636365,1.3221793455166666,0.6610896727583333
arriver,lemma,2.0,2.0,2.0,15.0,21.0,0.09523809523809523,0.09523809523809523,0.09523809523809523,0.7142857142857143,1.3159669973441042,0.6579834986720521
travailler,lemma,12.0,2.0,0.0,7.0,21.0,0.5714285714285714,0.09523809523809523,0.0,0.3333333333333333,1.3127443531093745,0.6563721765546873
terroriste,lemma,2.0,5.0,0.0,11.0,18.0,0.1111111111111111,0.2777777777777778,0.0,0.6111111111111112,1.2997367636952524,0.6498683818476262
etats-unis,word,4.0,2.0,0.0,10.0,16.0,0.25,0.125,0.0,0.625,1.2987949406953985,0.6493974703476992
plein,word,1.0,2.0,0.0,5.0,8.0,0.125,0.25,0.0,0.625,1.2987949406953985,0.6493974703476992
obliger,lemma,1.0,2.0,0.0,5.0,8.0,0.125,0.25,0.0,0.625,1.2987949406953985,0.6493974703476992
riche,lemma,2.0,1.0,0.0,5.0,8.0,0.25,0.125,0.0,0.625,1.2987949406953985,0.6493974703476992
augmentation,lemma,1.0,2.0,0.0,5.0,8.0,0.125,0.25,0.0,0.625,1.2987949406953985,0.6493974703476992
lois,word,2.0,1.0,0.0,5.0,8.0,0.25,0.125,0.0,0.625,1.2987949406953985,0.6493974703476992
augmentation,word,1.0,2.0,0.0,5.0,8.0,0.125,0.25,0.0,0.625,1.2987949406953985,0.6493974703476992
moment,word,1.0,0.0,2.0,5.0,8.0,0.125,0.0,0.25,0.625,1.2987949406953985,0.6493974703476992
grands,word,2.0,0.0,1.0,5.0,8.0,0.25,0.0,0.125,0.625,1.2987949406953985,0.6493974703476992
devant,word,5.0,1.0,0.0,2.0,8.0,0.625,0.125,0.0,0.25,1.2987949406953985,0.6493974703476992
devant,lemma,5.0,1.0,0.0,2.0,8.0,0.625,0.125,0.0,0.25,1.2987949406953985,0.6493974703476992
épidémie,lemma,2.0,1.0,0.0,5.0,8.0,0.25,0.125,0.0,0.625,1.2987949406953985,0.6493974703476992
espionner,lemma,2.0,1.0,0.0,5.0,8.0,0.25,0.125,0.0,0.625,1.2987949406953985,0.6493974703476992
prendre,word,7.0,1.0,0.0,6.0,14.0,0.5,0.07142857142857142,0.0,0.42857142857142855,1.2958363892911637,0.6479181946455819
politique,word,7.0,1.0,0.0,5.0,13.0,0.5384615384615384,0.07692307692307693,0.0,0.38461538461538464,1.2957378005380122,0.6478689002690061
quel,lemma,1.0,0.0,7.0,5.0,13.0,0.07692307692307693,0.0,0.5384615384615384,0.38461538461538464,1.2957378005380122,0.6478689002690061
ferme,lemma,1.0,0.0,6.0,3.0,10.0,0.1,0.0,0.6,0.3,1.295461844238322,0.647730922119161
soit,word,1.0,6.0,0.0,3.0,10.0,0.1,0.6,0.0,0.3,1.295461844238322,0.647730922119161
travailler,word,12.0,2.0,0.0,6.0,20.0,0.6,0.1,0.0,0.3,1.295461844238322,0.647730922119161
guerre,word,15.0,5.0,0.0,30.0,50.0,0.3,0.1,0.0,0.6,1.295461844238322,0.647730922119161
français,lemma,6.0,2.0,0.0,12.0,20.0,0.3,0.1,0.0,0.6,1.295461844238322,0.647730922119161
ferme,word,1.0,0.0,6.0,3.0,10.0,0.1,0.0,0.6,0.3,1.295461844238322,0.647730922119161
attaques,word,3.0,1.0,0.0,6.0,10.0,0.3,0.1,0.0,0.6,1.295461844238322,0.647730922119161
mot,lemma,3.0,0.0,1.0,6.0,10.0,0.3,0.0,0.1,0.6,1.295461844238322,0.647730922119161
politique,lemma,19.0,3.0,0.0,10.0,32.0,0.59375,0.09375,0.0,0.3125,1.2911002747979619,0.6455501373989809
prendre,lemma,14.0,1.0,1.0,20.0,36.0,0.3888888888888889,0.027777777777777776,0.027777777777777776,0.5555555555555556,1.288215812371376,0.644107906185688
carburant,lemma,2.0,3.0,0.0,9.0,14.0,0.14285714285714285,0.21428571428571427,0.0,0.6428571428571429,1.287054028118727,0.6435270140593635
cour,lemma,1.0,0.0,4.0,7.0,12.0,0.08333333333333333,0.0,0.3333333333333333,0.5833333333333334,1.2806721295208872,0.6403360647604436
civil,lemma,4.0,1.0,0.0,7.0,12.0,0.3333333333333333,0.08333333333333333,0.0,0.5833333333333334,1.2806721295208872,0.6403360647604436
cour,word,1.0,0.0,4.0,7.0,12.0,0.08333333333333333,0.0,0.3333333333333333,0.5833333333333334,1.2806721295208872,0.6403360647604436
jour,lemma,1.0,2.0,3.0,15.0,21.0,0.047619047619047616,0.09523809523809523,0.14285714285714285,0.7142857142857143,1.280019973431558,0.640009986715779
politiques,word,12.0,2.0,0.0,5.0,19.0,0.631578947368421,0.10526315789473684,0.0,0.2631578947368421,1.2674438038072335,0.6337219019036168
histoire,lemma,0.0,2.0,4.0,11.0,17.0,0.0,0.11764705882352941,0.23529411764705882,0.6470588235294118,1.2607717938967942,0.6303858969483971
drôle,word,0.0,19.0,3.0,26.0,48.0,0.0,0.3958333333333333,0.0625,0.5416666666666666,1.2583595230282398,0.6291797615141199
argent,lemma,6.0,2.0,2.0,25.0,35.0,0.17142857142857143,0.05714285714285714,0.05714285714285714,0.7142857142857143,1.254820738410822,0.627410369205411
argent,word,6.0,2.0,2.0,25.0,35.0,0.17142857142857143,0.05714285714285714,0.05714285714285714,0.7142857142857143,1.254820738410822,0.627410369205411
police,lemma,9.0,1.0,0.0,7.0,17.0,0.5294117647058824,0.058823529411764705,0.0,0.4117647058823529,1.253297578463043,0.6266487892315215
police,word,9.0,1.0,0.0,7.0,17.0,0.5294117647058824,0.058823529411764705,0.0,0.4117647058823529,1.253297578463043,0.6266487892315215
habitations,word,1.0,1.0,0.0,4.0,6.0,0.16666666666666666,0.16666666666666666,0.0,0.6666666666666666,1.2516291673878228,0.6258145836939114
moquerie,lemma,1.0,1.0,0.0,4.0,6.0,0.16666666666666666,0.16666666666666666,0.0,0.6666666666666666,1.2516291673878228,0.6258145836939114
éclaté,word,4.0,1.0,0.0,1.0,6.0,0.6666666666666666,0.16666666666666666,0.0,0.16666666666666666,1.2516291673878228,0.6258145836939114
activité,lemma,1.0,1.0,0.0,4.0,6.0,0.16666666666666666,0.16666666666666666,0.0,0.6666666666666666,1.2516291673878228,0.6258145836939114
moqueries,word,1.0,1.0,0.0,4.0,6.0,0.16666666666666666,0.16666666666666666,0.0,0.6666666666666666,1.2516291673878228,0.6258145836939114
européen,lemma,1.0,1.0,0.0,4.0,6.0,0.16666666666666666,0.16666666666666666,0.0,0.6666666666666666,1.2516291673878228,0.6258145836939114
appartenir,lemma,0.0,1.0,1.0,4.0,6.0,0.0,0.16666666666666666,0.16666666666666666,0.6666666666666666,1.2516291673878228,0.6258145836939114
membres,word,1.0,1.0,0.0,4.0,6.0,0.16666666666666666,0.16666666666666666,0.0,0.6666666666666666,1.2516291673878228,0.6258145836939114
prison,lemma,1.0,1.0,0.0,4.0,6.0,0.16666666666666666,0.16666666666666666,0.0,0.6666666666666666,1.2516291673878228,0.6258145836939114
trouvé,word,1.0,0.0,1.0,4.0,6.0,0.16666666666666666,0.0,0.16666666666666666,0.6666666666666666,1.2516291673878228,0.6258145836939114
joyeux,lemma,1.0,4.0,0.0,1.0,6.0,0.16666666666666666,0.6666666666666666,0.0,0.16666666666666666,1.2516291673878228,0.6258145836939114
image,word,1.0,0.0,1.0,4.0,6.0,0.16666666666666666,0.0,0.16666666666666666,0.6666666666666666,1.2516291673878228,0.6258145836939114
habitation,lemma,1.0,1.0,0.0,4.0,6.0,0.16666666666666666,0.16666666666666666,0.0,0.6666666666666666,1.2516291673878228,0.6258145836939114
prison,word,1.0,1.0,0.0,4.0,6.0,0.16666666666666666,0.16666666666666666,0.0,0.6666666666666666,1.2516291673878228,0.6258145836939114
racisme,word,4.0,1.0,0.0,1.0,6.0,0.6666666666666666,0.16666666666666666,0.0,0.16666666666666666,1.2516291673878228,0.6258145836939114
pd,lemma,0.0,1.0,4.0,1.0,6.0,0.0,0.16666666666666666,0.6666666666666666,0.16666666666666666,1.2516291673878228,0.6258145836939114
pd,word,0.0,1.0,4.0,1.0,6.0,0.0,0.16666666666666666,0.6666666666666666,0.16666666666666666,1.2516291673878228,0.6258145836939114
dirigeant,lemma,8.0,2.0,0.0,2.0,12.0,0.6666666666666666,0.16666666666666666,0.0,0.16666666666666666,1.2516291673878228,0.6258145836939114
blessé,lemma,1.0,1.0,0.0,4.0,6.0,0.16666666666666666,0.16666666666666666,0.0,0.6666666666666666,1.2516291673878228,0.6258145836939114
chambre,lemma,1.0,1.0,0.0,4.0,6.0,0.16666666666666666,0.16666666666666666,0.0,0.6666666666666666,1.2516291673878228,0.6258145836939114
guerre,lemma,18.0,5.0,0.0,37.0,60.0,0.3,0.08333333333333333,0.0,0.6166666666666667,1.2499228451306923,0.6249614225653461
insulte,lemma,10.0,17.0,0.0,2.0,29.0,0.3448275862068966,0.5862068965517241,0.0,0.06896551724137931,1.2474241244334552,0.6237120622167276
menacé,word,3.0,7.0,0.0,1.0,11.0,0.2727272727272727,0.6363636363636364,0.0,0.09090909090909091,1.2406705316766884,0.6203352658383442
parfois,word,3.0,0.0,1.0,7.0,11.0,0.2727272727272727,0.0,0.09090909090909091,0.6363636363636364,1.2406705316766884,0.6203352658383442
condition,lemma,6.0,2.0,0.0,14.0,22.0,0.2727272727272727,0.09090909090909091,0.0,0.6363636363636364,1.2406705316766884,0.6203352658383442
conditions,word,6.0,2.0,0.0,14.0,22.0,0.2727272727272727,0.09090909090909091,0.0,0.6363636363636364,1.2406705316766884,0.6203352658383442
mauvaises,word,3.0,1.0,0.0,7.0,11.0,0.2727272727272727,0.09090909090909091,0.0,0.6363636363636364,1.2406705316766884,0.6203352658383442
parfois,lemma,3.0,0.0,1.0,7.0,11.0,0.2727272727272727,0.0,0.09090909090909091,0.6363636363636364,1.2406705316766884,0.6203352658383442
droit,word,3.0,0.0,1.0,7.0,11.0,0.2727272727272727,0.0,0.09090909090909091,0.6363636363636364,1.2406705316766884,0.6203352658383442
drôle,lemma,0.0,21.0,3.0,29.0,53.0,0.0,0.39622641509433965,0.05660377358490566,0.5471698113207547,1.23971286514401,0.619856432572005
tenir,lemma,1.0,0.0,4.0,8.0,13.0,0.07692307692307693,0.0,0.3076923076923077,0.6153846153846154,1.2389012566026305,0.6194506283013153
nouvelle,word,4.0,1.0,0.0,8.0,13.0,0.3076923076923077,0.07692307692307693,0.0,0.6153846153846154,1.2389012566026305,0.6194506283013153
battre,lemma,7.0,0.0,1.0,10.0,18.0,0.3888888888888889,0.0,0.05555555555555555,0.5555555555555556,1.2326602568158205,0.6163301284079102
sentir,lemma,3.0,3.0,1.0,19.0,26.0,0.11538461538461539,0.11538461538461539,0.038461538461538464,0.7307692307692307,1.2304244196889744,0.6152122098444872
mauvais,lemma,5.0,6.0,0.0,23.0,34.0,0.14705882352941177,0.17647058823529413,0.0,0.6764705882352942,1.229776356895191,0.6148881784475955
nouveau,lemma,10.0,3.0,0.0,23.0,36.0,0.2777777777777778,0.08333333333333333,0.0,0.6388888888888888,1.2250335169881905,0.6125167584940953
entendre,lemma,1.0,0.0,2.0,6.0,9.0,0.1111111111111111,0.0,0.2222222222222222,0.6666666666666666,1.224394445405986,0.612197222702993
hors,word,1.0,2.0,0.0,6.0,9.0,0.1111111111111111,0.2222222222222222,0.0,0.6666666666666666,1.224394445405986,0.612197222702993
hors,lemma,1.0,2.0,0.0,6.0,9.0,0.1111111111111111,0.2222222222222222,0.0,0.6666666666666666,1.224394445405986,0.612197222702993
premier,word,2.0,0.0,1.0,6.0,9.0,0.2222222222222222,0.0,0.1111111111111111,0.6666666666666666,1.224394445405986,0.612197222702993
musulman,lemma,2.0,1.0,0.0,6.0,9.0,0.2222222222222222,0.1111111111111111,0.0,0.6666666666666666,1.224394445405986,0.612197222702993
prend,word,2.0,0.0,1.0,6.0,9.0,0.2222222222222222,0.0,0.1111111111111111,0.6666666666666666,1.224394445405986,0.612197222702993
subir,lemma,1.0,11.0,0.0,9.0,21.0,0.047619047619047616,0.5238095238095238,0.0,0.42857142857142855,1.221694907636328,0.610847453818164
attaquer,lemma,9.0,2.0,0.0,18.0,29.0,0.3103448275862069,0.06896551724137931,0.0,0.6206896551724138,1.2170163386123156,0.6085081693061578
personnes,word,7.0,3.0,1.0,28.0,39.0,0.1794871794871795,0.07692307692307693,0.02564102564102564,0.717948717948718,1.2081635067037966,0.6040817533518983
graves,word,1.0,1.0,1.0,9.0,12.0,0.08333333333333333,0.08333333333333333,0.08333333333333333,0.75,1.207518749639422,0.603759374819711
américain,lemma,8.0,1.0,0.0,12.0,21.0,0.38095238095238093,0.047619047619047616,0.0,0.5714285714285714,1.2009102795095283,0.6004551397547642
faut,word,0.0,1.0,8.0,12.0,21.0,0.0,0.047619047619047616,0.38095238095238093,0.5714285714285714,1.2009102795095283,0.6004551397547642
idée,word,1.0,0.0,5.0,10.0,16.0,0.0625,0.0,0.3125,0.625,1.198192411043098,0.599096205521549
place,lemma,9.0,0.0,1.0,4.0,14.0,0.6428571428571429,0.0,0.07142857142857142,0.2857142857142857,1.1981174211304033,0.5990587105652017
nouveau,word,4.0,1.0,0.0,9.0,14.0,0.2857142857142857,0.07142857142857142,0.0,0.6428571428571429,1.1981174211304033,0.5990587105652017
lettre,lemma,1.0,0.0,3.0,8.0,12.0,0.08333333333333333,0.0,0.25,0.6666666666666666,1.188721875540867,0.5943609377704335
rue,word,8.0,0.0,1.0,3.0,12.0,0.6666666666666666,0.0,0.08333333333333333,0.25,1.188721875540867,0.5943609377704335
lettre,word,1.0,0.0,3.0,8.0,12.0,0.08333333333333333,0.0,0.25,0.6666666666666666,1.188721875540867,0.5943609377704335
bon,word,0.0,1.0,11.0,14.0,26.0,0.0,0.038461538461538464,0.4230769230769231,0.5384615384615384,1.1867198445327565,0.5933599222663782
juste,lemma,2.0,0.0,23.0,12.0,37.0,0.05405405405405406,0.0,0.6216216216216216,0.32432432432432434,1.1807648521704317,0.5903824260852159
violences,word,6.0,3.0,0.0,20.0,29.0,0.20689655172413793,0.10344827586206896,0.0,0.6896551724137931,1.1785594639469634,0.5892797319734817
protéger,word,12.0,1.0,0.0,15.0,28.0,0.42857142857142855,0.03571428571428571,0.0,0.5357142857142857,1.1779653169582593,0.5889826584791297
juste,word,2.0,0.0,23.0,11.0,36.0,0.05555555555555555,0.0,0.6388888888888888,0.3055555555555556,1.1672674238222691,0.5836337119111346
jouer,lemma,0.0,1.0,5.0,11.0,17.0,0.0,0.058823529411764705,0.29411764705882354,0.6470588235294118,1.1660870601063933,0.5830435300531966
c'est,word,0.0,2.0,17.0,6.0,25.0,0.0,0.08,0.68,0.24,1.1639904575514164,0.5819952287757082
an,lemma,1.0,4.0,3.0,24.0,32.0,0.03125,0.125,0.09375,0.75,1.1626878900165245,0.5813439450082623
ans,word,1.0,4.0,3.0,24.0,32.0,0.03125,0.125,0.09375,0.75,1.1626878900165245,0.5813439450082623
attaque,lemma,4.0,1.0,0.0,10.0,15.0,0.26666666666666666,0.06666666666666667,0.0,0.6666666666666666,1.1589385323502772,0.5794692661751386
famille,word,4.0,1.0,0.0,10.0,15.0,0.26666666666666666,0.06666666666666667,0.0,0.6666666666666666,1.1589385323502772,0.5794692661751386
certains,word,2.0,0.0,1.0,7.0,10.0,0.2,0.0,0.1,0.7,1.1567796494470395,0.5783898247235197
civile,word,2.0,1.0,0.0,7.0,10.0,0.2,0.1,0.0,0.7,1.1567796494470395,0.5783898247235197
humain,lemma,1.0,2.0,0.0,7.0,10.0,0.1,0.2,0.0,0.7,1.1567796494470395,0.5783898247235197
insultes,word,4.0,14.0,0.0,2.0,20.0,0.2,0.7,0.0,0.1,1.1567796494470395,0.5783898247235197
jours,word,1.0,0.0,2.0,7.0,10.0,0.1,0.0,0.2,0.7,1.1567796494470395,0.5783898247235197
écrire,lemma,2.0,0.0,1.0,7.0,10.0,0.2,0.0,0.1,0.7,1.1567796494470395,0.5783898247235197
animaux,word,1.0,3.0,1.0,15.0,20.0,0.05,0.15,0.05,0.75,1.1540157730727998,0.5770078865363999
falloir,lemma,0.0,1.0,11.0,17.0,29.0,0.0,0.034482758620689655,0.3793103448275862,0.5862068965517241,1.14968388801495,0.574841944007475
événement,lemma,1.0,1.0,0.0,5.0,7.0,0.14285714285714285,0.14285714285714285,0.0,0.7142857142857143,1.1488348542809166,0.5744174271404583
écrit,word,1.0,0.0,1.0,5.0,7.0,0.14285714285714285,0.0,0.14285714285714285,0.7142857142857143,1.1488348542809166,0.5744174271404583
agression,lemma,2.0,2.0,0.0,10.0,14.0,0.14285714285714285,0.14285714285714285,0.0,0.7142857142857143,1.1488348542809166,0.5744174271404583
événement,word,1.0,1.0,0.0,5.0,7.0,0.14285714285714285,0.14285714285714285,0.0,0.7142857142857143,1.1488348542809166,0.5744174271404583
éclater,lemma,5.0,1.0,0.0,1.0,7.0,0.7142857142857143,0.14285714285714285,0.0,0.14285714285714285,1.1488348542809166,0.5744174271404583
membre,lemma,1.0,1.0,0.0,5.0,7.0,0.14285714285714285,0.14285714285714285,0.0,0.7142857142857143,1.1488348542809166,0.5744174271404583
temps,word,2.0,0.0,2.0,10.0,14.0,0.14285714285714285,0.0,0.14285714285714285,0.7142857142857143,1.1488348542809166,0.5744174271404583
temps,lemma,2.0,0.0,2.0,10.0,14.0,0.14285714285714285,0.0,0.14285714285714285,0.7142857142857143,1.1488348542809166,0.5744174271404583
espèce,lemma,1.0,0.0,1.0,5.0,7.0,0.14285714285714285,0.0,0.14285714285714285,0.7142857142857143,1.1488348542809166,0.5744174271404583
centaine,lemma,1.0,0.0,1.0,5.0,7.0,0.14285714285714285,0.0,0.14285714285714285,0.7142857142857143,1.1488348542809166,0.5744174271404583
apprendre,lemma,0.0,1.0,1.0,5.0,7.0,0.0,0.14285714285714285,0.14285714285714285,0.7142857142857143,1.1488348542809166,0.5744174271404583
apprendre,word,0.0,1.0,1.0,5.0,7.0,0.0,0.14285714285714285,0.14285714285714285,0.7142857142857143,1.1488348542809166,0.5744174271404583
général,word,5.0,1.0,0.0,1.0,7.0,0.7142857142857143,0.14285714285714285,0.0,0.14285714285714285,1.1488348542809166,0.5744174271404583
dur,word,1.0,0.0,3.0,9.0,13.0,0.07692307692307693,0.0,0.23076923076923078,0.6923076923076923,1.1401156785146092,0.5700578392573046
place,word,9.0,0.0,1.0,3.0,13.0,0.6923076923076923,0.0,0.07692307692307693,0.23076923076923078,1.1401156785146092,0.5700578392573046
pauvre,lemma,1.0,0.0,3.0,9.0,13.0,0.07692307692307693,0.0,0.23076923076923078,0.6923076923076923,1.1401156785146092,0.5700578392573046
rire,lemma,27.0,3.0,2.0,3.0,35.0,0.7714285714285715,0.08571428571428572,0.05714285714285714,0.08571428571428572,1.1323762294380926,0.5661881147190463
mort,lemma,8.0,4.0,0.0,31.0,43.0,0.18604651162790697,0.09302325581395349,0.0,0.7209302325581395,1.1104488100045833,0.5552244050022916
rester,lemma,5.0,0.0,1.0,13.0,19.0,0.2631578947368421,0.0,0.05263157894736842,0.6842105263157895,1.1050139971135322,0.5525069985567661
terroristes,word,2.0,2.0,0.0,11.0,15.0,0.13333333333333333,0.13333333333333333,0.0,0.7333333333333333,1.103307408607834,0.551653704303917
incroyable,lemma,0.0,8.0,1.0,2.0,11.0,0.0,0.7272727272727273,0.09090909090909091,0.18181818181818182,1.0957952550009336,0.5478976275004668
année,lemma,1.0,2.0,0.0,8.0,11.0,0.09090909090909091,0.18181818181818182,0.0,0.7272727272727273,1.0957952550009336,0.5478976275004668
macron,word,8.0,2.0,0.0,1.0,11.0,0.7272727272727273,0.18181818181818182,0.0,0.09090909090909091,1.0957952550009336,0.5478976275004668
emmanuel,word,8.0,2.0,0.0,1.0,11.0,0.7272727272727273,0.18181818181818182,0.0,0.09090909090909091,1.0957952550009336,0.5478976275004668
jour,word,0.0,2.0,1.0,8.0,11.0,0.0,0.18181818181818182,0.09090909090909091,0.7272727272727273,1.0957952550009336,0.5478976275004668
emmanuel,lemma,8.0,2.0,0.0,1.0,11.0,0.7272727272727273,0.18181818181818182,0.0,0.09090909090909091,1.0957952550009336,0.5478976275004668
new,lemma,2.0,0.0,1.0,8.0,11.0,0.18181818181818182,0.0,0.09090909090909091,0.7272727272727273,1.0957952550009336,0.5478976275004668
énorme,lemma,0.0,8.0,1.0,2.0,11.0,0.0,0.7272727272727273,0.09090909090909091,0.18181818181818182,1.0957952550009336,0.5478976275004668
macron,lemma,8.0,2.0,0.0,1.0,11.0,0.7272727272727273,0.18181818181818182,0.0,0.09090909090909091,1.0957952550009336,0.5478976275004668
animal,lemma,1.0,4.0,1.0,19.0,25.0,0.04,0.16,0.04,0.76,1.0954312795575998,0.5477156397787999
dur,lemma,1.0,0.0,3.0,10.0,14.0,0.07142857142857142,0.0,0.21428571428571427,0.7142857142857143,1.0949143184120975,0.5474571592060488
respecter,lemma,3.0,1.0,0.0,10.0,14.0,0.21428571428571427,0.07142857142857142,0.0,0.7142857142857143,1.0949143184120975,0.5474571592060488
frrrintek,word,1.0,0.0,12.0,4.0,17.0,0.058823529411764705,0.0,0.7058823529411765,0.23529411764705882,1.0863128407412879,0.5431564203706439
frrrintek,lemma,1.0,0.0,12.0,4.0,17.0,0.058823529411764705,0.0,0.7058823529411765,0.23529411764705882,1.0863128407412879,0.5431564203706439
fête,word,20.0,0.0,1.0,9.0,30.0,0.6666666666666666,0.0,0.03333333333333333,0.3,1.07462769858425,0.537313849292125
maison,lemma,11.0,1.0,0.0,23.0,35.0,0.3142857142857143,0.02857142857142857,0.0,0.6571428571428571,1.0694066513929217,0.5347033256964608
musulmans,word,1.0,1.0,0.0,6.0,8.0,0.125,0.125,0.0,0.75,1.061278124459133,0.5306390622295665
cause,lemma,2.0,2.0,0.0,12.0,16.0,0.125,0.125,0.0,0.75,1.061278124459133,0.5306390622295665
cause,word,2.0,2.0,0.0,12.0,16.0,0.125,0.125,0.0,0.75,1.061278124459133,0.5306390622295665
mouvement,word,6.0,1.0,0.0,1.0,8.0,0.75,0.125,0.0,0.125,1.061278124459133,0.5306390622295665
suffisamment,lemma,1.0,1.0,0.0,6.0,8.0,0.125,0.125,0.0,0.75,1.061278124459133,0.5306390622295665
suffisamment,word,1.0,1.0,0.0,6.0,8.0,0.125,0.125,0.0,0.75,1.061278124459133,0.5306390622295665
longtemps,word,1.0,1.0,0.0,6.0,8.0,0.125,0.125,0.0,0.75,1.061278124459133,0.5306390622295665
national,lemma,1.0,1.0,0.0,6.0,8.0,0.125,0.125,0.0,0.75,1.061278124459133,0.5306390622295665
longtemps,lemma,1.0,1.0,0.0,6.0,8.0,0.125,0.125,0.0,0.75,1.061278124459133,0.5306390622295665
rendre,lemma,25.0,1.0,1.0,6.0,33.0,0.7575757575757576,0.030303030303030304,0.030303030303030304,0.18181818181818182,1.0563280663676942,0.5281640331838471
attentats,word,3.0,1.0,0.0,11.0,15.0,0.2,0.06666666666666667,0.0,0.7333333333333333,1.0529815751302694,0.5264907875651347
histoire,word,0.0,1.0,3.0,11.0,15.0,0.0,0.06666666666666667,0.2,0.7333333333333333,1.0529815751302694,0.5264907875651347
avant,lemma,2.0,5.0,0.0,20.0,27.0,0.07407407407407407,0.18518518518518517,0.0,0.7407407407407407,1.0493985254159108,0.5246992627079554
avant,word,2.0,5.0,0.0,20.0,27.0,0.07407407407407407,0.18518518518518517,0.0,0.7407407407407407,1.0493985254159108,0.5246992627079554
fête,lemma,22.0,0.0,1.0,9.0,32.0,0.6875,0.0,0.03125,0.28125,1.0425993555312076,0.5212996777656038
sourire,word,9.0,1.0,0.0,2.0,12.0,0.75,0.08333333333333333,0.0,0.16666666666666666,1.0408520829727552,0.5204260414863776
horrible,lemma,0.0,13.0,2.0,2.0,17.0,0.0,0.7647058823529411,0.11764705882352941,0.11764705882352941,1.022420703848328,0.511210351924164
grave,lemma,1.0,5.0,4.0,38.0,48.0,0.020833333333333332,0.10416666666666667,0.08333333333333333,0.7916666666666666,1.0218190426942175,0.5109095213471088
crier,lemma,14.0,0.0,1.0,4.0,19.0,0.7368421052631579,0.0,0.05263157894736842,0.21052631578947367,1.0214554656116666,0.5107277328058333
menacer,lemma,6.0,36.0,0.0,5.0,47.0,0.1276595744680851,0.7659574468085106,0.0,0.10638297872340426,1.0176374574077012,0.5088187287038506
armée,word,2.0,0.0,0.0,2.0,4.0,0.5,0.0,0.0,0.5,1.0,0.5
entrée,lemma,2.0,0.0,0.0,2.0,4.0,0.5,0.0,0.0,0.5,1.0,0.5
attaqué,word,6.0,0.0,0.0,6.0,12.0,0.5,0.0,0.0,0.5,1.0,0.5
prise,lemma,2.0,0.0,0.0,2.0,4.0,0.5,0.0,0.0,0.5,1.0,0.5
quartier,lemma,2.0,0.0,0.0,2.0,4.0,0.5,0.0,0.0,0.5,1.0,0.5
forêt,lemma,0.0,3.0,0.0,3.0,6.0,0.0,0.5,0.0,0.5,1.0,0.5
abri,word,2.0,0.0,0.0,2.0,4.0,0.5,0.0,0.0,0.5,1.0,0.5
excellent,lemma,0.0,0.0,2.0,2.0,4.0,0.0,0.0,0.5,0.5,1.0,0.5
exceptionnel,word,0.0,2.0,0.0,2.0,4.0,0.0,0.5,0.0,0.5,1.0,0.5
voitures,word,3.0,0.0,0.0,3.0,6.0,0.5,0.0,0.0,0.5,1.0,0.5
expulser,lemma,2.0,0.0,0.0,2.0,4.0,0.5,0.0,0.0,0.5,1.0,0.5
favoriser,word,2.0,0.0,0.0,2.0,4.0,0.5,0.0,0.0,0.5,1.0,0.5
favoriser,lemma,2.0,0.0,0.0,2.0,4.0,0.5,0.0,0.0,0.5,1.0,0.5
raciste,word,2.0,0.0,0.0,2.0,4.0,0.5,0.0,0.0,0.5,1.0,0.5
abriter,lemma,2.0,0.0,0.0,2.0,4.0,0.5,0.0,0.0,0.5,1.0,0.5
excuses,word,2.0,0.0,0.0,2.0,4.0,0.5,0.0,0.0,0.5,1.0,0.5
expulser,word,2.0,0.0,0.0,2.0,4.0,0.5,0.0,0.0,0.5,1.0,0.5
objets,word,0.0,2.0,0.0,2.0,4.0,0.0,0.5,0.0,0.5,1.0,0.5
objet,lemma,0.0,2.0,0.0,2.0,4.0,0.0,0.5,0.0,0.5,1.0,0.5
nuire,lemma,2.0,0.0,0.0,2.0,4.0,0.5,0.0,0.0,0.5,1.0,0.5
nuire,word,2.0,0.0,0.0,2.0,4.0,0.5,0.0,0.0,0.5,1.0,0.5
menaçant,word,2.0,2.0,0.0,0.0,4.0,0.5,0.5,0.0,0.0,1.0,0.5
côté,word,3.0,0.0,0.0,3.0,6.0,0.5,0.0,0.0,0.5,1.0,0.5
pile,lemma,0.0,0.0,5.0,5.0,10.0,0.0,0.0,0.5,0.5,1.0,0.5
inaction,word,2.0,0.0,0.0,2.0,4.0,0.5,0.0,0.0,0.5,1.0,0.5
prises,word,2.0,0.0,0.0,2.0,4.0,0.5,0.0,0.0,0.5,1.0,0.5
arracher,lemma,2.0,0.0,0.0,2.0,4.0,0.5,0.0,0.0,0.5,1.0,0.5
entreprise,lemma,4.0,0.0,0.0,4.0,8.0,0.5,0.0,0.0,0.5,1.0,0.5
corruption,word,6.0,0.0,0.0,6.0,12.0,0.5,0.0,0.0,0.5,1.0,0.5
corruption,lemma,6.0,0.0,0.0,6.0,12.0,0.5,0.0,0.0,0.5,1.0,0.5
ville,lemma,11.0,0.0,0.0,11.0,22.0,0.5,0.0,0.0,0.5,1.0,0.5
aujourd,word,0.0,0.0,2.0,2.0,4.0,0.0,0.0,0.5,0.5,1.0,0.5
battre,word,3.0,0.0,0.0,3.0,6.0,0.5,0.0,0.0,0.5,1.0,0.5
organiser,word,2.0,0.0,0.0,2.0,4.0,0.5,0.0,0.0,0.5,1.0,0.5
tas,lemma,0.0,0.0,3.0,3.0,6.0,0.0,0.0,0.5,0.5,1.0,0.5
tas,word,0.0,0.0,3.0,3.0,6.0,0.0,0.0,0.5,0.5,1.0,0.5
crise,lemma,0.0,2.0,0.0,2.0,4.0,0.0,0.5,0.0,0.5,1.0,0.5
oreille,lemma,2.0,0.0,0.0,2.0,4.0,0.5,0.0,0.0,0.5,1.0,0.5
inaction,lemma,2.0,0.0,0.0,2.0,4.0,0.5,0.0,0.0,0.5,1.0,0.5
piles,word,0.0,0.0,4.0,4.0,8.0,0.0,0.0,0.5,0.5,1.0,0.5
personnel,lemma,3.0,0.0,0.0,3.0,6.0,0.5,0.0,0.0,0.5,1.0,0.5
croit,word,0.0,0.0,3.0,3.0,6.0,0.0,0.0,0.5,0.5,1.0,0.5
conflits,word,2.0,0.0,0.0,2.0,4.0,0.5,0.0,0.0,0.5,1.0,0.5
concurrence,lemma,2.0,0.0,0.0,2.0,4.0,0.5,0.0,0.0,0.5,1.0,0.5
concurrence,word,2.0,0.0,0.0,2.0,4.0,0.5,0.0,0.0,0.5,1.0,0.5
personnelles,word,2.0,0.0,0.0,2.0,4.0,0.5,0.0,0.0,0.5,1.0,0.5
crise,word,0.0,2.0,0.0,2.0,4.0,0.0,0.5,0.0,0.5,1.0,0.5
hui,word,0.0,0.0,2.0,2.0,4.0,0.0,0.0,0.5,0.5,1.0,0.5
humiliation,lemma,0.0,2.0,0.0,2.0,4.0,0.0,0.5,0.0,0.5,1.0,0.5
humeur,word,0.0,2.0,0.0,2.0,4.0,0.0,0.5,0.0,0.5,1.0,0.5
humeur,lemma,0.0,2.0,0.0,2.0,4.0,0.0,0.5,0.0,0.5,1.0,0.5
illégalement,word,2.0,0.0,0.0,2.0,4.0,0.5,0.0,0.0,0.5,1.0,0.5
illégalement,lemma,2.0,0.0,0.0,2.0,4.0,0.5,0.0,0.0,0.5,1.0,0.5
covid,word,0.0,2.0,0.0,2.0,4.0,0.0,0.5,0.0,0.5,1.0,0.5
punir,word,3.0,0.0,0.0,3.0,6.0,0.5,0.0,0.0,0.5,1.0,0.5
terribles,word,0.0,2.0,0.0,2.0,4.0,0.0,0.5,0.0,0.5,1.0,0.5
déloyale,lemma,2.0,0.0,0.0,2.0,4.0,0.5,0.0,0.0,0.5,1.0,0.5
décisions,word,4.0,0.0,0.0,4.0,8.0,0.5,0.0,0.0,0.5,1.0,0.5
timidement,word,2.0,2.0,0.0,0.0,4.0,0.5,0.5,0.0,0.0,1.0,0.5
timidement,lemma,2.0,2.0,0.0,0.0,4.0,0.5,0.5,0.0,0.0,1.0,0.5
timide,lemma,2.0,2.0,0.0,0.0,4.0,0.5,0.5,0.0,0.0,1.0,0.5
théâtre,lemma,4.0,0.0,0.0,4.0,8.0,0.5,0.0,0.0,0.5,1.0,0.5
gagnera,lemma,2.0,0.0,0.0,2.0,4.0,0.5,0.0,0.0,0.5,1.0,0.5
chef,word,3.0,0.0,0.0,3.0,6.0,0.5,0.0,0.0,0.5,1.0,0.5
chef,lemma,3.0,0.0,0.0,3.0,6.0,0.5,0.0,0.0,0.5,1.0,0.5
changements,word,3.0,0.0,0.0,3.0,6.0,0.5,0.0,0.0,0.5,1.0,0.5
proteste,word,2.0,0.0,2.0,0.0,4.0,0.5,0.0,0.5,0.0,1.0,0.5
jeter,lemma,2.0,0.0,0.0,2.0,4.0,0.5,0.0,0.0,0.5,1.0,0.5
déloyale,word,2.0,0.0,0.0,2.0,4.0,0.5,0.0,0.0,0.5,1.0,0.5
journée,word,2.0,0.0,0.0,2.0,4.0,0.5,0.0,0.0,0.5,1.0,0.5
avis,word,0.0,0.0,3.0,3.0,6.0,0.0,0.0,0.5,0.5,1.0,0.5
ordinateur,lemma,2.0,0.0,0.0,2.0,4.0,0.5,0.0,0.0,0.5,1.0,0.5
virus,word,0.0,2.0,0.0,2.0,4.0,0.0,0.5,0.0,0.5,1.0,0.5
journée,lemma,2.0,0.0,0.0,2.0,4.0,0.5,0.0,0.0,0.5,1.0,0.5
virus,lemma,0.0,2.0,0.0,2.0,4.0,0.0,0.5,0.0,0.5,1.0,0.5
frustrant,word,0.0,2.0,0.0,2.0,4.0,0.0,0.5,0.0,0.5,1.0,0.5
bouquins,word,0.0,0.0,2.0,2.0,4.0,0.0,0.0,0.5,0.5,1.0,0.5
bouquin,lemma,0.0,0.0,2.0,2.0,4.0,0.0,0.0,0.5,0.5,1.0,0.5
brûler,lemma,3.0,0.0,0.0,3.0,6.0,0.5,0.0,0.0,0.5,1.0,0.5
particulier,word,0.0,2.0,0.0,2.0,4.0,0.0,0.5,0.0,0.5,1.0,0.5
préoccuper,word,2.0,0.0,0.0,2.0,4.0,0.5,0.0,0.0,0.5,1.0,0.5
parti,word,0.0,2.0,0.0,2.0,4.0,0.0,0.5,0.0,0.5,1.0,0.5
ridicule,lemma,0.0,2.0,0.0,2.0,4.0,0.0,0.5,0.0,0.5,1.0,0.5
forêt,word,0.0,3.0,0.0,3.0,6.0,0.0,0.5,0.0,0.5,1.0,0.5
pa,lemma,0.0,0.0,2.0,2.0,4.0,0.0,0.0,0.5,0.5,1.0,0.5
pa,word,0.0,0.0,2.0,2.0,4.0,0.0,0.0,0.5,0.5,1.0,0.5
lieux,word,2.0,0.0,0.0,2.0,4.0,0.5,0.0,0.0,0.5,1.0,0.5
garder,word,2.0,0.0,0.0,2.0,4.0,0.5,0.0,0.0,0.5,1.0,0.5
gagnera,word,2.0,0.0,0.0,2.0,4.0,0.5,0.0,0.0,0.5,1.0,0.5
truqué,word,2.0,0.0,0.0,2.0,4.0,0.5,0.0,0.0,0.5,1.0,0.5
candidature,word,3.0,0.0,0.0,3.0,6.0,0.5,0.0,0.0,0.5,1.0,0.5
c'était,word,0.0,0.0,2.0,2.0,4.0,0.0,0.0,0.5,0.5,1.0,0.5
candidature,lemma,3.0,0.0,0.0,3.0,6.0,0.5,0.0,0.0,0.5,1.0,0.5
frustrant,lemma,0.0,2.0,0.0,2.0,4.0,0.0,0.5,0.0,0.5,1.0,0.5
falsifié,word,2.0,0.0,0.0,2.0,4.0,0.5,0.0,0.0,0.5,1.0,0.5
mur,lemma,2.0,0.0,0.0,2.0,4.0,0.5,0.0,0.0,0.5,1.0,0.5
extrêmement,lemma,0.0,2.0,0.0,2.0,4.0,0.0,0.5,0.0,0.5,1.0,0.5
extrêmement,word,0.0,2.0,0.0,2.0,4.0,0.0,0.5,0.0,0.5,1.0,0.5
falsifié,lemma,2.0,0.0,0.0,2.0,4.0,0.5,0.0,0.0,0.5,1.0,0.5
volontairement,word,2.0,0.0,0.0,2.0,4.0,0.5,0.0,0.0,0.5,1.0,0.5
rapportent,word,0.0,2.0,0.0,2.0,4.0,0.0,0.5,0.0,0.5,1.0,0.5
volontairement,lemma,2.0,0.0,0.0,2.0,4.0,0.5,0.0,0.0,0.5,1.0,0.5
dictateur,lemma,3.0,0.0,0.0,3.0,6.0,0.5,0.0,0.0,0.5,1.0,0.5
amazonienne,word,0.0,2.0,0.0,2.0,4.0,0.0,0.5,0.0,0.5,1.0,0.5
amazonienne,lemma,0.0,2.0,0.0,2.0,4.0,0.0,0.5,0.0,0.5,1.0,0.5
voulu,word,4.0,0.0,0.0,4.0,8.0,0.5,0.0,0.0,0.5,1.0,0.5
célébrer,word,3.0,0.0,0.0,3.0,6.0,0.5,0.0,0.0,0.5,1.0,0.5
économique,lemma,2.0,0.0,0.0,2.0,4.0,0.5,0.0,0.0,0.5,1.0,0.5
dictateur,word,3.0,0.0,0.0,3.0,6.0,0.5,0.0,0.0,0.5,1.0,0.5
gêné,lemma,0.0,2.0,0.0,2.0,4.0,0.0,0.5,0.0,0.5,1.0,0.5
danser,lemma,2.0,0.0,0.0,2.0,4.0,0.5,0.0,0.0,0.5,1.0,0.5
humiliations,word,0.0,2.0,0.0,2.0,4.0,0.0,0.5,0.0,0.5,1.0,0.5
adorer,lemma,0.0,0.0,2.0,2.0,4.0,0.0,0.0,0.5,0.5,1.0,0.5
musée,lemma,2.0,0.0,0.0,2.0,4.0,0.5,0.0,0.0,0.5,1.0,0.5
adultes,word,0.0,2.0,0.0,2.0,4.0,0.0,0.5,0.0,0.5,1.0,0.5
abri,lemma,2.0,0.0,0.0,2.0,4.0,0.5,0.0,0.0,0.5,1.0,0.5
mère,word,0.0,0.0,3.0,3.0,6.0,0.0,0.0,0.5,0.5,1.0,0.5
action,lemma,3.0,0.0,0.0,3.0,6.0,0.5,0.0,0.0,0.5,1.0,0.5
état,lemma,11.0,0.0,0.0,10.0,21.0,0.5238095238095238,0.0,0.0,0.47619047619047616,0.998363672593813,0.4991818362969065
plusieurs,lemma,10.0,0.0,0.0,11.0,21.0,0.47619047619047616,0.0,0.0,0.5238095238095238,0.998363672593813,0.4991818362969065
plusieurs,word,10.0,0.0,0.0,11.0,21.0,0.47619047619047616,0.0,0.0,0.5238095238095238,0.998363672593813,0.4991818362969065
décision,lemma,8.0,0.0,0.0,9.0,17.0,0.47058823529411764,0.0,0.0,0.5294117647058824,0.9975025463691152,0.4987512731845576
élection,word,7.0,0.0,0.0,8.0,15.0,0.4666666666666667,0.0,0.0,0.5333333333333333,0.9967916319816366,0.4983958159908183
roi,word,7.0,0.0,0.0,6.0,13.0,0.5384615384615384,0.0,0.0,0.46153846153846156,0.9957274520849255,0.49786372604246276
ville,word,7.0,0.0,0.0,6.0,13.0,0.5384615384615384,0.0,0.0,0.46153846153846156,0.9957274520849255,0.49786372604246276
roi,lemma,7.0,0.0,0.0,6.0,13.0,0.5384615384615384,0.0,0.0,0.46153846153846156,0.9957274520849255,0.49786372604246276
victimes,word,6.0,2.0,0.0,25.0,33.0,0.18181818181818182,0.06060606060606061,0.0,0.7575757575757576,0.9957220057616336,0.4978610028808168
mauvaise,word,0.0,5.0,0.0,6.0,11.0,0.0,0.45454545454545453,0.0,0.5454545454545454,0.9940302114769565,0.49701510573847824
paix,word,1.0,1.0,1.0,13.0,16.0,0.0625,0.0625,0.0625,0.8125,0.9933927290103626,0.4966963645051813
paix,lemma,1.0,1.0,1.0,13.0,16.0,0.0625,0.0625,0.0625,0.8125,0.9933927290103626,0.4966963645051813
moment,lemma,1.0,0.0,2.0,10.0,13.0,0.07692307692307693,0.0,0.15384615384615385,0.7692307692307693,0.9912642605354287,0.49563213026771435
silence,word,5.0,0.0,0.0,4.0,9.0,0.5555555555555556,0.0,0.0,0.4444444444444444,0.9910760598382222,0.4955380299191111
silence,lemma,5.0,0.0,0.0,4.0,9.0,0.5555555555555556,0.0,0.0,0.4444444444444444,0.9910760598382222,0.4955380299191111
état,word,10.0,0.0,0.0,8.0,18.0,0.5555555555555556,0.0,0.0,0.4444444444444444,0.9910760598382222,0.4955380299191111
tension,lemma,0.0,5.0,0.0,4.0,9.0,0.0,0.5555555555555556,0.0,0.4444444444444444,0.9910760598382222,0.4955380299191111
côté,lemma,4.0,0.0,0.0,5.0,9.0,0.4444444444444444,0.0,0.0,0.5555555555555556,0.9910760598382222,0.4955380299191111
regard,lemma,4.0,0.0,0.0,5.0,9.0,0.4444444444444444,0.0,0.0,0.5555555555555556,0.9910760598382222,0.4955380299191111
voix,lemma,5.0,0.0,0.0,4.0,9.0,0.5555555555555556,0.0,0.0,0.4444444444444444,0.9910760598382222,0.4955380299191111
policiers,word,4.0,0.0,0.0,5.0,9.0,0.4444444444444444,0.0,0.0,0.5555555555555556,0.9910760598382222,0.4955380299191111
décision,word,4.0,0.0,0.0,5.0,9.0,0.4444444444444444,0.0,0.0,0.5555555555555556,0.9910760598382222,0.4955380299191111
regard,word,4.0,0.0,0.0,5.0,9.0,0.4444444444444444,0.0,0.0,0.5555555555555556,0.9910760598382222,0.4955380299191111
cacher,word,5.0,0.0,0.0,4.0,9.0,0.5555555555555556,0.0,0.0,0.4444444444444444,0.9910760598382222,0.4955380299191111
villes,word,4.0,0.0,0.0,5.0,9.0,0.4444444444444444,0.0,0.0,0.5555555555555556,0.9910760598382222,0.4955380299191111
américains,word,4.0,0.0,0.0,5.0,9.0,0.4444444444444444,0.0,0.0,0.5555555555555556,0.9910760598382222,0.4955380299191111
voix,word,5.0,0.0,0.0,4.0,9.0,0.5555555555555556,0.0,0.0,0.4444444444444444,0.9910760598382222,0.4955380299191111
tensions,word,0.0,5.0,0.0,4.0,9.0,0.0,0.5555555555555556,0.0,0.4444444444444444,0.9910760598382222,0.4955380299191111
élection,lemma,7.0,0.0,0.0,9.0,16.0,0.4375,0.0,0.0,0.5625,0.9886994082884974,0.4943497041442487
film,lemma,0.0,1.0,1.0,7.0,9.0,0.0,0.1111111111111111,0.1111111111111111,0.7777777777777778,0.9864267287308425,0.49321336436542124
mariage,word,1.0,1.0,0.0,7.0,9.0,0.1111111111111111,0.1111111111111111,0.0,0.7777777777777778,0.9864267287308425,0.49321336436542124
dormir,lemma,1.0,0.0,1.0,7.0,9.0,0.1111111111111111,0.0,0.1111111111111111,0.7777777777777778,0.9864267287308425,0.49321336436542124
général,lemma,7.0,1.0,0.0,1.0,9.0,0.7777777777777778,0.1111111111111111,0.0,0.1111111111111111,0.9864267287308424,0.4932133643654212
menacer,word,1.0,7.0,0.0,1.0,9.0,0.1111111111111111,0.7777777777777778,0.0,0.1111111111111111,0.9864267287308424,0.4932133643654212
surtout,word,0.0,0.0,4.0,3.0,7.0,0.0,0.0,0.5714285714285714,0.42857142857142855,0.9852281360342515,0.49261406801712576
société,lemma,4.0,0.0,0.0,3.0,7.0,0.5714285714285714,0.0,0.0,0.42857142857142855,0.9852281360342515,0.49261406801712576
enfermer,lemma,3.0,0.0,0.0,4.0,7.0,0.42857142857142855,0.0,0.0,0.5714285714285714,0.9852281360342515,0.49261406801712576
commettre,lemma,4.0,0.0,0.0,3.0,7.0,0.5714285714285714,0.0,0.0,0.42857142857142855,0.9852281360342515,0.49261406801712576
données,word,3.0,0.0,0.0,4.0,7.0,0.42857142857142855,0.0,0.0,0.5714285714285714,0.9852281360342515,0.49261406801712576
heure,word,3.0,0.0,0.0,4.0,7.0,0.42857142857142855,0.0,0.0,0.5714285714285714,0.9852281360342515,0.49261406801712576
ensemble,lemma,4.0,0.0,0.0,3.0,7.0,0.5714285714285714,0.0,0.0,0.42857142857142855,0.9852281360342515,0.49261406801712576
avis,lemma,0.0,0.0,4.0,3.0,7.0,0.0,0.0,0.5714285714285714,0.42857142857142855,0.9852281360342515,0.49261406801712576
présidentiel,lemma,3.0,0.0,0.0,4.0,7.0,0.42857142857142855,0.0,0.0,0.5714285714285714,0.9852281360342515,0.49261406801712576
partager,lemma,3.0,0.0,0.0,4.0,7.0,0.42857142857142855,0.0,0.0,0.5714285714285714,0.9852281360342515,0.49261406801712576
tirer,lemma,3.0,0.0,0.0,4.0,7.0,0.42857142857142855,0.0,0.0,0.5714285714285714,0.9852281360342515,0.49261406801712576
présidentielle,word,3.0,0.0,0.0,4.0,7.0,0.42857142857142855,0.0,0.0,0.5714285714285714,0.9852281360342515,0.49261406801712576
particulier,lemma,0.0,3.0,0.0,4.0,7.0,0.0,0.42857142857142855,0.0,0.5714285714285714,0.9852281360342515,0.49261406801712576
vraie,word,0.0,4.0,0.0,3.0,7.0,0.0,0.5714285714285714,0.0,0.42857142857142855,0.9852281360342515,0.49261406801712576
surtout,lemma,0.0,0.0,4.0,3.0,7.0,0.0,0.0,0.5714285714285714,0.42857142857142855,0.9852281360342515,0.49261406801712576
ami,lemma,6.0,0.0,0.0,8.0,14.0,0.42857142857142855,0.0,0.0,0.5714285714285714,0.9852281360342515,0.49261406801712576
ensemble,word,4.0,0.0,0.0,3.0,7.0,0.5714285714285714,0.0,0.0,0.42857142857142855,0.9852281360342515,0.49261406801712576
société,word,4.0,0.0,0.0,3.0,7.0,0.5714285714285714,0.0,0.0,0.42857142857142855,0.9852281360342515,0.49261406801712576
théâtre,word,3.0,0.0,0.0,4.0,7.0,0.42857142857142855,0.0,0.0,0.5714285714285714,0.9852281360342515,0.49261406801712576
continuer,lemma,3.0,0.0,0.0,4.0,7.0,0.42857142857142855,0.0,0.0,0.5714285714285714,0.9852281360342515,0.49261406801712576
condamner,lemma,3.0,0.0,0.0,4.0,7.0,0.42857142857142855,0.0,0.0,0.5714285714285714,0.9852281360342515,0.49261406801712576
donnée,lemma,3.0,0.0,0.0,4.0,7.0,0.42857142857142855,0.0,0.0,0.5714285714285714,0.9852281360342515,0.49261406801712576
relation,lemma,3.0,0.0,0.0,4.0,7.0,0.42857142857142855,0.0,0.0,0.5714285714285714,0.9852281360342515,0.49261406801712576
relations,word,3.0,0.0,0.0,4.0,7.0,0.42857142857142855,0.0,0.0,0.5714285714285714,0.9852281360342515,0.49261406801712576
mentir,word,3.0,0.0,0.0,4.0,7.0,0.42857142857142855,0.0,0.0,0.5714285714285714,0.9852281360342515,0.49261406801712576
insulte,word,4.0,3.0,0.0,0.0,7.0,0.5714285714285714,0.42857142857142855,0.0,0.0,0.9852281360342515,0.49261406801712576
combat,lemma,3.0,0.0,0.0,4.0,7.0,0.42857142857142855,0.0,0.0,0.5714285714285714,0.9852281360342515,0.49261406801712576
réjouir,lemma,4.0,3.0,0.0,0.0,7.0,0.5714285714285714,0.42857142857142855,0.0,0.0,0.9852281360342515,0.49261406801712576
violent,lemma,13.0,0.0,0.0,18.0,31.0,0.41935483870967744,0.0,0.0,0.5806451612903226,0.9811522341999133,0.49057611709995663
policier,lemma,5.0,0.0,0.0,7.0,12.0,0.4166666666666667,0.0,0.0,0.5833333333333334,0.9798687566511528,0.4899343783255764
amuse,lemma,7.0,5.0,0.0,0.0,12.0,0.5833333333333334,0.4166666666666667,0.0,0.0,0.9798687566511528,0.4899343783255764
amuse,word,7.0,5.0,0.0,0.0,12.0,0.5833333333333334,0.4166666666666667,0.0,0.0,0.9798687566511528,0.4899343783255764
violentes,word,7.0,0.0,0.0,5.0,12.0,0.5833333333333334,0.0,0.0,0.4166666666666667,0.9798687566511528,0.4899343783255764
tuer,word,3.0,1.0,0.0,13.0,17.0,0.17647058823529413,0.058823529411764705,0.0,0.7647058823529411,0.9780155566622415,0.48900777833112075
fort,lemma,7.0,0.0,0.0,10.0,17.0,0.4117647058823529,0.0,0.0,0.5882352941176471,0.9774178175281716,0.4887089087640858
savoir,lemma,0.0,0.0,13.0,9.0,22.0,0.0,0.0,0.5909090909090909,0.4090909090909091,0.9760206482366149,0.48801032411830747
gouvernement,lemma,18.0,1.0,0.0,5.0,24.0,0.75,0.041666666666666664,0.0,0.20833333333333334,0.9737837298712213,0.48689186493561065
actions,word,3.0,0.0,0.0,2.0,5.0,0.6,0.0,0.0,0.4,0.9709505944546686,0.4854752972273343
postes,word,3.0,0.0,0.0,2.0,5.0,0.6,0.0,0.0,0.4,0.9709505944546686,0.4854752972273343
population,lemma,2.0,0.0,0.0,3.0,5.0,0.4,0.0,0.0,0.6,0.9709505944546686,0.4854752972273343
étrange,lemma,0.0,6.0,0.0,4.0,10.0,0.0,0.6,0.0,0.4,0.9709505944546686,0.4854752972273343
adulte,lemma,0.0,3.0,0.0,2.0,5.0,0.0,0.6,0.0,0.4,0.9709505944546686,0.4854752972273343
riches,word,2.0,0.0,0.0,3.0,5.0,0.4,0.0,0.0,0.6,0.9709505944546686,0.4854752972273343
amusé,lemma,3.0,2.0,0.0,0.0,5.0,0.6,0.4,0.0,0.0,0.9709505944546686,0.4854752972273343
ambiance,lemma,2.0,0.0,0.0,3.0,5.0,0.4,0.0,0.0,0.6,0.9709505944546686,0.4854752972273343
ami,word,3.0,0.0,0.0,2.0,5.0,0.6,0.0,0.0,0.4,0.9709505944546686,0.4854752972273343
bataille,lemma,2.0,0.0,0.0,3.0,5.0,0.4,0.0,0.0,0.6,0.9709505944546686,0.4854752972273343
violents,word,6.0,0.0,0.0,4.0,10.0,0.6,0.0,0.0,0.4,0.9709505944546686,0.4854752972273343
jong-un,word,3.0,2.0,0.0,0.0,5.0,0.6,0.4,0.0,0.0,0.9709505944546686,0.4854752972273343
janvier,word,3.0,0.0,0.0,2.0,5.0,0.6,0.0,0.0,0.4,0.9709505944546686,0.4854752972273343
rohingyas,lemma,2.0,0.0,0.0,3.0,5.0,0.4,0.0,0.0,0.6,0.9709505944546686,0.4854752972273343
classe,lemma,2.0,0.0,0.0,3.0,5.0,0.4,0.0,0.0,0.6,0.9709505944546686,0.4854752972273343
classe,word,2.0,0.0,0.0,3.0,5.0,0.4,0.0,0.0,0.6,0.9709505944546686,0.4854752972273343
janvier,lemma,3.0,0.0,0.0,2.0,5.0,0.6,0.0,0.0,0.4,0.9709505944546686,0.4854752972273343
préoccuper,lemma,2.0,0.0,0.0,3.0,5.0,0.4,0.0,0.0,0.6,0.9709505944546686,0.4854752972273343
main,word,2.0,0.0,0.0,3.0,5.0,0.4,0.0,0.0,0.6,0.9709505944546686,0.4854752972273343
rohingyas,word,2.0,0.0,0.0,3.0,5.0,0.4,0.0,0.0,0.6,0.9709505944546686,0.4854752972273343
effondrer,word,0.0,2.0,0.0,3.0,5.0,0.0,0.4,0.0,0.6,0.9709505944546686,0.4854752972273343
villages,word,2.0,0.0,0.0,3.0,5.0,0.4,0.0,0.0,0.6,0.9709505944546686,0.4854752972273343
parlé,word,2.0,0.0,0.0,3.0,5.0,0.4,0.0,0.0,0.6,0.9709505944546686,0.4854752972273343
drôles,word,0.0,2.0,0.0,3.0,5.0,0.0,0.4,0.0,0.6,0.9709505944546686,0.4854752972273343
voulaient,word,0.0,3.0,0.0,2.0,5.0,0.0,0.6,0.0,0.4,0.9709505944546686,0.4854752972273343
raciste,lemma,2.0,0.0,0.0,3.0,5.0,0.4,0.0,0.0,0.6,0.9709505944546686,0.4854752972273343
voler,word,2.0,0.0,0.0,3.0,5.0,0.4,0.0,0.0,0.6,0.9709505944546686,0.4854752972273343
aider,word,2.0,0.0,0.0,3.0,5.0,0.4,0.0,0.0,0.6,0.9709505944546686,0.4854752972273343
vrai,word,0.0,0.0,2.0,3.0,5.0,0.0,0.0,0.4,0.6,0.9709505944546686,0.4854752972273343
ambiance,word,2.0,0.0,0.0,3.0,5.0,0.4,0.0,0.0,0.6,0.9709505944546686,0.4854752972273343
garder,lemma,2.0,0.0,0.0,3.0,5.0,0.4,0.0,0.0,0.6,0.9709505944546686,0.4854752972273343
tombe,word,0.0,0.0,3.0,2.0,5.0,0.0,0.0,0.6,0.4,0.9709505944546686,0.4854752972273343
élu,word,0.0,3.0,0.0,2.0,5.0,0.0,0.6,0.0,0.4,0.9709505944546686,0.4854752972273343
kim,lemma,3.0,2.0,0.0,0.0,5.0,0.6,0.4,0.0,0.0,0.9709505944546686,0.4854752972273343
truquer,lemma,2.0,0.0,0.0,3.0,5.0,0.4,0.0,0.0,0.6,0.9709505944546686,0.4854752972273343
l'air,word,3.0,0.0,0.0,2.0,5.0,0.6,0.0,0.0,0.4,0.9709505944546686,0.4854752972273343
kim,word,3.0,2.0,0.0,0.0,5.0,0.6,0.4,0.0,0.0,0.9709505944546686,0.4854752972273343
partir,word,2.0,0.0,0.0,3.0,5.0,0.4,0.0,0.0,0.6,0.9709505944546686,0.4854752972273343
encourager,word,2.0,0.0,0.0,3.0,5.0,0.4,0.0,0.0,0.6,0.9709505944546686,0.4854752972273343
risquer,lemma,0.0,2.0,0.0,3.0,5.0,0.0,0.4,0.0,0.6,0.9709505944546686,0.4854752972273343
entreprises,word,2.0,0.0,0.0,3.0,5.0,0.4,0.0,0.0,0.6,0.9709505944546686,0.4854752972273343
importer,lemma,0.0,0.0,2.0,3.0,5.0,0.0,0.0,0.4,0.6,0.9709505944546686,0.4854752972273343
cru,word,0.0,0.0,2.0,3.0,5.0,0.0,0.0,0.4,0.6,0.9709505944546686,0.4854752972273343
gouverner,word,2.0,0.0,0.0,3.0,5.0,0.4,0.0,0.0,0.6,0.9709505944546686,0.4854752972273343
réjouit,word,3.0,2.0,0.0,0.0,5.0,0.6,0.4,0.0,0.0,0.9709505944546686,0.4854752972273343
installer,word,0.0,2.0,0.0,3.0,5.0,0.0,0.4,0.0,0.6,0.9709505944546686,0.4854752972273343
combats,word,2.0,0.0,0.0,3.0,5.0,0.4,0.0,0.0,0.6,0.9709505944546686,0.4854752972273343
sévère,lemma,0.0,2.0,0.0,3.0,5.0,0.0,0.4,0.0,0.6,0.9709505944546686,0.4854752972273343
entrer,lemma,4.0,0.0,0.0,6.0,10.0,0.4,0.0,0.0,0.6,0.9709505944546686,0.4854752972273343
bateau,lemma,3.0,0.0,0.0,2.0,5.0,0.6,0.0,0.0,0.4,0.9709505944546686,0.4854752972273343
impressionner,word,0.0,3.0,0.0,2.0,5.0,0.0,0.6,0.0,0.4,0.9709505944546686,0.4854752972273343
vaccins,word,2.0,0.0,0.0,3.0,5.0,0.4,0.0,0.0,0.6,0.9709505944546686,0.4854752972273343
bataille,word,2.0,0.0,0.0,3.0,5.0,0.4,0.0,0.0,0.6,0.9709505944546686,0.4854752972273343
preuve,word,2.0,0.0,0.0,3.0,5.0,0.4,0.0,0.0,0.6,0.9709505944546686,0.4854752972273343
preuve,lemma,2.0,0.0,0.0,3.0,5.0,0.4,0.0,0.0,0.6,0.9709505944546686,0.4854752972273343
point,word,0.0,0.0,3.0,2.0,5.0,0.0,0.0,0.6,0.4,0.9709505944546686,0.4854752972273343
point,lemma,0.0,0.0,3.0,2.0,5.0,0.0,0.0,0.6,0.4,0.9709505944546686,0.4854752972273343
armée,lemma,2.0,0.0,0.0,3.0,5.0,0.4,0.0,0.0,0.6,0.9709505944546686,0.4854752972273343
occuper,lemma,4.0,0.0,0.0,6.0,10.0,0.4,0.0,0.0,0.6,0.9709505944546686,0.4854752972273343
arrivée,word,0.0,2.0,0.0,3.0,5.0,0.0,0.4,0.0,0.6,0.9709505944546686,0.4854752972273343
attaquent,word,0.0,2.0,0.0,3.0,5.0,0.0,0.4,0.0,0.6,0.9709505944546686,0.4854752972273343
nucléaire,lemma,0.0,2.0,0.0,3.0,5.0,0.0,0.4,0.0,0.6,0.9709505944546686,0.4854752972273343
quel,word,0.0,0.0,3.0,2.0,5.0,0.0,0.0,0.6,0.4,0.9709505944546686,0.4854752972273343
novembre,word,2.0,0.0,0.0,3.0,5.0,0.4,0.0,0.0,0.6,0.9709505944546686,0.4854752972273343
novembre,lemma,2.0,0.0,0.0,3.0,5.0,0.4,0.0,0.0,0.6,0.9709505944546686,0.4854752972273343
explosé,word,0.0,0.0,3.0,2.0,5.0,0.0,0.0,0.6,0.4,0.9709505944546686,0.4854752972273343
élire,lemma,0.0,4.0,0.0,6.0,10.0,0.0,0.4,0.0,0.6,0.9709505944546686,0.4854752972273343
énerve,word,2.0,3.0,0.0,0.0,5.0,0.4,0.6,0.0,0.0,0.9709505944546686,0.4854752972273343
exceptionnelle,word,0.0,3.0,0.0,2.0,5.0,0.0,0.6,0.0,0.4,0.9709505944546686,0.4854752972273343
énerve,lemma,2.0,3.0,0.0,0.0,5.0,0.4,0.6,0.0,0.0,0.9709505944546686,0.4854752972273343
exploits,word,0.0,2.0,0.0,3.0,5.0,0.0,0.4,0.0,0.6,0.9709505944546686,0.4854752972273343
œil,word,2.0,0.0,0.0,3.0,5.0,0.4,0.0,0.0,0.6,0.9709505944546686,0.4854752972273343
acteur,lemma,2.0,0.0,0.0,3.0,5.0,0.4,0.0,0.0,0.6,0.9709505944546686,0.4854752972273343
mourir,lemma,0.0,3.0,2.0,18.0,23.0,0.0,0.13043478260869565,0.08695652173913043,0.782608695652174,0.9664516287472262,0.4832258143736131
gouvernement,word,16.0,1.0,0.0,4.0,21.0,0.7619047619047619,0.047619047619047616,0.0,0.19047619047619047,0.9637459942073318,0.4818729971036659
rue,lemma,16.0,0.0,1.0,4.0,21.0,0.7619047619047619,0.0,0.047619047619047616,0.19047619047619047,0.9637459942073318,0.4818729971036659
grandes,word,8.0,0.0,0.0,5.0,13.0,0.6153846153846154,0.0,0.0,0.38461538461538464,0.9612366047228759,0.48061830236143793
voit,word,0.0,0.0,3.0,5.0,8.0,0.0,0.0,0.375,0.625,0.954434002924965,0.4772170014624825
exploser,lemma,0.0,0.0,3.0,5.0,8.0,0.0,0.0,0.375,0.625,0.954434002924965,0.4772170014624825
détruire,word,0.0,3.0,0.0,5.0,8.0,0.0,0.375,0.0,0.625,0.954434002924965,0.4772170014624825
injustices,word,3.0,0.0,0.0,5.0,8.0,0.375,0.0,0.0,0.625,0.954434002924965,0.4772170014624825
traité,word,3.0,5.0,0.0,0.0,8.0,0.375,0.625,0.0,0.0,0.954434002924965,0.4772170014624825
traité,lemma,3.0,5.0,0.0,0.0,8.0,0.375,0.625,0.0,0.0,0.954434002924965,0.4772170014624825
étrange,word,0.0,5.0,0.0,3.0,8.0,0.0,0.625,0.0,0.375,0.954434002924965,0.4772170014624825
heure,lemma,3.0,0.0,0.0,5.0,8.0,0.375,0.0,0.0,0.625,0.954434002924965,0.4772170014624825
blanc,lemma,3.0,0.0,0.0,5.0,8.0,0.375,0.0,0.0,0.625,0.954434002924965,0.4772170014624825
horrible,word,0.0,11.0,2.0,1.0,14.0,0.0,0.7857142857142857,0.14285714285714285,0.07142857142857142,0.9463729359854419,0.47318646799272096
sourire,lemma,11.0,1.0,0.0,2.0,14.0,0.7857142857142857,0.07142857142857142,0.0,0.14285714285714285,0.9463729359854419,0.47318646799272096
rendu,word,7.0,0.0,0.0,4.0,11.0,0.6363636363636364,0.0,0.0,0.36363636363636365,0.9456603046006401,0.47283015230032005
exceptionnel,lemma,0.0,7.0,0.0,4.0,11.0,0.0,0.6363636363636364,0.0,0.36363636363636365,0.9456603046006401,0.47283015230032005
pris,word,4.0,0.0,0.0,7.0,11.0,0.36363636363636365,0.0,0.0,0.6363636363636364,0.9456603046006401,0.47283015230032005
joie,lemma,3.0,14.0,0.0,1.0,18.0,0.16666666666666666,0.7777777777777778,0.0,0.05555555555555555,0.9444885341662053,0.47224426708310263
joie,word,3.0,14.0,0.0,1.0,18.0,0.16666666666666666,0.7777777777777778,0.0,0.05555555555555555,0.9444885341662053,0.47224426708310263
jeu,lemma,1.0,0.0,1.0,8.0,10.0,0.1,0.0,0.1,0.8,0.9219280948873623,0.46096404744368114
mariage,lemma,1.0,1.0,0.0,8.0,10.0,0.1,0.1,0.0,0.8,0.9219280948873623,0.46096404744368114
révolte,lemma,8.0,1.0,0.0,1.0,10.0,0.8,0.1,0.0,0.1,0.9219280948873623,0.46096404744368114
mouvement,lemma,8.0,1.0,0.0,1.0,10.0,0.8,0.1,0.0,0.1,0.9219280948873623,0.46096404744368114
énorme,word,0.0,8.0,1.0,1.0,10.0,0.0,0.8,0.1,0.1,0.9219280948873623,0.46096404744368114
révolte,word,8.0,1.0,0.0,1.0,10.0,0.8,0.1,0.0,0.1,0.9219280948873623,0.46096404744368114
opposer,lemma,8.0,1.0,0.0,1.0,10.0,0.8,0.1,0.0,0.1,0.9219280948873623,0.46096404744368114
image,lemma,1.0,0.0,1.0,8.0,10.0,0.1,0.0,0.1,0.8,0.9219280948873623,0.46096404744368114
terres,word,1.0,1.0,0.0,8.0,10.0,0.1,0.1,0.0,0.8,0.9219280948873623,0.46096404744368114
simple,word,0.0,0.0,1.0,2.0,3.0,0.0,0.0,0.3333333333333333,0.6666666666666666,0.9182958340544896,0.4591479170272448
sites,word,0.0,1.0,0.0,2.0,3.0,0.0,0.3333333333333333,0.0,0.6666666666666666,0.9182958340544896,0.4591479170272448
trouve,word,0.0,0.0,1.0,2.0,3.0,0.0,0.0,0.3333333333333333,0.6666666666666666,0.9182958340544896,0.4591479170272448
pauvreté,word,2.0,0.0,0.0,4.0,6.0,0.3333333333333333,0.0,0.0,0.6666666666666666,0.9182958340544896,0.4591479170272448
chinois,word,0.0,2.0,0.0,1.0,3.0,0.0,0.6666666666666666,0.0,0.3333333333333333,0.9182958340544896,0.4591479170272448
traverser,lemma,1.0,0.0,0.0,2.0,3.0,0.3333333333333333,0.0,0.0,0.6666666666666666,0.9182958340544896,0.4591479170272448
toilette,lemma,2.0,1.0,0.0,0.0,3.0,0.6666666666666666,0.3333333333333333,0.0,0.0,0.9182958340544896,0.4591479170272448
chinois,lemma,0.0,2.0,0.0,1.0,3.0,0.0,0.6666666666666666,0.0,0.3333333333333333,0.9182958340544896,0.4591479170272448
capable,lemma,0.0,0.0,2.0,1.0,3.0,0.0,0.0,0.6666666666666666,0.3333333333333333,0.9182958340544896,0.4591479170272448
physique,word,2.0,0.0,0.0,1.0,3.0,0.6666666666666666,0.0,0.0,0.3333333333333333,0.9182958340544896,0.4591479170272448
tiens,word,0.0,0.0,1.0,2.0,3.0,0.0,0.0,0.3333333333333333,0.6666666666666666,0.9182958340544896,0.4591479170272448
pavé,lemma,0.0,0.0,2.0,1.0,3.0,0.0,0.0,0.6666666666666666,0.3333333333333333,0.9182958340544896,0.4591479170272448
physique,lemma,2.0,0.0,0.0,1.0,3.0,0.6666666666666666,0.0,0.0,0.3333333333333333,0.9182958340544896,0.4591479170272448
incapable,lemma,1.0,0.0,0.0,2.0,3.0,0.3333333333333333,0.0,0.0,0.6666666666666666,0.9182958340544896,0.4591479170272448
capable,word,0.0,0.0,2.0,1.0,3.0,0.0,0.0,0.6666666666666666,0.3333333333333333,0.9182958340544896,0.4591479170272448
conversation,lemma,0.0,1.0,0.0,2.0,3.0,0.0,0.3333333333333333,0.0,0.6666666666666666,0.9182958340544896,0.4591479170272448
courir,lemma,1.0,0.0,0.0,2.0,3.0,0.3333333333333333,0.0,0.0,0.6666666666666666,0.9182958340544896,0.4591479170272448
courant,lemma,1.0,0.0,0.0,2.0,3.0,0.3333333333333333,0.0,0.0,0.6666666666666666,0.9182958340544896,0.4591479170272448
sévit,word,0.0,1.0,0.0,2.0,3.0,0.0,0.3333333333333333,0.0,0.6666666666666666,0.9182958340544896,0.4591479170272448
sévit,lemma,0.0,1.0,0.0,2.0,3.0,0.0,0.3333333333333333,0.0,0.6666666666666666,0.9182958340544896,0.4591479170272448
sûrement,word,1.0,0.0,0.0,2.0,3.0,0.3333333333333333,0.0,0.0,0.6666666666666666,0.9182958340544896,0.4591479170272448
sûrement,lemma,1.0,0.0,0.0,2.0,3.0,0.3333333333333333,0.0,0.0,0.6666666666666666,0.9182958340544896,0.4591479170272448
interdits,word,1.0,0.0,0.0,2.0,3.0,0.3333333333333333,0.0,0.0,0.6666666666666666,0.9182958340544896,0.4591479170272448
interdit,lemma,1.0,0.0,0.0,2.0,3.0,0.3333333333333333,0.0,0.0,0.6666666666666666,0.9182958340544896,0.4591479170272448
immenses,word,2.0,1.0,0.0,0.0,3.0,0.6666666666666666,0.3333333333333333,0.0,0.0,0.9182958340544896,0.4591479170272448
importante,word,0.0,1.0,0.0,2.0,3.0,0.0,0.3333333333333333,0.0,0.6666666666666666,0.9182958340544896,0.4591479170272448
impatiente,word,0.0,2.0,0.0,1.0,3.0,0.0,0.6666666666666666,0.0,0.3333333333333333,0.9182958340544896,0.4591479170272448
site,lemma,0.0,1.0,0.0,2.0,3.0,0.0,0.3333333333333333,0.0,0.6666666666666666,0.9182958340544896,0.4591479170272448
subit,word,0.0,2.0,0.0,1.0,3.0,0.0,0.6666666666666666,0.0,0.3333333333333333,0.9182958340544896,0.4591479170272448
sombre,lemma,1.0,0.0,2.0,0.0,3.0,0.3333333333333333,0.0,0.6666666666666666,0.0,0.9182958340544896,0.4591479170272448
souffrir,word,0.0,10.0,0.0,5.0,15.0,0.0,0.6666666666666666,0.0,0.3333333333333333,0.9182958340544896,0.4591479170272448
trône,word,0.0,1.0,0.0,2.0,3.0,0.0,0.3333333333333333,0.0,0.6666666666666666,0.9182958340544896,0.4591479170272448
trône,lemma,0.0,1.0,0.0,2.0,3.0,0.0,0.3333333333333333,0.0,0.6666666666666666,0.9182958340544896,0.4591479170272448
lait,word,1.0,0.0,0.0,2.0,3.0,0.3333333333333333,0.0,0.0,0.6666666666666666,0.9182958340544896,0.4591479170272448
impressionnante,word,0.0,2.0,0.0,1.0,3.0,0.0,0.6666666666666666,0.0,0.3333333333333333,0.9182958340544896,0.4591479170272448
pleine,word,0.0,2.0,0.0,1.0,3.0,0.0,0.6666666666666666,0.0,0.3333333333333333,0.9182958340544896,0.4591479170272448
homosexuel,lemma,0.0,1.0,0.0,2.0,3.0,0.0,0.3333333333333333,0.0,0.6666666666666666,0.9182958340544896,0.4591479170272448
impatiente,lemma,0.0,2.0,0.0,1.0,3.0,0.0,0.6666666666666666,0.0,0.3333333333333333,0.9182958340544896,0.4591479170272448
lait,lemma,1.0,0.0,0.0,2.0,3.0,0.3333333333333333,0.0,0.0,0.6666666666666666,0.9182958340544896,0.4591479170272448
passés,word,2.0,0.0,0.0,1.0,3.0,0.6666666666666666,0.0,0.0,0.3333333333333333,0.9182958340544896,0.4591479170272448
spectacle,word,1.0,0.0,0.0,2.0,3.0,0.3333333333333333,0.0,0.0,0.6666666666666666,0.9182958340544896,0.4591479170272448
caisse,lemma,1.0,0.0,0.0,2.0,3.0,0.3333333333333333,0.0,0.0,0.6666666666666666,0.9182958340544896,0.4591479170272448
population,word,2.0,0.0,0.0,1.0,3.0,0.6666666666666666,0.0,0.0,0.3333333333333333,0.9182958340544896,0.4591479170272448
danser,word,2.0,0.0,0.0,1.0,3.0,0.6666666666666666,0.0,0.0,0.3333333333333333,0.9182958340544896,0.4591479170272448
demandé,word,0.0,0.0,1.0,2.0,3.0,0.0,0.0,0.3333333333333333,0.6666666666666666,0.9182958340544896,0.4591479170272448
hôtel,lemma,1.0,0.0,0.0,2.0,3.0,0.3333333333333333,0.0,0.0,0.6666666666666666,0.9182958340544896,0.4591479170272448
turquie,word,2.0,0.0,0.0,1.0,3.0,0.6666666666666666,0.0,0.0,0.3333333333333333,0.9182958340544896,0.4591479170272448
turquie,lemma,2.0,0.0,0.0,1.0,3.0,0.6666666666666666,0.0,0.0,0.3333333333333333,0.9182958340544896,0.4591479170272448
union,word,1.0,0.0,0.0,2.0,3.0,0.3333333333333333,0.0,0.0,0.6666666666666666,0.9182958340544896,0.4591479170272448
doute,lemma,0.0,0.0,1.0,2.0,3.0,0.0,0.0,0.3333333333333333,0.6666666666666666,0.9182958340544896,0.4591479170272448
sanglant,lemma,1.0,0.0,0.0,2.0,3.0,0.3333333333333333,0.0,0.0,0.6666666666666666,0.9182958340544896,0.4591479170272448
savoir,word,0.0,0.0,6.0,3.0,9.0,0.0,0.0,0.6666666666666666,0.3333333333333333,0.9182958340544896,0.4591479170272448
historique,word,1.0,0.0,0.0,2.0,3.0,0.3333333333333333,0.0,0.0,0.6666666666666666,0.9182958340544896,0.4591479170272448
contrôler,lemma,1.0,0.0,0.0,2.0,3.0,0.3333333333333333,0.0,0.0,0.6666666666666666,0.9182958340544896,0.4591479170272448
hillary,word,2.0,1.0,0.0,0.0,3.0,0.6666666666666666,0.3333333333333333,0.0,0.0,0.9182958340544896,0.4591479170272448
hillary,lemma,2.0,1.0,0.0,0.0,3.0,0.6666666666666666,0.3333333333333333,0.0,0.0,0.9182958340544896,0.4591479170272448
porc,lemma,0.0,0.0,6.0,3.0,9.0,0.0,0.0,0.6666666666666666,0.3333333333333333,0.9182958340544896,0.4591479170272448
dernier,word,4.0,0.0,0.0,2.0,6.0,0.6666666666666666,0.0,0.0,0.3333333333333333,0.9182958340544896,0.4591479170272448
sensibles,word,0.0,1.0,0.0,2.0,3.0,0.0,0.3333333333333333,0.0,0.6666666666666666,0.9182958340544896,0.4591479170272448
sensible,lemma,0.0,1.0,0.0,2.0,3.0,0.0,0.3333333333333333,0.0,0.6666666666666666,0.9182958340544896,0.4591479170272448
secret,lemma,0.0,1.0,0.0,2.0,3.0,0.0,0.3333333333333333,0.0,0.6666666666666666,0.9182958340544896,0.4591479170272448
portable,word,0.0,1.0,0.0,2.0,3.0,0.0,0.3333333333333333,0.0,0.6666666666666666,0.9182958340544896,0.4591479170272448
drame,word,0.0,2.0,0.0,1.0,3.0,0.0,0.6666666666666666,0.0,0.3333333333333333,0.9182958340544896,0.4591479170272448
drame,lemma,0.0,2.0,0.0,1.0,3.0,0.0,0.6666666666666666,0.0,0.3333333333333333,0.9182958340544896,0.4591479170272448
célèbre,lemma,2.0,0.0,0.0,1.0,3.0,0.6666666666666666,0.0,0.0,0.3333333333333333,0.9182958340544896,0.4591479170272448
cu,word,0.0,0.0,2.0,1.0,3.0,0.0,0.0,0.6666666666666666,0.3333333333333333,0.9182958340544896,0.4591479170272448
cu,lemma,0.0,0.0,2.0,1.0,3.0,0.0,0.0,0.6666666666666666,0.3333333333333333,0.9182958340544896,0.4591479170272448
historique,lemma,1.0,0.0,0.0,2.0,3.0,0.3333333333333333,0.0,0.0,0.6666666666666666,0.9182958340544896,0.4591479170272448
simple,lemma,0.0,0.0,1.0,2.0,3.0,0.0,0.0,0.3333333333333333,0.6666666666666666,0.9182958340544896,0.4591479170272448
discours,word,1.0,0.0,0.0,2.0,3.0,0.3333333333333333,0.0,0.0,0.6666666666666666,0.9182958340544896,0.4591479170272448
discours,lemma,1.0,0.0,0.0,2.0,3.0,0.3333333333333333,0.0,0.0,0.6666666666666666,0.9182958340544896,0.4591479170272448
servir,word,0.0,1.0,0.0,2.0,3.0,0.0,0.3333333333333333,0.0,0.6666666666666666,0.9182958340544896,0.4591479170272448
siffler,lemma,2.0,0.0,1.0,0.0,3.0,0.6666666666666666,0.0,0.3333333333333333,0.0,0.9182958340544896,0.4591479170272448
livres,word,0.0,0.0,1.0,2.0,3.0,0.0,0.0,0.3333333333333333,0.6666666666666666,0.9182958340544896,0.4591479170272448
bord,lemma,1.0,0.0,0.0,2.0,3.0,0.3333333333333333,0.0,0.0,0.6666666666666666,0.9182958340544896,0.4591479170272448
boum,word,0.0,0.0,2.0,4.0,6.0,0.0,0.0,0.3333333333333333,0.6666666666666666,0.9182958340544896,0.4591479170272448
boum,lemma,0.0,0.0,2.0,4.0,6.0,0.0,0.0,0.3333333333333333,0.6666666666666666,0.9182958340544896,0.4591479170272448
brillant,lemma,0.0,0.0,2.0,1.0,3.0,0.0,0.0,0.6666666666666666,0.3333333333333333,0.9182958340544896,0.4591479170272448
brûlés,word,1.0,0.0,0.0,2.0,3.0,0.3333333333333333,0.0,0.0,0.6666666666666666,0.9182958340544896,0.4591479170272448
valeur,lemma,0.0,0.0,1.0,2.0,3.0,0.0,0.0,0.3333333333333333,0.6666666666666666,0.9182958340544896,0.4591479170272448
caisses,word,1.0,0.0,0.0,2.0,3.0,0.3333333333333333,0.0,0.0,0.6666666666666666,0.9182958340544896,0.4591479170272448
lit,word,0.0,0.0,2.0,4.0,6.0,0.0,0.0,0.3333333333333333,0.6666666666666666,0.9182958340544896,0.4591479170272448
lit,lemma,0.0,0.0,2.0,4.0,6.0,0.0,0.0,0.3333333333333333,0.6666666666666666,0.9182958340544896,0.4591479170272448
causer,lemma,1.0,0.0,0.0,2.0,3.0,0.3333333333333333,0.0,0.0,0.6666666666666666,0.9182958340544896,0.4591479170272448
magnifique,lemma,0.0,2.0,0.0,1.0,3.0,0.0,0.6666666666666666,0.0,0.3333333333333333,0.9182958340544896,0.4591479170272448
magasin,lemma,1.0,0.0,0.0,2.0,3.0,0.3333333333333333,0.0,0.0,0.6666666666666666,0.9182958340544896,0.4591479170272448
majorité,word,2.0,0.0,0.0,1.0,3.0,0.6666666666666666,0.0,0.0,0.3333333333333333,0.9182958340544896,0.4591479170272448
majorité,lemma,2.0,0.0,0.0,1.0,3.0,0.6666666666666666,0.0,0.0,0.3333333333333333,0.9182958340544896,0.4591479170272448
maladies,word,0.0,2.0,0.0,4.0,6.0,0.0,0.3333333333333333,0.0,0.6666666666666666,0.9182958340544896,0.4591479170272448
buts,word,1.0,0.0,0.0,2.0,3.0,0.3333333333333333,0.0,0.0,0.6666666666666666,0.9182958340544896,0.4591479170272448
cacher,lemma,8.0,0.0,0.0,4.0,12.0,0.6666666666666666,0.0,0.0,0.3333333333333333,0.9182958340544896,0.4591479170272448
campagne,lemma,0.0,2.0,0.0,1.0,3.0,0.0,0.6666666666666666,0.0,0.3333333333333333,0.9182958340544896,0.4591479170272448
camp,lemma,1.0,0.0,0.0,2.0,3.0,0.3333333333333333,0.0,0.0,0.6666666666666666,0.9182958340544896,0.4591479170272448
camarade,lemma,0.0,0.0,1.0,2.0,3.0,0.0,0.0,0.3333333333333333,0.6666666666666666,0.9182958340544896,0.4591479170272448
situé,word,2.0,0.0,0.0,1.0,3.0,0.6666666666666666,0.0,0.0,0.3333333333333333,0.9182958340544896,0.4591479170272448
nature,word,0.0,2.0,0.0,4.0,6.0,0.0,0.3333333333333333,0.0,0.6666666666666666,0.9182958340544896,0.4591479170272448
nature,lemma,0.0,2.0,0.0,4.0,6.0,0.0,0.3333333333333333,0.0,0.6666666666666666,0.9182958340544896,0.4591479170272448
news,word,2.0,0.0,0.0,4.0,6.0,0.3333333333333333,0.0,0.0,0.6666666666666666,0.9182958340544896,0.4591479170272448
absolument,word,0.0,0.0,2.0,1.0,3.0,0.0,0.0,0.6666666666666666,0.3333333333333333,0.9182958340544896,0.4591479170272448
voter,word,0.0,2.0,0.0,1.0,3.0,0.0,0.6666666666666666,0.0,0.3333333333333333,0.9182958340544896,0.4591479170272448
vérité,lemma,0.0,0.0,2.0,1.0,3.0,0.0,0.0,0.6666666666666666,0.3333333333333333,0.9182958340544896,0.4591479170272448
zones,word,0.0,1.0,0.0,2.0,3.0,0.0,0.3333333333333333,0.0,0.6666666666666666,0.9182958340544896,0.4591479170272448
échappé,word,1.0,0.0,0.0,2.0,3.0,0.3333333333333333,0.0,0.0,0.6666666666666666,0.9182958340544896,0.4591479170272448
échappé,lemma,1.0,0.0,0.0,2.0,3.0,0.3333333333333333,0.0,0.0,0.6666666666666666,0.9182958340544896,0.4591479170272448
aider,lemma,2.0,0.0,0.0,4.0,6.0,0.3333333333333333,0.0,0.0,0.6666666666666666,0.9182958340544896,0.4591479170272448
ait,word,0.0,2.0,0.0,1.0,3.0,0.0,0.6666666666666666,0.0,0.3333333333333333,0.9182958340544896,0.4591479170272448
reconnaître,lemma,6.0,0.0,0.0,3.0,9.0,0.6666666666666666,0.0,0.0,0.3333333333333333,0.9182958340544896,0.4591479170272448
interdiction,lemma,2.0,0.0,0.0,1.0,3.0,0.6666666666666666,0.0,0.0,0.3333333333333333,0.9182958340544896,0.4591479170272448
fabuleux,lemma,0.0,2.0,1.0,0.0,3.0,0.0,0.6666666666666666,0.3333333333333333,0.0,0.9182958340544896,0.4591479170272448
fake,lemma,2.0,0.0,0.0,4.0,6.0,0.3333333333333333,0.0,0.0,0.6666666666666666,0.9182958340544896,0.4591479170272448
faisaient,word,2.0,1.0,0.0,0.0,3.0,0.6666666666666666,0.3333333333333333,0.0,0.0,0.9182958340544896,0.4591479170272448
fake,word,2.0,0.0,0.0,4.0,6.0,0.3333333333333333,0.0,0.0,0.6666666666666666,0.9182958340544896,0.4591479170272448
fantômes,word,0.0,0.0,1.0,2.0,3.0,0.0,0.0,0.3333333333333333,0.6666666666666666,0.9182958340544896,0.4591479170272448
aise,lemma,0.0,6.0,0.0,3.0,9.0,0.0,0.6666666666666666,0.0,0.3333333333333333,0.9182958340544896,0.4591479170272448
exploiter,lemma,0.0,1.0,0.0,2.0,3.0,0.0,0.3333333333333333,0.0,0.6666666666666666,0.9182958340544896,0.4591479170272448
accidents,word,1.0,0.0,0.0,2.0,3.0,0.3333333333333333,0.0,0.0,0.6666666666666666,0.9182958340544896,0.4591479170272448
fantôme,lemma,0.0,0.0,1.0,2.0,3.0,0.0,0.0,0.3333333333333333,0.6666666666666666,0.9182958340544896,0.4591479170272448
r,word,0.0,0.0,1.0,2.0,3.0,0.0,0.0,0.3333333333333333,0.6666666666666666,0.9182958340544896,0.4591479170272448
r,lemma,0.0,0.0,1.0,2.0,3.0,0.0,0.0,0.3333333333333333,0.6666666666666666,0.9182958340544896,0.4591479170272448
quotidien,word,1.0,0.0,0.0,2.0,3.0,0.3333333333333333,0.0,0.0,0.6666666666666666,0.9182958340544896,0.4591479170272448
quitté,word,4.0,0.0,0.0,2.0,6.0,0.6666666666666666,0.0,0.0,0.3333333333333333,0.9182958340544896,0.4591479170272448
fabuleux,word,0.0,2.0,1.0,0.0,3.0,0.0,0.6666666666666666,0.3333333333333333,0.0,0.9182958340544896,0.4591479170272448
absolument,lemma,0.0,0.0,2.0,1.0,3.0,0.0,0.0,0.6666666666666666,0.3333333333333333,0.9182958340544896,0.4591479170272448
admiration,lemma,1.0,2.0,0.0,0.0,3.0,0.3333333333333333,0.6666666666666666,0.0,0.0,0.9182958340544896,0.4591479170272448
actrice,word,0.0,1.0,0.0,2.0,3.0,0.0,0.3333333333333333,0.0,0.6666666666666666,0.9182958340544896,0.4591479170272448
actrice,lemma,0.0,1.0,0.0,2.0,3.0,0.0,0.3333333333333333,0.0,0.6666666666666666,0.9182958340544896,0.4591479170272448
méchant,lemma,0.0,0.0,1.0,2.0,3.0,0.0,0.0,0.3333333333333333,0.6666666666666666,0.9182958340544896,0.4591479170272448
adversaire,lemma,2.0,1.0,0.0,0.0,3.0,0.6666666666666666,0.3333333333333333,0.0,0.0,0.9182958340544896,0.4591479170272448
adore,word,0.0,0.0,1.0,2.0,3.0,0.0,0.0,0.3333333333333333,0.6666666666666666,0.9182958340544896,0.4591479170272448
évacuer,word,2.0,0.0,0.0,1.0,3.0,0.6666666666666666,0.0,0.0,0.3333333333333333,0.9182958340544896,0.4591479170272448
évacuer,lemma,2.0,0.0,0.0,1.0,3.0,0.6666666666666666,0.0,0.0,0.3333333333333333,0.9182958340544896,0.4591479170272448
étudier,lemma,0.0,1.0,0.0,2.0,3.0,0.0,0.3333333333333333,0.0,0.6666666666666666,0.9182958340544896,0.4591479170272448
musée,word,1.0,0.0,0.0,2.0,3.0,0.3333333333333333,0.0,0.0,0.6666666666666666,0.9182958340544896,0.4591479170272448
alerte,word,2.0,1.0,0.0,0.0,3.0,0.6666666666666666,0.3333333333333333,0.0,0.0,0.9182958340544896,0.4591479170272448
neige,lemma,0.0,1.0,0.0,2.0,3.0,0.0,0.3333333333333333,0.0,0.6666666666666666,0.9182958340544896,0.4591479170272448
alarme,word,2.0,0.0,0.0,1.0,3.0,0.6666666666666666,0.0,0.0,0.3333333333333333,0.9182958340544896,0.4591479170272448
nombre,word,0.0,1.0,0.0,2.0,3.0,0.0,0.3333333333333333,0.0,0.6666666666666666,0.9182958340544896,0.4591479170272448
nombre,lemma,0.0,1.0,0.0,2.0,3.0,0.0,0.3333333333333333,0.0,0.6666666666666666,0.9182958340544896,0.4591479170272448
amis,word,3.0,0.0,0.0,6.0,9.0,0.3333333333333333,0.0,0.0,0.6666666666666666,0.9182958340544896,0.4591479170272448
amusent,lemma,4.0,2.0,0.0,0.0,6.0,0.6666666666666666,0.3333333333333333,0.0,0.0,0.9182958340544896,0.4591479170272448
amusé,word,1.0,2.0,0.0,0.0,3.0,0.3333333333333333,0.6666666666666666,0.0,0.0,0.9182958340544896,0.4591479170272448
amusent,word,4.0,2.0,0.0,0.0,6.0,0.6666666666666666,0.3333333333333333,0.0,0.0,0.9182958340544896,0.4591479170272448
mêler,lemma,1.0,0.0,0.0,2.0,3.0,0.3333333333333333,0.0,0.0,0.6666666666666666,0.9182958340544896,0.4591479170272448
métier,word,0.0,1.0,0.0,2.0,3.0,0.0,0.3333333333333333,0.0,0.6666666666666666,0.9182958340544896,0.4591479170272448
accepter,lemma,0.0,1.0,0.0,2.0,3.0,0.0,0.3333333333333333,0.0,0.6666666666666666,0.9182958340544896,0.4591479170272448
mont,lemma,0.0,1.0,0.0,2.0,3.0,0.0,0.3333333333333333,0.0,0.6666666666666666,0.9182958340544896,0.4591479170272448
angoissé,word,0.0,2.0,1.0,0.0,3.0,0.0,0.6666666666666666,0.3333333333333333,0.0,0.9182958340544896,0.4591479170272448
méthode,word,0.0,0.0,1.0,2.0,3.0,0.0,0.0,0.3333333333333333,0.6666666666666666,0.9182958340544896,0.4591479170272448
alerte,lemma,2.0,1.0,0.0,0.0,3.0,0.6666666666666666,0.3333333333333333,0.0,0.0,0.9182958340544896,0.4591479170272448
judiciaire,word,2.0,0.0,0.0,1.0,3.0,0.6666666666666666,0.0,0.0,0.3333333333333333,0.9182958340544896,0.4591479170272448
judiciaire,lemma,2.0,0.0,0.0,1.0,3.0,0.6666666666666666,0.0,0.0,0.3333333333333333,0.9182958340544896,0.4591479170272448
inégalités,word,3.0,0.0,0.0,6.0,9.0,0.3333333333333333,0.0,0.0,0.6666666666666666,0.9182958340544896,0.4591479170272448
texte,word,1.0,0.0,0.0,2.0,3.0,0.3333333333333333,0.0,0.0,0.6666666666666666,0.9182958340544896,0.4591479170272448
conversation,word,0.0,1.0,0.0,2.0,3.0,0.0,0.3333333333333333,0.0,0.6666666666666666,0.9182958340544896,0.4591479170272448
inattendu,lemma,0.0,2.0,0.0,1.0,3.0,0.0,0.6666666666666666,0.0,0.3333333333333333,0.9182958340544896,0.4591479170272448
impôt,lemma,2.0,0.0,0.0,1.0,3.0,0.6666666666666666,0.0,0.0,0.3333333333333333,0.9182958340544896,0.4591479170272448
indigné,lemma,0.0,0.0,1.0,2.0,3.0,0.0,0.0,0.3333333333333333,0.6666666666666666,0.9182958340544896,0.4591479170272448
inciter,lemma,1.0,0.0,0.0,2.0,3.0,0.3333333333333333,0.0,0.0,0.6666666666666666,0.9182958340544896,0.4591479170272448
informatiques,word,1.0,0.0,0.0,2.0,3.0,0.3333333333333333,0.0,0.0,0.6666666666666666,0.9182958340544896,0.4591479170272448
course,word,1.0,0.0,0.0,2.0,3.0,0.3333333333333333,0.0,0.0,0.6666666666666666,0.9182958340544896,0.4591479170272448
course,lemma,1.0,0.0,0.0,2.0,3.0,0.3333333333333333,0.0,0.0,0.6666666666666666,0.9182958340544896,0.4591479170272448
reconnu,word,1.0,0.0,0.0,2.0,3.0,0.3333333333333333,0.0,0.0,0.6666666666666666,0.9182958340544896,0.4591479170272448
sonore,lemma,2.0,0.0,0.0,1.0,3.0,0.6666666666666666,0.0,0.0,0.3333333333333333,0.9182958340544896,0.4591479170272448
sombre,word,1.0,0.0,2.0,0.0,3.0,0.3333333333333333,0.0,0.6666666666666666,0.0,0.9182958340544896,0.4591479170272448
courir,word,1.0,0.0,0.0,2.0,3.0,0.3333333333333333,0.0,0.0,0.6666666666666666,0.9182958340544896,0.4591479170272448
suivant,lemma,2.0,0.0,0.0,1.0,3.0,0.6666666666666666,0.0,0.0,0.3333333333333333,0.9182958340544896,0.4591479170272448
suite,word,0.0,1.0,0.0,2.0,3.0,0.0,0.3333333333333333,0.0,0.6666666666666666,0.9182958340544896,0.4591479170272448
suite,lemma,0.0,1.0,0.0,2.0,3.0,0.0,0.3333333333333333,0.0,0.6666666666666666,0.9182958340544896,0.4591479170272448
symbole,lemma,1.0,0.0,0.0,2.0,3.0,0.3333333333333333,0.0,0.0,0.6666666666666666,0.9182958340544896,0.4591479170272448
côtés,word,1.0,0.0,0.0,2.0,3.0,0.3333333333333333,0.0,0.0,0.6666666666666666,0.9182958340544896,0.4591479170272448
couleurs,word,2.0,0.0,0.0,1.0,3.0,0.6666666666666666,0.0,0.0,0.3333333333333333,0.9182958340544896,0.4591479170272448
perdre,word,0.0,2.0,0.0,4.0,6.0,0.0,0.3333333333333333,0.0,0.6666666666666666,0.9182958340544896,0.4591479170272448
insolites,word,0.0,2.0,0.0,1.0,3.0,0.0,0.6666666666666666,0.0,0.3333333333333333,0.9182958340544896,0.4591479170272448
internautes,word,2.0,0.0,0.0,1.0,3.0,0.6666666666666666,0.0,0.0,0.3333333333333333,0.9182958340544896,0.4591479170272448
internaute,lemma,2.0,0.0,0.0,1.0,3.0,0.6666666666666666,0.0,0.0,0.3333333333333333,0.9182958340544896,0.4591479170272448
sonores,word,2.0,0.0,0.0,1.0,3.0,0.6666666666666666,0.0,0.0,0.3333333333333333,0.9182958340544896,0.4591479170272448
épidémies,word,1.0,0.0,0.0,2.0,3.0,0.3333333333333333,0.0,0.0,0.6666666666666666,0.9182958340544896,0.4591479170272448
excellent,word,0.0,0.0,2.0,1.0,3.0,0.0,0.0,0.6666666666666666,0.3333333333333333,0.9182958340544896,0.4591479170272448
exemple,word,0.0,1.0,0.0,2.0,3.0,0.0,0.3333333333333333,0.0,0.6666666666666666,0.9182958340544896,0.4591479170272448
exemple,lemma,0.0,1.0,0.0,2.0,3.0,0.0,0.3333333333333333,0.0,0.6666666666666666,0.9182958340544896,0.4591479170272448
touchés,word,1.0,0.0,0.0,2.0,3.0,0.3333333333333333,0.0,0.0,0.6666666666666666,0.9182958340544896,0.4591479170272448
chant,lemma,2.0,0.0,0.0,1.0,3.0,0.6666666666666666,0.0,0.0,0.3333333333333333,0.9182958340544896,0.4591479170272448
changement,word,2.0,1.0,0.0,0.0,3.0,0.6666666666666666,0.3333333333333333,0.0,0.0,0.9182958340544896,0.4591479170272448
talent,word,0.0,0.0,1.0,2.0,3.0,0.0,0.0,0.3333333333333333,0.6666666666666666,0.9182958340544896,0.4591479170272448
table,lemma,0.0,0.0,2.0,1.0,3.0,0.0,0.0,0.6666666666666666,0.3333333333333333,0.9182958340544896,0.4591479170272448
tel,lemma,0.0,0.0,1.0,2.0,3.0,0.0,0.0,0.3333333333333333,0.6666666666666666,0.9182958340544896,0.4591479170272448
peuples,word,0.0,1.0,0.0,2.0,3.0,0.0,0.3333333333333333,0.0,0.6666666666666666,0.9182958340544896,0.4591479170272448
couleur,lemma,2.0,0.0,0.0,1.0,3.0,0.6666666666666666,0.0,0.0,0.3333333333333333,0.9182958340544896,0.4591479170272448
jouet,lemma,1.0,0.0,0.0,2.0,3.0,0.3333333333333333,0.0,0.0,0.6666666666666666,0.9182958340544896,0.4591479170272448
jugés,word,1.0,0.0,0.0,2.0,3.0,0.3333333333333333,0.0,0.0,0.6666666666666666,0.9182958340544896,0.4591479170272448
payé,word,2.0,0.0,0.0,1.0,3.0,0.6666666666666666,0.0,0.0,0.3333333333333333,0.9182958340544896,0.4591479170272448
pavé,word,0.0,0.0,2.0,1.0,3.0,0.0,0.0,0.6666666666666666,0.3333333333333333,0.9182958340544896,0.4591479170272448
jolies,word,0.0,0.0,1.0,2.0,3.0,0.0,0.0,0.3333333333333333,0.6666666666666666,0.9182958340544896,0.4591479170272448
traiter,lemma,0.0,2.0,0.0,1.0,3.0,0.0,0.6666666666666666,0.0,0.3333333333333333,0.9182958340544896,0.4591479170272448
texte,lemma,1.0,0.0,0.0,2.0,3.0,0.3333333333333333,0.0,0.0,0.6666666666666666,0.9182958340544896,0.4591479170272448
christ,word,2.0,0.0,0.0,1.0,3.0,0.6666666666666666,0.0,0.0,0.3333333333333333,0.9182958340544896,0.4591479170272448
christ,lemma,2.0,0.0,0.0,1.0,3.0,0.6666666666666666,0.0,0.0,0.3333333333333333,0.9182958340544896,0.4591479170272448
chouette,word,0.0,1.0,2.0,0.0,3.0,0.0,0.3333333333333333,0.6666666666666666,0.0,0.9182958340544896,0.4591479170272448
chouette,lemma,0.0,1.0,2.0,0.0,3.0,0.0,0.3333333333333333,0.6666666666666666,0.0,0.9182958340544896,0.4591479170272448
joueur,word,0.0,0.0,2.0,4.0,6.0,0.0,0.0,0.3333333333333333,0.6666666666666666,0.9182958340544896,0.4591479170272448
jouets,word,1.0,0.0,0.0,2.0,3.0,0.3333333333333333,0.0,0.0,0.6666666666666666,0.9182958340544896,0.4591479170272448
jamar,lemma,1.0,0.0,0.0,2.0,3.0,0.3333333333333333,0.0,0.0,0.6666666666666666,0.9182958340544896,0.4591479170272448
timides,word,2.0,1.0,0.0,0.0,3.0,0.6666666666666666,0.3333333333333333,0.0,0.0,0.9182958340544896,0.4591479170272448
pauvreté,lemma,2.0,0.0,0.0,4.0,6.0,0.3333333333333333,0.0,0.0,0.6666666666666666,0.9182958340544896,0.4591479170272448
nuisance,lemma,2.0,0.0,0.0,1.0,3.0,0.6666666666666666,0.0,0.0,0.3333333333333333,0.9182958340544896,0.4591479170272448
bain,lemma,2.0,0.0,0.0,1.0,3.0,0.6666666666666666,0.0,0.0,0.3333333333333333,0.9182958340544896,0.4591479170272448
arrivent,word,1.0,0.0,0.0,2.0,3.0,0.3333333333333333,0.0,0.0,0.6666666666666666,0.9182958340544896,0.4591479170272448
notamment,lemma,0.0,1.0,0.0,2.0,3.0,0.0,0.3333333333333333,0.0,0.6666666666666666,0.9182958340544896,0.4591479170272448
nouvelles,word,0.0,1.0,0.0,2.0,3.0,0.0,0.3333333333333333,0.0,0.6666666666666666,0.9182958340544896,0.4591479170272448
notamment,word,0.0,1.0,0.0,2.0,3.0,0.0,0.3333333333333333,0.0,0.6666666666666666,0.9182958340544896,0.4591479170272448
ntm,word,2.0,0.0,1.0,0.0,3.0,0.6666666666666666,0.0,0.3333333333333333,0.0,0.9182958340544896,0.4591479170272448
gigantesque,lemma,1.0,0.0,0.0,2.0,3.0,0.3333333333333333,0.0,0.0,0.6666666666666666,0.9182958340544896,0.4591479170272448
frites,word,0.0,0.0,1.0,2.0,3.0,0.0,0.0,0.3333333333333333,0.6666666666666666,0.9182958340544896,0.4591479170272448
frite,lemma,0.0,0.0,1.0,2.0,3.0,0.0,0.0,0.3333333333333333,0.6666666666666666,0.9182958340544896,0.4591479170272448
frein,lemma,0.0,1.0,0.0,2.0,3.0,0.0,0.3333333333333333,0.0,0.6666666666666666,0.9182958340544896,0.4591479170272448
arraché,word,1.0,0.0,0.0,2.0,3.0,0.3333333333333333,0.0,0.0,0.6666666666666666,0.9182958340544896,0.4591479170272448
admiration,word,1.0,2.0,0.0,0.0,3.0,0.3333333333333333,0.6666666666666666,0.0,0.0,0.9182958340544896,0.4591479170272448
arrivée,lemma,0.0,2.0,0.0,4.0,6.0,0.0,0.3333333333333333,0.0,0.6666666666666666,0.9182958340544896,0.4591479170272448
attendre,word,1.0,0.0,0.0,2.0,3.0,0.3333333333333333,0.0,0.0,0.6666666666666666,0.9182958340544896,0.4591479170272448
fort,word,6.0,0.0,0.0,3.0,9.0,0.6666666666666666,0.0,0.0,0.3333333333333333,0.9182958340544896,0.4591479170272448
qu'on,word,0.0,3.0,6.0,0.0,9.0,0.0,0.3333333333333333,0.6666666666666666,0.0,0.9182958340544896,0.4591479170272448
apparition,word,0.0,1.0,0.0,2.0,3.0,0.0,0.3333333333333333,0.0,0.6666666666666666,0.9182958340544896,0.4591479170272448
apparition,lemma,0.0,1.0,0.0,2.0,3.0,0.0,0.3333333333333333,0.0,0.6666666666666666,0.9182958340544896,0.4591479170272448
voile,word,0.0,0.0,1.0,2.0,3.0,0.0,0.0,0.3333333333333333,0.6666666666666666,0.9182958340544896,0.4591479170272448
moderne,word,1.0,0.0,0.0,2.0,3.0,0.3333333333333333,0.0,0.0,0.6666666666666666,0.9182958340544896,0.4591479170272448
moderne,lemma,1.0,0.0,0.0,2.0,3.0,0.3333333333333333,0.0,0.0,0.6666666666666666,0.9182958340544896,0.4591479170272448
mode,word,1.0,0.0,0.0,2.0,3.0,0.3333333333333333,0.0,0.0,0.6666666666666666,0.9182958340544896,0.4591479170272448
pêcheur,lemma,2.0,0.0,0.0,1.0,3.0,0.6666666666666666,0.0,0.0,0.3333333333333333,0.9182958340544896,0.4591479170272448
qu'un,word,0.0,0.0,1.0,2.0,3.0,0.0,0.0,0.3333333333333333,0.6666666666666666,0.9182958340544896,0.4591479170272448
quitter,word,8.0,0.0,0.0,4.0,12.0,0.6666666666666666,0.0,0.0,0.3333333333333333,0.9182958340544896,0.4591479170272448
arrête,word,1.0,0.0,2.0,0.0,3.0,0.3333333333333333,0.0,0.6666666666666666,0.0,0.9182958340544896,0.4591479170272448
mec,lemma,0.0,0.0,2.0,1.0,3.0,0.0,0.0,0.6666666666666666,0.3333333333333333,0.9182958340544896,0.4591479170272448
annoncer,lemma,1.0,0.0,0.0,2.0,3.0,0.3333333333333333,0.0,0.0,0.6666666666666666,0.9182958340544896,0.4591479170272448
animal,word,0.0,1.0,0.0,2.0,3.0,0.0,0.3333333333333333,0.0,0.6666666666666666,0.9182958340544896,0.4591479170272448
meurtre,word,2.0,0.0,0.0,1.0,3.0,0.6666666666666666,0.0,0.0,0.3333333333333333,0.9182958340544896,0.4591479170272448
déforestation,word,0.0,1.0,0.0,2.0,3.0,0.0,0.3333333333333333,0.0,0.6666666666666666,0.9182958340544896,0.4591479170272448
déforestation,lemma,0.0,1.0,0.0,2.0,3.0,0.0,0.3333333333333333,0.0,0.6666666666666666,0.9182958340544896,0.4591479170272448
auraient,word,1.0,0.0,0.0,2.0,3.0,0.3333333333333333,0.0,0.0,0.6666666666666666,0.9182958340544896,0.4591479170272448
attentat,word,1.0,2.0,0.0,0.0,3.0,0.3333333333333333,0.6666666666666666,0.0,0.0,0.9182958340544896,0.4591479170272448
autonomie,word,2.0,0.0,0.0,1.0,3.0,0.6666666666666666,0.0,0.0,0.3333333333333333,0.9182958340544896,0.4591479170272448
autonomie,lemma,2.0,0.0,0.0,1.0,3.0,0.6666666666666666,0.0,0.0,0.3333333333333333,0.9182958340544896,0.4591479170272448
aventure,lemma,0.0,0.0,1.0,2.0,3.0,0.0,0.0,0.3333333333333333,0.6666666666666666,0.9182958340544896,0.4591479170272448
meilleurs,word,2.0,0.0,0.0,1.0,3.0,0.6666666666666666,0.0,0.0,0.3333333333333333,0.9182958340544896,0.4591479170272448
entourer,lemma,2.0,1.0,0.0,0.0,3.0,0.6666666666666666,0.3333333333333333,0.0,0.0,0.9182958340544896,0.4591479170272448
année,word,1.0,0.0,0.0,2.0,3.0,0.3333333333333333,0.0,0.0,0.6666666666666666,0.9182958340544896,0.4591479170272448
forcé,word,1.0,0.0,0.0,2.0,3.0,0.3333333333333333,0.0,0.0,0.6666666666666666,0.9182958340544896,0.4591479170272448
fondations,word,1.0,0.0,0.0,2.0,3.0,0.3333333333333333,0.0,0.0,0.6666666666666666,0.9182958340544896,0.4591479170272448
fondation,lemma,1.0,0.0,0.0,2.0,3.0,0.3333333333333333,0.0,0.0,0.6666666666666666,0.9182958340544896,0.4591479170272448
essaie,word,0.0,0.0,1.0,2.0,3.0,0.0,0.0,0.3333333333333333,0.6666666666666666,0.9182958340544896,0.4591479170272448
pure,word,0.0,0.0,2.0,1.0,3.0,0.0,0.0,0.6666666666666666,0.3333333333333333,0.9182958340544896,0.4591479170272448
pur,lemma,0.0,0.0,2.0,1.0,3.0,0.0,0.0,0.6666666666666666,0.3333333333333333,0.9182958340544896,0.4591479170272448
ntm,lemma,2.0,0.0,1.0,0.0,3.0,0.6666666666666666,0.0,0.3333333333333333,0.0,0.9182958340544896,0.4591479170272448
nuisances,word,2.0,0.0,0.0,1.0,3.0,0.6666666666666666,0.0,0.0,0.3333333333333333,0.9182958340544896,0.4591479170272448
voile,lemma,0.0,0.0,1.0,2.0,3.0,0.0,0.0,0.3333333333333333,0.6666666666666666,0.9182958340544896,0.4591479170272448
voisins,word,2.0,0.0,0.0,1.0,3.0,0.6666666666666666,0.0,0.0,0.3333333333333333,0.9182958340544896,0.4591479170272448
ensuite,word,0.0,1.0,0.0,2.0,3.0,0.0,0.3333333333333333,0.0,0.6666666666666666,0.9182958340544896,0.4591479170272448
ensuite,lemma,0.0,1.0,0.0,2.0,3.0,0.0,0.3333333333333333,0.0,0.6666666666666666,0.9182958340544896,0.4591479170272448
enrager,lemma,1.0,2.0,0.0,0.0,3.0,0.3333333333333333,0.6666666666666666,0.0,0.0,0.9182958340544896,0.4591479170272448
fièvre,lemma,1.0,0.0,0.0,2.0,3.0,0.3333333333333333,0.0,0.0,0.6666666666666666,0.9182958340544896,0.4591479170272448
commises,word,1.0,0.0,0.0,2.0,3.0,0.3333333333333333,0.0,0.0,0.6666666666666666,0.9182958340544896,0.4591479170272448
tenir,word,0.0,0.0,1.0,2.0,3.0,0.0,0.0,0.3333333333333333,0.6666666666666666,0.9182958340544896,0.4591479170272448
tendues,word,2.0,0.0,0.0,4.0,6.0,0.3333333333333333,0.0,0.0,0.6666666666666666,0.9182958340544896,0.4591479170272448
jalousies,word,2.0,1.0,0.0,0.0,3.0,0.6666666666666666,0.3333333333333333,0.0,0.0,0.9182958340544896,0.4591479170272448
jalousie,lemma,2.0,1.0,0.0,0.0,3.0,0.6666666666666666,0.3333333333333333,0.0,0.0,0.9182958340544896,0.4591479170272448
pensé,word,0.0,0.0,1.0,2.0,3.0,0.0,0.0,0.3333333333333333,0.6666666666666666,0.9182958340544896,0.4591479170272448
montrant,word,2.0,0.0,0.0,1.0,3.0,0.6666666666666666,0.0,0.0,0.3333333333333333,0.9182958340544896,0.4591479170272448
montagne,word,0.0,2.0,0.0,1.0,3.0,0.0,0.6666666666666666,0.0,0.3333333333333333,0.9182958340544896,0.4591479170272448
montagne,lemma,0.0,2.0,0.0,1.0,3.0,0.0,0.6666666666666666,0.0,0.3333333333333333,0.9182958340544896,0.4591479170272448
mont,word,0.0,1.0,0.0,2.0,3.0,0.0,0.3333333333333333,0.0,0.6666666666666666,0.9182958340544896,0.4591479170272448
mordre,lemma,0.0,2.0,0.0,1.0,3.0,0.0,0.6666666666666666,0.0,0.3333333333333333,0.9182958340544896,0.4591479170272448
clinton,word,2.0,1.0,0.0,0.0,3.0,0.6666666666666666,0.3333333333333333,0.0,0.0,0.9182958340544896,0.4591479170272448
entrée,word,1.0,0.0,0.0,2.0,3.0,0.3333333333333333,0.0,0.0,0.6666666666666666,0.9182958340544896,0.4591479170272448
écrire,word,1.0,0.0,0.0,2.0,3.0,0.3333333333333333,0.0,0.0,0.6666666666666666,0.9182958340544896,0.4591479170272448
musique,word,1.0,0.0,0.0,2.0,3.0,0.3333333333333333,0.0,0.0,0.6666666666666666,0.9182958340544896,0.4591479170272448
musique,lemma,1.0,0.0,0.0,2.0,3.0,0.3333333333333333,0.0,0.0,0.6666666666666666,0.9182958340544896,0.4591479170272448
moyens,word,1.0,0.0,0.0,2.0,3.0,0.3333333333333333,0.0,0.0,0.6666666666666666,0.9182958340544896,0.4591479170272448
moyen,lemma,1.0,0.0,0.0,2.0,3.0,0.3333333333333333,0.0,0.0,0.6666666666666666,0.9182958340544896,0.4591479170272448
n'y,word,0.0,0.0,1.0,2.0,3.0,0.0,0.0,0.3333333333333333,0.6666666666666666,0.9182958340544896,0.4591479170272448
vérité,word,0.0,0.0,2.0,1.0,3.0,0.0,0.0,0.6666666666666666,0.3333333333333333,0.9182958340544896,0.4591479170272448
méthode,lemma,0.0,0.0,1.0,2.0,3.0,0.0,0.0,0.3333333333333333,0.6666666666666666,0.9182958340544896,0.4591479170272448
voté,word,2.0,0.0,0.0,1.0,3.0,0.6666666666666666,0.0,0.0,0.3333333333333333,0.9182958340544896,0.4591479170272448
mode,lemma,1.0,0.0,0.0,2.0,3.0,0.3333333333333333,0.0,0.0,0.6666666666666666,0.9182958340544896,0.4591479170272448
pensent,word,2.0,0.0,0.0,1.0,3.0,0.6666666666666666,0.0,0.0,0.3333333333333333,0.9182958340544896,0.4591479170272448
muslim,lemma,0.0,0.0,2.0,1.0,3.0,0.0,0.0,0.6666666666666666,0.3333333333333333,0.9182958340544896,0.4591479170272448
muslim,word,0.0,0.0,2.0,1.0,3.0,0.0,0.0,0.6666666666666666,0.3333333333333333,0.9182958340544896,0.4591479170272448
clinton,lemma,2.0,1.0,0.0,0.0,3.0,0.6666666666666666,0.3333333333333333,0.0,0.0,0.9182958340544896,0.4591479170272448
entrez,word,0.0,0.0,1.0,2.0,3.0,0.0,0.0,0.3333333333333333,0.6666666666666666,0.9182958340544896,0.4591479170272448
entrez,lemma,0.0,0.0,1.0,2.0,3.0,0.0,0.0,0.3333333333333333,0.6666666666666666,0.9182958340544896,0.4591479170272448
entreprise,word,2.0,0.0,0.0,1.0,3.0,0.6666666666666666,0.0,0.0,0.3333333333333333,0.9182958340544896,0.4591479170272448
espionner,word,2.0,0.0,0.0,4.0,6.0,0.3333333333333333,0.0,0.0,0.6666666666666666,0.9182958340544896,0.4591479170272448
espace,word,1.0,0.0,0.0,2.0,3.0,0.3333333333333333,0.0,0.0,0.6666666666666666,0.9182958340544896,0.4591479170272448
espace,lemma,1.0,0.0,0.0,2.0,3.0,0.3333333333333333,0.0,0.0,0.6666666666666666,0.9182958340544896,0.4591479170272448
envoyer,lemma,6.0,0.0,0.0,3.0,9.0,0.6666666666666666,0.0,0.0,0.3333333333333333,0.9182958340544896,0.4591479170272448
etat,word,1.0,0.0,0.0,2.0,3.0,0.3333333333333333,0.0,0.0,0.6666666666666666,0.9182958340544896,0.4591479170272448
fermer,lemma,2.0,0.0,1.0,0.0,3.0,0.6666666666666666,0.0,0.3333333333333333,0.0,0.9182958340544896,0.4591479170272448
esprit,lemma,2.0,0.0,0.0,1.0,3.0,0.6666666666666666,0.0,0.0,0.3333333333333333,0.9182958340544896,0.4591479170272448
pêcheurs,word,2.0,0.0,0.0,1.0,3.0,0.6666666666666666,0.0,0.0,0.3333333333333333,0.9182958340544896,0.4591479170272448
puni,word,0.0,1.0,0.0,2.0,3.0,0.0,0.3333333333333333,0.0,0.6666666666666666,0.9182958340544896,0.4591479170272448
fièvre,word,1.0,0.0,0.0,2.0,3.0,0.3333333333333333,0.0,0.0,0.6666666666666666,0.9182958340544896,0.4591479170272448
climatique,word,1.0,2.0,0.0,0.0,3.0,0.3333333333333333,0.6666666666666666,0.0,0.0,0.9182958340544896,0.4591479170272448
emploi,lemma,2.0,0.0,0.0,4.0,6.0,0.3333333333333333,0.0,0.0,0.6666666666666666,0.9182958340544896,0.4591479170272448
empêcher,word,2.0,0.0,0.0,4.0,6.0,0.3333333333333333,0.0,0.0,0.6666666666666666,0.9182958340544896,0.4591479170272448
empêcher,lemma,3.0,0.0,0.0,6.0,9.0,0.3333333333333333,0.0,0.0,0.6666666666666666,0.9182958340544896,0.4591479170272448
emporte,word,2.0,1.0,0.0,0.0,3.0,0.6666666666666666,0.3333333333333333,0.0,0.0,0.9182958340544896,0.4591479170272448
enfant,word,0.0,2.0,0.0,4.0,6.0,0.0,0.3333333333333333,0.0,0.6666666666666666,0.9182958340544896,0.4591479170272448
alarme,lemma,2.0,0.0,0.0,1.0,3.0,0.6666666666666666,0.0,0.0,0.3333333333333333,0.9182958340544896,0.4591479170272448
inégalité,lemma,3.0,0.0,0.0,6.0,9.0,0.3333333333333333,0.0,0.0,0.6666666666666666,0.9182958340544896,0.4591479170272448
inventer,lemma,0.0,0.0,1.0,2.0,3.0,0.0,0.0,0.3333333333333333,0.6666666666666666,0.9182958340544896,0.4591479170272448
intérieur,word,2.0,1.0,0.0,0.0,3.0,0.6666666666666666,0.3333333333333333,0.0,0.0,0.9182958340544896,0.4591479170272448
intérieur,lemma,2.0,1.0,0.0,0.0,3.0,0.6666666666666666,0.3333333333333333,0.0,0.0,0.9182958340544896,0.4591479170272448
intrigué,lemma,0.0,2.0,0.0,1.0,3.0,0.0,0.6666666666666666,0.0,0.3333333333333333,0.9182958340544896,0.4591479170272448
iront,word,0.0,1.0,0.0,2.0,3.0,0.0,0.3333333333333333,0.0,0.6666666666666666,0.9182958340544896,0.4591479170272448
jamar,word,1.0,0.0,0.0,2.0,3.0,0.3333333333333333,0.0,0.0,0.6666666666666666,0.9182958340544896,0.4591479170272448
emplois,word,2.0,0.0,0.0,1.0,3.0,0.6666666666666666,0.0,0.0,0.3333333333333333,0.9182958340544896,0.4591479170272448
bord,word,1.0,0.0,0.0,2.0,3.0,0.3333333333333333,0.0,0.0,0.6666666666666666,0.9182958340544896,0.4591479170272448
partager,word,2.0,0.0,0.0,4.0,6.0,0.3333333333333333,0.0,0.0,0.6666666666666666,0.9182958340544896,0.4591479170272448
blancs,word,1.0,0.0,0.0,2.0,3.0,0.3333333333333333,0.0,0.0,0.6666666666666666,0.9182958340544896,0.4591479170272448
blanc,word,1.0,0.0,0.0,2.0,3.0,0.3333333333333333,0.0,0.0,0.6666666666666666,0.9182958340544896,0.4591479170272448
opération,lemma,0.0,1.0,0.0,2.0,3.0,0.0,0.3333333333333333,0.0,0.6666666666666666,0.9182958340544896,0.4591479170272448
déclaré,word,1.0,0.0,0.0,2.0,3.0,0.3333333333333333,0.0,0.0,0.6666666666666666,0.9182958340544896,0.4591479170272448
rouler,lemma,2.0,0.0,0.0,1.0,3.0,0.6666666666666666,0.0,0.0,0.3333333333333333,0.9182958340544896,0.4591479170272448
rouges,word,0.0,1.0,0.0,2.0,3.0,0.0,0.3333333333333333,0.0,0.6666666666666666,0.9182958340544896,0.4591479170272448
rouge,lemma,0.0,1.0,0.0,2.0,3.0,0.0,0.3333333333333333,0.0,0.6666666666666666,0.9182958340544896,0.4591479170272448
réservoir,lemma,0.0,1.0,0.0,2.0,3.0,0.0,0.3333333333333333,0.0,0.6666666666666666,0.9182958340544896,0.4591479170272448
réseaux,word,1.0,0.0,0.0,2.0,3.0,0.3333333333333333,0.0,0.0,0.6666666666666666,0.9182958340544896,0.4591479170272448
violemment,lemma,4.0,0.0,0.0,2.0,6.0,0.6666666666666666,0.0,0.0,0.3333333333333333,0.9182958340544896,0.4591479170272448
oiseau,lemma,0.0,1.0,0.0,2.0,3.0,0.0,0.3333333333333333,0.0,0.6666666666666666,0.9182958340544896,0.4591479170272448
originale,word,0.0,1.0,0.0,2.0,3.0,0.0,0.3333333333333333,0.0,0.6666666666666666,0.9182958340544896,0.4591479170272448
ouragan,lemma,0.0,1.0,0.0,2.0,3.0,0.0,0.3333333333333333,0.0,0.6666666666666666,0.9182958340544896,0.4591479170272448
original,lemma,0.0,1.0,0.0,2.0,3.0,0.0,0.3333333333333333,0.0,0.6666666666666666,0.9182958340544896,0.4591479170272448
organiser,lemma,3.0,0.0,0.0,6.0,9.0,0.3333333333333333,0.0,0.0,0.6666666666666666,0.9182958340544896,0.4591479170272448
ordre,word,1.0,0.0,0.0,2.0,3.0,0.3333333333333333,0.0,0.0,0.6666666666666666,0.9182958340544896,0.4591479170272448
ordre,lemma,1.0,0.0,0.0,2.0,3.0,0.3333333333333333,0.0,0.0,0.6666666666666666,0.9182958340544896,0.4591479170272448
bas,word,1.0,0.0,2.0,0.0,3.0,0.3333333333333333,0.0,0.6666666666666666,0.0,0.9182958340544896,0.4591479170272448
vague,word,0.0,1.0,0.0,2.0,3.0,0.0,0.3333333333333333,0.0,0.6666666666666666,0.9182958340544896,0.4591479170272448
vaches,word,1.0,0.0,0.0,2.0,3.0,0.3333333333333333,0.0,0.0,0.6666666666666666,0.9182958340544896,0.4591479170272448
vidéo,word,0.0,0.0,2.0,1.0,3.0,0.0,0.0,0.6666666666666666,0.3333333333333333,0.9182958340544896,0.4591479170272448
viens,word,0.0,0.0,2.0,1.0,3.0,0.0,0.0,0.6666666666666666,0.3333333333333333,0.9182958340544896,0.4591479170272448
mangent,word,1.0,0.0,0.0,2.0,3.0,0.3333333333333333,0.0,0.0,0.6666666666666666,0.9182958340544896,0.4591479170272448
viol,word,0.0,0.0,1.0,2.0,3.0,0.0,0.0,0.3333333333333333,0.6666666666666666,0.9182958340544896,0.4591479170272448
visiteur,lemma,1.0,0.0,0.0,2.0,3.0,0.3333333333333333,0.0,0.0,0.6666666666666666,0.9182958340544896,0.4591479170272448
cérémonie,word,0.0,1.0,0.0,2.0,3.0,0.0,0.3333333333333333,0.0,0.6666666666666666,0.9182958340544896,0.4591479170272448
cérémonie,lemma,0.0,1.0,0.0,2.0,3.0,0.0,0.3333333333333333,0.0,0.6666666666666666,0.9182958340544896,0.4591479170272448
d'accord,word,0.0,0.0,2.0,1.0,3.0,0.0,0.0,0.6666666666666666,0.3333333333333333,0.9182958340544896,0.4591479170272448
horribles,word,0.0,2.0,0.0,1.0,3.0,0.0,0.6666666666666666,0.0,0.3333333333333333,0.9182958340544896,0.4591479170272448
révoltée,lemma,2.0,1.0,0.0,0.0,3.0,0.6666666666666666,0.3333333333333333,0.0,0.0,0.9182958340544896,0.4591479170272448
révolté,lemma,2.0,1.0,0.0,0.0,3.0,0.6666666666666666,0.3333333333333333,0.0,0.0,0.9182958340544896,0.4591479170272448
habitants,word,0.0,2.0,0.0,4.0,6.0,0.0,0.3333333333333333,0.0,0.6666666666666666,0.9182958340544896,0.4591479170272448
habitant,lemma,0.0,2.0,0.0,4.0,6.0,0.0,0.3333333333333333,0.0,0.6666666666666666,0.9182958340544896,0.4591479170272448
habit,lemma,0.0,0.0,1.0,2.0,3.0,0.0,0.0,0.3333333333333333,0.6666666666666666,0.9182958340544896,0.4591479170272448
habits,word,0.0,0.0,1.0,2.0,3.0,0.0,0.0,0.3333333333333333,0.6666666666666666,0.9182958340544896,0.4591479170272448
dirigeant,word,0.0,1.0,0.0,2.0,3.0,0.0,0.3333333333333333,0.0,0.6666666666666666,0.9182958340544896,0.4591479170272448
birmane,word,1.0,0.0,0.0,2.0,3.0,0.3333333333333333,0.0,0.0,0.6666666666666666,0.9182958340544896,0.4591479170272448
birmane,lemma,1.0,0.0,0.0,2.0,3.0,0.3333333333333333,0.0,0.0,0.6666666666666666,0.9182958340544896,0.4591479170272448
université,word,2.0,0.0,0.0,1.0,3.0,0.6666666666666666,0.0,0.0,0.3333333333333333,0.9182958340544896,0.4591479170272448
bloquaient,lemma,1.0,0.0,0.0,2.0,3.0,0.3333333333333333,0.0,0.0,0.6666666666666666,0.9182958340544896,0.4591479170272448
révoltée,word,2.0,1.0,0.0,0.0,3.0,0.6666666666666666,0.3333333333333333,0.0,0.0,0.9182958340544896,0.4591479170272448
pousser,lemma,1.0,0.0,2.0,0.0,3.0,0.3333333333333333,0.0,0.6666666666666666,0.0,0.9182958340544896,0.4591479170272448
réunir,lemma,0.0,1.0,0.0,2.0,3.0,0.0,0.3333333333333333,0.0,0.6666666666666666,0.9182958340544896,0.4591479170272448
mangent,lemma,1.0,0.0,0.0,2.0,3.0,0.3333333333333333,0.0,0.0,0.6666666666666666,0.9182958340544896,0.4591479170272448
manqué,word,1.0,0.0,0.0,2.0,3.0,0.3333333333333333,0.0,0.0,0.6666666666666666,0.9182958340544896,0.4591479170272448
manque,lemma,1.0,0.0,0.0,2.0,3.0,0.3333333333333333,0.0,0.0,0.6666666666666666,0.9182958340544896,0.4591479170272448
vien,lemma,0.0,0.0,2.0,1.0,3.0,0.0,0.0,0.6666666666666666,0.3333333333333333,0.9182958340544896,0.4591479170272448
birmanie,word,2.0,0.0,0.0,1.0,3.0,0.6666666666666666,0.0,0.0,0.3333333333333333,0.9182958340544896,0.4591479170272448
birmanie,lemma,2.0,0.0,0.0,1.0,3.0,0.6666666666666666,0.0,0.0,0.3333333333333333,0.9182958340544896,0.4591479170272448
union,lemma,1.0,0.0,0.0,2.0,3.0,0.3333333333333333,0.0,0.0,0.6666666666666666,0.9182958340544896,0.4591479170272448
utilisateurs,word,2.0,0.0,0.0,1.0,3.0,0.6666666666666666,0.0,0.0,0.3333333333333333,0.9182958340544896,0.4591479170272448
utilisateur,lemma,2.0,0.0,0.0,1.0,3.0,0.6666666666666666,0.0,0.0,0.3333333333333333,0.9182958340544896,0.4591479170272448
bloquaient,word,1.0,0.0,0.0,2.0,3.0,0.3333333333333333,0.0,0.0,0.6666666666666666,0.9182958340544896,0.4591479170272448
gaz,lemma,1.0,0.0,0.0,2.0,3.0,0.3333333333333333,0.0,0.0,0.6666666666666666,0.9182958340544896,0.4591479170272448
glace,word,0.0,1.0,0.0,2.0,3.0,0.0,0.3333333333333333,0.0,0.6666666666666666,0.9182958340544896,0.4591479170272448
répression,word,0.0,1.0,0.0,2.0,3.0,0.0,0.3333333333333333,0.0,0.6666666666666666,0.9182958340544896,0.4591479170272448
répression,lemma,0.0,1.0,0.0,2.0,3.0,0.0,0.3333333333333333,0.0,0.6666666666666666,0.9182958340544896,0.4591479170272448
décide,word,1.0,0.0,0.0,2.0,3.0,0.3333333333333333,0.0,0.0,0.6666666666666666,0.9182958340544896,0.4591479170272448
gouvernements,word,2.0,0.0,0.0,1.0,3.0,0.6666666666666666,0.0,0.0,0.3333333333333333,0.9182958340544896,0.4591479170272448
distribution,word,0.0,0.0,2.0,1.0,3.0,0.0,0.0,0.6666666666666666,0.3333333333333333,0.9182958340544896,0.4591479170272448
distribution,lemma,0.0,0.0,2.0,1.0,3.0,0.0,0.0,0.6666666666666666,0.3333333333333333,0.9182958340544896,0.4591479170272448
doigt,lemma,1.0,2.0,0.0,0.0,3.0,0.3333333333333333,0.6666666666666666,0.0,0.0,0.9182958340544896,0.4591479170272448
rompu,word,2.0,0.0,0.0,1.0,3.0,0.6666666666666666,0.0,0.0,0.3333333333333333,0.9182958340544896,0.4591479170272448
rompre,lemma,2.0,0.0,0.0,1.0,3.0,0.6666666666666666,0.0,0.0,0.3333333333333333,0.9182958340544896,0.4591479170272448
reçoit,word,1.0,0.0,0.0,2.0,3.0,0.3333333333333333,0.0,0.0,0.6666666666666666,0.9182958340544896,0.4591479170272448
violemment,word,4.0,0.0,0.0,2.0,6.0,0.6666666666666666,0.0,0.0,0.3333333333333333,0.9182958340544896,0.4591479170272448
riche,word,0.0,1.0,0.0,2.0,3.0,0.0,0.3333333333333333,0.0,0.6666666666666666,0.9182958340544896,0.4591479170272448
désolée,word,0.0,1.0,2.0,0.0,3.0,0.0,0.3333333333333333,0.6666666666666666,0.0,0.9182958340544896,0.4591479170272448
désolé,lemma,0.0,2.0,1.0,0.0,3.0,0.0,0.6666666666666666,0.3333333333333333,0.0,0.9182958340544896,0.4591479170272448
désespérer,lemma,0.0,2.0,1.0,0.0,3.0,0.0,0.6666666666666666,0.3333333333333333,0.0,0.9182958340544896,0.4591479170272448
meurtre,lemma,2.0,0.0,0.0,1.0,3.0,0.6666666666666666,0.0,0.0,0.3333333333333333,0.9182958340544896,0.4591479170272448
migrants,word,1.0,0.0,0.0,2.0,3.0,0.3333333333333333,0.0,0.0,0.6666666666666666,0.9182958340544896,0.4591479170272448
migrant,lemma,1.0,0.0,0.0,2.0,3.0,0.3333333333333333,0.0,0.0,0.6666666666666666,0.9182958340544896,0.4591479170272448
renvoyer,word,0.0,1.0,0.0,2.0,3.0,0.0,0.3333333333333333,0.0,0.6666666666666666,0.9182958340544896,0.4591479170272448
renoncer,lemma,2.0,0.0,0.0,1.0,3.0,0.6666666666666666,0.0,0.0,0.3333333333333333,0.9182958340544896,0.4591479170272448
restait,word,1.0,0.0,0.0,2.0,3.0,0.3333333333333333,0.0,0.0,0.6666666666666666,0.9182958340544896,0.4591479170272448
effets,word,0.0,1.0,0.0,2.0,3.0,0.0,0.3333333333333333,0.0,0.6666666666666666,0.9182958340544896,0.4591479170272448
bas,lemma,1.0,0.0,2.0,0.0,3.0,0.3333333333333333,0.0,0.6666666666666666,0.0,0.9182958340544896,0.4591479170272448
oiseaux,word,0.0,1.0,0.0,2.0,3.0,0.0,0.3333333333333333,0.0,0.6666666666666666,0.9182958340544896,0.4591479170272448
revenir,lemma,0.0,2.0,0.0,4.0,6.0,0.0,0.3333333333333333,0.0,0.6666666666666666,0.9182958340544896,0.4591479170272448
différentes,word,2.0,0.0,0.0,1.0,3.0,0.6666666666666666,0.0,0.0,0.3333333333333333,0.9182958340544896,0.4591479170272448
portable,lemma,0.0,1.0,0.0,2.0,3.0,0.0,0.3333333333333333,0.0,0.6666666666666666,0.9182958340544896,0.4591479170272448
porc,word,0.0,0.0,6.0,3.0,9.0,0.0,0.0,0.6666666666666666,0.3333333333333333,0.9182958340544896,0.4591479170272448
posséder,lemma,0.0,1.0,0.0,2.0,3.0,0.0,0.3333333333333333,0.0,0.6666666666666666,0.9182958340544896,0.4591479170272448
possèdent,word,0.0,1.0,0.0,2.0,3.0,0.0,0.3333333333333333,0.0,0.6666666666666666,0.9182958340544896,0.4591479170272448
possible,lemma,0.0,1.0,0.0,2.0,3.0,0.0,0.3333333333333333,0.0,0.6666666666666666,0.9182958340544896,0.4591479170272448
banal,word,0.0,1.0,0.0,2.0,3.0,0.0,0.3333333333333333,0.0,0.6666666666666666,0.9182958340544896,0.4591479170272448
banal,lemma,0.0,1.0,0.0,2.0,3.0,0.0,0.3333333333333333,0.0,0.6666666666666666,0.9182958340544896,0.4591479170272448
dépenser,word,0.0,1.0,0.0,2.0,3.0,0.0,0.3333333333333333,0.0,0.6666666666666666,0.9182958340544896,0.4591479170272448
dépenser,lemma,0.0,1.0,0.0,2.0,3.0,0.0,0.3333333333333333,0.0,0.6666666666666666,0.9182958340544896,0.4591479170272448
députés,word,1.0,0.0,0.0,2.0,3.0,0.3333333333333333,0.0,0.0,0.6666666666666666,0.9182958340544896,0.4591479170272448
député,lemma,1.0,0.0,0.0,2.0,3.0,0.3333333333333333,0.0,0.0,0.6666666666666666,0.9182958340544896,0.4591479170272448
russie,word,2.0,0.0,0.0,1.0,3.0,0.6666666666666666,0.0,0.0,0.3333333333333333,0.9182958340544896,0.4591479170272448
gaz,word,1.0,0.0,0.0,2.0,3.0,0.3333333333333333,0.0,0.0,0.6666666666666666,0.9182958340544896,0.4591479170272448
réagir,word,2.0,0.0,0.0,1.0,3.0,0.6666666666666666,0.0,0.0,0.3333333333333333,0.9182958340544896,0.4591479170272448
rythme,word,1.0,0.0,0.0,2.0,3.0,0.3333333333333333,0.0,0.0,0.6666666666666666,0.9182958340544896,0.4591479170272448
gronder,word,1.0,0.0,0.0,2.0,3.0,0.3333333333333333,0.0,0.0,0.6666666666666666,0.9182958340544896,0.4591479170272448
gronder,lemma,1.0,0.0,0.0,2.0,3.0,0.3333333333333333,0.0,0.0,0.6666666666666666,0.9182958340544896,0.4591479170272448
produire,word,0.0,1.0,0.0,2.0,3.0,0.0,0.3333333333333333,0.0,0.6666666666666666,0.9182958340544896,0.4591479170272448
propre,lemma,1.0,0.0,0.0,2.0,3.0,0.3333333333333333,0.0,0.0,0.6666666666666666,0.9182958340544896,0.4591479170272448
projet,word,2.0,1.0,0.0,0.0,3.0,0.6666666666666666,0.3333333333333333,0.0,0.0,0.9182958340544896,0.4591479170272448
délicieux,word,0.0,0.0,1.0,2.0,3.0,0.0,0.0,0.3333333333333333,0.6666666666666666,0.9182958340544896,0.4591479170272448
délicieux,lemma,0.0,0.0,1.0,2.0,3.0,0.0,0.0,0.3333333333333333,0.6666666666666666,0.9182958340544896,0.4591479170272448
premiers,word,1.0,0.0,0.0,2.0,3.0,0.3333333333333333,0.0,0.0,0.6666666666666666,0.9182958340544896,0.4591479170272448
prestigieuse,word,0.0,1.0,0.0,2.0,3.0,0.0,0.3333333333333333,0.0,0.6666666666666666,0.9182958340544896,0.4591479170272448
prestigieuse,lemma,0.0,1.0,0.0,2.0,3.0,0.0,0.3333333333333333,0.0,0.6666666666666666,0.9182958340544896,0.4591479170272448
projet,lemma,2.0,1.0,0.0,0.0,3.0,0.6666666666666666,0.3333333333333333,0.0,0.0,0.9182958340544896,0.4591479170272448
russie,lemma,2.0,0.0,0.0,1.0,3.0,0.6666666666666666,0.0,0.0,0.3333333333333333,0.9182958340544896,0.4591479170272448
rire,word,20.0,3.0,0.0,2.0,25.0,0.8,0.12,0.0,0.08,0.9161182137782959,0.45805910688914797
prix,word,5.0,3.0,0.0,32.0,40.0,0.125,0.075,0.0,0.8,0.9128148954723554,0.4564074477361777
prix,lemma,5.0,3.0,0.0,32.0,40.0,0.125,0.075,0.0,0.8,0.9128148954723554,0.4564074477361777
menace,word,4.0,18.0,0.0,1.0,23.0,0.17391304347826086,0.782608695652174,0.0,0.043478260869565216,0.9123163027543337,0.45615815137716687
grave,word,0.0,4.0,3.0,29.0,36.0,0.0,0.1111111111111111,0.08333333333333333,0.8055555555555556,0.9022489914183384,0.4511244957091692
accord,lemma,1.0,1.0,2.0,20.0,24.0,0.041666666666666664,0.041666666666666664,0.08333333333333333,0.8333333333333334,0.9000224216483541,0.45001121082417705
chance,word,0.0,0.0,5.0,11.0,16.0,0.0,0.0,0.3125,0.6875,0.8960382325345574,0.4480191162672787
chance,lemma,0.0,0.0,5.0,11.0,16.0,0.0,0.0,0.3125,0.6875,0.8960382325345574,0.4480191162672787
chose,word,2.0,0.0,3.0,21.0,26.0,0.07692307692307693,0.0,0.11538461538461539,0.8076923076923077,0.89299535735196,0.44649767867598
voisin,lemma,9.0,0.0,0.0,4.0,13.0,0.6923076923076923,0.0,0.0,0.3076923076923077,0.8904916402194913,0.44524582010974567
casse,word,0.0,0.0,7.0,3.0,10.0,0.0,0.0,0.7,0.3,0.8812908992306927,0.44064544961534635
affronter,lemma,7.0,0.0,0.0,3.0,10.0,0.7,0.0,0.0,0.3,0.8812908992306927,0.44064544961534635
guerres,word,3.0,0.0,0.0,7.0,10.0,0.3,0.0,0.0,0.7,0.8812908992306927,0.44064544961534635
mesure,lemma,7.0,0.0,0.0,3.0,10.0,0.7,0.0,0.0,0.3,0.8812908992306927,0.44064544961534635
voisin,word,7.0,0.0,0.0,3.0,10.0,0.7,0.0,0.0,0.3,0.8812908992306927,0.44064544961534635
casse,lemma,0.0,0.0,7.0,3.0,10.0,0.0,0.0,0.7,0.3,0.8812908992306927,0.44064544961534635
terrible,lemma,0.0,14.0,0.0,6.0,20.0,0.0,0.7,0.0,0.3,0.8812908992306927,0.44064544961534635
école,lemma,1.0,3.0,1.0,25.0,30.0,0.03333333333333333,0.1,0.03333333333333333,0.8333333333333334,0.878514187390799,0.4392570936953995
tuer,lemma,7.0,1.0,2.0,47.0,57.0,0.12280701754385964,0.017543859649122806,0.03508771929824561,0.8245614035087719,0.8729398302480367,0.43646991512401834
millions,word,0.0,1.0,1.0,9.0,11.0,0.0,0.09090909090909091,0.09090909090909091,0.8181818181818182,0.8658566174572235,0.43292830872861177
rejeter,lemma,1.0,1.0,0.0,9.0,11.0,0.09090909090909091,0.09090909090909091,0.0,0.8181818181818182,0.8658566174572235,0.43292830872861177
interdire,lemma,5.0,0.0,0.0,2.0,7.0,0.7142857142857143,0.0,0.0,0.2857142857142857,0.863120568566631,0.4315602842833155
insulté,lemma,2.0,5.0,0.0,0.0,7.0,0.2857142857142857,0.7142857142857143,0.0,0.0,0.863120568566631,0.4315602842833155
paul,lemma,2.0,0.0,5.0,0.0,7.0,0.2857142857142857,0.0,0.7142857142857143,0.0,0.863120568566631,0.4315602842833155
corps,word,0.0,2.0,0.0,5.0,7.0,0.0,0.2857142857142857,0.0,0.7142857142857143,0.863120568566631,0.4315602842833155
vladimir,word,5.0,0.0,2.0,0.0,7.0,0.7142857142857143,0.0,0.2857142857142857,0.0,0.863120568566631,0.4315602842833155
vladimir,lemma,5.0,0.0,2.0,0.0,7.0,0.7142857142857143,0.0,0.2857142857142857,0.0,0.863120568566631,0.4315602842833155
corps,lemma,0.0,2.0,0.0,5.0,7.0,0.0,0.2857142857142857,0.0,0.7142857142857143,0.863120568566631,0.4315602842833155
merveilleux,lemma,0.0,5.0,0.0,2.0,7.0,0.0,0.7142857142857143,0.0,0.2857142857142857,0.863120568566631,0.4315602842833155
marre,word,0.0,5.0,2.0,0.0,7.0,0.0,0.7142857142857143,0.2857142857142857,0.0,0.863120568566631,0.4315602842833155
marre,lemma,0.0,5.0,2.0,0.0,7.0,0.0,0.7142857142857143,0.2857142857142857,0.0,0.863120568566631,0.4315602842833155
merveilleux,word,0.0,5.0,0.0,2.0,7.0,0.0,0.7142857142857143,0.0,0.2857142857142857,0.863120568566631,0.4315602842833155
arrete,lemma,2.0,0.0,5.0,0.0,7.0,0.2857142857142857,0.0,0.7142857142857143,0.0,0.863120568566631,0.4315602842833155
arrete,word,2.0,0.0,5.0,0.0,7.0,0.2857142857142857,0.0,0.7142857142857143,0.0,0.863120568566631,0.4315602842833155
partie,lemma,0.0,2.0,0.0,5.0,7.0,0.0,0.2857142857142857,0.0,0.7142857142857143,0.863120568566631,0.4315602842833155
encourager,lemma,2.0,0.0,0.0,5.0,7.0,0.2857142857142857,0.0,0.0,0.7142857142857143,0.863120568566631,0.4315602842833155
partir,lemma,2.0,0.0,0.0,5.0,7.0,0.2857142857142857,0.0,0.0,0.7142857142857143,0.863120568566631,0.4315602842833155
impressionner,lemma,0.0,5.0,0.0,2.0,7.0,0.0,0.7142857142857143,0.0,0.2857142857142857,0.863120568566631,0.4315602842833155
paul,word,2.0,0.0,5.0,0.0,7.0,0.2857142857142857,0.0,0.7142857142857143,0.0,0.863120568566631,0.4315602842833155
insulté,word,2.0,5.0,0.0,0.0,7.0,0.2857142857142857,0.7142857142857143,0.0,0.0,0.863120568566631,0.4315602842833155
pierre,lemma,2.0,0.0,5.0,0.0,7.0,0.2857142857142857,0.0,0.7142857142857143,0.0,0.863120568566631,0.4315602842833155
gagne,word,0.0,0.0,2.0,5.0,7.0,0.0,0.0,0.2857142857142857,0.7142857142857143,0.863120568566631,0.4315602842833155
origine,lemma,2.0,0.0,0.0,5.0,7.0,0.2857142857142857,0.0,0.0,0.7142857142857143,0.863120568566631,0.4315602842833155
origine,word,2.0,0.0,0.0,5.0,7.0,0.2857142857142857,0.0,0.0,0.7142857142857143,0.863120568566631,0.4315602842833155
dansé,word,2.0,0.0,0.0,5.0,7.0,0.2857142857142857,0.0,0.0,0.7142857142857143,0.863120568566631,0.4315602842833155
pollution,word,0.0,2.0,0.0,5.0,7.0,0.0,0.2857142857142857,0.0,0.7142857142857143,0.863120568566631,0.4315602842833155
pollution,lemma,0.0,2.0,0.0,5.0,7.0,0.0,0.2857142857142857,0.0,0.7142857142857143,0.863120568566631,0.4315602842833155
pierre,word,2.0,0.0,5.0,0.0,7.0,0.2857142857142857,0.0,0.7142857142857143,0.0,0.863120568566631,0.4315602842833155
dansé,lemma,2.0,0.0,0.0,5.0,7.0,0.2857142857142857,0.0,0.0,0.7142857142857143,0.863120568566631,0.4315602842833155
malade,word,0.0,0.0,2.0,5.0,7.0,0.0,0.0,0.2857142857142857,0.7142857142857143,0.863120568566631,0.4315602842833155
oscar,lemma,0.0,2.0,0.0,5.0,7.0,0.0,0.2857142857142857,0.0,0.7142857142857143,0.863120568566631,0.4315602842833155
récupérer,lemma,2.0,0.0,0.0,5.0,7.0,0.2857142857142857,0.0,0.0,0.7142857142857143,0.863120568566631,0.4315602842833155
respecter,word,2.0,0.0,0.0,5.0,7.0,0.2857142857142857,0.0,0.0,0.7142857142857143,0.863120568566631,0.4315602842833155
étonné,word,2.0,5.0,0.0,0.0,7.0,0.2857142857142857,0.7142857142857143,0.0,0.0,0.863120568566631,0.4315602842833155
souvent,word,2.0,0.0,0.0,5.0,7.0,0.2857142857142857,0.0,0.0,0.7142857142857143,0.863120568566631,0.4315602842833155
ca,word,0.0,0.0,5.0,2.0,7.0,0.0,0.0,0.7142857142857143,0.2857142857142857,0.863120568566631,0.4315602842833155
demande,word,0.0,0.0,2.0,5.0,7.0,0.0,0.0,0.2857142857142857,0.7142857142857143,0.863120568566631,0.4315602842833155
souvent,lemma,2.0,0.0,0.0,5.0,7.0,0.2857142857142857,0.0,0.0,0.7142857142857143,0.863120568566631,0.4315602842833155
n'a,word,0.0,0.0,2.0,5.0,7.0,0.0,0.0,0.2857142857142857,0.7142857142857143,0.863120568566631,0.4315602842833155
récupérer,word,2.0,0.0,0.0,5.0,7.0,0.2857142857142857,0.0,0.0,0.7142857142857143,0.863120568566631,0.4315602842833155
billes,word,0.0,0.0,5.0,13.0,18.0,0.0,0.0,0.2777777777777778,0.7222222222222222,0.8524051786494786,0.4262025893247393
menace,lemma,5.0,24.0,0.0,1.0,30.0,0.16666666666666666,0.8,0.0,0.03333333333333333,0.8519325792170331,0.42596628960851657
monde,lemma,4.0,3.0,1.0,43.0,51.0,0.0784313725490196,0.058823529411764705,0.0196078431372549,0.8431372549019608,0.8472435389449527,0.4236217694724764
monde,word,4.0,3.0,1.0,43.0,51.0,0.0784313725490196,0.058823529411764705,0.0196078431372549,0.8431372549019608,0.8472435389449527,0.4236217694724764
quitter,lemma,16.0,0.0,0.0,6.0,22.0,0.7272727272727273,0.0,0.0,0.2727272727272727,0.8453509366224364,0.4226754683112182
défendre,word,8.0,0.0,0.0,3.0,11.0,0.7272727272727273,0.0,0.0,0.2727272727272727,0.8453509366224364,0.4226754683112182
défendre,lemma,8.0,0.0,0.0,3.0,11.0,0.7272727272727273,0.0,0.0,0.2727272727272727,0.8453509366224364,0.4226754683112182
devenir,lemma,2.0,0.0,2.0,19.0,23.0,0.08695652173913043,0.0,0.08695652173913043,0.8260869565217391,0.8404914014731815,0.42024570073659073
tué,word,3.0,0.0,1.0,18.0,22.0,0.13636363636363635,0.0,0.045454545454545456,0.8181818181818182,0.8315435491770659,0.4157717745885329
pleurer,word,18.0,1.0,0.0,3.0,22.0,0.8181818181818182,0.045454545454545456,0.0,0.13636363636363635,0.8315435491770657,0.41577177458853287
maison,word,6.0,0.0,0.0,17.0,23.0,0.2608695652173913,0.0,0.0,0.7391304347826086,0.828055725379504,0.414027862689752
plaisir,lemma,0.0,22.0,1.0,4.0,27.0,0.0,0.8148148148148148,0.037037037037037035,0.14814814814814814,0.824980257347893,0.4124901286739465
plaisir,word,0.0,22.0,1.0,4.0,27.0,0.0,0.8148148148148148,0.037037037037037035,0.14814814814814814,0.824980257347893,0.4124901286739465
arme,lemma,1.0,1.0,0.0,10.0,12.0,0.08333333333333333,0.08333333333333333,0.0,0.8333333333333334,0.8166890883150209,0.4083445441575104
cher,lemma,1.0,0.0,1.0,10.0,12.0,0.08333333333333333,0.0,0.08333333333333333,0.8333333333333334,0.8166890883150209,0.4083445441575104
terminer,lemma,3.0,0.0,0.0,1.0,4.0,0.75,0.0,0.0,0.25,0.8112781244591328,0.4056390622295664
éviter,lemma,1.0,0.0,0.0,3.0,4.0,0.25,0.0,0.0,0.75,0.8112781244591328,0.4056390622295664
vote,lemma,3.0,1.0,0.0,0.0,4.0,0.75,0.25,0.0,0.0,0.8112781244591328,0.4056390622295664
métier,lemma,0.0,1.0,0.0,3.0,4.0,0.0,0.25,0.0,0.75,0.8112781244591328,0.4056390622295664
réduites,word,0.0,1.0,0.0,3.0,4.0,0.0,0.25,0.0,0.75,0.8112781244591328,0.4056390622295664
quatre,word,0.0,0.0,2.0,6.0,8.0,0.0,0.0,0.25,0.75,0.8112781244591328,0.4056390622295664
fortes,word,1.0,0.0,0.0,3.0,4.0,0.25,0.0,0.0,0.75,0.8112781244591328,0.4056390622295664
armes,word,1.0,0.0,0.0,3.0,4.0,0.25,0.0,0.0,0.75,0.8112781244591328,0.4056390622295664
affronter,word,1.0,0.0,0.0,3.0,4.0,0.25,0.0,0.0,0.75,0.8112781244591328,0.4056390622295664
punition,lemma,0.0,1.0,0.0,3.0,4.0,0.0,0.25,0.0,0.75,0.8112781244591328,0.4056390622295664
punition,word,0.0,1.0,0.0,3.0,4.0,0.0,0.25,0.0,0.75,0.8112781244591328,0.4056390622295664
préoccupations,word,1.0,3.0,0.0,0.0,4.0,0.25,0.75,0.0,0.0,0.8112781244591328,0.4056390622295664
éliminer,lemma,0.0,1.0,0.0,3.0,4.0,0.0,0.25,0.0,0.75,0.8112781244591328,0.4056390622295664
actes,word,1.0,0.0,0.0,3.0,4.0,0.25,0.0,0.0,0.75,0.8112781244591328,0.4056390622295664
accuser,word,3.0,0.0,0.0,1.0,4.0,0.75,0.0,0.0,0.25,0.8112781244591328,0.4056390622295664
faudrait,word,0.0,0.0,1.0,3.0,4.0,0.0,0.0,0.25,0.75,0.8112781244591328,0.4056390622295664
activités,word,0.0,1.0,0.0,3.0,4.0,0.0,0.25,0.0,0.75,0.8112781244591328,0.4056390622295664
arabe,lemma,0.0,0.0,3.0,1.0,4.0,0.0,0.0,0.75,0.25,0.8112781244591328,0.4056390622295664
années,word,0.0,2.0,0.0,6.0,8.0,0.0,0.25,0.0,0.75,0.8112781244591328,0.4056390622295664
religieuses,word,1.0,0.0,0.0,3.0,4.0,0.25,0.0,0.0,0.75,0.8112781244591328,0.4056390622295664
angoisser,lemma,0.0,3.0,1.0,0.0,4.0,0.0,0.75,0.25,0.0,0.8112781244591328,0.4056390622295664
reine,lemma,0.0,1.0,0.0,3.0,4.0,0.0,0.25,0.0,0.75,0.8112781244591328,0.4056390622295664
reine,word,0.0,1.0,0.0,3.0,4.0,0.0,0.25,0.0,0.75,0.8112781244591328,0.4056390622295664
refusé,word,3.0,1.0,0.0,0.0,4.0,0.75,0.25,0.0,0.0,0.8112781244591328,0.4056390622295664
quatre,lemma,0.0,0.0,2.0,6.0,8.0,0.0,0.0,0.25,0.75,0.8112781244591328,0.4056390622295664
écoles,word,1.0,0.0,0.0,3.0,4.0,0.25,0.0,0.0,0.75,0.8112781244591328,0.4056390622295664
mériter,lemma,0.0,0.0,1.0,3.0,4.0,0.0,0.0,0.25,0.75,0.8112781244591328,0.4056390622295664
enthousiasme,word,2.0,6.0,0.0,0.0,8.0,0.25,0.75,0.0,0.0,0.8112781244591328,0.4056390622295664
entier,lemma,1.0,0.0,0.0,3.0,4.0,0.25,0.0,0.0,0.75,0.8112781244591328,0.4056390622295664
forme,word,0.0,1.0,0.0,3.0,4.0,0.0,0.25,0.0,0.75,0.8112781244591328,0.4056390622295664
folle,word,0.0,0.0,1.0,3.0,4.0,0.0,0.0,0.25,0.75,0.8112781244591328,0.4056390622295664
euros,word,0.0,0.0,2.0,6.0,8.0,0.0,0.0,0.25,0.75,0.8112781244591328,0.4056390622295664
forme,lemma,0.0,1.0,0.0,3.0,4.0,0.0,0.25,0.0,0.75,0.8112781244591328,0.4056390622295664
flavia,word,1.0,0.0,0.0,3.0,4.0,0.25,0.0,0.0,0.75,0.8112781244591328,0.4056390622295664
flavia,lemma,1.0,0.0,0.0,3.0,4.0,0.25,0.0,0.0,0.75,0.8112781244591328,0.4056390622295664
nouveaux,word,1.0,0.0,0.0,3.0,4.0,0.25,0.0,0.0,0.75,0.8112781244591328,0.4056390622295664
nuit,lemma,0.0,0.0,1.0,3.0,4.0,0.0,0.0,0.25,0.75,0.8112781244591328,0.4056390622295664
fin,word,1.0,0.0,0.0,3.0,4.0,0.25,0.0,0.0,0.75,0.8112781244591328,0.4056390622295664
soumettre,lemma,1.0,0.0,0.0,3.0,4.0,0.25,0.0,0.0,0.75,0.8112781244591328,0.4056390622295664
lycée,lemma,1.0,0.0,0.0,3.0,4.0,0.25,0.0,0.0,0.75,0.8112781244591328,0.4056390622295664
longue,word,1.0,0.0,0.0,3.0,4.0,0.25,0.0,0.0,0.75,0.8112781244591328,0.4056390622295664
lors,lemma,1.0,0.0,0.0,3.0,4.0,0.25,0.0,0.0,0.75,0.8112781244591328,0.4056390622295664
idole,word,0.0,1.0,0.0,3.0,4.0,0.0,0.25,0.0,0.75,0.8112781244591328,0.4056390622295664
informations,word,1.0,0.0,0.0,3.0,4.0,0.25,0.0,0.0,0.75,0.8112781244591328,0.4056390622295664
cp,lemma,0.0,0.0,6.0,2.0,8.0,0.0,0.0,0.75,0.25,0.8112781244591328,0.4056390622295664
soutenir,word,3.0,0.0,0.0,1.0,4.0,0.75,0.0,0.0,0.25,0.8112781244591328,0.4056390622295664
sac,lemma,1.0,0.0,0.0,3.0,4.0,0.25,0.0,0.0,0.75,0.8112781244591328,0.4056390622295664
sac,word,1.0,0.0,0.0,3.0,4.0,0.25,0.0,0.0,0.75,0.8112781244591328,0.4056390622295664
fin,lemma,1.0,0.0,0.0,3.0,4.0,0.25,0.0,0.0,0.75,0.8112781244591328,0.4056390622295664
vote,word,3.0,1.0,0.0,0.0,4.0,0.75,0.25,0.0,0.0,0.8112781244591328,0.4056390622295664
volonté,word,1.0,0.0,0.0,3.0,4.0,0.25,0.0,0.0,0.75,0.8112781244591328,0.4056390622295664
aise,word,0.0,6.0,0.0,2.0,8.0,0.0,0.75,0.0,0.25,0.8112781244591328,0.4056390622295664
agréable,lemma,0.0,3.0,0.0,1.0,4.0,0.0,0.75,0.0,0.25,0.8112781244591328,0.4056390622295664
agréable,word,0.0,3.0,0.0,1.0,4.0,0.0,0.75,0.0,0.25,0.8112781244591328,0.4056390622295664
mots,word,1.0,0.0,0.0,3.0,4.0,0.25,0.0,0.0,0.75,0.8112781244591328,0.4056390622295664
garde,lemma,1.0,0.0,0.0,3.0,4.0,0.25,0.0,0.0,0.75,0.8112781244591328,0.4056390622295664
volonté,lemma,1.0,0.0,0.0,3.0,4.0,0.25,0.0,0.0,0.75,0.8112781244591328,0.4056390622295664
papier,lemma,1.0,0.0,0.0,3.0,4.0,0.25,0.0,0.0,0.75,0.8112781244591328,0.4056390622295664
parfait,lemma,0.0,0.0,1.0,3.0,4.0,0.0,0.0,0.25,0.75,0.8112781244591328,0.4056390622295664
machine,word,1.0,0.0,0.0,3.0,4.0,0.25,0.0,0.0,0.75,0.8112781244591328,0.4056390622295664
lycée,word,1.0,0.0,0.0,3.0,4.0,0.25,0.0,0.0,0.75,0.8112781244591328,0.4056390622295664
tâche,lemma,1.0,0.0,0.0,3.0,4.0,0.25,0.0,0.0,0.75,0.8112781244591328,0.4056390622295664
tuées,word,1.0,0.0,0.0,3.0,4.0,0.25,0.0,0.0,0.75,0.8112781244591328,0.4056390622295664
défaite,lemma,3.0,0.0,0.0,1.0,4.0,0.75,0.0,0.0,0.25,0.8112781244591328,0.4056390622295664
réussir,word,0.0,1.0,0.0,3.0,4.0,0.0,0.25,0.0,0.75,0.8112781244591328,0.4056390622295664
sacrée,word,0.0,1.0,0.0,3.0,4.0,0.0,0.25,0.0,0.75,0.8112781244591328,0.4056390622295664
ticket,lemma,1.0,0.0,0.0,3.0,4.0,0.25,0.0,0.0,0.75,0.8112781244591328,0.4056390622295664
tiré,word,1.0,0.0,0.0,3.0,4.0,0.25,0.0,0.0,0.75,0.8112781244591328,0.4056390622295664
papier,word,1.0,0.0,0.0,3.0,4.0,0.25,0.0,0.0,0.75,0.8112781244591328,0.4056390622295664
humains,word,0.0,1.0,0.0,3.0,4.0,0.0,0.25,0.0,0.75,0.8112781244591328,0.4056390622295664
tomber,lemma,0.0,0.0,3.0,9.0,12.0,0.0,0.0,0.25,0.75,0.8112781244591328,0.4056390622295664
positive,word,0.0,1.0,0.0,3.0,4.0,0.0,0.25,0.0,0.75,0.8112781244591328,0.4056390622295664
blessés,word,1.0,0.0,0.0,3.0,4.0,0.25,0.0,0.0,0.75,0.8112781244591328,0.4056390622295664
pire,lemma,0.0,0.0,1.0,3.0,4.0,0.0,0.0,0.25,0.75,0.8112781244591328,0.4056390622295664
pire,word,0.0,0.0,1.0,3.0,4.0,0.0,0.0,0.25,0.75,0.8112781244591328,0.4056390622295664
sert,word,1.0,0.0,3.0,0.0,4.0,0.25,0.0,0.75,0.0,0.8112781244591328,0.4056390622295664
pk,lemma,1.0,0.0,3.0,0.0,4.0,0.25,0.0,0.75,0.0,0.8112781244591328,0.4056390622295664
serait,word,0.0,1.0,0.0,3.0,4.0,0.0,0.25,0.0,0.75,0.8112781244591328,0.4056390622295664
difficultés,word,1.0,0.0,0.0,3.0,4.0,0.25,0.0,0.0,0.75,0.8112781244591328,0.4056390622295664
deuil,lemma,3.0,1.0,0.0,0.0,4.0,0.75,0.25,0.0,0.0,0.8112781244591328,0.4056390622295664
sentir,word,0.0,0.0,1.0,3.0,4.0,0.0,0.0,0.25,0.75,0.8112781244591328,0.4056390622295664
deuil,word,3.0,1.0,0.0,0.0,4.0,0.75,0.25,0.0,0.0,0.8112781244591328,0.4056390622295664
dessus,lemma,1.0,0.0,0.0,3.0,4.0,0.25,0.0,0.0,0.75,0.8112781244591328,0.4056390622295664
cauchemar,word,0.0,3.0,1.0,0.0,4.0,0.0,0.75,0.25,0.0,0.8112781244591328,0.4056390622295664
contrôle,word,3.0,0.0,0.0,1.0,4.0,0.75,0.0,0.0,0.25,0.8112781244591328,0.4056390622295664
crie,word,3.0,0.0,1.0,0.0,4.0,0.75,0.0,0.25,0.0,0.8112781244591328,0.4056390622295664
cp,word,0.0,0.0,6.0,2.0,8.0,0.0,0.0,0.75,0.25,0.8112781244591328,0.4056390622295664
top,lemma,0.0,1.0,0.0,3.0,4.0,0.0,0.25,0.0,0.75,0.8112781244591328,0.4056390622295664
idole,lemma,0.0,1.0,0.0,3.0,4.0,0.0,0.25,0.0,0.75,0.8112781244591328,0.4056390622295664
sexuellement,word,1.0,0.0,0.0,3.0,4.0,0.25,0.0,0.0,0.75,0.8112781244591328,0.4056390622295664
sexuellement,lemma,1.0,0.0,0.0,3.0,4.0,0.25,0.0,0.0,0.75,0.8112781244591328,0.4056390622295664
souffrir,lemma,0.0,15.0,0.0,5.0,20.0,0.0,0.75,0.0,0.25,0.8112781244591328,0.4056390622295664
souci,lemma,0.0,3.0,0.0,1.0,4.0,0.0,0.75,0.0,0.25,0.8112781244591328,0.4056390622295664
dessus,word,1.0,0.0,0.0,3.0,4.0,0.25,0.0,0.0,0.75,0.8112781244591328,0.4056390622295664
diesel,lemma,1.0,0.0,0.0,3.0,4.0,0.25,0.0,0.0,0.75,0.8112781244591328,0.4056390622295664
diesel,word,1.0,0.0,0.0,3.0,4.0,0.25,0.0,0.0,0.75,0.8112781244591328,0.4056390622295664
devenu,word,1.0,0.0,0.0,3.0,4.0,0.25,0.0,0.0,0.75,0.8112781244591328,0.4056390622295664
devoirs,word,0.0,0.0,1.0,3.0,4.0,0.0,0.0,0.25,0.75,0.8112781244591328,0.4056390622295664
donner,word,1.0,0.0,0.0,3.0,4.0,0.25,0.0,0.0,0.75,0.8112781244591328,0.4056390622295664
réseau,lemma,1.0,0.0,0.0,3.0,4.0,0.25,0.0,0.0,0.75,0.8112781244591328,0.4056390622295664
réfugié,lemma,3.0,0.0,0.0,1.0,4.0,0.75,0.0,0.0,0.25,0.8112781244591328,0.4056390622295664
gloire,lemma,1.0,0.0,0.0,3.0,4.0,0.25,0.0,0.0,0.75,0.8112781244591328,0.4056390622295664
gloire,word,1.0,0.0,0.0,3.0,4.0,0.25,0.0,0.0,0.75,0.8112781244591328,0.4056390622295664
ose,word,1.0,0.0,0.0,3.0,4.0,0.25,0.0,0.0,0.75,0.8112781244591328,0.4056390622295664
menaçait,word,0.0,3.0,0.0,1.0,4.0,0.0,0.75,0.0,0.25,0.8112781244591328,0.4056390622295664
rythme,lemma,1.0,0.0,0.0,3.0,4.0,0.25,0.0,0.0,0.75,0.8112781244591328,0.4056390622295664
début,lemma,1.0,0.0,0.0,3.0,4.0,0.25,0.0,0.0,0.75,0.8112781244591328,0.4056390622295664
début,word,1.0,0.0,0.0,3.0,4.0,0.25,0.0,0.0,0.75,0.8112781244591328,0.4056390622295664
drole,lemma,0.0,3.0,1.0,0.0,4.0,0.0,0.75,0.25,0.0,0.8112781244591328,0.4056390622295664
drole,word,0.0,3.0,1.0,0.0,4.0,0.0,0.75,0.25,0.0,0.8112781244591328,0.4056390622295664
violente,word,1.0,0.0,0.0,3.0,4.0,0.25,0.0,0.0,0.75,0.8112781244591328,0.4056390622295664
violente,lemma,1.0,0.0,0.0,3.0,4.0,0.25,0.0,0.0,0.75,0.8112781244591328,0.4056390622295664
oublier,lemma,1.0,0.0,0.0,3.0,4.0,0.25,0.0,0.0,0.75,0.8112781244591328,0.4056390622295664
oublier,word,1.0,0.0,0.0,3.0,4.0,0.25,0.0,0.0,0.75,0.8112781244591328,0.4056390622295664
ours,lemma,0.0,1.0,0.0,3.0,4.0,0.0,0.25,0.0,0.75,0.8112781244591328,0.4056390622295664
lors,word,1.0,0.0,0.0,3.0,4.0,0.25,0.0,0.0,0.75,0.8112781244591328,0.4056390622295664
boîte,lemma,1.0,0.0,0.0,3.0,4.0,0.25,0.0,0.0,0.75,0.8112781244591328,0.4056390622295664
boîte,word,1.0,0.0,0.0,3.0,4.0,0.25,0.0,0.0,0.75,0.8112781244591328,0.4056390622295664
situer,lemma,3.0,0.0,0.0,1.0,4.0,0.75,0.0,0.0,0.25,0.8112781244591328,0.4056390622295664
information,lemma,1.0,0.0,0.0,3.0,4.0,0.25,0.0,0.0,0.75,0.8112781244591328,0.4056390622295664
top,word,0.0,1.0,0.0,3.0,4.0,0.0,0.25,0.0,0.75,0.8112781244591328,0.4056390622295664
pourraient,word,0.0,1.0,0.0,3.0,4.0,0.0,0.25,0.0,0.75,0.8112781244591328,0.4056390622295664
potentiellement,word,1.0,0.0,0.0,3.0,4.0,0.25,0.0,0.0,0.75,0.8112781244591328,0.4056390622295664
potentiellement,lemma,1.0,0.0,0.0,3.0,4.0,0.25,0.0,0.0,0.75,0.8112781244591328,0.4056390622295664
gâteau,word,0.0,0.0,1.0,3.0,4.0,0.0,0.0,0.25,0.75,0.8112781244591328,0.4056390622295664
défaite,word,3.0,0.0,0.0,1.0,4.0,0.75,0.0,0.0,0.25,0.8112781244591328,0.4056390622295664
ours,word,0.0,1.0,0.0,3.0,4.0,0.0,0.25,0.0,0.75,0.8112781244591328,0.4056390622295664
rester,word,1.0,0.0,0.0,3.0,4.0,0.25,0.0,0.0,0.75,0.8112781244591328,0.4056390622295664
vitesse,lemma,0.0,0.0,1.0,3.0,4.0,0.0,0.0,0.25,0.75,0.8112781244591328,0.4056390622295664
effondrée,word,0.0,1.0,0.0,3.0,4.0,0.0,0.25,0.0,0.75,0.8112781244591328,0.4056390622295664
meme,word,0.0,0.0,3.0,1.0,4.0,0.0,0.0,0.75,0.25,0.8112781244591328,0.4056390622295664
odeur,lemma,0.0,0.0,1.0,3.0,4.0,0.0,0.0,0.25,0.75,0.8112781244591328,0.4056390622295664
nuit,word,0.0,0.0,1.0,3.0,4.0,0.0,0.0,0.25,0.75,0.8112781244591328,0.4056390622295664
mesures,word,6.0,0.0,0.0,2.0,8.0,0.75,0.0,0.0,0.25,0.8112781244591328,0.4056390622295664
respecté,word,1.0,0.0,0.0,3.0,4.0,0.25,0.0,0.0,0.75,0.8112781244591328,0.4056390622295664
reste,word,1.0,0.0,0.0,3.0,4.0,0.25,0.0,0.0,0.75,0.8112781244591328,0.4056390622295664
vitesse,word,0.0,0.0,1.0,3.0,4.0,0.0,0.0,0.25,0.75,0.8112781244591328,0.4056390622295664
aucune,word,1.0,0.0,0.0,3.0,4.0,0.25,0.0,0.0,0.75,0.8112781244591328,0.4056390622295664
réalisé,word,0.0,1.0,0.0,3.0,4.0,0.0,0.25,0.0,0.75,0.8112781244591328,0.4056390622295664
râler,word,3.0,0.0,1.0,0.0,4.0,0.75,0.0,0.25,0.0,0.8112781244591328,0.4056390622295664
bille,lemma,0.0,0.0,5.0,15.0,20.0,0.0,0.0,0.25,0.75,0.8112781244591328,0.4056390622295664
effrayé,word,1.0,3.0,0.0,0.0,4.0,0.25,0.75,0.0,0.0,0.8112781244591328,0.4056390622295664
bah,lemma,1.0,0.0,3.0,0.0,4.0,0.25,0.0,0.75,0.0,0.8112781244591328,0.4056390622295664
billet,lemma,3.0,0.0,0.0,1.0,4.0,0.75,0.0,0.0,0.25,0.8112781244591328,0.4056390622295664
billets,word,3.0,0.0,0.0,1.0,4.0,0.75,0.0,0.0,0.25,0.8112781244591328,0.4056390622295664
nucléaire,word,0.0,1.0,0.0,3.0,4.0,0.0,0.25,0.0,0.75,0.8112781244591328,0.4056390622295664
bah,word,1.0,0.0,3.0,0.0,4.0,0.25,0.0,0.75,0.0,0.8112781244591328,0.4056390622295664
effrayant,word,0.0,3.0,0.0,1.0,4.0,0.0,0.75,0.0,0.25,0.8112781244591328,0.4056390622295664
détresse,word,0.0,3.0,0.0,1.0,4.0,0.0,0.75,0.0,0.25,0.8112781244591328,0.4056390622295664
retrouver,word,0.0,1.0,0.0,3.0,4.0,0.0,0.25,0.0,0.75,0.8112781244591328,0.4056390622295664
détresse,lemma,0.0,3.0,0.0,1.0,4.0,0.0,0.75,0.0,0.25,0.8112781244591328,0.4056390622295664
effondrer,lemma,0.0,3.0,0.0,9.0,12.0,0.0,0.25,0.0,0.75,0.8112781244591328,0.4056390622295664
restent,word,1.0,0.0,0.0,3.0,4.0,0.25,0.0,0.0,0.75,0.8112781244591328,0.4056390622295664
frappé,word,0.0,1.0,0.0,3.0,4.0,0.0,0.25,0.0,0.75,0.8112781244591328,0.4056390622295664
glace,lemma,0.0,1.0,0.0,3.0,4.0,0.0,0.25,0.0,0.75,0.8112781244591328,0.4056390622295664
travailleurs,word,0.0,1.0,0.0,3.0,4.0,0.0,0.25,0.0,0.75,0.8112781244591328,0.4056390622295664
importe,word,0.0,0.0,1.0,3.0,4.0,0.0,0.0,0.25,0.75,0.8112781244591328,0.4056390622295664
travailleur,lemma,0.0,1.0,0.0,3.0,4.0,0.0,0.25,0.0,0.75,0.8112781244591328,0.4056390622295664
téléphone,lemma,0.0,1.0,0.0,3.0,4.0,0.0,0.25,0.0,0.75,0.8112781244591328,0.4056390622295664
téléphone,word,0.0,1.0,0.0,3.0,4.0,0.0,0.25,0.0,0.75,0.8112781244591328,0.4056390622295664
tranquille,lemma,0.0,0.0,6.0,2.0,8.0,0.0,0.0,0.75,0.25,0.8112781244591328,0.4056390622295664
garde,word,1.0,0.0,0.0,3.0,4.0,0.25,0.0,0.0,0.75,0.8112781244591328,0.4056390622295664
envoyer,word,3.0,0.0,0.0,1.0,4.0,0.75,0.0,0.0,0.25,0.8112781244591328,0.4056390622295664
envie,lemma,1.0,0.0,0.0,3.0,4.0,0.25,0.0,0.0,0.75,0.8112781244591328,0.4056390622295664
envie,word,1.0,0.0,0.0,3.0,4.0,0.25,0.0,0.0,0.75,0.8112781244591328,0.4056390622295664
interdire,word,3.0,0.0,0.0,1.0,4.0,0.75,0.0,0.0,0.25,0.8112781244591328,0.4056390622295664
agresser,lemma,3.0,0.0,0.0,9.0,12.0,0.25,0.0,0.0,0.75,0.8112781244591328,0.4056390622295664
contrôle,lemma,3.0,0.0,0.0,1.0,4.0,0.75,0.0,0.0,0.25,0.8112781244591328,0.4056390622295664
pk,word,1.0,0.0,3.0,0.0,4.0,0.25,0.0,0.75,0.0,0.8112781244591328,0.4056390622295664
tour,word,0.0,1.0,0.0,3.0,4.0,0.0,0.25,0.0,0.75,0.8112781244591328,0.4056390622295664
condamné,word,1.0,0.0,0.0,3.0,4.0,0.25,0.0,0.0,0.75,0.8112781244591328,0.4056390622295664
taxes,word,1.0,0.0,0.0,3.0,4.0,0.25,0.0,0.0,0.75,0.8112781244591328,0.4056390622295664
taxe,lemma,1.0,0.0,0.0,3.0,4.0,0.25,0.0,0.0,0.75,0.8112781244591328,0.4056390622295664
terrible,word,0.0,12.0,0.0,4.0,16.0,0.0,0.75,0.0,0.25,0.8112781244591328,0.4056390622295664
tenter,lemma,6.0,0.0,0.0,2.0,8.0,0.75,0.0,0.0,0.25,0.8112781244591328,0.4056390622295664
joueur,lemma,0.0,0.0,2.0,6.0,8.0,0.0,0.0,0.25,0.75,0.8112781244591328,0.4056390622295664
coupable,word,0.0,3.0,0.0,1.0,4.0,0.0,0.75,0.0,0.25,0.8112781244591328,0.4056390622295664
pauvre,word,0.0,0.0,3.0,1.0,4.0,0.0,0.0,0.75,0.25,0.8112781244591328,0.4056390622295664
contestation,word,6.0,0.0,0.0,2.0,8.0,0.75,0.0,0.0,0.25,0.8112781244591328,0.4056390622295664
considérés,word,1.0,0.0,0.0,3.0,4.0,0.25,0.0,0.0,0.75,0.8112781244591328,0.4056390622295664
juger,lemma,1.0,0.0,0.0,3.0,4.0,0.25,0.0,0.0,0.75,0.8112781244591328,0.4056390622295664
juive,word,0.0,0.0,3.0,1.0,4.0,0.0,0.0,0.75,0.25,0.8112781244591328,0.4056390622295664
cinéma,lemma,1.0,0.0,0.0,3.0,4.0,0.25,0.0,0.0,0.75,0.8112781244591328,0.4056390622295664
soirée,lemma,0.0,0.0,1.0,3.0,4.0,0.0,0.0,0.25,0.75,0.8112781244591328,0.4056390622295664
enthousiasme,lemma,2.0,6.0,0.0,0.0,8.0,0.25,0.75,0.0,0.0,0.8112781244591328,0.4056390622295664
perdre,lemma,1.0,3.0,0.0,19.0,23.0,0.043478260869565216,0.13043478260869565,0.0,0.8260869565217391,0.8076702057269436,0.4038351028634718
impressionnant,lemma,0.0,19.0,3.0,1.0,23.0,0.0,0.8260869565217391,0.13043478260869565,0.043478260869565216,0.8076702057269436,0.4038351028634718
refuser,lemma,15.0,1.0,0.0,2.0,18.0,0.8333333333333334,0.05555555555555555,0.0,0.1111111111111111,0.8030717273241024,0.4015358636620512
recevoir,lemma,2.0,2.0,0.0,21.0,25.0,0.08,0.08,0.0,0.84,0.7943095546405661,0.39715477732028304
impressionnant,word,0.0,10.0,3.0,0.0,13.0,0.0,0.7692307692307693,0.23076923076923078,0.0,0.7793498372920851,0.38967491864604253
aurait,word,1.0,0.0,1.0,11.0,13.0,0.07692307692307693,0.0,0.07692307692307693,0.8461538461538461,0.7732283485249176,0.3866141742624588
rêve,word,0.0,1.0,1.0,11.0,13.0,0.0,0.07692307692307693,0.07692307692307693,0.8461538461538461,0.7732283485249176,0.3866141742624588
rêve,lemma,0.0,1.0,1.0,11.0,13.0,0.0,0.07692307692307693,0.07692307692307693,0.8461538461538461,0.7732283485249176,0.3866141742624588
pendant,lemma,0.0,2.0,0.0,7.0,9.0,0.0,0.2222222222222222,0.0,0.7777777777777778,0.7642045065086203,0.38210225325431013
contestation,lemma,7.0,0.0,0.0,2.0,9.0,0.7777777777777778,0.0,0.0,0.2222222222222222,0.7642045065086203,0.38210225325431013
spectaculaire,lemma,0.0,7.0,0.0,2.0,9.0,0.0,0.7777777777777778,0.0,0.2222222222222222,0.7642045065086203,0.38210225325431013
noire,word,0.0,0.0,2.0,7.0,9.0,0.0,0.0,0.2222222222222222,0.7777777777777778,0.7642045065086203,0.38210225325431013
attaquer,word,2.0,0.0,0.0,7.0,9.0,0.2222222222222222,0.0,0.0,0.7777777777777778,0.7642045065086203,0.38210225325431013
spectaculaire,word,0.0,7.0,0.0,2.0,9.0,0.0,0.7777777777777778,0.0,0.2222222222222222,0.7642045065086203,0.38210225325431013
s'en,word,0.0,0.0,7.0,2.0,9.0,0.0,0.0,0.7777777777777778,0.2222222222222222,0.7642045065086203,0.38210225325431013
crié,word,7.0,0.0,0.0,2.0,9.0,0.7777777777777778,0.0,0.0,0.2222222222222222,0.7642045065086203,0.38210225325431013
acte,lemma,2.0,0.0,0.0,7.0,9.0,0.2222222222222222,0.0,0.0,0.7777777777777778,0.7642045065086203,0.38210225325431013
pendant,word,0.0,2.0,0.0,7.0,9.0,0.0,0.2222222222222222,0.0,0.7777777777777778,0.7642045065086203,0.38210225325431013
étonner,lemma,5.0,18.0,0.0,0.0,23.0,0.21739130434782608,0.782608695652174,0.0,0.0,0.7553754125614287,0.37768770628071435
gagner,lemma,1.0,3.0,3.0,46.0,53.0,0.018867924528301886,0.05660377358490566,0.05660377358490566,0.8679245283018868,0.7544558322433966,0.3772279161216983
vu,word,0.0,0.0,3.0,11.0,14.0,0.0,0.0,0.21428571428571427,0.7857142857142857,0.74959525725948,0.37479762862974
maladie,lemma,0.0,3.0,0.0,11.0,14.0,0.0,0.21428571428571427,0.0,0.7857142857142857,0.74959525725948,0.37479762862974
victime,lemma,6.0,4.0,0.0,58.0,68.0,0.08823529411764706,0.058823529411764705,0.0,0.8529411764705882,0.7452176541661317,0.37260882708306586
york,word,0.0,0.0,1.0,4.0,5.0,0.0,0.0,0.2,0.8,0.7219280948873623,0.36096404744368116
york,lemma,0.0,0.0,1.0,4.0,5.0,0.0,0.0,0.2,0.8,0.7219280948873623,0.36096404744368116
véhicule,lemma,1.0,0.0,0.0,4.0,5.0,0.2,0.0,0.0,0.8,0.7219280948873623,0.36096404744368116
véhicule,word,1.0,0.0,0.0,4.0,5.0,0.2,0.0,0.0,0.8,0.7219280948873623,0.36096404744368116
montrer,word,0.0,1.0,0.0,4.0,5.0,0.0,0.2,0.0,0.8,0.7219280948873623,0.36096404744368116
new,word,0.0,0.0,1.0,4.0,5.0,0.0,0.0,0.2,0.8,0.7219280948873623,0.36096404744368116
arrive,word,0.0,1.0,0.0,4.0,5.0,0.0,0.2,0.0,0.8,0.7219280948873623,0.36096404744368116
moutons,word,0.0,0.0,1.0,4.0,5.0,0.0,0.0,0.2,0.8,0.7219280948873623,0.36096404744368116
moquer,word,1.0,0.0,0.0,4.0,5.0,0.2,0.0,0.0,0.8,0.7219280948873623,0.36096404744368116
capitale,lemma,1.0,0.0,0.0,4.0,5.0,0.2,0.0,0.0,0.8,0.7219280948873623,0.36096404744368116
émerveillée,word,1.0,4.0,0.0,0.0,5.0,0.2,0.8,0.0,0.0,0.7219280948873623,0.36096404744368116
bravo,lemma,0.0,0.0,4.0,1.0,5.0,0.0,0.0,0.8,0.2,0.7219280948873623,0.36096404744368116
bravo,word,0.0,0.0,4.0,1.0,5.0,0.0,0.0,0.8,0.2,0.7219280948873623,0.36096404744368116
brice,lemma,1.0,0.0,4.0,0.0,5.0,0.2,0.0,0.8,0.0,0.7219280948873623,0.36096404744368116
brice,word,1.0,0.0,4.0,0.0,5.0,0.2,0.0,0.8,0.0,0.7219280948873623,0.36096404744368116
bouche,lemma,4.0,0.0,0.0,1.0,5.0,0.8,0.0,0.0,0.2,0.7219280948873623,0.36096404744368116
université,lemma,4.0,0.0,0.0,1.0,5.0,0.8,0.0,0.0,0.2,0.7219280948873623,0.36096404744368116
bouche,word,4.0,0.0,0.0,1.0,5.0,0.8,0.0,0.0,0.2,0.7219280948873623,0.36096404744368116
cadeaux,word,1.0,0.0,0.0,4.0,5.0,0.2,0.0,0.0,0.8,0.7219280948873623,0.36096404744368116
but,lemma,1.0,0.0,0.0,4.0,5.0,0.2,0.0,0.0,0.8,0.7219280948873623,0.36096404744368116
viol,lemma,0.0,0.0,1.0,4.0,5.0,0.0,0.0,0.2,0.8,0.7219280948873623,0.36096404744368116
blagues,word,1.0,4.0,0.0,0.0,5.0,0.2,0.8,0.0,0.0,0.7219280948873623,0.36096404744368116
vif,lemma,1.0,0.0,0.0,4.0,5.0,0.2,0.0,0.0,0.8,0.7219280948873623,0.36096404744368116
augmenter,lemma,0.0,1.0,0.0,4.0,5.0,0.0,0.2,0.0,0.8,0.7219280948873623,0.36096404744368116
blesser,lemma,1.0,0.0,0.0,4.0,5.0,0.2,0.0,0.0,0.8,0.7219280948873623,0.36096404744368116
attaque,word,1.0,0.0,0.0,4.0,5.0,0.2,0.0,0.0,0.8,0.7219280948873623,0.36096404744368116
accident,lemma,2.0,0.0,0.0,8.0,10.0,0.2,0.0,0.0,0.8,0.7219280948873623,0.36096404744368116
subir,word,0.0,4.0,0.0,1.0,5.0,0.0,0.8,0.0,0.2,0.7219280948873623,0.36096404744368116
surveiller,lemma,1.0,0.0,0.0,4.0,5.0,0.2,0.0,0.0,0.8,0.7219280948873623,0.36096404744368116
d'un,word,1.0,0.0,0.0,4.0,5.0,0.2,0.0,0.0,0.8,0.7219280948873623,0.36096404744368116
carburants,word,1.0,0.0,0.0,4.0,5.0,0.2,0.0,0.0,0.8,0.7219280948873623,0.36096404744368116
travers,word,1.0,0.0,0.0,4.0,5.0,0.2,0.0,0.0,0.8,0.7219280948873623,0.36096404744368116
travers,lemma,1.0,0.0,0.0,4.0,5.0,0.2,0.0,0.0,0.8,0.7219280948873623,0.36096404744368116
spectacle,lemma,1.0,0.0,0.0,4.0,5.0,0.2,0.0,0.0,0.8,0.7219280948873623,0.36096404744368116
talent,lemma,0.0,0.0,1.0,4.0,5.0,0.0,0.0,0.2,0.8,0.7219280948873623,0.36096404744368116
commun,word,0.0,1.0,0.0,4.0,5.0,0.0,0.2,0.0,0.8,0.7219280948873623,0.36096404744368116
milieu,lemma,0.0,1.0,0.0,4.0,5.0,0.0,0.2,0.0,0.8,0.7219280948873623,0.36096404744368116
milieu,word,0.0,1.0,0.0,4.0,5.0,0.0,0.2,0.0,0.8,0.7219280948873623,0.36096404744368116
commun,lemma,0.0,1.0,0.0,4.0,5.0,0.0,0.2,0.0,0.8,0.7219280948873623,0.36096404744368116
choquant,word,0.0,4.0,0.0,1.0,5.0,0.0,0.8,0.0,0.2,0.7219280948873623,0.36096404744368116
choquant,lemma,0.0,4.0,0.0,1.0,5.0,0.0,0.8,0.0,0.2,0.7219280948873623,0.36096404744368116
chasser,lemma,2.0,0.0,0.0,8.0,10.0,0.2,0.0,0.0,0.8,0.7219280948873623,0.36096404744368116
tour,lemma,0.0,1.0,0.0,4.0,5.0,0.0,0.2,0.0,0.8,0.7219280948873623,0.36096404744368116
capitale,word,1.0,0.0,0.0,4.0,5.0,0.2,0.0,0.0,0.8,0.7219280948873623,0.36096404744368116
rigole,lemma,4.0,0.0,0.0,1.0,5.0,0.8,0.0,0.0,0.2,0.7219280948873623,0.36096404744368116
partout,word,1.0,0.0,0.0,4.0,5.0,0.2,0.0,0.0,0.8,0.7219280948873623,0.36096404744368116
élue,word,0.0,1.0,0.0,4.0,5.0,0.0,0.2,0.0,0.8,0.7219280948873623,0.36096404744368116
ailleurs,word,0.0,0.0,4.0,1.0,5.0,0.0,0.0,0.8,0.2,0.7219280948873623,0.36096404744368116
acte,word,1.0,0.0,0.0,4.0,5.0,0.2,0.0,0.0,0.8,0.7219280948873623,0.36096404744368116
aimer,word,1.0,0.0,0.0,4.0,5.0,0.2,0.0,0.0,0.8,0.7219280948873623,0.36096404744368116
agressées,word,2.0,0.0,0.0,8.0,10.0,0.2,0.0,0.0,0.8,0.7219280948873623,0.36096404744368116
gâteau,lemma,0.0,0.0,1.0,4.0,5.0,0.0,0.0,0.2,0.8,0.7219280948873623,0.36096404744368116
habiter,lemma,4.0,0.0,0.0,1.0,5.0,0.8,0.0,0.0,0.2,0.7219280948873623,0.36096404744368116
positif,lemma,0.0,1.0,0.0,4.0,5.0,0.0,0.2,0.0,0.8,0.7219280948873623,0.36096404744368116
acheter,lemma,0.0,0.0,1.0,4.0,5.0,0.0,0.0,0.2,0.8,0.7219280948873623,0.36096404744368116
peut-être,word,0.0,0.0,1.0,4.0,5.0,0.0,0.0,0.2,0.8,0.7219280948873623,0.36096404744368116
petits,word,1.0,0.0,0.0,4.0,5.0,0.2,0.0,0.0,0.8,0.7219280948873623,0.36096404744368116
injustice,lemma,3.0,0.0,0.0,12.0,15.0,0.2,0.0,0.0,0.8,0.7219280948873623,0.36096404744368116
humain,word,0.0,1.0,0.0,4.0,5.0,0.0,0.2,0.0,0.8,0.7219280948873623,0.36096404744368116
rit,word,4.0,0.0,0.0,1.0,5.0,0.8,0.0,0.0,0.2,0.7219280948873623,0.36096404744368116
françaises,word,0.0,1.0,0.0,4.0,5.0,0.0,0.2,0.0,0.8,0.7219280948873623,0.36096404744368116
préoccupation,lemma,1.0,4.0,0.0,0.0,5.0,0.2,0.8,0.0,0.0,0.7219280948873623,0.36096404744368116
partout,lemma,1.0,0.0,0.0,4.0,5.0,0.2,0.0,0.0,0.8,0.7219280948873623,0.36096404744368116
malade,lemma,0.0,0.0,2.0,8.0,10.0,0.0,0.0,0.2,0.8,0.7219280948873623,0.36096404744368116
malgré,lemma,0.0,0.0,4.0,1.0,5.0,0.0,0.0,0.8,0.2,0.7219280948873623,0.36096404744368116
malgré,word,0.0,0.0,4.0,1.0,5.0,0.0,0.0,0.8,0.2,0.7219280948873623,0.36096404744368116
produire,lemma,0.0,1.0,0.0,4.0,5.0,0.0,0.2,0.0,0.8,0.7219280948873623,0.36096404744368116
rage,lemma,0.0,1.0,0.0,4.0,5.0,0.0,0.2,0.0,0.8,0.7219280948873623,0.36096404744368116
papa,word,0.0,0.0,1.0,4.0,5.0,0.0,0.0,0.2,0.8,0.7219280948873623,0.36096404744368116
papa,lemma,0.0,0.0,1.0,4.0,5.0,0.0,0.0,0.2,0.8,0.7219280948873623,0.36096404744368116
rage,word,0.0,1.0,0.0,4.0,5.0,0.0,0.2,0.0,0.8,0.7219280948873623,0.36096404744368116
machine,lemma,1.0,0.0,0.0,4.0,5.0,0.2,0.0,0.0,0.8,0.7219280948873623,0.36096404744368116
envers,lemma,1.0,0.0,0.0,4.0,5.0,0.2,0.0,0.0,0.8,0.7219280948873623,0.36096404744368116
entrent,word,4.0,0.0,0.0,1.0,5.0,0.8,0.0,0.0,0.2,0.7219280948873623,0.36096404744368116
essayer,lemma,0.0,0.0,1.0,4.0,5.0,0.0,0.0,0.2,0.8,0.7219280948873623,0.36096404744368116
match,lemma,1.0,0.0,0.0,4.0,5.0,0.2,0.0,0.0,0.8,0.7219280948873623,0.36096404744368116
score,lemma,1.0,0.0,0.0,4.0,5.0,0.2,0.0,0.0,0.8,0.7219280948873623,0.36096404744368116
rigole,word,4.0,0.0,0.0,1.0,5.0,0.8,0.0,0.0,0.2,0.7219280948873623,0.36096404744368116
envers,word,1.0,0.0,0.0,4.0,5.0,0.2,0.0,0.0,0.8,0.7219280948873623,0.36096404744368116
européenne,word,1.0,0.0,0.0,4.0,5.0,0.2,0.0,0.0,0.8,0.7219280948873623,0.36096404744368116
réaliser,lemma,0.0,2.0,0.0,8.0,10.0,0.0,0.2,0.0,0.8,0.7219280948873623,0.36096404744368116
déclarer,lemma,1.0,0.0,0.0,4.0,5.0,0.2,0.0,0.0,0.8,0.7219280948873623,0.36096404744368116
sacré,word,0.0,0.0,4.0,1.0,5.0,0.0,0.0,0.8,0.2,0.7219280948873623,0.36096404744368116
oser,lemma,1.0,0.0,0.0,4.0,5.0,0.2,0.0,0.0,0.8,0.7219280948873623,0.36096404744368116
sentiment,word,0.0,1.0,0.0,4.0,5.0,0.0,0.2,0.0,0.8,0.7219280948873623,0.36096404744368116
drapeau,lemma,4.0,0.0,0.0,1.0,5.0,0.8,0.0,0.0,0.2,0.7219280948873623,0.36096404744368116
sentiment,lemma,0.0,1.0,0.0,4.0,5.0,0.0,0.2,0.0,0.8,0.7219280948873623,0.36096404744368116
difficulté,lemma,1.0,0.0,0.0,4.0,5.0,0.2,0.0,0.0,0.8,0.7219280948873623,0.36096404744368116
cauchemar,lemma,0.0,4.0,1.0,0.0,5.0,0.0,0.8,0.2,0.0,0.7219280948873623,0.36096404744368116
maltraités,word,0.0,1.0,0.0,4.0,5.0,0.0,0.2,0.0,0.8,0.7219280948873623,0.36096404744368116
danger,word,1.0,29.0,0.0,4.0,34.0,0.029411764705882353,0.8529411764705882,0.0,0.11764705882352941,0.7085966983474103,0.3542983491737052
coup,lemma,3.0,1.0,0.0,24.0,28.0,0.10714285714285714,0.03571428571428571,0.0,0.8571428571428571,0.7075696535050608,0.3537848267525304
coups,word,1.0,1.0,0.0,13.0,15.0,0.06666666666666667,0.06666666666666667,0.0,0.8666666666666667,0.6998428398862386,0.3499214199431193
?,punctuation,3.0,0.0,99.0,14.0,116.0,0.02586206896551724,0.0,0.853448275862069,0.1206896551724138,0.6996692554823025,0.34983462774115126
paris,lemma,2.0,0.0,0.0,9.0,11.0,0.18181818181818182,0.0,0.0,0.8181818181818182,0.6840384356390417,0.3420192178195208
jo,lemma,2.0,0.0,0.0,9.0,11.0,0.18181818181818182,0.0,0.0,0.8181818181818182,0.6840384356390417,0.3420192178195208
paris,word,2.0,0.0,0.0,9.0,11.0,0.18181818181818182,0.0,0.0,0.8181818181818182,0.6840384356390417,0.3420192178195208
euro,lemma,0.0,0.0,2.0,9.0,11.0,0.0,0.0,0.18181818181818182,0.8181818181818182,0.6840384356390417,0.3420192178195208
qu'est-ce,word,0.0,0.0,9.0,2.0,11.0,0.0,0.0,0.8181818181818182,0.18181818181818182,0.6840384356390417,0.3420192178195208
panique,word,2.0,9.0,0.0,0.0,11.0,0.18181818181818182,0.8181818181818182,0.0,0.0,0.6840384356390417,0.3420192178195208
sale,lemma,0.0,0.0,9.0,2.0,11.0,0.0,0.0,0.8181818181818182,0.18181818181818182,0.6840384356390417,0.3420192178195208
panique,lemma,2.0,9.0,0.0,0.0,11.0,0.18181818181818182,0.8181818181818182,0.0,0.0,0.6840384356390417,0.3420192178195208
amour,lemma,0.0,2.0,0.0,9.0,11.0,0.0,0.18181818181818182,0.0,0.8181818181818182,0.6840384356390417,0.3420192178195208
sale,word,0.0,0.0,9.0,2.0,11.0,0.0,0.0,0.8181818181818182,0.18181818181818182,0.6840384356390417,0.3420192178195208
jo,word,2.0,0.0,0.0,9.0,11.0,0.18181818181818182,0.0,0.0,0.8181818181818182,0.6840384356390417,0.3420192178195208
danger,lemma,1.0,31.0,0.0,4.0,36.0,0.027777777777777776,0.8611111111111112,0.0,0.1111111111111111,0.6815892897202809,0.34079464486014044
heureusement,lemma,0.0,14.0,3.0,0.0,17.0,0.0,0.8235294117647058,0.17647058823529413,0.0,0.6722948170756379,0.33614740853781894
heureusement,word,0.0,14.0,3.0,0.0,17.0,0.0,0.8235294117647058,0.17647058823529413,0.0,0.6722948170756379,0.33614740853781894
million,lemma,0.0,1.0,1.0,14.0,16.0,0.0,0.0625,0.0625,0.875,0.6685644431995964,0.3342822215997982
meilleur,lemma,2.0,1.0,0.0,21.0,24.0,0.08333333333333333,0.041666666666666664,0.0,0.875,0.6583514224564075,0.32917571122820377
passer,word,0.0,1.0,0.0,5.0,6.0,0.0,0.16666666666666666,0.0,0.8333333333333334,0.6500224216483541,0.32501121082417705
équipe,word,1.0,0.0,0.0,5.0,6.0,0.16666666666666666,0.0,0.0,0.8333333333333334,0.6500224216483541,0.32501121082417705
élève,lemma,0.0,1.0,0.0,5.0,6.0,0.0,0.16666666666666666,0.0,0.8333333333333334,0.6500224216483541,0.32501121082417705
presque,word,0.0,0.0,1.0,5.0,6.0,0.0,0.0,0.16666666666666666,0.8333333333333334,0.6500224216483541,0.32501121082417705
heureuse,word,0.0,5.0,1.0,0.0,6.0,0.0,0.8333333333333334,0.16666666666666666,0.0,0.6500224216483541,0.32501121082417705
justice,lemma,5.0,0.0,0.0,1.0,6.0,0.8333333333333334,0.0,0.0,0.16666666666666666,0.6500224216483541,0.32501121082417705
étonnés,word,1.0,5.0,0.0,0.0,6.0,0.16666666666666666,0.8333333333333334,0.0,0.0,0.6500224216483541,0.32501121082417705
étonne,word,1.0,5.0,0.0,0.0,6.0,0.16666666666666666,0.8333333333333334,0.0,0.0,0.6500224216483541,0.32501121082417705
ailleurs,lemma,0.0,0.0,5.0,1.0,6.0,0.0,0.0,0.8333333333333334,0.16666666666666666,0.6500224216483541,0.32501121082417705
médias,word,5.0,0.0,0.0,1.0,6.0,0.8333333333333334,0.0,0.0,0.16666666666666666,0.6500224216483541,0.32501121082417705
sécurité,word,0.0,1.0,0.0,5.0,6.0,0.0,0.16666666666666666,0.0,0.8333333333333334,0.6500224216483541,0.32501121082417705
sécurité,lemma,0.0,1.0,0.0,5.0,6.0,0.0,0.16666666666666666,0.0,0.8333333333333334,0.6500224216483541,0.32501121082417705
arrêté,word,5.0,0.0,0.0,1.0,6.0,0.8333333333333334,0.0,0.0,0.16666666666666666,0.6500224216483541,0.32501121082417705
média,lemma,5.0,0.0,0.0,1.0,6.0,0.8333333333333334,0.0,0.0,0.16666666666666666,0.6500224216483541,0.32501121082417705
amuser,lemma,10.0,2.0,0.0,0.0,12.0,0.8333333333333334,0.16666666666666666,0.0,0.0,0.6500224216483541,0.32501121082417705
échapper,lemma,5.0,0.0,0.0,1.0,6.0,0.8333333333333334,0.0,0.0,0.16666666666666666,0.6500224216483541,0.32501121082417705
échapper,word,5.0,0.0,0.0,1.0,6.0,0.8333333333333334,0.0,0.0,0.16666666666666666,0.6500224216483541,0.32501121082417705
élèves,word,0.0,1.0,0.0,5.0,6.0,0.0,0.16666666666666666,0.0,0.8333333333333334,0.6500224216483541,0.32501121082417705
émerveiller,lemma,1.0,5.0,0.0,0.0,6.0,0.16666666666666666,0.8333333333333334,0.0,0.0,0.6500224216483541,0.32501121082417705
voler,lemma,2.0,0.0,0.0,10.0,12.0,0.16666666666666666,0.0,0.0,0.8333333333333334,0.6500224216483541,0.32501121082417705
amuser,word,10.0,2.0,0.0,0.0,12.0,0.8333333333333334,0.16666666666666666,0.0,0.0,0.6500224216483541,0.32501121082417705
arrivé,word,0.0,1.0,0.0,5.0,6.0,0.0,0.16666666666666666,0.0,0.8333333333333334,0.6500224216483541,0.32501121082417705
partie,word,0.0,1.0,0.0,5.0,6.0,0.0,0.16666666666666666,0.0,0.8333333333333334,0.6500224216483541,0.32501121082417705
justice,word,5.0,0.0,0.0,1.0,6.0,0.8333333333333334,0.0,0.0,0.16666666666666666,0.6500224216483541,0.32501121082417705
garçons,word,1.0,0.0,0.0,5.0,6.0,0.16666666666666666,0.0,0.0,0.8333333333333334,0.6500224216483541,0.32501121082417705
presque,lemma,0.0,0.0,1.0,5.0,6.0,0.0,0.0,0.16666666666666666,0.8333333333333334,0.6500224216483541,0.32501121082417705
l'école,word,0.0,0.0,1.0,5.0,6.0,0.0,0.0,0.16666666666666666,0.8333333333333334,0.6500224216483541,0.32501121082417705
rejetés,word,0.0,1.0,0.0,5.0,6.0,0.0,0.16666666666666666,0.0,0.8333333333333334,0.6500224216483541,0.32501121082417705
remarques,word,1.0,0.0,0.0,5.0,6.0,0.16666666666666666,0.0,0.0,0.8333333333333334,0.6500224216483541,0.32501121082417705
sais,word,0.0,0.0,5.0,1.0,6.0,0.0,0.0,0.8333333333333334,0.16666666666666666,0.6500224216483541,0.32501121082417705
mauvais,word,2.0,0.0,0.0,10.0,12.0,0.16666666666666666,0.0,0.0,0.8333333333333334,0.6500224216483541,0.32501121082417705
râler,lemma,5.0,0.0,1.0,0.0,6.0,0.8333333333333334,0.0,0.16666666666666666,0.0,0.6500224216483541,0.32501121082417705
bombes,word,1.0,0.0,0.0,5.0,6.0,0.16666666666666666,0.0,0.0,0.8333333333333334,0.6500224216483541,0.32501121082417705
suffire,lemma,0.0,1.0,0.0,5.0,6.0,0.0,0.16666666666666666,0.0,0.8333333333333334,0.6500224216483541,0.32501121082417705
beaux,word,0.0,1.0,0.0,5.0,6.0,0.0,0.16666666666666666,0.0,0.8333333333333334,0.6500224216483541,0.32501121082417705
blague,word,0.0,0.0,5.0,1.0,6.0,0.0,0.0,0.8333333333333334,0.16666666666666666,0.6500224216483541,0.32501121082417705
choqué,word,0.0,25.0,0.0,5.0,30.0,0.0,0.8333333333333334,0.0,0.16666666666666666,0.6500224216483541,0.32501121082417705
suffit,word,0.0,1.0,0.0,5.0,6.0,0.0,0.16666666666666666,0.0,0.8333333333333334,0.6500224216483541,0.32501121082417705
mouton,lemma,0.0,0.0,1.0,5.0,6.0,0.0,0.0,0.16666666666666666,0.8333333333333334,0.6500224216483541,0.32501121082417705
américain,word,1.0,0.0,0.0,5.0,6.0,0.16666666666666666,0.0,0.0,0.8333333333333334,0.6500224216483541,0.32501121082417705
moquer,lemma,1.0,0.0,0.0,5.0,6.0,0.16666666666666666,0.0,0.0,0.8333333333333334,0.6500224216483541,0.32501121082417705
représenter,lemma,0.0,1.0,0.0,5.0,6.0,0.0,0.16666666666666666,0.0,0.8333333333333334,0.6500224216483541,0.32501121082417705
famine,word,1.0,0.0,0.0,5.0,6.0,0.16666666666666666,0.0,0.0,0.8333333333333334,0.6500224216483541,0.32501121082417705
remarque,lemma,1.0,0.0,0.0,5.0,6.0,0.16666666666666666,0.0,0.0,0.8333333333333334,0.6500224216483541,0.32501121082417705
records,word,0.0,0.0,1.0,5.0,6.0,0.0,0.0,0.16666666666666666,0.8333333333333334,0.6500224216483541,0.32501121082417705
j'avais,word,0.0,0.0,1.0,5.0,6.0,0.0,0.0,0.16666666666666666,0.8333333333333334,0.6500224216483541,0.32501121082417705
injuste,word,0.0,0.0,2.0,10.0,12.0,0.0,0.0,0.16666666666666666,0.8333333333333334,0.6500224216483541,0.32501121082417705
jeune,word,0.0,0.0,1.0,5.0,6.0,0.0,0.0,0.16666666666666666,0.8333333333333334,0.6500224216483541,0.32501121082417705
cyclone,lemma,0.0,1.0,0.0,5.0,6.0,0.0,0.16666666666666666,0.0,0.8333333333333334,0.6500224216483541,0.32501121082417705
sexuelles,word,1.0,0.0,0.0,5.0,6.0,0.16666666666666666,0.0,0.0,0.8333333333333334,0.6500224216483541,0.32501121082417705
sentent,word,1.0,0.0,0.0,5.0,6.0,0.16666666666666666,0.0,0.0,0.8333333333333334,0.6500224216483541,0.32501121082417705
descendus,word,5.0,0.0,0.0,1.0,6.0,0.8333333333333334,0.0,0.0,0.16666666666666666,0.6500224216483541,0.32501121082417705
descendu,lemma,5.0,0.0,0.0,1.0,6.0,0.8333333333333334,0.0,0.0,0.16666666666666666,0.6500224216483541,0.32501121082417705
repas,lemma,0.0,0.0,1.0,5.0,6.0,0.0,0.0,0.16666666666666666,0.8333333333333334,0.6500224216483541,0.32501121082417705
repas,word,0.0,0.0,1.0,5.0,6.0,0.0,0.0,0.16666666666666666,0.8333333333333334,0.6500224216483541,0.32501121082417705
renforcer,lemma,1.0,0.0,0.0,5.0,6.0,0.16666666666666666,0.0,0.0,0.8333333333333334,0.6500224216483541,0.32501121082417705
groupe,lemma,1.0,0.0,0.0,5.0,6.0,0.16666666666666666,0.0,0.0,0.8333333333333334,0.6500224216483541,0.32501121082417705
faux,lemma,1.0,0.0,0.0,5.0,6.0,0.16666666666666666,0.0,0.0,0.8333333333333334,0.6500224216483541,0.32501121082417705
femme,word,0.0,1.0,0.0,5.0,6.0,0.0,0.16666666666666666,0.0,0.8333333333333334,0.6500224216483541,0.32501121082417705
finir,lemma,0.0,0.0,1.0,5.0,6.0,0.0,0.0,0.16666666666666666,0.8333333333333334,0.6500224216483541,0.32501121082417705
faisait,word,0.0,1.0,0.0,5.0,6.0,0.0,0.16666666666666666,0.0,0.8333333333333334,0.6500224216483541,0.32501121082417705
terre,lemma,1.0,1.0,0.0,15.0,17.0,0.058823529411764705,0.058823529411764705,0.0,0.8823529411764706,0.6402064333604701,0.32010321668023506
grosse,word,0.0,1.0,15.0,1.0,17.0,0.0,0.058823529411764705,0.8823529411764706,0.058823529411764705,0.6402064333604701,0.32010321668023506
fuir,word,23.0,1.0,0.0,2.0,26.0,0.8846153846153846,0.038461538461538464,0.0,0.07692307692307693,0.6219041416291193,0.31095207081455967
morts,word,2.0,0.0,0.0,11.0,13.0,0.15384615384615385,0.0,0.0,0.8461538461538461,0.6193821946787638,0.3096910973393819
coup,word,2.0,0.0,0.0,11.0,13.0,0.15384615384615385,0.0,0.0,0.8461538461538461,0.6193821946787638,0.3096910973393819
détruire,lemma,0.0,3.0,0.0,17.0,20.0,0.0,0.15,0.0,0.85,0.6098403047164004,0.3049201523582002
école,word,0.0,3.0,0.0,17.0,20.0,0.0,0.15,0.0,0.85,0.6098403047164004,0.3049201523582002
pleurer,lemma,32.0,1.0,0.0,3.0,36.0,0.8888888888888888,0.027777777777777776,0.0,0.08333333333333333,0.5934003486044382,0.2967001743022191
commencer,lemma,0.0,0.0,1.0,6.0,7.0,0.0,0.0,0.14285714285714285,0.8571428571428571,0.5916727785823275,0.29583638929116374
belle,word,0.0,0.0,1.0,6.0,7.0,0.0,0.0,0.14285714285714285,0.8571428571428571,0.5916727785823275,0.29583638929116374
vache,lemma,1.0,0.0,0.0,6.0,7.0,0.14285714285714285,0.0,0.0,0.8571428571428571,0.5916727785823275,0.29583638929116374
bonheur,word,0.0,12.0,0.0,2.0,14.0,0.0,0.8571428571428571,0.0,0.14285714285714285,0.5916727785823275,0.29583638929116374
bonheur,lemma,0.0,12.0,0.0,2.0,14.0,0.0,0.8571428571428571,0.0,0.14285714285714285,0.5916727785823275,0.29583638929116374
tranquille,word,0.0,0.0,6.0,1.0,7.0,0.0,0.0,0.8571428571428571,0.14285714285714285,0.5916727785823275,0.29583638929116374
accident,word,1.0,0.0,0.0,6.0,7.0,0.14285714285714285,0.0,0.0,0.8571428571428571,0.5916727785823275,0.29583638929116374
appelé,word,6.0,0.0,0.0,1.0,7.0,0.8571428571428571,0.0,0.0,0.14285714285714285,0.5916727785823275,0.29583638929116374
souvenir,word,1.0,0.0,0.0,6.0,7.0,0.14285714285714285,0.0,0.0,0.8571428571428571,0.5916727785823275,0.29583638929116374
critiques,word,6.0,0.0,0.0,1.0,7.0,0.8571428571428571,0.0,0.0,0.14285714285714285,0.5916727785823275,0.29583638929116374
cool,lemma,0.0,6.0,1.0,0.0,7.0,0.0,0.8571428571428571,0.14285714285714285,0.0,0.5916727785823275,0.29583638929116374
cool,word,0.0,6.0,1.0,0.0,7.0,0.0,0.8571428571428571,0.14285714285714285,0.0,0.5916727785823275,0.29583638929116374
sécheresse,word,1.0,0.0,0.0,6.0,7.0,0.14285714285714285,0.0,0.0,0.8571428571428571,0.5916727785823275,0.29583638929116374
sécheresse,lemma,1.0,0.0,0.0,6.0,7.0,0.14285714285714285,0.0,0.0,0.8571428571428571,0.5916727785823275,0.29583638929116374
confiance,word,0.0,0.0,1.0,6.0,7.0,0.0,0.0,0.14285714285714285,0.8571428571428571,0.5916727785823275,0.29583638929116374
confiance,lemma,0.0,0.0,1.0,6.0,7.0,0.0,0.0,0.14285714285714285,0.8571428571428571,0.5916727785823275,0.29583638929116374
menaces,word,1.0,6.0,0.0,0.0,7.0,0.14285714285714285,0.8571428571428571,0.0,0.0,0.5916727785823275,0.29583638929116374
manger,word,0.0,1.0,0.0,6.0,7.0,0.0,0.14285714285714285,0.0,0.8571428571428571,0.5916727785823275,0.29583638929116374
deuxième,word,0.0,1.0,0.0,6.0,7.0,0.0,0.14285714285714285,0.0,0.8571428571428571,0.5916727785823275,0.29583638929116374
deuxième,lemma,0.0,1.0,0.0,6.0,7.0,0.0,0.14285714285714285,0.0,0.8571428571428571,0.5916727785823275,0.29583638929116374
dizaines,word,0.0,0.0,1.0,6.0,7.0,0.0,0.0,0.14285714285714285,0.8571428571428571,0.5916727785823275,0.29583638929116374
route,lemma,12.0,0.0,0.0,2.0,14.0,0.8571428571428571,0.0,0.0,0.14285714285714285,0.5916727785823275,0.29583638929116374
dizaine,lemma,0.0,0.0,1.0,6.0,7.0,0.0,0.0,0.14285714285714285,0.8571428571428571,0.5916727785823275,0.29583638929116374
risques,word,0.0,6.0,0.0,1.0,7.0,0.0,0.8571428571428571,0.0,0.14285714285714285,0.5916727785823275,0.29583638929116374
famine,lemma,1.0,0.0,0.0,6.0,7.0,0.14285714285714285,0.0,0.0,0.8571428571428571,0.5916727785823275,0.29583638929116374
exploit,lemma,0.0,4.0,0.0,24.0,28.0,0.0,0.14285714285714285,0.0,0.8571428571428571,0.5916727785823275,0.29583638929116374
manquer,lemma,1.0,0.0,0.0,6.0,7.0,0.14285714285714285,0.0,0.0,0.8571428571428571,0.5916727785823275,0.29583638929116374
manifestation,word,6.0,0.0,0.0,1.0,7.0,0.8571428571428571,0.0,0.0,0.14285714285714285,0.5916727785823275,0.29583638929116374
effrayer,lemma,1.0,6.0,0.0,0.0,7.0,0.14285714285714285,0.8571428571428571,0.0,0.0,0.5916727785823275,0.29583638929116374
près,word,0.0,1.0,0.0,6.0,7.0,0.0,0.14285714285714285,0.0,0.8571428571428571,0.5916727785823275,0.29583638929116374
forcer,lemma,1.0,0.0,0.0,6.0,7.0,0.14285714285714285,0.0,0.0,0.8571428571428571,0.5916727785823275,0.29583638929116374
près,lemma,0.0,1.0,0.0,6.0,7.0,0.0,0.14285714285714285,0.0,0.8571428571428571,0.5916727785823275,0.29583638929116374
long,lemma,1.0,0.0,0.0,6.0,7.0,0.14285714285714285,0.0,0.0,0.8571428571428571,0.5916727785823275,0.29583638929116374
insolite,lemma,0.0,6.0,0.0,1.0,7.0,0.0,0.8571428571428571,0.0,0.14285714285714285,0.5916727785823275,0.29583638929116374
héros,word,0.0,1.0,0.0,6.0,7.0,0.0,0.14285714285714285,0.0,0.8571428571428571,0.5916727785823275,0.29583638929116374
injuste,lemma,0.0,0.0,2.0,12.0,14.0,0.0,0.0,0.14285714285714285,0.8571428571428571,0.5916727785823275,0.29583638929116374
héros,lemma,0.0,1.0,0.0,6.0,7.0,0.0,0.14285714285714285,0.0,0.8571428571428571,0.5916727785823275,0.29583638929116374
permettre,lemma,1.0,0.0,0.0,6.0,7.0,0.14285714285714285,0.0,0.0,0.8571428571428571,0.5916727785823275,0.29583638929116374
admirer,lemma,0.0,6.0,0.0,1.0,7.0,0.0,0.8571428571428571,0.0,0.14285714285714285,0.5916727785823275,0.29583638929116374
passé,word,0.0,0.0,1.0,6.0,7.0,0.0,0.0,0.14285714285714285,0.8571428571428571,0.5916727785823275,0.29583638929116374
accusé,word,19.0,0.0,0.0,3.0,22.0,0.8636363636363636,0.0,0.0,0.13636363636363635,0.5746356978376794,0.2873178489188397
dangereuse,word,0.0,13.0,0.0,2.0,15.0,0.0,0.8666666666666667,0.0,0.13333333333333333,0.5665095065529053,0.28325475327645266
critique,lemma,13.0,0.0,0.0,2.0,15.0,0.8666666666666667,0.0,0.0,0.13333333333333333,0.5665095065529053,0.28325475327645266
difficiles,word,2.0,0.0,0.0,13.0,15.0,0.13333333333333333,0.0,0.0,0.8666666666666667,0.5665095065529053,0.28325475327645266
remporter,word,0.0,0.0,2.0,13.0,15.0,0.0,0.0,0.13333333333333333,0.8666666666666667,0.5665095065529053,0.28325475327645266
beau,lemma,0.0,1.0,2.0,27.0,30.0,0.0,0.03333333333333333,0.06666666666666667,0.9,0.5608251769947301,0.28041258849736506
accord,word,1.0,1.0,0.0,19.0,21.0,0.047619047619047616,0.047619047619047616,0.0,0.9047619047619048,0.5489544344250401,0.27447721721252005
t'es,word,0.0,0.0,7.0,1.0,8.0,0.0,0.0,0.875,0.125,0.5435644431995964,0.2717822215997982
arme,word,0.0,1.0,0.0,7.0,8.0,0.0,0.125,0.0,0.875,0.5435644431995964,0.2717822215997982
maltraité,lemma,0.0,1.0,0.0,7.0,8.0,0.0,0.125,0.0,0.875,0.5435644431995964,0.2717822215997982
sûr,word,0.0,0.0,7.0,1.0,8.0,0.0,0.0,0.875,0.125,0.5435644431995964,0.2717822215997982
sûr,lemma,0.0,0.0,7.0,1.0,8.0,0.0,0.0,0.875,0.125,0.5435644431995964,0.2717822215997982
disputer,lemma,7.0,0.0,0.0,1.0,8.0,0.875,0.0,0.0,0.125,0.5435644431995964,0.2717822215997982
manger,lemma,0.0,1.0,0.0,7.0,8.0,0.0,0.125,0.0,0.875,0.5435644431995964,0.2717822215997982
maladie,word,0.0,1.0,0.0,7.0,8.0,0.0,0.125,0.0,0.875,0.5435644431995964,0.2717822215997982
renvoyer,lemma,0.0,1.0,0.0,7.0,8.0,0.0,0.125,0.0,0.875,0.5435644431995964,0.2717822215997982
grondouk,lemma,0.0,0.0,7.0,1.0,8.0,0.0,0.0,0.875,0.125,0.5435644431995964,0.2717822215997982
critique,word,7.0,0.0,0.0,1.0,8.0,0.875,0.0,0.0,0.125,0.5435644431995964,0.2717822215997982
dirigeants,word,7.0,1.0,0.0,0.0,8.0,0.875,0.125,0.0,0.0,0.5435644431995964,0.2717822215997982
hasard,word,0.0,1.0,0.0,7.0,8.0,0.0,0.125,0.0,0.875,0.5435644431995964,0.2717822215997982
hasard,lemma,0.0,1.0,0.0,7.0,8.0,0.0,0.125,0.0,0.875,0.5435644431995964,0.2717822215997982
eau,lemma,0.0,1.0,0.0,7.0,8.0,0.0,0.125,0.0,0.875,0.5435644431995964,0.2717822215997982
vient,word,0.0,0.0,1.0,7.0,8.0,0.0,0.0,0.125,0.875,0.5435644431995964,0.2717822215997982
plainte,word,7.0,0.0,0.0,1.0,8.0,0.875,0.0,0.0,0.125,0.5435644431995964,0.2717822215997982
pied,lemma,1.0,0.0,0.0,7.0,8.0,0.125,0.0,0.0,0.875,0.5435644431995964,0.2717822215997982
sœur,word,1.0,0.0,0.0,7.0,8.0,0.125,0.0,0.0,0.875,0.5435644431995964,0.2717822215997982
fierté,lemma,1.0,7.0,0.0,0.0,8.0,0.125,0.875,0.0,0.0,0.5435644431995964,0.2717822215997982
équipe,lemma,1.0,0.0,0.0,7.0,8.0,0.125,0.0,0.0,0.875,0.5435644431995964,0.2717822215997982
marrant,word,0.0,7.0,1.0,0.0,8.0,0.0,0.875,0.125,0.0,0.5435644431995964,0.2717822215997982
meilleure,word,0.0,1.0,0.0,7.0,8.0,0.0,0.125,0.0,0.875,0.5435644431995964,0.2717822215997982
menacent,word,0.0,7.0,0.0,1.0,8.0,0.0,0.875,0.0,0.125,0.5435644431995964,0.2717822215997982
marrant,lemma,0.0,7.0,1.0,0.0,8.0,0.0,0.875,0.125,0.0,0.5435644431995964,0.2717822215997982
choquer,lemma,0.0,35.0,0.0,5.0,40.0,0.0,0.875,0.0,0.125,0.5435644431995964,0.2717822215997982
fierté,word,1.0,7.0,0.0,0.0,8.0,0.125,0.875,0.0,0.0,0.5435644431995964,0.2717822215997982
rare,word,0.0,0.0,1.0,7.0,8.0,0.0,0.0,0.125,0.875,0.5435644431995964,0.2717822215997982
agressions,word,1.0,0.0,0.0,7.0,8.0,0.125,0.0,0.0,0.875,0.5435644431995964,0.2717822215997982
garçon,lemma,1.0,0.0,0.0,7.0,8.0,0.125,0.0,0.0,0.875,0.5435644431995964,0.2717822215997982
accusée,word,7.0,0.0,0.0,1.0,8.0,0.875,0.0,0.0,0.125,0.5435644431995964,0.2717822215997982
dormir,word,1.0,0.0,0.0,7.0,8.0,0.125,0.0,0.0,0.875,0.5435644431995964,0.2717822215997982
grondouk,word,0.0,0.0,7.0,1.0,8.0,0.0,0.0,0.875,0.125,0.5435644431995964,0.2717822215997982
difficile,lemma,2.0,0.0,1.0,29.0,32.0,0.0625,0.0,0.03125,0.90625,0.5349547231656377,0.2674773615828189
seul,word,0.0,1.0,0.0,8.0,9.0,0.0,0.1111111111111111,0.0,0.8888888888888888,0.5032583347756457,0.25162916738782287
souvenir,lemma,1.0,0.0,0.0,8.0,9.0,0.1111111111111111,0.0,0.0,0.8888888888888888,0.5032583347756457,0.25162916738782287
effrayant,lemma,0.0,8.0,0.0,1.0,9.0,0.0,0.8888888888888888,0.0,0.1111111111111111,0.5032583347756457,0.25162916738782287
dérange,lemma,0.0,8.0,1.0,0.0,9.0,0.0,0.8888888888888888,0.1111111111111111,0.0,0.5032583347756457,0.25162916738782287
jeux,word,1.0,0.0,0.0,8.0,9.0,0.1111111111111111,0.0,0.0,0.8888888888888888,0.5032583347756457,0.25162916738782287
pauvres,word,1.0,0.0,0.0,8.0,9.0,0.1111111111111111,0.0,0.0,0.8888888888888888,0.5032583347756457,0.25162916738782287
dérange,word,0.0,8.0,1.0,0.0,9.0,0.0,0.8888888888888888,0.1111111111111111,0.0,0.5032583347756457,0.25162916738782287
important,lemma,0.0,1.0,0.0,8.0,9.0,0.0,0.1111111111111111,0.0,0.8888888888888888,0.5032583347756457,0.25162916738782287
découvre,word,0.0,1.0,0.0,8.0,9.0,0.0,0.1111111111111111,0.0,0.8888888888888888,0.5032583347756457,0.25162916738782287
gueule,lemma,1.0,0.0,8.0,0.0,9.0,0.1111111111111111,0.0,0.8888888888888888,0.0,0.5032583347756457,0.25162916738782287
considérer,lemma,1.0,0.0,0.0,8.0,9.0,0.1111111111111111,0.0,0.0,0.8888888888888888,0.5032583347756457,0.25162916738782287
frapper,lemma,0.0,1.0,0.0,8.0,9.0,0.0,0.1111111111111111,0.0,0.8888888888888888,0.5032583347756457,0.25162916738782287
plaindre,lemma,8.0,0.0,0.0,1.0,9.0,0.8888888888888888,0.0,0.0,0.1111111111111111,0.5032583347756457,0.25162916738782287
rues,word,8.0,0.0,0.0,1.0,9.0,0.8888888888888888,0.0,0.0,0.1111111111111111,0.5032583347756457,0.25162916738782287
rare,lemma,0.0,0.0,1.0,8.0,9.0,0.0,0.0,0.1111111111111111,0.8888888888888888,0.5032583347756457,0.25162916738782287
protestations,word,8.0,0.0,0.0,1.0,9.0,0.8888888888888888,0.0,0.0,0.1111111111111111,0.5032583347756457,0.25162916738782287
refuge,lemma,8.0,0.0,0.0,1.0,9.0,0.8888888888888888,0.0,0.0,0.1111111111111111,0.5032583347756457,0.25162916738782287
plainte,lemma,8.0,0.0,0.0,1.0,9.0,0.8888888888888888,0.0,0.0,0.1111111111111111,0.5032583347756457,0.25162916738782287
refuge,word,8.0,0.0,0.0,1.0,9.0,0.8888888888888888,0.0,0.0,0.1111111111111111,0.5032583347756457,0.25162916738782287
gueule,word,1.0,0.0,8.0,0.0,9.0,0.1111111111111111,0.0,0.8888888888888888,0.0,0.5032583347756457,0.25162916738782287
petite,word,0.0,1.0,0.0,9.0,10.0,0.0,0.1,0.0,0.9,0.4689955935892812,0.2344977967946406
victoire,word,2.0,0.0,0.0,18.0,20.0,0.1,0.0,0.0,0.9,0.4689955935892812,0.2344977967946406
victoire,lemma,2.0,0.0,0.0,18.0,20.0,0.1,0.0,0.0,0.9,0.4689955935892812,0.2344977967946406
sexuel,lemma,1.0,0.0,0.0,9.0,10.0,0.1,0.0,0.0,0.9,0.4689955935892812,0.2344977967946406
amour,word,0.0,1.0,0.0,9.0,10.0,0.0,0.1,0.0,0.9,0.4689955935892812,0.2344977967946406
cher,word,0.0,0.0,1.0,9.0,10.0,0.0,0.0,0.1,0.9,0.4689955935892812,0.2344977967946406
refuse,word,9.0,0.0,0.0,1.0,10.0,0.9,0.0,0.0,0.1,0.4689955935892812,0.2344977967946406
est-ce,word,0.0,0.0,9.0,1.0,10.0,0.0,0.0,0.9,0.1,0.4689955935892812,0.2344977967946406
attendre,lemma,1.0,0.0,0.0,9.0,10.0,0.1,0.0,0.0,0.9,0.4689955935892812,0.2344977967946406
occasion,lemma,0.0,1.0,0.0,9.0,10.0,0.0,0.1,0.0,0.9,0.4689955935892812,0.2344977967946406
occasion,word,0.0,1.0,0.0,9.0,10.0,0.0,0.1,0.0,0.9,0.4689955935892812,0.2344977967946406
cadeau,lemma,1.0,0.0,0.0,9.0,10.0,0.1,0.0,0.0,0.9,0.4689955935892812,0.2344977967946406
conséquence,lemma,0.0,1.0,0.0,9.0,10.0,0.0,0.1,0.0,0.9,0.4689955935892812,0.2344977967946406
donner,lemma,1.0,0.0,0.0,9.0,10.0,0.1,0.0,0.0,0.9,0.4689955935892812,0.2344977967946406
conséquences,word,0.0,1.0,0.0,9.0,10.0,0.0,0.1,0.0,0.9,0.4689955935892812,0.2344977967946406
deux,lemma,1.0,0.0,1.0,24.0,26.0,0.038461538461538464,0.0,0.038461538461538464,0.9230769230769231,0.46816664055233254,0.23408332027616627
deux,word,1.0,0.0,1.0,24.0,26.0,0.038461538461538464,0.0,0.038461538461538464,0.9230769230769231,0.46816664055233254,0.23408332027616627
hommage,lemma,30.0,0.0,0.0,3.0,33.0,0.9090909090909091,0.0,0.0,0.09090909090909091,0.4394969869215134,0.2197484934607567
bombe,lemma,1.0,0.0,0.0,10.0,11.0,0.09090909090909091,0.0,0.0,0.9090909090909091,0.4394969869215134,0.2197484934607567
nombreux,word,0.0,1.0,0.0,10.0,11.0,0.0,0.09090909090909091,0.0,0.9090909090909091,0.4394969869215134,0.2197484934607567
merci,word,0.0,1.0,10.0,0.0,11.0,0.0,0.09090909090909091,0.9090909090909091,0.0,0.4394969869215134,0.2197484934607567
honte,word,0.0,10.0,1.0,0.0,11.0,0.0,0.9090909090909091,0.09090909090909091,0.0,0.4394969869215134,0.2197484934607567
merci,lemma,0.0,1.0,10.0,0.0,11.0,0.0,0.09090909090909091,0.9090909090909091,0.0,0.4394969869215134,0.2197484934607567
honte,lemma,0.0,10.0,1.0,0.0,11.0,0.0,0.9090909090909091,0.09090909090909091,0.0,0.4394969869215134,0.2197484934607567
sœur,lemma,1.0,0.0,0.0,10.0,11.0,0.09090909090909091,0.0,0.0,0.9090909090909091,0.4394969869215134,0.2197484934607567
bande,lemma,0.0,0.0,10.0,1.0,11.0,0.0,0.0,0.9090909090909091,0.09090909090909091,0.4394969869215134,0.2197484934607567
bande,word,0.0,0.0,10.0,1.0,11.0,0.0,0.0,0.9090909090909091,0.09090909090909091,0.4394969869215134,0.2197484934607567
désaccord,word,1.0,0.0,0.0,10.0,11.0,0.09090909090909091,0.0,0.0,0.9090909090909091,0.4394969869215134,0.2197484934607567
devenir,word,0.0,0.0,1.0,10.0,11.0,0.0,0.0,0.09090909090909091,0.9090909090909091,0.4394969869215134,0.2197484934607567
vs,word,0.0,0.0,10.0,1.0,11.0,0.0,0.0,0.9090909090909091,0.09090909090909091,0.4394969869215134,0.2197484934607567
vs,lemma,0.0,0.0,10.0,1.0,11.0,0.0,0.0,0.9090909090909091,0.09090909090909091,0.4394969869215134,0.2197484934607567
exploit,word,0.0,2.0,0.0,21.0,23.0,0.0,0.08695652173913043,0.0,0.9130434782608695,0.4262286569981449,0.21311432849907244
désaccord,lemma,1.0,0.0,0.0,11.0,12.0,0.08333333333333333,0.0,0.0,0.9166666666666666,0.41381685030363374,0.20690842515181687
vivre,word,0.0,0.0,1.0,11.0,12.0,0.0,0.0,0.08333333333333333,0.9166666666666666,0.41381685030363374,0.20690842515181687
t'as,word,0.0,0.0,11.0,1.0,12.0,0.0,0.0,0.9166666666666666,0.08333333333333333,0.41381685030363374,0.20690842515181687
pourtant,lemma,0.0,0.0,12.0,1.0,13.0,0.0,0.0,0.9230769230769231,0.07692307692307693,0.39124356362925566,0.19562178181462783
routes,word,12.0,0.0,0.0,1.0,13.0,0.9230769230769231,0.0,0.0,0.07692307692307693,0.39124356362925566,0.19562178181462783
rendre,word,12.0,0.0,0.0,1.0,13.0,0.9230769230769231,0.0,0.0,0.07692307692307693,0.39124356362925566,0.19562178181462783
parents,word,0.0,0.0,1.0,12.0,13.0,0.0,0.0,0.07692307692307693,0.9230769230769231,0.39124356362925566,0.19562178181462783
pourtant,word,0.0,0.0,12.0,1.0,13.0,0.0,0.0,0.9230769230769231,0.07692307692307693,0.39124356362925566,0.19562178181462783
parent,lemma,0.0,0.0,1.0,12.0,13.0,0.0,0.0,0.07692307692307693,0.9230769230769231,0.39124356362925566,0.19562178181462783
seul,lemma,0.0,1.0,0.0,12.0,13.0,0.0,0.07692307692307693,0.0,0.9230769230769231,0.39124356362925566,0.19562178181462783
perdu,word,1.0,0.0,0.0,12.0,13.0,0.07692307692307693,0.0,0.0,0.9230769230769231,0.39124356362925566,0.19562178181462783
dangereux,lemma,2.0,79.0,0.0,3.0,84.0,0.023809523809523808,0.9404761904761905,0.0,0.03571428571428571,0.3833463917293008,0.1916731958646504
protester,lemma,25.0,0.0,2.0,0.0,27.0,0.9259259259259259,0.0,0.07407407407407407,0.0,0.3809465857053901,0.19047329285269504
risque,lemma,0.0,13.0,0.0,1.0,14.0,0.0,0.9285714285714286,0.0,0.07142857142857142,0.37123232664087563,0.18561616332043782
mis,word,14.0,0.0,0.0,1.0,15.0,0.9333333333333333,0.0,0.0,0.06666666666666667,0.35335933502142136,0.17667966751071068
étonnant,word,0.0,14.0,1.0,0.0,15.0,0.0,0.9333333333333333,0.06666666666666667,0.0,0.35335933502142136,0.17667966751071068
réclamer,word,14.0,1.0,0.0,0.0,15.0,0.9333333333333333,0.06666666666666667,0.0,0.0,0.35335933502142136,0.17667966751071068
beau,word,0.0,0.0,1.0,14.0,15.0,0.0,0.0,0.06666666666666667,0.9333333333333333,0.35335933502142136,0.17667966751071068
fuir,lemma,54.0,1.0,0.0,2.0,57.0,0.9473684210526315,0.017543859649122806,0.0,0.03508771929824561,0.34580360860636805,0.17290180430318403
dangereux,word,2.0,55.0,0.0,1.0,58.0,0.034482758620689655,0.9482758620689655,0.0,0.017241379310344827,0.34117437023349834,0.17058718511674917
malheur,lemma,0.0,15.0,1.0,0.0,16.0,0.0,0.9375,0.0625,0.0,0.3372900666170139,0.16864503330850694
malheur,word,0.0,15.0,1.0,0.0,16.0,0.0,0.9375,0.0625,0.0,0.3372900666170139,0.16864503330850694
surprise,word,1.0,40.0,0.0,1.0,42.0,0.023809523809523808,0.9523809523809523,0.0,0.023809523809523808,0.3238144752669867,0.16190723763349335
difficile,word,0.0,0.0,1.0,16.0,17.0,0.0,0.0,0.058823529411764705,0.9411764705882353,0.3227569588973982,0.1613784794486991
protestation,lemma,16.0,0.0,0.0,1.0,17.0,0.9411764705882353,0.0,0.0,0.058823529411764705,0.3227569588973982,0.1613784794486991
décevoir,lemma,0.0,16.0,0.0,1.0,17.0,0.0,0.9411764705882353,0.0,0.058823529411764705,0.3227569588973982,0.1613784794486991
victime,word,0.0,2.0,0.0,33.0,35.0,0.0,0.05714285714285714,0.0,0.9428571428571428,0.31599713297842463,0.15799856648921232
accuser,lemma,84.0,0.0,0.0,5.0,89.0,0.9438202247191011,0.0,0.0,0.056179775280898875,0.3120895659343452,0.1560447829671726
…,punctuation,1.0,1.0,285.0,12.0,299.0,0.0033444816053511705,0.0033444816053511705,0.9531772575250836,0.04013377926421405,0.30713641972150457,0.15356820986075229
craignent,word,1.0,18.0,0.0,0.0,19.0,0.05263157894736842,0.9473684210526315,0.0,0.0,0.2974722489192896,0.1487361244596448
critiqué,word,18.0,0.0,0.0,1.0,19.0,0.9473684210526315,0.0,0.0,0.05263157894736842,0.2974722489192896,0.1487361244596448
harcèlement,word,0.0,0.0,1.0,18.0,19.0,0.0,0.0,0.05263157894736842,0.9473684210526315,0.2974722489192896,0.1487361244596448
harcèlement,lemma,0.0,0.0,1.0,18.0,19.0,0.0,0.0,0.05263157894736842,0.9473684210526315,0.2974722489192896,0.1487361244596448
surprise,lemma,1.0,45.0,0.0,1.0,47.0,0.02127659574468085,0.9574468085106383,0.0,0.02127659574468085,0.29643163178752324,0.14821581589376162
manifestation,lemma,69.0,0.0,1.0,2.0,72.0,0.9583333333333334,0.0,0.013888888888888888,0.027777777777777776,0.28814461925212254,0.14407230962606127
retrouver,lemma,0.0,1.0,0.0,19.0,20.0,0.0,0.05,0.0,0.95,0.28639695711595625,0.14319847855797813
triste,word,0.0,20.0,0.0,1.0,21.0,0.0,0.9523809523809523,0.0,0.047619047619047616,0.2761954276479391,0.13809771382396954
réussir,lemma,0.0,1.0,0.0,23.0,24.0,0.0,0.041666666666666664,0.0,0.9583333333333334,0.24988229283318544,0.12494114641659272
critiquer,lemma,47.0,0.0,0.0,2.0,49.0,0.9591836734693877,0.0,0.0,0.04081632653061224,0.2460225782203316,0.1230112891101658
record,lemma,0.0,0.0,1.0,24.0,25.0,0.0,0.0,0.04,0.96,0.24229218908241482,0.12114609454120741
étonnant,lemma,0.0,24.0,1.0,0.0,25.0,0.0,0.96,0.04,0.0,0.24229218908241482,0.12114609454120741
dénoncer,lemma,25.0,0.0,0.0,1.0,26.0,0.9615384615384616,0.0,0.0,0.038461538461538464,0.23519338181924143,0.11759669090962072
manifestations,word,63.0,0.0,1.0,1.0,65.0,0.9692307692307692,0.0,0.015384615384615385,0.015384615384615385,0.229004194866997,0.1145020974334985
colère,lemma,2.0,52.0,0.0,0.0,54.0,0.037037037037037035,0.9629629629629629,0.0,0.0,0.228538143953528,0.114269071976764
colère,word,2.0,52.0,0.0,0.0,54.0,0.037037037037037035,0.9629629629629629,0.0,0.0,0.228538143953528,0.114269071976764
heureux,word,0.0,26.0,0.0,1.0,27.0,0.0,0.9629629629629629,0.0,0.037037037037037035,0.228538143953528,0.114269071976764
vivre,lemma,0.0,0.0,1.0,27.0,28.0,0.0,0.0,0.03571428571428571,0.9642857142857143,0.222284830685688,0.111142415342844
peur,lemma,2.0,131.0,0.0,2.0,135.0,0.014814814814814815,0.9703703703703703,0.0,0.014814814814814815,0.22216068444782366,0.11108034222391183
peur,word,2.0,131.0,0.0,2.0,135.0,0.014814814814814815,0.9703703703703703,0.0,0.014814814814814815,0.22216068444782366,0.11108034222391183
découvrir,lemma,0.0,1.0,0.0,28.0,29.0,0.0,0.034482758620689655,0.0,0.9655172413793104,0.21639693245126462,0.10819846622563231
triste,lemma,0.0,28.0,0.0,1.0,29.0,0.0,0.9655172413793104,0.0,0.034482758620689655,0.21639693245126462,0.10819846622563231
inquiète,word,0.0,30.0,0.0,1.0,31.0,0.0,0.967741935483871,0.0,0.03225806451612903,0.205592508185083,0.1027962540925415
hommage,word,30.0,0.0,0.0,1.0,31.0,0.967741935483871,0.0,0.0,0.03225806451612903,0.205592508185083,0.1027962540925415
remporter,lemma,0.0,0.0,2.0,61.0,63.0,0.0,0.0,0.031746031746031744,0.9682539682539683,0.20307392998664564,0.10153696499332282
heureux,lemma,0.0,31.0,0.0,1.0,32.0,0.0,0.96875,0.0,0.03125,0.20062232431271465,0.10031116215635733
!,punctuation,2.0,0.0,684.0,18.0,704.0,0.002840909090909091,0.0,0.9715909090909091,0.02556818181818182,0.19967342231923513,0.09983671115961756
craindre,lemma,1.0,36.0,0.0,0.0,37.0,0.02702702702702703,0.972972972972973,0.0,0.0,0.1792560669283215,0.08962803346416075
mètres,word,0.0,0.0,1.0,37.0,38.0,0.0,0.0,0.02631578947368421,0.9736842105263158,0.17556502585750278,0.08778251292875139
réclamer,lemma,37.0,1.0,0.0,0.0,38.0,0.9736842105263158,0.02631578947368421,0.0,0.0,0.17556502585750278,0.08778251292875139
mètre,lemma,0.0,0.0,1.0,38.0,39.0,0.0,0.0,0.02564102564102564,0.9743589743589743,0.17203694935311378,0.08601847467655689
inquiéter,lemma,0.0,56.0,0.0,1.0,57.0,0.0,0.9824561403508771,0.0,0.017543859649122806,0.12741851179235877,0.06370925589617939
mere,lemma,0.0,0.0,13.0,0.0,13.0,0.0,0.0,1.0,0.0,-0.0,-0.0
merde,word,0.0,0.0,16.0,0.0,16.0,0.0,0.0,1.0,0.0,-0.0,-0.0
mere,word,0.0,0.0,11.0,0.0,11.0,0.0,0.0,1.0,0.0,-0.0,-0.0
meurent,word,0.0,0.0,0.0,8.0,8.0,0.0,0.0,0.0,1.0,-0.0,-0.0
mille,lemma,0.0,0.0,3.0,0.0,3.0,0.0,0.0,1.0,0.0,-0.0,-0.0
mille,word,0.0,0.0,3.0,0.0,3.0,0.0,0.0,1.0,0.0,-0.0,-0.0
nul,lemma,0.0,0.0,0.0,6.0,6.0,0.0,0.0,0.0,1.0,-0.0,-0.0
merde,lemma,0.0,0.0,18.0,0.0,18.0,0.0,0.0,1.0,0.0,-0.0,-0.0
connues,word,0.0,0.0,0.0,4.0,4.0,0.0,0.0,0.0,1.0,-0.0,-0.0
paniqué,word,0.0,3.0,0.0,0.0,3.0,0.0,1.0,0.0,0.0,-0.0,-0.0
séparer,lemma,0.0,0.0,0.0,3.0,3.0,0.0,0.0,0.0,1.0,-0.0,-0.0
série,lemma,0.0,0.0,0.0,3.0,3.0,0.0,0.0,0.0,1.0,-0.0,-0.0
série,word,0.0,0.0,0.0,3.0,3.0,0.0,0.0,0.0,1.0,-0.0,-0.0
sévère,word,0.0,0.0,0.0,3.0,3.0,0.0,0.0,0.0,1.0,-0.0,-0.0
danse,word,0.0,0.0,0.0,7.0,7.0,0.0,0.0,0.0,1.0,-0.0,-0.0
danseur,lemma,0.0,0.0,0.0,5.0,5.0,0.0,0.0,0.0,1.0,-0.0,-0.0
maltraitance,lemma,0.0,0.0,0.0,3.0,3.0,0.0,0.0,0.0,1.0,-0.0,-0.0
malheureusement,word,0.0,6.0,0.0,0.0,6.0,0.0,1.0,0.0,0.0,-0.0,-0.0
sœurs,word,0.0,0.0,0.0,3.0,3.0,0.0,0.0,0.0,1.0,-0.0,-0.0
danseuse,lemma,0.0,0.0,0.0,7.0,7.0,0.0,0.0,0.0,1.0,-0.0,-0.0
cyclones,word,0.0,0.0,0.0,4.0,4.0,0.0,0.0,0.0,1.0,-0.0,-0.0
malheureusement,lemma,0.0,6.0,0.0,0.0,6.0,0.0,1.0,0.0,0.0,-0.0,-0.0
conduite,lemma,0.0,0.0,0.0,4.0,4.0,0.0,0.0,0.0,1.0,-0.0,-0.0
cul,word,0.0,0.0,3.0,0.0,3.0,0.0,0.0,1.0,0.0,-0.0,-0.0
nulle,word,0.0,0.0,0.0,4.0,4.0,0.0,0.0,0.0,1.0,-0.0,-0.0
conduite,word,0.0,0.0,0.0,4.0,4.0,0.0,0.0,0.0,1.0,-0.0,-0.0
connasse,lemma,0.0,0.0,3.0,0.0,3.0,0.0,0.0,1.0,0.0,-0.0,-0.0
danseuse,word,0.0,0.0,0.0,7.0,7.0,0.0,0.0,0.0,1.0,-0.0,-0.0
connaître,lemma,0.0,0.0,0.0,11.0,11.0,0.0,0.0,0.0,1.0,-0.0,-0.0
danseurs,word,0.0,0.0,0.0,4.0,4.0,0.0,0.0,0.0,1.0,-0.0,-0.0
onze,lemma,0.0,0.0,0.0,3.0,3.0,0.0,0.0,0.0,1.0,-0.0,-0.0
onze,word,0.0,0.0,0.0,3.0,3.0,0.0,0.0,0.0,1.0,-0.0,-0.0
oppose,word,3.0,0.0,0.0,0.0,3.0,1.0,0.0,0.0,0.0,-0.0,-0.0
opposent,word,4.0,0.0,0.0,0.0,4.0,1.0,0.0,0.0,0.0,-0.0,-0.0
menacée,word,0.0,3.0,0.0,0.0,3.0,0.0,1.0,0.0,0.0,-0.0,-0.0
croisière,lemma,0.0,0.0,0.0,4.0,4.0,0.0,0.0,0.0,1.0,-0.0,-0.0
considérablement,lemma,0.0,0.0,0.0,3.0,3.0,0.0,0.0,0.0,1.0,-0.0,-0.0
considérablement,word,0.0,0.0,0.0,3.0,3.0,0.0,0.0,0.0,1.0,-0.0,-0.0
meilleur,word,0.0,0.0,0.0,13.0,13.0,0.0,0.0,0.0,1.0,-0.0,-0.0
cul,lemma,0.0,0.0,3.0,0.0,3.0,0.0,0.0,1.0,0.0,-0.0,-0.0
maîtrise,lemma,0.0,0.0,0.0,3.0,3.0,0.0,0.0,0.0,1.0,-0.0,-0.0
matchs,word,0.0,0.0,0.0,3.0,3.0,0.0,0.0,0.0,1.0,-0.0,-0.0
contenir,lemma,0.0,0.0,0.0,3.0,3.0,0.0,0.0,0.0,1.0,-0.0,-0.0
marrante,lemma,0.0,3.0,0.0,0.0,3.0,0.0,1.0,0.0,0.0,-0.0,-0.0
critiqués,word,7.0,0.0,0.0,0.0,7.0,1.0,0.0,0.0,0.0,-0.0,-0.0
content,lemma,0.0,30.0,0.0,0.0,30.0,0.0,1.0,0.0,0.0,-0.0,-0.0
content,word,0.0,4.0,0.0,0.0,4.0,0.0,1.0,0.0,0.0,-0.0,-0.0
contente,word,0.0,10.0,0.0,0.0,10.0,0.0,1.0,0.0,0.0,-0.0,-0.0
contents,word,0.0,16.0,0.0,0.0,16.0,0.0,1.0,0.0,0.0,-0.0,-0.0
maîtrise,word,0.0,0.0,0.0,3.0,3.0,0.0,0.0,0.0,1.0,-0.0,-0.0
nus,word,0.0,0.0,0.0,4.0,4.0,0.0,0.0,0.0,1.0,-0.0,-0.0
négatif,lemma,0.0,0.0,0.0,5.0,5.0,0.0,0.0,0.0,1.0,-0.0,-0.0
négatives,word,0.0,0.0,0.0,4.0,4.0,0.0,0.0,0.0,1.0,-0.0,-0.0
obtenir,lemma,0.0,0.0,0.0,10.0,10.0,0.0,0.0,0.0,1.0,-0.0,-0.0
paniqué,lemma,0.0,3.0,0.0,0.0,3.0,0.0,1.0,0.0,0.0,-0.0,-0.0
sélection,word,0.0,0.0,0.0,3.0,3.0,0.0,0.0,0.0,1.0,-0.0,-0.0
osent,word,3.0,0.0,0.0,0.0,3.0,1.0,0.0,0.0,0.0,-0.0,-0.0
obtenu,word,0.0,0.0,0.0,5.0,5.0,0.0,0.0,0.0,1.0,-0.0,-0.0
osent,lemma,3.0,0.0,0.0,0.0,3.0,1.0,0.0,0.0,0.0,-0.0,-0.0
olympiques,word,0.0,0.0,0.0,14.0,14.0,0.0,0.0,0.0,1.0,-0.0,-0.0
occupent,word,0.0,0.0,0.0,3.0,3.0,0.0,0.0,0.0,1.0,-0.0,-0.0
offert,word,0.0,0.0,0.0,5.0,5.0,0.0,0.0,0.0,1.0,-0.0,-0.0
offrir,lemma,0.0,0.0,0.0,8.0,8.0,0.0,0.0,0.0,1.0,-0.0,-0.0
menacés,word,0.0,6.0,0.0,0.0,6.0,0.0,1.0,0.0,0.0,-0.0,-0.0
oh,lemma,0.0,0.0,18.0,0.0,18.0,0.0,0.0,1.0,0.0,-0.0,-0.0
oh,word,0.0,0.0,18.0,0.0,18.0,0.0,0.0,1.0,0.0,-0.0,-0.0
olympique,lemma,0.0,0.0,0.0,18.0,18.0,0.0,0.0,0.0,1.0,-0.0,-0.0
olympique,word,0.0,0.0,0.0,4.0,4.0,0.0,0.0,0.0,1.0,-0.0,-0.0
croisière,word,0.0,0.0,0.0,4.0,4.0,0.0,0.0,0.0,1.0,-0.0,-0.0
oscar,word,0.0,0.0,0.0,5.0,5.0,0.0,0.0,0.0,1.0,-0.0,-0.0
contester,lemma,8.0,0.0,0.0,0.0,8.0,1.0,0.0,0.0,0.0,-0.0,-0.0
discriminer,lemma,0.0,0.0,0.0,4.0,4.0,0.0,0.0,0.0,1.0,-0.0,-0.0
discriminations,word,0.0,0.0,0.0,3.0,3.0,0.0,0.0,0.0,1.0,-0.0,-0.0
succès,lemma,0.0,0.0,0.0,3.0,3.0,0.0,0.0,0.0,1.0,-0.0,-0.0
souriant,lemma,4.0,0.0,0.0,0.0,4.0,1.0,0.0,0.0,0.0,-0.0,-0.0
soupirer,lemma,7.0,0.0,0.0,0.0,7.0,1.0,0.0,0.0,0.0,-0.0,-0.0
succès,word,0.0,0.0,0.0,3.0,3.0,0.0,0.0,0.0,1.0,-0.0,-0.0
suicider,lemma,3.0,0.0,0.0,0.0,3.0,1.0,0.0,0.0,0.0,-0.0,-0.0
suicider,word,3.0,0.0,0.0,0.0,3.0,1.0,0.0,0.0,0.0,-0.0,-0.0
scène,word,0.0,0.0,0.0,4.0,4.0,0.0,0.0,0.0,1.0,-0.0,-0.0
craignaient,word,0.0,3.0,0.0,0.0,3.0,0.0,1.0,0.0,0.0,-0.0,-0.0
soupire,word,7.0,0.0,0.0,0.0,7.0,1.0,0.0,0.0,0.0,-0.0,-0.0
craindre,word,0.0,4.0,0.0,0.0,4.0,0.0,1.0,0.0,0.0,-0.0,-0.0
craint,word,0.0,8.0,0.0,0.0,8.0,0.0,1.0,0.0,0.0,-0.0,-0.0
crasseuse,lemma,0.0,0.0,7.0,0.0,7.0,0.0,0.0,1.0,0.0,-0.0,-0.0
crasseuse,word,0.0,0.0,7.0,0.0,7.0,0.0,0.0,1.0,0.0,-0.0,-0.0
cri,lemma,4.0,0.0,0.0,0.0,4.0,1.0,0.0,0.0,0.0,-0.0,-0.0
crient,word,3.0,0.0,0.0,0.0,3.0,1.0,0.0,0.0,0.0,-0.0,-0.0
cris,word,3.0,0.0,0.0,0.0,3.0,1.0,0.0,0.0,0.0,-0.0,-0.0
coûter,lemma,0.0,0.0,0.0,3.0,3.0,0.0,0.0,0.0,1.0,-0.0,-0.0
seulement,lemma,0.0,0.0,0.0,3.0,3.0,0.0,0.0,0.0,1.0,-0.0,-0.0
sportif,lemma,0.0,0.0,0.0,3.0,3.0,0.0,0.0,0.0,1.0,-0.0,-0.0
stage,lemma,0.0,0.0,0.0,4.0,4.0,0.0,0.0,0.0,1.0,-0.0,-0.0
stage,word,0.0,0.0,0.0,3.0,3.0,0.0,0.0,0.0,1.0,-0.0,-0.0
star,lemma,0.0,0.0,0.0,9.0,9.0,0.0,0.0,0.0,1.0,-0.0,-0.0
star,word,0.0,0.0,0.0,9.0,9.0,0.0,0.0,0.0,1.0,-0.0,-0.0
seulement,word,0.0,0.0,0.0,3.0,3.0,0.0,0.0,0.0,1.0,-0.0,-0.0
stop,lemma,0.0,0.0,7.0,0.0,7.0,0.0,0.0,1.0,0.0,-0.0,-0.0
souriant,word,4.0,0.0,0.0,0.0,4.0,1.0,0.0,0.0,0.0,-0.0,-0.0
stupéfait,lemma,0.0,4.0,0.0,0.0,4.0,0.0,1.0,0.0,0.0,-0.0,-0.0
stop,word,0.0,0.0,7.0,0.0,7.0,0.0,0.0,1.0,0.0,-0.0,-0.0
disparu,word,0.0,0.0,0.0,7.0,7.0,0.0,0.0,0.0,1.0,-0.0,-0.0
stressé,lemma,0.0,3.0,0.0,0.0,3.0,0.0,1.0,0.0,0.0,-0.0,-0.0
stressé,word,0.0,3.0,0.0,0.0,3.0,0.0,1.0,0.0,0.0,-0.0,-0.0
stupide,lemma,0.0,0.0,0.0,3.0,3.0,0.0,0.0,0.0,1.0,-0.0,-0.0
stupide,word,0.0,0.0,0.0,3.0,3.0,0.0,0.0,0.0,1.0,-0.0,-0.0
six,lemma,0.0,0.0,0.0,3.0,3.0,0.0,0.0,0.0,1.0,-0.0,-0.0
disparaître,lemma,0.0,0.0,0.0,9.0,9.0,0.0,0.0,0.0,1.0,-0.0,-0.0
discriminer,word,0.0,0.0,0.0,4.0,4.0,0.0,0.0,0.0,1.0,-0.0,-0.0
seras,word,0.0,0.0,0.0,3.0,3.0,0.0,0.0,0.0,1.0,-0.0,-0.0
six,word,0.0,0.0,0.0,3.0,3.0,0.0,0.0,0.0,1.0,-0.0,-0.0
sent,word,0.0,0.0,0.0,9.0,9.0,0.0,0.0,0.0,1.0,-0.0,-0.0
dangereuses,word,0.0,11.0,0.0,0.0,11.0,0.0,1.0,0.0,0.0,-0.0,-0.0
surprises,word,0.0,5.0,0.0,0.0,5.0,0.0,1.0,0.0,0.0,-0.0,-0.0
sympa,lemma,0.0,4.0,0.0,0.0,4.0,0.0,1.0,0.0,0.0,-0.0,-0.0
semaine,lemma,0.0,0.0,0.0,3.0,3.0,0.0,0.0,0.0,1.0,-0.0,-0.0
sympa,word,0.0,3.0,0.0,0.0,3.0,0.0,1.0,0.0,0.0,-0.0,-0.0
scènes,word,0.0,0.0,0.0,3.0,3.0,0.0,0.0,0.0,1.0,-0.0,-0.0
copine,lemma,0.0,0.0,0.0,4.0,4.0,0.0,0.0,0.0,1.0,-0.0,-0.0
souffrent,word,0.0,3.0,0.0,0.0,3.0,0.0,1.0,0.0,0.0,-0.0,-0.0
copines,word,0.0,0.0,0.0,3.0,3.0,0.0,0.0,0.0,1.0,-0.0,-0.0
corée,lemma,0.0,4.0,0.0,0.0,4.0,0.0,1.0,0.0,0.0,-0.0,-0.0
corée,word,0.0,4.0,0.0,0.0,4.0,0.0,1.0,0.0,0.0,-0.0,-0.0
couille,lemma,0.0,0.0,6.0,0.0,6.0,0.0,0.0,1.0,0.0,-0.0,-0.0
couilles,word,0.0,0.0,6.0,0.0,6.0,0.0,0.0,1.0,0.0,-0.0,-0.0
coupe,lemma,0.0,0.0,0.0,5.0,5.0,0.0,0.0,0.0,1.0,-0.0,-0.0
coupe,word,0.0,0.0,0.0,5.0,5.0,0.0,0.0,0.0,1.0,-0.0,-0.0
sélection,lemma,0.0,0.0,0.0,3.0,3.0,0.0,0.0,0.0,1.0,-0.0,-0.0
maltraitées,word,0.0,0.0,0.0,3.0,3.0,0.0,0.0,0.0,1.0,-0.0,-0.0
danse,lemma,0.0,0.0,0.0,7.0,7.0,0.0,0.0,0.0,1.0,-0.0,-0.0
soleil,word,0.0,0.0,0.0,4.0,4.0,0.0,0.0,0.0,1.0,-0.0,-0.0
soleil,lemma,0.0,0.0,0.0,4.0,4.0,0.0,0.0,0.0,1.0,-0.0,-0.0
discrimination,lemma,0.0,0.0,0.0,4.0,4.0,0.0,0.0,0.0,1.0,-0.0,-0.0
critiquent,word,10.0,0.0,0.0,0.0,10.0,1.0,0.0,0.0,0.0,-0.0,-0.0
critiquer,word,8.0,0.0,0.0,0.0,8.0,1.0,0.0,0.0,0.0,-0.0,-0.0
critiqué,lemma,8.0,0.0,0.0,0.0,8.0,1.0,0.0,0.0,0.0,-0.0,-0.0
soldats,word,0.0,0.0,0.0,4.0,4.0,0.0,0.0,0.0,1.0,-0.0,-0.0
critiquée,word,12.0,0.0,0.0,0.0,12.0,1.0,0.0,0.0,0.0,-0.0,-0.0
suivie,word,0.0,0.0,0.0,4.0,4.0,0.0,0.0,0.0,1.0,-0.0,-0.0
soigner,lemma,0.0,0.0,0.0,3.0,3.0,0.0,0.0,0.0,1.0,-0.0,-0.0
supporter,lemma,0.0,0.0,0.0,5.0,5.0,0.0,0.0,0.0,1.0,-0.0,-0.0
surprenant,lemma,0.0,9.0,0.0,0.0,9.0,0.0,1.0,0.0,0.0,-0.0,-0.0
surprenant,word,0.0,4.0,0.0,0.0,4.0,0.0,1.0,0.0,0.0,-0.0,-0.0
surprenante,word,0.0,4.0,0.0,0.0,4.0,0.0,1.0,0.0,0.0,-0.0,-0.0
soldat,lemma,0.0,0.0,0.0,4.0,4.0,0.0,0.0,0.0,1.0,-0.0,-0.0
devenues,word,0.0,0.0,0.0,3.0,3.0,0.0,0.0,0.0,1.0,-0.0,-0.0
surprendre,lemma,0.0,15.0,0.0,0.0,15.0,0.0,1.0,0.0,0.0,-0.0,-0.0
surprendre,word,0.0,3.0,0.0,0.0,3.0,0.0,1.0,0.0,0.0,-0.0,-0.0
surpris,word,0.0,11.0,0.0,0.0,11.0,0.0,1.0,0.0,0.0,-0.0,-0.0
suivre,lemma,0.0,0.0,0.0,5.0,5.0,0.0,0.0,0.0,1.0,-0.0,-0.0
bloquent,word,4.0,0.0,0.0,0.0,4.0,1.0,0.0,0.0,0.0,-0.0,-0.0
bloquer,lemma,15.0,0.0,0.0,0.0,15.0,1.0,0.0,0.0,0.0,-0.0,-0.0
bloquer,word,5.0,0.0,0.0,0.0,5.0,1.0,0.0,0.0,0.0,-0.0,-0.0
bloqué,word,5.0,0.0,0.0,0.0,5.0,1.0,0.0,0.0,0.0,-0.0,-0.0
bombardement,lemma,0.0,0.0,0.0,5.0,5.0,0.0,0.0,0.0,1.0,-0.0,-0.0
bombardements,word,0.0,0.0,0.0,5.0,5.0,0.0,0.0,0.0,1.0,-0.0,-0.0
bombe,word,0.0,0.0,0.0,5.0,5.0,0.0,0.0,0.0,1.0,-0.0,-0.0
violent,word,0.0,0.0,0.0,9.0,9.0,0.0,0.0,0.0,1.0,-0.0,-0.0
visibilité,lemma,0.0,0.0,0.0,3.0,3.0,0.0,0.0,0.0,1.0,-0.0,-0.0
visibilité,word,0.0,0.0,0.0,3.0,3.0,0.0,0.0,0.0,1.0,-0.0,-0.0
vive,word,0.0,0.0,0.0,4.0,4.0,0.0,0.0,0.0,1.0,-0.0,-0.0
vivent,word,0.0,0.0,0.0,8.0,8.0,0.0,0.0,0.0,1.0,-0.0,-0.0
baissant,word,3.0,0.0,0.0,0.0,3.0,1.0,0.0,0.0,0.0,-0.0,-0.0
marrantes,word,0.0,3.0,0.0,0.0,3.0,0.0,1.0,0.0,0.0,-0.0,-0.0
ballet,word,0.0,0.0,0.0,3.0,3.0,0.0,0.0,0.0,1.0,-0.0,-0.0
bangladesh,lemma,6.0,0.0,0.0,0.0,6.0,1.0,0.0,0.0,0.0,-0.0,-0.0
bangladesh,word,6.0,0.0,0.0,0.0,6.0,1.0,0.0,0.0,0.0,-0.0,-0.0
bateaux,word,3.0,0.0,0.0,0.0,3.0,1.0,0.0,0.0,0.0,-0.0,-0.0
battu,word,0.0,0.0,0.0,6.0,6.0,0.0,0.0,0.0,1.0,-0.0,-0.0
auxquelles,word,0.0,0.0,0.0,4.0,4.0,0.0,0.0,0.0,1.0,-0.0,-0.0
avouait,lemma,0.0,0.0,0.0,3.0,3.0,0.0,0.0,0.0,1.0,-0.0,-0.0
avouait,word,0.0,0.0,0.0,3.0,3.0,0.0,0.0,0.0,1.0,-0.0,-0.0
aïe,word,0.0,0.0,3.0,0.0,3.0,0.0,0.0,1.0,0.0,-0.0,-0.0
baise,lemma,0.0,0.0,4.0,0.0,4.0,0.0,0.0,1.0,0.0,-0.0,-0.0
baise,word,0.0,0.0,4.0,0.0,4.0,0.0,0.0,1.0,0.0,-0.0,-0.0
baissant,lemma,3.0,0.0,0.0,0.0,3.0,1.0,0.0,0.0,0.0,-0.0,-0.0
arthur,lemma,0.0,0.0,0.0,4.0,4.0,0.0,0.0,0.0,1.0,-0.0,-0.0
ballet,lemma,0.0,0.0,0.0,3.0,3.0,0.0,0.0,0.0,1.0,-0.0,-0.0
nobel,lemma,0.0,0.0,0.0,6.0,6.0,0.0,0.0,0.0,1.0,-0.0,-0.0
nobel,word,0.0,0.0,0.0,6.0,6.0,0.0,0.0,0.0,1.0,-0.0,-0.0
millimètre,lemma,0.0,0.0,0.0,3.0,3.0,0.0,0.0,0.0,1.0,-0.0,-0.0
millimètre,word,0.0,0.0,0.0,3.0,3.0,0.0,0.0,0.0,1.0,-0.0,-0.0
million,word,0.0,0.0,0.0,5.0,5.0,0.0,0.0,0.0,1.0,-0.0,-0.0
minable,lemma,0.0,4.0,0.0,0.0,4.0,0.0,1.0,0.0,0.0,-0.0,-0.0
minable,word,0.0,4.0,0.0,0.0,4.0,0.0,1.0,0.0,0.0,-0.0,-0.0
mise,lemma,4.0,0.0,0.0,0.0,4.0,1.0,0.0,0.0,0.0,-0.0,-0.0
mise,word,4.0,0.0,0.0,0.0,4.0,1.0,0.0,0.0,0.0,-0.0,-0.0
mobilisent,lemma,3.0,0.0,0.0,0.0,3.0,1.0,0.0,0.0,0.0,-0.0,-0.0
mobilisent,word,3.0,0.0,0.0,0.0,3.0,1.0,0.0,0.0,0.0,-0.0,-0.0
moitié,lemma,0.0,0.0,0.0,10.0,10.0,0.0,0.0,0.0,1.0,-0.0,-0.0
moitié,word,0.0,0.0,0.0,10.0,10.0,0.0,0.0,0.0,1.0,-0.0,-0.0
bloquant,word,4.0,0.0,0.0,0.0,4.0,1.0,0.0,0.0,0.0,-0.0,-0.0
mondial,lemma,0.0,0.0,0.0,6.0,6.0,0.0,0.0,0.0,1.0,-0.0,-0.0
mondiale,word,0.0,0.0,0.0,4.0,4.0,0.0,0.0,0.0,1.0,-0.0,-0.0
nord,lemma,0.0,3.0,0.0,0.0,3.0,0.0,1.0,0.0,0.0,-0.0,-0.0
nord,word,0.0,3.0,0.0,0.0,3.0,0.0,1.0,0.0,0.0,-0.0,-0.0
normal,lemma,0.0,0.0,0.0,9.0,9.0,0.0,0.0,0.0,1.0,-0.0,-0.0
normal,word,0.0,0.0,0.0,9.0,9.0,0.0,0.0,0.0,1.0,-0.0,-0.0
nourriture,lemma,0.0,0.0,0.0,6.0,6.0,0.0,0.0,0.0,1.0,-0.0,-0.0
nourriture,word,0.0,0.0,0.0,6.0,6.0,0.0,0.0,0.0,1.0,-0.0,-0.0
nu,lemma,0.0,0.0,0.0,6.0,6.0,0.0,0.0,0.0,1.0,-0.0,-0.0
nuage,lemma,0.0,0.0,0.0,4.0,4.0,0.0,0.0,0.0,1.0,-0.0,-0.0
nuage,word,0.0,0.0,0.0,4.0,4.0,0.0,0.0,0.0,1.0,-0.0,-0.0
menaçant,lemma,0.0,5.0,0.0,0.0,5.0,0.0,1.0,0.0,0.0,-0.0,-0.0
menaçante,word,0.0,4.0,0.0,0.0,4.0,0.0,1.0,0.0,0.0,-0.0,-0.0
bloquant,lemma,4.0,0.0,0.0,0.0,4.0,1.0,0.0,0.0,0.0,-0.0,-0.0
moments,word,0.0,0.0,0.0,5.0,5.0,0.0,0.0,0.0,1.0,-0.0,-0.0
assister,lemma,0.0,0.0,0.0,4.0,4.0,0.0,0.0,0.0,1.0,-0.0,-0.0
attendait,word,0.0,0.0,0.0,3.0,3.0,0.0,0.0,0.0,1.0,-0.0,-0.0
appartement,lemma,0.0,0.0,0.0,5.0,5.0,0.0,0.0,0.0,1.0,-0.0,-0.0
applaudi,word,5.0,0.0,0.0,0.0,5.0,1.0,0.0,0.0,0.0,-0.0,-0.0
applaudir,lemma,5.0,0.0,0.0,0.0,5.0,1.0,0.0,0.0,0.0,-0.0,-0.0
accusant,word,4.0,0.0,0.0,0.0,4.0,1.0,0.0,0.0,0.0,-0.0,-0.0
mécontentements,word,0.0,3.0,0.0,0.0,3.0,0.0,1.0,0.0,0.0,-0.0,-0.0
mécontents,word,0.0,8.0,0.0,0.0,8.0,0.0,1.0,0.0,0.0,-0.0,-0.0
médaille,lemma,0.0,0.0,0.0,39.0,39.0,0.0,0.0,0.0,1.0,-0.0,-0.0
médaille,word,0.0,0.0,0.0,11.0,11.0,0.0,0.0,0.0,1.0,-0.0,-0.0
médailles,word,0.0,0.0,0.0,28.0,28.0,0.0,0.0,0.0,1.0,-0.0,-0.0
méfiance,lemma,0.0,5.0,0.0,0.0,5.0,0.0,1.0,0.0,0.0,-0.0,-0.0
méfiance,word,0.0,5.0,0.0,0.0,5.0,0.0,1.0,0.0,0.0,-0.0,-0.0
mystérieux,lemma,0.0,0.0,0.0,4.0,4.0,0.0,0.0,0.0,1.0,-0.0,-0.0
méfier,word,3.0,0.0,0.0,0.0,3.0,1.0,0.0,0.0,0.0,-0.0,-0.0
mérite,word,0.0,0.0,0.0,3.0,3.0,0.0,0.0,0.0,1.0,-0.0,-0.0
mésaventure,lemma,0.0,0.0,0.0,3.0,3.0,0.0,0.0,0.0,1.0,-0.0,-0.0
mésaventure,word,0.0,0.0,0.0,3.0,3.0,0.0,0.0,0.0,1.0,-0.0,-0.0
mortes,word,0.0,0.0,0.0,4.0,4.0,0.0,0.0,0.0,1.0,-0.0,-0.0
murmure,lemma,3.0,0.0,0.0,0.0,3.0,1.0,0.0,0.0,0.0,-0.0,-0.0
murmure,word,3.0,0.0,0.0,0.0,3.0,1.0,0.0,0.0,0.0,-0.0,-0.0
n'était,word,0.0,0.0,0.0,4.0,4.0,0.0,0.0,0.0,1.0,-0.0,-0.0
nationale,word,0.0,0.0,0.0,3.0,3.0,0.0,0.0,0.0,1.0,-0.0,-0.0
naturel,lemma,0.0,0.0,0.0,3.0,3.0,0.0,0.0,0.0,1.0,-0.0,-0.0
naturelles,word,0.0,0.0,0.0,3.0,3.0,0.0,0.0,0.0,1.0,-0.0,-0.0
nicolás,lemma,3.0,0.0,0.0,0.0,3.0,1.0,0.0,0.0,0.0,-0.0,-0.0
nicolás,word,3.0,0.0,0.0,0.0,3.0,1.0,0.0,0.0,0.0,-0.0,-0.0
méfier,lemma,3.0,0.0,0.0,0.0,3.0,1.0,0.0,0.0,0.0,-0.0,-0.0
mystérieux,word,0.0,0.0,0.0,3.0,3.0,0.0,0.0,0.0,1.0,-0.0,-0.0
mécontent,lemma,0.0,9.0,0.0,0.0,9.0,0.0,1.0,0.0,0.0,-0.0,-0.0
mécontentement,lemma,0.0,17.0,0.0,0.0,17.0,0.0,1.0,0.0,0.0,-0.0,-0.0
mécontentement,word,0.0,14.0,0.0,0.0,14.0,0.0,1.0,0.0,0.0,-0.0,-0.0
agressé,lemma,0.0,0.0,0.0,4.0,4.0,0.0,0.0,0.0,1.0,-0.0,-0.0
agressés,word,0.0,0.0,0.0,4.0,4.0,0.0,0.0,0.0,1.0,-0.0,-0.0
ah,lemma,0.0,0.0,5.0,0.0,5.0,0.0,0.0,1.0,0.0,-0.0,-0.0
ah,word,0.0,0.0,5.0,0.0,5.0,0.0,0.0,1.0,0.0,-0.0,-0.0
aide,lemma,0.0,0.0,0.0,3.0,3.0,0.0,0.0,0.0,1.0,-0.0,-0.0
ailey,lemma,0.0,0.0,0.0,8.0,8.0,0.0,0.0,0.0,1.0,-0.0,-0.0
ailey,word,0.0,0.0,0.0,8.0,8.0,0.0,0.0,0.0,1.0,-0.0,-0.0
aimerais,word,0.0,0.0,4.0,0.0,4.0,0.0,0.0,1.0,0.0,-0.0,-0.0
alarmant,lemma,0.0,3.0,0.0,0.0,3.0,0.0,1.0,0.0,0.0,-0.0,-0.0
arthur,word,0.0,0.0,0.0,4.0,4.0,0.0,0.0,0.0,1.0,-0.0,-0.0
alvin,lemma,0.0,0.0,0.0,8.0,8.0,0.0,0.0,0.0,1.0,-0.0,-0.0
alvin,word,0.0,0.0,0.0,8.0,8.0,0.0,0.0,0.0,1.0,-0.0,-0.0
admirer,word,0.0,3.0,0.0,0.0,3.0,0.0,1.0,0.0,0.0,-0.0,-0.0
adolescent,lemma,0.0,0.0,0.0,3.0,3.0,0.0,0.0,0.0,1.0,-0.0,-0.0
affrontement,lemma,4.0,0.0,0.0,0.0,4.0,1.0,0.0,0.0,0.0,-0.0,-0.0
affrontements,word,4.0,0.0,0.0,0.0,4.0,1.0,0.0,0.0,0.0,-0.0,-0.0
affrontent,word,3.0,0.0,0.0,0.0,3.0,1.0,0.0,0.0,0.0,-0.0,-0.0
affrontés,word,3.0,0.0,0.0,0.0,3.0,1.0,0.0,0.0,0.0,-0.0,-0.0
agité,lemma,3.0,0.0,0.0,0.0,3.0,1.0,0.0,0.0,0.0,-0.0,-0.0
agités,word,3.0,0.0,0.0,0.0,3.0,1.0,0.0,0.0,0.0,-0.0,-0.0
électricité,lemma,0.0,0.0,0.0,5.0,5.0,0.0,0.0,0.0,1.0,-0.0,-0.0
électricité,word,0.0,0.0,0.0,5.0,5.0,0.0,0.0,0.0,1.0,-0.0,-0.0
acclamer,lemma,4.0,0.0,0.0,0.0,4.0,1.0,0.0,0.0,0.0,-0.0,-0.0
accuse,word,19.0,0.0,0.0,0.0,19.0,1.0,0.0,0.0,0.0,-0.0,-0.0
allait,word,0.0,0.0,0.0,5.0,5.0,0.0,0.0,0.0,1.0,-0.0,-0.0
chrétiens,word,0.0,0.0,0.0,3.0,3.0,0.0,0.0,0.0,1.0,-0.0,-0.0
châtelet,lemma,0.0,0.0,0.0,4.0,4.0,0.0,0.0,0.0,1.0,-0.0,-0.0
châtelet,word,0.0,0.0,0.0,4.0,4.0,0.0,0.0,0.0,1.0,-0.0,-0.0
cible,lemma,0.0,0.0,0.0,4.0,4.0,0.0,0.0,0.0,1.0,-0.0,-0.0
cible,word,0.0,0.0,0.0,4.0,4.0,0.0,0.0,0.0,1.0,-0.0,-0.0
cinq,lemma,0.0,0.0,0.0,5.0,5.0,0.0,0.0,0.0,1.0,-0.0,-0.0
cinq,word,0.0,0.0,0.0,5.0,5.0,0.0,0.0,0.0,1.0,-0.0,-0.0
cinéma,word,0.0,0.0,0.0,3.0,3.0,0.0,0.0,0.0,1.0,-0.0,-0.0
titre,lemma,0.0,0.0,0.0,7.0,7.0,0.0,0.0,0.0,1.0,-0.0,-0.0
titre,word,0.0,0.0,0.0,3.0,3.0,0.0,0.0,0.0,1.0,-0.0,-0.0
titres,word,0.0,0.0,0.0,4.0,4.0,0.0,0.0,0.0,1.0,-0.0,-0.0
toit,lemma,0.0,0.0,0.0,4.0,4.0,0.0,0.0,0.0,1.0,-0.0,-0.0
toit,word,0.0,0.0,0.0,4.0,4.0,0.0,0.0,0.0,1.0,-0.0,-0.0
vexé,word,0.0,4.0,0.0,0.0,4.0,0.0,1.0,0.0,0.0,-0.0,-0.0
torturer,lemma,0.0,0.0,0.0,3.0,3.0,0.0,0.0,0.0,1.0,-0.0,-0.0
torturés,word,0.0,0.0,0.0,3.0,3.0,0.0,0.0,0.0,1.0,-0.0,-0.0
char,lemma,0.0,0.0,0.0,5.0,5.0,0.0,0.0,0.0,1.0,-0.0,-0.0
char,word,0.0,0.0,0.0,4.0,4.0,0.0,0.0,0.0,1.0,-0.0,-0.0
chasse,lemma,0.0,0.0,0.0,3.0,3.0,0.0,0.0,0.0,1.0,-0.0,-0.0
chasse,word,0.0,0.0,0.0,3.0,3.0,0.0,0.0,0.0,1.0,-0.0,-0.0
chassés,word,0.0,0.0,0.0,5.0,5.0,0.0,0.0,0.0,1.0,-0.0,-0.0
chienne,lemma,0.0,0.0,3.0,0.0,3.0,0.0,0.0,1.0,0.0,-0.0,-0.0
chienne,word,0.0,0.0,3.0,0.0,3.0,0.0,0.0,1.0,0.0,-0.0,-0.0
chier,lemma,0.0,0.0,3.0,0.0,3.0,0.0,0.0,1.0,0.0,-0.0,-0.0
chier,word,0.0,0.0,3.0,0.0,3.0,0.0,0.0,1.0,0.0,-0.0,-0.0
choc,lemma,0.0,4.0,0.0,0.0,4.0,0.0,1.0,0.0,0.0,-0.0,-0.0
choc,word,0.0,4.0,0.0,0.0,4.0,0.0,1.0,0.0,0.0,-0.0,-0.0
tomber,word,0.0,0.0,0.0,5.0,5.0,0.0,0.0,0.0,1.0,-0.0,-0.0
club,lemma,0.0,0.0,0.0,3.0,3.0,0.0,0.0,0.0,1.0,-0.0,-0.0
club,word,0.0,0.0,0.0,3.0,3.0,0.0,0.0,0.0,1.0,-0.0,-0.0
cochon,lemma,0.0,0.0,0.0,4.0,4.0,0.0,0.0,0.0,1.0,-0.0,-0.0
cochons,word,0.0,0.0,0.0,4.0,4.0,0.0,0.0,0.0,1.0,-0.0,-0.0
commettre,word,3.0,0.0,0.0,0.0,3.0,1.0,0.0,0.0,0.0,-0.0,-0.0
composer,lemma,0.0,0.0,0.0,4.0,4.0,0.0,0.0,0.0,1.0,-0.0,-0.0
composé,word,0.0,0.0,0.0,3.0,3.0,0.0,0.0,0.0,1.0,-0.0,-0.0
compétition,lemma,0.0,0.0,0.0,6.0,6.0,0.0,0.0,0.0,1.0,-0.0,-0.0
compétition,word,0.0,0.0,0.0,6.0,6.0,0.0,0.0,0.0,1.0,-0.0,-0.0
con,lemma,0.0,0.0,7.0,0.0,7.0,0.0,0.0,1.0,0.0,-0.0,-0.0
con,word,0.0,0.0,7.0,0.0,7.0,0.0,0.0,1.0,0.0,-0.0,-0.0
tempête,lemma,0.0,0.0,0.0,5.0,5.0,0.0,0.0,0.0,1.0,-0.0,-0.0
tempête,word,0.0,0.0,0.0,3.0,3.0,0.0,0.0,0.0,1.0,-0.0,-0.0
chrétien,lemma,0.0,0.0,0.0,3.0,3.0,0.0,0.0,0.0,1.0,-0.0,-0.0
tenté,word,3.0,0.0,0.0,0.0,3.0,1.0,0.0,0.0,0.0,-0.0,-0.0
terrain,lemma,0.0,0.0,0.0,4.0,4.0,0.0,0.0,0.0,1.0,-0.0,-0.0
terrain,word,0.0,0.0,0.0,4.0,4.0,0.0,0.0,0.0,1.0,-0.0,-0.0
terre,word,0.0,0.0,0.0,7.0,7.0,0.0,0.0,0.0,1.0,-0.0,-0.0
terrorisme,lemma,0.0,0.0,0.0,3.0,3.0,0.0,0.0,0.0,1.0,-0.0,-0.0
terrorisme,word,0.0,0.0,0.0,3.0,3.0,0.0,0.0,0.0,1.0,-0.0,-0.0
terroriste,word,0.0,3.0,0.0,0.0,3.0,0.0,1.0,0.0,0.0,-0.0,-0.0
tg,lemma,0.0,0.0,22.0,0.0,22.0,0.0,0.0,1.0,0.0,-0.0,-0.0
tg,word,0.0,0.0,22.0,0.0,22.0,0.0,0.0,1.0,0.0,-0.0,-0.0
choisissent,word,0.0,0.0,0.0,3.0,3.0,0.0,0.0,0.0,1.0,-0.0,-0.0
choquante,lemma,0.0,16.0,0.0,0.0,16.0,0.0,1.0,0.0,0.0,-0.0,-0.0
choquantes,word,0.0,14.0,0.0,0.0,14.0,0.0,1.0,0.0,0.0,-0.0,-0.0
choquée,word,0.0,3.0,0.0,0.0,3.0,0.0,1.0,0.0,0.0,-0.0,-0.0
choqués,word,0.0,5.0,0.0,0.0,5.0,0.0,1.0,0.0,0.0,-0.0,-0.0
tendue,word,0.0,4.0,0.0,0.0,4.0,0.0,1.0,0.0,0.0,-0.0,-0.0
bée,word,3.0,0.0,0.0,0.0,3.0,1.0,0.0,0.0,0.0,-0.0,-0.0
bête,lemma,0.0,0.0,0.0,3.0,3.0,0.0,0.0,0.0,1.0,-0.0,-0.0
cadeau,word,0.0,0.0,0.0,5.0,5.0,0.0,0.0,0.0,1.0,-0.0,-0.0
carrément,lemma,0.0,0.0,4.0,0.0,4.0,0.0,0.0,1.0,0.0,-0.0,-0.0
trésor,lemma,0.0,0.0,0.0,4.0,4.0,0.0,0.0,0.0,1.0,-0.0,-0.0
trésor,word,0.0,0.0,0.0,4.0,4.0,0.0,0.0,0.0,1.0,-0.0,-0.0
tués,word,0.0,0.0,0.0,10.0,10.0,0.0,0.0,0.0,1.0,-0.0,-0.0
unique,lemma,0.0,0.0,0.0,8.0,8.0,0.0,0.0,0.0,1.0,-0.0,-0.0
unique,word,0.0,0.0,0.0,8.0,8.0,0.0,0.0,0.0,1.0,-0.0,-0.0
bons,word,0.0,0.0,0.0,3.0,3.0,0.0,0.0,0.0,1.0,-0.0,-0.0
bouder,lemma,4.0,0.0,0.0,0.0,4.0,1.0,0.0,0.0,0.0,-0.0,-0.0
bouteflika,lemma,4.0,0.0,0.0,0.0,4.0,1.0,0.0,0.0,0.0,-0.0,-0.0
bouteflika,word,4.0,0.0,0.0,0.0,4.0,1.0,0.0,0.0,0.0,-0.0,-0.0
choisissent,lemma,0.0,0.0,0.0,3.0,3.0,0.0,0.0,0.0,1.0,-0.0,-0.0
braconnage,word,0.0,0.0,0.0,3.0,3.0,0.0,0.0,0.0,1.0,-0.0,-0.0
bronze,lemma,0.0,0.0,0.0,4.0,4.0,0.0,0.0,0.0,1.0,-0.0,-0.0
bronze,word,0.0,0.0,0.0,4.0,4.0,0.0,0.0,0.0,1.0,-0.0,-0.0
bruit,lemma,0.0,0.0,0.0,3.0,3.0,0.0,0.0,0.0,1.0,-0.0,-0.0
bruit,word,0.0,0.0,0.0,3.0,3.0,0.0,0.0,0.0,1.0,-0.0,-0.0
brésil,lemma,0.0,0.0,0.0,3.0,3.0,0.0,0.0,0.0,1.0,-0.0,-0.0
brésil,word,0.0,0.0,0.0,3.0,3.0,0.0,0.0,0.0,1.0,-0.0,-0.0
vache,word,0.0,0.0,0.0,4.0,4.0,0.0,0.0,0.0,1.0,-0.0,-0.0
venait,word,0.0,0.0,0.0,3.0,3.0,0.0,0.0,0.0,1.0,-0.0,-0.0
venger,lemma,7.0,0.0,0.0,0.0,7.0,1.0,0.0,0.0,0.0,-0.0,-0.0
venger,word,7.0,0.0,0.0,0.0,7.0,1.0,0.0,0.0,0.0,-0.0,-0.0
vexe,lemma,0.0,4.0,0.0,0.0,4.0,0.0,1.0,0.0,0.0,-0.0,-0.0
vexe,word,0.0,4.0,0.0,0.0,4.0,0.0,1.0,0.0,0.0,-0.0,-0.0
braconnage,lemma,0.0,0.0,0.0,3.0,3.0,0.0,0.0,0.0,1.0,-0.0,-0.0
tribunal,lemma,0.0,0.0,0.0,3.0,3.0,0.0,0.0,0.0,1.0,-0.0,-0.0
tribunal,word,0.0,0.0,0.0,3.0,3.0,0.0,0.0,0.0,1.0,-0.0,-0.0
tristes,word,0.0,8.0,0.0,0.0,8.0,0.0,1.0,0.0,0.0,-0.0,-0.0
tristesse,lemma,0.0,10.0,0.0,0.0,10.0,0.0,1.0,0.0,0.0,-0.0,-0.0
tristesse,word,0.0,10.0,0.0,0.0,10.0,0.0,1.0,0.0,0.0,-0.0,-0.0
trois,lemma,0.0,0.0,0.0,14.0,14.0,0.0,0.0,0.0,1.0,-0.0,-0.0
trois,word,0.0,0.0,0.0,14.0,14.0,0.0,0.0,0.0,1.0,-0.0,-0.0
trophée,lemma,0.0,0.0,0.0,4.0,4.0,0.0,0.0,0.0,1.0,-0.0,-0.0
troupe,lemma,0.0,0.0,0.0,9.0,9.0,0.0,0.0,0.0,1.0,-0.0,-0.0
troupe,word,0.0,0.0,0.0,9.0,9.0,0.0,0.0,0.0,1.0,-0.0,-0.0
carrément,word,0.0,0.0,4.0,0.0,4.0,0.0,0.0,1.0,0.0,-0.0,-0.0
catastrophe,lemma,0.0,0.0,0.0,10.0,10.0,0.0,0.0,0.0,1.0,-0.0,-0.0
catastrophe,word,0.0,0.0,0.0,6.0,6.0,0.0,0.0,0.0,1.0,-0.0,-0.0
bée,lemma,3.0,0.0,0.0,0.0,3.0,1.0,0.0,0.0,0.0,-0.0,-0.0
catégorie,lemma,0.0,0.0,0.0,3.0,3.0,0.0,0.0,0.0,1.0,-0.0,-0.0
catégorie,word,0.0,0.0,0.0,3.0,3.0,0.0,0.0,0.0,1.0,-0.0,-0.0
catégoriquement,lemma,3.0,0.0,0.0,0.0,3.0,1.0,0.0,0.0,0.0,-0.0,-0.0
catégoriquement,word,3.0,0.0,0.0,0.0,3.0,1.0,0.0,0.0,0.0,-0.0,-0.0
champ,lemma,0.0,0.0,0.0,7.0,7.0,0.0,0.0,0.0,1.0,-0.0,-0.0
champion,lemma,0.0,0.0,0.0,14.0,14.0,0.0,0.0,0.0,1.0,-0.0,-0.0
champion,word,0.0,0.0,0.0,6.0,6.0,0.0,0.0,0.0,1.0,-0.0,-0.0
championne,lemma,0.0,0.0,0.0,9.0,9.0,0.0,0.0,0.0,1.0,-0.0,-0.0
championne,word,0.0,0.0,0.0,9.0,9.0,0.0,0.0,0.0,1.0,-0.0,-0.0
championnes,word,0.0,0.0,0.0,6.0,6.0,0.0,0.0,0.0,1.0,-0.0,-0.0
champs,word,0.0,0.0,0.0,7.0,7.0,0.0,0.0,0.0,1.0,-0.0,-0.0
buteur,lemma,0.0,0.0,0.0,6.0,6.0,0.0,0.0,0.0,1.0,-0.0,-0.0
buteur,word,0.0,0.0,0.0,6.0,6.0,0.0,0.0,0.0,1.0,-0.0,-0.0
bébé,lemma,0.0,0.0,3.0,0.0,3.0,0.0,0.0,1.0,0.0,-0.0,-0.0
catastrophes,word,0.0,0.0,0.0,4.0,4.0,0.0,0.0,0.0,1.0,-0.0,-0.0
harcelé,lemma,0.0,0.0,0.0,5.0,5.0,0.0,0.0,0.0,1.0,-0.0,-0.0
poursuivre,lemma,3.0,0.0,0.0,0.0,3.0,1.0,0.0,0.0,0.0,-0.0,-0.0
poutine,lemma,6.0,0.0,0.0,0.0,6.0,1.0,0.0,0.0,0.0,-0.0,-0.0
poutine,word,6.0,0.0,0.0,0.0,6.0,1.0,0.0,0.0,0.0,-0.0,-0.0
pouvait,word,0.0,0.0,0.0,3.0,3.0,0.0,0.0,0.0,1.0,-0.0,-0.0
prestigieux,lemma,0.0,4.0,0.0,0.0,4.0,0.0,1.0,0.0,0.0,-0.0,-0.0
prestigieux,word,0.0,3.0,0.0,0.0,3.0,0.0,1.0,0.0,0.0,-0.0,-0.0
gouine,lemma,0.0,0.0,6.0,0.0,6.0,0.0,0.0,1.0,0.0,-0.0,-0.0
gouine,word,0.0,0.0,6.0,0.0,6.0,0.0,0.0,1.0,0.0,-0.0,-0.0
graisse,lemma,0.0,0.0,3.0,0.0,3.0,0.0,0.0,1.0,0.0,-0.0,-0.0
graisse,word,0.0,0.0,3.0,0.0,3.0,0.0,0.0,1.0,0.0,-0.0,-0.0
grand-mère,word,0.0,0.0,0.0,5.0,5.0,0.0,0.0,0.0,1.0,-0.0,-0.0
grand-père,word,0.0,0.0,0.0,3.0,3.0,0.0,0.0,0.0,1.0,-0.0,-0.0
nique,lemma,0.0,0.0,5.0,0.0,5.0,0.0,0.0,1.0,0.0,-0.0,-0.0
grogné,word,4.0,0.0,0.0,0.0,4.0,1.0,0.0,0.0,0.0,-0.0,-0.0
grommèle,lemma,3.0,0.0,0.0,0.0,3.0,1.0,0.0,0.0,0.0,-0.0,-0.0
grommèle,word,3.0,0.0,0.0,0.0,3.0,1.0,0.0,0.0,0.0,-0.0,-0.0
procès,lemma,0.0,0.0,0.0,4.0,4.0,0.0,0.0,0.0,1.0,-0.0,-0.0
procès,word,0.0,0.0,0.0,4.0,4.0,0.0,0.0,0.0,1.0,-0.0,-0.0
prof,lemma,0.0,0.0,0.0,4.0,4.0,0.0,0.0,0.0,1.0,-0.0,-0.0
professeur,lemma,0.0,0.0,0.0,3.0,3.0,0.0,0.0,0.0,1.0,-0.0,-0.0
profondément,lemma,0.0,0.0,0.0,3.0,3.0,0.0,0.0,0.0,1.0,-0.0,-0.0
profondément,word,0.0,0.0,0.0,3.0,3.0,0.0,0.0,0.0,1.0,-0.0,-0.0
profs,word,0.0,0.0,0.0,3.0,3.0,0.0,0.0,0.0,1.0,-0.0,-0.0
proie,lemma,0.0,0.0,0.0,4.0,4.0,0.0,0.0,0.0,1.0,-0.0,-0.0
proie,word,0.0,0.0,0.0,4.0,4.0,0.0,0.0,0.0,1.0,-0.0,-0.0
propos,lemma,0.0,0.0,0.0,3.0,3.0,0.0,0.0,0.0,1.0,-0.0,-0.0
grogné,lemma,4.0,0.0,0.0,0.0,4.0,1.0,0.0,0.0,0.0,-0.0,-0.0
pleuré,word,11.0,0.0,0.0,0.0,11.0,1.0,0.0,0.0,0.0,-0.0,-0.0
homophobie,word,0.0,0.0,0.0,4.0,4.0,0.0,0.0,0.0,1.0,-0.0,-0.0
huit,lemma,0.0,0.0,0.0,12.0,12.0,0.0,0.0,0.0,1.0,-0.0,-0.0
huit,word,0.0,0.0,0.0,12.0,12.0,0.0,0.0,0.0,1.0,-0.0,-0.0
héroïque,lemma,0.0,0.0,0.0,3.0,3.0,0.0,0.0,0.0,1.0,-0.0,-0.0
icône,lemma,0.0,0.0,0.0,3.0,3.0,0.0,0.0,0.0,1.0,-0.0,-0.0
icône,word,0.0,0.0,0.0,3.0,3.0,0.0,0.0,0.0,1.0,-0.0,-0.0
harcelé,word,0.0,0.0,0.0,3.0,3.0,0.0,0.0,0.0,1.0,-0.0,-0.0
hein,lemma,0.0,0.0,3.0,0.0,3.0,0.0,0.0,1.0,0.0,-0.0,-0.0
hein,word,0.0,0.0,3.0,0.0,3.0,0.0,0.0,1.0,0.0,-0.0,-0.0
heureur,lemma,0.0,3.0,0.0,0.0,3.0,0.0,1.0,0.0,0.0,-0.0,-0.0
heureuses,word,0.0,3.0,0.0,0.0,3.0,0.0,1.0,0.0,0.0,-0.0,-0.0
homophobie,lemma,0.0,0.0,0.0,4.0,4.0,0.0,0.0,0.0,1.0,-0.0,-0.0
harceler,lemma,0.0,0.0,0.0,5.0,5.0,0.0,0.0,0.0,1.0,-0.0,-0.0
potable,lemma,0.0,0.0,0.0,3.0,3.0,0.0,0.0,0.0,1.0,-0.0,-0.0
potable,word,0.0,0.0,0.0,3.0,3.0,0.0,0.0,0.0,1.0,-0.0,-0.0
pote,lemma,0.0,0.0,0.0,4.0,4.0,0.0,0.0,0.0,1.0,-0.0,-0.0
potentiel,lemma,0.0,3.0,0.0,0.0,3.0,0.0,1.0,0.0,0.0,-0.0,-0.0
potentielle,word,0.0,3.0,0.0,0.0,3.0,0.0,1.0,0.0,0.0,-0.0,-0.0
groupes,word,0.0,0.0,0.0,4.0,4.0,0.0,0.0,0.0,1.0,-0.0,-0.0
grâce,lemma,0.0,0.0,0.0,3.0,3.0,0.0,0.0,0.0,1.0,-0.0,-0.0
grâce,word,0.0,0.0,0.0,3.0,3.0,0.0,0.0,0.0,1.0,-0.0,-0.0
grève,lemma,40.0,0.0,0.0,0.0,40.0,1.0,0.0,0.0,0.0,-0.0,-0.0
grève,word,35.0,0.0,0.0,0.0,35.0,1.0,0.0,0.0,0.0,-0.0,-0.0
grèves,word,5.0,0.0,0.0,0.0,5.0,1.0,0.0,0.0,0.0,-0.0,-0.0
habitude,lemma,0.0,0.0,0.0,4.0,4.0,0.0,0.0,0.0,1.0,-0.0,-0.0
habitude,word,0.0,0.0,0.0,4.0,4.0,0.0,0.0,0.0,1.0,-0.0,-0.0
porté,word,5.0,0.0,0.0,0.0,5.0,1.0,0.0,0.0,0.0,-0.0,-0.0
gabriel,word,0.0,0.0,0.0,5.0,5.0,0.0,0.0,0.0,1.0,-0.0,-0.0
gagnent,word,0.0,0.0,0.0,4.0,4.0,0.0,0.0,0.0,1.0,-0.0,-0.0
gagné,word,0.0,0.0,0.0,24.0,24.0,0.0,0.0,0.0,1.0,-0.0,-0.0
fouiller,lemma,0.0,0.0,3.0,0.0,3.0,0.0,0.0,1.0,0.0,-0.0,-0.0
foutre,lemma,0.0,0.0,3.0,0.0,3.0,0.0,0.0,1.0,0.0,-0.0,-0.0
foutre,word,0.0,0.0,3.0,0.0,3.0,0.0,0.0,1.0,0.0,-0.0,-0.0
ftg,lemma,0.0,0.0,11.0,0.0,11.0,0.0,0.0,1.0,0.0,-0.0,-0.0
ftg,word,0.0,0.0,11.0,0.0,11.0,0.0,0.0,1.0,0.0,-0.0,-0.0
fui,word,13.0,0.0,0.0,0.0,13.0,1.0,0.0,0.0,0.0,-0.0,-0.0
fuient,word,17.0,0.0,0.0,0.0,17.0,1.0,0.0,0.0,0.0,-0.0,-0.0
fuite,lemma,5.0,0.0,0.0,0.0,5.0,1.0,0.0,0.0,0.0,-0.0,-0.0
fuite,word,5.0,0.0,0.0,0.0,5.0,1.0,0.0,0.0,0.0,-0.0,-0.0
furieux,lemma,0.0,3.0,0.0,0.0,3.0,0.0,1.0,0.0,0.0,-0.0,-0.0
propos,word,0.0,0.0,0.0,3.0,3.0,0.0,0.0,0.0,1.0,-0.0,-0.0
fâché,lemma,0.0,6.0,0.0,0.0,6.0,0.0,1.0,0.0,0.0,-0.0,-0.0
précipite,word,3.0,0.0,0.0,0.0,3.0,1.0,0.0,0.0,0.0,-0.0,-0.0
précipiter,lemma,3.0,0.0,0.0,0.0,3.0,1.0,0.0,0.0,0.0,-0.0,-0.0
préférer,lemma,0.0,0.0,0.0,4.0,4.0,0.0,0.0,0.0,1.0,-0.0,-0.0
publics,word,3.0,0.0,0.0,0.0,3.0,1.0,0.0,0.0,0.0,-0.0,-0.0
puissant,lemma,0.0,0.0,0.0,13.0,13.0,0.0,0.0,0.0,1.0,-0.0,-0.0
puissant,word,0.0,0.0,0.0,5.0,5.0,0.0,0.0,0.0,1.0,-0.0,-0.0
puissante,word,0.0,0.0,0.0,4.0,4.0,0.0,0.0,0.0,1.0,-0.0,-0.0
puissants,word,0.0,0.0,0.0,4.0,4.0,0.0,0.0,0.0,1.0,-0.0,-0.0
putain,lemma,0.0,0.0,3.0,0.0,3.0,0.0,0.0,1.0,0.0,-0.0,-0.0
fière,word,0.0,8.0,0.0,0.0,8.0,0.0,1.0,0.0,0.0,-0.0,-0.0
fières,word,0.0,3.0,0.0,0.0,3.0,0.0,1.0,0.0,0.0,-0.0,-0.0
football,lemma,0.0,0.0,0.0,5.0,5.0,0.0,0.0,0.0,1.0,-0.0,-0.0
furieux,word,0.0,3.0,0.0,0.0,3.0,0.0,1.0,0.0,0.0,-0.0,-0.0
protestation,word,8.0,0.0,0.0,0.0,8.0,1.0,0.0,0.0,0.0,-0.0,-0.0
protestent,word,4.0,0.0,0.0,0.0,4.0,1.0,0.0,0.0,0.0,-0.0,-0.0
protester,word,18.0,0.0,0.0,0.0,18.0,1.0,0.0,0.0,0.0,-0.0,-0.0
magique,word,0.0,3.0,0.0,0.0,3.0,0.0,1.0,0.0,0.0,-0.0,-0.0
malades,word,0.0,0.0,0.0,3.0,3.0,0.0,0.0,0.0,1.0,-0.0,-0.0
malala,lemma,0.0,0.0,0.0,4.0,4.0,0.0,0.0,0.0,1.0,-0.0,-0.0
malala,word,0.0,0.0,0.0,4.0,4.0,0.0,0.0,0.0,1.0,-0.0,-0.0
logement,lemma,0.0,0.0,0.0,5.0,5.0,0.0,0.0,0.0,1.0,-0.0,-0.0
logement,word,0.0,0.0,0.0,3.0,3.0,0.0,0.0,0.0,1.0,-0.0,-0.0
londres,lemma,0.0,0.0,0.0,3.0,3.0,0.0,0.0,0.0,1.0,-0.0,-0.0
londres,word,0.0,0.0,0.0,3.0,3.0,0.0,0.0,0.0,1.0,-0.0,-0.0
long,word,0.0,0.0,0.0,3.0,3.0,0.0,0.0,0.0,1.0,-0.0,-0.0
longueur,lemma,0.0,0.0,0.0,4.0,4.0,0.0,0.0,0.0,1.0,-0.0,-0.0
gabriel,lemma,0.0,0.0,0.0,5.0,5.0,0.0,0.0,0.0,1.0,-0.0,-0.0
lutte,lemma,6.0,0.0,0.0,0.0,6.0,1.0,0.0,0.0,0.0,-0.0,-0.0
lutte,word,6.0,0.0,0.0,0.0,6.0,1.0,0.0,0.0,0.0,-0.0,-0.0
julien,lemma,0.0,0.0,5.0,0.0,5.0,0.0,0.0,1.0,0.0,-0.0,-0.0
julien,word,0.0,0.0,7.0,0.0,7.0,0.0,0.0,1.0,0.0,-0.0,-0.0
lancer,lemma,5.0,0.0,0.0,0.0,5.0,1.0,0.0,0.0,0.0,-0.0,-0.0
lancé,word,3.0,0.0,0.0,0.0,3.0,1.0,0.0,0.0,0.0,-0.0,-0.0
larme,lemma,7.0,0.0,0.0,0.0,7.0,1.0,0.0,0.0,0.0,-0.0,-0.0
larmes,word,7.0,0.0,0.0,0.0,7.0,1.0,0.0,0.0,0.0,-0.0,-0.0
lesbiennes,word,0.0,0.0,3.0,0.0,3.0,0.0,0.0,1.0,0.0,-0.0,-0.0
lire,lemma,0.0,0.0,0.0,5.0,5.0,0.0,0.0,0.0,1.0,-0.0,-0.0
protesté,lemma,5.0,0.0,0.0,0.0,5.0,1.0,0.0,0.0,0.0,-0.0,-0.0
protesté,word,5.0,0.0,0.0,0.0,5.0,1.0,0.0,0.0,0.0,-0.0,-0.0
fâchés,word,0.0,5.0,0.0,0.0,5.0,0.0,1.0,0.0,0.0,-0.0,-0.0
longueur,word,0.0,0.0,0.0,4.0,4.0,0.0,0.0,0.0,1.0,-0.0,-0.0
échec,lemma,0.0,0.0,0.0,4.0,4.0,0.0,0.0,0.0,1.0,-0.0,-0.0
échec,word,0.0,0.0,0.0,3.0,3.0,0.0,0.0,0.0,1.0,-0.0,-0.0
éléphant,lemma,0.0,0.0,0.0,5.0,5.0,0.0,0.0,0.0,1.0,-0.0,-0.0
éléphants,word,0.0,0.0,0.0,5.0,5.0,0.0,0.0,0.0,1.0,-0.0,-0.0
abeilles,word,0.0,0.0,0.0,3.0,3.0,0.0,0.0,0.0,1.0,-0.0,-0.0
abeille,lemma,0.0,0.0,0.0,3.0,3.0,0.0,0.0,0.0,1.0,-0.0,-0.0
émotion,lemma,0.0,0.0,0.0,4.0,4.0,0.0,0.0,0.0,1.0,-0.0,-0.0
émotion,word,0.0,0.0,0.0,4.0,4.0,0.0,0.0,0.0,1.0,-0.0,-0.0
émue,lemma,0.0,3.0,0.0,0.0,3.0,0.0,1.0,0.0,0.0,-0.0,-0.0
émue,word,0.0,3.0,0.0,0.0,3.0,0.0,1.0,0.0,0.0,-0.0,-0.0
abdelaziz,lemma,4.0,0.0,0.0,0.0,4.0,1.0,0.0,0.0,0.0,-0.0,-0.0
abdelaziz,word,4.0,0.0,0.0,0.0,4.0,1.0,0.0,0.0,0.0,-0.0,-0.0
accusait,word,4.0,0.0,0.0,0.0,4.0,1.0,0.0,0.0,0.0,-0.0,-0.0
pleuré,lemma,11.0,0.0,0.0,0.0,11.0,1.0,0.0,0.0,0.0,-0.0,-0.0
passage,lemma,0.0,0.0,0.0,4.0,4.0,0.0,0.0,0.0,1.0,-0.0,-0.0
passage,word,0.0,0.0,0.0,4.0,4.0,0.0,0.0,0.0,1.0,-0.0,-0.0
joue,word,0.0,0.0,0.0,3.0,3.0,0.0,0.0,0.0,1.0,-0.0,-0.0
joué,word,0.0,0.0,0.0,4.0,4.0,0.0,0.0,0.0,1.0,-0.0,-0.0
inédit,lemma,0.0,0.0,0.0,5.0,5.0,0.0,0.0,0.0,1.0,-0.0,-0.0
inédite,word,0.0,0.0,0.0,4.0,4.0,0.0,0.0,0.0,1.0,-0.0,-0.0
j'ai,word,0.0,0.0,4.0,0.0,4.0,0.0,0.0,1.0,0.0,-0.0,-0.0
j'allais,word,0.0,0.0,0.0,3.0,3.0,0.0,0.0,0.0,1.0,-0.0,-0.0
j'étais,word,0.0,0.0,0.0,4.0,4.0,0.0,0.0,0.0,1.0,-0.0,-0.0
jalou,lemma,0.0,5.0,0.0,0.0,5.0,0.0,1.0,0.0,0.0,-0.0,-0.0
jaloux,word,0.0,5.0,0.0,0.0,5.0,0.0,1.0,0.0,0.0,-0.0,-0.0
jasper,lemma,0.0,0.0,3.0,0.0,3.0,0.0,0.0,1.0,0.0,-0.0,-0.0
jasper,word,0.0,0.0,3.0,0.0,3.0,0.0,0.0,1.0,0.0,-0.0,-0.0
party,word,0.0,0.0,0.0,5.0,5.0,0.0,0.0,0.0,1.0,-0.0,-0.0
accusés,word,6.0,0.0,0.0,0.0,6.0,1.0,0.0,0.0,0.0,-0.0,-0.0
acteur,word,0.0,0.0,0.0,3.0,3.0,0.0,0.0,0.0,1.0,-0.0,-0.0
épreuve,lemma,0.0,0.0,0.0,10.0,10.0,0.0,0.0,0.0,1.0,-0.0,-0.0
épreuve,word,0.0,0.0,0.0,4.0,4.0,0.0,0.0,0.0,1.0,-0.0,-0.0
épreuves,word,0.0,0.0,0.0,6.0,6.0,0.0,0.0,0.0,1.0,-0.0,-0.0
étoile,lemma,0.0,0.0,0.0,3.0,3.0,0.0,0.0,0.0,1.0,-0.0,-0.0
étonnante,word,0.0,10.0,0.0,0.0,10.0,0.0,1.0,0.0,0.0,-0.0,-0.0
étonnement,lemma,0.0,4.0,0.0,0.0,4.0,0.0,1.0,0.0,0.0,-0.0,-0.0
étonnement,word,0.0,4.0,0.0,0.0,4.0,0.0,1.0,0.0,0.0,-0.0,-0.0
arabe,word,0.0,0.0,3.0,0.0,3.0,0.0,0.0,1.0,0.0,-0.0,-0.0
party,lemma,0.0,0.0,0.0,5.0,5.0,0.0,0.0,0.0,1.0,-0.0,-0.0
amusante,word,0.0,3.0,0.0,0.0,3.0,0.0,1.0,0.0,0.0,-0.0,-0.0
nique,word,0.0,0.0,5.0,0.0,5.0,0.0,0.0,1.0,0.0,-0.0,-0.0
âïe,lemma,0.0,0.0,3.0,0.0,3.0,0.0,0.0,1.0,0.0,-0.0,-0.0
armé,word,0.0,0.0,0.0,4.0,4.0,0.0,0.0,0.0,1.0,-0.0,-0.0
armés,word,0.0,0.0,0.0,3.0,3.0,0.0,0.0,0.0,1.0,-0.0,-0.0
voient,word,0.0,0.0,0.0,6.0,6.0,0.0,0.0,0.0,1.0,-0.0,-0.0
volé,word,0.0,0.0,0.0,6.0,6.0,0.0,0.0,0.0,1.0,-0.0,-0.0
amusante,lemma,0.0,5.0,0.0,0.0,5.0,0.0,1.0,0.0,0.0,-0.0,-0.0
accusent,word,23.0,0.0,0.0,0.0,23.0,1.0,0.0,0.0,0.0,-0.0,-0.0
anglais,lemma,0.0,0.0,0.0,7.0,7.0,0.0,0.0,0.0,1.0,-0.0,-0.0
anglais,word,0.0,0.0,0.0,7.0,7.0,0.0,0.0,0.0,1.0,-0.0,-0.0
angoisse,lemma,0.0,6.0,0.0,0.0,6.0,0.0,1.0,0.0,0.0,-0.0,-0.0
angoisse,word,0.0,3.0,0.0,0.0,3.0,0.0,1.0,0.0,0.0,-0.0,-0.0
vécue,word,0.0,0.0,0.0,6.0,6.0,0.0,0.0,0.0,1.0,-0.0,-0.0
véritables,word,0.0,0.0,0.0,3.0,3.0,0.0,0.0,0.0,1.0,-0.0,-0.0
zone,word,3.0,0.0,0.0,0.0,3.0,1.0,0.0,0.0,0.0,-0.0,-0.0
armer,lemma,0.0,0.0,0.0,7.0,7.0,0.0,0.0,0.0,1.0,-0.0,-0.0
impressionné,word,0.0,4.0,0.0,0.0,4.0,0.0,1.0,0.0,0.0,-0.0,-0.0
incroyables,word,0.0,6.0,0.0,0.0,6.0,0.0,1.0,0.0,0.0,-0.0,-0.0
indépendance,lemma,5.0,0.0,0.0,0.0,5.0,1.0,0.0,0.0,0.0,-0.0,-0.0
indépendance,word,5.0,0.0,0.0,0.0,5.0,1.0,0.0,0.0,0.0,-0.0,-0.0
initiative,lemma,3.0,0.0,0.0,0.0,3.0,1.0,0.0,0.0,0.0,-0.0,-0.0
injustice,word,0.0,0.0,0.0,7.0,7.0,0.0,0.0,0.0,1.0,-0.0,-0.0
inondation,lemma,0.0,0.0,0.0,6.0,6.0,0.0,0.0,0.0,1.0,-0.0,-0.0
inondations,word,0.0,0.0,0.0,6.0,6.0,0.0,0.0,0.0,1.0,-0.0,-0.0
inquiet,lemma,0.0,20.0,0.0,0.0,20.0,0.0,1.0,0.0,0.0,-0.0,-0.0
inquiet,word,0.0,6.0,0.0,0.0,6.0,0.0,1.0,0.0,0.0,-0.0,-0.0
inquiets,word,0.0,14.0,0.0,0.0,14.0,0.0,1.0,0.0,0.0,-0.0,-0.0
inquiètent,word,0.0,14.0,0.0,0.0,14.0,0.0,1.0,0.0,0.0,-0.0,-0.0
illégal,lemma,0.0,0.0,0.0,3.0,3.0,0.0,0.0,0.0,1.0,-0.0,-0.0
perdrait,lemma,0.0,0.0,0.0,3.0,3.0,0.0,0.0,0.0,1.0,-0.0,-0.0
immeuble,lemma,0.0,0.0,0.0,3.0,3.0,0.0,0.0,0.0,1.0,-0.0,-0.0
immeubles,word,0.0,0.0,0.0,3.0,3.0,0.0,0.0,0.0,1.0,-0.0,-0.0
important,word,0.0,0.0,0.0,4.0,4.0,0.0,0.0,0.0,1.0,-0.0,-0.0
impose,word,0.0,0.0,0.0,5.0,5.0,0.0,0.0,0.0,1.0,-0.0,-0.0
imposer,lemma,0.0,0.0,0.0,10.0,10.0,0.0,0.0,0.0,1.0,-0.0,-0.0
imposer,word,0.0,0.0,0.0,3.0,3.0,0.0,0.0,0.0,1.0,-0.0,-0.0
impression,lemma,0.0,0.0,0.0,4.0,4.0,0.0,0.0,0.0,1.0,-0.0,-0.0
impressionnantes,word,0.0,4.0,0.0,0.0,4.0,0.0,1.0,0.0,0.0,-0.0,-0.0
impressionnants,word,0.0,3.0,0.0,0.0,3.0,0.0,1.0,0.0,0.0,-0.0,-0.0
plaisante,word,0.0,7.0,0.0,0.0,7.0,0.0,1.0,0.0,0.0,-0.0,-0.0
pleurant,word,5.0,0.0,0.0,0.0,5.0,1.0,0.0,0.0,0.0,-0.0,-0.0
pleure,word,5.0,0.0,0.0,0.0,5.0,1.0,0.0,0.0,0.0,-0.0,-0.0
pleurent,word,3.0,0.0,0.0,0.0,3.0,1.0,0.0,0.0,0.0,-0.0,-0.0
images,word,0.0,0.0,0.0,4.0,4.0,0.0,0.0,0.0,1.0,-0.0,-0.0
perdrait,word,0.0,0.0,0.0,3.0,3.0,0.0,0.0,0.0,1.0,-0.0,-0.0
performance,lemma,0.0,0.0,0.0,12.0,12.0,0.0,0.0,0.0,1.0,-0.0,-0.0
performance,word,0.0,0.0,0.0,12.0,12.0,0.0,0.0,0.0,1.0,-0.0,-0.0
permet,word,0.0,0.0,0.0,3.0,3.0,0.0,0.0,0.0,1.0,-0.0,-0.0
personnage,lemma,0.0,0.0,0.0,3.0,3.0,0.0,0.0,0.0,1.0,-0.0,-0.0
personnage,word,0.0,0.0,0.0,3.0,3.0,0.0,0.0,0.0,1.0,-0.0,-0.0
persécuter,lemma,0.0,0.0,0.0,9.0,9.0,0.0,0.0,0.0,1.0,-0.0,-0.0
persécutée,lemma,0.0,0.0,0.0,3.0,3.0,0.0,0.0,0.0,1.0,-0.0,-0.0
persécutée,word,0.0,0.0,0.0,3.0,3.0,0.0,0.0,0.0,1.0,-0.0,-0.0
persécutés,word,0.0,0.0,0.0,8.0,8.0,0.0,0.0,0.0,1.0,-0.0,-0.0
inquiétant,lemma,0.0,5.0,0.0,0.0,5.0,0.0,1.0,0.0,0.0,-0.0,-0.0
inquiétant,word,0.0,6.0,0.0,0.0,6.0,0.0,1.0,0.0,0.0,-0.0,-0.0
inquiétantes,word,0.0,3.0,0.0,0.0,3.0,0.0,1.0,0.0,0.0,-0.0,-0.0
impressionné,lemma,0.0,4.0,0.0,0.0,4.0,0.0,1.0,0.0,0.0,-0.0,-0.0
inquiétude,word,0.0,5.0,0.0,0.0,5.0,0.0,1.0,0.0,0.0,-0.0,-0.0
inquiétudes,word,0.0,6.0,0.0,0.0,6.0,0.0,1.0,0.0,0.0,-0.0,-0.0
insiste,word,3.0,0.0,0.0,0.0,3.0,1.0,0.0,0.0,0.0,-0.0,-0.0
insister,lemma,3.0,0.0,0.0,0.0,3.0,1.0,0.0,0.0,0.0,-0.0,-0.0
insolite,word,0.0,4.0,0.0,0.0,4.0,0.0,1.0,0.0,0.0,-0.0,-0.0
inspirer,lemma,0.0,0.0,0.0,5.0,5.0,0.0,0.0,0.0,1.0,-0.0,-0.0
insuffisant,lemma,0.0,0.0,0.0,4.0,4.0,0.0,0.0,0.0,1.0,-0.0,-0.0
piano,lemma,0.0,0.0,0.0,3.0,3.0,0.0,0.0,0.0,1.0,-0.0,-0.0
piano,word,0.0,0.0,0.0,3.0,3.0,0.0,0.0,0.0,1.0,-0.0,-0.0
pieds,word,0.0,0.0,0.0,6.0,6.0,0.0,0.0,0.0,1.0,-0.0,-0.0
plaignent,word,4.0,0.0,0.0,0.0,4.0,1.0,0.0,0.0,0.0,-0.0,-0.0
plaint,word,3.0,0.0,0.0,0.0,3.0,1.0,0.0,0.0,0.0,-0.0,-0.0
plaisant,lemma,0.0,8.0,0.0,0.0,8.0,0.0,1.0,0.0,0.0,-0.0,-0.0
inquiétude,lemma,0.0,11.0,0.0,0.0,11.0,0.0,1.0,0.0,0.0,-0.0,-0.0
dîner,lemma,0.0,0.0,0.0,4.0,4.0,0.0,0.0,0.0,1.0,-0.0,-0.0
dîner,word,0.0,0.0,0.0,3.0,3.0,0.0,0.0,0.0,1.0,-0.0,-0.0
eau,word,0.0,0.0,0.0,6.0,6.0,0.0,0.0,0.0,1.0,-0.0,-0.0
effondrement,lemma,0.0,0.0,0.0,3.0,3.0,0.0,0.0,0.0,1.0,-0.0,-0.0
effondrement,word,0.0,0.0,0.0,3.0,3.0,0.0,0.0,0.0,1.0,-0.0,-0.0
effondrés,word,0.0,0.0,0.0,3.0,3.0,0.0,0.0,0.0,1.0,-0.0,-0.0
effort,lemma,0.0,0.0,0.0,3.0,3.0,0.0,0.0,0.0,1.0,-0.0,-0.0
effrayants,word,0.0,5.0,0.0,0.0,5.0,0.0,1.0,0.0,0.0,-0.0,-0.0
ronds-points,word,3.0,0.0,0.0,0.0,3.0,1.0,0.0,0.0,0.0,-0.0,-0.0
rupture,lemma,0.0,0.0,0.0,3.0,3.0,0.0,0.0,0.0,1.0,-0.0,-0.0
rupture,word,0.0,0.0,0.0,3.0,3.0,0.0,0.0,0.0,1.0,-0.0,-0.0
russe,lemma,3.0,0.0,0.0,0.0,3.0,1.0,0.0,0.0,0.0,-0.0,-0.0
réalise,word,0.0,0.0,0.0,4.0,4.0,0.0,0.0,0.0,1.0,-0.0,-0.0
football,word,0.0,0.0,0.0,5.0,5.0,0.0,0.0,0.0,1.0,-0.0,-0.0
dégoûtant,lemma,0.0,3.0,0.0,0.0,3.0,0.0,1.0,0.0,0.0,-0.0,-0.0
démission,lemma,4.0,0.0,0.0,0.0,4.0,1.0,0.0,0.0,0.0,-0.0,-0.0
démission,word,4.0,0.0,0.0,0.0,4.0,1.0,0.0,0.0,0.0,-0.0,-0.0
dénonce,word,5.0,0.0,0.0,0.0,5.0,1.0,0.0,0.0,0.0,-0.0,-0.0
dénoncent,word,6.0,0.0,0.0,0.0,6.0,1.0,0.0,0.0,0.0,-0.0,-0.0
dénoncer,word,8.0,0.0,0.0,0.0,8.0,1.0,0.0,0.0,0.0,-0.0,-0.0
dénonçaient,lemma,4.0,0.0,0.0,0.0,4.0,1.0,0.0,0.0,0.0,-0.0,-0.0
dénonçaient,word,4.0,0.0,0.0,0.0,4.0,1.0,0.0,0.0,0.0,-0.0,-0.0
départ,lemma,8.0,0.0,0.0,0.0,8.0,1.0,0.0,0.0,0.0,-0.0,-0.0
départ,word,8.0,0.0,0.0,0.0,8.0,1.0,0.0,0.0,0.0,-0.0,-0.0
déplacer,lemma,0.0,0.0,0.0,3.0,3.0,0.0,0.0,0.0,1.0,-0.0,-0.0
déplacer,word,0.0,0.0,0.0,3.0,3.0,0.0,0.0,0.0,1.0,-0.0,-0.0
déposer,lemma,4.0,0.0,0.0,0.0,4.0,1.0,0.0,0.0,0.0,-0.0,-0.0
défense,lemma,0.0,0.0,0.0,4.0,4.0,0.0,0.0,0.0,1.0,-0.0,-0.0
embêtant,lemma,0.0,4.0,0.0,0.0,4.0,0.0,1.0,0.0,0.0,-0.0,-0.0
embêtant,word,0.0,4.0,0.0,0.0,4.0,0.0,1.0,0.0,0.0,-0.0,-0.0
embêtée,lemma,0.0,3.0,0.0,0.0,3.0,0.0,1.0,0.0,0.0,-0.0,-0.0
emploi,word,0.0,0.0,0.0,3.0,3.0,0.0,0.0,0.0,1.0,-0.0,-0.0
emprisonner,lemma,0.0,0.0,0.0,4.0,4.0,0.0,0.0,0.0,1.0,-0.0,-0.0
emprisonné,word,0.0,0.0,0.0,4.0,4.0,0.0,0.0,0.0,1.0,-0.0,-0.0
retard,word,0.0,0.0,0.0,3.0,3.0,0.0,0.0,0.0,1.0,-0.0,-0.0
retirer,lemma,3.0,0.0,0.0,0.0,3.0,1.0,0.0,0.0,0.0,-0.0,-0.0
retrouvé,word,0.0,0.0,0.0,3.0,3.0,0.0,0.0,0.0,1.0,-0.0,-0.0
retrouvés,word,0.0,0.0,0.0,7.0,7.0,0.0,0.0,0.0,1.0,-0.0,-0.0
revendication,lemma,5.0,0.0,0.0,0.0,5.0,1.0,0.0,0.0,0.0,-0.0,-0.0
revendications,word,4.0,0.0,0.0,0.0,4.0,1.0,0.0,0.0,0.0,-0.0,-0.0
revendique,word,3.0,0.0,0.0,0.0,3.0,1.0,0.0,0.0,0.0,-0.0,-0.0
déçus,word,0.0,4.0,0.0,0.0,4.0,0.0,1.0,0.0,0.0,-0.0,-0.0
reçu,word,0.0,0.0,0.0,13.0,13.0,0.0,0.0,0.0,1.0,-0.0,-0.0
ri,lemma,3.0,0.0,0.0,0.0,3.0,1.0,0.0,0.0,0.0,-0.0,-0.0
ri,word,3.0,0.0,0.0,0.0,3.0,1.0,0.0,0.0,0.0,-0.0,-0.0
riant,lemma,4.0,0.0,0.0,0.0,4.0,1.0,0.0,0.0,0.0,-0.0,-0.0
riant,word,3.0,0.0,0.0,0.0,3.0,1.0,0.0,0.0,0.0,-0.0,-0.0
rigolo,lemma,0.0,3.0,0.0,0.0,3.0,0.0,1.0,0.0,0.0,-0.0,-0.0
rigolé,lemma,3.0,0.0,0.0,0.0,3.0,1.0,0.0,0.0,0.0,-0.0,-0.0
rigolé,word,3.0,0.0,0.0,0.0,3.0,1.0,0.0,0.0,0.0,-0.0,-0.0
risque,word,0.0,7.0,0.0,0.0,7.0,0.0,1.0,0.0,0.0,-0.0,-0.0
détourner,lemma,3.0,0.0,0.0,0.0,3.0,1.0,0.0,0.0,0.0,-0.0,-0.0
détruites,word,0.0,0.0,0.0,6.0,6.0,0.0,0.0,0.0,1.0,-0.0,-0.0
déçu,word,0.0,5.0,0.0,0.0,5.0,0.0,1.0,0.0,0.0,-0.0,-0.0
déçue,word,0.0,6.0,0.0,0.0,6.0,0.0,1.0,0.0,0.0,-0.0,-0.0
revoir,lemma,0.0,0.0,0.0,3.0,3.0,0.0,0.0,0.0,1.0,-0.0,-0.0
révolter,lemma,3.0,0.0,0.0,0.0,3.0,1.0,0.0,0.0,0.0,-0.0,-0.0
rêver,lemma,0.0,0.0,0.0,6.0,6.0,0.0,0.0,0.0,1.0,-0.0,-0.0
rêver,word,0.0,0.0,0.0,3.0,3.0,0.0,0.0,0.0,1.0,-0.0,-0.0
sait,word,0.0,0.0,0.0,4.0,4.0,0.0,0.0,0.0,1.0,-0.0,-0.0
disputent,word,3.0,0.0,0.0,0.0,3.0,1.0,0.0,0.0,0.0,-0.0,-0.0
dollar,lemma,0.0,0.0,0.0,7.0,7.0,0.0,0.0,0.0,1.0,-0.0,-0.0
dollars,word,0.0,0.0,0.0,7.0,7.0,0.0,0.0,0.0,1.0,-0.0,-0.0
domaine,lemma,0.0,0.0,0.0,3.0,3.0,0.0,0.0,0.0,1.0,-0.0,-0.0
domaine,word,0.0,0.0,0.0,3.0,3.0,0.0,0.0,0.0,1.0,-0.0,-0.0
donnent,word,0.0,0.0,0.0,3.0,3.0,0.0,0.0,0.0,1.0,-0.0,-0.0
doué,lemma,0.0,0.0,0.0,10.0,10.0,0.0,0.0,0.0,1.0,-0.0,-0.0
douée,word,0.0,0.0,0.0,9.0,9.0,0.0,0.0,0.0,1.0,-0.0,-0.0
drapeaux,word,4.0,0.0,0.0,0.0,4.0,1.0,0.0,0.0,0.0,-0.0,-0.0
dépression,lemma,0.0,7.0,0.0,0.0,7.0,0.0,1.0,0.0,0.0,-0.0,-0.0
samba,word,0.0,0.0,0.0,3.0,3.0,0.0,0.0,0.0,1.0,-0.0,-0.0
satisfaire,lemma,0.0,5.0,0.0,0.0,5.0,0.0,1.0,0.0,0.0,-0.0,-0.0
satisfaire,word,0.0,4.0,0.0,0.0,4.0,0.0,1.0,0.0,0.0,-0.0,-0.0
satisfait,lemma,0.0,3.0,0.0,0.0,3.0,0.0,1.0,0.0,0.0,-0.0,-0.0
saut,lemma,0.0,0.0,0.0,4.0,4.0,0.0,0.0,0.0,1.0,-0.0,-0.0
saut,word,0.0,0.0,0.0,4.0,4.0,0.0,0.0,0.0,1.0,-0.0,-0.0
sauvage,lemma,0.0,0.0,0.0,7.0,7.0,0.0,0.0,0.0,1.0,-0.0,-0.0
sauvages,word,0.0,0.0,0.0,6.0,6.0,0.0,0.0,0.0,1.0,-0.0,-0.0
scandale,lemma,0.0,5.0,0.0,0.0,5.0,0.0,1.0,0.0,0.0,-0.0,-0.0
scandale,word,0.0,5.0,0.0,0.0,5.0,0.0,1.0,0.0,0.0,-0.0,-0.0
scolaire,lemma,3.0,0.0,0.0,0.0,3.0,1.0,0.0,0.0,0.0,-0.0,-0.0
score,word,0.0,0.0,0.0,3.0,3.0,0.0,0.0,0.0,1.0,-0.0,-0.0
scène,lemma,0.0,0.0,0.0,7.0,7.0,0.0,0.0,0.0,1.0,-0.0,-0.0
samba,lemma,0.0,0.0,0.0,3.0,3.0,0.0,0.0,0.0,1.0,-0.0,-0.0
dépression,word,0.0,6.0,0.0,0.0,6.0,0.0,1.0,0.0,0.0,-0.0,-0.0
réclamaient,lemma,4.0,0.0,0.0,0.0,4.0,1.0,0.0,0.0,0.0,-0.0,-0.0
réclamaient,word,4.0,0.0,0.0,0.0,4.0,1.0,0.0,0.0,0.0,-0.0,-0.0
réclamait,word,4.0,0.0,0.0,0.0,4.0,1.0,0.0,0.0,0.0,-0.0,-0.0
réclame,word,12.0,0.0,0.0,0.0,12.0,1.0,0.0,0.0,0.0,-0.0,-0.0
réclament,lemma,10.0,0.0,0.0,0.0,10.0,1.0,0.0,0.0,0.0,-0.0,-0.0
réclament,word,10.0,0.0,0.0,0.0,10.0,1.0,0.0,0.0,0.0,-0.0,-0.0
réclamé,word,4.0,0.0,0.0,0.0,4.0,1.0,0.0,0.0,0.0,-0.0,-0.0
récompense,lemma,0.0,0.0,0.0,12.0,12.0,0.0,0.0,0.0,1.0,-0.0,-0.0
récompense,word,0.0,0.0,0.0,12.0,12.0,0.0,0.0,0.0,1.0,-0.0,-0.0
réforme,lemma,6.0,0.0,0.0,0.0,6.0,1.0,0.0,0.0,0.0,-0.0,-0.0
réforme,word,4.0,0.0,0.0,0.0,4.0,1.0,0.0,0.0,0.0,-0.0,-0.0
réfugier,lemma,7.0,0.0,0.0,0.0,7.0,1.0,0.0,0.0,0.0,-0.0,-0.0
réussite,word,0.0,0.0,0.0,3.0,3.0,0.0,0.0,0.0,1.0,-0.0,-0.0
durer,lemma,0.0,0.0,0.0,3.0,3.0,0.0,0.0,0.0,1.0,-0.0,-0.0
déchirer,lemma,0.0,0.0,0.0,4.0,4.0,0.0,0.0,0.0,1.0,-0.0,-0.0
décourage,lemma,0.0,3.0,0.0,0.0,3.0,0.0,1.0,0.0,0.0,-0.0,-0.0
décourage,word,0.0,3.0,0.0,0.0,3.0,0.0,1.0,0.0,0.0,-0.0,-0.0
découvert,word,0.0,0.0,0.0,14.0,14.0,0.0,0.0,0.0,1.0,-0.0,-0.0
découverte,lemma,0.0,0.0,0.0,6.0,6.0,0.0,0.0,0.0,1.0,-0.0,-0.0
découverte,word,0.0,0.0,0.0,6.0,6.0,0.0,0.0,0.0,1.0,-0.0,-0.0
découvrir,word,0.0,0.0,0.0,4.0,4.0,0.0,0.0,0.0,1.0,-0.0,-0.0
rétorque,word,4.0,0.0,0.0,0.0,4.0,1.0,0.0,0.0,0.0,-0.0,-0.0
rétorquer,lemma,4.0,0.0,0.0,0.0,4.0,1.0,0.0,0.0,0.0,-0.0,-0.0
réussi,word,0.0,0.0,0.0,15.0,15.0,0.0,0.0,0.0,1.0,-0.0,-0.0
réussit,word,0.0,0.0,0.0,4.0,4.0,0.0,0.0,0.0,1.0,-0.0,-0.0
réussite,lemma,0.0,0.0,0.0,3.0,3.0,0.0,0.0,0.0,1.0,-0.0,-0.0
réfugier,word,7.0,0.0,0.0,0.0,7.0,1.0,0.0,0.0,0.0,-0.0,-0.0
facile,word,0.0,0.0,0.0,4.0,4.0,0.0,0.0,0.0,1.0,-0.0,-0.0
faim,lemma,0.0,0.0,0.0,3.0,3.0,0.0,0.0,0.0,1.0,-0.0,-0.0
faim,word,0.0,0.0,0.0,3.0,3.0,0.0,0.0,0.0,1.0,-0.0,-0.0
fan,lemma,0.0,4.0,0.0,0.0,4.0,0.0,1.0,0.0,0.0,-0.0,-0.0
fausses,word,0.0,0.0,0.0,4.0,4.0,0.0,0.0,0.0,1.0,-0.0,-0.0
raison,lemma,0.0,0.0,0.0,6.0,6.0,0.0,0.0,0.0,1.0,-0.0,-0.0
raison,word,0.0,0.0,0.0,5.0,5.0,0.0,0.0,0.0,1.0,-0.0,-0.0
range,lemma,4.0,0.0,0.0,0.0,4.0,1.0,0.0,0.0,0.0,-0.0,-0.0
rate,word,0.0,0.0,0.0,3.0,3.0,0.0,0.0,0.0,1.0,-0.0,-0.0
rater,lemma,0.0,0.0,0.0,4.0,4.0,0.0,0.0,0.0,1.0,-0.0,-0.0
ravager,lemma,0.0,0.0,0.0,5.0,5.0,0.0,0.0,0.0,1.0,-0.0,-0.0
ravi,lemma,0.0,11.0,0.0,0.0,11.0,0.0,1.0,0.0,0.0,-0.0,-0.0
ravi,word,0.0,4.0,0.0,0.0,4.0,0.0,1.0,0.0,0.0,-0.0,-0.0
embarquer,lemma,0.0,0.0,0.0,3.0,3.0,0.0,0.0,0.0,1.0,-0.0,-0.0
reconnaitre,word,4.0,0.0,0.0,0.0,4.0,1.0,0.0,0.0,0.0,-0.0,-0.0
record,word,0.0,0.0,0.0,19.0,19.0,0.0,0.0,0.0,1.0,-0.0,-0.0
exactement,lemma,0.0,0.0,0.0,4.0,4.0,0.0,0.0,0.0,1.0,-0.0,-0.0
exactement,word,0.0,0.0,0.0,4.0,4.0,0.0,0.0,0.0,1.0,-0.0,-0.0
exclame,lemma,5.0,0.0,0.0,0.0,5.0,1.0,0.0,0.0,0.0,-0.0,-0.0
exclame,word,5.0,0.0,0.0,0.0,5.0,1.0,0.0,0.0,0.0,-0.0,-0.0
exiger,lemma,4.0,0.0,0.0,0.0,4.0,1.0,0.0,0.0,0.0,-0.0,-0.0
exploser,word,0.0,0.0,0.0,3.0,3.0,0.0,0.0,0.0,1.0,-0.0,-0.0
explosion,lemma,0.0,0.0,0.0,3.0,3.0,0.0,0.0,0.0,1.0,-0.0,-0.0
explosion,word,0.0,0.0,0.0,3.0,3.0,0.0,0.0,0.0,1.0,-0.0,-0.0
exprimer,lemma,0.0,0.0,0.0,5.0,5.0,0.0,0.0,0.0,1.0,-0.0,-0.0
exprimer,word,0.0,0.0,0.0,3.0,3.0,0.0,0.0,0.0,1.0,-0.0,-0.0
expérience,lemma,0.0,0.0,0.0,4.0,4.0,0.0,0.0,0.0,1.0,-0.0,-0.0
ravie,word,0.0,5.0,0.0,0.0,5.0,0.0,1.0,0.0,0.0,-0.0,-0.0
forcément,lemma,0.0,0.0,0.0,4.0,4.0,0.0,0.0,0.0,1.0,-0.0,-0.0
forcément,word,0.0,0.0,0.0,4.0,4.0,0.0,0.0,0.0,1.0,-0.0,-0.0
forcés,word,0.0,0.0,0.0,3.0,3.0,0.0,0.0,0.0,1.0,-0.0,-0.0
formidable,lemma,0.0,3.0,0.0,0.0,3.0,0.0,1.0,0.0,0.0,-0.0,-0.0
formidable,word,0.0,3.0,0.0,0.0,3.0,0.0,1.0,0.0,0.0,-0.0,-0.0
forte,word,0.0,0.0,0.0,4.0,4.0,0.0,0.0,0.0,1.0,-0.0,-0.0
putain,word,0.0,0.0,3.0,0.0,3.0,0.0,0.0,1.0,0.0,-0.0,-0.0
pute,lemma,0.0,0.0,15.0,0.0,15.0,0.0,0.0,1.0,0.0,-0.0,-0.0
pute,word,0.0,0.0,15.0,0.0,15.0,0.0,0.0,1.0,0.0,-0.0,-0.0
pyjama,lemma,0.0,0.0,0.0,5.0,5.0,0.0,0.0,0.0,1.0,-0.0,-0.0
pyjama,word,0.0,0.0,0.0,5.0,5.0,0.0,0.0,0.0,1.0,-0.0,-0.0
péage,lemma,4.0,0.0,0.0,0.0,4.0,1.0,0.0,0.0,0.0,-0.0,-0.0
péages,word,4.0,0.0,0.0,0.0,4.0,1.0,0.0,0.0,0.0,-0.0,-0.0
facile,lemma,0.0,0.0,0.0,4.0,4.0,0.0,0.0,0.0,1.0,-0.0,-0.0
pénible,word,0.0,3.0,0.0,0.0,3.0,0.0,1.0,0.0,0.0,-0.0,-0.0
quasiment,lemma,0.0,0.0,0.0,3.0,3.0,0.0,0.0,0.0,1.0,-0.0,-0.0
quasiment,word,0.0,0.0,0.0,3.0,3.0,0.0,0.0,0.0,1.0,-0.0,-0.0
querelle,lemma,3.0,0.0,0.0,0.0,3.0,1.0,0.0,0.0,0.0,-0.0,-0.0
quittent,word,4.0,0.0,0.0,0.0,4.0,1.0,0.0,0.0,0.0,-0.0,-0.0
fier,lemma,0.0,17.0,0.0,0.0,17.0,0.0,1.0,0.0,0.0,-0.0,-0.0
fier,word,0.0,7.0,0.0,0.0,7.0,0.0,1.0,0.0,0.0,-0.0,-0.0
films,word,0.0,0.0,0.0,6.0,6.0,0.0,0.0,0.0,1.0,-0.0,-0.0
finale,lemma,0.0,0.0,0.0,4.0,4.0,0.0,0.0,0.0,1.0,-0.0,-0.0
finale,word,0.0,0.0,0.0,4.0,4.0,0.0,0.0,0.0,1.0,-0.0,-0.0
fière,lemma,0.0,3.0,0.0,0.0,3.0,0.0,1.0,0.0,0.0,-0.0,-0.0
face,lemma,0.0,0.0,0.0,5.0,5.0,0.0,0.0,0.0,1.0,-0.0,-0.0
face,word,0.0,0.0,0.0,5.0,5.0,0.0,0.0,0.0,1.0,-0.0,-0.0
pénible,lemma,0.0,3.0,0.0,0.0,3.0,0.0,1.0,0.0,0.0,-0.0,-0.0
remporte,word,0.0,0.0,0.0,17.0,17.0,0.0,0.0,0.0,1.0,-0.0,-0.0
environ,lemma,0.0,0.0,0.0,4.0,4.0,0.0,0.0,0.0,1.0,-0.0,-0.0
environ,word,0.0,0.0,0.0,4.0,4.0,0.0,0.0,0.0,1.0,-0.0,-0.0
envoyé,word,3.0,0.0,0.0,0.0,3.0,1.0,0.0,0.0,0.0,-0.0,-0.0
espèces,word,0.0,0.0,0.0,5.0,5.0,0.0,0.0,0.0,1.0,-0.0,-0.0
ete,lemma,0.0,0.0,4.0,0.0,4.0,0.0,0.0,1.0,0.0,-0.0,-0.0
etes,word,0.0,0.0,4.0,0.0,4.0,0.0,0.0,1.0,0.0,-0.0,-0.0
euro,word,0.0,0.0,0.0,3.0,3.0,0.0,0.0,0.0,1.0,-0.0,-0.0
enfermer,word,3.0,0.0,0.0,0.0,3.0,1.0,0.0,0.0,0.0,-0.0,-0.0
enfermés,word,0.0,0.0,0.0,4.0,4.0,0.0,0.0,0.0,1.0,-0.0,-0.0
enfin,lemma,0.0,0.0,3.0,0.0,3.0,0.0,0.0,1.0,0.0,-0.0,-0.0
enfin,word,0.0,0.0,3.0,0.0,3.0,0.0,0.0,1.0,0.0,-0.0,-0.0
enfuir,lemma,5.0,0.0,0.0,0.0,5.0,1.0,0.0,0.0,0.0,-0.0,-0.0
expérience,word,0.0,0.0,0.0,4.0,4.0,0.0,0.0,0.0,1.0,-0.0,-0.0
entrer,word,0.0,0.0,0.0,3.0,3.0,0.0,0.0,0.0,1.0,-0.0,-0.0
remporté,word,0.0,0.0,0.0,24.0,24.0,0.0,0.0,0.0,1.0,-0.0,-0.0
remportée,word,0.0,0.0,0.0,3.0,3.0,0.0,0.0,0.0,1.0,-0.0,-0.0
rendait,word,3.0,0.0,0.0,0.0,3.0,1.0,0.0,0.0,0.0,-0.0,-0.0
renvoyé,word,0.0,0.0,0.0,5.0,5.0,0.0,0.0,0.0,1.0,-0.0,-0.0
reprochaient,lemma,4.0,0.0,0.0,0.0,4.0,1.0,0.0,0.0,0.0,-0.0,-0.0
reprochaient,word,4.0,0.0,0.0,0.0,4.0,1.0,0.0,0.0,0.0,-0.0,-0.0
reproche,word,11.0,0.0,0.0,0.0,11.0,1.0,0.0,0.0,0.0,-0.0,-0.0
reprochent,word,11.0,0.0,0.0,0.0,11.0,1.0,0.0,0.0,0.0,-0.0,-0.0
reprocher,lemma,23.0,0.0,0.0,0.0,23.0,1.0,0.0,0.0,0.0,-0.0,-0.0
retard,lemma,0.0,0.0,0.0,3.0,3.0,0.0,0.0,0.0,1.0,-0.0,-0.0
eh,lemma,0.0,0.0,4.0,0.0,4.0,0.0,0.0,1.0,0.0,-0.0,-0.0
eh,word,0.0,0.0,4.0,0.0,4.0,0.0,0.0,1.0,0.0,-0.0,-0.0
entamer,lemma,3.0,0.0,0.0,0.0,3.0,1.0,0.0,0.0,0.0,-0.0,-0.0
extraordinaire,lemma,0.0,3.0,0.0,0.0,3.0,0.0,1.0,0.0,0.0,-0.0,-0.0
redoute,word,0.0,6.0,0.0,0.0,6.0,0.0,1.0,0.0,0.0,-0.0,-0.0
redouter,lemma,0.0,9.0,0.0,0.0,9.0,0.0,1.0,0.0,0.0,-0.0,-0.0
regrette,word,0.0,8.0,0.0,0.0,8.0,0.0,1.0,0.0,0.0,-0.0,-0.0
regretter,lemma,0.0,8.0,0.0,0.0,8.0,0.0,1.0,0.0,0.0,-0.0,-0.0
remplie,word,0.0,0.0,0.0,3.0,3.0,0.0,0.0,0.0,1.0,-0.0,-0.0
remplir,lemma,0.0,0.0,0.0,3.0,3.0,0.0,0.0,0.0,1.0,-0.0,-0.0
manifestaient,lemma,3.0,0.0,0.0,0.0,3.0,1.0,0.0,0.0,0.0,-0.0,-0.0
manifestaient,word,3.0,0.0,0.0,0.0,3.0,1.0,0.0,0.0,0.0,-0.0,-0.0
manifeste,lemma,4.0,0.0,0.0,0.0,4.0,1.0,0.0,0.0,0.0,-0.0,-0.0
manifeste,word,4.0,0.0,0.0,0.0,4.0,1.0,0.0,0.0,0.0,-0.0,-0.0
manifestent,lemma,15.0,0.0,0.0,0.0,15.0,1.0,0.0,0.0,0.0,-0.0,-0.0
manifestent,word,15.0,0.0,0.0,0.0,15.0,1.0,0.0,0.0,0.0,-0.0,-0.0
magique,lemma,0.0,4.0,0.0,0.0,4.0,0.0,1.0,0.0,0.0,-0.0,-0.0
manifester,word,15.0,0.0,0.0,0.0,15.0,1.0,0.0,0.0,0.0,-0.0,-0.0
manifesté,word,16.0,0.0,0.0,0.0,16.0,1.0,0.0,0.0,0.0,-0.0,-0.0
marier,lemma,0.0,0.0,0.0,5.0,5.0,0.0,0.0,0.0,1.0,-0.0,-0.0
marié,lemma,0.0,0.0,0.0,3.0,3.0,0.0,0.0,0.0,1.0,-0.0,-0.0
mariés,word,0.0,0.0,0.0,3.0,3.0,0.0,0.0,0.0,1.0,-0.0,-0.0
pareil,lemma,0.0,0.0,3.0,0.0,3.0,0.0,0.0,1.0,0.0,-0.0,-0.0
participe,word,0.0,0.0,0.0,4.0,4.0,0.0,0.0,0.0,1.0,-0.0,-0.0
participer,lemma,0.0,0.0,0.0,8.0,8.0,0.0,0.0,0.0,1.0,-0.0,-0.0
participer,word,0.0,0.0,0.0,3.0,3.0,0.0,0.0,0.0,1.0,-0.0,-0.0
légende,lemma,0.0,0.0,0.0,3.0,3.0,0.0,0.0,0.0,1.0,-0.0,-0.0
légende,word,0.0,0.0,0.0,3.0,3.0,0.0,0.0,0.0,1.0,-0.0,-0.0
maduro,lemma,4.0,0.0,0.0,0.0,4.0,1.0,0.0,0.0,0.0,-0.0,-0.0
maduro,word,4.0,0.0,0.0,0.0,4.0,1.0,0.0,0.0,0.0,-0.0,-0.0
manifester,lemma,32.0,0.0,0.0,0.0,32.0,1.0,0.0,0.0,0.0,-0.0,-0.0
