marker_value,spacy_count,stanza_count,total_count,match_key,lexicon_match_status,exact_lexicon_term,exact_lexicon_category,in_lexique_emotionnel,best_candidate_term,best_candidate_category,best_candidate_confidence,best_candidate_repair_type
peur,131,131,262,peur,exact,peur,peur,True,,,,
soi,0,175,175,soi,no_match,,,False,,,,
accuser,69,87,156,accuser,no_match,,,False,,,,
manifestation,70,70,140,manifestation,no_match,,,False,,,,
menacer,67,45,112,menacer,exact,menacer,peur,True,,,,
fuir,52,53,105,fuir,no_match,,,False,,,,
critiquer,55,49,104,critiquer,exact,critiquer,mepris,True,,,,
drôle,47,47,94,drole,exact,drôle,joie,True,,,,
dangereux,13,80,93,dangereux,exact,dangereux,peur,True,,,,
choquer,50,40,90,choquer,no_match,,,False,,,,
gros,44,46,90,gros,no_match,,,False,,,,
surprise,41,46,87,surprise,exact,surprise,surprise,True,,,,
bon,43,43,86,bon,no_match,,,False,,,,
inquiéter,24,58,82,inquieter,exact,inquiéter,peur,True,,,,
victime,36,45,81,victime,no_match,,,False,,,,
pleurer,45,32,77,pleurer,repaired_high,,,False,pleureur,comportement,high,shared_long_stem_edit_distance
inquiet,56,20,76,inquiet,exact,inquiet,peur,True,,,,
réclamer,39,37,76,reclamer,no_match,,,False,,,,
guerre,37,37,74,guerre,no_match,,,False,,,,
grave,36,36,72,grave,no_match,,,False,,,,
danger,35,35,70,danger,exact,danger,peur,True,,,,
gagner,31,37,68,gagner,no_match,,,False,,,,
heureux,35,32,67,heureux,exact,heureux,joie,True,,,,
remporter,29,38,67,remporter,no_match,,,False,,,,
hommage,33,33,66,hommage,no_match,,,False,,,,
tuer,30,35,65,tuer,no_match,,,False,,,,
fête,32,32,64,fete,no_match,,,False,,,,
content,30,30,60,content,exact,content,joie,True,,,,
voir,29,30,59,voir,no_match,,,False,,,,
juste,29,29,58,juste,no_match,,,False,,,,
triste,29,29,58,triste,exact,triste,tristesse,True,,,,
mort,28,29,57,mort,no_match,,,False,,,,
dangereu,56,0,56,dangereu,repaired_high,,,False,dangereux,peur,high,truncated_prefix_marker
protester,29,27,56,protester,no_match,,,False,,,,
vie,28,28,56,vie,no_match,,,False,,,,
colère,1,54,55,colere,exact,colère,colere,True,,,,
difficile,27,27,54,difficile,no_match,,,False,,,,
violence,27,27,54,violence,no_match,,,False,,,,
colèr,53,0,53,coler,repaired_high,,,False,colère,colere,high,truncated_prefix_marker
assez,26,26,52,assez,no_match,,,False,,,,
craindre,15,37,52,craindre,exact,craindre,peur,True,,,,
découvrir,26,26,52,decouvrir,no_match,,,False,,,,
dénoncer,26,26,52,denoncer,no_match,,,False,,,,
manifester,20,32,52,manifester,no_match,,,False,,,,
plaisir,26,26,52,plaisir,exact,plaisir,joie,True,,,,
grand,25,26,51,grand,no_match,,,False,,,,
grève,11,40,51,greve,no_match,,,False,,,,
protéger,24,26,50,proteger,no_match,,,False,,,,
étonnant,25,25,50,etonnant,exact,étonnant,surprise,True,,,,
insulte,24,25,49,insulte,no_match,,,False,,,,
attaquer,24,24,48,attaquer,no_match,,,False,,,,
fou,23,24,47,fou,no_match,,,False,,,,
mauvais,21,24,45,mauvais,repaired_high,,,False,mauvaiseté,inhumanite,high,truncated_prefix_marker
rire,14,31,45,rire,exact,rire,joie,True,,,,
exploit,19,25,44,exploit,no_match,,,False,,,,
record,21,23,44,record,no_match,,,False,,,,
tg,22,22,44,tg,no_match,,,False,,,,
arrêter,21,22,43,arreter,no_match,,,False,,,,
prendre,22,21,43,prendre,no_match,,,False,,,,
accord,21,21,42,accord,no_match,,,False,,,,
étonner,20,22,42,etonner,exact,étonner,surprise,True,,,,
premier,19,22,41,premier,no_match,,,False,,,,
déjà,20,20,40,deja,no_match,,,False,,,,
réussir,19,21,40,reussir,no_match,,,False,,,,
insulter,23,16,39,insulter,no_match,,,False,,,,
prix,19,20,39,prix,no_match,,,False,,,,
beau,14,24,38,beau,no_match,,,False,,,,
coup,19,19,38,coup,no_match,,,False,,,,
crier,19,19,38,crier,exact,crier,comportement,True,,,,
aimer,19,18,37,aimer,exact,aimer,amour,True,,,,
amuser,25,12,37,amuser,exact,amuser,joie,True,,,,
mourir,19,18,37,mourir,no_match,,,False,,,,
souffrir,20,17,37,souffrir,no_match,,,False,,,,
fier,18,18,36,fier,exact,fier,fierte,True,,,,
heureusement,18,18,36,heureusement,exact,heureusement,joie,True,,,,
mécontentement,18,18,36,mecontentement,exact,mécontentement,colere,True,,,,
oh,18,18,36,oh,no_match,,,False,,,,
bloquer,20,15,35,bloquer,no_match,,,False,,,,
menace,7,28,35,menace,exact,menace,peur,True,,,,
reprocher,12,23,35,reprocher,exact,reprocher,culpabilite,True,,,,
argent,17,17,34,argent,no_match,,,False,,,,
falloir,17,17,34,falloir,no_match,,,False,,,,
parler,14,20,34,parler,no_match,,,False,,,,
quitter,16,18,34,quitter,no_match,,,False,,,,
terrible,17,17,34,terrible,exact,terrible,peur,True,,,,
victoire,17,17,34,victoire,no_match,,,False,,,,
mettre,16,17,33,mettre,no_match,,,False,,,,
génial,16,16,32,genial,no_match,,,False,,,,
joie,16,16,32,joie,exact,joie,joie,True,,,,
meilleur,16,16,32,meilleur,no_match,,,False,,,,
merde,14,18,32,merde,no_match,,,False,,,,
monde,16,16,32,monde,no_match,,,False,,,,
petit,16,16,32,petit,no_match,,,False,petit ami,amour,medium,truncated_prefix_marker
protestation,16,16,32,protestation,no_match,,,False,,,,
refuser,16,16,32,refuser,no_match,,,False,,,,
croire,13,18,31,croire,no_match,,,False,,,,
sourire,17,14,31,sourire,exact,sourire,comportement,True,,,,
violent,13,18,31,violent,no_match,,,False,,,,
choquante,14,16,30,choquante,no_match,,,False,,,,
horrible,15,15,30,horrible,exact,horrible,peur,True,,,,
impressionner,23,7,30,impressionner,no_match,,,False,,,,
laisser,12,18,30,laisser,no_match,,,False,,,,
malheur,15,15,30,malheur,exact,malheur,tristesse,True,,,,
manifestent,15,15,30,manifestent,no_match,,,False,,,,
perdre,14,16,30,perdre,no_match,,,False,,,,
pute,15,15,30,pute,no_match,,,False,,,,
bonheur,14,14,28,bonheur,exact,bonheur,joie,True,,,,
critique,14,14,28,critique,exact,critique,mepris,True,,,,
impressionnant,7,21,28,impressionnant,no_match,,,False,,,,
injuste,14,14,28,injuste,no_match,,,False,,,,
passer,14,14,28,passer,no_match,,,False,,,,
risque,14,14,28,risque,no_match,,,False,,,,
trouver,14,14,28,trouver,no_match,,,False,,,,
attentat,12,15,27,attentat,no_match,,,False,,,,
chance,13,13,26,chance,no_match,,,False,,,,
conflit,13,13,26,conflit,no_match,,,False,,,,
mere,13,13,26,mere,no_match,,,False,,,,
contre,12,13,25,contre,no_match,,,False,contrit,culpabilite,medium,shared_long_stem_edit_distance
dur,12,13,25,dur,no_match,,,False,,,,
rendre,12,13,25,rendre,no_match,,,False,,,,
vivre,12,13,25,vivre,no_match,,,False,,,,
champion,16,8,24,champion,no_match,,,False,,,,
désaccord,12,12,24,desaccord,no_match,,,False,,,,
encore,12,12,24,encore,no_match,,,False,,,,
fois,12,12,24,fois,no_match,,,False,,,,
grever,24,0,24,grever,no_match,,,False,,,,
injustice,12,12,24,injustice,no_match,,,False,,,,
pourtant,12,12,24,pourtant,no_match,,,False,,,,
rêve,12,12,24,reve,no_match,,,False,,,,
savoir,10,14,24,savoir,no_match,,,False,,,,
décevoir,6,17,23,decevoir,exact,décevoir,deplaisir,True,,,,
idée,11,12,23,idee,no_match,,,False,,,,
bande,11,11,22,bande,no_match,,,False,,,,
cher,11,11,22,cher,no_match,,,False,chéri,amour,medium,same_prefix_fuzzy
chose,11,11,22,chose,no_match,,,False,,,,
deux,11,11,22,deux,no_match,,,False,,,,
détruire,8,14,22,detruire,no_match,,,False,,,,
ftg,11,11,22,ftg,no_match,,,False,,,,
inquiétude,11,11,22,inquietude,exact,inquiétude,peur,True,,,,
merci,11,11,22,merci,no_match,,,False,,,,
médaille,6,16,22,medaille,no_match,,,False,,,,
panique,11,11,22,panique,exact,panique,peur,True,,,,
pauvre,11,11,22,pauvre,no_match,,,False,,,,
rir,22,0,22,rir,no_match,,,False,,,,
rue,11,11,22,rue,no_match,,,False,,,,
taire,20,2,22,taire,no_match,,,False,,,,
travailler,11,11,22,travailler,no_match,,,False,,,,
amusant,13,8,21,amusant,exact,amusant,joie,True,,,,
noir,10,11,21,noir,no_match,,,False,,,,
arriver,10,10,20,arriver,no_match,,,False,,,,
attendre,10,10,20,attendre,repaired_high,,,False,attendri,empathie,high,shared_long_stem_edit_distance
frrrintek,10,10,20,frrrintek,no_match,,,False,,,,
gens,10,10,20,gens,no_match,,,False,,,,
incroyable,10,10,20,incroyable,no_match,,,False,,,,
malade,10,10,20,malade,no_match,,,False,,,,
nouveau,10,10,20,nouveau,no_match,,,False,,,,
pile,10,10,20,pile,no_match,,,False,,,,
porter,10,10,20,porter,no_match,,,False,,,,
problème,8,12,20,probleme,no_match,,,False,,,,
respecter,10,10,20,respecter,exact,respecter,admiration,True,,,,
route,10,10,20,route,no_match,,,False,,,,
sale,9,11,20,sale,no_match,,,False,,,,
super,10,10,20,super,no_match,,,False,,,,
travail,10,10,20,travail,no_match,,,False,,,,
tristesse,10,10,20,tristesse,exact,tristesse,tristesse,True,,,,
venir,10,10,20,venir,no_match,,,False,,,,
vraiment,10,10,20,vraiment,no_match,,,False,,,,
étrange,10,10,20,etrange,no_match,,,False,,,,
accus,19,0,19,accus,no_match,,,False,,,,
affronter,10,9,19,affronter,repaired_high,,,False,affront,embarras,high,inflected_or_extended_marker
battre,5,14,19,battre,no_match,,,False,,,,
cacher,11,8,19,cacher,no_match,,,False,,,,
chasser,9,10,19,chasser,no_match,,,False,,,,
craignent,19,0,19,craignent,no_match,,,False,,,,
demander,6,13,19,demander,no_match,,,False,,,,
effrayer,11,8,19,effrayer,exact,effrayer,peur,True,,,,
marrant,11,8,19,marrant,exact,marrant,joie,True,,,,
mécontent,10,9,19,mecontent,exact,mécontent,colere,True,,,,
penser,9,10,19,penser,no_match,,,False,,,,
sentir,9,10,19,sentir,no_match,,,False,,,,
aise,9,9,18,aise,no_match,,,False,,,,
contestation,9,9,18,contestation,no_match,,,False,,,,
dérange,9,9,18,derange,no_match,,,False,,,,
ferme,9,9,18,ferme,no_match,,,False,,,,
jouer,9,9,18,jouer,no_match,,,False,,,,
jour,9,9,18,jour,no_match,,,False,,,,
mot,9,9,18,mot,no_match,,,False,,,,
normal,9,9,18,normal,no_match,,,False,,,,
peine,9,9,18,peine,exact,peine,tristesse,True,,,,
plainte,9,9,18,plainte,no_match,,,False,,,,
porc,9,9,18,porc,no_match,,,False,,,,
pourquoi,9,9,18,pourquoi,no_match,,,False,,,,
révolte,9,9,18,revolte,exact,révolte,colere,True,,,,
silence,9,9,18,silence,no_match,,,False,,,,
surprenant,9,9,18,surprenant,exact,surprenant,surprise,True,,,,
temps,9,9,18,temps,no_match,,,False,,,,
tension,9,9,18,tension,exact,tension,deplaisir,True,,,,
troupe,9,9,18,troupe,no_match,,,False,,,,
œil,1,17,18,œil,no_match,,,False,,,,
agresser,8,9,17,agresser,no_match,,,False,,,,
agression,8,9,17,agression,no_match,,,False,,,,
blague,6,11,17,blague,no_match,,,False,,,,
effondrer,7,10,17,effondrer,no_match,,,False,,,,
luire,17,0,17,luire,no_match,,,False,,,,
maison,8,9,17,maison,no_match,,,False,,,,
pays,8,9,17,pays,no_match,,,False,,,,
plaindre,9,8,17,plaindre,no_match,,,False,plaire,amour,medium,same_prefix_fuzzy
refuge,8,9,17,refuge,no_match,,,False,,,,
rejeter,8,9,17,rejeter,no_match,,,False,,,,
réfugier,10,7,17,refugier,no_match,,,False,,,,
école,8,9,17,ecole,no_match,,,False,,,,
amour,8,8,16,amour,exact,amour,amour,True,,,,
attaque,7,9,16,attaque,no_match,,,False,,,,
casser,14,2,16,casser,no_match,,,False,,,,
con,9,7,16,con,no_match,,,False,,,,
danseur,10,6,16,danseur,no_match,,,False,,,,
dormir,8,8,16,dormir,no_match,,,False,,,,
empêcher,8,8,16,empecher,no_match,,,False,,,,
enfant,8,8,16,enfant,no_match,,,False,,,,
entendre,8,8,16,entendre,no_match,,,False,,,,
exceptionnel,6,10,16,exceptionnel,no_match,,,False,,,,
famille,8,8,16,famille,no_match,,,False,,,,
fort,8,8,16,fort,no_match,,,False,,,,
honneur,8,8,16,honneur,exact,honneur,fierte,True,,,,
imposer,6,10,16,imposer,no_match,,,False,,,,
main,8,8,16,main,no_match,,,False,,,,
mieux,8,8,16,mieux,no_match,,,False,,,,
oeil,16,0,16,oeil,no_match,,,False,,,,
peu,8,8,16,peu,no_match,,,False,,,,
recevoir,8,8,16,recevoir,no_match,,,False,,,,
regretter,8,8,16,regretter,exact,regretter,culpabilite,True,,,,
récompense,8,8,16,recompense,no_match,,,False,,,,
souvenir,8,8,16,souvenir,no_match,,,False,,,,
star,8,8,16,star,no_match,,,False,,,,
subir,7,9,16,subir,no_match,,,False,,,,
surprendre,2,14,16,surprendre,exact,surprendre,surprise,True,,,,
surpris,16,0,16,surpris,exact,surpris,surprise,True,,,,
sûr,8,8,16,sur,no_match,,,False,,,,
terroriste,7,9,16,terroriste,repaired_high,,,False,terroriser,peur,high,shared_long_stem_edit_distance
tranquille,8,8,16,tranquille,exact,tranquille,apaisement,True,,,,
vite,8,8,16,vite,no_match,,,False,,,,
voler,8,8,16,voler,no_match,,,False,,,,
contester,7,8,15,contester,no_match,,,False,contenter,joie,medium,same_prefix_fuzzy
célébrer,5,10,15,celebrer,no_match,,,False,,,,
gueule,6,9,15,gueule,no_match,,,False,,,,
harceler,10,5,15,harceler,no_match,,,False,,,,
juif,8,7,15,juif,no_match,,,False,,,,
manifesté,15,0,15,manifeste,no_match,,,False,,,,
new,7,8,15,new,no_match,,,False,,,,
ravi,4,11,15,ravi,exact,ravi,joie,True,,,,
renvoyer,8,7,15,renvoyer,no_match,,,False,,,,
reproche,13,2,15,reproche,exact,reproche,culpabilite,True,,,,
réjouir,8,7,15,rejouir,exact,réjouir,joie,True,,,,
spectaculaire,7,8,15,spectaculaire,no_match,,,False,,,,
suffire,8,7,15,suffire,no_match,,,False,,,,
air,7,7,14,air,no_match,,,False,,,,
an,7,7,14,an,no_match,,,False,,,,
arrete,7,7,14,arrete,no_match,,,False,,,,
beaucoup,7,7,14,beaucoup,no_match,,,False,,,,
confiance,7,7,14,confiance,exact,confiance,audace,True,,,,
cool,7,7,14,cool,no_match,,,False,,,,
cp,7,7,14,cp,no_match,,,False,,,,
disputer,7,7,14,disputer,exact,disputer,colere,True,,,,
effrayant,6,8,14,effrayant,exact,effrayant,peur,True,,,,
hasard,7,7,14,hasard,no_match,,,False,,,,
histoire,7,7,14,histoire,no_match,,,False,,,,
insolite,7,7,14,insolite,no_match,,,False,,,,
larme,7,7,14,larme,no_match,,,False,,,,
malheureusement,7,7,14,malheureusement,exact,malheureusement,tristesse,True,,,,
marre,7,7,14,marre,repaired_high,,,False,marrer,joie,high,truncated_prefix_marker
merveilleux,7,7,14,merveilleux,exact,merveilleux,joie,True,,,,
moment,7,7,14,moment,no_match,,,False,,,,
occasion,7,7,14,occasion,no_match,,,False,,,,
occuper,7,7,14,occuper,no_match,,,False,,,,
olympique,7,7,14,olympique,no_match,,,False,,,,
paul,7,7,14,paul,no_match,,,False,,,,
redouter,6,8,14,redouter,exact,redouter,peur,True,,,,
stop,7,7,14,stop,no_match,,,False,,,,
tendre,13,1,14,tendre,exact,tendre,amour,True,,,,
venger,7,7,14,venger,no_match,,,False,,,,
énorme,7,7,14,enorme,no_match,,,False,,,,
amuse,0,13,13,amuse,repaired_high,,,False,amuser,joie,high,truncated_prefix_marker
arme,4,9,13,arme,no_match,,,False,,,,
catastrophe,5,8,13,catastrophe,no_match,,,False,,,,
crasseuse,6,7,13,crasseuse,no_match,,,False,,,,
embête,6,7,13,embete,repaired_high,,,False,embêter,deplaisir,high,truncated_prefix_marker
enfermer,7,6,13,enfermer,no_match,,,False,,,,
enfuir,8,5,13,enfuir,no_match,,,False,,,,
exploser,5,8,13,exploser,no_match,,,False,,,,
opposer,6,7,13,opposer,no_match,,,False,,,,
partir,7,6,13,partir,no_match,,,False,,,,
persécuter,4,9,13,persecuter,no_match,,,False,,,,
servir,5,8,13,servir,no_match,,,False,,,,
tête,6,7,13,tete,no_match,,,False,,,,
admirer,6,6,12,admirer,exact,admirer,admiration,True,,,,
ailey,6,6,12,ailey,no_match,,,False,,,,
alvin,6,6,12,alvin,no_match,,,False,,,,
ami,6,6,12,ami,exact,ami,amour,True,,,,
angoisse,6,6,12,angoisse,exact,angoisse,peur,True,,,,
appeler,6,6,12,appeler,no_match,,,False,appéter,desir,medium,same_prefix_fuzzy
avant,6,6,12,avant,no_match,,,False,,,,
avis,5,7,12,avis,no_match,,,False,,,,
continuer,6,6,12,continuer,no_match,,,False,,,,
couille,6,6,12,couille,no_match,,,False,,,,
danse,6,6,12,danse,no_match,,,False,,,,
danser,8,4,12,danser,no_match,,,False,,,,
descendre,10,2,12,descendre,no_match,,,False,,,,
devenir,6,6,12,devenir,no_match,,,False,,,,
dictature,6,6,12,dictature,no_match,,,False,,,,
disparaître,4,8,12,disparaitre,no_match,,,False,,,,
encourager,6,6,12,encourager,no_match,,,False,,,,
enthousiasme,4,8,12,enthousiasme,exact,enthousiasme,joie,True,,,,
famine,6,6,12,famine,no_match,,,False,,,,
faute,6,6,12,faute,exact,faute,culpabilite,True,,,,
gouine,6,6,12,gouine,no_match,,,False,,,,
hausse,6,6,12,hausse,no_match,,,False,,,,
honte,2,10,12,honte,exact,honte,embarras,True,,,,
hors,6,6,12,hors,no_match,,,False,,,,
héros,6,6,12,heros,no_match,,,False,,,,
inégalité,6,6,12,inegalite,no_match,,,False,,,,
julien,7,5,12,julien,no_match,,,False,,,,
maltraité,5,7,12,maltraite,no_match,,,False,,,,
manger,7,5,12,manger,no_match,,,False,,,,
mariage,5,7,12,mariage,no_match,,,False,,,,
moquer,6,6,12,moquer,no_match,,,False,,,,
mouvement,6,6,12,mouvement,no_match,,,False,,,,
photo,6,6,12,photo,no_match,,,False,,,,
réclame,12,0,12,reclame,no_match,,,False,,,,
seul,6,6,12,seul,no_match,,,False,,,,
sexuel,6,6,12,sexuel,no_match,,,False,,,,
supporter,7,5,12,supporter,no_match,,,False,,,,
sécheresse,6,6,12,secheresse,no_match,,,False,,,,
tendu,0,12,12,tendu,exact,tendu,deplaisir,True,,,,
tenir,5,7,12,tenir,no_match,,,False,,,,
tomber,4,8,12,tomber,no_match,,,False,,,,
voix,6,6,12,voix,no_match,,,False,,,,
vrai,5,7,12,vrai,no_match,,,False,,,,
émerveiller,6,6,12,emerveiller,exact,émerveiller,admiration,True,,,,
cadeau,4,7,11,cadeau,no_match,,,False,,,,
dangereuse,11,0,11,dangereuse,repaired_high,,,False,dangereux,peur,high,shared_long_stem_edit_distance
dansé,4,7,11,danse,no_match,,,False,,,,
entrer,8,3,11,entrer,no_match,,,False,,,,
fâché,5,6,11,fache,exact,fâché,colere,True,,,,
plaire,5,6,11,plaire,exact,plaire,amour,True,,,,
pleuré,0,11,11,pleure,repaired_high,,,False,pleureur,comportement,high,truncated_prefix_marker
puissant,6,5,11,puissant,no_match,,,False,,,,
quel,4,7,11,quel,no_match,,,False,,,,
regarder,5,6,11,regarder,no_match,,,False,,,,
retrouver,5,6,11,retrouver,no_match,,,False,,,,
réduire,5,6,11,reduire,no_match,,,False,,,,
révolter,8,3,11,revolter,exact,révolter,colere,True,,,,
sortir,4,7,11,sortir,no_match,,,False,,,,
tirer,4,7,11,tirer,no_match,,,False,,,,
traiter,9,2,11,traiter,no_match,,,False,,,,
v,10,1,11,v,no_match,,,False,,,,
vs,0,11,11,vs,no_match,,,False,,,,
échapper,6,5,11,echapper,no_match,,,False,,,,
ah,5,5,10,ah,no_match,,,False,,,,
ailleurs,5,5,10,ailleurs,no_match,,,False,,,,
anglais,5,5,10,anglais,no_match,,,False,,,,
arracher,6,4,10,arracher,no_match,,,False,,,,
bravo,5,5,10,bravo,exact,bravo,admiration,True,,,,
brice,5,5,10,brice,no_match,,,False,,,,
casse,0,10,10,casse,no_match,,,False,,,,
cauchemar,5,5,10,cauchemar,exact,cauchemar,peur,True,,,,
chien,5,5,10,chien,no_match,,,False,,,,
commun,5,5,10,commun,no_match,,,False,,,,
corruption,5,5,10,corruption,no_match,,,False,,,,
douer,10,0,10,douer,no_match,,,False,,,,
doué,0,10,10,doue,no_match,,,False,,,,
découverte,5,5,10,decouverte,no_match,,,False,,,,
défendre,5,5,10,defendre,no_match,,,False,,,,
dépression,5,5,10,depression,no_match,,,False,,,,
espionner,5,5,10,espionner,no_match,,,False,,,,
excuse,5,5,10,excuse,no_match,,,False,,,,
fille,5,5,10,fille,no_match,,,False,,,,
forcer,5,5,10,forcer,no_match,,,False,,,,
frapper,3,7,10,frapper,no_match,,,False,,,,
fuite,5,5,10,fuite,no_match,,,False,,,,
fêter,5,5,10,feter,no_match,,,False,,,,
harcelé,4,6,10,harcele,no_match,,,False,,,,
heure,5,5,10,heure,repaired_high,,,False,heureux,joie,high,truncated_prefix_marker
immense,5,5,10,immense,no_match,,,False,,,,
important,5,5,10,important,repaired_high,,,False,importun,colere,high,shared_long_stem_edit_distance
inédit,5,5,10,inedit,no_match,,,False,,,,
langue,5,5,10,langue,no_match,,,False,,,,
lutte,5,5,10,lutte,no_match,,,False,,,,
maladie,3,7,10,maladie,no_match,,,False,,,,
moquerie,5,5,10,moquerie,no_match,,,False,,,,
méfiance,5,5,10,mefiance,exact,méfiance,peur,True,,,,
méfier,7,3,10,mefier,exact,méfier,peur,True,,,,
offrir,5,5,10,offrir,no_match,,,False,,,,
pardon,5,5,10,pardon,no_match,,,False,,,,
parent,5,5,10,parent,no_match,,,False,,,,
pd,5,5,10,pd,no_match,,,False,,,,
pierre,5,5,10,pierre,no_match,,,False,,,,
place,5,5,10,place,no_match,,,False,placide,apaisement,medium,same_prefix_fuzzy
point,6,4,10,point,no_match,,,False,,,,
prestigieux,6,4,10,prestigieux,no_match,,,False,,,,
préférer,6,4,10,preferer,exact,préférer,amour,True,,,,
rage,5,5,10,rage,exact,rage,colere,True,,,,
ravager,5,5,10,ravager,no_match,,,False,,,,
repas,5,5,10,repas,no_match,,,False,,,,
rester,4,6,10,rester,no_match,,,False,,,,
râler,4,6,10,raler,no_match,,,False,,,,
réclament,0,10,10,reclament,no_match,,,False,,,,
réveiller,5,5,10,reveiller,no_match,,,False,,,,
satisfaire,6,4,10,satisfaire,exact,satisfaire,joie,True,,,,
scandale,5,5,10,scandale,exact,scandale,colere,True,,,,
soeur,5,5,10,soeur,no_match,,,False,,,,
surveiller,5,5,10,surveiller,no_match,,,False,,,,
tas,5,5,10,tas,no_match,,,False,,,,
unique,5,5,10,unique,no_match,,,False,,,,
violer,9,1,10,violer,no_match,,,False,,,,
york,5,5,10,york,no_match,,,False,,,,
amus,9,0,9,amus,no_match,,,False,,,,
angoisser,5,4,9,angoisser,exact,angoisser,peur,True,,,,
blessé,3,6,9,blesse,no_match,,,False,,,,
condamner,2,7,9,condamner,repaired_high,,,False,condamné,culpabilite,high,inflected_or_extended_marker
conséquence,3,6,9,consequence,no_match,,,False,,,,
déchirer,5,4,9,dechirer,no_match,,,False,,,,
exclame,4,5,9,exclame,no_match,,,False,,,,
inspirer,4,5,9,inspirer,no_match,,,False,,,,
jaloux,7,2,9,jaloux,exact,jaloux,jalousie,True,,,,
lever,5,4,9,lever,no_match,,,False,,,,
manquer,5,4,9,manquer,no_match,,,False,,,,
persécuté,7,2,9,persecute,no_match,,,False,,,,
punir,4,5,9,punir,no_match,,,False,,,,
ravir,8,1,9,ravir,exact,ravir,joie,True,,,,
sécurité,4,5,9,securite,no_match,,,False,,,,
accident,4,4,8,accident,no_match,,,False,,,,
acclamer,4,4,8,acclamer,exact,acclamer,admiration,True,,,,
affrontement,4,4,8,affrontement,no_match,,,False,affront,embarras,medium,inflected_or_extended_marker
agressé,4,4,8,agresse,no_match,,,False,,,,
agréable,4,4,8,agreable,no_match,,,False,,,,
animal,4,4,8,animal,no_match,,,False,,,,
arabe,4,4,8,arabe,no_match,,,False,,,,
augmentation,4,4,8,augmentation,no_match,,,False,,,,
bah,4,4,8,bah,no_match,,,False,,,,
bille,4,4,8,bille,no_match,,,False,,,,
bombardement,4,4,8,bombardement,no_match,,,False,,,,
bouche,4,4,8,bouche,no_match,,,False,,,,
cause,4,4,8,cause,no_match,,,False,,,,
championne,0,8,8,championne,no_match,,,False,,,,
choc,4,4,8,choc,no_match,,,False,,,,
comment,4,4,8,comment,no_match,,,False,,,,
condition,4,4,8,condition,no_match,,,False,,,,
coupable,4,4,8,coupable,exact,coupable,culpabilite,True,,,,
cri,4,4,8,cri,exact,cri,comportement,True,,,,
crise,4,4,8,crise,no_match,,,False,,,,
critiqué,1,7,8,critique,exact,critique,mepris,True,,,,
croisière,4,4,8,croisiere,no_match,,,False,,,,
deuil,4,4,8,deuil,exact,deuil,tristesse,True,,,,
deuxième,4,4,8,deuxieme,no_match,,,False,,,,
disparu,6,2,8,disparu,no_match,,,False,,,,
dommage,4,4,8,dommage,no_match,,,False,,,,
droit,4,4,8,droit,no_match,,,False,,,,
défense,4,4,8,defense,no_match,,,False,,,,
déposer,4,4,8,deposer,no_match,,,False,,,,
détresse,4,4,8,detresse,exact,détresse,tristesse,True,,,,
eau,4,4,8,eau,no_match,,,False,,,,
eh,4,4,8,eh,no_match,,,False,,,,
embêtant,4,4,8,embetant,exact,embêtant,deplaisir,True,,,,
emporter,4,4,8,emporter,no_match,,,False,,,,
emprisonner,4,4,8,emprisonner,no_match,,,False,,,,
essayer,4,4,8,essayer,no_match,,,False,,,,
ete,4,4,8,ete,no_match,,,False,,,,
euro,4,4,8,euro,no_match,,,False,,,,
excellent,4,4,8,excellent,no_match,,,False,,,,
expulser,4,4,8,expulser,no_match,,,False,,,,
fan,4,4,8,fan,no_match,,,False,,,,
faux,4,4,8,faux,no_match,,,False,,,,
feu,3,5,8,feu,no_match,,,False,,,,
furieux,5,3,8,furieux,exact,furieux,colere,True,,,,
féliciter,4,4,8,feliciter,repaired_high,,,False,félicité,joie,high,inflected_or_extended_marker
gronder,5,3,8,gronder,no_match,,,False,,,,
hont,8,0,8,hont,no_match,,,False,honte,embarras,medium,same_prefix_fuzzy
humeur,4,4,8,humeur,exact,humeur,non_specifiee,True,,,,
humiliation,4,4,8,humiliation,exact,humiliation,embarras,True,,,,
importer,4,4,8,importer,repaired_high,,,False,importuner,colere,high,shared_long_stem_edit_distance
jeter,4,4,8,jeter,no_match,,,False,,,,
joyeux,4,4,8,joyeux,exact,joyeux,joie,True,,,,
lancer,3,5,8,lancer,no_match,,,False,,,,
loin,4,4,8,loin,no_match,,,False,,,,
longtemps,4,4,8,longtemps,no_match,,,False,,,,
magique,4,4,8,magique,no_match,,,False,,,,
malgré,4,4,8,malgre,no_match,,,False,,,,
manifeste,4,4,8,manifeste,no_match,,,False,,,,
marier,5,3,8,marier,no_match,,,False,,,,
mentir,4,4,8,mentir,no_match,,,False,,,,
nobel,4,4,8,nobel,no_match,,,False,,,,
odeur,4,4,8,odeur,no_match,,,False,,,,
oreille,4,4,8,oreille,no_match,,,False,,,,
oser,3,5,8,oser,no_match,,,False,,,,
personn,8,0,8,personn,no_match,,,False,,,,
pk,4,4,8,pk,no_match,,,False,,,,
plaisant,0,8,8,plaisant,exact,plaisant,amour,True,,,,
polémique,4,4,8,polemique,no_match,,,False,,,,
pote,4,4,8,pote,no_match,,,False,,,,
prison,4,4,8,prison,no_match,,,False,,,,
préoccupation,4,4,8,preoccupation,exact,préoccupation,peur,True,,,,
rare,3,5,8,rare,no_match,,,False,,,,
reprochaient,4,4,8,reprochaient,no_match,,,False,,,,
revendication,4,4,8,revendication,no_match,,,False,,,,
rigoler,6,2,8,rigoler,exact,rigoler,joie,True,,,,
rigolo,5,3,8,rigolo,exact,rigolo,joie,True,,,,
réaliser,4,4,8,realiser,no_match,,,False,,,,
rêver,3,5,8,rever,no_match,,,False,révérence,admiration,medium,truncated_prefix_marker
soleil,4,4,8,soleil,no_match,,,False,,,,
sou,8,0,8,sou,no_match,,,False,,,,
souci,4,4,8,souci,exact,souci,peur,True,,,,
soupirer,1,7,8,soupirer,no_match,,,False,,,,
stage,4,4,8,stage,no_match,,,False,,,,
surtout,4,4,8,surtout,no_match,,,False,,,,
sympa,4,4,8,sympa,exact,sympa,amour,True,,,,
tempête,3,5,8,tempete,no_match,,,False,,,,
timidement,4,4,8,timidement,exact,timidement,peur,True,,,,
traité,0,8,8,traite,no_match,,,False,,,,
vieux,4,4,8,vieux,no_match,,,False,,,,
élire,4,4,8,elire,no_match,,,False,,,,
émotion,4,4,8,emotion,exact,émotion,non_specifiee,True,,,,
étonnement,4,4,8,etonnement,exact,étonnement,surprise,True,,,,
alarmant,4,3,7,alarmant,exact,alarmant,peur,True,,,,
applaudir,2,5,7,applaudir,exact,applaudir,admiration,True,,,,
bel,7,0,7,bel,no_match,,,False,,,,
brûler,3,4,7,bruler,no_match,,,False,,,,
ca,7,0,7,ca,no_match,,,False,,,,
choquant,2,5,7,choquant,no_match,,,False,,,,
comprendre,3,4,7,comprendre,no_match,,,False,,,,
demande,7,0,7,demande,no_match,,,False,,,,
discrimination,3,4,7,discrimination,no_match,,,False,,,,
drole,3,4,7,drole,exact,drôle,joie,True,,,,
fermer,4,3,7,fermer,no_match,,,False,,,,
fierter,7,0,7,fierter,repaired_high,,,False,fierté,fierte,high,inflected_or_extended_marker
fierté,0,7,7,fierte,exact,fierté,fierte,True,,,,
laisse,6,1,7,laisse,no_match,,,False,,,,
montrer,1,6,7,montrer,no_match,,,False,,,,
ouvrir,3,4,7,ouvrir,no_match,,,False,,,,
parle,6,1,7,parle,no_match,,,False,,,,
persécution,3,4,7,persecution,no_match,,,False,,,,
plaisante,7,0,7,plaisante,repaired_high,,,False,plaisant,amour,high,inflected_or_extended_marker
préoccuper,4,3,7,preoccuper,exact,préoccuper,peur,True,,,,
r,4,3,7,r,no_match,,,False,,,,
risquer,4,3,7,risquer,no_match,,,False,,,,
sauter,3,4,7,sauter,no_match,,,False,,,,
soupire,7,0,7,soupire,no_match,,,False,,,,
tenter,3,4,7,tenter,exact,tenter,desir,True,,,,
torturer,4,3,7,torturer,no_match,,,False,,,,
truquer,4,3,7,truquer,no_match,,,False,,,,
état,3,4,7,etat,exact,état,non_specifiee,True,,,,
abri,3,3,6,abri,no_match,,,False,,,,
admiration,3,3,6,admiration,exact,admiration,admiration,True,,,,
affaire,3,3,6,affaire,no_match,,,False,,,,
agir,3,3,6,agir,no_match,,,False,,,,
aide,3,3,6,aide,no_match,,,False,,,,
aider,3,3,6,aider,no_match,,,False,,,,
alarme,3,3,6,alarme,exact,alarme,peur,True,,,,
alerte,3,3,6,alerte,exact,alerte,peur,True,,,,
amusent,2,4,6,amusent,repaired_high,,,False,amusement,joie,high,shared_long_stem_edit_distance
augmenter,3,3,6,augmenter,no_match,,,False,,,,
avance,2,4,6,avance,no_match,,,False,,,,
baise,2,4,6,baise,no_match,,,False,,,,
banal,3,3,6,banal,no_match,,,False,,,,
blesser,5,1,6,blesser,no_match,,,False,,,,
bonbon,3,3,6,bonbon,no_match,,,False,,,,
bouder,2,4,6,bouder,exact,bouder,colere,True,,,,
boum,3,3,6,boum,no_match,,,False,,,,
bée,3,3,6,bee,no_match,,,False,,,,
champ,3,3,6,champ,no_match,,,False,,,,
chienne,3,3,6,chienne,no_match,,,False,,,,
chier,3,3,6,chier,no_match,,,False,,,,
chouette,3,3,6,chouette,no_match,,,False,,,,
cible,3,3,6,cible,no_match,,,False,,,,
coeur,3,3,6,coeur,no_match,,,False,,,,
combat,3,3,6,combat,no_match,,,False,,,,
commettre,3,3,6,commettre,no_match,,,False,,,,
complètement,3,3,6,completement,no_match,,,False,,,,
connasse,3,3,6,connasse,no_match,,,False,,,,
connaître,3,3,6,connaitre,no_match,,,False,,,,
consterner,3,3,6,consterner,exact,consterner,tristesse,True,,,,
corps,3,3,6,corps,no_match,,,False,,,,
couleur,3,3,6,couleur,no_match,,,False,,,,
coupe,3,3,6,coupe,no_match,,,False,,,,
cour,3,3,6,cour,no_match,,,False,,,,
courir,3,3,6,courir,no_match,,,False,,,,
course,3,3,6,course,no_match,,,False,,,,
cu,3,3,6,cu,no_match,,,False,,,,
cul,3,3,6,cul,no_match,,,False,,,,
degouter,4,2,6,degouter,exact,dégoûter,degout,True,,,,
discriminer,3,3,6,discriminer,no_match,,,False,,,,
doigt,3,3,6,doigt,no_match,,,False,,,,
drame,3,3,6,drame,exact,drame,tristesse,True,,,,
décider,3,3,6,decider,no_match,,,False,,,,
déclarer,3,3,6,declarer,no_match,,,False,,,,
décourage,3,3,6,decourage,repaired_high,,,False,décourager,tristesse,high,truncated_prefix_marker
dégoût,3,3,6,degout,exact,dégoût,degout,True,,,,
désespérer,3,3,6,desesperer,exact,désespérer,tristesse,True,,,,
déçue,6,0,6,decue,no_match,,,False,déçu,deplaisir,medium,same_prefix_fuzzy
dîner,3,3,6,diner,no_match,,,False,,,,
effet,3,3,6,effet,no_match,,,False,,,,
emploi,3,3,6,emploi,no_match,,,False,,,,
enfin,3,3,6,enfin,no_match,,,False,,,,
envie,3,3,6,envie,exact,envie,desir,True,,,,
esprit,3,3,6,esprit,no_match,,,False,,,,
exiger,3,3,6,exiger,no_match,,,False,,,,
extraordinaire,3,3,6,extraordinaire,no_match,,,False,,,,
facile,3,3,6,facile,no_match,,,False,,,,
facilement,3,3,6,facilement,no_match,,,False,,,,
fake,3,3,6,fake,no_match,,,False,,,,
finir,4,2,6,finir,no_match,,,False,,,,
fière,3,3,6,fiere,no_match,,,False,fierté,fierte,medium,same_prefix_fuzzy
formidable,3,3,6,formidable,no_match,,,False,,,,
frustrer,6,0,6,frustrer,exact,frustrer,deplaisir,True,,,,
gagne,6,0,6,gagne,no_match,,,False,,,,
gloire,2,4,6,gloire,exact,gloire,admiration,True,,,,
graisse,3,3,6,graisse,no_match,,,False,,,,
gâteau,3,3,6,gateau,no_match,,,False,,,,
gêner,5,1,6,gener,no_match,,,False,,,,
gêné,2,4,6,gene,no_match,,,False,,,,
habit,3,3,6,habit,no_match,,,False,,,,
hein,3,3,6,hein,no_match,,,False,,,,
homme,2,4,6,homme,no_match,,,False,,,,
icône,3,3,6,icone,no_match,,,False,,,,
illégal,3,3,6,illegal,no_match,,,False,,,,
inattendu,3,3,6,inattendu,no_match,,,False,,,,
incapable,3,3,6,incapable,no_match,,,False,,,,
insister,3,3,6,insister,no_match,,,False,,,,
insuffisant,2,4,6,insuffisant,no_match,,,False,,,,
insulté,0,6,6,insulte,no_match,,,False,,,,
interdire,2,4,6,interdire,no_match,,,False,,,,
inventer,3,3,6,inventer,no_match,,,False,,,,
jeu,3,3,6,jeu,no_match,,,False,,,,
jeune,3,3,6,jeune,no_match,,,False,,,,
lettre,3,3,6,lettre,no_match,,,False,,,,
liberté,3,3,6,liberte,no_match,,,False,,,,
lutter,3,3,6,lutter,no_match,,,False,,,,
magnifique,3,3,6,magnifique,no_match,,,False,,,,
maîtrise,3,3,6,maitrise,no_match,,,False,,,,
mec,3,3,6,mec,no_match,,,False,,,,
mesure,3,3,6,mesure,no_match,,,False,,,,
million,3,3,6,million,no_match,,,False,,,,
minable,3,3,6,minable,no_match,,,False,,,,
misère,3,3,6,misere,exact,misère,tristesse,True,,,,
mobiliser,4,2,6,mobiliser,no_match,,,False,,,,
mondial,3,3,6,mondial,no_match,,,False,,,,
monstre,3,3,6,monstre,exact,monstre,peur,True,,,,
muslim,3,3,6,muslim,no_match,,,False,,,,
mystérieux,3,3,6,mysterieux,no_match,,,False,,,,
mère,3,3,6,mere,no_match,,,False,,,,
médaill,6,0,6,medaill,no_match,,,False,,,,
national,3,3,6,national,no_match,,,False,,,,
nom,3,3,6,nom,no_match,,,False,,,,
noël,3,3,6,noel,no_match,,,False,,,,
ntm,3,3,6,ntm,no_match,,,False,,,,
nuage,3,3,6,nuage,no_match,,,False,,,,
nul,3,3,6,nul,no_match,,,False,,,,
négatif,1,5,6,negatif,no_match,,,False,,,,
obliger,2,4,6,obliger,no_match,,,False,,,,
organiser,3,3,6,organiser,no_match,,,False,,,,
original,3,3,6,original,no_match,,,False,,,,
oublier,3,3,6,oublier,no_match,,,False,,,,
ours,3,3,6,ours,no_match,,,False,,,,
paix,3,3,6,paix,exact,paix,apaisement,True,,,,
papa,3,3,6,papa,no_match,,,False,,,,
parfait,2,4,6,parfait,no_match,,,False,,,,
paris,3,3,6,paris,no_match,,,False,,,,
partager,3,3,6,partager,no_match,,,False,,,,
partout,3,3,6,partout,no_match,,,False,,,,
party,3,3,6,party,no_match,,,False,,,,
pavé,3,3,6,pave,no_match,,,False,,,,
payer,3,3,6,payer,no_match,,,False,payer la tête,mepris,medium,truncated_prefix_marker
pied,3,3,6,pied,no_match,,,False,,,,
polluer,5,1,6,polluer,no_match,,,False,,,,
pollution,3,3,6,pollution,no_match,,,False,,,,
précipiter,3,3,6,precipiter,no_match,,,False,,,,
pur,3,3,6,pur,no_match,,,False,,,,
putain,3,3,6,putain,no_match,,,False,,,,
pyjama,3,3,6,pyjama,no_match,,,False,,,,
pénible,3,3,6,penible,no_match,,,False,,,,
question,3,3,6,question,no_match,,,False,,,,
raciste,3,3,6,raciste,no_match,,,False,,,,
raison,3,3,6,raison,no_match,,,False,,,,
relation,3,3,6,relation,no_match,,,False,relaxation,apaisement,medium,same_prefix_fuzzy
religion,3,3,6,religion,no_match,,,False,,,,
remettre,3,3,6,remettre,no_match,,,False,,,,
revenir,3,3,6,revenir,no_match,,,False,,,,
ri,3,3,6,ri,no_match,,,False,,,,
rigole,1,5,6,rigole,repaired_high,,,False,rigoler,joie,high,truncated_prefix_marker
rond,4,2,6,rond,no_match,,,False,,,,
rouler,3,3,6,rouler,no_match,,,False,,,,
rupture,3,3,6,rupture,no_match,,,False,,,,
récupérer,3,3,6,recuperer,no_match,,,False,,,,
réussite,3,3,6,reussite,no_match,,,False,,,,
sacrer,3,3,6,sacrer,no_match,,,False,,,,
santé,3,3,6,sante,no_match,,,False,,,,
satisfait,2,4,6,satisfait,exact,satisfait,joie,True,,,,
scène,3,3,6,scene,no_match,,,False,,,,
sexuellement,3,3,6,sexuellement,no_match,,,False,,,,
siffler,3,3,6,siffler,no_match,,,False,,,,
spectacle,3,3,6,spectacle,no_match,,,False,,,,
stupéfait,2,4,6,stupefait,no_match,,,False,,,,
succès,3,3,6,succes,no_match,,,False,,,,
suicider,3,3,6,suicider,no_match,,,False,,,,
suivre,1,5,6,suivre,no_match,,,False,,,,
supprimer,3,3,6,supprimer,no_match,,,False,,,,
table,3,3,6,table,no_match,,,False,,,,
tel,3,3,6,tel,no_match,,,False,,,,
tellement,3,3,6,tellement,no_match,,,False,,,,
terrorisme,3,3,6,terrorisme,repaired_high,,,False,terroriser,peur,high,shared_long_stem_edit_distance
toit,3,3,6,toit,no_match,,,False,,,,
toucher,3,3,6,toucher,no_match,,,False,,,,
train,3,3,6,train,no_match,,,False,,,,
travers,3,3,6,travers,no_match,,,False,,,,
tribunal,3,3,6,tribunal,no_match,,,False,,,,
trois,3,3,6,trois,no_match,,,False,,,,
trésor,3,3,6,tresor,no_match,,,False,,,,
tâche,3,3,6,tache,no_match,,,False,,,,
téléphone,3,3,6,telephone,no_match,,,False,,,,
vache,3,3,6,vache,no_match,,,False,,,,
vexé,4,2,6,vexe,exact,vexé,embarras,True,,,,
vidéo,3,3,6,video,no_match,,,False,,,,
viol,3,3,6,viol,no_match,,,False,,,,
voiture,3,3,6,voiture,no_match,,,False,,,,
échec,3,3,6,echec,no_match,,,False,,,,
électricité,2,4,6,electricite,no_match,,,False,,,,
éliminer,3,3,6,eliminer,no_match,,,False,,,,
épidémie,2,4,6,epidemie,no_match,,,False,,,,
évacuer,3,3,6,evacuer,no_match,,,False,,,,
agace,2,3,5,agace,no_match,,,False,,,,
amusante,0,5,5,amusante,repaired_high,,,False,amusant,joie,high,inflected_or_extended_marker
armer,2,3,5,armer,no_match,,,False,,,,
avouer,4,1,5,avouer,no_match,,,False,,,,
baisser,4,1,5,baisser,no_match,,,False,,,,
battu,5,0,5,battu,no_match,,,False,,,,
blagu,5,0,5,blagu,no_match,,,False,,,,
braconnage,2,3,5,braconnage,no_match,,,False,,,,
changer,1,4,5,changer,no_match,,,False,,,,
chant,3,2,5,chant,no_match,,,False,,,,
chauffer,3,2,5,chauffer,no_match,,,False,,,,
crasseux,3,2,5,crasseux,no_match,,,False,,,,
croit,5,0,5,croit,no_match,,,False,,,,
célébré,5,0,5,celebre,no_match,,,False,,,,
danseuse,0,5,5,danseuse,no_match,,,False,,,,
dictateur,2,3,5,dictateur,no_match,,,False,,,,
difficulté,2,3,5,difficulte,no_match,,,False,,,,
dispute,3,2,5,dispute,exact,dispute,colere,True,,,,
dénonce,5,0,5,denonce,no_match,,,False,,,,
désolé,2,3,5,desole,no_match,,,False,,,,
détester,3,2,5,detester,exact,détester,ressentiment,True,,,,
déçu,5,0,5,decu,exact,déçu,deplaisir,True,,,,
embêter,4,1,5,embeter,exact,embêter,deplaisir,True,,,,
ensemble,2,3,5,ensemble,no_match,,,False,,,,
fabuleux,2,3,5,fabuleux,no_match,,,False,,,,
force,2,3,5,force,no_match,,,False,,,,
foutre,2,3,5,foutre,no_match,,,False,,,,
grèv,5,0,5,grev,no_match,,,False,,,,
gueul,5,0,5,gueul,no_match,,,False,,,,
harcèlement,0,5,5,harcelement,no_match,,,False,,,,
harcèlemer,5,0,5,harcelemer,no_match,,,False,,,,
impatiente,2,3,5,impatiente,no_match,,,False,,,,
impos,5,0,5,impos,no_match,,,False,,,,
inquiétant,0,5,5,inquietant,exact,inquiétant,peur,True,,,,
inquiétante,5,0,5,inquietante,repaired_high,,,False,inquiétant,peur,high,inflected_or_extended_marker
jalou,0,5,5,jalou,repaired_high,,,False,jaloux,jalousie,high,truncated_prefix_marker
joli,1,4,5,joli,no_match,,,False,,,,
malheureux,3,2,5,malheureux,exact,malheureux,tristesse,True,,,,
maltraitance,2,3,5,maltraitance,no_match,,,False,,,,
marié,2,3,5,marie,no_match,,,False,,,,
mordre,2,3,5,mordre,no_match,,,False,,,,
niqu,5,0,5,niqu,no_match,,,False,,,,
nique,0,5,5,nique,no_match,,,False,,,,
parvenir,3,2,5,parvenir,no_match,,,False,,,,
pauvreté,1,4,5,pauvrete,no_match,,,False,,,,
perdu,5,0,5,perdu,no_match,,,False,,,,
pire,2,3,5,pire,no_match,,,False,,,,
protesté,0,5,5,proteste,no_match,,,False,,,,
rat,4,1,5,rat,no_match,,,False,,,,
rater,1,4,5,rater,no_match,,,False,,,,
rebeller,3,2,5,rebeller,no_match,,,False,,,,
redoute,5,0,5,redoute,repaired_high,,,False,redouter,peur,high,truncated_prefix_marker
revendiquer,1,4,5,revendiquer,no_match,,,False,,,,
riant,1,4,5,riant,no_match,,,False,,,,
réconforter,3,2,5,reconforter,exact,réconforter,apaisement,True,,,,
réfugié,2,3,5,refugie,no_match,,,False,,,,
répondre,3,2,5,repondre,no_match,,,False,,,,
sauver,3,2,5,sauver,no_match,,,False,,,,
énerve,0,5,5,enerve,exact,énervé,colere,True,,,,
étoile,2,3,5,etoile,no_match,,,False,,,,
éviter,3,2,5,eviter,no_match,,,False,,,,
aaaah,2,2,4,aaaah,no_match,,,False,,,,
abandonner,2,2,4,abandonner,no_match,,,False,,,,
abord,2,2,4,abord,no_match,,,False,,,,
abriter,2,2,4,abriter,no_match,,,False,,,,
absolument,2,2,4,absolument,no_match,,,False,,,,
accepter,2,2,4,accepter,no_match,,,False,,,,
admirable,2,2,4,admirable,exact,admirable,admiration,True,,,,
adorer,1,3,4,adorer,exact,adorer,amour,True,,,,
affoler,3,1,4,affoler,exact,affoler,peur,True,,,,
agressif,2,2,4,agressif,no_match,,,False,,,,
ambiance,2,2,4,ambiance,no_match,,,False,,,,
amoureux,2,2,4,amoureux,exact,amoureux,amour,True,,,,
amusé,0,4,4,amuse,repaired_high,,,False,amuser,joie,high,truncated_prefix_marker
anéanti,2,2,4,aneanti,no_match,,,False,,,,
anéantir,2,2,4,aneantir,no_match,,,False,,,,
applaudi,4,0,4,applaudi,repaired_high,,,False,applaudir,admiration,high,truncated_prefix_marker
applaudissement,2,2,4,applaudissement,exact,applaudissement,admiration,True,,,,
archi,2,2,4,archi,no_match,,,False,,,,
arthur,2,2,4,arthur,no_match,,,False,,,,
asseoir,2,2,4,asseoir,no_match,,,False,,,,
automobile,2,2,4,automobile,no_match,,,False,,,,
autour,2,2,4,autour,no_match,,,False,,,,
aventure,2,2,4,aventure,no_match,,,False,,,,
bagraa,2,2,4,bagraa,no_match,,,False,,,,
ballet,2,2,4,ballet,no_match,,,False,,,,
bang,2,2,4,bang,no_match,,,False,,,,
banquier,2,2,4,banquier,no_match,,,False,,,,
barrage,2,2,4,barrage,no_match,,,False,,,,
barricade,2,2,4,barricade,no_match,,,False,,,,
bas,2,2,4,bas,no_match,,,False,,,,
bataille,2,2,4,bataille,no_match,,,False,,,,
berne,2,2,4,berne,no_match,,,False,,,,
besoin,2,2,4,besoin,no_match,,,False,,,,
beurk,2,2,4,beurk,no_match,,,False,,,,
bisou,3,1,4,bisou,exact,bisou,amour,True,,,,
bizarre,2,2,4,bizarre,no_match,,,False,,,,
blocage,2,2,4,blocage,no_match,,,False,,,,
bloquant,0,4,4,bloquant,no_match,,,False,,,,
bombe,2,2,4,bombe,no_match,,,False,,,,
bord,2,2,4,bord,no_match,,,False,,,,
bougie,2,2,4,bougie,no_match,,,False,,,,
boulette,2,2,4,boulette,no_match,,,False,,,,
bouqin,2,2,4,bouqin,no_match,,,False,,,,
bouquin,2,2,4,bouquin,no_match,,,False,,,,
bras,2,2,4,bras,no_match,,,False,,,,
bronze,2,2,4,bronze,no_match,,,False,,,,
bruit,2,2,4,bruit,no_match,,,False,,,,
brusquement,2,2,4,brusquement,no_match,,,False,,,,
buffet,2,2,4,buffet,no_match,,,False,,,,
burk,2,2,4,burk,no_match,,,False,,,,
bébé,2,2,4,bebe,no_match,,,False,,,,
bégayer,2,2,4,begayer,no_match,,,False,,,,
bêbête,2,2,4,bebete,no_match,,,False,,,,
caillou,2,2,4,caillou,no_match,,,False,,,,
calme,2,2,4,calme,exact,calme,apaisement,True,,,,
capable,2,2,4,capable,no_match,,,False,,,,
carrément,0,4,4,carrement,no_match,,,False,,,,
carrémer,4,0,4,carremer,no_match,,,False,,,,
carte,2,2,4,carte,no_match,,,False,,,,
cas,2,2,4,cas,no_match,,,False,,,,
causer,2,2,4,causer,no_match,,,False,,,,
cesser,2,2,4,cesser,no_match,,,False,,,,
chagrin,2,2,4,chagrin,exact,chagrin,tristesse,True,,,,
chaud,2,2,4,chaud,no_match,,,False,,,,
chic,2,2,4,chic,no_match,,,False,,,,
chocolat,2,2,4,chocolat,no_match,,,False,,,,
chorégraphie,2,2,4,choregraphie,no_match,,,False,,,,
chouine,2,2,4,chouine,no_match,,,False,,,,
ciel,2,2,4,ciel,no_match,,,False,,,,
clin,2,2,4,clin,no_match,,,False,,,,
compte,2,2,4,compte,no_match,,,False,,,,
compter,2,2,4,compter,no_match,,,False,,,,
condamné,4,0,4,condamne,exact,condamné,culpabilite,True,,,,
conduite,2,2,4,conduite,no_match,,,False,,,,
confisquer,3,1,4,confisquer,no_match,,,False,,,,
confronter,2,2,4,confronter,no_match,,,False,,,,
contemple,2,2,4,contemple,no_match,,,False,,,,
contente,2,2,4,contente,repaired_high,,,False,contenter,joie,high,truncated_prefix_marker
contrôle,2,2,4,controle,no_match,,,False,,,,
contrôler,2,2,4,controler,no_match,,,False,,,,
convulsion,2,2,4,convulsion,no_match,,,False,,,,
courant,2,2,4,courant,no_match,,,False,courage,audace,medium,shared_long_stem_edit_distance
court,2,2,4,court,no_match,,,False,,,,
couverture,2,2,4,couverture,no_match,,,False,,,,
crash,2,2,4,crash,no_match,,,False,,,,
croustillant,2,2,4,croustillant,no_match,,,False,,,,
cuisiner,2,2,4,cuisiner,no_match,,,False,,,,
cyberharcèlement,2,2,4,cyberharcelement,no_match,,,False,,,,
cyclone,2,2,4,cyclone,no_match,,,False,,,,
cérémonie,2,2,4,ceremonie,no_match,,,False,,,,
degeulasse,2,2,4,degeulasse,no_match,,,False,,,,
degoute,2,2,4,degoute,exact,dégoûté,degout,True,,,,
dernier,2,2,4,dernier,no_match,,,False,,,,
descendu,0,4,4,descendu,no_match,,,False,,,,
descendue,0,4,4,descendue,no_match,,,False,,,,
dessus,2,2,4,dessus,no_match,,,False,,,,
dette,2,2,4,dette,no_match,,,False,,,,
discours,2,2,4,discours,no_match,,,False,,,,
ditribution,2,2,4,ditribution,no_match,,,False,,,,
divin,2,2,4,divin,no_match,,,False,,,,
divise,2,2,4,divise,no_match,,,False,,,,
dollar,2,2,4,dollar,no_match,,,False,,,,
doute,2,2,4,doute,no_match,,,False,,,,
dramatique,2,2,4,dramatique,exact,dramatique,tristesse,True,,,,
drapeau,2,2,4,drapeau,no_match,,,False,,,,
durer,1,3,4,durer,no_match,,,False,,,,
débile,2,2,4,debile,no_match,,,False,,,,
déchiré,2,2,4,dechire,no_match,,,False,,,,
décidément,2,2,4,decidement,no_match,,,False,,,,
décrire,2,2,4,decrire,no_match,,,False,,,,
décès,2,2,4,deces,no_match,,,False,,,,
défiler,3,1,4,defiler,no_match,,,False,,,,
dégoûtant,1,3,4,degoutant,exact,dégoûtant,degout,True,,,,
délicieux,2,2,4,delicieux,exact,délicieux,joie,True,,,,
dénigrer,2,2,4,denigrer,no_match,,,False,,,,
dénonçaient,0,4,4,denoncaient,no_match,,,False,,,,
désastre,2,2,4,desastre,no_match,,,False,,,,
désespéré,2,2,4,desespere,exact,désespéré,tristesse,True,,,,
désolée,2,2,4,desolee,no_match,,,False,,,,
détourne,2,2,4,detourne,no_match,,,False,,,,
détruite,4,0,4,detruite,no_match,,,False,,,,
effondrement,1,3,4,effondrement,no_match,,,False,,,,
effrayé,2,2,4,effraye,repaired_high,,,False,effrayer,peur,high,truncated_prefix_marker
elisa,2,2,4,elisa,no_match,,,False,,,,
embouteillage,2,2,4,embouteillage,no_match,,,False,,,,
embrasser,2,2,4,embrasser,exact,embrasser,amour,True,,,,
endommager,2,2,4,endommager,no_match,,,False,,,,
endroit,2,2,4,endroit,no_match,,,False,,,,
engager,2,2,4,engager,no_match,,,False,,,,
engouement,2,2,4,engouement,exact,engouement,amour,True,,,,
ennui,2,2,4,ennui,exact,ennui,tristesse,True,,,,
entier,2,2,4,entier,no_match,,,False,enticher,amour,medium,same_prefix_fuzzy
entrez,1,3,4,entrez,no_match,,,False,,,,
esclavage,2,2,4,esclavage,no_match,,,False,,,,
espoir,2,2,4,espoir,exact,espoir,desir,True,,,,
espèce,2,2,4,espece,no_match,,,False,,,,
estomac,2,2,4,estomac,no_match,,,False,,,,
euh,2,2,4,euh,no_match,,,False,,,,
europe,2,2,4,europe,no_match,,,False,,,,
exceptionnelle,4,0,4,exceptionnelle,no_match,,,False,,,,
expliquer,2,2,4,expliquer,no_match,,,False,,,,
explosion,2,2,4,explosion,no_match,,,False,,,,
exprimer,2,2,4,exprimer,no_match,,,False,,,,
falsifier,3,1,4,falsifier,no_match,,,False,,,,
façon,2,2,4,facon,no_match,,,False,,,,
fils,2,2,4,fils,no_match,,,False,,,,
fin,2,2,4,fin,no_match,,,False,,,,
financier,2,2,4,financier,no_match,,,False,,,,
flavia,2,2,4,flavia,no_match,,,False,,,,
fleur,2,2,4,fleur,no_match,,,False,,,,
folâtre,2,2,4,folatre,exact,folâtre,joie,True,,,,
fouiller,2,2,4,fouiller,no_match,,,False,,,,
foutu,2,2,4,foutu,no_match,,,False,,,,
fracture,2,2,4,fracture,no_match,,,False,,,,
français,2,2,4,francais,no_match,,,False,,,,
frein,2,2,4,frein,no_match,,,False,,,,
frere,2,2,4,frere,no_match,,,False,,,,
frimer,2,2,4,frimer,no_match,,,False,,,,
frr,2,2,4,frr,no_match,,,False,,,,
frustrant,0,4,4,frustrant,exact,frustrant,deplaisir,True,,,,
fun,2,2,4,fun,no_match,,,False,,,,
funéraille,2,2,4,funeraille,no_match,,,False,,,,
fuyaient,2,2,4,fuyaient,no_match,,,False,,,,
fâcher,3,1,4,facher,exact,fâcher,colere,True,,,,
gagnera,0,4,4,gagnera,no_match,,,False,,,,
gaie,2,2,4,gaie,no_match,,,False,,,,
gain,2,2,4,gain,no_match,,,False,,,,
gamin,2,2,4,gamin,no_match,,,False,,,,
garder,2,2,4,garder,no_match,,,False,,,,
gars,2,2,4,gars,no_match,,,False,,,,
gaîment,2,2,4,gaiment,no_match,,,False,,,,
gentil,2,2,4,gentil,no_match,,,False,,,,
gilet,2,2,4,gilet,no_match,,,False,,,,
grogner,4,0,4,grogner,exact,grogner,comportement,True,,,,
grogné,0,4,4,grogne,repaired_high,,,False,grogner,comportement,high,truncated_prefix_marker
grommèle,2,2,4,grommele,repaired_high,,,False,grommeler,colere,high,truncated_prefix_marker
guele,2,2,4,guele,no_match,,,False,,,,
guiness,2,2,4,guiness,no_match,,,False,,,,
gêne,2,2,4,gene,no_match,,,False,,,,
habiter,2,2,4,habiter,no_match,,,False,,,,
hallucinant,2,2,4,hallucinant,no_match,,,False,,,,
heurt,2,2,4,heurt,no_match,,,False,,,,
hip,2,2,4,hip,no_match,,,False,,,,
historique,2,2,4,historique,no_match,,,False,,,,
homosexualité,2,2,4,homosexualite,no_match,,,False,,,,
honteux,2,2,4,honteux,exact,honteux,embarras,True,,,,
hostile,2,2,4,hostile,exact,hostile,ressentiment,True,,,,
hourrah,2,2,4,hourrah,repaired_high,,,False,hourra,admiration,high,inflected_or_extended_marker
hum,2,2,4,hum,no_match,,,False,,,,
humain,2,2,4,humain,no_match,,,False,,,,
hymne,2,2,4,hymne,no_match,,,False,,,,
hôtel,2,2,4,hotel,no_match,,,False,,,,
idiot,2,2,4,idiot,no_match,,,False,,,,
idol,4,0,4,idol,no_match,,,False,,,,
idole,0,4,4,idole,no_match,,,False,,,,
illégalement,2,2,4,illegalement,no_match,,,False,,,,
immobile,2,2,4,immobile,no_match,,,False,,,,
immonde,2,2,4,immonde,exact,immonde,degout,True,,,,
impressionné,0,4,4,impressionne,no_match,,,False,,,,
inaction,2,2,4,inaction,no_match,,,False,,,,
incendie,2,2,4,incendie,no_match,,,False,,,,
inclinée,2,2,4,inclinee,no_match,,,False,,,,
incurable,2,2,4,incurable,no_match,,,False,,,,
indice,2,2,4,indice,no_match,,,False,,,,
indignation,2,2,4,indignation,exact,indignation,colere,True,,,,
indigné,1,3,4,indigne,exact,indigné,colere,True,,,,
information,2,2,4,information,no_match,,,False,,,,
insecte,2,2,4,insecte,no_match,,,False,,,,
insécurité,1,3,4,insecurite,exact,insécurité,peur,True,,,,
interrogation,2,2,4,interrogation,no_match,,,False,,,,
intriguer,4,0,4,intriguer,no_match,,,False,,,,
jalousie,2,2,4,jalousie,exact,jalousie,jalousie,True,,,,
jaune,2,2,4,jaune,no_match,,,False,,,,
jouet,2,2,4,jouet,no_match,,,False,,,,
joyeusement,2,2,4,joyeusement,exact,joyeusement,joie,True,,,,
jubile,2,2,4,jubile,repaired_high,,,False,jubiler,joie,high,truncated_prefix_marker
jusqu,2,2,4,jusqu,no_match,,,False,,,,
justice,2,2,4,justice,no_match,,,False,,,,
justine,2,2,4,justine,no_match,,,False,,,,
lard,2,2,4,lard,no_match,,,False,,,,
libre,2,2,4,libre,no_match,,,False,,,,
lier,2,2,4,lier,no_match,,,False,,,,
lieu,2,2,4,lieu,no_match,,,False,,,,
lit,2,2,4,lit,no_match,,,False,,,,
livre,2,2,4,livre,no_match,,,False,,,,
logement,2,2,4,logement,no_match,,,False,,,,
logiciel,2,2,4,logiciel,no_match,,,False,,,,
long,2,2,4,long,no_match,,,False,,,,
lot,2,2,4,lot,no_match,,,False,,,,
lycée,2,2,4,lycee,no_match,,,False,,,,
malaise,2,2,4,malaise,no_match,,,False,,,,
malhonnête,2,2,4,malhonnete,no_match,,,False,,,,
maltraiter,3,1,4,maltraiter,no_match,,,False,,,,
manipuler,2,2,4,manipuler,no_match,,,False,,,,
manque,2,2,4,manque,no_match,,,False,,,,
martin,2,2,4,martin,no_match,,,False,,,,
mascarade,2,2,4,mascarade,no_match,,,False,,,,
match,2,2,4,match,no_match,,,False,,,,
mdrr,2,2,4,mdrr,no_match,,,False,,,,
meme,4,0,4,meme,no_match,,,False,,,,
menaçant,0,4,4,menacant,exact,menaçant,peur,True,,,,
menaçante,4,0,4,menacante,repaired_high,,,False,menaçant,peur,high,inflected_or_extended_marker
merd,4,0,4,merd,no_match,,,False,,,,
meurtre,2,2,4,meurtre,no_match,,,False,,,,
miam,2,2,4,miam,no_match,,,False,,,,
milieu,2,2,4,milieu,no_match,,,False,,,,
mille,2,2,4,mille,no_match,,,False,,,,
minute,2,2,4,minute,no_match,,,False,,,,
moitié,2,2,4,moitie,no_match,,,False,,,,
moque,2,2,4,moque,no_match,,,False,,,,
mouton,2,2,4,mouton,no_match,,,False,,,,
moyen,2,2,4,moyen,no_match,,,False,,,,
mtn,2,2,4,mtn,no_match,,,False,,,,
mur,2,2,4,mur,no_match,,,False,,,,
murmure,2,2,4,murmure,no_match,,,False,,,,
mériter,1,3,4,meriter,no_match,,,False,,,,
mêler,2,2,4,meler,no_match,,,False,,,,
negre,2,2,4,negre,no_match,,,False,,,,
neuronne,2,2,4,neuronne,no_match,,,False,,,,
nombreux,2,2,4,nombreux,no_match,,,False,,,,
nostalgie,2,2,4,nostalgie,exact,nostalgie,tristesse,True,,,,
note,2,2,4,note,no_match,,,False,,,,
nourriture,2,2,4,nourriture,no_match,,,False,,,,
nuisance,2,2,4,nuisance,no_match,,,False,,,,
négative,4,0,4,negative,no_match,,,False,,,,
opposition,2,2,4,opposition,no_match,,,False,,,,
pa,2,2,4,pa,no_match,,,False,,,,
paniquer,3,1,4,paniquer,exact,paniquer,peur,True,,,,
paniqué,1,3,4,panique,exact,panique,peur,True,,,,
papier,2,2,4,papier,no_match,,,False,,,,
parc,2,2,4,parc,no_match,,,False,,,,
part,2,2,4,part,no_match,,,False,,,,
participer,2,2,4,participer,no_match,,,False,,,,
pavoise,2,2,4,pavoise,no_match,,,False,,,,
pendant,2,2,4,pendant,no_match,,,False,,,,
performance,2,2,4,performance,no_match,,,False,,,,
peuple,2,2,4,peuple,no_match,,,False,,,,
pfff,2,2,4,pfff,no_match,,,False,,,,
plage,2,2,4,plage,no_match,,,False,,,,
plaisanterie,2,2,4,plaisanterie,no_match,,,False,plaisant,amour,medium,inflected_or_extended_marker
plat,2,2,4,plat,no_match,,,False,,,,
please,2,2,4,please,no_match,,,False,,,,
plein,2,2,4,plein,no_match,,,False,plein de soi,orgueil,medium,truncated_prefix_marker
pleuvoir,2,2,4,pleuvoir,no_match,,,False,,,,
plusieurs,2,2,4,plusieurs,no_match,,,False,,,,
poisse,2,2,4,poisse,no_match,,,False,,,,
poitrine,2,2,4,poitrine,no_match,,,False,,,,
populaire,2,2,4,populaire,no_match,,,False,,,,
portable,2,2,4,portable,no_match,,,False,,,,
positif,2,2,4,positif,no_match,,,False,,,,
potable,2,2,4,potable,no_match,,,False,,,,
poursuivre,2,2,4,poursuivre,no_match,,,False,,,,
pousser,2,2,4,pousser,no_match,,,False,,,,
prblm,2,2,4,prblm,no_match,,,False,,,,
presse,2,2,4,presse,no_match,,,False,,,,
prestige,2,2,4,prestige,no_match,,,False,,,,
prestigieuse,1,3,4,prestigieuse,no_match,,,False,,,,
primer,2,2,4,primer,no_match,,,False,,,,
probleme,2,2,4,probleme,no_match,,,False,,,,
procès,2,2,4,proces,no_match,,,False,,,,
profiter,2,2,4,profiter,no_match,,,False,,,,
protest,4,0,4,protest,no_match,,,False,,,,
prouesse,2,2,4,prouesse,no_match,,,False,,,,
précieux,2,2,4,precieux,no_match,,,False,,,,
préoccupant,2,2,4,preoccupant,exact,préoccupant,peur,True,,,,
présenter,2,2,4,presenter,no_match,,,False,,,,
ptn,2,2,4,ptn,no_match,,,False,,,,
punition,2,2,4,punition,no_match,,,False,,,,
péage,2,2,4,peage,no_match,,,False,,,,
pénurie,2,2,4,penurie,no_match,,,False,,,,
péril,2,2,4,peril,exact,péril,peur,True,,,,
quatre,2,2,4,quatre,no_match,,,False,,,,
querelle,2,2,4,querelle,exact,querelle,colere,True,,,,
raconter,1,3,4,raconter,no_match,,,False,,,,
ramadan,2,2,4,ramadan,no_match,,,False,,,,
rayer,2,2,4,rayer,no_match,,,False,,,,
rechercher,2,2,4,rechercher,no_match,,,False,,,,
reconnaissance,2,2,4,reconnaissance,no_match,,,False,,,,
reconnaître,2,2,4,reconnaitre,no_match,,,False,,,,
redoubler,2,2,4,redoubler,no_match,,,False,redouter,peur,medium,same_prefix_fuzzy
reine,2,2,4,reine,no_match,,,False,,,,
remord,2,2,4,remord,repaired_high,,,False,remords,culpabilite,high,truncated_prefix_marker
renforcer,0,4,4,renforcer,no_match,,,False,,,,
renoncer,2,2,4,renoncer,no_match,,,False,,,,
replier,2,2,4,replier,no_match,,,False,,,,
représaille,2,2,4,represaille,no_match,,,False,,,,
responsable,1,3,4,responsable,no_match,,,False,,,,
retard,2,2,4,retard,no_match,,,False,,,,
retirer,2,2,4,retirer,no_match,,,False,,,,
revendiquaient,2,2,4,revendiquaient,no_match,,,False,,,,
rigol,4,0,4,rigol,repaired_high,,,False,rigolo,joie,high,truncated_prefix_marker
râle,3,1,4,rale,no_match,,,False,,,,
réagir,2,2,4,reagir,no_match,,,False,,,,
réclamaient,0,4,4,reclamaient,no_match,,,False,,,,
réfléchit,2,2,4,reflechit,no_match,,,False,,,,
rétorqu,4,0,4,retorqu,no_match,,,False,,,,
rétorquer,0,4,4,retorquer,no_match,,,False,,,,
révolté,1,3,4,revolte,exact,révolte,colere,True,,,,
sai,4,0,4,sai,no_match,,,False,,,,
salope,2,2,4,salope,no_match,,,False,,,,
saloperie,2,2,4,saloperie,no_match,,,False,,,,
sanction,2,2,4,sanction,no_match,,,False,,,,
satisfaction,2,2,4,satisfaction,exact,satisfaction,joie,True,,,,
sauvage,2,2,4,sauvage,no_match,,,False,,,,
sens,2,2,4,sens,no_match,,,False,,,,
simple,2,2,4,simple,no_match,,,False,,,,
sombre,2,2,4,sombre,no_match,,,False,,,,
soudain,2,2,4,soudain,no_match,,,False,,,,
souffraient,2,2,4,souffraient,no_match,,,False,,,,
souffrance,2,2,4,souffrance,no_match,,,False,,,,
souhaiter,2,2,4,souhaiter,exact,souhaiter,desir,True,,,,
soulever,2,2,4,soulever,no_match,,,False,,,,
soulèvement,2,2,4,soulevement,no_match,,,False,,,,
soumettre,2,2,4,soumettre,no_match,,,False,,,,
soupir,2,2,4,soupir,no_match,,,False,,,,
souriant,0,4,4,souriant,exact,souriant,comportement,True,,,,
soutenir,2,2,4,soutenir,no_match,,,False,,,,
stress,2,2,4,stress,exact,stress,peur,True,,,,
stressant,2,2,4,stressant,exact,stressant,peur,True,,,,
stresser,4,0,4,stresser,exact,stresser,peur,True,,,,
stupide,2,2,4,stupide,no_match,,,False,,,,
succulent,2,2,4,succulent,no_match,,,False,,,,
suer,2,2,4,suer,exact,suer,comportement,True,,,,
suffisamment,2,2,4,suffisamment,no_match,,,False,,,,
suivie,4,0,4,suivie,no_match,,,False,,,,
surgir,3,1,4,surgir,no_match,,,False,,,,
sursaut,2,2,4,sursaut,exact,sursaut,comportement,True,,,,
sursauter,2,2,4,sursauter,exact,sursauter,comportement,True,,,,
séisme,2,2,4,seisme,no_match,,,False,,,,
séparer,2,2,4,separer,no_match,,,False,,,,
série,2,2,4,serie,no_match,,,False,,,,
sérieux,3,1,4,serieux,no_match,,,False,,,,
sévèrement,2,2,4,severement,no_match,,,False,,,,
tant,2,2,4,tant,no_match,,,False,,,,
tassume,2,2,4,tassume,no_match,,,False,,,,
tat,2,2,4,tat,no_match,,,False,,,,
taxe,2,2,4,taxe,no_match,,,False,,,,
terminer,2,2,4,terminer,no_match,,,False,,,,
terroriser,3,1,4,terroriser,exact,terroriser,peur,True,,,,
théâtre,2,2,4,theatre,no_match,,,False,,,,
timide,2,2,4,timide,exact,timide,peur,True,,,,
timidité,2,2,4,timidite,exact,timidité,peur,True,,,,
tir,2,2,4,tir,no_match,,,False,,,,
tombe,4,0,4,tombe,no_match,,,False,,,,
tourbillon,2,2,4,tourbillon,no_match,,,False,,,,
traitre,2,2,4,traitre,no_match,,,False,,,,
traumatisme,2,2,4,traumatisme,no_match,,,False,,,,
tre,2,2,4,tre,no_match,,,False,,,,
tromper,3,1,4,tromper,no_match,,,False,,,,
trottoir,2,2,4,trottoir,no_match,,,False,,,,
troupeau,2,2,4,troupeau,no_match,,,False,,,,
vainqueur,2,2,4,vainqueur,no_match,,,False,,,,
valeur,2,2,4,valeur,no_match,,,False,,,,
vedette,2,2,4,vedette,no_match,,,False,,,,
ventre,2,2,4,ventre,no_match,,,False,,,,
vexe,0,4,4,vexe,exact,vexé,embarras,True,,,,
vexer,2,2,4,vexer,exact,vexer,embarras,True,,,,
virus,2,2,4,virus,no_match,,,False,,,,
visibilité,2,2,4,visibilite,no_match,,,False,,,,
voile,2,2,4,voile,no_match,,,False,,,,
voilà,2,2,4,voila,no_match,,,False,,,,
volonté,2,2,4,volonte,no_match,,,False,,,,
vulgaire,2,2,4,vulgaire,no_match,,,False,,,,
véhicule,2,2,4,vehicule,no_match,,,False,,,,
véritable,2,2,4,veritable,no_match,,,False,,,,
ébahi,2,2,4,ebahi,exact,ébahi,surprise,True,,,,
écouter,2,2,4,ecouter,no_match,,,False,,,,
écran,2,2,4,ecran,no_match,,,False,,,,
écrie,2,2,4,ecrie,no_match,,,False,,,,
écrier,4,0,4,ecrier,no_match,,,False,,,,
égayer,2,2,4,egayer,exact,égayer,joie,True,,,,
élevé,2,2,4,eleve,no_match,,,False,,,,
émeute,2,2,4,emeute,no_match,,,False,,,,
énerv,4,0,4,enerv,repaired_high,,,False,énervé,colere,high,truncated_prefix_marker
énerver,4,0,4,enerver,exact,énerver,colere,True,,,,
épaté,2,2,4,epate,no_match,,,False,,,,
éteindre,2,2,4,eteindre,no_match,,,False,,,,
évidemment,2,2,4,evidemment,no_match,,,False,,,,
agacer,2,1,3,agacer,no_match,,,False,,,,
alerter,2,1,3,alerter,exact,alerter,peur,True,,,,
apporter,2,1,3,apporter,no_match,,,False,,,,
avouait,0,3,3,avouait,no_match,,,False,,,,
aïe,3,0,3,aie,no_match,,,False,,,,
baissant,0,3,3,baissant,no_match,,,False,,,,
barrer,2,1,3,barrer,no_match,,,False,,,,
battr,3,0,3,battr,no_match,,,False,,,,
beal,3,0,3,beal,no_match,,,False,,,,
bombarder,2,1,3,bombarder,no_match,,,False,,,,
boudeur,2,1,3,boudeur,exact,boudeur,colere,True,,,,
bouffon,2,1,3,bouffon,no_match,,,False,,,,
bouger,3,0,3,bouger,no_match,,,False,,,,
brillant,1,2,3,brillant,no_match,,,False,,,,
brut,1,2,3,brut,no_match,,,False,,,,
brûlé,3,0,3,brule,no_match,,,False,,,,
cadeal,3,0,3,cadeal,no_match,,,False,,,,
choisir,2,1,3,choisir,no_match,,,False,,,,
comporter,3,0,3,comporter,no_match,,,False,,,,
contaminer,2,1,3,contaminer,no_match,,,False,,,,
craignaient,3,0,3,craignaient,no_match,,,False,,,,
crainte,1,2,3,crainte,exact,crainte,peur,True,,,,
crie,3,0,3,crie,no_match,,,False,crier,comportement,medium,same_prefix_fuzzy
dise,1,2,3,dise,no_match,,,False,,,,
donner,1,2,3,donner,no_match,,,False,,,,
débarrasser,2,1,3,debarrasser,no_match,,,False,,,,
dégoûter,3,0,3,degouter,exact,dégoûter,degout,True,,,,
détourner,2,1,3,detourner,no_match,,,False,,,,
embêtée,1,2,3,embetee,repaired_high,,,False,embêter,deplaisir,high,shared_long_stem_edit_distance
enfuie,1,2,3,enfuie,no_match,,,False,,,,
ennuyer,2,1,3,ennuyer,exact,ennuyer,tristesse,True,,,,
entamer,1,2,3,entamer,no_match,,,False,,,,
enthousiasmer,3,0,3,enthousiasmer,exact,enthousiasmer,joie,True,,,,
etre,2,1,3,etre,no_match,,,False,,,,
exactement,1,2,3,exactement,no_match,,,False,,,,
exploiter,1,2,3,exploiter,no_match,,,False,,,,
faim,1,2,3,faim,no_match,,,False,,,,
fantôme,1,2,3,fantome,no_match,,,False,,,,
fasciner,2,1,3,fasciner,no_match,,,False,,,,
favoriser,2,1,3,favoriser,no_match,,,False,,,,
forcé,2,1,3,force,no_match,,,False,,,,
frappé,3,0,3,frappe,no_match,,,False,,,,
froisser,2,1,3,froisser,no_match,,,False,,,,
glace,1,2,3,glace,no_match,,,False,,,,
goûter,2,1,3,gouter,no_match,,,False,,,,
habitude,1,2,3,habitude,no_match,,,False,,,,
heureur,0,3,3,heureur,repaired_high,,,False,heureux,joie,high,shared_long_stem_edit_distance
imaginer,1,2,3,imaginer,no_match,,,False,,,,
impatient,2,1,3,impatient,no_match,,,False,,,,
indigner,3,0,3,indigner,exact,indigner,colere,True,,,,
inquiète,1,2,3,inquiete,repaired_high,,,False,inquiéter,peur,high,truncated_prefix_marker
interdiction,1,2,3,interdiction,no_match,,,False,,,,
interdir,3,0,3,interdir,no_match,,,False,,,,
intrigué,0,3,3,intrigue,no_match,,,False,,,,
joindre,3,0,3,joindre,no_match,,,False,,,,
jolie,3,0,3,jolie,no_match,,,False,,,,
klaxonner,2,1,3,klaxonner,no_match,,,False,,,,
lassée,1,2,3,lassee,repaired_high,,,False,lasser,comportement,high,shared_long_stem_edit_distance
lesbien,2,1,3,lesbien,no_match,,,False,,,,
légend,3,0,3,legend,no_match,,,False,,,,
légende,0,3,3,legende,no_match,,,False,,,,
manifestaient,0,3,3,manifestaient,no_match,,,False,,,,
marrante,0,3,3,marrante,repaired_high,,,False,marrant,joie,high,inflected_or_extended_marker
missile,1,2,3,missile,no_match,,,False,,,,
mobilisent,0,3,3,mobilisent,no_match,,,False,,,,
montre,3,0,3,montre,no_match,,,False,,,,
méchant,1,2,3,mechant,exact,méchant,inhumanite,True,,,,
méfiant,2,1,3,mefiant,exact,méfiant,peur,True,,,,
nucléaire,1,2,3,nucleaire,no_match,,,False,,,,
ose,3,0,3,ose,no_match,,,False,,,,
osent,0,3,3,osent,no_match,,,False,,,,
pauvreter,3,0,3,pauvreter,no_match,,,False,,,,
perdrait,0,3,3,perdrait,no_match,,,False,,,,
pitié,1,2,3,pitie,exact,pitie,empathie,True,,,,
piéger,2,1,3,pieger,no_match,,,False,,,,
poste,1,2,3,poste,no_match,,,False,,,,
quell,3,0,3,quell,no_match,,,False,,,,
redoutent,0,3,3,redoutent,repaired_high,,,False,redouter,peur,high,shared_long_stem_edit_distance
rejoindre,1,2,3,rejoindre,no_match,,,False,,,,
renifler,2,1,3,renifler,no_match,,,False,,,,
renverser,1,2,3,renverser,no_match,,,False,,,,
respirer,2,1,3,respirer,no_match,,,False,,,,
ressembler,1,2,3,ressembler,no_match,,,False,,,,
revendique,3,0,3,revendique,no_match,,,False,,,,
ridicule,1,2,3,ridicule,no_match,,,False,,,,
rigolé,0,3,3,rigole,repaired_high,,,False,rigoler,joie,high,truncated_prefix_marker
rouge,1,2,3,rouge,no_match,,,False,,,,
répression,1,2,3,repression,no_match,,,False,,,,
résoudre,1,2,3,resoudre,no_match,,,False,,,,
révoltée,0,3,3,revoltee,repaired_high,,,False,révolte,colere,high,inflected_or_extended_marker
saluer,2,1,3,saluer,no_match,,,False,,,,
sanglant,1,2,3,sanglant,no_match,,,False,sanglot,comportement,medium,shared_long_stem_edit_distance
soupçonner,2,1,3,soupconner,repaired_high,,,False,soupçonneux,peur,high,shared_long_stem_edit_distance
sourir,3,0,3,sourir,repaired_high,,,False,sourire,comportement,high,truncated_prefix_marker
stressé,0,3,3,stresse,exact,stressé,peur,True,,,,
talent,1,2,3,talent,no_match,,,False,,,,
tourner,1,2,3,tourner,no_match,,,False,,,,
tricher,1,2,3,tricher,no_match,,,False,,,,
tué,3,0,3,tue,no_match,,,False,,,,
vien,0,3,3,vien,no_match,,,False,,,,
viens,3,0,3,viens,no_match,,,False,,,,
violente,0,3,3,violente,no_match,,,False,,,,
vérité,1,2,3,verite,no_match,,,False,,,,
âïe,0,3,3,aie,no_match,,,False,,,,
éclair,2,1,3,eclair,no_match,,,False,,,,
ému,3,0,3,emu,exact,ému,non_specifiee,True,,,,
émue,0,3,3,emue,no_match,,,False,,,,
épouser,2,1,3,epouser,no_match,,,False,,,,
aaaaah,1,1,2,aaaaah,no_match,,,False,,,,
abasourdi,1,1,2,abasourdi,no_match,,,False,,,,
abattre,0,2,2,abattre,exact,abattre,tristesse,True,,,,
abattu,2,0,2,abattu,exact,abattu,tristesse,True,,,,
abondance,1,1,2,abondance,no_match,,,False,,,,
abus,1,1,2,abus,no_match,,,False,,,,
abîment,1,1,2,abiment,no_match,,,False,,,,
accabler,2,0,2,accabler,exact,accabler,tristesse,True,,,,
accablé,0,2,2,accable,repaired_high,,,False,accabler,tristesse,high,truncated_prefix_marker
acceptable,1,1,2,acceptable,no_match,,,False,,,,
accompagner,1,1,2,accompagner,no_match,,,False,,,,
accourt,1,1,2,accourt,no_match,,,False,,,,
accumulent,0,2,2,accumulent,no_match,,,False,,,,
accumuler,2,0,2,accumuler,no_match,,,False,,,,
accusaient,0,2,2,accusaient,no_match,,,False,,,,
accusation,1,1,2,accusation,no_match,,,False,,,,
accusé,1,1,2,accuse,no_match,,,False,,,,
accélèr,2,0,2,acceler,no_match,,,False,,,,
accélérer,0,2,2,accelerer,no_match,,,False,,,,
acheter,1,1,2,acheter,no_match,,,False,,,,
achever,1,1,2,achever,no_match,,,False,,,,
acteur,1,1,2,acteur,no_match,,,False,,,,
actualité,1,1,2,actualite,no_match,,,False,,,,
acussent,1,1,2,acussent,no_match,,,False,,,,
addictif,1,1,2,addictif,no_match,,,False,,,,
adieu,1,1,2,adieu,no_match,,,False,,,,
admirait,0,2,2,admirait,no_match,,,False,,,,
admiratif,1,1,2,admiratif,repaired_high,,,False,admiration,admiration,high,shared_long_stem_edit_distance
adresse,1,1,2,adresse,no_match,,,False,,,,
affirmer,1,1,2,affirmer,no_match,,,False,,,,
affolé,1,1,2,affole,exact,affolé,peur,True,,,,
affolée,0,2,2,affolee,repaired_high,,,False,affolé,peur,high,inflected_or_extended_marker
affreuse,0,2,2,affreuse,repaired_high,,,False,affres,peur,high,shared_long_stem_edit_distance
affreux,2,0,2,affreux,exact,affreux,peur,True,,,,
affront,1,1,2,affront,exact,affront,embarras,True,,,,
agaçant,1,1,2,agacant,no_match,,,False,,,,
agitation,1,1,2,agitation,exact,agitation,comportement,True,,,,
aimerait,0,2,2,aimerait,no_match,,,False,aimer,amour,medium,inflected_or_extended_marker
alarmante,0,2,2,alarmante,repaired_high,,,False,alarmant,peur,high,inflected_or_extended_marker
allergique,1,1,2,allergique,no_match,,,False,,,,
alliance,1,1,2,alliance,no_match,,,False,,,,
allo,1,1,2,allo,no_match,,,False,,,,
allumer,1,1,2,allumer,no_match,,,False,,,,
amende,1,1,2,amende,no_match,,,False,,,,
amical,1,1,2,amical,exact,amical,amour,True,,,,
ampleur,1,1,2,ampleur,no_match,,,False,,,,
améliorer,1,1,2,ameliorer,no_match,,,False,,,,
and,1,1,2,and,no_match,,,False,,,,
animation,1,1,2,animation,no_match,,,False,,,,
animer,1,1,2,animer,no_match,,,False,,,,
annee,1,1,2,annee,no_match,,,False,,,,
annoncer,1,1,2,annoncer,no_match,,,False,,,,
annuler,1,1,2,annuler,no_match,,,False,,,,
anormal,1,1,2,anormal,no_match,,,False,,,,
anse,1,1,2,anse,no_match,,,False,,,,
antiibiotique,1,1,2,antiibiotique,no_match,,,False,,,,
apparition,1,1,2,apparition,no_match,,,False,,,,
appart,1,1,2,appart,no_match,,,False,,,,
apprendre,1,1,2,apprendre,no_match,,,False,,,,
apprécier,1,1,2,apprecier,no_match,,,False,,,,
apre,1,1,2,apre,no_match,,,False,,,,
argument,1,1,2,argument,no_match,,,False,,,,
ariane,1,1,2,ariane,no_match,,,False,,,,
arrachée,0,2,2,arrachee,no_match,,,False,,,,
arreter,1,1,2,arreter,no_match,,,False,,,,
arrivée,1,1,2,arrivee,no_match,,,False,,,,
arriéré,1,1,2,arriere,no_match,,,False,,,,
arrêt,1,1,2,arret,no_match,,,False,,,,
arrêtetu,1,1,2,arretetu,no_match,,,False,,,,
assassinat,1,1,2,assassinat,no_match,,,False,,,,
assassiner,1,1,2,assassiner,no_match,,,False,,,,
assister,1,1,2,assister,no_match,,,False,,,,
assurer,1,1,2,assurer,no_match,,,False,,,,
atteindra,1,1,2,atteindra,no_match,,,False,attendri,empathie,medium,same_prefix_fuzzy
attendai,2,0,2,attendai,repaired_high,,,False,attendri,empathie,high,shared_long_stem_edit_distance
attendra,0,2,2,attendra,repaired_high,,,False,attendri,empathie,high,shared_long_stem_edit_distance
attention,1,1,2,attention,no_match,,,False,,,,
atterrer,2,0,2,atterrer,no_match,,,False,,,,
atterré,0,2,2,atterre,no_match,,,False,,,,
attraction,1,1,2,attraction,no_match,,,False,,,,
attrister,2,0,2,attrister,exact,attrister,tristesse,True,,,,
auprès,1,1,2,aupres,no_match,,,False,,,,
aussitôt,1,1,2,aussitot,no_match,,,False,,,,
autant,1,1,2,autant,no_match,,,False,,,,
autonomie,1,1,2,autonomie,no_match,,,False,,,,
autoritairement,1,1,2,autoritairement,no_match,,,False,,,,
avai,2,0,2,avai,no_match,,,False,,,,
avancer,2,0,2,avancer,no_match,,,False,,,,
avertir,1,1,2,avertir,no_match,,,False,,,,
avi,2,0,2,avi,no_match,,,False,,,,
babine,1,1,2,babine,no_match,,,False,,,,
bactérie,1,1,2,bacterie,no_match,,,False,,,,
bafouill,2,0,2,bafouill,no_match,,,False,,,,
bafouille,0,2,2,bafouille,no_match,,,False,,,,
bagarre,1,1,2,bagarre,no_match,,,False,,,,
baguette,1,1,2,baguette,no_match,,,False,,,,
bais,2,0,2,bais,no_match,,,False,,,,
banane,1,1,2,banane,no_match,,,False,,,,
baptême,1,1,2,bapteme,no_match,,,False,,,,
bateau,1,1,2,bateau,no_match,,,False,,,,
bavure,1,1,2,bavure,no_match,,,False,,,,
bella,1,1,2,bella,no_match,,,False,,,,
ben,1,1,2,ben,no_match,,,False,,,,
betterave,1,1,2,betterave,no_match,,,False,,,,
beueueueh,1,1,2,beueueueh,no_match,,,False,,,,
beuuurk,1,1,2,beuuurk,no_match,,,False,,,,
bilan,1,1,2,bilan,no_match,,,False,,,,
biscuit,1,1,2,biscuit,no_match,,,False,,,,
bisous,0,2,2,bisous,repaired_high,,,False,bisou,amour,high,inflected_or_extended_marker
blablablablablabla,1,1,2,blablablablablabla,no_match,,,False,,,,
blc,1,1,2,blc,no_match,,,False,,,,
bled,1,1,2,bled,no_match,,,False,,,,
blessant,1,1,2,blessant,no_match,,,False,,,,
blessent,0,2,2,blessent,no_match,,,False,,,,
bond,1,1,2,bond,no_match,,,False,,,,
boucle,1,1,2,boucle,no_match,,,False,,,,
boud,2,0,2,boud,no_match,,,False,,,,
bouffe,1,1,2,bouffe,no_match,,,False,,,,
bouffer,1,1,2,bouffer,no_match,,,False,,,,
bougeon,1,1,2,bougeon,no_match,,,False,bougon,colere,medium,same_prefix_fuzzy
bouquet,1,1,2,bouquet,no_match,,,False,,,,
bouse,1,1,2,bouse,no_match,,,False,,,,
bout,1,1,2,bout,no_match,,,False,,,,
boycotter,1,1,2,boycotter,no_match,,,False,,,,
boîte,1,1,2,boite,no_match,,,False,,,,
branler,1,1,2,branler,no_match,,,False,,,,
brest,1,1,2,brest,no_match,,,False,,,,
brother,1,1,2,brother,no_match,,,False,,,,
brouhaha,1,1,2,brouhaha,no_match,,,False,,,,
brouillon,1,1,2,brouillon,no_match,,,False,,,,
brunâtre,1,1,2,brunatre,no_match,,,False,,,,
brusquer,1,1,2,brusquer,no_match,,,False,,,,
brutal,1,1,2,brutal,no_match,,,False,,,,
bruxelles,1,1,2,bruxelles,no_match,,,False,,,,
brûlée,0,2,2,brulee,no_match,,,False,,,,
bâtiment,1,1,2,batiment,no_match,,,False,,,,
béat,1,1,2,beat,exact,béat,joie,True,,,,
bête,1,1,2,bete,no_match,,,False,,,,
bêtis,2,0,2,betis,no_match,,,False,,,,
bêtise,0,2,2,betise,no_match,,,False,,,,
cachent,0,2,2,cachent,no_match,,,False,,,,
caché,0,2,2,cache,no_match,,,False,,,,
camarade,1,1,2,camarade,repaired_high,,,False,camaraderie,amour,high,truncated_prefix_marker
camion,1,1,2,camion,no_match,,,False,,,,
carburant,1,1,2,carburant,no_match,,,False,,,,
carnaval,1,1,2,carnaval,no_match,,,False,,,,
carremenent,1,1,2,carremenent,no_match,,,False,,,,
casiment,1,1,2,casiment,no_match,,,False,,,,
cassez,0,2,2,cassez,no_match,,,False,,,,
cassé,1,1,2,casse,no_match,,,False,,,,
catastrophique,1,1,2,catastrophique,no_match,,,False,,,,
catho,1,1,2,catho,no_match,,,False,,,,
celer,2,0,2,celer,no_match,,,False,,,,
centaine,1,1,2,centaine,no_match,,,False,,,,
certain,1,1,2,certain,no_match,,,False,,,,
cest,1,1,2,cest,no_match,,,False,,,,
chacun,1,1,2,chacun,no_match,,,False,,,,
chambre,1,1,2,chambre,no_match,,,False,,,,
champagne,1,1,2,champagne,no_match,,,False,,,,
chanceux,1,1,2,chanceux,no_match,,,False,,,,
chandelle,1,1,2,chandelle,no_match,,,False,,,,
change,2,0,2,change,no_match,,,False,,,,
chapeau,1,1,2,chapeau,no_match,,,False,,,,
chaque,1,1,2,chaque,no_match,,,False,,,,
charge,1,1,2,charge,no_match,,,False,charme,amour,medium,same_prefix_fuzzy
chassait,0,2,2,chassait,no_match,,,False,,,,
chassée,2,0,2,chassee,no_match,,,False,,,,
chemin,1,1,2,chemin,no_match,,,False,,,,
chercher,1,1,2,chercher,no_match,,,False,,,,
cheveu,1,1,2,cheveu,no_match,,,False,,,,
chiebn,1,1,2,chiebn,no_match,,,False,,,,
choeur,1,1,2,choeur,no_match,,,False,,,,
choix,1,1,2,choix,no_match,,,False,,,,
choléra,1,1,2,cholera,no_match,,,False,,,,
choquait,0,2,2,choquait,no_match,,,False,,,,
choquée,0,2,2,choquee,no_match,,,False,,,,
chouchouté,1,1,2,chouchoute,no_match,,,False,,,,
chute,1,1,2,chute,no_match,,,False,,,,
château,1,1,2,chateau,no_match,,,False,,,,
chômage,1,1,2,chomage,no_match,,,False,,,,
cigarette,1,1,2,cigarette,no_match,,,False,,,,
cinq,1,1,2,cinq,no_match,,,False,,,,
cinéma,1,1,2,cinema,no_match,,,False,,,,
classe,1,1,2,classe,no_match,,,False,,,,
client,1,1,2,client,no_match,,,False,,,,
clinique,1,1,2,clinique,no_match,,,False,,,,
clochard,1,1,2,clochard,no_match,,,False,,,,
clown,1,1,2,clown,no_match,,,False,,,,
coller,1,1,2,coller,no_match,,,False,,,,
colonisation,1,1,2,colonisation,no_match,,,False,,,,
colérique,1,1,2,colerique,exact,colérique,colere,True,,,,
combien,1,1,2,combien,no_match,,,False,,,,
come,1,1,2,come,no_match,,,False,,,,
comique,1,1,2,comique,no_match,,,False,,,,
commencer,1,1,2,commencer,no_match,,,False,,,,
commercial,1,1,2,commercial,no_match,,,False,,,,
communal,1,1,2,communal,no_match,,,False,,,,
complexer,1,1,2,complexer,repaired_high,,,False,complexé,embarras,high,inflected_or_extended_marker
complexé,1,1,2,complexe,exact,complexé,embarras,True,,,,
compliment,1,1,2,compliment,no_match,,,False,,,,
complimentent,0,2,2,complimentent,no_match,,,False,,,,
complimenter,2,0,2,complimenter,no_match,,,False,,,,
compliquer,1,1,2,compliquer,no_match,,,False,,,,
comportez,0,2,2,comportez,no_match,,,False,,,,
composer,1,1,2,composer,no_match,,,False,,,,
concerner,1,1,2,concerner,no_match,,,False,,,,
concours,1,1,2,concours,no_match,,,False,,,,
confier,1,1,2,confier,no_match,,,False,,,,
connaissance,1,1,2,connaissance,no_match,,,False,,,,
cons,0,2,2,cons,no_match,,,False,,,,
considérer,1,1,2,considerer,exact,considérer,admiration,True,,,,
consoler,1,1,2,consoler,exact,consoler,apaisement,True,,,,
constater,1,1,2,constater,no_match,,,False,,,,
contamination,1,1,2,contamination,no_match,,,False,,,,
contamine,1,1,2,contamine,no_match,,,False,,,,
contesté,2,0,2,conteste,no_match,,,False,contenter,joie,medium,same_prefix_fuzzy
continue,1,1,2,continue,no_match,,,False,,,,
contraire,1,1,2,contraire,no_match,,,False,contrarié,deplaisir,medium,same_prefix_fuzzy
contrecœur,1,1,2,contrecœur,no_match,,,False,,,,
convenir,0,2,2,convenir,no_match,,,False,,,,
conversation,1,1,2,conversation,no_match,,,False,,,,
convier,2,0,2,convier,no_match,,,False,convoiter,desir,medium,same_prefix_fuzzy
convivial,1,1,2,convivial,no_match,,,False,,,,
convoquer,1,1,2,convoquer,no_match,,,False,,,,
copine,1,1,2,copine,repaired_high,,,False,copiner,amour,high,truncated_prefix_marker
coronavirus,1,1,2,coronavirus,no_match,,,False,,,,
correspondre,1,1,2,correspondre,no_match,,,False,,,,
corrompre,1,1,2,corrompre,no_match,,,False,,,,
couche,1,1,2,couche,no_match,,,False,,,,
couler,1,1,2,couler,no_match,,,False,,,,
courage,1,1,2,courage,exact,courage,audace,True,,,,
courageux,1,1,2,courageux,exact,courageux,audace,True,,,,
courent,1,1,2,courent,no_match,,,False,,,,
cours,1,1,2,cours,no_match,,,False,,,,
coût,1,1,2,cout,no_match,,,False,,,,
coûter,1,1,2,couter,no_match,,,False,,,,
crac,1,1,2,crac,no_match,,,False,,,,
crachat,1,1,2,crachat,no_match,,,False,,,,
craignon,1,1,2,craignon,no_match,,,False,,,,
craquant,1,1,2,craquant,no_match,,,False,,,,
craqé,1,1,2,craqe,no_match,,,False,,,,
cria,1,1,2,cria,no_match,,,False,,,,
crime,1,1,2,crime,no_match,,,False,,,,
crimininel,1,1,2,crimininel,no_match,,,False,,,,
croissant,1,1,2,croissant,no_match,,,False,,,,
créature,1,1,2,creature,no_match,,,False,,,,
culture,1,1,2,culture,no_match,,,False,,,,
cvhier,1,1,2,cvhier,no_match,,,False,,,,
cyanure,1,1,2,cyanure,no_match,,,False,,,,
céder,1,1,2,ceder,no_match,,,False,,,,
côté,1,1,2,cote,no_match,,,False,,,,
cœur,1,1,2,cœur,no_match,,,False,,,,
damn,1,1,2,damn,no_match,,,False,,,,
dansant,1,1,2,dansant,no_match,,,False,,,,
dead,1,1,2,dead,no_match,,,False,,,,
debout,1,1,2,debout,no_match,,,False,,,,
decu,1,1,2,decu,exact,déçu,deplaisir,True,,,,
dedans,1,1,2,dedans,no_match,,,False,dédain,mepris,medium,same_prefix_fuzzy
degager,1,1,2,degager,no_match,,,False,,,,
dehorsssss,1,1,2,dehorsssss,no_match,,,False,,,,
deja,0,2,2,deja,no_match,,,False,,,,
dejer,2,0,2,dejer,no_match,,,False,,,,
demain,1,1,2,demain,no_match,,,False,,,,
demoiselle,1,1,2,demoiselle,no_match,,,False,,,,
derange,1,1,2,derange,no_match,,,False,,,,
desole,1,1,2,desole,no_match,,,False,,,,
destin,1,1,2,destin,no_match,,,False,,,,
devant,1,1,2,devant,no_match,,,False,,,,
deviner,2,0,2,deviner,no_match,,,False,,,,
devinera,0,2,2,devinera,no_match,,,False,,,,
deçu,1,1,2,decu,exact,déçu,deplaisir,True,,,,
dictée,1,1,2,dictee,no_match,,,False,,,,
différent,1,1,2,different,no_match,,,False,,,,
dignement,1,1,2,dignement,exact,dignement,fierte,True,,,,
diner,1,1,2,diner,no_match,,,False,,,,
directrice,1,1,2,directrice,no_match,,,False,,,,
discuter,1,1,2,discuter,no_match,,,False,,,,
disney,1,1,2,disney,no_match,,,False,,,,
disneyland,1,1,2,disneyland,no_match,,,False,,,,
divertissement,1,1,2,divertissement,exact,divertissement,joie,True,,,,
divorce,1,1,2,divorce,no_match,,,False,,,,
dix,1,1,2,dix,no_match,,,False,,,,
dizaine,1,1,2,dizaine,no_match,,,False,,,,
domaine,1,1,2,domaine,no_match,,,False,,,,
dos,1,1,2,dos,no_match,,,False,,,,
douceur,1,1,2,douceur,no_match,,,False,,,,
doux,1,1,2,doux,no_match,,,False,,,,
déception,1,1,2,deception,exact,déception,deplaisir,True,,,,
décilieux,1,1,2,decilieux,no_match,,,False,,,,
décision,1,1,2,decision,no_match,,,False,,,,
déclencher,1,1,2,declencher,no_match,,,False,,,,
décrocher,2,0,2,decrocher,no_match,,,False,,,,
décroché,0,2,2,decroche,no_match,,,False,,,,
défaillance,1,1,2,defaillance,no_match,,,False,,,,
défaite,1,1,2,defaite,no_match,,,False,,,,
défilé,0,2,2,defile,no_match,,,False,,,,
déforestation,1,1,2,deforestation,no_match,,,False,,,,
déformer,1,1,2,deformer,no_match,,,False,,,,
dégoute,1,1,2,degoute,exact,dégoûté,degout,True,,,,
dégradée,1,1,2,degradee,no_match,,,False,,,,
dégât,1,1,2,degat,no_match,,,False,,,,
déjeuner,1,1,2,dejeuner,no_match,,,False,,,,
déloyal,2,0,2,deloyal,no_match,,,False,,,,
déloyale,0,2,2,deloyale,no_match,,,False,,,,
déléguer,1,1,2,deleguer,no_match,,,False,,,,
dément,2,0,2,dement,no_match,,,False,,,,
démentir,0,2,2,dementir,no_match,,,False,,,,
démission,1,1,2,demission,no_match,,,False,,,,
démoralisé,1,1,2,demoralise,repaired_high,,,False,démoraliser,tristesse,high,truncated_prefix_marker
dépendant,1,1,2,dependant,no_match,,,False,,,,
dépense,1,1,2,depense,no_match,,,False,,,,
dépenser,1,1,2,depenser,no_match,,,False,,,,
déplacer,1,1,2,deplacer,no_match,,,False,,,,
dépressif,1,1,2,depressif,no_match,,,False,,,,
déprime,1,1,2,deprime,exact,déprime,tristesse,True,,,,
déprimer,1,1,2,deprimer,exact,déprimer,tristesse,True,,,,
désapprouver,1,1,2,desapprouver,no_match,,,False,,,,
désastreuse,1,1,2,desastreuse,no_match,,,False,,,,
désavantagé,1,1,2,desavantage,no_match,,,False,,,,
désespérément,0,2,2,desesperement,no_match,,,False,désespéré,tristesse,medium,inflected_or_extended_marker
désespérémer,2,0,2,desesperemer,repaired_high,,,False,désespérer,tristesse,high,shared_long_stem_edit_distance
déshonorant,1,1,2,deshonorant,exact,déshonorant,embarras,True,,,,
déstabiliser,1,1,2,destabiliser,no_match,,,False,,,,
développement,1,1,2,developpement,no_match,,,False,,,,
déversaient,1,1,2,deversaient,no_match,,,False,,,,
dévorer,1,1,2,devorer,no_match,,,False,,,,
e,2,0,2,e,no_match,,,False,,,,
ebola,1,1,2,ebola,no_match,,,False,,,,
ecole,1,1,2,ecole,no_match,,,False,,,,
ecrit,1,1,2,ecrit,no_match,,,False,,,,
efer,1,1,2,efer,no_match,,,False,,,,
effacer,1,1,2,effacer,no_match,,,False,effarer,surprise,medium,same_prefix_fuzzy
effondrée,2,0,2,effondree,no_match,,,False,,,,
effort,1,1,2,effort,no_match,,,False,,,,
emballer,2,0,2,emballer,no_match,,,False,,,,
embarras,1,1,2,embarras,no_match,,,False,,,,
embarrassée,1,1,2,embarrassee,no_match,,,False,,,,
embêté,0,2,2,embete,repaired_high,,,False,embêter,deplaisir,high,truncated_prefix_marker
emmener,1,1,2,emmener,no_match,,,False,,,,
empoisonner,1,1,2,empoisonner,no_match,,,False,,,,
empresser,2,0,2,empresser,no_match,,,False,,,,
encourageant,1,1,2,encourageant,no_match,,,False,,,,
endeuillée,1,1,2,endeuillee,repaired_high,,,False,endeuiller,tristesse,high,shared_long_stem_edit_distance
enfaite,1,1,2,enfaite,no_match,,,False,,,,
enflammer,1,1,2,enflammer,no_match,,,False,,,,
enfonce,1,1,2,enfonce,no_match,,,False,,,,
enfui,0,2,2,enfui,no_match,,,False,,,,
enlever,1,1,2,enlever,no_match,,,False,,,,
ennemi,1,1,2,ennemi,no_match,,,False,,,,
enrager,1,1,2,enrager,exact,enrager,colere,True,,,,
enrichir,1,1,2,enrichir,no_match,,,False,,,,
enterrement,1,1,2,enterrement,no_match,,,False,,,,
enthousiasmante,1,1,2,enthousiasmante,repaired_high,,,False,enthousiasmant,joie,high,inflected_or_extended_marker
entièrement,1,1,2,entierement,no_match,,,False,,,,
entourent,2,0,2,entourent,no_match,,,False,,,,
entourer,0,2,2,entourer,no_match,,,False,,,,
envers,1,1,2,envers,no_match,,,False,,,,
environnement,1,1,2,environnement,no_match,,,False,,,,
envoy,1,1,2,envoy,no_match,,,False,,,,
erreur,1,1,2,erreur,no_match,,,False,,,,
escaladé,1,1,2,escalade,no_match,,,False,,,,
esclave,1,1,2,esclave,no_match,,,False,,,,
escroqué,1,1,2,escroque,no_match,,,False,,,,
espionnage,1,1,2,espionnage,no_match,,,False,,,,
etle,1,1,2,etle,no_match,,,False,,,,
eun,1,1,2,eun,no_match,,,False,,,,
exaspération,1,1,2,exasperation,exact,exaspération,colere,True,,,,
excellence,1,1,2,excellence,no_match,,,False,,,,
exception,1,1,2,exception,no_match,,,False,,,,
excitant,1,1,2,excitant,exact,excitant,comportement,True,,,,
exciter,2,0,2,exciter,exact,exciter,comportement,True,,,,
excitée,0,2,2,excitee,repaired_high,,,False,excité,comportement,high,inflected_or_extended_marker
exercice,1,1,2,exercice,no_match,,,False,,,,
exessif,1,1,2,exessif,no_match,,,False,,,,
exil,1,1,2,exil,no_match,,,False,,,,
exiler,1,1,2,exiler,no_match,,,False,,,,
existant,1,1,2,existant,no_match,,,False,,,,
exister,1,1,2,exister,no_match,,,False,,,,
expert,1,1,2,expert,no_match,,,False,,,,
extinction,1,1,2,extinction,no_match,,,False,,,,
extra,1,1,2,extra,no_match,,,False,,,,
extrêmement,1,1,2,extremement,no_match,,,False,,,,
face,1,1,2,face,no_match,,,False,,,,
faciliter,0,2,2,faciliter,no_match,,,False,,,,
facilité,2,0,2,facilite,no_match,,,False,,,,
fai,2,0,2,fai,no_match,,,False,,,,
faiblessee,1,1,2,faiblessee,no_match,,,False,,,,
faiblir,1,1,2,faiblir,no_match,,,False,,,,
falsifié,0,2,2,falsifie,no_match,,,False,,,,
farfelu,1,1,2,farfelu,no_match,,,False,,,,
fascinée,0,2,2,fascinee,no_match,,,False,,,,
fatigué,1,1,2,fatigue,no_match,,,False,,,,
fatiguée,1,1,2,fatiguee,no_match,,,False,,,,
fdp,1,1,2,fdp,no_match,,,False,,,,
fermera,1,1,2,fermera,no_match,,,False,,,,
fermeture,1,1,2,fermeture,no_match,,,False,,,,
festivité,1,1,2,festivite,no_match,,,False,,,,
ficher,2,0,2,ficher,no_match,,,False,,,,
fichez,0,2,2,fichez,no_match,,,False,,,,
fiere,1,1,2,fiere,no_match,,,False,fierté,fierte,medium,same_prefix_fuzzy
figurine,1,1,2,figurine,no_match,,,False,,,,
film,1,1,2,film,no_match,,,False,,,,
finisse,0,2,2,finisse,no_match,,,False,,,,
fissure,1,1,2,fissure,no_match,,,False,,,,
fièvre,1,1,2,fievre,no_match,,,False,,,,
flashy,1,1,2,flashy,no_match,,,False,,,,
folie,1,1,2,folie,no_match,,,False,,,,
fond,1,1,2,fond,no_match,,,False,,,,
fonder,0,2,2,fonder,no_match,,,False,,,,
fondre,2,0,2,fondre,no_match,,,False,,,,
football,1,1,2,football,no_match,,,False,,,,
forcément,1,1,2,forcement,no_match,,,False,,,,
formalité,1,1,2,formalite,no_match,,,False,,,,
foudre,1,1,2,foudre,no_match,,,False,,,,
fout,1,1,2,fout,no_match,,,False,,,,
foyer,1,1,2,foyer,no_match,,,False,,,,
france,1,1,2,france,no_match,,,False,,,,
franchement,1,1,2,franchement,no_match,,,False,,,,
fratrie,1,1,2,fratrie,no_match,,,False,,,,
fraude,1,1,2,fraude,no_match,,,False,,,,
frayeur,1,1,2,frayeur,exact,frayeur,peur,True,,,,
friandise,1,1,2,friandise,no_match,,,False,,,,
frisson,1,1,2,frisson,exact,frisson,comportement,True,,,,
frite,1,1,2,frite,no_match,,,False,,,,
front,1,1,2,front,no_match,,,False,,,,
frustrée,0,2,2,frustree,repaired_high,,,False,frustrer,deplaisir,high,shared_long_stem_edit_distance
frère,1,1,2,frere,no_match,,,False,,,,
fureur,1,1,2,fureur,exact,fureur,colere,True,,,,
furieur,0,2,2,furieur,repaired_high,,,False,furieux,colere,high,shared_long_stem_edit_distance
féciliter,1,1,2,feciliter,no_match,,,False,,,,
gadjo,1,1,2,gadjo,no_match,,,False,,,,
gai,1,1,2,gai,exact,gai,joie,True,,,,
garde,1,1,2,garde,no_match,,,False,,,,
garçon,1,1,2,garcon,no_match,,,False,,,,
gaspillage,1,1,2,gaspillage,no_match,,,False,,,,
gaspiller,1,1,2,gaspiller,no_match,,,False,,,,
gastronomie,1,1,2,gastronomie,no_match,,,False,,,,
gaufre,1,1,2,gaufre,no_match,,,False,,,,
gaver,1,1,2,gaver,no_match,,,False,,,,
gendarme,1,1,2,gendarme,no_match,,,False,,,,
genre,1,1,2,genre,no_match,,,False,,,,
geule,1,1,2,geule,no_match,,,False,,,,
gigantesque,1,1,2,gigantesque,no_match,,,False,,,,
gloir,2,0,2,gloir,repaired_high,,,False,gloire,admiration,high,truncated_prefix_marker
good,1,1,2,good,no_match,,,False,,,,
gorge,1,1,2,gorge,no_match,,,False,,,,
gracieux,1,1,2,gracieux,no_match,,,False,,,,
gras,1,1,2,gras,no_match,,,False,,,,
grimace,1,1,2,grimace,no_match,,,False,,,,
grogn,2,0,2,grogn,repaired_high,,,False,grognon,colere,high,truncated_prefix_marker
grogne,0,2,2,grogne,repaired_high,,,False,grogner,comportement,high,truncated_prefix_marker
grognement,1,1,2,grognement,exact,grognement,comportement,True,,,,
grognon,1,1,2,grognon,exact,grognon,colere,True,,,,
grommlèle,1,1,2,grommlele,no_match,,,False,grommeler,colere,medium,same_prefix_fuzzy
gronde,0,2,2,gronde,no_match,,,False,,,,
grosse,2,0,2,grosse,no_match,,,False,,,,
grossier,1,1,2,grossier,no_match,,,False,,,,
grotte,1,1,2,grotte,no_match,,,False,,,,
groupe,1,1,2,groupe,no_match,,,False,,,,
grr,1,1,2,grr,no_match,,,False,,,,
grrr,1,1,2,grrr,no_match,,,False,,,,
gueules,0,2,2,gueules,no_match,,,False,,,,
gémir,2,0,2,gemir,exact,gémir,tristesse,True,,,,
gémit,0,2,2,gemit,no_match,,,False,,,,
général,1,1,2,general,no_match,,,False,,,,
gênant,0,2,2,genant,no_match,,,False,,,,
habiller,1,1,2,habiller,no_match,,,False,,,,
habitation,1,1,2,habitation,no_match,,,False,,,,
hagar,1,1,2,hagar,no_match,,,False,,,,
halloween,1,1,2,halloween,no_match,,,False,,,,
happy,1,1,2,happy,no_match,,,False,,,,
harcelait,0,2,2,harcelait,no_match,,,False,,,,
harcelement,1,1,2,harcelement,no_match,,,False,,,,
hectare,1,1,2,hectare,no_match,,,False,,,,
heu,1,1,2,heu,no_match,,,False,,,,
heurter,1,1,2,heurter,no_match,,,False,,,,
hilare,1,1,2,hilare,exact,hilare,joie,True,,,,
hilarité,1,1,2,hilarite,exact,hilarité,joie,True,,,,
his,1,1,2,his,no_match,,,False,,,,
hlm,1,1,2,hlm,no_match,,,False,,,,
homm,2,0,2,homm,no_match,,,False,,,,
honorer,1,1,2,honorer,exact,honorer,fierte,True,,,,
hostilité,1,1,2,hostilite,exact,hostilité,ressentiment,True,,,,
huer,2,0,2,huer,no_match,,,False,,,,
huit,1,1,2,huit,no_match,,,False,,,,
humanitaire,1,1,2,humanitaire,no_match,,,False,,,,
humiliant,2,0,2,humiliant,exact,humiliant,embarras,True,,,,
humiliante,0,2,2,humiliante,repaired_high,,,False,humiliant,embarras,high,inflected_or_extended_marker
humilié,1,1,2,humilie,exact,humilié,embarras,True,,,,
hué,0,2,2,hue,no_match,,,False,,,,
hypocrite,1,1,2,hypocrite,no_match,,,False,,,,
hypocryte,1,1,2,hypocryte,no_match,,,False,,,,
hâter,1,1,2,hater,no_match,,,False,,,,
hé,1,1,2,he,no_match,,,False,,,,
hébergement,1,1,2,hebergement,no_match,,,False,,,,
hélas,1,1,2,helas,no_match,,,False,,,,
héroiqu,2,0,2,heroiqu,no_match,,,False,,,,
héroique,0,2,2,heroique,no_match,,,False,,,,
héroïque,1,1,2,heroique,no_match,,,False,,,,
hésitation,1,1,2,hesitation,no_match,,,False,,,,
idéal,1,1,2,ideal,no_match,,,False,,,,
ignorer,1,1,2,ignorer,no_match,,,False,,,,
illumination,1,1,2,illumination,no_match,,,False,,,,
illusion,1,1,2,illusion,no_match,,,False,,,,
illustrer,0,2,2,illustrer,no_match,,,False,,,,
image,1,1,2,image,no_match,,,False,,,,
imbécile,1,1,2,imbecile,no_match,,,False,,,,
immature,1,1,2,immature,no_match,,,False,,,,
immeuble,1,1,2,immeuble,no_match,,,False,,,,
immoralité,1,1,2,immoralite,no_match,,,False,,,,
impeccable,1,1,2,impeccable,no_match,,,False,,,,
impliquer,1,1,2,impliquer,no_match,,,False,,,,
impossible,1,1,2,impossible,no_match,,,False,,,,
impressionant,1,1,2,impressionant,no_match,,,False,,,,
impressionante,2,0,2,impressionante,no_match,,,False,,,,
improbable,1,1,2,improbable,no_match,,,False,,,,
improviste,1,1,2,improviste,no_match,,,False,,,,
imprévisible,1,1,2,imprevisible,no_match,,,False,,,,
impuissant,0,2,2,impuissant,no_match,,,False,,,,
impuisser,2,0,2,impuisser,no_match,,,False,,,,
incendier,1,1,2,incendier,no_match,,,False,,,,
incendié,1,1,2,incendie,no_match,,,False,,,,
inconfortable,1,1,2,inconfortable,no_match,,,False,,,,
inconnu,1,1,2,inconnu,no_match,,,False,,,,
indigne,1,1,2,indigne,exact,indigné,colere,True,,,,
infect,1,1,2,infect,no_match,,,False,,,,
inferieur,1,1,2,inferieur,no_match,,,False,,,,
influencer,1,1,2,influencer,no_match,,,False,,,,
informatique,1,1,2,informatique,no_match,,,False,,,,
informe,1,1,2,informe,no_match,,,False,,,,
infâme,1,1,2,infame,exact,infâme,dégoût,True,,,,
ingénieur,1,1,2,ingenieur,no_match,,,False,,,,
ingénieux,1,1,2,ingenieux,no_match,,,False,,,,
innocent,1,1,2,innocent,no_match,,,False,,,,
inondation,0,2,2,inondation,no_match,,,False,,,,
inonder,1,1,2,inonder,no_match,,,False,,,,
inshape,1,1,2,inshape,no_match,,,False,,,,
installer,1,1,2,installer,no_match,,,False,,,,
insuffiser,2,0,2,insuffiser,no_match,,,False,,,,
intempestif,1,1,2,intempestif,no_match,,,False,,,,
intentionné,1,1,2,intentionne,no_match,,,False,,,,
interdi,1,1,2,interdi,no_match,,,False,intérêt,desir,medium,shared_long_stem_edit_distance
interdit,0,2,2,interdit,no_match,,,False,intérêt,desir,medium,shared_long_stem_edit_distance
interminable,1,1,2,interminable,no_match,,,False,,,,
internet,1,1,2,internet,repaired_high,,,False,intérêt,desir,high,shared_long_stem_edit_distance
interrompt,1,1,2,interrompt,no_match,,,False,,,,
intimidation,1,1,2,intimidation,no_match,,,False,,,,
intimider,1,1,2,intimider,exact,intimider,peur,True,,,,
introduire,1,1,2,introduire,no_match,,,False,,,,
intéresser,1,1,2,interesser,exact,intéresser,desir,True,,,,
intérêt,1,1,2,interet,exact,intérêt,desir,True,,,,
inutile,1,1,2,inutile,no_match,,,False,,,,
inventent,1,1,2,inventent,no_match,,,False,,,,
inverse,1,1,2,inverse,no_match,,,False,,,,
invivable,1,1,2,invivable,no_match,,,False,,,,
isoler,1,1,2,isoler,exact,isoler,tristesse,True,,,,
jambe,1,1,2,jambe,no_match,,,False,,,,
jardin,1,1,2,jardin,no_match,,,False,,,,
jmen,1,1,2,jmen,no_match,,,False,,,,
jointe,0,2,2,jointe,no_match,,,False,,,,
joue,1,1,2,joue,no_match,,,False,,,,
joueur,1,1,2,joueur,no_match,,,False,,,,
jsp,1,1,2,jsp,no_match,,,False,,,,
jte,1,1,2,jte,no_match,,,False,,,,
juger,1,1,2,juger,no_match,,,False,,,,
juillet,1,1,2,juillet,no_match,,,False,,,,
jvai,2,0,2,jvai,no_match,,,False,,,,
jvais,0,2,2,jvais,no_match,,,False,,,,
jy,1,1,2,jy,no_match,,,False,,,,
kestu,1,1,2,kestu,no_match,,,False,,,,
kiffer,1,1,2,kiffer,no_match,,,False,,,,
kipa,1,1,2,kipa,no_match,,,False,,,,
klaxon,1,1,2,klaxon,no_match,,,False,,,,
lait,1,1,2,lait,no_match,,,False,,,,
lecture,1,1,2,lecture,no_match,,,False,,,,
leglise,1,1,2,leglise,no_match,,,False,,,,
lent,1,1,2,lent,no_match,,,False,,,,
leporte,1,1,2,leporte,no_match,,,False,,,,
lesbiennes,2,0,2,lesbiennes,no_match,,,False,,,,
leçon,1,1,2,lecon,no_match,,,False,,,,
litre,1,1,2,litre,no_match,,,False,,,,
little,1,1,2,little,no_match,,,False,,,,
loi,1,1,2,loi,no_match,,,False,,,,
loisir,1,1,2,loisir,no_match,,,False,,,,
lumineux,1,1,2,lumineux,no_match,,,False,,,,
lumière,1,1,2,lumiere,no_match,,,False,,,,
lâche,2,0,2,lache,exact,lâche,peur,True,,,,
lâcher,0,2,2,lacher,repaired_high,,,False,lâche,peur,high,inflected_or_extended_marker
lécher,1,1,2,lecher,no_match,,,False,,,,
lésecienne,0,2,2,lesecienne,no_match,,,False,,,,
magie,1,1,2,magie,no_match,,,False,,,,
maillot,1,1,2,maillot,no_match,,,False,,,,
majuscule,1,1,2,majuscule,no_match,,,False,,,,
maladroit,1,1,2,maladroit,no_match,,,False,,,,
malfaisant,1,1,2,malfaisant,no_match,,,False,,,,
malice,1,1,2,malice,no_match,,,False,,,,
manche,1,1,2,manche,no_match,,,False,,,,
mangent,0,2,2,mangent,no_match,,,False,,,,
maniere,1,1,2,maniere,no_match,,,False,,,,
manigancent,0,2,2,manigancent,no_match,,,False,,,,
mariag,2,0,2,mariag,no_match,,,False,,,,
marrer,1,1,2,marrer,exact,marrer,joie,True,,,,
massacrer,0,2,2,massacrer,no_match,,,False,,,,
massacré,2,0,2,massacre,no_match,,,False,,,,
massif,1,1,2,massif,no_match,,,False,,,,
matin,1,1,2,matin,no_match,,,False,,,,
matinal,1,1,2,matinal,no_match,,,False,,,,
maturite,1,1,2,maturite,no_match,,,False,,,,
maudire,2,0,2,maudire,no_match,,,False,,,,
maudite,0,2,2,maudite,no_match,,,False,,,,
maximal,0,2,2,maximal,no_match,,,False,,,,
mddddddr,1,1,2,mddddddr,no_match,,,False,,,,
mdr,1,1,2,mdr,no_match,,,False,,,,
mdrrr,1,1,2,mdrrr,no_match,,,False,,,,
mdrrrrr,1,1,2,mdrrrrr,no_match,,,False,,,,
mdrrrrrr,1,1,2,mdrrrrrr,no_match,,,False,,,,
mdrrrrrrrrrrrrrrrr,1,1,2,mdrrrrrrrrrrrrrrrr,no_match,,,False,,,,
membre,1,1,2,membre,no_match,,,False,,,,
menaçaient,0,2,2,menacaient,repaired_high,,,False,menaçant,peur,high,shared_long_stem_edit_distance
menti,1,1,2,menti,no_match,,,False,,,,
message,1,1,2,message,no_match,,,False,,,,
messire,1,1,2,messire,no_match,,,False,,,,
mets,1,1,2,mets,no_match,,,False,,,,
mexique,1,1,2,mexique,no_match,,,False,,,,
mickey,1,1,2,mickey,no_match,,,False,,,,
miel,1,1,2,miel,no_match,,,False,,,,
millimètre,1,1,2,millimetre,no_match,,,False,,,,
mimi,1,1,2,mimi,no_match,,,False,,,,
minimum,1,1,2,minimum,no_match,,,False,,,,
miracle,1,1,2,miracle,no_match,,,False,,,,
mobilisation,1,1,2,mobilisation,no_match,,,False,,,,
moche,1,1,2,moche,no_match,,,False,,,,
mode,1,1,2,mode,no_match,,,False,,,,
modèle,1,1,2,modele,no_match,,,False,,,,
moindre,1,1,2,moindre,no_match,,,False,,,,
mois,1,1,2,mois,no_match,,,False,,,,
mongol,1,1,2,mongol,no_match,,,False,,,,
monopole,1,1,2,monopole,no_match,,,False,,,,
montrant,2,0,2,montrant,no_match,,,False,,,,
mortel,1,1,2,mortel,no_match,,,False,,,,
moule,1,1,2,moule,no_match,,,False,,,,
mourait,0,2,2,mourait,no_match,,,False,,,,
moyenne,1,1,2,moyenne,no_match,,,False,,,,
mskn,1,1,2,mskn,no_match,,,False,,,,
musée,1,1,2,musee,no_match,,,False,,,,
méchamment,1,1,2,mechamment,exact,méchamment,inhumanite,True,,,,
médailler,2,0,2,medailler,no_match,,,False,,,,
médaillée,0,2,2,medaillee,no_match,,,False,,,,
média,1,1,2,media,no_match,,,False,,,,
méfie,0,2,2,mefie,repaired_high,,,False,méfier,peur,high,truncated_prefix_marker
méfient,0,2,2,mefient,no_match,,,False,méfiant,peur,medium,same_prefix_fuzzy
mélancolie,1,1,2,melancolie,exact,mélancolie,tristesse,True,,,,
ménagerie,1,1,2,menagerie,no_match,,,False,,,,
mérite,2,0,2,merite,no_match,,,False,,,,
mésaventure,1,1,2,mesaventure,no_match,,,False,,,,
naturellement,1,1,2,naturellement,no_match,,,False,,,,
nausée,1,1,2,nausee,no_match,,,False,,,,
nerf,1,1,2,nerf,no_match,,,False,,,,
nerveux,1,1,2,nerveux,exact,nerveux,comportement,True,,,,
nn,1,1,2,nn,no_match,,,False,,,,
nocturne,1,1,2,nocturne,no_match,,,False,,,,
norme,1,1,2,norme,no_match,,,False,,,,
nu,0,2,2,nu,no_match,,,False,,,,
nue,2,0,2,nue,no_match,,,False,,,,
nuir,2,0,2,nuir,no_match,,,False,,,,
nuire,0,2,2,nuire,no_match,,,False,,,,
nuit,1,1,2,nuit,no_match,,,False,,,,
négociation,1,1,2,negociation,no_match,,,False,,,,
objet,1,1,2,objet,no_match,,,False,,,,
obscur,1,1,2,obscur,no_match,,,False,,,,
obtenir,1,1,2,obtenir,no_match,,,False,,,,
obèse,1,1,2,obese,no_match,,,False,,,,
obéir,1,1,2,obeir,no_match,,,False,,,,
obése,1,1,2,obese,no_match,,,False,,,,
occupation,1,1,2,occupation,no_match,,,False,,,,
offense,1,1,2,offense,exact,offense,embarras,True,,,,
oiseau,1,1,2,oiseau,no_match,,,False,,,,
ok,1,1,2,ok,no_match,,,False,,,,
onze,1,1,2,onze,no_match,,,False,,,,
ooo,1,1,2,ooo,no_match,,,False,,,,
ooooh,1,1,2,ooooh,no_match,,,False,,,,
oppose,2,0,2,oppose,no_match,,,False,,,,
oppresseur,1,1,2,oppresseur,repaired_high,,,False,oppresser,deplaisir,high,shared_long_stem_edit_distance
optimiste,1,1,2,optimiste,exact,optimiste,joie,True,,,,
opération,1,1,2,operation,no_match,,,False,,,,
orage,1,1,2,orage,no_match,,,False,,,,
orchestre,1,1,2,orchestre,no_match,,,False,,,,
ordinateur,1,1,2,ordinateur,no_match,,,False,,,,
ordonner,1,1,2,ordonner,no_match,,,False,,,,
ordre,1,1,2,ordre,no_match,,,False,,,,
ouais,1,1,2,ouais,no_match,,,False,,,,
oublie,1,1,2,oublie,no_match,,,False,,,,
oubliée,0,2,2,oubliee,no_match,,,False,,,,
ous,1,1,2,ous,no_match,,,False,,,,
paillette,1,1,2,paillette,no_match,,,False,,,,
pain,1,1,2,pain,no_match,,,False,,,,
pan,1,1,2,pan,no_match,,,False,,,,
paprasserie,1,1,2,paprasserie,no_match,,,False,,,,
paquebot,1,1,2,paquebot,no_match,,,False,,,,
parce,1,1,2,parce,no_match,,,False,,,,
pareil,1,1,2,pareil,no_match,,,False,,,,
parfaitement,1,1,2,parfaitement,no_match,,,False,,,,
parfois,1,1,2,parfois,no_match,,,False,,,,
parole,1,1,2,parole,no_match,,,False,,,,
partenaire,1,1,2,partenaire,no_match,,,False,,,,
parti,1,1,2,parti,no_match,,,False,,,,
particulier,1,1,2,particulier,no_match,,,False,,,,
partie,1,1,2,partie,no_match,,,False,,,,
passion,1,1,2,passion,exact,passion,amour,True,,,,
patiemment,1,1,2,patiemment,no_match,,,False,,,,
patte,1,1,2,patte,no_match,,,False,,,,
paupière,1,1,2,paupiere,no_match,,,False,,,,
pauve,1,1,2,pauve,no_match,,,False,,,,
pelle,1,1,2,pelle,no_match,,,False,,,,
pension,1,1,2,pension,no_match,,,False,,,,
percuter,0,2,2,percuter,no_match,,,False,,,,
percuté,2,0,2,percute,no_match,,,False,,,,
perdant,1,1,2,perdant,no_match,,,False,,,,
permettre,1,1,2,permettre,no_match,,,False,,,,
persecute,1,1,2,persecute,no_match,,,False,,,,
persecuter,2,0,2,persecuter,no_match,,,False,,,,
persecutée,0,2,2,persecutee,no_match,,,False,,,,
persécutée,0,2,2,persecutee,no_match,,,False,,,,
pest,2,0,2,pest,no_match,,,False,,,,
peste,0,2,2,peste,repaired_high,,,False,pester,colere,high,truncated_prefix_marker
pestiféré,2,0,2,pestifere,no_match,,,False,,,,
pestiférée,0,2,2,pestiferee,no_match,,,False,,,,
pestilentielle,1,1,2,pestilentielle,no_match,,,False,,,,
pff,1,1,2,pff,no_match,,,False,,,,
phare,1,1,2,phare,no_match,,,False,,,,
phénoménal,1,1,2,phenomenal,no_match,,,False,,,,
piano,1,1,2,piano,no_match,,,False,,,,
pillée,1,1,2,pillee,no_match,,,False,,,,
pincer,2,0,2,pincer,no_match,,,False,,,,
pincé,0,2,2,pince,no_match,,,False,,,,
piquer,1,1,2,piquer,no_match,,,False,,,,
piraté,1,1,2,pirate,no_match,,,False,,,,
piètre,1,1,2,pietre,exact,piètre,mepris,True,,,,
piétiner,1,1,2,pietiner,no_match,,,False,,,,
plain,1,1,2,plain,no_match,,,False,,,,
planète,1,1,2,planete,no_match,,,False,,,,
pleint,2,0,2,pleint,no_match,,,False,,,,
pleinte,0,2,2,pleinte,no_match,,,False,,,,
pler,2,0,2,pler,no_match,,,False,,,,
pleuraient,0,2,2,pleuraient,no_match,,,False,,,,
pleurnichant,1,1,2,pleurnichant,repaired_high,,,False,pleurnichage,comportement,high,shared_long_stem_edit_distance
pleurniche,1,1,2,pleurniche,repaired_high,,,False,pleurnicher,comportement,high,truncated_prefix_marker
plonger,2,0,2,plonger,no_match,,,False,,,,
plongée,0,2,2,plongee,no_match,,,False,,,,
plutot,1,1,2,plutot,no_match,,,False,,,,
poids,1,1,2,poids,no_match,,,False,,,,
poing,1,1,2,poing,no_match,,,False,,,,
pointer,1,1,2,pointer,no_match,,,False,,,,
poison,1,1,2,poison,no_match,,,False,,,,
pokeflute,1,1,2,pokeflute,no_match,,,False,,,,
politique,1,1,2,politique,no_match,,,False,,,,
polluée,0,2,2,polluee,no_match,,,False,,,,
polue,1,1,2,polue,no_match,,,False,,,,
popopoooo,1,1,2,popopoooo,no_match,,,False,,,,
population,1,1,2,population,no_match,,,False,,,,
poser,1,1,2,poser,no_match,,,False,,,,
possible,1,1,2,possible,no_match,,,False,,,,
posséder,1,1,2,posseder,no_match,,,False,,,,
poster,2,0,2,poster,no_match,,,False,,,,
postez,0,2,2,postez,no_match,,,False,,,,
poulpe,1,1,2,poulpe,no_match,,,False,,,,
poème,1,1,2,poeme,no_match,,,False,,,,
pression,1,1,2,pression,no_match,,,False,,,,
preuve,1,1,2,preuve,no_match,,,False,,,,
priver,1,1,2,priver,no_match,,,False,,,,
prochain,1,1,2,prochain,no_match,,,False,,,,
proche,1,1,2,proche,no_match,,,False,,,,
produit,1,1,2,produit,no_match,,,False,,,,
professeur,1,1,2,professeur,no_match,,,False,,,,
progresser,1,1,2,progresser,no_match,,,False,,,,
proie,1,1,2,proie,no_match,,,False,,,,
promesse,1,1,2,promesse,no_match,,,False,,,,
proposition,1,1,2,proposition,no_match,,,False,,,,
propre,1,1,2,propre,no_match,,,False,,,,
propritété,1,1,2,propritete,no_match,,,False,,,,
protège,2,0,2,protege,no_match,,,False,,,,
provocation,1,1,2,provocation,exact,provocation,non_specifiee,True,,,,
prudence,1,1,2,prudence,no_match,,,False,,,,
près,1,1,2,pres,no_match,,,False,,,,
précipitation,1,1,2,precipitation,no_match,,,False,,,,
précédent,1,1,2,precedent,no_match,,,False,,,,
préféré,0,2,2,prefere,exact,préféré,amour,True,,,,
président,1,1,2,president,no_match,,,False,,,,
prévention,1,1,2,prevention,no_match,,,False,,,,
prévoir,1,1,2,prevoir,no_match,,,False,,,,
psychiatrique,1,1,2,psychiatrique,no_match,,,False,,,,
psychologue,1,1,2,psychologue,no_match,,,False,,,,
psychose,1,1,2,psychose,no_match,,,False,,,,
ptddddrrrrrrr,1,1,2,ptddddrrrrrrr,no_match,,,False,,,,
ptddrrrr,1,1,2,ptddrrrr,no_match,,,False,,,,
ptdrrr,1,1,2,ptdrrr,no_match,,,False,,,,
ptdrrrr,1,1,2,ptdrrrr,no_match,,,False,,,,
ptdrrrrrr,1,1,2,ptdrrrrrr,no_match,,,False,,,,
ptit,1,1,2,ptit,no_match,,,False,,,,
public,1,1,2,public,no_match,,,False,,,,
pupuce,1,1,2,pupuce,no_match,,,False,,,,
pérsecution,1,1,2,persecution,no_match,,,False,,,,
pétale,1,1,2,petale,no_match,,,False,,,,
qinge,1,1,2,qinge,no_match,,,False,,,,
quartier,1,1,2,quartier,no_match,,,False,,,,
quon,1,1,2,quon,no_match,,,False,,,,
rabaisser,1,1,2,rabaisser,no_match,,,False,,,,
racisme,1,1,2,racisme,no_match,,,False,,,,
racont,2,0,2,racont,no_match,,,False,,,,
radieux,1,1,2,radieux,no_match,,,False,,,,
ragoûtant,0,2,2,ragoutant,no_match,,,False,,,,
ragoûter,2,0,2,ragouter,no_match,,,False,,,,
rangez,1,1,2,rangez,no_match,,,False,,,,
rappeler,1,1,2,rappeler,no_match,,,False,,,,
rapport,1,1,2,rapport,no_match,,,False,,,,
rarement,1,1,2,rarement,no_match,,,False,,,,
rattrappée,1,1,2,rattrappee,no_match,,,False,,,,
ravage,1,1,2,ravage,no_match,,,False,,,,
rebelle,1,1,2,rebelle,no_match,,,False,,,,
recommencer,1,1,2,recommencer,no_match,,,False,,,,
recueillir,1,1,2,recueillir,no_match,,,False,,,,
redonner,1,1,2,redonner,no_match,,,False,,,,
redoutaient,1,1,2,redoutaient,no_match,,,False,,,,
regard,1,1,2,regard,no_match,,,False,,,,
regret,1,1,2,regret,exact,regret,culpabilite,True,,,,
regrettable,1,1,2,regrettable,exact,regrettable,culpabilite,True,,,,
regrettaient,1,1,2,regrettaient,no_match,,,False,regret,culpabilite,medium,inflected_or_extended_marker
regrouper,1,1,2,regrouper,no_match,,,False,,,,
rejet,1,1,2,rejet,no_match,,,False,,,,
religieux,1,1,2,religieux,no_match,,,False,,,,
remarier,1,1,2,remarier,no_match,,,False,,,,
remarque,1,1,2,remarque,no_match,,,False,,,,
remarquer,1,1,2,remarquer,no_match,,,False,,,,
remettez,1,1,2,remettez,no_match,,,False,,,,
remettraient,1,1,2,remettraient,no_match,,,False,,,,
remporte,2,0,2,remporte,no_match,,,False,,,,
représentation,1,1,2,representation,no_match,,,False,,,,
représenter,1,1,2,representer,no_match,,,False,,,,
respectueux,1,1,2,respectueux,exact,respectueux,admiration,True,,,,
responsabilité,1,1,2,responsabilite,no_match,,,False,,,,
ressort,1,1,2,ressort,no_match,,,False,,,,
ressource,1,1,2,ressource,no_match,,,False,,,,
reste,2,0,2,reste,no_match,,,False,,,,
restera,1,1,2,restera,no_match,,,False,,,,
retourner,2,0,2,retourner,no_match,,,False,,,,
retournez,0,2,2,retournez,no_match,,,False,,,,
retransmission,1,1,2,retransmission,no_match,,,False,,,,
revanche,1,1,2,revanche,no_match,,,False,,,,
revoir,1,1,2,revoir,no_match,,,False,,,,
ricanement,1,1,2,ricanement,exact,ricanement,mepris,True,,,,
riche,1,1,2,riche,no_match,,,False,,,,
rideau,1,1,2,rideau,no_match,,,False,,,,
ritz,1,1,2,ritz,no_match,,,False,,,,
robe,1,1,2,robe,no_match,,,False,,,,
robert,1,1,2,robert,no_match,,,False,,,,
romantique,1,1,2,romantique,exact,romantique,amour,True,,,,
rompre,0,2,2,rompre,no_match,,,False,,,,
rompu,2,0,2,rompu,no_match,,,False,,,,
ronchonn,2,0,2,ronchonn,repaired_high,,,False,ronchonne,colere,high,truncated_prefix_marker
ronchonne,0,2,2,ronchonne,exact,ronchonne,colere,True,,,,
ronchonner,1,1,2,ronchonner,exact,ronchonner,colere,True,,,,
ronger,1,1,2,ronger,no_match,,,False,,,,
rooohh,1,1,2,rooohh,no_match,,,False,,,,
rose,1,1,2,rose,no_match,,,False,,,,
rougir,1,1,2,rougir,exact,rougir,comportement,True,,,,
rouspéter,1,1,2,rouspeter,no_match,,,False,,,,
routier,1,1,2,routier,no_match,,,False,,,,
ruer,2,0,2,ruer,no_match,,,False,,,,
rugissement,1,1,2,rugissement,no_match,,,False,,,,
ruiner,2,0,2,ruiner,no_match,,,False,,,,
ruinée,0,2,2,ruinee,no_match,,,False,,,,
réalisable,1,1,2,realisable,no_match,,,False,,,,
réalité,1,1,2,realite,no_match,,,False,,,,
rébellion,1,1,2,rebellion,no_match,,,False,,,,
récolte,1,1,2,recolte,no_match,,,False,,,,
rédiger,1,1,2,rediger,no_match,,,False,,,,
réfugient,0,2,2,refugient,no_match,,,False,,,,
régime,1,1,2,regime,no_match,,,False,,,,
régler,1,1,2,regler,no_match,,,False,,,,
répeter,1,1,2,repeter,no_match,,,False,,,,
réserve,1,1,2,reserve,no_match,,,False,,,,
réserver,1,1,2,reserver,no_match,,,False,,,,
rétorqué,1,1,2,retorque,no_match,,,False,,,,
réveille,2,0,2,reveille,no_match,,,False,,,,
révolution,1,1,2,revolution,no_match,,,False,,,,
rêvé,2,0,2,reve,no_match,,,False,,,,
rôle,1,1,2,role,no_match,,,False,,,,
sabord,1,1,2,sabord,no_match,,,False,,,,
saboter,1,1,2,saboter,no_match,,,False,,,,
sac,1,1,2,sac,no_match,,,False,,,,
saccager,1,1,2,saccager,no_match,,,False,,,,
saisir,1,1,2,saisir,no_match,,,False,,,,
sal,1,1,2,sal,no_match,,,False,,,,
salade,1,1,2,salade,no_match,,,False,,,,
salle,1,1,2,salle,no_match,,,False,,,,
sang,1,1,2,sang,no_match,,,False,,,,
sanglote,1,1,2,sanglote,repaired_high,,,False,sangloter,comportement,high,truncated_prefix_marker
sauf,1,1,2,sauf,no_match,,,False,,,,
savoure,1,1,2,savoure,no_match,,,False,,,,
scandaliser,2,0,2,scandaliser,exact,scandaliser,colere,True,,,,
scandalisé,0,2,2,scandalise,repaired_high,,,False,scandaliser,colere,high,truncated_prefix_marker
score,1,1,2,score,no_match,,,False,,,,
scénario,1,1,2,scenario,no_match,,,False,,,,
secondaire,1,1,2,secondaire,no_match,,,False,,,,
secours,1,1,2,secours,no_match,,,False,,,,
secret,1,1,2,secret,no_match,,,False,,,,
selena,1,1,2,selena,no_match,,,False,,,,
selfie,1,1,2,selfie,no_match,,,False,,,,
semaine,1,1,2,semaine,no_match,,,False,,,,
semblant,1,1,2,semblant,no_match,,,False,,,,
sensible,1,1,2,sensible,exact,sensible,non_specifiee,True,,,,
ser,2,0,2,ser,no_match,,,False,,,,
serieux,1,1,2,serieux,no_match,,,False,,,,
serre,1,1,2,serre,no_match,,,False,,,,
serveur,1,1,2,serveur,no_match,,,False,,,,
service,1,1,2,service,no_match,,,False,,,,
seulement,1,1,2,seulement,no_match,,,False,,,,
sidéré,1,1,2,sidere,repaired_high,,,False,sidérer,surprise,high,truncated_prefix_marker
siffle,1,1,2,siffle,no_match,,,False,,,,
sifflé,1,1,2,siffle,no_match,,,False,,,,
signe,2,0,2,signe,no_match,,,False,,,,
signer,0,2,2,signer,no_match,,,False,,,,
silencieux,1,1,2,silencieux,no_match,,,False,,,,
silhouette,1,1,2,silhouette,no_match,,,False,,,,
simplement,1,1,2,simplement,no_match,,,False,,,,
singe,1,1,2,singe,no_match,,,False,,,,
sinon,1,1,2,sinon,no_match,,,False,,,,
six,1,1,2,six,no_match,,,False,,,,
sixième,1,1,2,sixieme,no_match,,,False,,,,
soin,1,1,2,soin,no_match,,,False,,,,
soirée,1,1,2,soiree,no_match,,,False,,,,
somptueux,1,1,2,somptueux,no_match,,,False,,,,
sophie,1,1,2,sophie,no_match,,,False,,,,
sorcière,1,1,2,sorciere,no_match,,,False,,,,
sorry,1,1,2,sorry,no_match,,,False,,,,
sort,2,0,2,sort,no_match,,,False,,,,
soucier,1,1,2,soucier,exact,soucier,peur,True,,,,
souffert,0,2,2,souffert,no_match,,,False,,,,
souffle,1,1,2,souffle,no_match,,,False,,,,
soulagement,1,1,2,soulagement,exact,soulagement,apaisement,True,,,,
soulager,1,1,2,soulager,exact,soulager,apaisement,True,,,,
soulevé,1,1,2,souleve,no_match,,,False,,,,
soupçonneux,1,1,2,soupconneux,exact,soupçonneux,peur,True,,,,
sourd,1,1,2,sourd,no_match,,,False,,,,
sourit,0,2,2,sourit,repaired_high,,,False,souriant,comportement,high,shared_long_stem_edit_distance
soutien,1,1,2,soutien,no_match,,,False,,,,
souvent,1,1,2,souvent,no_match,,,False,,,,
steak,1,1,2,steak,no_match,,,False,,,,
stopppp,1,1,2,stopppp,no_match,,,False,,,,
stoppppp,1,1,2,stoppppp,no_match,,,False,,,,
story,1,1,2,story,no_match,,,False,,,,
stresse,1,1,2,stresse,exact,stressé,peur,True,,,,
stupeur,1,1,2,stupeur,no_match,,,False,,,,
stupéfaire,2,0,2,stupefaire,no_match,,,False,,,,
stupéfaite,1,1,2,stupefaite,no_match,,,False,,,,
style,1,1,2,style,no_match,,,False,,,,
stérile,1,1,2,sterile,no_match,,,False,,,,
subit,2,0,2,subit,no_match,,,False,,,,
subitement,1,1,2,subitement,no_match,,,False,,,,
sublime,1,1,2,sublime,no_match,,,False,,,,
suceur,2,0,2,suceur,no_match,,,False,,,,
suceuse,0,2,2,suceuse,no_match,,,False,,,,
sucrer,1,1,2,sucrer,no_match,,,False,,,,
suffisant,0,2,2,suffisant,exact,suffisant,orgueil,True,,,,
sufisamment,1,1,2,sufisamment,no_match,,,False,,,,
suite,1,1,2,suite,no_match,,,False,,,,
supplémentaire,1,1,2,supplementaire,no_match,,,False,,,,
supportent,0,2,2,supportent,no_match,,,False,,,,
supprime,1,1,2,supprime,no_match,,,False,,,,
suprendre,1,1,2,suprendre,no_match,,,False,,,,
suprise,1,1,2,suprise,no_match,,,False,,,,
surconsommation,1,1,2,surconsommation,no_match,,,False,,,,
surgi,0,2,2,surgi,no_match,,,False,,,,
surveillance,1,1,2,surveillance,no_match,,,False,,,,
suspendre,1,1,2,suspendre,repaired_high,,,False,suspense,peur,high,shared_long_stem_edit_distance
symbole,1,1,2,symbole,no_match,,,False,,,,
séjour,1,1,2,sejour,no_match,,,False,,,,
sérieu,0,2,2,serieu,no_match,,,False,,,,
sérieusement,1,1,2,serieusement,no_match,,,False,,,,
sévit,1,1,2,sevit,no_match,,,False,,,,
sévère,1,1,2,severe,no_match,,,False,,,,
taisaient,0,2,2,taisaient,no_match,,,False,,,,
taleur,1,1,2,taleur,no_match,,,False,,,,
tapage,1,1,2,tapage,no_match,,,False,,,,
tape,1,1,2,tape,no_match,,,False,,,,
tdc,1,1,2,tdc,no_match,,,False,,,,
tema,0,2,2,tema,no_match,,,False,,,,
temer,2,0,2,temer,no_match,,,False,témérité,audace,medium,truncated_prefix_marker
temporaire,1,1,2,temporaire,no_match,,,False,,,,
ten,1,1,2,ten,no_match,,,False,,,,
tentacule,1,1,2,tentacule,no_match,,,False,,,,
terrain,1,1,2,terrain,no_match,,,False,,,,
terrasser,2,0,2,terrasser,no_match,,,False,,,,
terrassé,0,2,2,terrasse,no_match,,,False,,,,
terreur,1,1,2,terreur,exact,terreur,peur,True,,,,
terrien,1,1,2,terrien,no_match,,,False,,,,
terrifiant,1,1,2,terrifiant,exact,terrifiant,peur,True,,,,
terrorisé,0,2,2,terrorise,repaired_high,,,False,terroriser,peur,high,truncated_prefix_marker
tete,2,0,2,tete,no_match,,,False,,,,
teter,0,2,2,teter,no_match,,,False,,,,
tgv,1,1,2,tgv,no_match,,,False,,,,
thank,1,1,2,thank,no_match,,,False,,,,
thermos,1,1,2,thermos,no_match,,,False,,,,
théâtral,1,1,2,theatral,no_match,,,False,,,,
tibo,1,1,2,tibo,no_match,,,False,,,,
ticket,1,1,2,ticket,no_match,,,False,,,,
tien,0,2,2,tien,no_match,,,False,,,,
tienne,2,0,2,tienne,no_match,,,False,,,,
tiens,2,0,2,tiens,no_match,,,False,,,,
tigre,1,1,2,tigre,no_match,,,False,,,,
tire,2,0,2,tire,no_match,,,False,,,,
tisane,1,1,2,tisane,no_match,,,False,,,,
titre,1,1,2,titre,no_match,,,False,,,,
tjrs,1,1,2,tjrs,no_match,,,False,,,,
to,1,1,2,to,no_match,,,False,,,,
toiausssi,1,1,2,toiausssi,no_match,,,False,,,,
tonnerre,1,1,2,tonnerre,no_match,,,False,,,,
torture,1,1,2,torture,no_match,,,False,,,,
tousser,1,1,2,tousser,no_match,,,False,,,,
trac,1,1,2,trac,exact,trac,peur,True,,,,
trachée,1,1,2,trachee,no_match,,,False,,,,
trafiquant,1,1,2,trafiquant,no_match,,,False,,,,
trahison,1,1,2,trahison,no_match,,,False,,,,
trair,2,0,2,trair,no_match,,,False,,,,
traire,0,2,2,traire,no_match,,,False,,,,
tranquillement,1,1,2,tranquillement,exact,tranquillement,apaisement,True,,,,
traîner,1,1,2,trainer,no_match,,,False,,,,
triche,1,1,2,triche,no_match,,,False,,,,
trkl,1,1,2,trkl,no_match,,,False,,,,
troisième,1,1,2,troisieme,no_match,,,False,,,,
trompé,0,2,2,trompe,no_match,,,False,,,,
troquer,1,1,2,troquer,no_match,,,False,,,,
troublé,0,2,2,trouble,exact,trouble,surprise,True,,,,
trône,1,1,2,trone,no_match,,,False,,,,
tsunami,1,1,2,tsunami,no_match,,,False,,,,
turbulence,1,1,2,turbulence,no_match,,,False,,,,
typique,1,1,2,typique,no_match,,,False,,,,
télécabine,1,1,2,telecabine,no_match,,,False,,,,
téléphoner,1,1,2,telephoner,no_match,,,False,,,,
témoin,1,1,2,temoin,no_match,,,False,,,,
tétaniser,2,0,2,tetaniser,exact,tétaniser,comportement,True,,,,
tétanisé,0,2,2,tetanise,repaired_high,,,False,tétaniser,comportement,high,truncated_prefix_marker
u,1,1,2,u,no_match,,,False,,,,
urgence,1,1,2,urgence,no_match,,,False,,,,
utile,1,1,2,utile,no_match,,,False,,,,
vacance,1,1,2,vacance,no_match,,,False,,,,
valider,1,1,2,valider,no_match,,,False,,,,
valoir,1,1,2,valoir,no_match,,,False,,,,
veille,1,1,2,veille,no_match,,,False,,,,
vengeance,1,1,2,vengeance,exact,vengeance,ressentiment,True,,,,
veriter,1,1,2,veriter,no_match,,,False,,,,
vex,2,0,2,vex,no_match,,,False,,,,
vide,1,1,2,vide,no_match,,,False,,,,
vif,1,1,2,vif,no_match,,,False,,,,
village,1,1,2,village,no_match,,,False,,,,
violon,1,1,2,violon,no_match,,,False,,,,
vitesse,1,1,2,vitesse,no_match,,,False,,,,
vladimir,1,1,2,vladimir,no_match,,,False,,,,
voie,1,1,2,voie,no_match,,,False,,,,
voire,1,1,2,voire,no_match,,,False,,,,
volant,0,2,2,volant,no_match,,,False,,,,
vote,1,1,2,vote,no_match,,,False,,,,
vraie,2,0,2,vraie,no_match,,,False,,,,
vraient,1,1,2,vraient,no_match,,,False,,,,
vrm,1,1,2,vrm,no_match,,,False,,,,
vrmt,1,1,2,vrmt,no_match,,,False,,,,
vsi,1,1,2,vsi,no_match,,,False,,,,
véhément,1,1,2,vehement,no_match,,,False,,,,
vénère,1,1,2,venere,repaired_high,,,False,vénérer,amour,high,truncated_prefix_marker
vénérer,1,1,2,venerer,exact,vénérer,amour,True,,,,
véridique,1,1,2,veridique,no_match,,,False,,,,
waw,1,1,2,waw,no_match,,,False,,,,
wsh,1,1,2,wsh,no_match,,,False,,,,
you,1,1,2,you,no_match,,,False,,,,
zéro,1,1,2,zero,no_match,,,False,,,,
ânerie,1,1,2,anerie,no_match,,,False,,,,
ébahie,1,1,2,ebahie,repaired_high,,,False,ébahi,surprise,high,inflected_or_extended_marker
écart,1,1,2,ecart,no_match,,,False,,,,
échanger,1,1,2,echanger,no_match,,,False,,,,
échouer,1,1,2,echouer,no_match,,,False,,,,
éclater,1,1,2,eclater,no_match,,,False,,,,
économique,1,1,2,economique,no_match,,,False,,,,
écoute,1,1,2,ecoute,no_match,,,False,,,,
écrasent,1,1,2,ecrasent,no_match,,,False,,,,
écraser,1,1,2,ecraser,no_match,,,False,,,,
écria,0,2,2,ecria,no_match,,,False,,,,
écriée,0,2,2,ecriee,no_match,,,False,,,,
électrisée,1,1,2,electrisee,no_match,,,False,,,,
émerveillé,2,0,2,emerveille,exact,émerveillé,admiration,True,,,,
émerveillés,0,2,2,emerveilles,repaired_high,,,False,émerveillé,admiration,high,inflected_or_extended_marker
émouvoir,1,1,2,emouvoir,exact,émouvoir,non_specifiee,True,,,,
énervé,0,2,2,enerve,exact,énervé,colere,True,,,,
épanouir,1,1,2,epanouir,no_match,,,False,,,,
épanouissant,1,1,2,epanouissant,no_match,,,False,,,,
épaule,1,1,2,epaule,no_match,,,False,,,,
épidémique,1,1,2,epidemique,no_match,,,False,,,,
épinard,1,1,2,epinard,no_match,,,False,,,,
épouvantail,1,1,2,epouvantail,exact,épouvantail,peur,True,,,,
équivalent,1,1,2,equivalent,no_match,,,False,,,,
ériger,1,1,2,eriger,no_match,,,False,,,,
éruption,1,1,2,eruption,no_match,,,False,,,,
éternité,1,1,2,eternite,no_match,,,False,,,,
éternuer,1,1,2,eternuer,no_match,,,False,,,,
étonnée,2,0,2,etonnee,repaired_high,,,False,étonné,surprise,high,inflected_or_extended_marker
étouffé,1,1,2,etouffe,no_match,,,False,,,,
étude,1,1,2,etude,no_match,,,False,,,,
évènement,1,1,2,evenement,no_match,,,False,,,,
œuf,1,1,2,œuf,no_match,,,False,,,,
abattoir,0,1,1,abattoir,no_match,,,False,,,,
abim,1,0,1,abim,no_match,,,False,,,,
abime,0,1,1,abime,no_match,,,False,,,,
abîmer,0,1,1,abimer,no_match,,,False,,,,
accusent,1,0,1,accusent,no_match,,,False,,,,
actionner,1,0,1,actionner,no_match,,,False,,,,
actionné,0,1,1,actionne,no_match,,,False,,,,
admire,1,0,1,admire,repaired_high,,,False,admirer,admiration,high,truncated_prefix_marker
admirent,1,0,1,admirent,no_match,,,False,admirer,admiration,medium,shared_long_stem_edit_distance
admiré,1,0,1,admire,repaired_high,,,False,admirer,admiration,high,truncated_prefix_marker
admirée,0,1,1,admiree,repaired_high,,,False,admirer,admiration,high,shared_long_stem_edit_distance
ador,1,0,1,ador,no_match,,,False,adoré,amour,medium,same_prefix_fuzzy
adore,1,0,1,adore,exact,adoré,amour,True,,,,
affliger,1,0,1,affliger,exact,affliger,tristesse,True,,,,
affligé,0,1,1,afflige,repaired_high,,,False,affliger,tristesse,high,truncated_prefix_marker
affronteront,0,1,1,affronteront,no_match,,,False,affront,embarras,medium,inflected_or_extended_marker
aidez,1,0,1,aidez,no_match,,,False,,,,
aime,1,0,1,aime,no_match,,,False,aimer,amour,medium,same_prefix_fuzzy
aimerai,1,0,1,aimerai,repaired_high,,,False,aimer,amour,high,inflected_or_extended_marker
aimeriez,0,1,1,aimeriez,no_match,,,False,aimer,amour,medium,inflected_or_extended_marker
ajouter,1,0,1,ajouter,no_match,,,False,,,,
ajoutera,0,1,1,ajoutera,no_match,,,False,,,,
alarmer,1,0,1,alarmer,exact,alarmer,peur,True,,,,
alertent,0,1,1,alertent,repaired_high,,,False,alerte,peur,high,inflected_or_extended_marker
allur,1,0,1,allur,no_match,,,False,,,,
allure,0,1,1,allure,no_match,,,False,,,,
amusait,0,1,1,amusait,repaired_high,,,False,amusant,joie,high,shared_long_stem_edit_distance
amusion,0,1,1,amusion,no_match,,,False,,,,
amusée,0,1,1,amusee,repaired_high,,,False,amuser,joie,high,shared_long_stem_edit_distance
angoissant,0,1,1,angoissant,exact,angoissant,peur,True,,,,
angoissante,1,0,1,angoissante,repaired_high,,,False,angoissant,peur,high,inflected_or_extended_marker
angoissée,0,1,1,angoissee,repaired_high,,,False,angoisse,peur,high,inflected_or_extended_marker
appartenir,0,1,1,appartenir,no_match,,,False,,,,
appartien,1,0,1,appartien,no_match,,,False,,,,
applaudissent,0,1,1,applaudissent,repaired_high,,,False,applaudissement,admiration,high,shared_long_stem_edit_distance
apportaient,0,1,1,apportaient,no_match,,,False,,,,
approuvent,0,1,1,approuvent,no_match,,,False,,,,
approuver,1,0,1,approuver,no_match,,,False,,,,
arrête,1,0,1,arrete,no_match,,,False,,,,
arrêteront,0,1,1,arreteront,no_match,,,False,,,,
artific,1,0,1,artific,no_match,,,False,,,,
artifice,0,1,1,artifice,no_match,,,False,,,,
asil,1,0,1,asil,no_match,,,False,,,,
asile,0,1,1,asile,no_match,,,False,,,,
attaquaient,0,1,1,attaquaient,no_match,,,False,,,,
attristant,0,1,1,attristant,exact,attristant,tristesse,True,,,,
attristé,0,1,1,attriste,repaired_high,,,False,attrister,tristesse,high,truncated_prefix_marker
aîner,1,0,1,ainer,no_match,,,False,,,,
aîné,0,1,1,aine,no_match,,,False,,,,
bachi,1,0,1,bachi,no_match,,,False,,,,
barraient,0,1,1,barraient,no_match,,,False,,,,
blaiss,1,0,1,blaiss,no_match,,,False,,,,
blaisse,0,1,1,blaisse,no_match,,,False,,,,
blanche,1,0,1,blanche,no_match,,,False,,,,
bloqu,1,0,1,bloqu,no_match,,,False,,,,
bloquaient,0,1,1,bloquaient,no_match,,,False,,,,
bloque,0,1,1,bloque,no_match,,,False,,,,
blottir,1,0,1,blottir,no_match,,,False,,,,
blottissant,0,1,1,blottissant,no_match,,,False,,,,
bolo,0,1,1,bolo,no_match,,,False,,,,
bolos,1,0,1,bolos,no_match,,,False,,,,
bombardée,0,1,1,bombardee,no_match,,,False,,,,
bombre,0,1,1,bombre,no_match,,,False,,,,
boudeuse,0,1,1,boudeuse,no_match,,,False,boudeur,colere,medium,shared_long_stem_edit_distance
bouffonne,0,1,1,bouffonne,no_match,,,False,,,,
bougeait,0,1,1,bougeait,no_match,,,False,,,,
bougerait,0,1,1,bougerait,no_match,,,False,,,,
bougonne,0,1,1,bougonne,repaired_high,,,False,bougonner,colere,high,truncated_prefix_marker
bougonner,1,0,1,bougonner,exact,bougonner,colere,True,,,,
bougé,0,1,1,bouge,no_match,,,False,,,,
bouzouk,1,0,1,bouzouk,no_match,,,False,,,,
brailler,1,0,1,brailler,no_match,,,False,,,,
braillé,0,1,1,braille,no_match,,,False,,,,
brandir,1,0,1,brandir,no_match,,,False,,,,
brandissant,0,1,1,brandissant,no_match,,,False,,,,
brillante,1,0,1,brillante,no_match,,,False,,,,
brul,1,0,1,brul,no_match,,,False,,,,
brule,0,1,1,brule,no_match,,,False,,,,
brute,1,0,1,brute,no_match,,,False,,,,
brûlent,0,1,1,brulent,no_match,,,False,,,,
cache,1,0,1,cache,no_match,,,False,,,,
channger,1,0,1,channger,no_match,,,False,,,,
channgé,0,1,1,channge,no_match,,,False,,,,
chanter,0,1,1,chanter,no_match,,,False,,,,
charmer,1,0,1,charmer,exact,charmer,amour,True,,,,
charmé,0,1,1,charme,exact,charme,amour,True,,,,
chasse,0,1,1,chasse,no_match,,,False,,,,
chauffe,0,1,1,chauffe,no_match,,,False,,,,
cherche,1,0,1,cherche,no_match,,,False,,,,
chercherez,0,1,1,chercherez,no_match,,,False,,,,
choisissent,0,1,1,choisissent,no_match,,,False,,,,
choquent,0,1,1,choquent,no_match,,,False,,,,
chou,1,0,1,chou,no_match,,,False,,,,
choux,0,1,1,choux,no_match,,,False,,,,
chéri,1,0,1,cheri,exact,chéri,amour,True,,,,
chérie,0,1,1,cherie,repaired_high,,,False,chéri,amour,high,inflected_or_extended_marker
claqu,1,0,1,claqu,no_match,,,False,,,,
claquer,0,1,1,claquer,no_match,,,False,,,,
coincer,1,0,1,coincer,no_match,,,False,,,,
coincé,0,1,1,coince,no_match,,,False,,,,
combler,1,0,1,combler,no_match,,,False,,,,
comblé,0,1,1,comble,no_match,,,False,,,,
comporté,0,1,1,comporte,no_match,,,False,,,,
comprend,1,0,1,comprend,no_match,,,False,,,,
confisqué,0,1,1,confisque,no_match,,,False,,,,
confisquée,0,1,1,confisquee,no_match,,,False,,,,
conitnuer,1,0,1,conitnuer,no_match,,,False,,,,
conitnué,0,1,1,conitnue,no_match,,,False,,,,
conquérant,1,0,1,conquerant,no_match,,,False,,,,
conquérante,0,1,1,conquerante,no_match,,,False,,,,
construire,0,1,1,construire,no_match,,,False,,,,
construit,1,0,1,construit,no_match,,,False,,,,
contaminée,0,1,1,contaminee,no_match,,,False,,,,
contenent,0,1,1,contenent,repaired_high,,,False,content,joie,high,shared_long_stem_edit_distance
contener,1,0,1,contener,repaired_high,,,False,contenter,joie,high,shared_long_stem_edit_distance
contestait,0,1,1,contestait,no_match,,,False,,,,
contrarie,1,0,1,contrarie,exact,contrarié,deplaisir,True,,,,
contrarier,0,1,1,contrarier,exact,contrarier,deplaisir,True,,,,
coqueluch,1,0,1,coqueluch,no_match,,,False,,,,
coqueluche,0,1,1,coqueluche,no_match,,,False,,,,
corvée,0,1,1,corvee,no_match,,,False,,,,
couvrent,1,0,1,couvrent,no_match,,,False,,,,
couvrir,0,1,1,couvrir,no_match,,,False,,,,
crain,1,0,1,crain,repaired_high,,,False,crainte,peur,high,truncated_prefix_marker
craintif,1,0,1,craintif,exact,craintif,peur,True,,,,
craintife,0,1,1,craintife,repaired_high,,,False,craintif,peur,high,inflected_or_extended_marker
cran,1,0,1,cran,no_match,,,False,,,,
crane,0,1,1,crane,no_match,,,False,,,,
crever,0,1,1,crever,no_match,,,False,,,,
criaient,0,1,1,criaient,no_match,,,False,,,,
criait,0,1,1,criait,no_match,,,False,,,,
criera,0,1,1,criera,repaired_high,,,False,crier,comportement,high,inflected_or_extended_marker
croi,1,0,1,croi,no_match,,,False,,,,
croquer,0,1,1,croquer,no_match,,,False,,,,
croyais,0,1,1,croyais,no_match,,,False,,,,
crève,1,0,1,creve,no_match,,,False,crève-coeur,tristesse,medium,truncated_prefix_marker
cuire,1,0,1,cuire,no_match,,,False,,,,
cuit,0,1,1,cuit,no_match,,,False,,,,
culpabiliser,1,0,1,culpabiliser,exact,culpabiliser,culpabilite,True,,,,
culpabilisé,0,1,1,culpabilise,repaired_high,,,False,culpabiliser,culpabilite,high,truncated_prefix_marker
curieuse,0,1,1,curieuse,no_match,,,False,curieux,desir,medium,shared_long_stem_edit_distance
curieux,1,0,1,curieux,exact,curieux,desir,True,,,,
danseront,0,1,1,danseront,no_match,,,False,,,,
danseus,1,0,1,danseus,no_match,,,False,,,,
degoutez,0,1,1,degoutez,repaired_high,,,False,dégoûté,degout,high,inflected_or_extended_marker
degoutée,0,1,1,degoutee,repaired_high,,,False,dégoûté,degout,high,inflected_or_extended_marker
devoreur,1,0,1,devoreur,no_match,,,False,,,,
difficulter,1,0,1,difficulter,no_match,,,False,,,,
dira,0,1,1,dira,no_match,,,False,,,,
disputait,0,1,1,disputait,no_match,,,False,,,,
donne,1,0,1,donne,no_match,,,False,,,,
donneur,1,0,1,donneur,no_match,,,False,,,,
donneuse,0,1,1,donneuse,no_match,,,False,,,,
doser,1,0,1,doser,no_match,,,False,,,,
dosez,0,1,1,dosez,no_match,,,False,,,,
doutaient,0,1,1,doutaient,no_match,,,False,,,,
douter,1,0,1,douter,no_match,,,False,,,,
dresse,1,0,1,dresse,no_match,,,False,,,,
dresser,0,1,1,dresser,no_match,,,False,,,,
drol,1,0,1,drol,no_match,,,False,drôle,joie,medium,same_prefix_fuzzy
débarrassé,0,1,1,debarrasse,no_match,,,False,,,,
débordent,0,1,1,debordent,no_match,,,False,,,,
déborder,1,0,1,deborder,no_match,,,False,,,,
déchaîne,0,1,1,dechaine,no_match,,,False,,,,
déchaîner,1,0,1,dechainer,no_match,,,False,,,,
déchiraient,0,1,1,dechiraient,no_match,,,False,,,,
déchoir,0,1,1,dechoir,no_match,,,False,,,,
déchu,1,0,1,dechu,no_match,,,False,,,,
décontenancer,1,0,1,decontenancer,exact,décontenancer,surprise,True,,,,
décontenancée,0,1,1,decontenancee,exact,décontenancée,surprise,True,,,,
décourager,1,0,1,decourager,exact,décourager,tristesse,True,,,,
découragé,0,1,1,decourage,repaired_high,,,False,décourager,tristesse,high,truncated_prefix_marker
découvrait,0,1,1,decouvrait,no_match,,,False,,,,
découvrant,0,1,1,decouvrant,no_match,,,False,,,,
décrier,1,0,1,decrier,repaired_high,,,False,décrisper,apaisement,high,shared_long_stem_edit_distance
décriée,0,1,1,decriee,no_match,,,False,,,,
défiguraient,0,1,1,defiguraient,no_match,,,False,,,,
défigurer,1,0,1,defigurer,no_match,,,False,,,,
défouler,1,0,1,defouler,no_match,,,False,,,,
défoulée,0,1,1,defoulee,no_match,,,False,,,,
dégeulasse,0,1,1,degeulasse,no_match,,,False,,,,
dégeuler,1,0,1,degeuler,no_match,,,False,,,,
dégouteee,1,0,1,degouteee,repaired_high,,,False,dégoûté,degout,high,inflected_or_extended_marker
dégouteeee,0,1,1,degouteeee,repaired_high,,,False,dégoûté,degout,high,inflected_or_extended_marker
dégouter,1,0,1,degouter,exact,dégoûter,degout,True,,,,
dégouté,0,1,1,degoute,exact,dégoûté,degout,True,,,,
dégoûtée,0,1,1,degoutee,repaired_high,,,False,dégoûté,degout,high,inflected_or_extended_marker
dégradant,0,1,1,degradant,no_match,,,False,,,,
dégradante,1,0,1,degradante,no_match,,,False,,,,
dégrade,1,0,1,degrade,no_match,,,False,,,,
dégrader,0,1,1,degrader,no_match,,,False,,,,
dégustent,0,1,1,degustent,no_match,,,False,,,,
déguster,1,0,1,deguster,no_match,,,False,,,,
délic,1,0,1,delic,repaired_high,,,False,délice,joie,high,truncated_prefix_marker
délice,0,1,1,delice,exact,délice,joie,True,,,,
démarr,1,0,1,demarr,no_match,,,False,,,,
démarrer,0,1,1,demarrer,no_match,,,False,,,,
démoli,0,1,1,demoli,no_match,,,False,,,,
démolir,1,0,1,demolir,no_match,,,False,,,,
dénonçait,0,1,1,denoncait,no_match,,,False,,,,
déplorant,0,1,1,deplorant,no_match,,,False,,,,
déplorer,1,0,1,deplorer,exact,déplorer,tristesse,True,,,,
dépêchent,0,1,1,depechent,no_match,,,False,,,,
dépêcher,1,0,1,depecher,no_match,,,False,,,,
déranger,1,0,1,deranger,no_match,,,False,,,,
dérangera,0,1,1,derangera,no_match,,,False,,,,
désoler,1,0,1,desoler,no_match,,,False,,,,
détent,1,0,1,detent,repaired_high,,,False,détente,apaisement,high,truncated_prefix_marker
détente,0,1,1,detente,exact,détente,apaisement,True,,,,
détestait,0,1,1,detestait,no_match,,,False,,,,
détourné,0,1,1,detourne,no_match,,,False,,,,
détriment,0,1,1,detriment,no_match,,,False,,,,
détrimer,1,0,1,detrimer,no_match,,,False,,,,
dévaliser,1,0,1,devaliser,no_match,,,False,,,,
dévalisé,0,1,1,devalise,no_match,,,False,,,,
dévalorisant,0,1,1,devalorisant,no_match,,,False,,,,
dévaloriser,1,0,1,devaloriser,no_match,,,False,,,,
dévast,1,0,1,devast,no_match,,,False,,,,
dévaste,0,1,1,devaste,no_match,,,False,,,,
dévorant,0,1,1,devorant,no_match,,,False,,,,
dévoreurs,0,1,1,devoreurs,no_match,,,False,,,,
effondrent,0,1,1,effondrent,no_match,,,False,,,,
effondré,1,0,1,effondre,no_match,,,False,,,,
effrai,1,0,1,effrai,no_match,,,False,effroi,peur,medium,same_prefix_fuzzy
effraie,0,1,1,effraie,no_match,,,False,effrayer,peur,medium,shared_long_stem_edit_distance
effrayante,0,1,1,effrayante,repaired_high,,,False,effrayant,peur,high,inflected_or_extended_marker
emballe,0,1,1,emballe,no_match,,,False,,,,
emballé,0,1,1,emballe,no_match,,,False,,,,
empestait,0,1,1,empestait,no_match,,,False,,,,
empester,1,0,1,empester,no_match,,,False,,,,
empocher,1,0,1,empocher,no_match,,,False,,,,
empoché,0,1,1,empoche,no_match,,,False,,,,
empressa,0,1,1,empressa,no_match,,,False,,,,
empresse,0,1,1,empresse,no_match,,,False,,,,
empêché,0,1,1,empeche,no_match,,,False,,,,
enfer,1,0,1,enfer,no_match,,,False,,,,
enferment,0,1,1,enferment,no_match,,,False,,,,
enfiler,1,0,1,enfiler,no_match,,,False,,,,
enfilé,0,1,1,enfile,no_match,,,False,,,,
engueule,0,1,1,engueule,repaired_high,,,False,engueuler,colere,high,truncated_prefix_marker
engueuler,1,0,1,engueuler,exact,engueuler,colere,True,,,,
ennuyé,0,1,1,ennuye,exact,ennuyé,tristesse,True,,,,
ensembl,1,0,1,ensembl,no_match,,,False,,,,
entament,1,0,1,entament,no_match,,,False,,,,
entend,1,0,1,entend,no_match,,,False,,,,
entendion,0,1,1,entendion,no_match,,,False,,,,
enthousiasm,1,0,1,enthousiasm,repaired_high,,,False,enthousiasme,joie,high,truncated_prefix_marker
entonner,1,0,1,entonner,no_match,,,False,,,,
entonné,0,1,1,entonne,no_match,,,False,,,,
entraine,1,0,1,entraine,repaired_high,,,False,entrain,joie,high,inflected_or_extended_marker
entrainer,0,1,1,entrainer,repaired_high,,,False,entrain,joie,high,inflected_or_extended_marker
entretenir,1,0,1,entretenir,no_match,,,False,,,,
entretenu,0,1,1,entretenu,no_match,,,False,,,,
envahir,0,1,1,envahir,no_match,,,False,,,,
envoler,1,0,1,envoler,no_match,,,False,,,,
envolé,0,1,1,envole,no_match,,,False,,,,
esclaff,1,0,1,esclaff,no_match,,,False,,,,
esclaffe,0,1,1,esclaffe,no_match,,,False,,,,
espèr,1,0,1,esper,repaired_high,,,False,espérer,desir,high,truncated_prefix_marker
espérer,0,1,1,esperer,exact,espérer,desir,True,,,,
etait,0,1,1,etait,no_match,,,False,,,,
etat,1,0,1,etat,exact,état,non_specifiee,True,,,,
eter,1,0,1,eter,no_match,,,False,,,,
exactemer,1,0,1,exactemer,no_match,,,False,,,,
exaspérer,1,0,1,exasperer,exact,exaspérer,colere,True,,,,
exaspéré,0,1,1,exaspere,repaired_high,,,False,exaspérer,colere,high,truncated_prefix_marker
exclament,0,1,1,exclament,no_match,,,False,,,,
exclamer,1,0,1,exclamer,no_match,,,False,,,,
excus,1,0,1,excus,no_match,,,False,,,,
exploité,1,0,1,exploite,no_match,,,False,,,,
exploseeeeee,1,0,1,exploseeeeee,no_match,,,False,,,,
fabuleu,1,0,1,fabuleu,no_match,,,False,,,,
fascine,1,0,1,fascine,no_match,,,False,,,,
fasse,1,0,1,fasse,no_match,,,False,,,,
fatima,0,1,1,fatima,no_match,,,False,,,,
fatimer,1,0,1,fatimer,no_match,,,False,,,,
favorisé,0,1,1,favorise,no_match,,,False,,,,
fermé,0,1,1,ferme,no_match,,,False,,,,
ferrer,1,0,1,ferrer,no_match,,,False,,,,
ferré,0,1,1,ferre,no_match,,,False,,,,
feux,1,0,1,feux,no_match,,,False,,,,
fiction,1,0,1,fiction,no_match,,,False,,,,
finissez,0,1,1,finissez,no_match,,,False,,,,
finit,1,0,1,finit,no_match,,,False,,,,
folle,1,0,1,folle,no_match,,,False,,,,
forain,1,0,1,forain,no_match,,,False,,,,
foraine,0,1,1,foraine,no_match,,,False,,,,
foutai,1,0,1,foutai,no_match,,,False,,,,
foutais,0,1,1,foutais,no_match,,,False,,,,
foutr,1,0,1,foutr,no_match,,,False,,,,
francai,1,0,1,francai,no_match,,,False,,,,
francais,0,1,1,francais,no_match,,,False,,,,
froissé,0,1,1,froisse,no_match,,,False,,,,
froncer,1,0,1,froncer,no_match,,,False,,,,
froncé,0,1,1,fronce,no_match,,,False,,,,
fuyant,1,0,1,fuyant,no_match,,,False,,,,
fâchai,1,0,1,fachai,no_match,,,False,,,,
fâchais,0,1,1,fachais,no_match,,,False,,,,
fâchée,0,1,1,fachee,repaired_high,,,False,fâché,colere,high,inflected_or_extended_marker
félicité,1,0,1,felicite,exact,félicité,joie,True,,,,
félicitée,0,1,1,felicitee,repaired_high,,,False,félicité,joie,high,inflected_or_extended_marker
g,0,1,1,g,no_match,,,False,,,,
gagnais,0,1,1,gagnais,no_match,,,False,,,,
gagnant,1,0,1,gagnant,no_match,,,False,,,,
gen,1,0,1,gen,no_match,,,False,,,,
gene,0,1,1,gene,no_match,,,False,,,,
ghetto,0,1,1,ghetto,no_match,,,False,,,,
gifle,1,0,1,gifle,no_match,,,False,,,,
gifler,0,1,1,gifler,no_match,,,False,,,,
glorieur,0,1,1,glorieur,repaired_high,,,False,glorieux,admiration,high,shared_long_stem_edit_distance
glorieuse,1,0,1,glorieuse,repaired_high,,,False,glorieux,admiration,high,shared_long_stem_edit_distance
gloussent,0,1,1,gloussent,no_match,,,False,,,,
glousser,1,0,1,glousser,no_match,,,False,,,,
gouverner,0,1,1,gouverner,no_match,,,False,,,,
goûterais,0,1,1,gouterais,no_match,,,False,,,,
gramme,1,0,1,gramme,no_match,,,False,,,,
granc,0,1,1,granc,no_match,,,False,,,,
grv,1,0,1,grv,no_match,,,False,,,,
gâch,1,0,1,gach,no_match,,,False,,,,
gâche,0,1,1,gache,no_match,,,False,,,,
hanter,1,0,1,hanter,no_match,,,False,,,,
hantis,1,0,1,hantis,no_match,,,False,,,,
hantise,0,1,1,hantise,no_match,,,False,,,,
hantée,0,1,1,hantee,no_match,,,False,,,,
harcelée,0,1,1,harcelee,no_match,,,False,,,,
haut,0,1,1,haut,no_match,,,False,,,,
haute,1,0,1,haute,no_match,,,False,,,,
homophooooooob,1,0,1,homophooooooob,no_match,,,False,,,,
homophooooooobe,0,1,1,homophooooooobe,no_match,,,False,,,,
hourra,0,1,1,hourra,exact,hourra,admiration,True,,,,
hourrer,1,0,1,hourrer,no_match,,,False,hourra,admiration,medium,shared_long_stem_edit_distance
humanisent,0,1,1,humanisent,no_match,,,False,,,,
humaniser,1,0,1,humaniser,no_match,,,False,,,,
humilier,1,0,1,humilier,exact,humilier,embarras,True,,,,
humiliée,0,1,1,humiliee,repaired_high,,,False,humilié,embarras,high,inflected_or_extended_marker
ider,1,0,1,ider,no_match,,,False,,,,
illustre,1,0,1,illustre,no_match,,,False,,,,
imagine,1,0,1,imagine,no_match,,,False,,,,
impatientent,0,1,1,impatientent,no_match,,,False,,,,
impatienter,1,0,1,impatienter,no_match,,,False,,,,
imposait,0,1,1,imposait,no_match,,,False,,,,
impressioner,1,0,1,impressioner,no_match,,,False,,,,
impressionnent,0,1,1,impressionnent,no_match,,,False,,,,
improvisent,0,1,1,improvisent,no_match,,,False,,,,
improviser,1,0,1,improviser,no_match,,,False,,,,
incorrect,1,0,1,incorrect,no_match,,,False,,,,
incorrecte,0,1,1,incorrecte,no_match,,,False,,,,
indignée,0,1,1,indignee,repaired_high,,,False,indigné,colere,high,inflected_or_extended_marker
infini,0,1,1,infini,no_match,,,False,,,,
infinie,1,0,1,infinie,no_match,,,False,,,,
inhabituel,1,0,1,inhabituel,no_match,,,False,,,,
inhabituelle,0,1,1,inhabituelle,no_match,,,False,,,,
injustifier,1,0,1,injustifier,no_match,,,False,,,,
injustifiée,0,1,1,injustifiee,no_match,,,False,,,,
inquiétée,0,1,1,inquietee,repaired_high,,,False,inquiéter,peur,high,shared_long_stem_edit_distance
inspir,1,0,1,inspir,no_match,,,False,,,,
interdisant,1,0,1,interdisant,no_match,,,False,,,,
intriguant,0,1,1,intriguant,no_match,,,False,,,,
irez,0,1,1,irez,no_match,,,False,,,,
irrespectueuse,1,0,1,irrespectueuse,repaired_high,,,False,irrespectueux,embarras,high,shared_long_stem_edit_distance
irrespectueux,0,1,1,irrespectueux,exact,irrespectueux,embarras,True,,,,
isolent,0,1,1,isolent,repaired_high,,,False,isolement,tristesse,high,shared_long_stem_edit_distance
isolé,1,0,1,isole,exact,isolé,tristesse,True,,,,
jean,0,1,1,jean,no_match,,,False,,,,
jeans,1,0,1,jeans,no_match,,,False,,,,
joignent,0,1,1,joignent,no_match,,,False,,,,
jovial,1,0,1,jovial,exact,jovial,joie,True,,,,
joviale,0,1,1,joviale,repaired_high,,,False,jovial,joie,high,inflected_or_extended_marker
juifs,0,1,1,juifs,no_match,,,False,,,,
jur,1,0,1,jur,no_match,,,False,,,,
jurer,0,1,1,jurer,no_match,,,False,,,,
khalla,0,1,1,khalla,no_match,,,False,,,,
khaller,1,0,1,khaller,no_match,,,False,,,,
kidnapper,1,0,1,kidnapper,no_match,,,False,,,,
kidnappé,0,1,1,kidnappe,no_match,,,False,,,,
kiff,1,0,1,kiff,no_match,,,False,,,,
kiffe,0,1,1,kiffe,no_match,,,False,,,,
klaxonnaient,0,1,1,klaxonnaient,no_match,,,False,,,,
laissez,1,0,1,laissez,no_match,,,False,,,,
lamente,0,1,1,lamente,repaired_high,,,False,lamenter,tristesse,high,truncated_prefix_marker
lamenter,1,0,1,lamenter,exact,lamenter,tristesse,True,,,,
lance,1,0,1,lance,no_match,,,False,,,,
lancée,1,0,1,lancee,no_match,,,False,,,,
larguer,1,0,1,larguer,no_match,,,False,,,,
largué,0,1,1,largue,no_match,,,False,,,,
lasser,1,0,1,lasser,exact,lasser,comportement,True,,,,
lesbienne,0,1,1,lesbienne,no_match,,,False,,,,
levée,0,1,1,levee,no_match,,,False,,,,
louai,1,0,1,louai,no_match,,,False,,,,
louais,0,1,1,louais,no_match,,,False,,,,
loup,0,1,1,loup,no_match,,,False,,,,
madame,0,1,1,madame,no_match,,,False,,,,
maii,1,0,1,maii,no_match,,,False,,,,
maiis,0,1,1,maiis,no_match,,,False,,,,
majestueuse,1,0,1,majestueuse,no_match,,,False,,,,
majestueuxe,0,1,1,majestueuxe,no_match,,,False,,,,
maladress,1,0,1,maladress,no_match,,,False,,,,
maladresse,0,1,1,maladresse,no_match,,,False,,,,
malheureuse,0,1,1,malheureuse,repaired_high,,,False,malheureux,tristesse,high,shared_long_stem_edit_distance
manquerait,0,1,1,manquerait,no_match,,,False,,,,
marcher,1,0,1,marcher,no_match,,,False,,,,
marché,0,1,1,marche,no_match,,,False,,,,
mari,1,0,1,mari,no_match,,,False,,,,
mariera,0,1,1,mariera,no_match,,,False,,,,
maris,0,1,1,maris,no_match,,,False,,,,
maternel,0,1,1,maternel,no_match,,,False,,,,
maternelle,1,0,1,maternelle,no_match,,,False,,,,
meler,1,0,1,meler,no_match,,,False,,,,
melez,0,1,1,melez,no_match,,,False,,,,
meller,1,0,1,meller,no_match,,,False,,,,
mellez,0,1,1,mellez,no_match,,,False,,,,
menacée,1,0,1,menacee,repaired_high,,,False,menace,peur,high,inflected_or_extended_marker
mette,1,0,1,mette,no_match,,,False,,,,
mobilisé,1,0,1,mobilise,no_match,,,False,,,,
monsieur,1,0,1,monsieur,no_match,,,False,,,,
moqu,1,0,1,moqu,no_match,,,False,,,,
moqué,0,1,1,moque,no_match,,,False,,,,
mord,1,0,1,mord,no_match,,,False,,,,
muscler,1,0,1,muscler,no_match,,,False,,,,
musclé,0,1,1,muscle,no_match,,,False,,,,
mètre,0,1,1,metre,no_match,,,False,,,,
méconnaître,1,0,1,meconnaitre,no_match,,,False,,,,
méconnu,0,1,1,meconnu,no_match,,,False,,,,
mécontente,0,1,1,mecontente,repaired_high,,,False,mécontenter,colere,high,truncated_prefix_marker
méfiante,0,1,1,mefiante,repaired_high,,,False,méfiant,peur,high,inflected_or_extended_marker
méritez,0,1,1,meritez,no_match,,,False,,,,
mérité,1,0,1,merite,no_match,,,False,,,,
nauséabond,1,0,1,nauseabond,no_match,,,False,,,,
nauséabonde,0,1,1,nauseabonde,no_match,,,False,,,,
nettoyer,1,0,1,nettoyer,no_match,,,False,,,,
nettoyé,0,1,1,nettoye,no_match,,,False,,,,
news,1,0,1,news,no_match,,,False,,,,
nik,1,0,1,nik,no_match,,,False,,,,
nike,0,1,1,nike,no_match,,,False,,,,
noire,1,0,1,noire,no_match,,,False,,,,
oblige,1,0,1,oblige,no_match,,,False,,,,
offensif,1,0,1,offensif,no_match,,,False,offense,embarras,medium,shared_long_stem_edit_distance
offensive,0,1,1,offensive,repaired_high,,,False,offense,embarras,high,shared_long_stem_edit_distance
olalala,0,1,1,olalala,no_match,,,False,,,,
olalaler,1,0,1,olalaler,no_match,,,False,,,,
opposé,0,1,1,oppose,no_match,,,False,,,,
orthograph,1,0,1,orthograph,no_match,,,False,,,,
orthographe,0,1,1,orthographe,no_match,,,False,,,,
os,1,0,1,os,no_match,,,False,,,,
osé,1,0,1,ose,no_match,,,False,,,,
oup,0,1,1,oup,no_match,,,False,,,,
oups,1,0,1,oups,no_match,,,False,,,,
ouvert,1,0,1,ouvert,no_match,,,False,,,,
paranoïa,0,1,1,paranoia,no_match,,,False,,,,
paranoïer,1,0,1,paranoier,no_match,,,False,,,,
parfaire,1,0,1,parfaire,no_match,,,False,,,,
parl,1,0,1,parl,no_match,,,False,,,,
parte,0,1,1,parte,no_match,,,False,,,,
parvenaient,0,1,1,parvenaient,no_match,,,False,,,,
passionn,1,0,1,passionn,repaired_high,,,False,passionné,amour,high,truncated_prefix_marker
passionne,0,1,1,passionne,exact,passionné,amour,True,,,,
passionner,1,0,1,passionner,exact,passionner,amour,True,,,,
passionné,0,1,1,passionne,exact,passionné,amour,True,,,,
pay,1,0,1,pay,no_match,,,False,,,,
pense,1,0,1,pense,no_match,,,False,,,,
pensivement,0,1,1,pensivement,no_match,,,False,,,,
pensivemer,1,0,1,pensivemer,no_match,,,False,,,,
perd,1,0,1,perd,no_match,,,False,,,,
perde,0,1,1,perde,no_match,,,False,,,,
picotement,0,1,1,picotement,no_match,,,False,,,,
picotemer,1,0,1,picotemer,no_match,,,False,,,,
pitier,1,0,1,pitier,repaired_high,,,False,pitie,empathie,high,inflected_or_extended_marker
piégé,0,1,1,piege,no_match,,,False,,,,
plaigent,0,1,1,plaigent,no_match,,,False,,,,
plaiger,1,0,1,plaiger,no_match,,,False,,,,
plaignait,0,1,1,plaignait,no_match,,,False,,,,
plair,1,0,1,plair,repaired_high,,,False,plaire,amour,high,truncated_prefix_marker
plaisent,0,1,1,plaisent,no_match,,,False,plaisant,amour,medium,same_prefix_fuzzy
pleurai,1,0,1,pleurai,no_match,,,False,pleurard,comportement,medium,shared_long_stem_edit_distance
pleurais,0,1,1,pleurais,no_match,,,False,pleurard,comportement,medium,shared_long_stem_edit_distance
pollue,0,1,1,pollue,no_match,,,False,,,,
polluerait,0,1,1,polluerait,no_match,,,False,,,,
post,1,0,1,post,no_match,,,False,,,,
pourchassent,0,1,1,pourchassent,no_match,,,False,,,,
pourchasser,1,0,1,pourchasser,no_match,,,False,,,,
poussière,0,1,1,poussiere,no_match,,,False,,,,
poussiérer,1,0,1,poussierer,no_match,,,False,,,,
ppourrait,0,1,1,ppourrait,no_match,,,False,,,,
ppourrer,1,0,1,ppourrer,no_match,,,False,,,,
prenaient,0,1,1,prenaient,no_match,,,False,,,,
prive,1,0,1,prive,no_match,,,False,,,,
privilèg,1,0,1,privileg,no_match,,,False,,,,
privilège,0,1,1,privilege,no_match,,,False,,,,
privé,0,1,1,prive,no_match,,,False,,,,
problèm,1,0,1,problem,no_match,,,False,,,,
protestaient,0,1,1,protestaient,no_match,,,False,,,,
prédir,1,0,1,predir,no_match,,,False,,,,
prédire,0,1,1,predire,no_match,,,False,,,,
préoccupe,0,1,1,preoccupe,exact,préoccupé,peur,True,,,,
prêter,1,0,1,preter,no_match,,,False,,,,
prêtera,0,1,1,pretera,no_match,,,False,,,,
publier,1,0,1,publier,no_match,,,False,,,,
publiez,0,1,1,publiez,no_match,,,False,,,,
pulvériser,1,0,1,pulveriser,no_match,,,False,,,,
pulvérisé,0,1,1,pulverise,no_match,,,False,,,,
pèt,1,0,1,pet,no_match,,,False,,,,
péter,0,1,1,peter,no_match,,,False,,,,
quittent,1,0,1,quittent,no_match,,,False,,,,
quitté,1,0,1,quitte,no_match,,,False,,,,
rabat,0,1,1,rabat,no_match,,,False,rabat-joie,tristesse,medium,truncated_prefix_marker
rabattre,1,0,1,rabattre,no_match,,,False,,,,
raconte,1,0,1,raconte,no_match,,,False,,,,
ravagé,1,0,1,ravage,no_match,,,False,,,,
ravagée,0,1,1,ravagee,no_match,,,False,,,,
re,0,1,1,re,no_match,,,False,,,,
rebellent,0,1,1,rebellent,no_match,,,False,,,,
recroquevillent,0,1,1,recroquevillent,no_match,,,False,,,,
recroqueviller,1,0,1,recroqueviller,no_match,,,False,,,,
redire,1,0,1,redire,no_match,,,False,,,,
redisent,0,1,1,redisent,no_match,,,False,,,,
redoutable,0,1,1,redoutable,exact,redoutable,peur,True,,,,
redoutables,1,0,1,redoutables,repaired_high,,,False,redoutable,peur,high,inflected_or_extended_marker
refug,1,0,1,refug,no_match,,,False,,,,
regarde,1,0,1,regarde,no_match,,,False,,,,
rejetée,1,0,1,rejetee,no_match,,,False,,,,
rejoignent,1,0,1,rejoignent,no_match,,,False,,,,
remerci,1,0,1,remerci,no_match,,,False,,,,
remercier,0,1,1,remercier,no_match,,,False,,,,
remplie,1,0,1,remplie,no_match,,,False,,,,
remplir,0,1,1,remplir,no_match,,,False,,,,
rend,1,0,1,rend,no_match,,,False,,,,
renifle,0,1,1,renifle,no_match,,,False,,,,
renverse,1,0,1,renverse,no_match,,,False,,,,
renvoyé,0,1,1,renvoye,no_match,,,False,,,,
reposter,1,0,1,reposter,repaired_high,,,False,reposer,apaisement,high,shared_long_stem_edit_distance
repostez,0,1,1,repostez,repaired_high,,,False,reposé,apaisement,high,shared_long_stem_edit_distance
reprochait,0,1,1,reprochait,no_match,,,False,,,,
reproché,1,0,1,reproche,exact,reproche,culpabilite,True,,,,
respirait,0,1,1,respirait,no_match,,,False,,,,
ressemble,1,0,1,ressemble,no_match,,,False,,,,
restant,0,1,1,restant,no_match,,,False,,,,
restante,1,0,1,restante,no_match,,,False,,,,
retenir,1,0,1,retenir,no_match,,,False,,,,
retiennent,0,1,1,retiennent,no_match,,,False,,,,
retrouve,1,0,1,retrouve,no_match,,,False,,,,
riaient,0,1,1,riaient,no_match,,,False,,,,
riait,0,1,1,riait,no_match,,,False,,,,
rigolant,0,1,1,rigolant,no_match,,,False,rigolade,joie,medium,shared_long_stem_edit_distance
rigolot,0,1,1,rigolot,repaired_high,,,False,rigolo,joie,high,inflected_or_extended_marker
rigolote,0,1,1,rigolote,repaired_high,,,False,rigolo,joie,high,inflected_or_extended_marker
risqué,0,1,1,risque,no_match,,,False,,,,
romp,1,0,1,romp,no_match,,,False,,,,
rompe,0,1,1,rompe,no_match,,,False,,,,
ruant,0,1,1,ruant,no_match,,,False,,,,
ruée,0,1,1,ruee,no_match,,,False,,,,
râcler,1,0,1,racler,no_match,,,False,,,,
râclé,0,1,1,racle,no_match,,,False,,,,
récite,0,1,1,recite,no_match,,,False,,,,
réciter,1,0,1,reciter,no_match,,,False,,,,
réconfortant,0,1,1,reconfortant,exact,réconfortant,apaisement,True,,,,
réduite,1,0,1,reduite,no_match,,,False,,,,
réjoui,0,1,1,rejoui,repaired_high,,,False,réjouir,joie,high,truncated_prefix_marker
répliquer,1,0,1,repliquer,no_match,,,False,,,,
répliqué,0,1,1,replique,no_match,,,False,,,,
répondiez,0,1,1,repondiez,no_match,,,False,,,,
réuni,1,0,1,reuni,no_match,,,False,,,,
réunir,0,1,1,reunir,no_match,,,False,,,,
réveillée,0,1,1,reveillee,no_match,,,False,,,,
rôde,0,1,1,rode,no_match,,,False,,,,
salopp,1,0,1,salopp,no_match,,,False,,,,
saloppe,0,1,1,saloppe,no_match,,,False,,,,
salué,0,1,1,salue,no_match,,,False,,,,
sanglante,1,0,1,sanglante,no_match,,,False,,,,
sataner,1,0,1,sataner,no_match,,,False,,,,
satané,0,1,1,satane,no_match,,,False,,,,
saute,1,0,1,saute,no_match,,,False,saute d'humeur,comportement,medium,truncated_prefix_marker
sautillent,0,1,1,sautillent,no_match,,,False,,,,
sautiller,1,0,1,sautiller,no_match,,,False,,,,
sauvée,0,1,1,sauvee,no_match,,,False,,,,
science,1,0,1,science,no_match,,,False,,,,
secouer,1,0,1,secouer,no_match,,,False,,,,
secoué,0,1,1,secoue,no_match,,,False,,,,
sent,1,0,1,sent,no_match,,,False,,,,
sentirai,1,0,1,sentirai,no_match,,,False,,,,
sentirais,0,1,1,sentirais,no_match,,,False,,,,
seron,1,0,1,seron,no_match,,,False,,,,
serrer,1,0,1,serrer,no_match,,,False,,,,
serré,0,1,1,serre,no_match,,,False,,,,
sert,1,0,1,sert,no_match,,,False,,,,
sien,0,1,1,sien,no_match,,,False,,,,
sienne,1,0,1,sienne,no_match,,,False,,,,
songe,1,0,1,songe,no_match,,,False,,,,
songer,0,1,1,songer,no_match,,,False,,,,
sortent,1,0,1,sortent,no_match,,,False,,,,
sortez,0,1,1,sortez,no_match,,,False,,,,
sorti,1,0,1,sorti,no_match,,,False,,,,
souffrait,0,1,1,souffrait,no_match,,,False,,,,
soupiré,0,1,1,soupire,no_match,,,False,,,,
soupçonnent,0,1,1,soupconnent,no_match,,,False,soupçonneux,peur,medium,shared_long_stem_edit_distance
stressée,0,1,1,stressee,repaired_high,,,False,stressé,peur,high,inflected_or_extended_marker
submerger,1,0,1,submerger,no_match,,,False,,,,
submergée,0,1,1,submergee,no_match,,,False,,,,
suffit,1,0,1,suffit,no_match,,,False,,,,
supplement,0,1,1,supplement,no_match,,,False,,,,
supplemer,1,0,1,supplemer,no_match,,,False,,,,
suprimmeeeeeeeeeeee,0,1,1,suprimmeeeeeeeeeeee,no_match,,,False,,,,
suprimmeeeeeeeeeeeeeeeee,1,0,1,suprimmeeeeeeeeeeeeeeeee,no_match,,,False,,,,
surprend,1,0,1,surprend,repaired_high,,,False,surprendre,surprise,high,truncated_prefix_marker
tai,1,0,1,tai,no_match,,,False,,,,
taler,1,0,1,taler,no_match,,,False,,,,
tente,1,0,1,tente,repaired_high,,,False,tenter,desir,high,truncated_prefix_marker
ter,1,0,1,ter,no_match,,,False,,,,
torturaient,0,1,1,torturaient,no_match,,,False,,,,
toussoter,1,0,1,toussoter,no_match,,,False,,,,
toussoté,0,1,1,toussote,no_match,,,False,,,,
tracass,1,0,1,tracass,no_match,,,False,,,,
tracasse,0,1,1,tracasse,no_match,,,False,,,,
traite,1,0,1,traite,no_match,,,False,,,,
traumatiser,1,0,1,traumatiser,no_match,,,False,,,,
traumatisé,0,1,1,traumatise,no_match,,,False,,,,
tremblaient,0,1,1,tremblaient,repaired_high,,,False,tremblant,comportement,high,shared_long_stem_edit_distance
trembler,1,0,1,trembler,exact,trembler,comportement,True,,,,
triché,1,0,1,triche,no_match,,,False,,,,
trinquer,1,0,1,trinquer,no_match,,,False,,,,
trinqué,0,1,1,trinque,no_match,,,False,,,,
troubler,1,0,1,troubler,exact,troubler,surprise,True,,,,
troublée,1,0,1,troublee,repaired_high,,,False,trouble,surprise,high,inflected_or_extended_marker
truquée,0,1,1,truquee,no_match,,,False,,,,
tue,1,0,1,tue,no_match,,,False,,,,
tuez,0,1,1,tuez,no_match,,,False,,,,
vante,0,1,1,vante,no_match,,,False,,,,
ver,1,0,1,ver,no_match,,,False,,,,
verra,1,0,1,verra,no_match,,,False,,,,
visiter,0,1,1,visiter,no_match,,,False,,,,
visité,1,0,1,visite,no_match,,,False,,,,
vivr,1,0,1,vivr,no_match,,,False,,,,
volé,1,0,1,vole,no_match,,,False,,,,
volée,1,0,1,volee,no_match,,,False,,,,
voudra,0,1,1,voudra,no_match,,,False,,,,
vériter,1,0,1,veriter,no_match,,,False,,,,
ébloui,0,1,1,ebloui,no_match,,,False,,,,
éblouir,1,0,1,eblouir,no_match,,,False,,,,
écarquiller,1,0,1,ecarquiller,no_match,,,False,,,,
écarquillé,0,1,1,ecarquille,no_match,,,False,,,,
échapperai,1,0,1,echapperai,no_match,,,False,,,,
échapperais,0,1,1,echapperais,no_match,,,False,,,,
échappé,0,1,1,echappe,no_match,,,False,,,,
éclairer,0,1,1,eclairer,no_match,,,False,,,,
écrasé,1,0,1,ecrase,no_match,,,False,,,,
écrasée,0,1,1,ecrasee,no_match,,,False,,,,
écrir,1,0,1,ecrir,no_match,,,False,,,,
écrire,0,1,1,ecrire,no_match,,,False,,,,
écroul,1,0,1,ecroul,no_match,,,False,,,,
écrouler,0,1,1,ecrouler,no_match,,,False,,,,
écœurer,1,0,1,ecœurer,no_match,,,False,,,,
écœurée,0,1,1,ecœuree,no_match,,,False,,,,
éloignant,0,1,1,eloignant,no_match,,,False,,,,
éloigner,1,0,1,eloigner,no_match,,,False,,,,
énervait,0,1,1,enervait,repaired_high,,,False,énervant,colere,high,shared_long_stem_edit_distance
épidémier,1,0,1,epidemier,no_match,,,False,,,,
épousait,0,1,1,epousait,no_match,,,False,,,,
épouvant,1,0,1,epouvant,repaired_high,,,False,épouvante,peur,high,truncated_prefix_marker
épouvanter,0,1,1,epouvanter,exact,épouvanter,peur,True,,,,
étendre,1,0,1,etendre,no_match,,,False,,,,
étendue,0,1,1,etendue,no_match,,,False,,,,
étoil,1,0,1,etoil,no_match,,,False,,,,
étonn,1,0,1,etonn,repaired_high,,,False,étonné,surprise,high,truncated_prefix_marker
étonnerait,0,1,1,etonnerait,repaired_high,,,False,étonner,surprise,high,inflected_or_extended_marker
évité,0,1,1,evite,no_match,,,False,,,,
évploseueéer,0,1,1,evploseueeer,no_match,,,False,,,,
êtr,1,0,1,etr,no_match,,,False,,,,
