mode,n_markers,mean_entropy,median_entropy,std_entropy
Comportementale,1543,1.1716484464467989,1.0,0.8223837466323537
Designee,1232,1.1735207118883701,1.0274748692733358,0.8640109609552686
Montree,651,1.6621310860356269,1.7713482297288612,0.7609558207942476
Suggeree,2154,1.2278876762413968,1.2516291673878228,0.7407228868565365
