marker_value,marker_type,Colère,Dégoût,Joie,Peur,Surprise,Tristesse,Admiration,Culpabilité,Embarras,Fierté,Jalousie,total_count,P(Colère),P(Dégoût),P(Joie),P(Peur),P(Surprise),P(Tristesse),P(Admiration),P(Culpabilité),P(Embarras),P(Fierté),P(Jalousie),entropy,normalized_entropy
vu,word,1.0,1.0,1.0,3.0,3.0,1.0,2.0,0.0,1.0,1.0,0.0,14.0,0.07142857142857142,0.07142857142857142,0.07142857142857142,0.21428571428571427,0.21428571428571427,0.07142857142857142,0.14285714285714285,0.0,0.07142857142857142,0.07142857142857142,0.0,2.9852281360342516,0.862924452662013
.,punctuation,19.0,3.0,16.0,13.0,6.0,19.0,2.0,2.0,6.0,6.0,0.0,92.0,0.20652173913043478,0.03260869565217391,0.17391304347826086,0.14130434782608695,0.06521739130434782,0.20652173913043478,0.021739130434782608,0.021739130434782608,0.06521739130434782,0.06521739130434782,0.0,2.949527452124027,0.8526046406680741
voir,lemma,16.0,4.0,12.0,7.0,6.0,5.0,4.0,0.0,1.0,6.0,0.0,61.0,0.26229508196721313,0.06557377049180328,0.19672131147540983,0.11475409836065574,0.09836065573770492,0.08196721311475409,0.06557377049180328,0.0,0.01639344262295082,0.09836065573770492,0.0,2.8930287318883323,0.8362728479159601
réussir,lemma,1.0,0.0,6.0,3.0,1.0,3.0,1.0,2.0,2.0,5.0,0.0,24.0,0.041666666666666664,0.0,0.25,0.125,0.041666666666666664,0.125,0.041666666666666664,0.08333333333333333,0.08333333333333333,0.20833333333333334,0.0,2.892079563925711,0.8359984768436984
arriver,lemma,3.0,0.0,2.0,2.0,5.0,4.0,2.0,0.0,1.0,1.0,0.0,20.0,0.15,0.0,0.1,0.1,0.25,0.2,0.1,0.0,0.05,0.05,0.0,2.803701696057349,0.8104515438179851
",",punctuation,105.0,8.0,62.0,107.0,54.0,64.0,27.0,0.0,8.0,27.0,0.0,462.0,0.22727272727272727,0.017316017316017316,0.1341991341991342,0.23160173160173161,0.11688311688311688,0.13852813852813853,0.05844155844155844,0.0,0.017316017316017316,0.05844155844155844,0.0,2.801920538434442,0.8099366737990747
taire,lemma,9.0,2.0,3.0,2.0,2.0,2.0,1.0,0.0,1.0,2.0,0.0,24.0,0.375,0.08333333333333333,0.125,0.08333333333333333,0.08333333333333333,0.08333333333333333,0.041666666666666664,0.0,0.041666666666666664,0.08333333333333333,0.0,2.7814536459234778,0.804020415070126
quatre,lemma,1.0,0.0,1.0,1.0,1.0,1.0,2.0,0.0,0.0,1.0,0.0,8.0,0.125,0.0,0.125,0.125,0.125,0.125,0.25,0.0,0.0,0.125,0.0,2.75,0.7949282723741916
quatre,word,1.0,0.0,1.0,1.0,1.0,1.0,2.0,0.0,0.0,1.0,0.0,8.0,0.125,0.0,0.125,0.125,0.125,0.125,0.25,0.0,0.0,0.125,0.0,2.75,0.7949282723741916
normal,word,1.0,0.0,1.0,1.0,1.0,2.0,0.0,0.0,2.0,1.0,0.0,9.0,0.1111111111111111,0.0,0.1111111111111111,0.1111111111111111,0.1111111111111111,0.2222222222222222,0.0,0.0,0.2222222222222222,0.1111111111111111,0.0,2.725480556997868,0.7878405638413689
normal,lemma,1.0,0.0,1.0,1.0,1.0,2.0,0.0,0.0,2.0,1.0,0.0,9.0,0.1111111111111111,0.0,0.1111111111111111,0.1111111111111111,0.1111111111111111,0.2222222222222222,0.0,0.0,0.2222222222222222,0.1111111111111111,0.0,2.725480556997868,0.7878405638413689
tête,word,1.0,0.0,2.0,4.0,2.0,3.0,0.0,0.0,3.0,2.0,0.0,17.0,0.058823529411764705,0.0,0.11764705882352941,0.23529411764705882,0.11764705882352941,0.17647058823529413,0.0,0.0,0.17647058823529413,0.11764705882352941,0.0,2.7045348998193433,0.7817859110869447
ans,word,4.0,0.0,2.0,4.0,9.0,5.0,6.0,0.0,1.0,1.0,0.0,32.0,0.125,0.0,0.0625,0.125,0.28125,0.15625,0.1875,0.0,0.03125,0.03125,0.0,2.6984768596329824,0.7800347447526476
an,lemma,4.0,0.0,2.0,4.0,9.0,5.0,6.0,0.0,1.0,1.0,0.0,32.0,0.125,0.0,0.0625,0.125,0.28125,0.15625,0.1875,0.0,0.03125,0.03125,0.0,2.6984768596329824,0.7800347447526476
peu,word,6.0,2.0,4.0,15.0,10.0,16.0,0.0,1.0,2.0,2.0,0.0,58.0,0.10344827586206896,0.034482758620689655,0.06896551724137931,0.25862068965517243,0.1724137931034483,0.27586206896551724,0.0,0.017241379310344827,0.034482758620689655,0.034482758620689655,0.0,2.6625945315529456,0.7696624258183102
peu,lemma,6.0,2.0,4.0,15.0,10.0,16.0,0.0,1.0,2.0,2.0,0.0,58.0,0.10344827586206896,0.034482758620689655,0.06896551724137931,0.25862068965517243,0.1724137931034483,0.27586206896551724,0.0,0.017241379310344827,0.034482758620689655,0.034482758620689655,0.0,2.6625945315529456,0.7696624258183102
sentir,lemma,3.0,0.0,8.0,4.0,1.0,5.0,0.0,1.0,3.0,0.0,1.0,26.0,0.11538461538461539,0.0,0.3076923076923077,0.15384615384615385,0.038461538461538464,0.19230769230769232,0.0,0.038461538461538464,0.11538461538461539,0.0,0.038461538461538464,2.657385276650179,0.7681566134545963
réussi,word,0.0,0.0,4.0,0.0,1.0,2.0,1.0,2.0,2.0,3.0,0.0,15.0,0.0,0.0,0.26666666666666666,0.0,0.06666666666666667,0.13333333333333333,0.06666666666666667,0.13333333333333333,0.13333333333333333,0.2,0.0,2.6565647621309543,0.7679194315676053
gagner,word,1.0,0.0,3.0,3.0,2.0,0.0,2.0,1.0,0.0,4.0,0.0,16.0,0.0625,0.0,0.1875,0.1875,0.125,0.0,0.125,0.0625,0.0,0.25,0.0,2.6556390622295662,0.7676518442863881
',punctuation,95.0,8.0,24.0,40.0,32.0,49.0,4.0,5.0,4.0,7.0,0.0,268.0,0.35447761194029853,0.029850746268656716,0.08955223880597014,0.14925373134328357,0.11940298507462686,0.1828358208955224,0.014925373134328358,0.018656716417910446,0.014925373134328358,0.026119402985074626,0.0,2.64282645204461,0.763948169348595
voir,word,8.0,2.0,8.0,3.0,1.0,3.0,1.0,0.0,0.0,3.0,0.0,29.0,0.27586206896551724,0.06896551724137931,0.27586206896551724,0.10344827586206896,0.034482758620689655,0.10344827586206896,0.034482758620689655,0.0,0.0,0.10344827586206896,0.0,2.641958150076179,0.763697173790899
seul,word,3.0,0.0,0.0,1.0,1.0,1.0,1.0,0.0,1.0,1.0,0.0,9.0,0.3333333333333333,0.0,0.0,0.1111111111111111,0.1111111111111111,0.1111111111111111,0.1111111111111111,0.0,0.1111111111111111,0.1111111111111111,0.0,2.6416041678685933,0.7635948499855436
chose,word,6.0,0.0,4.0,4.0,1.0,6.0,0.0,0.0,3.0,2.0,0.0,26.0,0.23076923076923078,0.0,0.15384615384615385,0.15384615384615385,0.038461538461538464,0.23076923076923078,0.0,0.0,0.11538461538461539,0.07692307692307693,0.0,2.6321921215711948,0.7608741584572901
petit,lemma,4.0,0.0,15.0,7.0,4.0,8.0,0.0,1.0,2.0,3.0,0.0,44.0,0.09090909090909091,0.0,0.3409090909090909,0.1590909090909091,0.09090909090909091,0.18181818181818182,0.0,0.022727272727272728,0.045454545454545456,0.06818181818181818,0.0,2.6183013711215137,0.756858831091128
tête,lemma,1.0,0.0,2.0,6.0,2.0,3.0,0.0,0.0,3.0,2.0,0.0,19.0,0.05263157894736842,0.0,0.10526315789473684,0.3157894736842105,0.10526315789473684,0.15789473684210525,0.0,0.0,0.15789473684210525,0.10526315789473684,0.0,2.615319618251277,0.7559969112155701
fou,lemma,9.0,1.0,5.0,4.0,7.0,1.0,1.0,0.0,3.0,0.0,0.0,31.0,0.2903225806451613,0.03225806451612903,0.16129032258064516,0.12903225806451613,0.22580645161290322,0.03225806451612903,0.03225806451612903,0.0,0.0967741935483871,0.0,0.0,2.6140241347744775,0.7556224325093515
grand,lemma,12.0,0.0,22.0,8.0,13.0,3.0,6.0,0.0,0.0,11.0,0.0,75.0,0.16,0.0,0.29333333333333333,0.10666666666666667,0.17333333333333334,0.04,0.08,0.0,0.0,0.14666666666666667,0.0,2.6081363936157573,0.7539204936339012
vraiment,word,1.0,2.0,3.0,8.0,2.0,7.0,2.0,0.0,0.0,1.0,0.0,26.0,0.038461538461538464,0.07692307692307693,0.11538461538461539,0.3076923076923077,0.07692307692307693,0.2692307692307692,0.07692307692307693,0.0,0.0,0.038461538461538464,0.0,2.6078869505808346,0.7538483884263352
vraiment,lemma,1.0,2.0,3.0,8.0,2.0,7.0,2.0,0.0,0.0,1.0,0.0,26.0,0.038461538461538464,0.07692307692307693,0.11538461538461539,0.3076923076923077,0.07692307692307693,0.2692307692307692,0.07692307692307693,0.0,0.0,0.038461538461538464,0.0,2.6078869505808346,0.7538483884263352
petit,word,4.0,0.0,10.0,3.0,2.0,4.0,0.0,1.0,2.0,1.0,0.0,27.0,0.14814814814814814,0.0,0.37037037037037035,0.1111111111111111,0.07407407407407407,0.14814814814814814,0.0,0.037037037037037035,0.07407407407407407,0.037037037037037035,0.0,2.6076960780509832,0.7537932138916448
grand,word,2.0,0.0,5.0,4.0,4.0,1.0,3.0,0.0,0.0,1.0,0.0,20.0,0.1,0.0,0.25,0.2,0.2,0.05,0.15,0.0,0.0,0.05,0.0,2.6037016960573482,0.7526385785544074
premier,lemma,2.0,0.0,9.0,2.0,8.0,3.0,5.0,0.0,0.0,5.0,0.0,34.0,0.058823529411764705,0.0,0.2647058823529412,0.058823529411764705,0.23529411764705882,0.08823529411764706,0.14705882352941177,0.0,0.0,0.14705882352941177,0.0,2.6020659746615777,0.7521657490332345
jo,word,3.0,0.0,3.0,1.0,1.0,1.0,1.0,0.0,0.0,1.0,0.0,11.0,0.2727272727272727,0.0,0.2727272727272727,0.09090909090909091,0.09090909090909091,0.09090909090909091,0.09090909090909091,0.0,0.0,0.09090909090909091,0.0,2.59490661824394,0.7500962309138223
jo,lemma,3.0,0.0,3.0,1.0,1.0,1.0,1.0,0.0,0.0,1.0,0.0,11.0,0.2727272727272727,0.0,0.2727272727272727,0.09090909090909091,0.09090909090909091,0.09090909090909091,0.09090909090909091,0.0,0.0,0.09090909090909091,0.0,2.59490661824394,0.7500962309138223
monde,lemma,4.0,1.0,18.0,5.0,6.0,2.0,2.0,0.0,1.0,12.0,0.0,51.0,0.0784313725490196,0.0196078431372549,0.35294117647058826,0.09803921568627451,0.11764705882352941,0.0392156862745098,0.0392156862745098,0.0,0.0196078431372549,0.23529411764705882,0.0,2.590119155434648,0.7487123438083508
monde,word,4.0,1.0,18.0,5.0,6.0,2.0,2.0,0.0,1.0,12.0,0.0,51.0,0.0784313725490196,0.0196078431372549,0.35294117647058826,0.09803921568627451,0.11764705882352941,0.0392156862745098,0.0392156862745098,0.0,0.0196078431372549,0.23529411764705882,0.0,2.590119155434648,0.7487123438083508
français,lemma,5.0,0.0,3.0,5.0,2.0,1.0,1.0,0.0,0.0,4.0,0.0,21.0,0.23809523809523808,0.0,0.14285714285714285,0.23809523809523808,0.09523809523809523,0.047619047619047616,0.047619047619047616,0.0,0.0,0.19047619047619047,0.0,2.5840236870150894,0.746950358288325
air,lemma,4.0,1.0,4.0,2.0,3.0,1.0,0.0,0.0,1.0,0.0,0.0,16.0,0.25,0.0625,0.25,0.125,0.1875,0.0625,0.0,0.0,0.0625,0.0,0.0,2.577819531114783,0.7451569550405539
venir,lemma,7.0,0.0,7.0,6.0,2.0,3.0,0.0,0.0,1.0,3.0,0.0,29.0,0.2413793103448276,0.0,0.2413793103448276,0.20689655172413793,0.06896551724137931,0.10344827586206896,0.0,0.0,0.034482758620689655,0.10344827586206896,0.0,2.570997584180664,0.7431849701348929
seul,lemma,3.0,0.0,0.0,2.0,1.0,4.0,1.0,0.0,1.0,1.0,0.0,13.0,0.23076923076923078,0.0,0.0,0.15384615384615385,0.07692307692307693,0.3076923076923077,0.07692307692307693,0.0,0.07692307692307693,0.07692307692307693,0.0,2.5654483718208256,0.7415808880278951
devenir,lemma,4.0,0.0,3.0,6.0,3.0,6.0,0.0,0.0,1.0,1.0,0.0,24.0,0.16666666666666666,0.0,0.125,0.25,0.125,0.25,0.0,0.0,0.041666666666666664,0.041666666666666664,0.0,2.5629072918469555,0.7408463511865885
-,punctuation,59.0,2.0,20.0,54.0,16.0,19.0,5.0,2.0,7.0,2.0,0.0,186.0,0.3172043010752688,0.010752688172043012,0.10752688172043011,0.2903225806451613,0.08602150537634409,0.10215053763440861,0.026881720430107527,0.010752688172043012,0.03763440860215054,0.010752688172043012,0.0,2.5593191626607656,0.7398091492465764
avant,word,3.0,1.0,2.0,7.0,5.0,7.0,2.0,0.0,0.0,0.0,0.0,27.0,0.1111111111111111,0.037037037037037035,0.07407407407407407,0.25925925925925924,0.18518518518518517,0.25925925925925924,0.07407407407407407,0.0,0.0,0.0,0.0,2.544980210111367,0.7356642624183041
avant,lemma,3.0,1.0,2.0,7.0,5.0,7.0,2.0,0.0,0.0,0.0,0.0,27.0,0.1111111111111111,0.037037037037037035,0.07407407407407407,0.25925925925925924,0.18518518518518517,0.25925925925925924,0.07407407407407407,0.0,0.0,0.0,0.0,2.544980210111367,0.7356642624183041
fou,word,8.0,1.0,2.0,1.0,5.0,1.0,1.0,0.0,3.0,0.0,0.0,22.0,0.36363636363636365,0.045454545454545456,0.09090909090909091,0.045454545454545456,0.22727272727272727,0.045454545454545456,0.045454545454545456,0.0,0.13636363636363635,0.0,0.0,2.5337712560645573,0.7324241480635578
),punctuation,10.0,1.0,4.0,9.0,3.0,3.0,1.0,0.0,0.0,1.0,0.0,32.0,0.3125,0.03125,0.125,0.28125,0.09375,0.09375,0.03125,0.0,0.0,0.03125,0.0,2.523175594806832,0.7293613150823702
corps,word,0.0,1.0,1.0,2.0,0.0,1.0,1.0,0.0,1.0,0.0,0.0,7.0,0.0,0.14285714285714285,0.14285714285714285,0.2857142857142857,0.0,0.14285714285714285,0.14285714285714285,0.0,0.14285714285714285,0.0,0.0,2.5216406363433186,0.7289176125807096
récupérer,word,2.0,0.0,1.0,1.0,0.0,1.0,0.0,0.0,1.0,1.0,0.0,7.0,0.2857142857142857,0.0,0.14285714285714285,0.14285714285714285,0.0,0.14285714285714285,0.0,0.0,0.14285714285714285,0.14285714285714285,0.0,2.5216406363433186,0.7289176125807096
récupérer,lemma,2.0,0.0,1.0,1.0,0.0,1.0,0.0,0.0,1.0,1.0,0.0,7.0,0.2857142857142857,0.0,0.14285714285714285,0.14285714285714285,0.0,0.14285714285714285,0.0,0.0,0.14285714285714285,0.14285714285714285,0.0,2.5216406363433186,0.7289176125807096
corps,lemma,0.0,1.0,1.0,2.0,0.0,1.0,1.0,0.0,1.0,0.0,0.0,7.0,0.0,0.14285714285714285,0.14285714285714285,0.2857142857142857,0.0,0.14285714285714285,0.14285714285714285,0.0,0.14285714285714285,0.0,0.0,2.5216406363433186,0.7289176125807096
vrai,lemma,1.0,0.0,2.0,1.0,1.0,0.0,1.0,0.0,0.0,1.0,0.0,7.0,0.14285714285714285,0.0,0.2857142857142857,0.14285714285714285,0.14285714285714285,0.0,0.14285714285714285,0.0,0.0,0.14285714285714285,0.0,2.5216406363433186,0.7289176125807096
vache,lemma,2.0,1.0,1.0,0.0,0.0,1.0,1.0,0.0,0.0,1.0,0.0,7.0,0.2857142857142857,0.14285714285714285,0.14285714285714285,0.0,0.0,0.14285714285714285,0.14285714285714285,0.0,0.0,0.14285714285714285,0.0,2.5216406363433186,0.7289176125807096
trois,word,2.0,0.0,4.0,1.0,1.0,1.0,1.0,0.0,0.0,4.0,0.0,14.0,0.14285714285714285,0.0,0.2857142857142857,0.07142857142857142,0.07142857142857142,0.07142857142857142,0.07142857142857142,0.0,0.0,0.2857142857142857,0.0,2.521640636343318,0.7289176125807094
avance,word,0.0,1.0,1.0,1.0,1.0,1.0,0.0,0.0,2.0,0.0,0.0,7.0,0.0,0.14285714285714285,0.14285714285714285,0.14285714285714285,0.14285714285714285,0.14285714285714285,0.0,0.0,0.2857142857142857,0.0,0.0,2.521640636343318,0.7289176125807094
trois,lemma,2.0,0.0,4.0,1.0,1.0,1.0,1.0,0.0,0.0,4.0,0.0,14.0,0.14285714285714285,0.0,0.2857142857142857,0.07142857142857142,0.07142857142857142,0.07142857142857142,0.07142857142857142,0.0,0.0,0.2857142857142857,0.0,2.521640636343318,0.7289176125807094
déjà,lemma,4.0,0.0,5.0,5.0,13.0,1.0,6.0,0.0,0.0,3.0,0.0,37.0,0.10810810810810811,0.0,0.13513513513513514,0.13513513513513514,0.35135135135135137,0.02702702702702703,0.16216216216216217,0.0,0.0,0.08108108108108109,0.0,2.517840938839809,0.7278192536817971
déjà,word,4.0,0.0,5.0,5.0,13.0,1.0,6.0,0.0,0.0,3.0,0.0,37.0,0.10810810810810811,0.0,0.13513513513513514,0.13513513513513514,0.35135135135135137,0.02702702702702703,0.16216216216216217,0.0,0.0,0.08108108108108109,0.0,2.517840938839809,0.7278192536817971
beaucoup,lemma,19.0,0.0,11.0,14.0,3.0,6.0,2.0,0.0,1.0,3.0,0.0,59.0,0.3220338983050847,0.0,0.1864406779661017,0.23728813559322035,0.05084745762711865,0.1016949152542373,0.03389830508474576,0.0,0.01694915254237288,0.05084745762711865,0.0,2.508288990414405,0.7250581213692102
beaucoup,word,19.0,0.0,11.0,14.0,3.0,6.0,2.0,0.0,1.0,3.0,0.0,59.0,0.3220338983050847,0.0,0.1864406779661017,0.23728813559322035,0.05084745762711865,0.1016949152542373,0.03389830508474576,0.0,0.01694915254237288,0.05084745762711865,0.0,2.508288990414405,0.7250581213692102
deux,word,5.0,0.0,6.0,5.0,2.0,5.0,0.0,0.0,0.0,3.0,0.0,26.0,0.19230769230769232,0.0,0.23076923076923078,0.19230769230769232,0.07692307692307693,0.19230769230769232,0.0,0.0,0.0,0.11538461538461539,0.0,2.504532643917983,0.7239722937216323
deux,lemma,5.0,0.0,6.0,5.0,2.0,5.0,0.0,0.0,0.0,3.0,0.0,26.0,0.19230769230769232,0.0,0.23076923076923078,0.19230769230769232,0.07692307692307693,0.19230769230769232,0.0,0.0,0.0,0.11538461538461539,0.0,2.504532643917983,0.7239722937216323
dix,lemma,2.0,1.0,1.0,1.0,0.0,2.0,2.0,0.0,0.0,0.0,0.0,9.0,0.2222222222222222,0.1111111111111111,0.1111111111111111,0.1111111111111111,0.0,0.2222222222222222,0.2222222222222222,0.0,0.0,0.0,0.0,2.503258334775646,0.7236039357707273
dix,word,2.0,1.0,1.0,1.0,0.0,2.0,2.0,0.0,0.0,0.0,0.0,9.0,0.2222222222222222,0.1111111111111111,0.1111111111111111,0.1111111111111111,0.0,0.2222222222222222,0.2222222222222222,0.0,0.0,0.0,0.0,2.503258334775646,0.7236039357707273
vite,word,1.0,0.0,2.0,2.0,1.0,1.0,0.0,0.0,2.0,0.0,0.0,9.0,0.1111111111111111,0.0,0.2222222222222222,0.2222222222222222,0.1111111111111111,0.1111111111111111,0.0,0.0,0.2222222222222222,0.0,0.0,2.503258334775646,0.7236039357707273
vite,lemma,1.0,0.0,2.0,2.0,1.0,1.0,0.0,0.0,2.0,0.0,0.0,9.0,0.1111111111111111,0.0,0.2222222222222222,0.2222222222222222,0.1111111111111111,0.1111111111111111,0.0,0.0,0.2222222222222222,0.0,0.0,2.503258334775646,0.7236039357707273
premier,word,2.0,0.0,1.0,0.0,2.0,1.0,1.0,0.0,0.0,2.0,0.0,9.0,0.2222222222222222,0.0,0.1111111111111111,0.0,0.2222222222222222,0.1111111111111111,0.1111111111111111,0.0,0.0,0.2222222222222222,0.0,2.503258334775646,0.7236039357707273
plein,word,1.0,0.0,1.0,2.0,2.0,1.0,1.0,0.0,0.0,0.0,0.0,8.0,0.125,0.0,0.125,0.25,0.25,0.125,0.125,0.0,0.0,0.0,0.0,2.5,0.7226620657947196
plein,lemma,1.0,0.0,1.0,2.0,2.0,1.0,1.0,0.0,0.0,0.0,0.0,8.0,0.125,0.0,0.125,0.25,0.25,0.125,0.125,0.0,0.0,0.0,0.0,2.5,0.7226620657947196
encore,word,3.0,0.0,3.0,9.0,4.0,2.0,2.0,0.0,1.0,0.0,0.0,24.0,0.125,0.0,0.125,0.375,0.16666666666666666,0.08333333333333333,0.08333333333333333,0.0,0.041666666666666664,0.0,0.0,2.5,0.7226620657947196
encore,lemma,3.0,0.0,3.0,9.0,4.0,2.0,2.0,0.0,1.0,0.0,0.0,24.0,0.125,0.0,0.125,0.375,0.16666666666666666,0.08333333333333333,0.08333333333333333,0.0,0.041666666666666664,0.0,0.0,2.5,0.7226620657947196
voit,word,1.0,1.0,2.0,1.0,0.0,1.0,0.0,0.0,0.0,2.0,0.0,8.0,0.125,0.125,0.25,0.125,0.0,0.125,0.0,0.0,0.0,0.25,0.0,2.5,0.7226620657947196
penser,lemma,5.0,1.0,1.0,1.0,2.0,3.0,0.0,0.0,0.0,1.0,0.0,14.0,0.35714285714285715,0.07142857142857142,0.07142857142857142,0.07142857142857142,0.14285714285714285,0.21428571428571427,0.0,0.0,0.0,0.07142857142857142,0.0,2.495602923729013,0.7213910257061403
voler,lemma,5.0,0.0,1.0,3.0,0.0,1.0,0.0,2.0,1.0,1.0,0.0,14.0,0.35714285714285715,0.0,0.07142857142857142,0.21428571428571427,0.0,0.07142857142857142,0.0,0.14285714285714285,0.07142857142857142,0.07142857142857142,0.0,2.495602923729013,0.7213910257061403
nouveau,lemma,8.0,0.0,13.0,3.0,2.0,4.0,3.0,0.0,0.0,3.0,0.0,36.0,0.2222222222222222,0.0,0.3611111111111111,0.08333333333333333,0.05555555555555555,0.1111111111111111,0.08333333333333333,0.0,0.0,0.08333333333333333,0.0,2.492970033599962,0.7206299497782721
jour,lemma,1.0,1.0,7.0,5.0,2.0,3.0,0.0,0.0,0.0,2.0,0.0,21.0,0.047619047619047616,0.047619047619047616,0.3333333333333333,0.23809523809523808,0.09523809523809523,0.14285714285714285,0.0,0.0,0.0,0.09523809523809523,0.0,2.486793021302403,0.7188443927913147
sœur,lemma,2.0,0.0,3.0,2.0,0.0,2.0,1.0,0.0,0.0,1.0,0.0,11.0,0.18181818181818182,0.0,0.2727272727272727,0.18181818181818182,0.0,0.18181818181818182,0.09090909090909091,0.0,0.0,0.09090909090909091,0.0,2.481714572986073,0.7173763920107904
nombreux,word,2.0,0.0,2.0,3.0,0.0,1.0,1.0,0.0,0.0,2.0,0.0,11.0,0.18181818181818182,0.0,0.18181818181818182,0.2727272727272727,0.0,0.09090909090909091,0.09090909090909091,0.0,0.0,0.18181818181818182,0.0,2.481714572986073,0.7173763920107904
grande,word,3.0,0.0,11.0,2.0,7.0,1.0,3.0,0.0,0.0,7.0,0.0,34.0,0.08823529411764706,0.0,0.3235294117647059,0.058823529411764705,0.20588235294117646,0.029411764705882353,0.08823529411764706,0.0,0.0,0.20588235294117646,0.0,2.473742496599055,0.715071945134584
coup,lemma,6.0,0.0,4.0,9.0,2.0,5.0,1.0,0.0,0.0,1.0,0.0,28.0,0.21428571428571427,0.0,0.14285714285714285,0.32142857142857145,0.07142857142857142,0.17857142857142858,0.03571428571428571,0.0,0.0,0.03571428571428571,0.0,2.462757047352441,0.7118964381560876
vivre,lemma,6.0,0.0,3.0,3.0,2.0,10.0,0.0,0.0,1.0,2.0,0.0,27.0,0.2222222222222222,0.0,0.1111111111111111,0.1111111111111111,0.07407407407407407,0.37037037037037035,0.0,0.0,0.037037037037037035,0.07407407407407407,0.0,2.4497456148476355,0.7081352906789392
jouer,lemma,3.0,1.0,2.0,1.0,0.0,3.0,0.0,0.0,0.0,3.0,0.0,13.0,0.23076923076923078,0.07692307692307693,0.15384615384615385,0.07692307692307693,0.0,0.23076923076923078,0.0,0.0,0.0,0.23076923076923078,0.0,2.449311833026446,0.7080098996121371
tellement,word,1.0,0.0,3.0,1.0,0.0,3.0,3.0,0.0,3.0,0.0,0.0,14.0,0.07142857142857142,0.0,0.21428571428571427,0.07142857142857142,0.0,0.21428571428571427,0.21428571428571427,0.0,0.21428571428571427,0.0,0.0,2.4488156357251847,0.7078664664254286
tellement,lemma,1.0,0.0,3.0,1.0,0.0,3.0,3.0,0.0,3.0,0.0,0.0,14.0,0.07142857142857142,0.0,0.21428571428571427,0.07142857142857142,0.0,0.21428571428571427,0.21428571428571427,0.0,0.21428571428571427,0.0,0.0,2.4488156357251847,0.7078664664254286
trouver,lemma,2.0,0.0,4.0,9.0,3.0,4.0,0.0,0.0,1.0,1.0,0.0,24.0,0.08333333333333333,0.0,0.16666666666666666,0.375,0.125,0.16666666666666666,0.0,0.0,0.041666666666666664,0.041666666666666664,0.0,2.4481203125901447,0.7076654729641635
parle,word,3.0,1.0,0.0,1.0,0.0,2.0,2.0,0.0,0.0,1.0,0.0,10.0,0.3,0.1,0.0,0.1,0.0,0.2,0.2,0.0,0.0,0.1,0.0,2.4464393446710155,0.7071795642645745
livre,lemma,1.0,0.0,2.0,1.0,3.0,2.0,0.0,0.0,0.0,1.0,0.0,10.0,0.1,0.0,0.2,0.1,0.3,0.2,0.0,0.0,0.0,0.1,0.0,2.4464393446710155,0.7071795642645745
image,lemma,0.0,1.0,2.0,0.0,1.0,3.0,0.0,0.0,2.0,1.0,0.0,10.0,0.0,0.1,0.2,0.0,0.1,0.3,0.0,0.0,0.2,0.1,0.0,2.4464393446710155,0.7071795642645745
noir,lemma,11.0,0.0,3.0,3.0,1.0,3.0,2.0,0.0,0.0,3.0,0.0,26.0,0.4230769230769231,0.0,0.11538461538461539,0.11538461538461539,0.038461538461538464,0.11538461538461539,0.07692307692307693,0.0,0.0,0.11538461538461539,0.0,2.4283898022309325,0.7019620764140145
homme,word,6.0,0.0,1.0,3.0,1.0,2.0,1.0,0.0,1.0,0.0,0.0,15.0,0.4,0.0,0.06666666666666667,0.2,0.06666666666666667,0.13333333333333333,0.06666666666666667,0.0,0.06666666666666667,0.0,0.0,2.422579761842491,0.7002825980982298
jeune,lemma,6.0,0.0,3.0,1.0,2.0,1.0,1.0,0.0,0.0,1.0,0.0,15.0,0.4,0.0,0.2,0.06666666666666667,0.13333333333333333,0.06666666666666667,0.06666666666666667,0.0,0.0,0.06666666666666667,0.0,2.422579761842491,0.7002825980982298
sent,word,1.0,0.0,2.0,1.0,0.0,3.0,0.0,0.0,1.0,0.0,1.0,9.0,0.1111111111111111,0.0,0.2222222222222222,0.1111111111111111,0.0,0.3333333333333333,0.0,0.0,0.1111111111111111,0.0,0.1111111111111111,2.4193819456463714,0.6993582219149019
crié,word,2.0,1.0,1.0,3.0,0.0,1.0,0.0,0.0,1.0,0.0,0.0,9.0,0.2222222222222222,0.1111111111111111,0.1111111111111111,0.3333333333333333,0.0,0.1111111111111111,0.0,0.0,0.1111111111111111,0.0,0.0,2.4193819456463714,0.6993582219149019
rare,lemma,1.0,0.0,1.0,1.0,3.0,0.0,2.0,0.0,0.0,1.0,0.0,9.0,0.1111111111111111,0.0,0.1111111111111111,0.1111111111111111,0.3333333333333333,0.0,0.2222222222222222,0.0,0.0,0.1111111111111111,0.0,2.4193819456463714,0.6993582219149019
huit,word,0.0,0.0,2.0,1.0,4.0,1.0,2.0,0.0,0.0,2.0,0.0,12.0,0.0,0.0,0.16666666666666666,0.08333333333333333,0.3333333333333333,0.08333333333333333,0.16666666666666666,0.0,0.0,0.16666666666666666,0.0,2.418295834054489,0.6990442652562326
huit,lemma,0.0,0.0,2.0,1.0,4.0,1.0,2.0,0.0,0.0,2.0,0.0,12.0,0.0,0.0,0.16666666666666666,0.08333333333333333,0.3333333333333333,0.08333333333333333,0.16666666666666666,0.0,0.0,0.16666666666666666,0.0,2.418295834054489,0.6990442652562326
véritable,lemma,1.0,0.0,2.0,2.0,0.0,1.0,6.0,0.0,1.0,1.0,0.0,14.0,0.07142857142857142,0.0,0.14285714285714285,0.14285714285714285,0.0,0.07142857142857142,0.42857142857142855,0.0,0.07142857142857142,0.07142857142857142,0.0,2.4137995646056805,0.6977445519089344
français,word,3.0,0.0,2.0,4.0,1.0,1.0,0.0,0.0,0.0,3.0,0.0,14.0,0.21428571428571427,0.0,0.14285714285714285,0.2857142857142857,0.07142857142857142,0.07142857142857142,0.0,0.0,0.0,0.21428571428571427,0.0,2.41379956460568,0.6977445519089343
jour,word,0.0,1.0,3.0,3.0,1.0,1.0,0.0,0.0,0.0,2.0,0.0,11.0,0.0,0.09090909090909091,0.2727272727272727,0.2727272727272727,0.09090909090909091,0.09090909090909091,0.0,0.0,0.0,0.18181818181818182,0.0,2.413088436425758,0.6975389897651153
première,word,0.0,0.0,6.0,2.0,6.0,2.0,4.0,0.0,0.0,2.0,0.0,22.0,0.0,0.0,0.2727272727272727,0.09090909090909091,0.2727272727272727,0.09090909090909091,0.18181818181818182,0.0,0.0,0.09090909090909091,0.0,2.413088436425758,0.6975389897651153
énorme,lemma,1.0,1.0,2.0,0.0,3.0,0.0,3.0,0.0,1.0,0.0,0.0,11.0,0.09090909090909091,0.09090909090909091,0.18181818181818182,0.0,0.2727272727272727,0.0,0.2727272727272727,0.0,0.09090909090909091,0.0,0.0,2.4130884364257574,0.6975389897651152
coup,word,3.0,0.0,4.0,2.0,2.0,1.0,0.0,0.0,0.0,1.0,0.0,13.0,0.23076923076923078,0.0,0.3076923076923077,0.15384615384615385,0.15384615384615385,0.07692307692307693,0.0,0.0,0.0,0.07692307692307693,0.0,2.4116022179746714,0.6971093762866816
euros,word,1.0,1.0,3.0,1.0,1.0,1.0,0.0,0.0,0.0,0.0,0.0,8.0,0.125,0.125,0.375,0.125,0.125,0.125,0.0,0.0,0.0,0.0,0.0,2.4056390622295662,0.6953856377069162
exploser,lemma,1.0,1.0,1.0,3.0,0.0,0.0,1.0,0.0,0.0,1.0,0.0,8.0,0.125,0.125,0.125,0.375,0.0,0.0,0.125,0.0,0.0,0.125,0.0,2.4056390622295662,0.6953856377069162
c'est,word,8.0,0.0,2.0,5.0,2.0,5.0,0.0,0.0,0.0,3.0,0.0,25.0,0.32,0.0,0.08,0.2,0.08,0.2,0.0,0.0,0.0,0.12,0.0,2.404889451733241,0.6951689516789898
euro,lemma,1.0,1.0,5.0,1.0,1.0,1.0,0.0,0.0,0.0,1.0,0.0,11.0,0.09090909090909091,0.09090909090909091,0.45454545454545453,0.09090909090909091,0.09090909090909091,0.09090909090909091,0.0,0.0,0.0,0.09090909090909091,0.0,2.4040097573248604,0.6949146629676185
faut,word,5.0,0.0,6.0,3.0,2.0,4.0,0.0,0.0,0.0,1.0,0.0,21.0,0.23809523809523808,0.0,0.2857142857142857,0.14285714285714285,0.09523809523809523,0.19047619047619047,0.0,0.0,0.0,0.047619047619047616,0.0,2.3983029951155594,0.6932650387407494
histoire,lemma,1.0,0.0,4.0,3.0,4.0,0.0,0.0,0.0,1.0,4.0,0.0,17.0,0.058823529411764705,0.0,0.23529411764705882,0.17647058823529413,0.23529411764705882,0.0,0.0,0.0,0.058823529411764705,0.23529411764705882,0.0,2.395998870534841,0.6925989973690093
luire,lemma,30.0,0.0,11.0,3.0,1.0,8.0,6.0,0.0,2.0,6.0,0.0,67.0,0.44776119402985076,0.0,0.16417910447761194,0.04477611940298507,0.014925373134328358,0.11940298507462686,0.08955223880597014,0.0,0.029850746268656716,0.08955223880597014,0.0,2.3790010832326507,0.6876855349347133
homme,lemma,11.0,0.0,2.0,5.0,2.0,3.0,2.0,0.0,0.0,1.0,0.0,26.0,0.4230769230769231,0.0,0.07692307692307693,0.19230769230769232,0.07692307692307693,0.11538461538461539,0.07692307692307693,0.0,0.0,0.038461538461538464,0.0,2.37665988038684,0.687008775540714
(,punctuation,10.0,0.0,3.0,9.0,3.0,3.0,1.0,0.0,0.0,1.0,0.0,30.0,0.3333333333333333,0.0,0.1,0.3,0.1,0.1,0.03333333333333333,0.0,0.0,0.03333333333333333,0.0,2.373114979997024,0.6859840695252177
air,word,3.0,1.0,3.0,1.0,1.0,0.0,0.0,0.0,1.0,0.0,0.0,10.0,0.3,0.1,0.3,0.1,0.1,0.0,0.0,0.0,0.1,0.0,0.0,2.3709505944546687,0.6853584217943318
énorme,word,1.0,1.0,1.0,0.0,3.0,0.0,3.0,0.0,1.0,0.0,0.0,10.0,0.1,0.1,0.1,0.0,0.3,0.0,0.3,0.0,0.1,0.0,0.0,2.3709505944546687,0.6853584217943318
enfant,lemma,4.0,1.0,4.0,10.0,2.0,1.0,0.0,0.0,0.0,2.0,0.0,24.0,0.16666666666666666,0.041666666666666664,0.16666666666666666,0.4166666666666667,0.08333333333333333,0.041666666666666664,0.0,0.0,0.0,0.08333333333333333,0.0,2.367492461184755,0.6843587971012801
rester,lemma,5.0,0.0,2.0,3.0,1.0,3.0,0.0,0.0,1.0,0.0,0.0,15.0,0.3333333333333333,0.0,0.13333333333333333,0.2,0.06666666666666667,0.2,0.0,0.0,0.06666666666666667,0.0,0.0,2.365596230357602,0.6838106634665704
donald,word,4.0,0.0,0.0,3.0,1.0,1.0,1.0,0.0,2.0,0.0,0.0,12.0,0.3333333333333333,0.0,0.0,0.25,0.08333333333333333,0.08333333333333333,0.08333333333333333,0.0,0.16666666666666666,0.0,0.0,2.355388542207534,0.6808599798643639
donald,lemma,4.0,0.0,0.0,3.0,1.0,1.0,1.0,0.0,2.0,0.0,0.0,12.0,0.3333333333333333,0.0,0.0,0.25,0.08333333333333333,0.08333333333333333,0.08333333333333333,0.0,0.16666666666666666,0.0,0.0,2.355388542207534,0.6808599798643639
part,lemma,1.0,1.0,2.0,3.0,0.0,4.0,0.0,0.0,0.0,1.0,0.0,12.0,0.08333333333333333,0.08333333333333333,0.16666666666666666,0.25,0.0,0.3333333333333333,0.0,0.0,0.0,0.08333333333333333,0.0,2.3553885422075336,0.6808599798643638
part,word,1.0,1.0,2.0,3.0,0.0,4.0,0.0,0.0,0.0,1.0,0.0,12.0,0.08333333333333333,0.08333333333333333,0.16666666666666666,0.25,0.0,0.3333333333333333,0.0,0.0,0.0,0.08333333333333333,0.0,2.3553885422075336,0.6808599798643638
cour,lemma,1.0,1.0,4.0,1.0,0.0,2.0,0.0,0.0,0.0,3.0,0.0,12.0,0.08333333333333333,0.08333333333333333,0.3333333333333333,0.08333333333333333,0.0,0.16666666666666666,0.0,0.0,0.0,0.25,0.0,2.3553885422075336,0.6808599798643638
cour,word,1.0,1.0,4.0,1.0,0.0,2.0,0.0,0.0,0.0,3.0,0.0,12.0,0.08333333333333333,0.08333333333333333,0.3333333333333333,0.08333333333333333,0.0,0.16666666666666666,0.0,0.0,0.0,0.25,0.0,2.3553885422075336,0.6808599798643638
battre,lemma,4.0,0.0,3.0,3.0,0.0,1.0,0.0,0.0,1.0,1.0,0.0,13.0,0.3076923076923077,0.0,0.23076923076923078,0.23076923076923078,0.0,0.07692307692307693,0.0,0.0,0.07692307692307693,0.07692307692307693,0.0,2.353533948577482,0.6803238820788027
hommes,word,6.0,0.0,1.0,2.0,1.0,1.0,1.0,0.0,0.0,1.0,0.0,13.0,0.46153846153846156,0.0,0.07692307692307693,0.15384615384615385,0.07692307692307693,0.07692307692307693,0.07692307692307693,0.0,0.0,0.07692307692307693,0.0,2.353533948577482,0.6803238820788027
oeil,lemma,3.0,0.0,2.0,2.0,5.0,1.0,0.0,0.0,1.0,0.0,0.0,14.0,0.21428571428571427,0.0,0.14285714285714285,0.14285714285714285,0.35714285714285715,0.07142857142857142,0.0,0.0,0.07142857142857142,0.0,0.0,2.35274578087187,0.6800960505178705
million,lemma,2.0,0.0,4.0,5.0,1.0,3.0,0.0,0.0,0.0,1.0,0.0,16.0,0.125,0.0,0.25,0.3125,0.0625,0.1875,0.0,0.0,0.0,0.0625,0.0,2.3522170014624826,0.6799431989897355
pu,word,3.0,1.0,5.0,2.0,1.0,4.0,0.0,0.0,0.0,0.0,0.0,16.0,0.1875,0.0625,0.3125,0.125,0.0625,0.25,0.0,0.0,0.0,0.0,0.0,2.3522170014624826,0.6799431989897355
mort,word,3.0,0.0,2.0,8.0,1.0,9.0,2.0,0.0,1.0,0.0,0.0,26.0,0.11538461538461539,0.0,0.07692307692307693,0.3076923076923077,0.038461538461538464,0.34615384615384615,0.07692307692307693,0.0,0.038461538461538464,0.0,0.0,2.3433546214047736,0.6773813966375907
chose,lemma,22.0,0.0,7.0,8.0,1.0,9.0,0.0,0.0,3.0,3.0,0.0,53.0,0.41509433962264153,0.0,0.1320754716981132,0.1509433962264151,0.018867924528301886,0.16981132075471697,0.0,0.0,0.05660377358490566,0.05660377358490566,0.0,2.33550384924751,0.67511201454749
falloir,lemma,9.0,0.0,6.0,5.0,2.0,6.0,0.0,0.0,0.0,1.0,0.0,29.0,0.3103448275862069,0.0,0.20689655172413793,0.1724137931034483,0.06896551724137931,0.20689655172413793,0.0,0.0,0.0,0.034482758620689655,0.0,2.335273564228555,0.6750454472484821
savoir,lemma,7.0,0.0,1.0,3.0,0.0,3.0,0.0,0.0,2.0,2.0,0.0,18.0,0.3888888888888889,0.0,0.05555555555555555,0.16666666666666666,0.0,0.16666666666666666,0.0,0.0,0.1111111111111111,0.1111111111111111,0.0,2.327632809290636,0.6728367737494151
puissant,word,1.0,0.0,0.0,0.0,1.0,1.0,1.0,0.0,0.0,1.0,0.0,5.0,0.2,0.0,0.0,0.0,0.2,0.2,0.2,0.0,0.0,0.2,0.0,2.321928094887362,0.6711877414712396
arrive,word,1.0,0.0,1.0,1.0,0.0,1.0,0.0,0.0,1.0,0.0,0.0,5.0,0.2,0.0,0.2,0.2,0.0,0.2,0.0,0.0,0.2,0.0,0.0,2.321928094887362,0.6711877414712396
essayer,lemma,1.0,0.0,1.0,1.0,0.0,1.0,0.0,0.0,0.0,1.0,0.0,5.0,0.2,0.0,0.2,0.2,0.0,0.2,0.0,0.0,0.0,0.2,0.0,2.321928094887362,0.6711877414712396
vrai,word,1.0,0.0,1.0,0.0,1.0,0.0,1.0,0.0,0.0,1.0,0.0,5.0,0.2,0.0,0.2,0.0,0.2,0.0,0.2,0.0,0.0,0.2,0.0,2.321928094887362,0.6711877414712396
aime,word,1.0,1.0,1.0,0.0,0.0,1.0,0.0,0.0,1.0,0.0,0.0,5.0,0.2,0.2,0.2,0.0,0.0,0.2,0.0,0.0,0.2,0.0,0.0,2.321928094887362,0.6711877414712396
françaises,word,0.0,0.0,1.0,1.0,1.0,0.0,1.0,0.0,0.0,1.0,0.0,5.0,0.0,0.0,0.2,0.2,0.2,0.0,0.2,0.0,0.0,0.2,0.0,2.321928094887362,0.6711877414712396
gabriel,word,0.0,0.0,0.0,1.0,0.0,1.0,1.0,0.0,1.0,1.0,0.0,5.0,0.0,0.0,0.0,0.2,0.0,0.2,0.2,0.0,0.2,0.2,0.0,2.321928094887362,0.6711877414712396
explosé,word,1.0,1.0,1.0,0.0,0.0,0.0,1.0,0.0,0.0,1.0,0.0,5.0,0.2,0.2,0.2,0.0,0.0,0.0,0.2,0.0,0.0,0.2,0.0,2.321928094887362,0.6711877414712396
gabriel,lemma,0.0,0.0,0.0,1.0,0.0,1.0,1.0,0.0,1.0,1.0,0.0,5.0,0.0,0.0,0.0,0.2,0.0,0.2,0.2,0.0,0.2,0.2,0.0,2.321928094887362,0.6711877414712396
crier,lemma,4.0,1.0,3.0,8.0,1.0,1.0,0.0,0.0,1.0,0.0,0.0,19.0,0.21052631578947367,0.05263157894736842,0.15789473684210525,0.42105263157894735,0.05263157894736842,0.05263157894736842,0.0,0.0,0.05263157894736842,0.0,0.0,2.3134597501718237,0.6687398408768425
nouveau,word,3.0,0.0,5.0,0.0,1.0,1.0,1.0,0.0,0.0,3.0,0.0,14.0,0.21428571428571427,0.0,0.35714285714285715,0.0,0.07142857142857142,0.07142857142857142,0.07142857142857142,0.0,0.0,0.21428571428571427,0.0,2.2988252450030506,0.6645095201819828
pays,lemma,28.0,0.0,4.0,38.0,4.0,11.0,4.0,0.0,1.0,6.0,0.0,96.0,0.2916666666666667,0.0,0.041666666666666664,0.3958333333333333,0.041666666666666664,0.11458333333333333,0.041666666666666664,0.0,0.010416666666666666,0.0625,0.0,2.297559311785673,0.6641435834163715
pays,word,29.0,0.0,4.0,38.0,4.0,11.0,4.0,0.0,1.0,6.0,0.0,97.0,0.29896907216494845,0.0,0.041237113402061855,0.3917525773195876,0.041237113402061855,0.1134020618556701,0.041237113402061855,0.0,0.010309278350515464,0.061855670103092786,0.0,2.2920136960129724,0.6625405409562101
immense,lemma,6.0,0.0,3.0,2.0,1.0,0.0,2.0,0.0,0.0,1.0,0.0,15.0,0.4,0.0,0.2,0.13333333333333333,0.06666666666666667,0.0,0.13333333333333333,0.0,0.0,0.06666666666666667,0.0,2.2892464285091583,0.6617406212558449
yeux,word,1.0,0.0,2.0,2.0,5.0,1.0,0.0,0.0,1.0,0.0,0.0,12.0,0.08333333333333333,0.0,0.16666666666666666,0.16666666666666666,0.4166666666666667,0.08333333333333333,0.0,0.0,0.08333333333333333,0.0,0.0,2.2841591278514217,0.6602700615747894
retrouver,lemma,3.0,0.0,7.0,3.0,1.0,5.0,0.0,0.0,1.0,0.0,0.0,20.0,0.15,0.0,0.35,0.15,0.05,0.25,0.0,0.0,0.05,0.0,0.0,2.283383098229013,0.6600457387067703
pendant,lemma,2.0,0.0,2.0,2.0,0.0,2.0,0.0,0.0,0.0,1.0,0.0,9.0,0.2222222222222222,0.0,0.2222222222222222,0.2222222222222222,0.0,0.2222222222222222,0.0,0.0,0.0,0.1111111111111111,0.0,2.2810361125534238,0.6593673077000856
pendant,word,2.0,0.0,2.0,2.0,0.0,2.0,0.0,0.0,0.0,1.0,0.0,9.0,0.2222222222222222,0.0,0.2222222222222222,0.2222222222222222,0.0,0.2222222222222222,0.0,0.0,0.0,0.1111111111111111,0.0,2.2810361125534238,0.6593673077000856
ancien,lemma,2.0,0.0,0.0,1.0,2.0,2.0,2.0,0.0,0.0,0.0,0.0,9.0,0.2222222222222222,0.0,0.0,0.1111111111111111,0.2222222222222222,0.2222222222222222,0.2222222222222222,0.0,0.0,0.0,0.0,2.2810361125534238,0.6593673077000856
quel,lemma,1.0,0.0,4.0,1.0,1.0,1.0,0.0,0.0,1.0,0.0,0.0,9.0,0.1111111111111111,0.0,0.4444444444444444,0.1111111111111111,0.1111111111111111,0.1111111111111111,0.0,0.0,0.1111111111111111,0.0,0.0,2.2810361125534233,0.6593673077000854
regard,word,1.0,1.0,0.0,1.0,1.0,4.0,0.0,0.0,1.0,0.0,0.0,9.0,0.1111111111111111,0.1111111111111111,0.0,0.1111111111111111,0.1111111111111111,0.4444444444444444,0.0,0.0,0.1111111111111111,0.0,0.0,2.2810361125534233,0.6593673077000854
regard,lemma,1.0,1.0,0.0,1.0,1.0,4.0,0.0,0.0,1.0,0.0,0.0,9.0,0.1111111111111111,0.1111111111111111,0.0,0.1111111111111111,0.1111111111111111,0.4444444444444444,0.0,0.0,0.1111111111111111,0.0,0.0,2.2810361125534233,0.6593673077000854
france,word,9.0,0.0,3.0,5.0,0.0,1.0,2.0,0.0,0.0,3.0,0.0,23.0,0.391304347826087,0.0,0.13043478260869565,0.21739130434782608,0.0,0.043478260869565216,0.08695652173913043,0.0,0.0,0.13043478260869565,0.0,2.277964543372467,0.6584794250882688
france,lemma,9.0,0.0,3.0,5.0,0.0,1.0,2.0,0.0,0.0,3.0,0.0,23.0,0.391304347826087,0.0,0.13043478260869565,0.21739130434782608,0.0,0.043478260869565216,0.08695652173913043,0.0,0.0,0.13043478260869565,0.0,2.277964543372467,0.6584794250882688
«,punctuation,26.0,0.0,5.0,13.0,0.0,2.0,1.0,1.0,10.0,2.0,0.0,60.0,0.43333333333333335,0.0,0.08333333333333333,0.21666666666666667,0.0,0.03333333333333333,0.016666666666666666,0.016666666666666666,0.16666666666666666,0.03333333333333333,0.0,2.2544560884283014,0.6516839576428317
»,punctuation,26.0,0.0,5.0,13.0,0.0,2.0,1.0,1.0,10.0,2.0,0.0,60.0,0.43333333333333335,0.0,0.08333333333333333,0.21666666666666667,0.0,0.03333333333333333,0.016666666666666666,0.016666666666666666,0.16666666666666666,0.03333333333333333,0.0,2.2544560884283014,0.6516839576428317
fois,word,3.0,0.0,5.0,3.0,6.0,0.0,3.0,0.0,0.0,0.0,0.0,20.0,0.15,0.0,0.25,0.15,0.3,0.0,0.15,0.0,0.0,0.0,0.0,2.252724195624655,0.6511833283503445
fois,lemma,3.0,0.0,5.0,3.0,6.0,0.0,3.0,0.0,0.0,0.0,0.0,20.0,0.15,0.0,0.25,0.15,0.3,0.0,0.15,0.0,0.0,0.0,0.0,2.252724195624655,0.6511833283503445
mondial,lemma,0.0,0.0,1.0,0.0,1.0,1.0,2.0,0.0,0.0,1.0,0.0,6.0,0.0,0.0,0.16666666666666666,0.0,0.16666666666666666,0.16666666666666666,0.3333333333333333,0.0,0.0,0.16666666666666666,0.0,2.251629167387823,0.6508667942032516
utiliser,lemma,1.0,0.0,1.0,2.0,1.0,0.0,0.0,0.0,1.0,0.0,0.0,6.0,0.16666666666666666,0.0,0.16666666666666666,0.3333333333333333,0.16666666666666666,0.0,0.0,0.0,0.16666666666666666,0.0,0.0,2.2516291673878226,0.6508667942032513
image,word,0.0,0.0,2.0,0.0,1.0,1.0,0.0,0.0,1.0,1.0,0.0,6.0,0.0,0.0,0.3333333333333333,0.0,0.16666666666666666,0.16666666666666666,0.0,0.0,0.16666666666666666,0.16666666666666666,0.0,2.2516291673878226,0.6508667942032513
arrivé,word,0.0,0.0,1.0,0.0,2.0,1.0,1.0,0.0,0.0,1.0,0.0,6.0,0.0,0.0,0.16666666666666666,0.0,0.3333333333333333,0.16666666666666666,0.16666666666666666,0.0,0.0,0.16666666666666666,0.0,2.2516291673878226,0.6508667942032513
battre,word,2.0,0.0,1.0,1.0,0.0,1.0,0.0,0.0,1.0,0.0,0.0,6.0,0.3333333333333333,0.0,0.16666666666666666,0.16666666666666666,0.0,0.16666666666666666,0.0,0.0,0.16666666666666666,0.0,0.0,2.2516291673878226,0.6508667942032513
j'avais,word,1.0,0.0,2.0,0.0,1.0,1.0,0.0,0.0,0.0,1.0,0.0,6.0,0.16666666666666666,0.0,0.3333333333333333,0.0,0.16666666666666666,0.16666666666666666,0.0,0.0,0.0,0.16666666666666666,0.0,2.2516291673878226,0.6508667942032513
presque,word,0.0,0.0,2.0,0.0,1.0,1.0,0.0,0.0,1.0,1.0,0.0,6.0,0.0,0.0,0.3333333333333333,0.0,0.16666666666666666,0.16666666666666666,0.0,0.0,0.16666666666666666,0.16666666666666666,0.0,2.2516291673878226,0.6508667942032513
pieds,word,0.0,0.0,2.0,1.0,1.0,0.0,1.0,0.0,0.0,1.0,0.0,6.0,0.0,0.0,0.3333333333333333,0.16666666666666666,0.16666666666666666,0.0,0.16666666666666666,0.0,0.0,0.16666666666666666,0.0,2.2516291673878226,0.6508667942032513
faisait,word,1.0,1.0,0.0,2.0,1.0,1.0,0.0,0.0,0.0,0.0,0.0,6.0,0.16666666666666666,0.16666666666666666,0.0,0.3333333333333333,0.16666666666666666,0.16666666666666666,0.0,0.0,0.0,0.0,0.0,2.2516291673878226,0.6508667942032513
jeune,word,1.0,0.0,1.0,0.0,2.0,0.0,1.0,0.0,0.0,1.0,0.0,6.0,0.16666666666666666,0.0,0.16666666666666666,0.0,0.3333333333333333,0.0,0.16666666666666666,0.0,0.0,0.16666666666666666,0.0,2.2516291673878226,0.6508667942032513
détourner,lemma,1.0,1.0,2.0,0.0,0.0,1.0,0.0,0.0,1.0,0.0,0.0,6.0,0.16666666666666666,0.16666666666666666,0.3333333333333333,0.0,0.0,0.16666666666666666,0.0,0.0,0.16666666666666666,0.0,0.0,2.2516291673878226,0.6508667942032513
chef,word,0.0,0.0,1.0,1.0,0.0,2.0,1.0,0.0,0.0,1.0,0.0,6.0,0.0,0.0,0.16666666666666666,0.16666666666666666,0.0,0.3333333333333333,0.16666666666666666,0.0,0.0,0.16666666666666666,0.0,2.2516291673878226,0.6508667942032513
avance,lemma,0.0,0.0,1.0,1.0,1.0,1.0,0.0,0.0,2.0,0.0,0.0,6.0,0.0,0.0,0.16666666666666666,0.16666666666666666,0.16666666666666666,0.16666666666666666,0.0,0.0,0.3333333333333333,0.0,0.0,2.2516291673878226,0.6508667942032513
renforcer,lemma,1.0,0.0,1.0,1.0,0.0,0.0,1.0,0.0,0.0,2.0,0.0,6.0,0.16666666666666666,0.0,0.16666666666666666,0.16666666666666666,0.0,0.0,0.16666666666666666,0.0,0.0,0.3333333333333333,0.0,2.2516291673878226,0.6508667942032513
sais,word,1.0,1.0,1.0,0.0,0.0,0.0,0.0,0.0,1.0,2.0,0.0,6.0,0.16666666666666666,0.16666666666666666,0.16666666666666666,0.0,0.0,0.0,0.0,0.0,0.16666666666666666,0.3333333333333333,0.0,2.2516291673878226,0.6508667942032513
senti,word,0.0,0.0,0.0,2.0,1.0,1.0,0.0,1.0,1.0,0.0,0.0,6.0,0.0,0.0,0.0,0.3333333333333333,0.16666666666666666,0.16666666666666666,0.0,0.16666666666666666,0.16666666666666666,0.0,0.0,2.2516291673878226,0.6508667942032513
nom,word,2.0,1.0,1.0,1.0,1.0,0.0,0.0,0.0,0.0,0.0,0.0,6.0,0.3333333333333333,0.16666666666666666,0.16666666666666666,0.16666666666666666,0.16666666666666666,0.0,0.0,0.0,0.0,0.0,0.0,2.2516291673878226,0.6508667942032513
chef,lemma,0.0,0.0,1.0,1.0,0.0,2.0,1.0,0.0,0.0,1.0,0.0,6.0,0.0,0.0,0.16666666666666666,0.16666666666666666,0.0,0.3333333333333333,0.16666666666666666,0.0,0.0,0.16666666666666666,0.0,2.2516291673878226,0.6508667942032513
tas,word,1.0,2.0,1.0,0.0,1.0,0.0,0.0,0.0,0.0,1.0,0.0,6.0,0.16666666666666666,0.3333333333333333,0.16666666666666666,0.0,0.16666666666666666,0.0,0.0,0.0,0.0,0.16666666666666666,0.0,2.2516291673878226,0.6508667942032513
tas,lemma,1.0,2.0,1.0,0.0,1.0,0.0,0.0,0.0,0.0,1.0,0.0,6.0,0.16666666666666666,0.3333333333333333,0.16666666666666666,0.0,0.16666666666666666,0.0,0.0,0.0,0.0,0.16666666666666666,0.0,2.2516291673878226,0.6508667942032513
cp,word,2.0,2.0,0.0,2.0,0.0,1.0,0.0,0.0,0.0,1.0,0.0,8.0,0.25,0.25,0.0,0.25,0.0,0.125,0.0,0.0,0.0,0.125,0.0,2.25,0.6503958592152477
cp,lemma,2.0,2.0,0.0,2.0,0.0,1.0,0.0,0.0,0.0,1.0,0.0,8.0,0.25,0.25,0.0,0.25,0.0,0.125,0.0,0.0,0.0,0.125,0.0,2.25,0.6503958592152477
longtemps,lemma,2.0,0.0,1.0,2.0,0.0,2.0,0.0,0.0,0.0,1.0,0.0,8.0,0.25,0.0,0.125,0.25,0.0,0.25,0.0,0.0,0.0,0.125,0.0,2.25,0.6503958592152477
longtemps,word,2.0,0.0,1.0,2.0,0.0,2.0,0.0,0.0,0.0,1.0,0.0,8.0,0.25,0.0,0.125,0.25,0.0,0.25,0.0,0.0,0.0,0.125,0.0,2.25,0.6503958592152477
grands,word,1.0,0.0,2.0,0.0,2.0,1.0,0.0,0.0,0.0,2.0,0.0,8.0,0.125,0.0,0.25,0.0,0.25,0.125,0.0,0.0,0.0,0.25,0.0,2.25,0.6503958592152477
dernier,lemma,0.0,0.0,2.0,3.0,1.0,2.0,2.0,0.0,0.0,0.0,0.0,10.0,0.0,0.0,0.2,0.3,0.1,0.2,0.2,0.0,0.0,0.0,0.0,2.2464393446710154,0.6493665990009969
petite,word,0.0,0.0,3.0,2.0,1.0,2.0,0.0,0.0,0.0,2.0,0.0,10.0,0.0,0.0,0.3,0.2,0.1,0.2,0.0,0.0,0.0,0.2,0.0,2.2464393446710154,0.6493665990009969
mort,lemma,5.0,0.0,2.0,12.0,1.0,11.0,2.0,0.0,1.0,0.0,0.0,34.0,0.14705882352941177,0.0,0.058823529411764705,0.35294117647058826,0.029411764705882353,0.3235294117647059,0.058823529411764705,0.0,0.029411764705882353,0.0,0.0,2.24384700924737,0.6486172460120031
argent,word,17.0,1.0,3.0,6.0,3.0,3.0,0.0,0.0,0.0,2.0,0.0,35.0,0.4857142857142857,0.02857142857142857,0.08571428571428572,0.17142857142857143,0.08571428571428572,0.08571428571428572,0.0,0.0,0.0,0.05714285714285714,0.0,2.2361028508857346,0.6463786822202188
argent,lemma,17.0,1.0,3.0,6.0,3.0,3.0,0.0,0.0,0.0,2.0,0.0,35.0,0.4857142857142857,0.02857142857142857,0.08571428571428572,0.17142857142857143,0.08571428571428572,0.08571428571428572,0.0,0.0,0.0,0.05714285714285714,0.0,2.2361028508857346,0.6463786822202188
confiance,lemma,1.0,0.0,2.0,1.0,0.0,2.0,0.0,0.0,1.0,0.0,0.0,7.0,0.14285714285714285,0.0,0.2857142857142857,0.14285714285714285,0.0,0.2857142857142857,0.0,0.0,0.14285714285714285,0.0,0.0,2.2359263506290326,0.6463276622041702
écrit,word,1.0,0.0,2.0,0.0,1.0,0.0,0.0,0.0,1.0,2.0,0.0,7.0,0.14285714285714285,0.0,0.2857142857142857,0.0,0.14285714285714285,0.0,0.0,0.0,0.14285714285714285,0.2857142857142857,0.0,2.2359263506290326,0.6463276622041702
comment,lemma,1.0,0.0,0.0,2.0,0.0,2.0,1.0,0.0,1.0,0.0,0.0,7.0,0.14285714285714285,0.0,0.0,0.2857142857142857,0.0,0.2857142857142857,0.14285714285714285,0.0,0.14285714285714285,0.0,0.0,2.2359263506290326,0.6463276622041702
comment,word,1.0,0.0,0.0,2.0,0.0,2.0,1.0,0.0,1.0,0.0,0.0,7.0,0.14285714285714285,0.0,0.0,0.2857142857142857,0.0,0.2857142857142857,0.14285714285714285,0.0,0.14285714285714285,0.0,0.0,2.2359263506290326,0.6463276622041702
apprendre,lemma,1.0,0.0,2.0,2.0,0.0,1.0,0.0,0.0,0.0,1.0,0.0,7.0,0.14285714285714285,0.0,0.2857142857142857,0.2857142857142857,0.0,0.14285714285714285,0.0,0.0,0.0,0.14285714285714285,0.0,2.2359263506290326,0.6463276622041702
confiance,word,1.0,0.0,2.0,1.0,0.0,2.0,0.0,0.0,1.0,0.0,0.0,7.0,0.14285714285714285,0.0,0.2857142857142857,0.14285714285714285,0.0,0.2857142857142857,0.0,0.0,0.14285714285714285,0.0,0.0,2.2359263506290326,0.6463276622041702
apprendre,word,1.0,0.0,2.0,2.0,0.0,1.0,0.0,0.0,0.0,1.0,0.0,7.0,0.14285714285714285,0.0,0.2857142857142857,0.2857142857142857,0.0,0.14285714285714285,0.0,0.0,0.0,0.14285714285714285,0.0,2.2359263506290326,0.6463276622041702
scène,lemma,0.0,0.0,2.0,1.0,2.0,1.0,0.0,0.0,0.0,1.0,0.0,7.0,0.0,0.0,0.2857142857142857,0.14285714285714285,0.2857142857142857,0.14285714285714285,0.0,0.0,0.0,0.14285714285714285,0.0,2.2359263506290326,0.6463276622041702
livre,word,1.0,0.0,2.0,0.0,2.0,1.0,0.0,0.0,0.0,1.0,0.0,7.0,0.14285714285714285,0.0,0.2857142857142857,0.0,0.2857142857142857,0.14285714285714285,0.0,0.0,0.0,0.14285714285714285,0.0,2.2359263506290326,0.6463276622041702
écrire,lemma,1.0,0.0,2.0,0.0,1.0,0.0,0.0,0.0,1.0,2.0,0.0,7.0,0.14285714285714285,0.0,0.2857142857142857,0.0,0.14285714285714285,0.0,0.0,0.0,0.14285714285714285,0.2857142857142857,0.0,2.2359263506290326,0.6463276622041702
passer,lemma,1.0,1.0,6.0,12.0,3.0,3.0,0.0,0.0,1.0,0.0,0.0,27.0,0.037037037037037035,0.037037037037037035,0.2222222222222222,0.4444444444444444,0.1111111111111111,0.1111111111111111,0.0,0.0,0.037037037037037035,0.0,0.0,2.234920834855774,0.6460370029618132
entrer,lemma,11.0,0.0,6.0,11.0,2.0,1.0,0.0,0.0,0.0,4.0,0.0,35.0,0.3142857142857143,0.0,0.17142857142857143,0.3142857142857143,0.05714285714285714,0.02857142857142857,0.0,0.0,0.0,0.11428571428571428,0.0,2.22593242796361,0.6434387706846554
idée,word,2.0,0.0,7.0,1.0,3.0,2.0,1.0,0.0,0.0,0.0,0.0,16.0,0.125,0.0,0.4375,0.0625,0.1875,0.125,0.0625,0.0,0.0,0.0,0.0,2.224601752714581,0.6430541192749093
chance,lemma,1.0,0.0,7.0,0.0,1.0,3.0,2.0,0.0,0.0,2.0,0.0,16.0,0.0625,0.0,0.4375,0.0,0.0625,0.1875,0.125,0.0,0.0,0.125,0.0,2.224601752714581,0.6430541192749093
chance,word,1.0,0.0,7.0,0.0,1.0,3.0,2.0,0.0,0.0,2.0,0.0,16.0,0.0625,0.0,0.4375,0.0,0.0625,0.1875,0.125,0.0,0.0,0.125,0.0,2.224601752714581,0.6430541192749093
véritable,word,1.0,0.0,1.0,2.0,0.0,1.0,5.0,0.0,1.0,0.0,0.0,11.0,0.09090909090909091,0.0,0.09090909090909091,0.18181818181818182,0.0,0.09090909090909091,0.45454545454545453,0.0,0.09090909090909091,0.0,0.0,2.222191575506678,0.6423574218189114
certain,lemma,6.0,0.0,2.0,3.0,3.0,3.0,0.0,0.0,0.0,0.0,0.0,17.0,0.35294117647058826,0.0,0.11764705882352941,0.17647058823529413,0.17647058823529413,0.17647058823529413,0.0,0.0,0.0,0.0,0.0,2.218378281790496,0.6412551327331442
gagner,lemma,3.0,0.0,22.0,3.0,3.0,1.0,3.0,1.0,0.0,16.0,0.0,52.0,0.057692307692307696,0.0,0.4230769230769231,0.057692307692307696,0.057692307692307696,0.019230769230769232,0.057692307692307696,0.019230769230769232,0.0,0.3076923076923077,0.0,2.217227302397353,0.6409224250747699
trump,word,6.0,0.0,0.0,3.0,1.0,1.0,1.0,0.0,2.0,0.0,0.0,14.0,0.42857142857142855,0.0,0.0,0.21428571428571427,0.07142857142857142,0.07142857142857142,0.07142857142857142,0.0,0.14285714285714285,0.0,0.0,2.217021885879718,0.6408630463847769
trump,lemma,6.0,0.0,0.0,3.0,1.0,1.0,1.0,0.0,2.0,0.0,0.0,14.0,0.42857142857142855,0.0,0.0,0.21428571428571427,0.07142857142857142,0.07142857142857142,0.07142857142857142,0.0,0.14285714285714285,0.0,0.0,2.217021885879718,0.6408630463847769
vie,lemma,14.0,0.0,18.0,12.0,2.0,11.0,1.0,0.0,0.0,0.0,0.0,58.0,0.2413793103448276,0.0,0.3103448275862069,0.20689655172413793,0.034482758620689655,0.1896551724137931,0.017241379310344827,0.0,0.0,0.0,0.0,2.212551396016672,0.6395707850089596
vie,word,14.0,0.0,18.0,12.0,2.0,11.0,1.0,0.0,0.0,0.0,0.0,58.0,0.2413793103448276,0.0,0.3103448275862069,0.20689655172413793,0.034482758620689655,0.1896551724137931,0.017241379310344827,0.0,0.0,0.0,0.0,2.212551396016672,0.6395707850089596
fort,lemma,6.0,0.0,0.0,5.0,0.0,3.0,1.0,0.0,1.0,1.0,0.0,17.0,0.35294117647058826,0.0,0.0,0.29411764705882354,0.0,0.17647058823529413,0.058823529411764705,0.0,0.058823529411764705,0.058823529411764705,0.0,2.212503842372268,0.6395570389229991
enfants,word,4.0,1.0,3.0,8.0,2.0,0.0,0.0,0.0,0.0,1.0,0.0,19.0,0.21052631578947367,0.05263157894736842,0.15789473684210525,0.42105263157894735,0.10526315789473684,0.0,0.0,0.0,0.0,0.05263157894736842,0.0,2.208196592277087,0.638311964422328
histoire,word,0.0,0.0,4.0,3.0,3.0,0.0,0.0,0.0,1.0,4.0,0.0,15.0,0.0,0.0,0.26666666666666666,0.2,0.2,0.0,0.0,0.0,0.06666666666666667,0.26666666666666666,0.0,2.2062389286533897,0.637746072726955
famille,word,3.0,0.0,3.0,4.0,0.0,4.0,1.0,0.0,0.0,0.0,0.0,15.0,0.2,0.0,0.2,0.26666666666666666,0.0,0.26666666666666666,0.06666666666666667,0.0,0.0,0.0,0.0,2.206238928653389,0.6377460727269549
gros,word,15.0,13.0,3.0,3.0,2.0,1.0,0.0,0.0,2.0,0.0,0.0,39.0,0.38461538461538464,0.3333333333333333,0.07692307692307693,0.07692307692307693,0.05128205128205128,0.02564102564102564,0.0,0.0,0.05128205128205128,0.0,0.0,2.202867596444584,0.6367715391675567
!,punctuation,95.0,12.0,145.0,16.0,346.0,33.0,28.0,0.0,4.0,24.0,1.0,704.0,0.13494318181818182,0.017045454545454544,0.2059659090909091,0.022727272727272728,0.4914772727272727,0.046875,0.03977272727272727,0.0,0.005681818181818182,0.03409090909090909,0.0014204545454545455,2.2012866450743487,0.6363145417343027
jouer,word,2.0,1.0,0.0,1.0,0.0,3.0,0.0,0.0,0.0,2.0,0.0,9.0,0.2222222222222222,0.1111111111111111,0.0,0.1111111111111111,0.0,0.3333333333333333,0.0,0.0,0.0,0.2222222222222222,0.0,2.1971597234241496,0.6351215938442603
sou,lemma,3.0,2.0,1.0,0.0,1.0,0.0,0.0,0.0,0.0,2.0,0.0,9.0,0.3333333333333333,0.2222222222222222,0.1111111111111111,0.0,0.1111111111111111,0.0,0.0,0.0,0.0,0.2222222222222222,0.0,2.197159723424149,0.6351215938442601
paris,lemma,2.0,0.0,2.0,4.0,1.0,2.0,0.0,0.0,0.0,0.0,0.0,11.0,0.18181818181818182,0.0,0.18181818181818182,0.36363636363636365,0.09090909090909091,0.18181818181818182,0.0,0.0,0.0,0.0,0.0,2.186704345910025,0.6320993119590519
paris,word,2.0,0.0,2.0,4.0,1.0,2.0,0.0,0.0,0.0,0.0,0.0,11.0,0.18181818181818182,0.0,0.18181818181818182,0.36363636363636365,0.09090909090909091,0.18181818181818182,0.0,0.0,0.0,0.0,0.0,2.186704345910025,0.6320993119590519
certains,word,3.0,0.0,1.0,1.0,2.0,3.0,0.0,0.0,0.0,0.0,0.0,10.0,0.3,0.0,0.1,0.1,0.2,0.3,0.0,0.0,0.0,0.0,0.0,2.1709505944546685,0.6275454565307541
tenir,lemma,2.0,0.0,3.0,0.0,3.0,0.0,0.0,0.0,1.0,1.0,0.0,10.0,0.2,0.0,0.3,0.0,0.3,0.0,0.0,0.0,0.1,0.1,0.0,2.1709505944546685,0.6275454565307541
mieux,lemma,2.0,0.0,3.0,0.0,0.0,1.0,1.0,0.0,0.0,3.0,0.0,10.0,0.2,0.0,0.3,0.0,0.0,0.1,0.1,0.0,0.0,0.3,0.0,2.1709505944546685,0.6275454565307541
mieux,word,2.0,0.0,3.0,0.0,0.0,1.0,1.0,0.0,0.0,3.0,0.0,10.0,0.2,0.0,0.3,0.0,0.0,0.1,0.1,0.0,0.0,0.3,0.0,2.1709505944546685,0.6275454565307541
difficile,lemma,5.0,2.0,0.0,5.0,2.0,15.0,0.0,0.0,3.0,0.0,0.0,32.0,0.15625,0.0625,0.0,0.15625,0.0625,0.46875,0.0,0.0,0.09375,0.0,0.0,2.1694522692135982,0.6271123434051764
record,word,0.0,0.0,4.0,0.0,4.0,1.0,6.0,0.0,0.0,4.0,0.0,19.0,0.0,0.0,0.21052631578947367,0.0,0.21052631578947367,0.05263157894736842,0.3157894736842105,0.0,0.0,0.21052631578947367,0.0,2.1684656711105887,0.6268271525958845
famille,lemma,6.0,0.0,4.0,5.0,0.0,5.0,1.0,0.0,0.0,0.0,0.0,21.0,0.2857142857142857,0.0,0.19047619047619047,0.23809523809523808,0.0,0.23809523809523808,0.047619047619047616,0.0,0.0,0.0,0.0,2.167124282150162,0.626439404229014
venir,word,1.0,0.0,1.0,5.0,0.0,1.0,0.0,0.0,1.0,1.0,0.0,10.0,0.1,0.0,0.1,0.5,0.0,0.1,0.0,0.0,0.1,0.1,0.0,2.1609640474436813,0.6246586970535077
temps,word,2.0,0.0,3.0,1.0,5.0,3.0,0.0,0.0,0.0,0.0,0.0,14.0,0.14285714285714285,0.0,0.21428571428571427,0.07142857142857142,0.35714285714285715,0.21428571428571427,0.0,0.0,0.0,0.0,0.0,2.1559681021459083,0.6232145449937133
temps,lemma,2.0,0.0,3.0,1.0,5.0,3.0,0.0,0.0,0.0,0.0,0.0,14.0,0.14285714285714285,0.0,0.21428571428571427,0.07142857142857142,0.35714285714285715,0.21428571428571427,0.0,0.0,0.0,0.0,0.0,2.1559681021459083,0.6232145449937133
idée,lemma,2.0,0.0,6.0,2.0,2.0,3.0,0.0,0.0,0.0,0.0,0.0,15.0,0.13333333333333333,0.0,0.4,0.13333333333333333,0.13333333333333333,0.2,0.0,0.0,0.0,0.0,0.0,2.1559130951758245,0.6231986444134597
unique,word,0.0,0.0,2.0,0.0,1.0,1.0,1.0,0.0,0.0,3.0,0.0,8.0,0.0,0.0,0.25,0.0,0.125,0.125,0.125,0.0,0.0,0.375,0.0,2.1556390622295662,0.6231194311274442
qu'il,word,1.0,0.0,0.0,2.0,3.0,1.0,1.0,0.0,0.0,0.0,0.0,8.0,0.125,0.0,0.0,0.25,0.375,0.125,0.125,0.0,0.0,0.0,0.0,2.1556390622295662,0.6231194311274442
unique,lemma,0.0,0.0,2.0,0.0,1.0,1.0,1.0,0.0,0.0,3.0,0.0,8.0,0.0,0.0,0.25,0.0,0.125,0.125,0.125,0.0,0.0,0.375,0.0,2.1556390622295662,0.6231194311274442
sacrer,lemma,1.0,0.0,2.0,0.0,1.0,0.0,1.0,0.0,0.0,3.0,0.0,8.0,0.125,0.0,0.25,0.0,0.125,0.0,0.125,0.0,0.0,0.375,0.0,2.1556390622295662,0.6231194311274442
rare,word,0.0,0.0,1.0,1.0,3.0,0.0,2.0,0.0,0.0,1.0,0.0,8.0,0.0,0.0,0.125,0.125,0.375,0.0,0.25,0.0,0.0,0.125,0.0,2.1556390622295662,0.6231194311274442
sœur,word,0.0,0.0,3.0,2.0,0.0,1.0,1.0,0.0,0.0,1.0,0.0,8.0,0.0,0.0,0.375,0.25,0.0,0.125,0.125,0.0,0.0,0.125,0.0,2.1556390622295662,0.6231194311274442
bas,lemma,2.0,1.0,1.0,3.0,0.0,1.0,0.0,0.0,0.0,0.0,0.0,8.0,0.25,0.125,0.125,0.375,0.0,0.125,0.0,0.0,0.0,0.0,0.0,2.1556390622295662,0.6231194311274442
quelle,word,1.0,0.0,3.0,1.0,0.0,0.0,2.0,0.0,1.0,0.0,0.0,8.0,0.125,0.0,0.375,0.125,0.0,0.0,0.25,0.0,0.125,0.0,0.0,2.1556390622295662,0.6231194311274442
pied,lemma,0.0,0.0,2.0,3.0,1.0,0.0,1.0,0.0,0.0,1.0,0.0,8.0,0.0,0.0,0.25,0.375,0.125,0.0,0.125,0.0,0.0,0.125,0.0,2.1556390622295662,0.6231194311274442
record,lemma,0.0,0.0,6.0,0.0,5.0,1.0,7.0,0.0,0.0,6.0,0.0,25.0,0.0,0.0,0.24,0.0,0.2,0.04,0.28,0.0,0.0,0.24,0.0,2.152629192274968,0.6222493835917788
bon,word,5.0,0.0,13.0,1.0,1.0,3.0,0.0,0.0,1.0,2.0,0.0,26.0,0.19230769230769232,0.0,0.5,0.038461538461538464,0.038461538461538464,0.11538461538461539,0.0,0.0,0.038461538461538464,0.07692307692307693,0.0,2.143891859970535,0.6197237281467163
parents,word,1.0,0.0,3.0,6.0,1.0,0.0,1.0,0.0,0.0,1.0,0.0,13.0,0.07692307692307693,0.0,0.23076923076923078,0.46153846153846156,0.07692307692307693,0.0,0.07692307692307693,0.0,0.0,0.07692307692307693,0.0,2.1416195253341384,0.6190668761297101
puissant,lemma,1.0,0.0,0.0,6.0,1.0,1.0,3.0,0.0,0.0,1.0,0.0,13.0,0.07692307692307693,0.0,0.0,0.46153846153846156,0.07692307692307693,0.07692307692307693,0.23076923076923078,0.0,0.0,0.07692307692307693,0.0,2.1416195253341384,0.6190668761297101
parent,lemma,1.0,0.0,3.0,6.0,1.0,0.0,1.0,0.0,0.0,1.0,0.0,13.0,0.07692307692307693,0.0,0.23076923076923078,0.46153846153846156,0.07692307692307693,0.0,0.07692307692307693,0.0,0.0,0.07692307692307693,0.0,2.1416195253341384,0.6190668761297101
aurait,word,5.0,0.0,0.0,3.0,2.0,1.0,0.0,0.0,2.0,0.0,0.0,13.0,0.38461538461538464,0.0,0.0,0.23076923076923078,0.15384615384615385,0.07692307692307693,0.0,0.0,0.15384615384615385,0.0,0.0,2.1339375660949167,0.6168462919164435
parler,lemma,13.0,0.0,1.0,4.0,2.0,4.0,0.0,0.0,3.0,0.0,0.0,27.0,0.48148148148148145,0.0,0.037037037037037035,0.14814814814814814,0.07407407407407407,0.14814814814814814,0.0,0.0,0.1111111111111111,0.0,0.0,2.13042069334874,0.6158296877068878
danseuse,word,0.0,0.0,3.0,1.0,0.0,1.0,1.0,0.0,0.0,1.0,0.0,7.0,0.0,0.0,0.42857142857142855,0.14285714285714285,0.0,0.14285714285714285,0.14285714285714285,0.0,0.0,0.14285714285714285,0.0,2.1280852788913944,0.6151546015323949
souvent,lemma,3.0,1.0,0.0,0.0,1.0,1.0,1.0,0.0,0.0,0.0,0.0,7.0,0.42857142857142855,0.14285714285714285,0.0,0.0,0.14285714285714285,0.14285714285714285,0.14285714285714285,0.0,0.0,0.0,0.0,2.1280852788913944,0.6151546015323949
souvent,word,3.0,1.0,0.0,0.0,1.0,1.0,1.0,0.0,0.0,0.0,0.0,7.0,0.42857142857142855,0.14285714285714285,0.0,0.0,0.14285714285714285,0.14285714285714285,0.14285714285714285,0.0,0.0,0.0,0.0,2.1280852788913944,0.6151546015323949
malade,word,1.0,0.0,1.0,3.0,1.0,1.0,0.0,0.0,0.0,0.0,0.0,7.0,0.14285714285714285,0.0,0.14285714285714285,0.42857142857142855,0.14285714285714285,0.14285714285714285,0.0,0.0,0.0,0.0,0.0,2.1280852788913944,0.6151546015323949
surtout,lemma,3.0,0.0,0.0,1.0,1.0,0.0,1.0,0.0,0.0,1.0,0.0,7.0,0.42857142857142855,0.0,0.0,0.14285714285714285,0.14285714285714285,0.0,0.14285714285714285,0.0,0.0,0.14285714285714285,0.0,2.1280852788913944,0.6151546015323949
marier,lemma,0.0,0.0,3.0,0.0,1.0,1.0,1.0,0.0,1.0,0.0,0.0,7.0,0.0,0.0,0.42857142857142855,0.0,0.14285714285714285,0.14285714285714285,0.14285714285714285,0.0,0.14285714285714285,0.0,0.0,2.1280852788913944,0.6151546015323949
surtout,word,3.0,0.0,0.0,1.0,1.0,0.0,1.0,0.0,0.0,1.0,0.0,7.0,0.42857142857142855,0.0,0.0,0.14285714285714285,0.14285714285714285,0.0,0.14285714285714285,0.0,0.0,0.14285714285714285,0.0,2.1280852788913944,0.6151546015323949
imposer,lemma,1.0,0.0,1.0,3.0,0.0,1.0,0.0,0.0,0.0,1.0,0.0,7.0,0.14285714285714285,0.0,0.14285714285714285,0.42857142857142855,0.0,0.14285714285714285,0.0,0.0,0.0,0.14285714285714285,0.0,2.1280852788913944,0.6151546015323949
manger,word,3.0,1.0,1.0,1.0,0.0,1.0,0.0,0.0,0.0,0.0,0.0,7.0,0.42857142857142855,0.14285714285714285,0.14285714285714285,0.14285714285714285,0.0,0.14285714285714285,0.0,0.0,0.0,0.0,0.0,2.1280852788913944,0.6151546015323949
nom,lemma,3.0,1.0,1.0,1.0,1.0,0.0,0.0,0.0,0.0,0.0,0.0,7.0,0.42857142857142855,0.14285714285714285,0.14285714285714285,0.14285714285714285,0.14285714285714285,0.0,0.0,0.0,0.0,0.0,0.0,2.1280852788913944,0.6151546015323949
long,lemma,1.0,1.0,1.0,0.0,3.0,0.0,1.0,0.0,0.0,0.0,0.0,7.0,0.14285714285714285,0.14285714285714285,0.14285714285714285,0.0,0.42857142857142855,0.0,0.14285714285714285,0.0,0.0,0.0,0.0,2.128085278891394,0.6151546015323948
jours,word,1.0,0.0,4.0,2.0,1.0,2.0,0.0,0.0,0.0,0.0,0.0,10.0,0.1,0.0,0.4,0.2,0.1,0.2,0.0,0.0,0.0,0.0,0.0,2.1219280948873624,0.6133747762076621
occasion,word,0.0,0.0,4.0,2.0,0.0,1.0,0.0,0.0,1.0,2.0,0.0,10.0,0.0,0.0,0.4,0.2,0.0,0.1,0.0,0.0,0.1,0.2,0.0,2.1219280948873624,0.6133747762076621
occasion,lemma,0.0,0.0,4.0,2.0,0.0,1.0,0.0,0.0,1.0,2.0,0.0,10.0,0.0,0.0,0.4,0.2,0.0,0.1,0.0,0.0,0.1,0.2,0.0,2.1219280948873624,0.6133747762076621
regarder,lemma,4.0,0.0,2.0,1.0,2.0,0.0,1.0,0.0,0.0,0.0,0.0,10.0,0.4,0.0,0.2,0.1,0.2,0.0,0.1,0.0,0.0,0.0,0.0,2.121928094887362,0.613374776207662
chien,lemma,4.0,2.0,0.0,1.0,0.0,2.0,0.0,0.0,1.0,0.0,0.0,10.0,0.4,0.2,0.0,0.1,0.0,0.2,0.0,0.0,0.1,0.0,0.0,2.121928094887362,0.613374776207662
millions,word,2.0,0.0,1.0,4.0,0.0,3.0,0.0,0.0,0.0,1.0,0.0,11.0,0.18181818181818182,0.0,0.09090909090909091,0.36363636363636365,0.0,0.2727272727272727,0.0,0.0,0.0,0.09090909090909091,0.0,2.1180782093497093,0.6122619097133766
manger,lemma,4.0,2.0,1.0,1.0,0.0,3.0,0.0,0.0,0.0,0.0,0.0,11.0,0.36363636363636365,0.18181818181818182,0.09090909090909091,0.09090909090909091,0.0,0.2727272727272727,0.0,0.0,0.0,0.0,0.0,2.1180782093497093,0.6122619097133766
immense,word,4.0,0.0,3.0,2.0,0.0,0.0,1.0,0.0,0.0,1.0,0.0,11.0,0.36363636363636365,0.0,0.2727272727272727,0.18181818181818182,0.0,0.0,0.09090909090909091,0.0,0.0,0.09090909090909091,0.0,2.1180782093497093,0.6122619097133766
lettre,word,2.0,0.0,5.0,0.0,1.0,0.0,0.0,2.0,0.0,2.0,0.0,12.0,0.16666666666666666,0.0,0.4166666666666667,0.0,0.08333333333333333,0.0,0.0,0.16666666666666666,0.0,0.16666666666666666,0.0,2.117492461184755,0.6120925905218082
lettre,lemma,2.0,0.0,5.0,0.0,1.0,0.0,0.0,2.0,0.0,2.0,0.0,12.0,0.16666666666666666,0.0,0.4166666666666667,0.0,0.08333333333333333,0.0,0.0,0.16666666666666666,0.0,0.16666666666666666,0.0,2.117492461184755,0.6120925905218082
mètres,word,0.0,0.0,10.0,1.0,9.0,0.0,8.0,0.0,0.0,10.0,0.0,38.0,0.0,0.0,0.2631578947368421,0.02631578947368421,0.23684210526315788,0.0,0.21052631578947367,0.0,0.0,0.2631578947368421,0.0,2.1171936473717943,0.6120062139588632
mètre,lemma,0.0,0.0,10.0,1.0,9.0,0.0,8.0,0.0,0.0,10.0,0.0,38.0,0.0,0.0,0.2631578947368421,0.02631578947368421,0.23684210526315788,0.0,0.21052631578947367,0.0,0.0,0.2631578947368421,0.0,2.1171936473717943,0.6120062139588632
gros,lemma,25.0,18.0,3.0,3.0,2.0,2.0,0.0,0.0,2.0,1.0,0.0,56.0,0.44642857142857145,0.32142857142857145,0.05357142857142857,0.05357142857142857,0.03571428571428571,0.03571428571428571,0.0,0.0,0.03571428571428571,0.017857142857142856,0.0,2.116911533224449,0.611924664681859
parler,word,8.0,0.0,1.0,3.0,1.0,1.0,0.0,0.0,3.0,0.0,0.0,17.0,0.47058823529411764,0.0,0.058823529411764705,0.17647058823529413,0.058823529411764705,0.058823529411764705,0.0,0.0,0.17647058823529413,0.0,0.0,2.116299605701696,0.6117477779587753
fort,word,0.0,0.0,0.0,3.0,0.0,3.0,1.0,0.0,1.0,1.0,0.0,9.0,0.0,0.0,0.0,0.3333333333333333,0.0,0.3333333333333333,0.1111111111111111,0.0,0.1111111111111111,0.1111111111111111,0.0,2.113283334294875,0.610875879988435
:,punctuation,3.0,0.0,3.0,0.0,1.0,1.0,0.0,0.0,1.0,0.0,0.0,9.0,0.3333333333333333,0.0,0.3333333333333333,0.0,0.1111111111111111,0.1111111111111111,0.0,0.0,0.1111111111111111,0.0,0.0,2.113283334294875,0.610875879988435
billes,word,1.0,0.0,7.0,1.0,1.0,2.0,0.0,0.0,0.0,6.0,0.0,18.0,0.05555555555555555,0.0,0.3888888888888889,0.05555555555555555,0.05555555555555555,0.1111111111111111,0.0,0.0,0.0,0.3333333333333333,0.0,2.1054105870684143,0.6086001456787735
nombreux,lemma,17.0,0.0,2.0,9.0,1.0,2.0,2.0,0.0,0.0,2.0,0.0,35.0,0.4857142857142857,0.0,0.05714285714285714,0.2571428571428571,0.02857142857142857,0.05714285714285714,0.05714285714285714,0.0,0.0,0.05714285714285714,0.0,2.1002489222524927,0.607108089935248
frrrintek,word,0.0,0.0,6.0,5.0,3.0,2.0,0.0,1.0,0.0,0.0,0.0,17.0,0.0,0.0,0.35294117647058826,0.29411764705882354,0.17647058823529413,0.11764705882352941,0.0,0.058823529411764705,0.0,0.0,0.0,2.0948567835487384,0.6055494122973653
frrrintek,lemma,0.0,0.0,6.0,5.0,3.0,2.0,0.0,1.0,0.0,0.0,0.0,17.0,0.0,0.0,0.35294117647058826,0.29411764705882354,0.17647058823529413,0.11764705882352941,0.0,0.058823529411764705,0.0,0.0,0.0,2.0948567835487384,0.6055494122973653
aimer,lemma,7.0,2.0,2.0,0.0,0.0,6.0,0.0,0.0,2.0,0.0,0.0,19.0,0.3684210526315789,0.10526315789473684,0.10526315789473684,0.0,0.0,0.3157894736842105,0.0,0.0,0.10526315789473684,0.0,0.0,2.0815454366683137,0.6017015701233182
chasser,lemma,3.0,1.0,0.0,5.0,0.0,3.0,0.0,0.0,1.0,0.0,0.0,13.0,0.23076923076923078,0.07692307692307693,0.0,0.38461538461538464,0.0,0.23076923076923078,0.0,0.0,0.07692307692307693,0.0,0.0,2.075869296697727,0.6000607977085644
ami,lemma,3.0,0.0,4.0,0.0,0.0,5.0,1.0,0.0,1.0,0.0,0.0,14.0,0.21428571428571427,0.0,0.2857142857142857,0.0,0.0,0.35714285714285715,0.07142857142857142,0.0,0.07142857142857142,0.0,0.0,2.0670314951575843,0.5975061001413312
gens,word,10.0,1.0,0.0,5.0,0.0,7.0,0.0,0.0,1.0,1.0,0.0,25.0,0.4,0.04,0.0,0.2,0.0,0.28,0.0,0.0,0.04,0.04,0.0,2.064639954666178,0.5968147899045505
gens,lemma,10.0,1.0,0.0,5.0,0.0,7.0,0.0,0.0,1.0,1.0,0.0,25.0,0.4,0.04,0.0,0.2,0.0,0.28,0.0,0.0,0.04,0.04,0.0,2.064639954666178,0.5968147899045505
?,punctuation,44.0,2.0,3.0,19.0,40.0,6.0,1.0,0.0,0.0,1.0,0.0,116.0,0.3793103448275862,0.017241379310344827,0.02586206896551724,0.16379310344827586,0.3448275862068966,0.05172413793103448,0.008620689655172414,0.0,0.0,0.008620689655172414,0.0,2.0642965099771056,0.5967155121251541
croire,lemma,4.0,1.0,1.0,1.0,7.0,1.0,0.0,0.0,0.0,0.0,0.0,15.0,0.26666666666666666,0.06666666666666667,0.06666666666666667,0.06666666666666667,0.4666666666666667,0.06666666666666667,0.0,0.0,0.0,0.0,0.0,2.063458298648303,0.5964732147129761
important,lemma,1.0,0.0,1.0,4.0,0.0,0.0,1.0,0.0,0.0,2.0,0.0,9.0,0.1111111111111111,0.0,0.1111111111111111,0.4444444444444444,0.0,0.0,0.1111111111111111,0.0,0.0,0.2222222222222222,0.0,2.0588138903312014,0.5951306796294438
silence,lemma,1.0,0.0,0.0,1.0,2.0,4.0,0.0,0.0,1.0,0.0,0.0,9.0,0.1111111111111111,0.0,0.0,0.1111111111111111,0.2222222222222222,0.4444444444444444,0.0,0.0,0.1111111111111111,0.0,0.0,2.0588138903312014,0.5951306796294438
malade,lemma,1.0,0.0,1.0,4.0,1.0,2.0,0.0,0.0,0.0,0.0,0.0,9.0,0.1111111111111111,0.0,0.1111111111111111,0.4444444444444444,0.1111111111111111,0.2222222222222222,0.0,0.0,0.0,0.0,0.0,2.0588138903312014,0.5951306796294438
silence,word,1.0,0.0,0.0,1.0,2.0,4.0,0.0,0.0,1.0,0.0,0.0,9.0,0.1111111111111111,0.0,0.0,0.1111111111111111,0.2222222222222222,0.4444444444444444,0.0,0.0,0.1111111111111111,0.0,0.0,2.0588138903312014,0.5951306796294438
film,lemma,2.0,0.0,1.0,0.0,4.0,0.0,1.0,0.0,0.0,1.0,0.0,9.0,0.2222222222222222,0.0,0.1111111111111111,0.0,0.4444444444444444,0.0,0.1111111111111111,0.0,0.0,0.1111111111111111,0.0,2.058813890331201,0.5951306796294437
vivre,word,5.0,0.0,2.0,0.0,1.0,3.0,0.0,0.0,0.0,1.0,0.0,12.0,0.4166666666666667,0.0,0.16666666666666666,0.0,0.08333333333333333,0.25,0.0,0.0,0.0,0.08333333333333333,0.0,2.054585169337799,0.5939083051299391
recevoir,lemma,1.0,0.0,11.0,3.0,1.0,0.0,2.0,0.0,0.0,8.0,0.0,26.0,0.038461538461538464,0.0,0.4230769230769231,0.11538461538461539,0.038461538461538464,0.0,0.07692307692307693,0.0,0.0,0.3076923076923077,0.0,2.0539537447882563,0.5937257825021927
est-ce,word,1.0,0.0,1.0,3.0,4.0,0.0,1.0,0.0,0.0,0.0,0.0,10.0,0.1,0.0,0.1,0.3,0.4,0.0,0.1,0.0,0.0,0.0,0.0,2.046439344671015,0.5915536337374192
mauvaises,word,5.0,0.0,0.0,2.0,1.0,2.0,0.0,0.0,1.0,0.0,0.0,11.0,0.45454545454545453,0.0,0.0,0.18181818181818182,0.09090909090909091,0.18181818181818182,0.0,0.0,0.09090909090909091,0.0,0.0,2.0403733936884962,0.5898001806702046
travail,lemma,18.0,0.0,6.0,7.0,0.0,5.0,0.0,0.0,0.0,3.0,0.0,39.0,0.46153846153846156,0.0,0.15384615384615385,0.1794871794871795,0.0,0.1282051282051282,0.0,0.0,0.0,0.07692307692307693,0.0,2.0396474121624517,0.5895903249464686
bille,lemma,1.0,0.0,8.0,1.0,1.0,2.0,0.0,0.0,0.0,7.0,0.0,20.0,0.05,0.0,0.4,0.05,0.05,0.1,0.0,0.0,0.0,0.35,0.0,2.039353872167201,0.589505472858724
travail,word,17.0,0.0,6.0,7.0,0.0,4.0,0.0,0.0,0.0,3.0,0.0,37.0,0.4594594594594595,0.0,0.16216216216216217,0.1891891891891892,0.0,0.10810810810810811,0.0,0.0,0.0,0.08108108108108109,0.0,2.036398899084371,0.5886512940777617
porter,lemma,7.0,0.0,2.0,2.0,1.0,4.0,0.0,0.0,0.0,0.0,0.0,16.0,0.4375,0.0,0.125,0.125,0.0625,0.25,0.0,0.0,0.0,0.0,0.0,2.021782221599798,0.584426126739339
personnes,word,6.0,0.0,2.0,20.0,4.0,6.0,0.0,0.0,0.0,1.0,0.0,39.0,0.15384615384615385,0.0,0.05128205128205128,0.5128205128205128,0.10256410256410256,0.15384615384615385,0.0,0.0,0.0,0.02564102564102564,0.0,2.017245503313502,0.5831147210558577
juste,word,16.0,1.0,3.0,2.0,1.0,12.0,1.0,0.0,0.0,0.0,0.0,36.0,0.4444444444444444,0.027777777777777776,0.08333333333333333,0.05555555555555555,0.027777777777777776,0.3333333333333333,0.027777777777777776,0.0,0.0,0.0,0.0,2.009523959475164,0.5808826943273225
ville,lemma,8.0,0.0,0.0,10.0,3.0,1.0,1.0,0.0,1.0,0.0,0.0,24.0,0.3333333333333333,0.0,0.0,0.4166666666666667,0.125,0.041666666666666664,0.041666666666666664,0.0,0.041666666666666664,0.0,0.0,2.002705481927944,0.578911712299383
envie,word,1.0,0.0,1.0,0.0,0.0,1.0,1.0,0.0,0.0,0.0,0.0,4.0,0.25,0.0,0.25,0.0,0.0,0.25,0.25,0.0,0.0,0.0,0.0,2.0,0.5781296526357758
connues,word,0.0,0.0,1.0,0.0,1.0,0.0,1.0,0.0,0.0,1.0,0.0,4.0,0.0,0.0,0.25,0.0,0.25,0.0,0.25,0.0,0.0,0.25,0.0,2.0,0.5781296526357758
rôle,word,1.0,0.0,0.0,0.0,1.0,1.0,1.0,0.0,0.0,0.0,0.0,4.0,0.25,0.0,0.0,0.0,0.25,0.25,0.25,0.0,0.0,0.0,0.0,2.0,0.5781296526357758
rôle,lemma,1.0,0.0,0.0,0.0,1.0,1.0,1.0,0.0,0.0,0.0,0.0,4.0,0.25,0.0,0.0,0.0,0.25,0.25,0.25,0.0,0.0,0.0,0.0,2.0,0.5781296526357758
épreuve,word,0.0,0.0,1.0,0.0,1.0,0.0,1.0,0.0,0.0,1.0,0.0,4.0,0.0,0.0,0.25,0.0,0.25,0.0,0.25,0.0,0.0,0.25,0.0,2.0,0.5781296526357758
affronter,word,1.0,0.0,0.0,1.0,0.0,1.0,0.0,0.0,0.0,1.0,0.0,4.0,0.25,0.0,0.0,0.25,0.0,0.25,0.0,0.0,0.0,0.25,0.0,2.0,0.5781296526357758
carrémer,lemma,1.0,0.0,1.0,0.0,0.0,1.0,0.0,0.0,0.0,1.0,0.0,4.0,0.25,0.0,0.25,0.0,0.0,0.25,0.0,0.0,0.0,0.25,0.0,2.0,0.5781296526357758
carrément,word,1.0,0.0,1.0,0.0,0.0,1.0,0.0,0.0,0.0,1.0,0.0,4.0,0.25,0.0,0.25,0.0,0.0,0.25,0.0,0.0,0.0,0.25,0.0,2.0,0.5781296526357758
connu,lemma,0.0,0.0,1.0,0.0,1.0,0.0,1.0,0.0,0.0,1.0,0.0,4.0,0.0,0.0,0.25,0.0,0.25,0.0,0.25,0.0,0.0,0.25,0.0,2.0,0.5781296526357758
blanc,lemma,4.0,0.0,1.0,1.0,0.0,0.0,1.0,0.0,0.0,1.0,0.0,8.0,0.5,0.0,0.125,0.125,0.0,0.0,0.125,0.0,0.0,0.125,0.0,2.0,0.5781296526357758
papier,lemma,0.0,0.0,1.0,1.0,0.0,1.0,0.0,0.0,1.0,0.0,0.0,4.0,0.0,0.0,0.25,0.25,0.0,0.25,0.0,0.0,0.25,0.0,0.0,2.0,0.5781296526357758
machine,word,0.0,0.0,0.0,1.0,0.0,0.0,1.0,0.0,1.0,1.0,0.0,4.0,0.0,0.0,0.0,0.25,0.0,0.0,0.25,0.0,0.25,0.25,0.0,2.0,0.5781296526357758
e,lemma,1.0,0.0,1.0,0.0,0.0,1.0,0.0,0.0,0.0,1.0,0.0,4.0,0.25,0.0,0.25,0.0,0.0,0.25,0.0,0.0,0.0,0.25,0.0,2.0,0.5781296526357758
atteindre,lemma,0.0,0.0,1.0,0.0,0.0,1.0,0.0,0.0,0.0,1.0,1.0,4.0,0.0,0.0,0.25,0.0,0.0,0.25,0.0,0.0,0.0,0.25,0.25,2.0,0.5781296526357758
terrain,lemma,0.0,0.0,1.0,0.0,1.0,1.0,1.0,0.0,0.0,0.0,0.0,4.0,0.0,0.0,0.25,0.0,0.25,0.25,0.25,0.0,0.0,0.0,0.0,2.0,0.5781296526357758
terrain,word,0.0,0.0,1.0,0.0,1.0,1.0,1.0,0.0,0.0,0.0,0.0,4.0,0.0,0.0,0.25,0.0,0.25,0.25,0.25,0.0,0.0,0.0,0.0,2.0,0.5781296526357758
suivie,word,0.0,0.0,1.0,0.0,1.0,0.0,1.0,0.0,0.0,1.0,0.0,4.0,0.0,0.0,0.25,0.0,0.25,0.0,0.25,0.0,0.0,0.25,0.0,2.0,0.5781296526357758
inventer,lemma,1.0,0.0,1.0,0.0,1.0,0.0,0.0,0.0,0.0,1.0,0.0,4.0,0.25,0.0,0.25,0.0,0.25,0.0,0.0,0.0,0.0,0.25,0.0,2.0,0.5781296526357758
conduite,word,0.0,0.0,1.0,0.0,1.0,0.0,0.0,1.0,1.0,0.0,0.0,4.0,0.0,0.0,0.25,0.0,0.25,0.0,0.0,0.25,0.25,0.0,0.0,2.0,0.5781296526357758
pa,word,1.0,1.0,0.0,0.0,1.0,0.0,0.0,0.0,1.0,0.0,0.0,4.0,0.25,0.25,0.0,0.0,0.25,0.0,0.0,0.0,0.25,0.0,0.0,2.0,0.5781296526357758
conduite,lemma,0.0,0.0,1.0,0.0,1.0,0.0,0.0,1.0,1.0,0.0,0.0,4.0,0.0,0.0,0.25,0.0,0.25,0.0,0.0,0.25,0.25,0.0,0.0,2.0,0.5781296526357758
suivie,lemma,0.0,0.0,1.0,0.0,1.0,0.0,1.0,0.0,0.0,1.0,0.0,4.0,0.0,0.0,0.25,0.0,0.25,0.0,0.25,0.0,0.0,0.25,0.0,2.0,0.5781296526357758
papier,word,0.0,0.0,1.0,1.0,0.0,1.0,0.0,0.0,1.0,0.0,0.0,4.0,0.0,0.0,0.25,0.25,0.0,0.25,0.0,0.0,0.25,0.0,0.0,2.0,0.5781296526357758
copine,lemma,1.0,0.0,1.0,0.0,0.0,1.0,0.0,0.0,0.0,1.0,0.0,4.0,0.25,0.0,0.25,0.0,0.0,0.25,0.0,0.0,0.0,0.25,0.0,2.0,0.5781296526357758
auxquelles,word,0.0,0.0,1.0,0.0,1.0,0.0,1.0,0.0,0.0,1.0,0.0,4.0,0.0,0.0,0.25,0.0,0.25,0.0,0.25,0.0,0.0,0.25,0.0,2.0,0.5781296526357758
mondiale,word,0.0,0.0,1.0,0.0,0.0,1.0,1.0,0.0,0.0,1.0,0.0,4.0,0.0,0.0,0.25,0.0,0.0,0.25,0.25,0.0,0.0,0.25,0.0,2.0,0.5781296526357758
longueur,lemma,0.0,0.0,1.0,0.0,1.0,0.0,1.0,0.0,0.0,1.0,0.0,4.0,0.0,0.0,0.25,0.0,0.25,0.0,0.25,0.0,0.0,0.25,0.0,2.0,0.5781296526357758
nu,lemma,0.0,0.0,1.0,0.0,1.0,0.0,1.0,0.0,0.0,1.0,0.0,4.0,0.0,0.0,0.25,0.0,0.25,0.0,0.25,0.0,0.0,0.25,0.0,2.0,0.5781296526357758
vitesse,lemma,0.0,0.0,1.0,0.0,0.0,1.0,1.0,0.0,0.0,1.0,0.0,4.0,0.0,0.0,0.25,0.0,0.0,0.25,0.25,0.0,0.0,0.25,0.0,2.0,0.5781296526357758
oublier,word,1.0,1.0,1.0,0.0,0.0,1.0,0.0,0.0,0.0,0.0,0.0,4.0,0.25,0.25,0.25,0.0,0.0,0.25,0.0,0.0,0.0,0.0,0.0,2.0,0.5781296526357758
nus,word,0.0,0.0,1.0,0.0,1.0,0.0,1.0,0.0,0.0,1.0,0.0,4.0,0.0,0.0,0.25,0.0,0.25,0.0,0.25,0.0,0.0,0.25,0.0,2.0,0.5781296526357758
sentir,word,0.0,0.0,1.0,1.0,0.0,1.0,0.0,0.0,1.0,0.0,0.0,4.0,0.0,0.0,0.25,0.25,0.0,0.25,0.0,0.0,0.25,0.0,0.0,2.0,0.5781296526357758
châtelet,lemma,0.0,0.0,1.0,1.0,1.0,1.0,0.0,0.0,0.0,0.0,0.0,4.0,0.0,0.0,0.25,0.25,0.25,0.25,0.0,0.0,0.0,0.0,0.0,2.0,0.5781296526357758
châtelet,word,0.0,0.0,1.0,1.0,1.0,1.0,0.0,0.0,0.0,0.0,0.0,4.0,0.0,0.0,0.25,0.25,0.25,0.25,0.0,0.0,0.0,0.0,0.0,2.0,0.5781296526357758
participe,word,0.0,0.0,1.0,0.0,1.0,0.0,1.0,0.0,0.0,1.0,0.0,4.0,0.0,0.0,0.25,0.0,0.25,0.0,0.25,0.0,0.0,0.25,0.0,2.0,0.5781296526357758
vitesse,word,0.0,0.0,1.0,0.0,0.0,1.0,1.0,0.0,0.0,1.0,0.0,4.0,0.0,0.0,0.25,0.0,0.0,0.25,0.25,0.0,0.0,0.25,0.0,2.0,0.5781296526357758
aimerais,word,1.0,0.0,1.0,0.0,0.0,1.0,0.0,0.0,0.0,1.0,0.0,4.0,0.25,0.0,0.25,0.0,0.0,0.25,0.0,0.0,0.0,0.25,0.0,2.0,0.5781296526357758
rat,lemma,1.0,0.0,0.0,1.0,0.0,1.0,0.0,0.0,1.0,0.0,0.0,4.0,0.25,0.0,0.0,0.25,0.0,0.25,0.0,0.0,0.25,0.0,0.0,2.0,0.5781296526357758
devenu,word,0.0,0.0,1.0,0.0,1.0,1.0,0.0,0.0,1.0,0.0,0.0,4.0,0.0,0.0,0.25,0.0,0.25,0.25,0.0,0.0,0.25,0.0,0.0,2.0,0.5781296526357758
vache,word,0.0,1.0,1.0,0.0,0.0,0.0,1.0,0.0,0.0,1.0,0.0,4.0,0.0,0.25,0.25,0.0,0.0,0.0,0.25,0.0,0.0,0.25,0.0,2.0,0.5781296526357758
participe,lemma,0.0,0.0,1.0,0.0,1.0,0.0,1.0,0.0,0.0,1.0,0.0,4.0,0.0,0.0,0.25,0.0,0.25,0.0,0.25,0.0,0.0,0.25,0.0,2.0,0.5781296526357758
mains,word,1.0,0.0,1.0,1.0,0.0,0.0,0.0,0.0,0.0,1.0,0.0,4.0,0.25,0.0,0.25,0.25,0.0,0.0,0.0,0.0,0.0,0.25,0.0,2.0,0.5781296526357758
lors,lemma,1.0,0.0,1.0,1.0,0.0,1.0,0.0,0.0,0.0,0.0,0.0,4.0,0.25,0.0,0.25,0.25,0.0,0.25,0.0,0.0,0.0,0.0,0.0,2.0,0.5781296526357758
longue,word,1.0,1.0,0.0,0.0,1.0,0.0,1.0,0.0,0.0,0.0,0.0,4.0,0.25,0.25,0.0,0.0,0.25,0.0,0.25,0.0,0.0,0.0,0.0,2.0,0.5781296526357758
impression,lemma,0.0,0.0,1.0,0.0,0.0,1.0,0.0,0.0,1.0,1.0,0.0,4.0,0.0,0.0,0.25,0.0,0.0,0.25,0.0,0.0,0.25,0.25,0.0,2.0,0.5781296526357758
mordre,lemma,1.0,0.0,0.0,1.0,0.0,1.0,0.0,1.0,0.0,0.0,0.0,4.0,0.25,0.0,0.0,0.25,0.0,0.25,0.0,0.25,0.0,0.0,0.0,2.0,0.5781296526357758
sai,lemma,1.0,1.0,1.0,0.0,0.0,0.0,0.0,0.0,0.0,1.0,0.0,4.0,0.25,0.25,0.25,0.0,0.0,0.0,0.0,0.0,0.0,0.25,0.0,2.0,0.5781296526357758
sait,word,0.0,0.0,1.0,1.0,0.0,1.0,0.0,0.0,1.0,0.0,0.0,4.0,0.0,0.0,0.25,0.25,0.0,0.25,0.0,0.0,0.25,0.0,0.0,2.0,0.5781296526357758
c'était,word,0.0,0.0,1.0,1.0,1.0,1.0,0.0,0.0,0.0,0.0,0.0,4.0,0.0,0.0,0.25,0.25,0.25,0.25,0.0,0.0,0.0,0.0,0.0,2.0,0.5781296526357758
auxquelles,lemma,0.0,0.0,1.0,0.0,1.0,0.0,1.0,0.0,0.0,1.0,0.0,4.0,0.0,0.0,0.25,0.0,0.25,0.0,0.25,0.0,0.0,0.25,0.0,2.0,0.5781296526357758
saut,word,0.0,0.0,1.0,0.0,1.0,0.0,1.0,0.0,0.0,1.0,0.0,4.0,0.0,0.0,0.25,0.0,0.25,0.0,0.25,0.0,0.0,0.25,0.0,2.0,0.5781296526357758
longueur,word,0.0,0.0,1.0,0.0,1.0,0.0,1.0,0.0,0.0,1.0,0.0,4.0,0.0,0.0,0.25,0.0,0.25,0.0,0.25,0.0,0.0,0.25,0.0,2.0,0.5781296526357758
lors,word,1.0,0.0,1.0,1.0,0.0,1.0,0.0,0.0,0.0,0.0,0.0,4.0,0.25,0.0,0.25,0.25,0.0,0.25,0.0,0.0,0.0,0.0,0.0,2.0,0.5781296526357758
entier,lemma,1.0,0.0,1.0,1.0,0.0,0.0,0.0,0.0,0.0,1.0,0.0,4.0,0.25,0.0,0.25,0.25,0.0,0.0,0.0,0.0,0.0,0.25,0.0,2.0,0.5781296526357758
saut,lemma,0.0,0.0,1.0,0.0,1.0,0.0,1.0,0.0,0.0,1.0,0.0,4.0,0.0,0.0,0.25,0.0,0.25,0.0,0.25,0.0,0.0,0.25,0.0,2.0,0.5781296526357758
mauvais,lemma,12.0,0.0,0.0,7.0,3.0,6.0,0.0,0.0,1.0,0.0,0.0,29.0,0.41379310344827586,0.0,0.0,0.2413793103448276,0.10344827586206896,0.20689655172413793,0.0,0.0,0.034482758620689655,0.0,0.0,1.998129375488003,0.5775889208861092
nouvelle,word,2.0,0.0,6.0,0.0,1.0,3.0,1.0,0.0,0.0,0.0,0.0,13.0,0.15384615384615385,0.0,0.46153846153846156,0.0,0.07692307692307693,0.23076923076923078,0.07692307692307693,0.0,0.0,0.0,0.0,1.9877733714879842,0.5745953643884966
ville,word,3.0,0.0,0.0,6.0,2.0,0.0,1.0,0.0,1.0,0.0,0.0,13.0,0.23076923076923078,0.0,0.0,0.46153846153846156,0.15384615384615385,0.0,0.07692307692307693,0.0,0.07692307692307693,0.0,0.0,1.9877733714879842,0.5745953643884966
juste,lemma,17.0,1.0,3.0,2.0,1.0,12.0,1.0,0.0,0.0,0.0,0.0,37.0,0.4594594594594595,0.02702702702702703,0.08108108108108109,0.05405405405405406,0.02702702702702703,0.32432432432432434,0.02702702702702703,0.0,0.0,0.0,0.0,1.9861748301675144,0.5741332823193329
grave,lemma,10.0,1.0,1.0,20.0,1.0,14.0,1.0,0.0,0.0,0.0,0.0,48.0,0.20833333333333334,0.020833333333333332,0.020833333333333332,0.4166666666666667,0.020833333333333332,0.2916666666666667,0.020833333333333332,0.0,0.0,0.0,0.0,1.98161225581642,0.5728144025569714
qu'est-ce,word,2.0,0.0,0.0,3.0,3.0,3.0,0.0,0.0,0.0,0.0,0.0,11.0,0.18181818181818182,0.0,0.0,0.2727272727272727,0.2727272727272727,0.2727272727272727,0.0,0.0,0.0,0.0,0.0,1.9808259362290785,0.5725871052220262
bon,lemma,8.0,0.0,29.0,2.0,2.0,5.0,0.0,0.0,1.0,4.0,0.0,51.0,0.1568627450980392,0.0,0.5686274509803921,0.0392156862745098,0.0392156862745098,0.09803921568627451,0.0,0.0,0.0196078431372549,0.0784313725490196,0.0,1.9765216295570562,0.5713428815614592
épreuve,lemma,0.0,0.0,3.0,0.0,2.0,0.0,2.0,0.0,0.0,3.0,0.0,10.0,0.0,0.0,0.3,0.0,0.2,0.0,0.2,0.0,0.0,0.3,0.0,1.9709505944546688,0.5697324912671766
mis,word,6.0,0.0,1.0,2.0,0.0,5.0,0.0,0.0,1.0,0.0,0.0,15.0,0.4,0.0,0.06666666666666667,0.13333333333333333,0.0,0.3333333333333333,0.0,0.0,0.06666666666666667,0.0,0.0,1.9655962303576018,0.5681847329394153
mot,lemma,0.0,0.0,5.0,0.0,1.0,2.0,1.0,0.0,0.0,1.0,0.0,10.0,0.0,0.0,0.5,0.0,0.1,0.2,0.1,0.0,0.0,0.1,0.0,1.9609640474436814,0.5668457317899301
réaliser,lemma,1.0,0.0,5.0,0.0,2.0,0.0,1.0,0.0,0.0,1.0,0.0,10.0,0.1,0.0,0.5,0.0,0.2,0.0,0.1,0.0,0.0,0.1,0.0,1.9609640474436814,0.5668457317899301
grave,word,4.0,1.0,1.0,17.0,1.0,11.0,1.0,0.0,0.0,0.0,0.0,36.0,0.1111111111111111,0.027777777777777776,0.027777777777777776,0.4722222222222222,0.027777777777777776,0.3055555555555556,0.027777777777777776,0.0,0.0,0.0,0.0,1.9604634429349224,0.5667010246345517
finir,lemma,3.0,0.0,4.0,3.0,0.0,2.0,0.0,0.0,0.0,0.0,0.0,12.0,0.25,0.0,0.3333333333333333,0.25,0.0,0.16666666666666666,0.0,0.0,0.0,0.0,0.0,1.9591479170272448,0.5663207523665322
performance,word,0.0,0.0,3.0,0.0,2.0,0.0,3.0,0.0,0.0,4.0,0.0,12.0,0.0,0.0,0.25,0.0,0.16666666666666666,0.0,0.25,0.0,0.0,0.3333333333333333,0.0,1.9591479170272446,0.5663207523665322
performance,lemma,0.0,0.0,3.0,0.0,2.0,0.0,3.0,0.0,0.0,4.0,0.0,12.0,0.0,0.0,0.25,0.0,0.16666666666666666,0.0,0.25,0.0,0.0,0.3333333333333333,0.0,1.9591479170272446,0.5663207523665322
victime,lemma,12.0,0.0,0.0,18.0,1.0,30.0,1.0,0.0,6.0,0.0,0.0,68.0,0.17647058823529413,0.0,0.0,0.2647058823529412,0.014705882352941176,0.4411764705882353,0.014705882352941176,0.0,0.08823529411764706,0.0,0.0,1.9581291220268393,0.5660262545666865
deuxième,word,0.0,0.0,2.0,2.0,1.0,0.0,0.0,0.0,0.0,2.0,0.0,7.0,0.0,0.0,0.2857142857142857,0.2857142857142857,0.14285714285714285,0.0,0.0,0.0,0.0,0.2857142857142857,0.0,1.9502120649147465,0.5637377118276307
demande,lemma,2.0,0.0,1.0,2.0,0.0,2.0,0.0,0.0,0.0,0.0,0.0,7.0,0.2857142857142857,0.0,0.14285714285714285,0.2857142857142857,0.0,0.2857142857142857,0.0,0.0,0.0,0.0,0.0,1.9502120649147465,0.5637377118276307
espèce,lemma,2.0,0.0,0.0,2.0,1.0,2.0,0.0,0.0,0.0,0.0,0.0,7.0,0.2857142857142857,0.0,0.0,0.2857142857142857,0.14285714285714285,0.2857142857142857,0.0,0.0,0.0,0.0,0.0,1.9502120649147465,0.5637377118276307
demande,word,2.0,0.0,1.0,2.0,0.0,2.0,0.0,0.0,0.0,0.0,0.0,7.0,0.2857142857142857,0.0,0.14285714285714285,0.2857142857142857,0.0,0.2857142857142857,0.0,0.0,0.0,0.0,0.0,1.9502120649147465,0.5637377118276307
deuxième,lemma,0.0,0.0,2.0,2.0,1.0,0.0,0.0,0.0,0.0,2.0,0.0,7.0,0.0,0.0,0.2857142857142857,0.2857142857142857,0.14285714285714285,0.0,0.0,0.0,0.0,0.2857142857142857,0.0,1.9502120649147465,0.5637377118276307
prix,word,16.0,0.0,11.0,1.0,1.0,0.0,1.0,0.0,0.0,10.0,0.0,40.0,0.4,0.0,0.275,0.025,0.025,0.0,0.025,0.0,0.0,0.25,0.0,1.9401023760402647,0.5608153563690007
prix,lemma,16.0,0.0,11.0,1.0,1.0,0.0,1.0,0.0,0.0,10.0,0.0,40.0,0.4,0.0,0.275,0.025,0.025,0.0,0.025,0.0,0.0,0.25,0.0,1.9401023760402647,0.5608153563690007
école,word,0.0,0.0,2.0,7.0,1.0,8.0,0.0,0.0,0.0,2.0,0.0,20.0,0.0,0.0,0.1,0.35,0.05,0.4,0.0,0.0,0.0,0.1,0.0,1.939353872167201,0.5605989902269353
paix,word,2.0,0.0,6.0,1.0,0.0,1.0,0.0,0.0,0.0,6.0,0.0,16.0,0.125,0.0,0.375,0.0625,0.0,0.0625,0.0,0.0,0.0,0.375,0.0,1.936278124459133,0.5597098997499049
paix,lemma,2.0,0.0,6.0,1.0,0.0,1.0,0.0,0.0,0.0,6.0,0.0,16.0,0.125,0.0,0.375,0.0625,0.0,0.0625,0.0,0.0,0.0,0.375,0.0,1.936278124459133,0.5597098997499049
mauvaise,word,2.0,0.0,0.0,4.0,2.0,3.0,0.0,0.0,0.0,0.0,0.0,11.0,0.18181818181818182,0.0,0.0,0.36363636363636365,0.18181818181818182,0.2727272727272727,0.0,0.0,0.0,0.0,0.0,1.9362600275315274,0.5597046685646697
remporté,word,0.0,0.0,11.0,0.0,2.0,2.0,2.0,0.0,0.0,7.0,0.0,24.0,0.0,0.0,0.4583333333333333,0.0,0.08333333333333333,0.08333333333333333,0.08333333333333333,0.0,0.0,0.2916666666666667,0.0,1.9305778232455937,0.5580621431696535
exploits,word,0.0,0.0,1.0,0.0,1.0,0.0,2.0,0.0,0.0,1.0,0.0,5.0,0.0,0.0,0.2,0.0,0.2,0.0,0.4,0.0,0.0,0.2,0.0,1.9219280948873623,0.5555618109440844
l'air,word,1.0,0.0,1.0,1.0,2.0,0.0,0.0,0.0,0.0,0.0,0.0,5.0,0.2,0.0,0.2,0.2,0.4,0.0,0.0,0.0,0.0,0.0,0.0,1.9219280948873623,0.5555618109440844
élu,word,1.0,0.0,0.0,1.0,2.0,0.0,1.0,0.0,0.0,0.0,0.0,5.0,0.2,0.0,0.0,0.2,0.4,0.0,0.2,0.0,0.0,0.0,0.0,1.9219280948873623,0.5555618109440844
électricité,word,0.0,0.0,1.0,2.0,0.0,1.0,1.0,0.0,0.0,0.0,0.0,5.0,0.0,0.0,0.2,0.4,0.0,0.2,0.2,0.0,0.0,0.0,0.0,1.9219280948873623,0.5555618109440844
exprimer,lemma,2.0,0.0,1.0,0.0,0.0,1.0,0.0,0.0,0.0,1.0,0.0,5.0,0.4,0.0,0.2,0.0,0.0,0.2,0.0,0.0,0.0,0.2,0.0,1.9219280948873623,0.5555618109440844
milieu,word,0.0,0.0,1.0,2.0,1.0,1.0,0.0,0.0,0.0,0.0,0.0,5.0,0.0,0.0,0.2,0.4,0.2,0.2,0.0,0.0,0.0,0.0,0.0,1.9219280948873623,0.5555618109440844
œil,word,2.0,1.0,1.0,0.0,0.0,0.0,0.0,0.0,0.0,1.0,0.0,5.0,0.4,0.2,0.2,0.0,0.0,0.0,0.0,0.0,0.0,0.2,0.0,1.9219280948873623,0.5555618109440844
aimer,word,2.0,1.0,0.0,0.0,0.0,1.0,0.0,0.0,1.0,0.0,0.0,5.0,0.4,0.2,0.0,0.0,0.0,0.2,0.0,0.0,0.2,0.0,0.0,1.9219280948873623,0.5555618109440844
ailleurs,word,2.0,1.0,0.0,1.0,1.0,0.0,0.0,0.0,0.0,0.0,0.0,5.0,0.4,0.2,0.0,0.2,0.2,0.0,0.0,0.0,0.0,0.0,0.0,1.9219280948873623,0.5555618109440844
électricité,lemma,0.0,0.0,1.0,2.0,0.0,1.0,1.0,0.0,0.0,0.0,0.0,5.0,0.0,0.0,0.2,0.4,0.0,0.2,0.2,0.0,0.0,0.0,0.0,1.9219280948873623,0.5555618109440844
d'être,word,2.0,1.0,0.0,0.0,0.0,1.0,0.0,0.0,1.0,0.0,0.0,5.0,0.4,0.2,0.0,0.0,0.0,0.2,0.0,0.0,0.2,0.0,0.0,1.9219280948873623,0.5555618109440844
polluer,lemma,2.0,1.0,0.0,1.0,0.0,1.0,0.0,0.0,0.0,0.0,0.0,5.0,0.4,0.2,0.0,0.2,0.0,0.2,0.0,0.0,0.0,0.0,0.0,1.9219280948873623,0.5555618109440844
empêcher,lemma,2.0,0.0,2.0,4.0,0.0,2.0,0.0,0.0,0.0,0.0,0.0,10.0,0.2,0.0,0.2,0.4,0.0,0.2,0.0,0.0,0.0,0.0,0.0,1.9219280948873623,0.5555618109440844
travers,word,1.0,0.0,2.0,0.0,1.0,0.0,0.0,0.0,0.0,1.0,0.0,5.0,0.2,0.0,0.4,0.0,0.2,0.0,0.0,0.0,0.0,0.2,0.0,1.9219280948873623,0.5555618109440844
cinq,lemma,0.0,0.0,1.0,1.0,0.0,1.0,0.0,0.0,0.0,2.0,0.0,5.0,0.0,0.0,0.2,0.2,0.0,0.2,0.0,0.0,0.0,0.4,0.0,1.9219280948873623,0.5555618109440844
national,word,1.0,0.0,1.0,0.0,0.0,1.0,0.0,0.0,0.0,2.0,0.0,5.0,0.2,0.0,0.2,0.0,0.0,0.2,0.0,0.0,0.0,0.4,0.0,1.9219280948873623,0.5555618109440844
milieu,lemma,0.0,0.0,1.0,2.0,1.0,1.0,0.0,0.0,0.0,0.0,0.0,5.0,0.0,0.0,0.2,0.4,0.2,0.2,0.0,0.0,0.0,0.0,0.0,1.9219280948873623,0.5555618109440844
machine,lemma,0.0,0.0,0.0,1.0,0.0,0.0,1.0,0.0,1.0,2.0,0.0,5.0,0.0,0.0,0.0,0.2,0.0,0.0,0.2,0.0,0.2,0.4,0.0,1.9219280948873623,0.5555618109440844
mauver,lemma,2.0,0.0,0.0,1.0,0.0,1.0,0.0,0.0,1.0,0.0,0.0,5.0,0.4,0.0,0.0,0.2,0.0,0.2,0.0,0.0,0.2,0.0,0.0,1.9219280948873623,0.5555618109440844
moutons,word,1.0,1.0,0.0,0.0,1.0,2.0,0.0,0.0,0.0,0.0,0.0,5.0,0.2,0.2,0.0,0.0,0.2,0.4,0.0,0.0,0.0,0.0,0.0,1.9219280948873623,0.5555618109440844
tour,lemma,1.0,0.0,0.0,2.0,1.0,0.0,0.0,0.0,1.0,0.0,0.0,5.0,0.2,0.0,0.0,0.4,0.2,0.0,0.0,0.0,0.2,0.0,0.0,1.9219280948873623,0.5555618109440844
montrer,word,1.0,0.0,1.0,0.0,0.0,0.0,0.0,0.0,1.0,2.0,0.0,5.0,0.2,0.0,0.2,0.0,0.0,0.0,0.0,0.0,0.2,0.4,0.0,1.9219280948873623,0.5555618109440844
impressionner,word,0.0,0.0,1.0,0.0,1.0,0.0,1.0,0.0,0.0,2.0,0.0,5.0,0.0,0.0,0.2,0.0,0.2,0.0,0.2,0.0,0.0,0.4,0.0,1.9219280948873623,0.5555618109440844
installer,word,1.0,0.0,1.0,2.0,0.0,0.0,0.0,0.0,0.0,1.0,0.0,5.0,0.2,0.0,0.2,0.4,0.0,0.0,0.0,0.0,0.0,0.2,0.0,1.9219280948873623,0.5555618109440844
pardon,word,0.0,0.0,1.0,0.0,0.0,2.0,0.0,1.0,1.0,0.0,0.0,5.0,0.0,0.0,0.2,0.0,0.0,0.4,0.0,0.2,0.2,0.0,0.0,1.9219280948873623,0.5555618109440844
sujet,word,1.0,0.0,0.0,1.0,0.0,1.0,0.0,0.0,2.0,0.0,0.0,5.0,0.2,0.0,0.0,0.2,0.0,0.2,0.0,0.0,0.4,0.0,0.0,1.9219280948873623,0.5555618109440844
quel,word,1.0,0.0,2.0,0.0,1.0,1.0,0.0,0.0,0.0,0.0,0.0,5.0,0.2,0.0,0.4,0.0,0.2,0.2,0.0,0.0,0.0,0.0,0.0,1.9219280948873623,0.5555618109440844
public,lemma,1.0,0.0,0.0,2.0,0.0,1.0,0.0,0.0,1.0,0.0,0.0,5.0,0.2,0.0,0.0,0.4,0.0,0.2,0.0,0.0,0.2,0.0,0.0,1.9219280948873623,0.5555618109440844
petits,word,0.0,0.0,2.0,1.0,1.0,1.0,0.0,0.0,0.0,0.0,0.0,5.0,0.0,0.0,0.4,0.2,0.2,0.2,0.0,0.0,0.0,0.0,0.0,1.9219280948873623,0.5555618109440844
pardon,lemma,0.0,0.0,1.0,0.0,0.0,2.0,0.0,1.0,1.0,0.0,0.0,5.0,0.0,0.0,0.2,0.0,0.0,0.4,0.0,0.2,0.2,0.0,0.0,1.9219280948873623,0.5555618109440844
sujet,lemma,1.0,0.0,0.0,1.0,0.0,1.0,0.0,0.0,2.0,0.0,0.0,5.0,0.2,0.0,0.0,0.2,0.0,0.2,0.0,0.0,0.4,0.0,0.0,1.9219280948873623,0.5555618109440844
jeu,lemma,2.0,0.0,4.0,0.0,0.0,0.0,2.0,0.0,0.0,2.0,0.0,10.0,0.2,0.0,0.4,0.0,0.0,0.0,0.2,0.0,0.0,0.2,0.0,1.9219280948873623,0.5555618109440844
bataille,lemma,2.0,0.0,1.0,1.0,0.0,0.0,0.0,0.0,0.0,1.0,0.0,5.0,0.4,0.0,0.2,0.2,0.0,0.0,0.0,0.0,0.0,0.2,0.0,1.9219280948873623,0.5555618109440844
jolie,lemma,1.0,0.0,2.0,0.0,1.0,0.0,0.0,0.0,0.0,1.0,0.0,5.0,0.2,0.0,0.4,0.0,0.2,0.0,0.0,0.0,0.0,0.2,0.0,1.9219280948873623,0.5555618109440844
bataille,word,2.0,0.0,1.0,1.0,0.0,0.0,0.0,0.0,0.0,1.0,0.0,5.0,0.4,0.0,0.2,0.2,0.0,0.0,0.0,0.0,0.0,0.2,0.0,1.9219280948873623,0.5555618109440844
facilement,lemma,0.0,0.0,1.0,1.0,0.0,2.0,0.0,0.0,1.0,0.0,0.0,5.0,0.0,0.0,0.2,0.2,0.0,0.4,0.0,0.0,0.2,0.0,0.0,1.9219280948873623,0.5555618109440844
montre,word,1.0,2.0,0.0,1.0,0.0,1.0,0.0,0.0,0.0,0.0,0.0,5.0,0.2,0.4,0.0,0.2,0.0,0.2,0.0,0.0,0.0,0.0,0.0,1.9219280948873623,0.5555618109440844
facilement,word,0.0,0.0,1.0,1.0,0.0,2.0,0.0,0.0,1.0,0.0,0.0,5.0,0.0,0.0,0.2,0.2,0.0,0.4,0.0,0.0,0.2,0.0,0.0,1.9219280948873623,0.5555618109440844
sacré,word,0.0,0.0,1.0,0.0,1.0,0.0,2.0,0.0,0.0,1.0,0.0,5.0,0.0,0.0,0.2,0.0,0.2,0.0,0.4,0.0,0.0,0.2,0.0,1.9219280948873623,0.5555618109440844
frère,lemma,2.0,0.0,2.0,2.0,0.0,4.0,0.0,0.0,0.0,0.0,0.0,10.0,0.2,0.0,0.2,0.2,0.0,0.4,0.0,0.0,0.0,0.0,0.0,1.9219280948873623,0.5555618109440844
œil,lemma,2.0,1.0,1.0,0.0,0.0,0.0,0.0,0.0,0.0,1.0,0.0,5.0,0.4,0.2,0.2,0.0,0.0,0.0,0.0,0.0,0.0,0.2,0.0,1.9219280948873623,0.5555618109440844
classe,word,1.0,0.0,2.0,1.0,0.0,1.0,0.0,0.0,0.0,0.0,0.0,5.0,0.2,0.0,0.4,0.2,0.0,0.2,0.0,0.0,0.0,0.0,0.0,1.9219280948873623,0.5555618109440844
frère,word,2.0,0.0,2.0,2.0,0.0,4.0,0.0,0.0,0.0,0.0,0.0,10.0,0.2,0.0,0.2,0.2,0.0,0.4,0.0,0.0,0.0,0.0,0.0,1.9219280948873623,0.5555618109440844
déclarer,lemma,2.0,0.0,1.0,1.0,0.0,0.0,0.0,0.0,0.0,1.0,0.0,5.0,0.4,0.0,0.2,0.2,0.0,0.0,0.0,0.0,0.0,0.2,0.0,1.9219280948873623,0.5555618109440844
lit,lemma,1.0,0.0,1.0,2.0,0.0,1.0,0.0,0.0,0.0,0.0,0.0,5.0,0.2,0.0,0.2,0.4,0.0,0.2,0.0,0.0,0.0,0.0,0.0,1.9219280948873623,0.5555618109440844
tombe,lemma,0.0,0.0,1.0,0.0,1.0,1.0,0.0,0.0,2.0,0.0,0.0,5.0,0.0,0.0,0.2,0.0,0.2,0.2,0.0,0.0,0.4,0.0,0.0,1.9219280948873623,0.5555618109440844
cinq,word,0.0,0.0,1.0,1.0,0.0,1.0,0.0,0.0,0.0,2.0,0.0,5.0,0.0,0.0,0.2,0.2,0.0,0.2,0.0,0.0,0.0,0.4,0.0,1.9219280948873623,0.5555618109440844
sentiment,word,1.0,0.0,2.0,0.0,0.0,0.0,0.0,0.0,1.0,1.0,0.0,5.0,0.2,0.0,0.4,0.0,0.0,0.0,0.0,0.0,0.2,0.2,0.0,1.9219280948873623,0.5555618109440844
travers,lemma,1.0,0.0,2.0,0.0,1.0,0.0,0.0,0.0,0.0,1.0,0.0,5.0,0.2,0.0,0.4,0.0,0.2,0.0,0.0,0.0,0.0,0.2,0.0,1.9219280948873623,0.5555618109440844
ensemble,lemma,2.0,0.0,1.0,1.0,0.0,1.0,0.0,0.0,0.0,0.0,0.0,5.0,0.4,0.0,0.2,0.2,0.0,0.2,0.0,0.0,0.0,0.0,0.0,1.9219280948873623,0.5555618109440844
sentiment,lemma,1.0,0.0,2.0,0.0,0.0,0.0,0.0,0.0,1.0,1.0,0.0,5.0,0.2,0.0,0.4,0.0,0.0,0.0,0.0,0.0,0.2,0.2,0.0,1.9219280948873623,0.5555618109440844
bouche,word,1.0,0.0,2.0,0.0,1.0,0.0,1.0,0.0,0.0,0.0,0.0,5.0,0.2,0.0,0.4,0.0,0.2,0.0,0.2,0.0,0.0,0.0,0.0,1.9219280948873623,0.5555618109440844
bouche,lemma,1.0,0.0,2.0,0.0,1.0,0.0,1.0,0.0,0.0,0.0,0.0,5.0,0.2,0.0,0.4,0.0,0.2,0.0,0.2,0.0,0.0,0.0,0.0,1.9219280948873623,0.5555618109440844
tombe,word,0.0,0.0,1.0,0.0,1.0,1.0,0.0,0.0,2.0,0.0,0.0,5.0,0.0,0.0,0.2,0.0,0.2,0.2,0.0,0.0,0.4,0.0,0.0,1.9219280948873623,0.5555618109440844
classe,lemma,1.0,0.0,2.0,1.0,0.0,1.0,0.0,0.0,0.0,0.0,0.0,5.0,0.2,0.0,0.4,0.2,0.0,0.2,0.0,0.0,0.0,0.0,0.0,1.9219280948873623,0.5555618109440844
presque,lemma,0.0,0.0,2.0,0.0,1.0,0.0,0.0,0.0,1.0,1.0,0.0,5.0,0.0,0.0,0.4,0.0,0.2,0.0,0.0,0.0,0.2,0.2,0.0,1.9219280948873623,0.5555618109440844
élu,lemma,1.0,0.0,0.0,1.0,2.0,0.0,1.0,0.0,0.0,0.0,0.0,5.0,0.2,0.0,0.0,0.2,0.4,0.0,0.2,0.0,0.0,0.0,0.0,1.9219280948873623,0.5555618109440844
habiter,lemma,1.0,0.0,0.0,2.0,0.0,1.0,0.0,0.0,1.0,0.0,0.0,5.0,0.2,0.0,0.0,0.4,0.0,0.2,0.0,0.0,0.2,0.0,0.0,1.9219280948873623,0.5555618109440844
dernier,word,0.0,0.0,1.0,0.0,1.0,2.0,2.0,0.0,0.0,0.0,0.0,6.0,0.0,0.0,0.16666666666666666,0.0,0.16666666666666666,0.3333333333333333,0.3333333333333333,0.0,0.0,0.0,0.0,1.9182958340544896,0.5545118520972888
épreuves,word,0.0,0.0,2.0,0.0,1.0,0.0,1.0,0.0,0.0,2.0,0.0,6.0,0.0,0.0,0.3333333333333333,0.0,0.16666666666666666,0.0,0.16666666666666666,0.0,0.0,0.3333333333333333,0.0,1.9182958340544896,0.5545118520972888
préférer,lemma,1.0,0.0,2.0,1.0,0.0,2.0,0.0,0.0,0.0,0.0,0.0,6.0,0.16666666666666666,0.0,0.3333333333333333,0.16666666666666666,0.0,0.3333333333333333,0.0,0.0,0.0,0.0,0.0,1.9182958340544896,0.5545118520972888
championnes,word,0.0,0.0,2.0,0.0,1.0,0.0,1.0,0.0,0.0,2.0,0.0,6.0,0.0,0.0,0.3333333333333333,0.0,0.16666666666666666,0.0,0.16666666666666666,0.0,0.0,0.3333333333333333,0.0,1.9182958340544896,0.5545118520972888
montrer,lemma,2.0,0.0,1.0,0.0,0.0,0.0,0.0,0.0,1.0,2.0,0.0,6.0,0.3333333333333333,0.0,0.16666666666666666,0.0,0.0,0.0,0.0,0.0,0.16666666666666666,0.3333333333333333,0.0,1.9182958340544896,0.5545118520972888
mouton,lemma,2.0,1.0,0.0,0.0,1.0,2.0,0.0,0.0,0.0,0.0,0.0,6.0,0.3333333333333333,0.16666666666666666,0.0,0.0,0.16666666666666666,0.3333333333333333,0.0,0.0,0.0,0.0,0.0,1.9182958340544896,0.5545118520972888
enfant,word,0.0,0.0,1.0,2.0,0.0,1.0,0.0,0.0,0.0,2.0,0.0,6.0,0.0,0.0,0.16666666666666666,0.3333333333333333,0.0,0.16666666666666666,0.0,0.0,0.0,0.3333333333333333,0.0,1.9182958340544896,0.5545118520972888
femme,word,1.0,0.0,2.0,0.0,0.0,1.0,0.0,0.0,0.0,2.0,0.0,6.0,0.16666666666666666,0.0,0.3333333333333333,0.0,0.0,0.16666666666666666,0.0,0.0,0.0,0.3333333333333333,0.0,1.9182958340544896,0.5545118520972888
arracher,lemma,2.0,0.0,0.0,1.0,1.0,2.0,0.0,0.0,0.0,0.0,0.0,6.0,0.3333333333333333,0.0,0.0,0.16666666666666666,0.16666666666666666,0.3333333333333333,0.0,0.0,0.0,0.0,0.0,1.9182958340544896,0.5545118520972888
records,word,0.0,0.0,2.0,0.0,1.0,0.0,1.0,0.0,0.0,2.0,0.0,6.0,0.0,0.0,0.3333333333333333,0.0,0.16666666666666666,0.0,0.16666666666666666,0.0,0.0,0.3333333333333333,0.0,1.9182958340544896,0.5545118520972888
représenter,lemma,2.0,0.0,0.0,0.0,0.0,1.0,0.0,0.0,1.0,2.0,0.0,6.0,0.3333333333333333,0.0,0.0,0.0,0.0,0.16666666666666666,0.0,0.0,0.16666666666666666,0.3333333333333333,0.0,1.9182958340544896,0.5545118520972888
ancien,word,0.0,0.0,0.0,1.0,1.0,2.0,2.0,0.0,0.0,0.0,0.0,6.0,0.0,0.0,0.0,0.16666666666666666,0.16666666666666666,0.3333333333333333,0.3333333333333333,0.0,0.0,0.0,0.0,1.9182958340544896,0.5545118520972888
ailleurs,lemma,2.0,1.0,0.0,1.0,2.0,0.0,0.0,0.0,0.0,0.0,0.0,6.0,0.3333333333333333,0.16666666666666666,0.0,0.16666666666666666,0.3333333333333333,0.0,0.0,0.0,0.0,0.0,0.0,1.9182958340544896,0.5545118520972888
partie,word,2.0,0.0,0.0,2.0,1.0,0.0,0.0,0.0,0.0,0.0,1.0,6.0,0.3333333333333333,0.0,0.0,0.3333333333333333,0.16666666666666666,0.0,0.0,0.0,0.0,0.0,0.16666666666666666,1.9182958340544893,0.5545118520972888
américain,word,2.0,0.0,0.0,2.0,1.0,0.0,1.0,0.0,0.0,0.0,0.0,6.0,0.3333333333333333,0.0,0.0,0.3333333333333333,0.16666666666666666,0.0,0.16666666666666666,0.0,0.0,0.0,0.0,1.9182958340544893,0.5545118520972888
vécue,word,2.0,0.0,0.0,0.0,1.0,2.0,0.0,0.0,1.0,0.0,0.0,6.0,0.3333333333333333,0.0,0.0,0.0,0.16666666666666666,0.3333333333333333,0.0,0.0,0.16666666666666666,0.0,0.0,1.9182958340544893,0.5545118520972888
équipe,word,1.0,0.0,2.0,0.0,0.0,2.0,0.0,0.0,0.0,1.0,0.0,6.0,0.16666666666666666,0.0,0.3333333333333333,0.0,0.0,0.3333333333333333,0.0,0.0,0.0,0.16666666666666666,0.0,1.9182958340544893,0.5545118520972888
sortir,lemma,2.0,1.0,0.0,2.0,1.0,0.0,0.0,0.0,0.0,0.0,0.0,6.0,0.3333333333333333,0.16666666666666666,0.0,0.3333333333333333,0.16666666666666666,0.0,0.0,0.0,0.0,0.0,0.0,1.9182958340544893,0.5545118520972888
lire,lemma,1.0,0.0,2.0,2.0,0.0,0.0,0.0,0.0,0.0,1.0,0.0,6.0,0.16666666666666666,0.0,0.3333333333333333,0.3333333333333333,0.0,0.0,0.0,0.0,0.0,0.16666666666666666,0.0,1.9182958340544893,0.5545118520972888
nature,lemma,2.0,0.0,0.0,2.0,0.0,0.0,1.0,0.0,0.0,1.0,0.0,6.0,0.3333333333333333,0.0,0.0,0.3333333333333333,0.0,0.0,0.16666666666666666,0.0,0.0,0.16666666666666666,0.0,1.9182958340544893,0.5545118520972888
nature,word,2.0,0.0,0.0,2.0,0.0,0.0,1.0,0.0,0.0,1.0,0.0,6.0,0.3333333333333333,0.0,0.0,0.3333333333333333,0.0,0.0,0.16666666666666666,0.0,0.0,0.16666666666666666,0.0,1.9182958340544893,0.5545118520972888
partie,lemma,2.0,0.0,0.0,2.0,1.0,0.0,0.0,0.0,0.0,0.0,1.0,6.0,0.3333333333333333,0.0,0.0,0.3333333333333333,0.16666666666666666,0.0,0.0,0.0,0.0,0.0,0.16666666666666666,1.9182958340544893,0.5545118520972888
voter,lemma,2.0,0.0,0.0,2.0,0.0,0.0,0.0,0.0,1.0,1.0,0.0,6.0,0.3333333333333333,0.0,0.0,0.3333333333333333,0.0,0.0,0.0,0.0,0.16666666666666666,0.16666666666666666,0.0,1.9182958340544893,0.5545118520972888
servir,lemma,2.0,0.0,2.0,1.0,0.0,0.0,0.0,0.0,0.0,1.0,0.0,6.0,0.3333333333333333,0.0,0.3333333333333333,0.16666666666666666,0.0,0.0,0.0,0.0,0.0,0.16666666666666666,0.0,1.9182958340544893,0.5545118520972888
prendre,lemma,20.0,1.0,1.0,13.0,2.0,3.0,0.0,0.0,1.0,0.0,0.0,41.0,0.4878048780487805,0.024390243902439025,0.024390243902439025,0.3170731707317073,0.04878048780487805,0.07317073170731707,0.0,0.0,0.024390243902439025,0.0,0.0,1.9112308891121104,0.5524696250145745
décider,lemma,2.0,0.0,2.0,3.0,1.0,0.0,0.0,0.0,0.0,0.0,0.0,8.0,0.25,0.0,0.25,0.375,0.125,0.0,0.0,0.0,0.0,0.0,0.0,1.9056390622295665,0.5508532245479724
heure,lemma,2.0,0.0,2.0,0.0,0.0,3.0,0.0,0.0,1.0,0.0,0.0,8.0,0.25,0.0,0.25,0.0,0.0,0.375,0.0,0.0,0.125,0.0,0.0,1.9056390622295665,0.5508532245479724
national,lemma,2.0,0.0,2.0,0.0,0.0,1.0,0.0,0.0,0.0,3.0,0.0,8.0,0.25,0.0,0.25,0.0,0.0,0.125,0.0,0.0,0.0,0.375,0.0,1.9056390622295665,0.5508532245479724
agressions,word,2.0,0.0,0.0,3.0,0.0,1.0,0.0,0.0,2.0,0.0,0.0,8.0,0.25,0.0,0.0,0.375,0.0,0.125,0.0,0.0,0.25,0.0,0.0,1.9056390622295665,0.5508532245479724
vivent,word,0.0,0.0,2.0,2.0,0.0,3.0,0.0,0.0,0.0,1.0,0.0,8.0,0.0,0.0,0.25,0.25,0.0,0.375,0.0,0.0,0.0,0.125,0.0,1.9056390622295665,0.5508532245479724
théâtre,lemma,2.0,0.0,3.0,2.0,1.0,0.0,0.0,0.0,0.0,0.0,0.0,8.0,0.25,0.0,0.375,0.25,0.125,0.0,0.0,0.0,0.0,0.0,0.0,1.9056390622295665,0.5508532245479724
équipe,lemma,1.0,0.0,3.0,0.0,0.0,2.0,0.0,0.0,0.0,2.0,0.0,8.0,0.125,0.0,0.375,0.0,0.0,0.25,0.0,0.0,0.0,0.25,0.0,1.9056390622295665,0.5508532245479724
mettre,lemma,19.0,0.0,5.0,8.0,0.0,6.0,0.0,0.0,1.0,0.0,0.0,39.0,0.48717948717948717,0.0,0.1282051282051282,0.20512820512820512,0.0,0.15384615384615385,0.0,0.0,0.02564102564102564,0.0,0.0,1.9051448282419436,0.5507103588861797
fille,lemma,1.0,0.0,3.0,0.0,3.0,3.0,0.0,0.0,0.0,0.0,0.0,10.0,0.1,0.0,0.3,0.0,0.3,0.3,0.0,0.0,0.0,0.0,0.0,1.895461844238322,0.5479113487969339
femme,lemma,10.0,0.0,3.0,0.0,2.0,1.0,0.0,0.0,0.0,3.0,0.0,19.0,0.5263157894736842,0.0,0.15789473684210525,0.0,0.10526315789473684,0.05263157894736842,0.0,0.0,0.0,0.15789473684210525,0.0,1.8937666738014505,0.5474213346490204
impressionner,lemma,0.0,0.0,1.0,2.0,11.0,0.0,8.0,0.0,0.0,3.0,0.0,25.0,0.0,0.0,0.04,0.08,0.44,0.0,0.32,0.0,0.0,0.12,0.0,1.8915107774877753,0.5467692343729168
noire,word,0.0,0.0,3.0,1.0,0.0,2.0,0.0,0.0,0.0,3.0,0.0,9.0,0.0,0.0,0.3333333333333333,0.1111111111111111,0.0,0.2222222222222222,0.0,0.0,0.0,0.3333333333333333,0.0,1.8910611120726526,0.5466392519177932
amis,word,3.0,0.0,3.0,0.0,0.0,2.0,0.0,0.0,1.0,0.0,0.0,9.0,0.3333333333333333,0.0,0.3333333333333333,0.0,0.0,0.2222222222222222,0.0,0.0,0.1111111111111111,0.0,0.0,1.8910611120726526,0.5466392519177932
école,lemma,1.0,0.0,2.0,14.0,1.0,10.0,0.0,0.0,0.0,2.0,0.0,30.0,0.03333333333333333,0.0,0.06666666666666667,0.4666666666666667,0.03333333333333333,0.3333333333333333,0.0,0.0,0.0,0.06666666666666667,0.0,1.8894822670191826,0.546182863346629
entendre,lemma,5.0,0.0,1.0,0.0,1.0,1.0,0.0,0.0,1.0,0.0,0.0,9.0,0.5555555555555556,0.0,0.1111111111111111,0.0,0.1111111111111111,0.1111111111111111,0.0,0.0,0.1111111111111111,0.0,0.0,1.8799649487271108,0.5434317413875193
olympique,lemma,0.0,0.0,7.0,0.0,1.0,1.0,2.0,0.0,0.0,7.0,0.0,18.0,0.0,0.0,0.3888888888888889,0.0,0.05555555555555555,0.05555555555555555,0.1111111111111111,0.0,0.0,0.3888888888888889,0.0,1.8753156176197314,0.5420877832984703
remporte,word,0.0,0.0,7.0,0.0,4.0,0.0,2.0,0.0,0.0,4.0,0.0,17.0,0.0,0.0,0.4117647058823529,0.0,0.23529411764705882,0.0,0.11764705882352941,0.0,0.0,0.23529411764705882,0.0,1.8726696380501495,0.5413229236737483
demander,lemma,6.0,0.0,1.0,2.0,0.0,1.0,0.0,0.0,1.0,0.0,0.0,11.0,0.5454545454545454,0.0,0.09090909090909091,0.18181818181818182,0.0,0.09090909090909091,0.0,0.0,0.09090909090909091,0.0,0.0,1.8676338909712125,0.5398672663189946
pris,word,1.0,1.0,0.0,6.0,2.0,1.0,0.0,0.0,0.0,0.0,0.0,11.0,0.09090909090909091,0.09090909090909091,0.0,0.5454545454545454,0.18181818181818182,0.09090909090909091,0.0,0.0,0.0,0.0,0.0,1.867633890971212,0.5398672663189945
danseur,lemma,0.0,0.0,6.0,1.0,0.0,1.0,1.0,0.0,0.0,2.0,0.0,11.0,0.0,0.0,0.5454545454545454,0.09090909090909091,0.0,0.09090909090909091,0.09090909090909091,0.0,0.0,0.18181818181818182,0.0,1.867633890971212,0.5398672663189945
choses,word,16.0,0.0,4.0,4.0,0.0,3.0,0.0,0.0,0.0,2.0,0.0,29.0,0.5517241379310345,0.0,0.13793103448275862,0.13793103448275862,0.0,0.10344827586206896,0.0,0.0,0.0,0.06896551724137931,0.0,1.8664331502253835,0.5395201744038488
juif,lemma,7.0,2.0,0.0,3.0,0.0,4.0,0.0,0.0,0.0,0.0,0.0,16.0,0.4375,0.125,0.0,0.1875,0.0,0.25,0.0,0.0,0.0,0.0,0.0,1.8496017527145814,0.5346548094057014
cause,word,4.0,0.0,2.0,7.0,0.0,3.0,0.0,0.0,0.0,0.0,0.0,16.0,0.25,0.0,0.125,0.4375,0.0,0.1875,0.0,0.0,0.0,0.0,0.0,1.8496017527145812,0.5346548094057013
cause,lemma,4.0,0.0,2.0,7.0,0.0,3.0,0.0,0.0,0.0,0.0,0.0,16.0,0.25,0.0,0.125,0.4375,0.0,0.1875,0.0,0.0,0.0,0.0,0.0,1.8496017527145812,0.5346548094057013
peine,word,4.0,0.0,1.0,2.0,0.0,3.0,0.0,0.0,0.0,0.0,0.0,10.0,0.4,0.0,0.1,0.2,0.0,0.3,0.0,0.0,0.0,0.0,0.0,1.8464393446710154,0.5337406684738417
particulier,lemma,2.0,0.0,0.0,3.0,1.0,1.0,0.0,0.0,0.0,0.0,0.0,7.0,0.2857142857142857,0.0,0.0,0.42857142857142855,0.14285714285714285,0.14285714285714285,0.0,0.0,0.0,0.0,0.0,1.8423709931771088,0.5325646511558555
ensemble,word,2.0,0.0,3.0,1.0,0.0,1.0,0.0,0.0,0.0,0.0,0.0,7.0,0.2857142857142857,0.0,0.42857142857142855,0.14285714285714285,0.0,0.14285714285714285,0.0,0.0,0.0,0.0,0.0,1.8423709931771088,0.5325646511558555
théâtre,word,2.0,0.0,3.0,1.0,1.0,0.0,0.0,0.0,0.0,0.0,0.0,7.0,0.2857142857142857,0.0,0.42857142857142855,0.14285714285714285,0.14285714285714285,0.0,0.0,0.0,0.0,0.0,0.0,1.8423709931771088,0.5325646511558555
n'a,word,2.0,0.0,0.0,3.0,0.0,1.0,1.0,0.0,0.0,0.0,0.0,7.0,0.2857142857142857,0.0,0.0,0.42857142857142855,0.0,0.14285714285714285,0.14285714285714285,0.0,0.0,0.0,0.0,1.8423709931771088,0.5325646511558555
lutter,lemma,2.0,0.0,0.0,3.0,0.0,1.0,0.0,0.0,1.0,0.0,0.0,7.0,0.2857142857142857,0.0,0.0,0.42857142857142855,0.0,0.14285714285714285,0.0,0.0,0.14285714285714285,0.0,0.0,1.8423709931771088,0.5325646511558555
père,lemma,2.0,0.0,0.0,1.0,1.0,3.0,0.0,0.0,0.0,0.0,0.0,7.0,0.2857142857142857,0.0,0.0,0.14285714285714285,0.14285714285714285,0.42857142857142855,0.0,0.0,0.0,0.0,0.0,1.8423709931771086,0.5325646511558555
père,word,2.0,0.0,0.0,1.0,1.0,3.0,0.0,0.0,0.0,0.0,0.0,7.0,0.2857142857142857,0.0,0.0,0.14285714285714285,0.14285714285714285,0.42857142857142855,0.0,0.0,0.0,0.0,0.0,1.8423709931771086,0.5325646511558555
honneur,word,1.0,0.0,1.0,0.0,0.0,0.0,2.0,0.0,0.0,3.0,0.0,7.0,0.14285714285714285,0.0,0.14285714285714285,0.0,0.0,0.0,0.2857142857142857,0.0,0.0,0.42857142857142855,0.0,1.8423709931771086,0.5325646511558555
oublier,lemma,2.0,1.0,1.0,0.0,0.0,3.0,0.0,0.0,0.0,0.0,0.0,7.0,0.2857142857142857,0.14285714285714285,0.14285714285714285,0.0,0.0,0.42857142857142855,0.0,0.0,0.0,0.0,0.0,1.8423709931771086,0.5325646511558555
général,word,3.0,0.0,1.0,0.0,1.0,2.0,0.0,0.0,0.0,0.0,0.0,7.0,0.42857142857142855,0.0,0.14285714285714285,0.0,0.14285714285714285,0.2857142857142857,0.0,0.0,0.0,0.0,0.0,1.8423709931771084,0.5325646511558554
agression,lemma,2.0,0.0,0.0,4.0,0.0,6.0,0.0,0.0,2.0,0.0,0.0,14.0,0.14285714285714285,0.0,0.0,0.2857142857142857,0.0,0.42857142857142855,0.0,0.0,0.14285714285714285,0.0,0.0,1.8423709931771084,0.5325646511558554
coupe,lemma,0.0,0.0,3.0,1.0,0.0,2.0,0.0,0.0,0.0,1.0,0.0,7.0,0.0,0.0,0.42857142857142855,0.14285714285714285,0.0,0.2857142857142857,0.0,0.0,0.0,0.14285714285714285,0.0,1.8423709931771084,0.5325646511558554
réveiller,lemma,3.0,1.0,0.0,1.0,2.0,0.0,0.0,0.0,0.0,0.0,0.0,7.0,0.42857142857142855,0.14285714285714285,0.0,0.14285714285714285,0.2857142857142857,0.0,0.0,0.0,0.0,0.0,0.0,1.8423709931771084,0.5325646511558554
complètement,lemma,2.0,0.0,1.0,3.0,1.0,0.0,0.0,0.0,0.0,0.0,0.0,7.0,0.2857142857142857,0.0,0.14285714285714285,0.42857142857142855,0.14285714285714285,0.0,0.0,0.0,0.0,0.0,0.0,1.8423709931771084,0.5325646511558554
près,word,1.0,0.0,0.0,3.0,0.0,2.0,1.0,0.0,0.0,0.0,0.0,7.0,0.14285714285714285,0.0,0.0,0.42857142857142855,0.0,0.2857142857142857,0.14285714285714285,0.0,0.0,0.0,0.0,1.8423709931771084,0.5325646511558554
mère,lemma,3.0,0.0,0.0,1.0,1.0,2.0,0.0,0.0,0.0,0.0,0.0,7.0,0.42857142857142855,0.0,0.0,0.14285714285714285,0.14285714285714285,0.2857142857142857,0.0,0.0,0.0,0.0,0.0,1.8423709931771084,0.5325646511558554
porter,word,3.0,0.0,1.0,0.0,1.0,2.0,0.0,0.0,0.0,0.0,0.0,7.0,0.42857142857142855,0.0,0.14285714285714285,0.0,0.14285714285714285,0.2857142857142857,0.0,0.0,0.0,0.0,0.0,1.8423709931771084,0.5325646511558554
vraie,lemma,0.0,0.0,3.0,1.0,2.0,0.0,0.0,0.0,0.0,1.0,0.0,7.0,0.0,0.0,0.42857142857142855,0.14285714285714285,0.2857142857142857,0.0,0.0,0.0,0.0,0.14285714285714285,0.0,1.8423709931771084,0.5325646511558554
heure,word,1.0,0.0,2.0,0.0,0.0,3.0,0.0,0.0,1.0,0.0,0.0,7.0,0.14285714285714285,0.0,0.2857142857142857,0.0,0.0,0.42857142857142855,0.0,0.0,0.14285714285714285,0.0,0.0,1.8423709931771084,0.5325646511558554
parle,lemma,3.0,1.0,0.0,0.0,0.0,0.0,2.0,0.0,0.0,1.0,0.0,7.0,0.42857142857142855,0.14285714285714285,0.0,0.0,0.0,0.0,0.2857142857142857,0.0,0.0,0.14285714285714285,0.0,1.8423709931771084,0.5325646511558554
près,lemma,1.0,0.0,0.0,3.0,0.0,2.0,1.0,0.0,0.0,0.0,0.0,7.0,0.14285714285714285,0.0,0.0,0.42857142857142855,0.0,0.2857142857142857,0.14285714285714285,0.0,0.0,0.0,0.0,1.8423709931771084,0.5325646511558554
installer,lemma,3.0,0.0,1.0,2.0,0.0,0.0,0.0,0.0,0.0,1.0,0.0,7.0,0.42857142857142855,0.0,0.14285714285714285,0.2857142857142857,0.0,0.0,0.0,0.0,0.0,0.14285714285714285,0.0,1.8423709931771084,0.5325646511558554
complètement,word,2.0,0.0,1.0,3.0,1.0,0.0,0.0,0.0,0.0,0.0,0.0,7.0,0.2857142857142857,0.0,0.14285714285714285,0.42857142857142855,0.14285714285714285,0.0,0.0,0.0,0.0,0.0,0.0,1.8423709931771084,0.5325646511558554
anglais,word,2.0,0.0,0.0,1.0,0.0,3.0,0.0,0.0,1.0,0.0,0.0,7.0,0.2857142857142857,0.0,0.0,0.14285714285714285,0.0,0.42857142857142855,0.0,0.0,0.14285714285714285,0.0,0.0,1.8423709931771084,0.5325646511558554
revenir,lemma,0.0,0.0,1.0,3.0,2.0,1.0,0.0,0.0,0.0,0.0,0.0,7.0,0.0,0.0,0.14285714285714285,0.42857142857142855,0.2857142857142857,0.14285714285714285,0.0,0.0,0.0,0.0,0.0,1.8423709931771084,0.5325646511558554
continuer,lemma,3.0,1.0,0.0,2.0,0.0,1.0,0.0,0.0,0.0,0.0,0.0,7.0,0.42857142857142855,0.14285714285714285,0.0,0.2857142857142857,0.0,0.14285714285714285,0.0,0.0,0.0,0.0,0.0,1.8423709931771084,0.5325646511558554
événement,word,0.0,0.0,3.0,1.0,2.0,0.0,0.0,0.0,0.0,1.0,0.0,7.0,0.0,0.0,0.42857142857142855,0.14285714285714285,0.2857142857142857,0.0,0.0,0.0,0.0,0.14285714285714285,0.0,1.8423709931771084,0.5325646511558554
vraie,word,0.0,0.0,3.0,1.0,2.0,0.0,0.0,0.0,0.0,1.0,0.0,7.0,0.0,0.0,0.42857142857142855,0.14285714285714285,0.2857142857142857,0.0,0.0,0.0,0.0,0.14285714285714285,0.0,1.8423709931771084,0.5325646511558554
anglais,lemma,2.0,0.0,0.0,1.0,0.0,3.0,0.0,0.0,1.0,0.0,0.0,7.0,0.2857142857142857,0.0,0.0,0.14285714285714285,0.0,0.42857142857142855,0.0,0.0,0.14285714285714285,0.0,0.0,1.8423709931771084,0.5325646511558554
médaille,lemma,0.0,0.0,13.0,0.0,3.0,1.0,3.0,0.0,0.0,13.0,0.0,33.0,0.0,0.0,0.3939393939393939,0.0,0.09090909090909091,0.030303030303030304,0.09090909090909091,0.0,0.0,0.3939393939393939,0.0,1.840721159479807,0.5320877422646916
envoyer,lemma,4.0,0.0,2.0,2.0,0.0,0.0,1.0,0.0,0.0,0.0,0.0,9.0,0.4444444444444444,0.0,0.2222222222222222,0.2222222222222222,0.0,0.0,0.1111111111111111,0.0,0.0,0.0,0.0,1.836591668108979,0.5308940515588019
jeux,word,1.0,0.0,4.0,0.0,0.0,0.0,2.0,0.0,0.0,2.0,0.0,9.0,0.1111111111111111,0.0,0.4444444444444444,0.0,0.0,0.0,0.2222222222222222,0.0,0.0,0.2222222222222222,0.0,1.836591668108979,0.5308940515588019
star,lemma,0.0,0.0,1.0,0.0,2.0,0.0,4.0,0.0,0.0,2.0,0.0,9.0,0.0,0.0,0.1111111111111111,0.0,0.2222222222222222,0.0,0.4444444444444444,0.0,0.0,0.2222222222222222,0.0,1.836591668108979,0.5308940515588019
star,word,0.0,0.0,1.0,0.0,2.0,0.0,4.0,0.0,0.0,2.0,0.0,9.0,0.0,0.0,0.1111111111111111,0.0,0.2222222222222222,0.0,0.4444444444444444,0.0,0.0,0.2222222222222222,0.0,1.836591668108979,0.5308940515588019
champion,lemma,0.0,0.0,8.0,0.0,1.0,1.0,3.0,0.0,0.0,10.0,0.0,23.0,0.0,0.0,0.34782608695652173,0.0,0.043478260869565216,0.043478260869565216,0.13043478260869565,0.0,0.0,0.43478260869565216,0.0,1.8290328929684438,0.5287090755356272
victime,word,1.0,0.0,0.0,11.0,1.0,17.0,1.0,0.0,4.0,0.0,0.0,35.0,0.02857142857142857,0.0,0.0,0.3142857142857143,0.02857142857142857,0.4857142857142857,0.02857142857142857,0.0,0.11428571428571428,0.0,0.0,1.8281225567659367,0.5284459293593585
difficiles,word,5.0,1.0,0.0,4.0,0.0,5.0,0.0,0.0,0.0,0.0,0.0,15.0,0.3333333333333333,0.06666666666666667,0.0,0.26666666666666666,0.0,0.3333333333333333,0.0,0.0,0.0,0.0,0.0,1.8256051990169437,0.5277182497788659
devenir,word,0.0,0.0,2.0,4.0,0.0,4.0,0.0,0.0,0.0,1.0,0.0,11.0,0.0,0.0,0.18181818181818182,0.36363636363636365,0.0,0.36363636363636365,0.0,0.0,0.0,0.09090909090909091,0.0,1.823067982273661,0.5269848296616381
peine,lemma,4.0,0.0,1.0,2.0,0.0,4.0,0.0,0.0,0.0,0.0,0.0,11.0,0.36363636363636365,0.0,0.09090909090909091,0.18181818181818182,0.0,0.36363636363636365,0.0,0.0,0.0,0.0,0.0,1.823067982273661,0.5269848296616381
animal,lemma,4.0,1.0,0.0,12.0,0.0,7.0,1.0,0.0,0.0,0.0,0.0,25.0,0.16,0.04,0.0,0.48,0.0,0.28,0.04,0.0,0.0,0.0,0.0,1.8170148112524407,0.5252350708317165
manquer,lemma,3.0,0.0,0.0,1.0,1.0,3.0,0.0,0.0,0.0,0.0,0.0,8.0,0.375,0.0,0.0,0.125,0.125,0.375,0.0,0.0,0.0,0.0,0.0,1.811278124459133,0.523576796460169
filles,word,1.0,0.0,3.0,0.0,1.0,3.0,0.0,0.0,0.0,0.0,0.0,8.0,0.125,0.0,0.375,0.0,0.125,0.375,0.0,0.0,0.0,0.0,0.0,1.811278124459133,0.523576796460169
honneur,lemma,1.0,0.0,1.0,0.0,0.0,0.0,3.0,0.0,0.0,3.0,0.0,8.0,0.125,0.0,0.125,0.0,0.0,0.0,0.375,0.0,0.0,0.375,0.0,1.811278124459133,0.523576796460169
fous,word,1.0,0.0,1.0,3.0,1.0,0.0,0.0,0.0,0.0,0.0,0.0,6.0,0.16666666666666666,0.0,0.16666666666666666,0.5,0.16666666666666666,0.0,0.0,0.0,0.0,0.0,0.0,1.7924812503605778,0.5181432813135509
blague,word,3.0,1.0,1.0,0.0,1.0,0.0,0.0,0.0,0.0,0.0,0.0,6.0,0.5,0.16666666666666666,0.16666666666666666,0.0,0.16666666666666666,0.0,0.0,0.0,0.0,0.0,0.0,1.7924812503605778,0.5181432813135509
lieu,lemma,3.0,0.0,1.0,1.0,0.0,1.0,0.0,0.0,0.0,0.0,0.0,6.0,0.5,0.0,0.16666666666666666,0.16666666666666666,0.0,0.16666666666666666,0.0,0.0,0.0,0.0,0.0,1.7924812503605778,0.5181432813135509
plutôt,lemma,0.0,0.0,0.0,1.0,3.0,1.0,0.0,0.0,0.0,1.0,0.0,6.0,0.0,0.0,0.0,0.16666666666666666,0.5,0.16666666666666666,0.0,0.0,0.0,0.16666666666666666,0.0,1.7924812503605778,0.5181432813135509
trouvé,word,0.0,0.0,3.0,1.0,1.0,0.0,0.0,0.0,0.0,1.0,0.0,6.0,0.0,0.0,0.5,0.16666666666666666,0.16666666666666666,0.0,0.0,0.0,0.0,0.16666666666666666,0.0,1.7924812503605778,0.5181432813135509
lit,word,1.0,0.0,1.0,3.0,0.0,1.0,0.0,0.0,0.0,0.0,0.0,6.0,0.16666666666666666,0.0,0.16666666666666666,0.5,0.0,0.16666666666666666,0.0,0.0,0.0,0.0,0.0,1.7924812503605778,0.5181432813135509
plutôt,word,0.0,0.0,0.0,1.0,3.0,1.0,0.0,0.0,0.0,1.0,0.0,6.0,0.0,0.0,0.0,0.16666666666666666,0.5,0.16666666666666666,0.0,0.0,0.0,0.16666666666666666,0.0,1.7924812503605778,0.5181432813135509
commencer,lemma,1.0,0.0,1.0,3.0,1.0,0.0,0.0,0.0,0.0,0.0,0.0,6.0,0.16666666666666666,0.0,0.16666666666666666,0.5,0.16666666666666666,0.0,0.0,0.0,0.0,0.0,0.0,1.7924812503605778,0.5181432813135509
passer,word,0.0,1.0,3.0,0.0,1.0,1.0,0.0,0.0,0.0,0.0,0.0,6.0,0.0,0.16666666666666666,0.5,0.0,0.16666666666666666,0.16666666666666666,0.0,0.0,0.0,0.0,0.0,1.7924812503605778,0.5181432813135509
vieux,lemma,3.0,0.0,1.0,0.0,1.0,0.0,0.0,0.0,1.0,0.0,0.0,6.0,0.5,0.0,0.16666666666666666,0.0,0.16666666666666666,0.0,0.0,0.0,0.16666666666666666,0.0,0.0,1.7924812503605778,0.5181432813135509
voient,word,3.0,0.0,1.0,1.0,0.0,0.0,1.0,0.0,0.0,0.0,0.0,6.0,0.5,0.0,0.16666666666666666,0.16666666666666666,0.0,0.0,0.16666666666666666,0.0,0.0,0.0,0.0,1.7924812503605778,0.5181432813135509
salle,lemma,1.0,0.0,1.0,3.0,0.0,1.0,0.0,0.0,0.0,0.0,0.0,6.0,0.16666666666666666,0.0,0.16666666666666666,0.5,0.0,0.16666666666666666,0.0,0.0,0.0,0.0,0.0,1.7924812503605778,0.5181432813135509
emploi,lemma,3.0,0.0,0.0,1.0,1.0,1.0,0.0,0.0,0.0,0.0,0.0,6.0,0.5,0.0,0.0,0.16666666666666666,0.16666666666666666,0.16666666666666666,0.0,0.0,0.0,0.0,0.0,1.7924812503605778,0.5181432813135509
familles,word,3.0,0.0,1.0,1.0,0.0,1.0,0.0,0.0,0.0,0.0,0.0,6.0,0.5,0.0,0.16666666666666666,0.16666666666666666,0.0,0.16666666666666666,0.0,0.0,0.0,0.0,0.0,1.7924812503605778,0.5181432813135509
répondre,lemma,1.0,0.0,0.0,3.0,0.0,1.0,0.0,0.0,1.0,0.0,0.0,6.0,0.16666666666666666,0.0,0.0,0.5,0.0,0.16666666666666666,0.0,0.0,0.16666666666666666,0.0,0.0,1.7924812503605778,0.5181432813135509
laisser,lemma,11.0,0.0,1.0,3.0,0.0,1.0,0.0,1.0,0.0,1.0,0.0,18.0,0.6111111111111112,0.0,0.05555555555555555,0.16666666666666666,0.0,0.05555555555555555,0.0,0.05555555555555555,0.0,0.05555555555555555,0.0,1.7916674843771045,0.5179080501908748
année,lemma,1.0,0.0,3.0,5.0,0.0,2.0,0.0,0.0,0.0,0.0,0.0,11.0,0.09090909090909091,0.0,0.2727272727272727,0.45454545454545453,0.0,0.18181818181818182,0.0,0.0,0.0,0.0,0.0,1.789929075309999,0.5174055372758225
exploit,lemma,0.0,0.0,5.0,0.0,4.0,0.0,14.0,0.0,0.0,5.0,0.0,28.0,0.0,0.0,0.17857142857142858,0.0,0.14285714285714285,0.0,0.5,0.0,0.0,0.17857142857142858,0.0,1.7887031414261725,0.5170511629106169
super,lemma,0.0,0.0,6.0,0.0,3.0,0.0,5.0,0.0,0.0,1.0,0.0,15.0,0.0,0.0,0.4,0.0,0.2,0.0,0.3333333333333333,0.0,0.0,0.06666666666666667,0.0,1.781937063546704,0.5150953277835351
super,word,0.0,0.0,6.0,0.0,3.0,0.0,5.0,0.0,0.0,1.0,0.0,15.0,0.0,0.0,0.4,0.0,0.2,0.0,0.3333333333333333,0.0,0.0,0.06666666666666667,0.0,1.781937063546704,0.5150953277835351
américain,lemma,13.0,0.0,1.0,3.0,1.0,2.0,1.0,0.0,0.0,0.0,0.0,21.0,0.6190476190476191,0.0,0.047619047619047616,0.14285714285714285,0.047619047619047616,0.09523809523809523,0.047619047619047616,0.0,0.0,0.0,0.0,1.779907716207443,0.5145087148473729
victimes,word,11.0,0.0,0.0,7.0,0.0,13.0,0.0,0.0,2.0,0.0,0.0,33.0,0.3333333333333333,0.0,0.0,0.21212121212121213,0.0,0.3939393939393939,0.0,0.0,0.06060606060606061,0.0,0.0,1.77739567707822,0.5137825726927804
rue,lemma,12.0,0.0,4.0,2.0,1.0,2.0,0.0,0.0,0.0,0.0,0.0,21.0,0.5714285714285714,0.0,0.19047619047619047,0.09523809523809523,0.047619047619047616,0.09523809523809523,0.0,0.0,0.0,0.0,0.0,1.7723388509380995,0.5123208221228667
dû,word,1.0,0.0,0.0,8.0,0.0,6.0,0.0,1.0,1.0,0.0,0.0,17.0,0.058823529411764705,0.0,0.0,0.47058823529411764,0.0,0.35294117647058826,0.0,0.058823529411764705,0.058823529411764705,0.0,0.0,1.7633584292311077,0.5097248980818737
remporter,lemma,0.0,0.0,31.0,0.0,6.0,2.0,4.0,0.0,0.0,20.0,0.0,63.0,0.0,0.0,0.49206349206349204,0.0,0.09523809523809523,0.031746031746031744,0.06349206349206349,0.0,0.0,0.31746031746031744,0.0,1.7625430580385304,0.5094892029497067
noir,word,5.0,0.0,0.0,2.0,1.0,0.0,2.0,0.0,0.0,0.0,0.0,10.0,0.5,0.0,0.0,0.2,0.1,0.0,0.2,0.0,0.0,0.0,0.0,1.7609640474436812,0.5090327665263525
arrêter,lemma,12.0,2.0,0.0,6.0,0.0,5.0,0.0,0.0,0.0,0.0,0.0,25.0,0.48,0.08,0.0,0.24,0.0,0.2,0.0,0.0,0.0,0.0,0.0,1.7582975702780197,0.50826198176758
peuple,lemma,4.0,0.0,1.0,3.0,0.0,0.0,0.0,0.0,0.0,1.0,0.0,9.0,0.4444444444444444,0.0,0.1111111111111111,0.3333333333333333,0.0,0.0,0.0,0.0,0.0,0.1111111111111111,0.0,1.7527152789797045,0.5066483377029767
voix,lemma,4.0,0.0,0.0,3.0,1.0,1.0,0.0,0.0,0.0,0.0,0.0,9.0,0.4444444444444444,0.0,0.0,0.3333333333333333,0.1111111111111111,0.1111111111111111,0.0,0.0,0.0,0.0,0.0,1.7527152789797045,0.5066483377029767
voix,word,4.0,0.0,0.0,3.0,1.0,1.0,0.0,0.0,0.0,0.0,0.0,9.0,0.4444444444444444,0.0,0.0,0.3333333333333333,0.1111111111111111,0.1111111111111111,0.0,0.0,0.0,0.0,0.0,1.7527152789797045,0.5066483377029767
disparaître,lemma,1.0,0.0,0.0,4.0,1.0,3.0,0.0,0.0,0.0,0.0,0.0,9.0,0.1111111111111111,0.0,0.0,0.4444444444444444,0.1111111111111111,0.3333333333333333,0.0,0.0,0.0,0.0,0.0,1.7527152789797045,0.5066483377029767
donner,lemma,4.0,0.0,3.0,0.0,0.0,1.0,0.0,0.0,0.0,1.0,0.0,9.0,0.4444444444444444,0.0,0.3333333333333333,0.0,0.0,0.1111111111111111,0.0,0.0,0.0,0.1111111111111111,0.0,1.7527152789797045,0.5066483377029767
exploit,word,0.0,0.0,4.0,0.0,3.0,0.0,12.0,0.0,0.0,4.0,0.0,23.0,0.0,0.0,0.17391304347826086,0.0,0.13043478260869565,0.0,0.5217391304347826,0.0,0.0,0.17391304347826086,0.0,1.750760325151911,0.5060832293142861
années,word,1.0,0.0,1.0,4.0,0.0,2.0,0.0,0.0,0.0,0.0,0.0,8.0,0.125,0.0,0.125,0.5,0.0,0.25,0.0,0.0,0.0,0.0,0.0,1.75,0.5058634460563037
chien,word,4.0,2.0,0.0,0.0,0.0,1.0,0.0,0.0,1.0,0.0,0.0,8.0,0.5,0.25,0.0,0.0,0.0,0.125,0.0,0.0,0.125,0.0,0.0,1.75,0.5058634460563037
garçon,lemma,4.0,0.0,1.0,1.0,0.0,2.0,0.0,0.0,0.0,0.0,0.0,8.0,0.5,0.0,0.125,0.125,0.0,0.25,0.0,0.0,0.0,0.0,0.0,1.75,0.5058634460563037
acteur,lemma,1.0,0.0,4.0,0.0,1.0,0.0,0.0,0.0,0.0,2.0,0.0,8.0,0.125,0.0,0.5,0.0,0.125,0.0,0.0,0.0,0.0,0.25,0.0,1.75,0.5058634460563037
faisant,word,4.0,0.0,1.0,2.0,0.0,0.0,0.0,0.0,0.0,1.0,0.0,8.0,0.5,0.0,0.125,0.25,0.0,0.0,0.0,0.0,0.0,0.125,0.0,1.75,0.5058634460563037
riche,lemma,4.0,0.0,0.0,0.0,0.0,2.0,1.0,0.0,0.0,1.0,0.0,8.0,0.5,0.0,0.0,0.0,0.0,0.25,0.125,0.0,0.0,0.125,0.0,1.75,0.5058634460563037
problème,word,4.0,0.0,0.0,1.0,0.0,2.0,0.0,0.0,1.0,0.0,0.0,8.0,0.5,0.0,0.0,0.125,0.0,0.25,0.0,0.0,0.125,0.0,0.0,1.75,0.5058634460563037
considérer,lemma,2.0,0.0,0.0,1.0,0.0,0.0,4.0,0.0,0.0,1.0,0.0,8.0,0.25,0.0,0.0,0.125,0.0,0.0,0.5,0.0,0.0,0.125,0.0,1.75,0.5058634460563037
poste,lemma,4.0,0.0,0.0,2.0,1.0,1.0,0.0,0.0,0.0,0.0,0.0,8.0,0.5,0.0,0.0,0.25,0.125,0.125,0.0,0.0,0.0,0.0,0.0,1.75,0.5058634460563037
dur,lemma,4.0,0.0,0.0,2.0,0.0,8.0,0.0,0.0,2.0,0.0,0.0,16.0,0.25,0.0,0.0,0.125,0.0,0.5,0.0,0.0,0.125,0.0,0.0,1.75,0.5058634460563037
train,lemma,1.0,0.0,0.0,1.0,0.0,4.0,0.0,0.0,2.0,0.0,0.0,8.0,0.125,0.0,0.0,0.125,0.0,0.5,0.0,0.0,0.25,0.0,0.0,1.75,0.5058634460563037
médailles,word,0.0,0.0,11.0,0.0,3.0,0.0,3.0,0.0,0.0,11.0,0.0,28.0,0.0,0.0,0.39285714285714285,0.0,0.10714285714285714,0.0,0.10714285714285714,0.0,0.0,0.39285714285714285,0.0,1.7495952572594802,0.505746449166312
coups,word,3.0,0.0,0.0,7.0,0.0,4.0,1.0,0.0,0.0,0.0,0.0,15.0,0.2,0.0,0.0,0.4666666666666667,0.0,0.26666666666666666,0.06666666666666667,0.0,0.0,0.0,0.0,1.7464657985040721,0.504841832714711
grandes,word,6.0,0.0,4.0,2.0,0.0,0.0,0.0,0.0,0.0,1.0,0.0,13.0,0.46153846153846156,0.0,0.3076923076923077,0.15384615384615385,0.0,0.0,0.0,0.0,0.0,0.07692307692307693,0.0,1.7381493331928664,0.5024378351139485
états-unis,word,6.0,0.0,2.0,4.0,0.0,0.0,0.0,0.0,0.0,1.0,0.0,13.0,0.46153846153846156,0.0,0.15384615384615385,0.3076923076923077,0.0,0.0,0.0,0.0,0.0,0.07692307692307693,0.0,1.7381493331928661,0.5024378351139485
difficile,word,0.0,1.0,0.0,1.0,2.0,10.0,0.0,0.0,3.0,0.0,0.0,17.0,0.0,0.058823529411764705,0.0,0.058823529411764705,0.11764705882352941,0.5882352941176471,0.0,0.0,0.17647058823529413,0.0,0.0,1.7360411676599221,0.5018284386103186
choqué,word,8.0,0.0,0.0,4.0,15.0,3.0,0.0,0.0,0.0,0.0,0.0,30.0,0.26666666666666666,0.0,0.0,0.13333333333333333,0.5,0.1,0.0,0.0,0.0,0.0,0.0,1.728282381065477,0.4995856463109578
olympiques,word,0.0,0.0,6.0,0.0,1.0,0.0,2.0,0.0,0.0,5.0,0.0,14.0,0.0,0.0,0.42857142857142855,0.0,0.07142857142857142,0.0,0.14285714285714285,0.0,0.0,0.35714285714285715,0.0,1.7273966735744795,0.49932961942890414
dormir,lemma,0.0,0.0,1.0,4.0,1.0,4.0,0.0,0.0,0.0,0.0,0.0,10.0,0.0,0.0,0.1,0.4,0.1,0.4,0.0,0.0,0.0,0.0,0.0,1.721928094887362,0.49774884568050687
animaux,word,4.0,1.0,0.0,9.0,0.0,6.0,0.0,0.0,0.0,0.0,0.0,20.0,0.2,0.05,0.0,0.45,0.0,0.3,0.0,0.0,0.0,0.0,0.0,1.719973094021975,0.49718372369490244
tué,word,6.0,0.0,0.0,10.0,1.0,5.0,0.0,0.0,0.0,0.0,0.0,22.0,0.2727272727272727,0.0,0.0,0.45454545454545453,0.045454545454545456,0.22727272727272727,0.0,0.0,0.0,0.0,0.0,1.716763599199235,0.4962559716313989
assez,word,26.0,0.0,1.0,1.0,3.0,6.0,1.0,0.0,0.0,2.0,0.0,40.0,0.65,0.0,0.025,0.025,0.075,0.15,0.025,0.0,0.0,0.05,0.0,1.710025715433392,0.4943082864308754
assez,lemma,26.0,0.0,1.0,1.0,3.0,6.0,1.0,0.0,0.0,2.0,0.0,40.0,0.65,0.0,0.025,0.025,0.075,0.15,0.025,0.0,0.0,0.05,0.0,1.710025715433392,0.4943082864308754
mettre,word,8.0,0.0,3.0,4.0,0.0,1.0,0.0,0.0,0.0,0.0,0.0,16.0,0.5,0.0,0.1875,0.25,0.0,0.0625,0.0,0.0,0.0,0.0,0.0,1.7028195311147831,0.49222523201240204
moment,lemma,2.0,0.0,8.0,1.0,1.0,1.0,0.0,0.0,0.0,0.0,0.0,13.0,0.15384615384615385,0.0,0.6153846153846154,0.07692307692307693,0.07692307692307693,0.07692307692307693,0.0,0.0,0.0,0.0,0.0,1.7004397181410922,0.49153731178849297
subir,lemma,4.0,0.0,0.0,4.0,0.0,9.0,0.0,0.0,1.0,0.0,0.0,18.0,0.2222222222222222,0.0,0.0,0.2222222222222222,0.0,0.5,0.0,0.0,0.05555555555555555,0.0,0.0,1.6960736118322672,0.4902752240266471
attendre,lemma,1.0,0.0,3.0,0.0,5.0,0.0,0.0,0.0,1.0,0.0,0.0,10.0,0.1,0.0,0.3,0.0,0.5,0.0,0.0,0.0,0.1,0.0,0.0,1.6854752972273344,0.4872116240561098
etats-unis,word,6.0,0.0,0.0,7.0,1.0,2.0,0.0,0.0,0.0,0.0,0.0,16.0,0.375,0.0,0.0,0.4375,0.0625,0.125,0.0,0.0,0.0,0.0,0.0,1.6774212838293647,0.48488349207206377
parfois,word,5.0,0.0,0.0,4.0,1.0,1.0,0.0,0.0,0.0,0.0,0.0,11.0,0.45454545454545453,0.0,0.0,0.36363636363636365,0.09090909090909091,0.09090909090909091,0.0,0.0,0.0,0.0,0.0,1.676737030052133,0.4846856983727909
sale,lemma,4.0,5.0,0.0,0.0,0.0,1.0,0.0,0.0,1.0,0.0,0.0,11.0,0.36363636363636365,0.45454545454545453,0.0,0.0,0.0,0.09090909090909091,0.0,0.0,0.09090909090909091,0.0,0.0,1.676737030052133,0.4846856983727909
sale,word,4.0,5.0,0.0,0.0,0.0,1.0,0.0,0.0,1.0,0.0,0.0,11.0,0.36363636363636365,0.45454545454545453,0.0,0.0,0.0,0.09090909090909091,0.0,0.0,0.09090909090909091,0.0,0.0,1.676737030052133,0.4846856983727909
parfois,lemma,5.0,0.0,0.0,4.0,1.0,1.0,0.0,0.0,0.0,0.0,0.0,11.0,0.45454545454545453,0.0,0.0,0.36363636363636365,0.09090909090909091,0.09090909090909091,0.0,0.0,0.0,0.0,0.0,1.676737030052133,0.4846856983727909
rendu,word,0.0,0.0,1.0,0.0,1.0,4.0,5.0,0.0,0.0,0.0,0.0,11.0,0.0,0.0,0.09090909090909091,0.0,0.09090909090909091,0.36363636363636365,0.45454545454545453,0.0,0.0,0.0,0.0,1.6767370300521325,0.4846856983727908
amour,lemma,0.0,1.0,7.0,0.0,1.0,1.0,0.0,0.0,0.0,1.0,0.0,11.0,0.0,0.09090909090909091,0.6363636363636364,0.0,0.09090909090909091,0.09090909090909091,0.0,0.0,0.0,0.09090909090909091,0.0,1.6729330318733675,0.48358609629993254
membre,lemma,4.0,0.0,1.0,0.0,1.0,1.0,0.0,0.0,0.0,0.0,0.0,7.0,0.5714285714285714,0.0,0.14285714285714285,0.0,0.14285714285714285,0.14285714285714285,0.0,0.0,0.0,0.0,0.0,1.6644977792004614,0.4811477614510914
permettre,lemma,4.0,0.0,1.0,0.0,0.0,1.0,0.0,0.0,0.0,1.0,0.0,7.0,0.5714285714285714,0.0,0.14285714285714285,0.0,0.0,0.14285714285714285,0.0,0.0,0.0,0.14285714285714285,0.0,1.6644977792004614,0.4811477614510914
autant,lemma,1.0,0.0,1.0,0.0,4.0,0.0,1.0,0.0,0.0,0.0,0.0,7.0,0.14285714285714285,0.0,0.14285714285714285,0.0,0.5714285714285714,0.0,0.14285714285714285,0.0,0.0,0.0,0.0,1.6644977792004614,0.4811477614510914
autant,word,1.0,0.0,1.0,0.0,4.0,0.0,1.0,0.0,0.0,0.0,0.0,7.0,0.14285714285714285,0.0,0.14285714285714285,0.0,0.5714285714285714,0.0,0.14285714285714285,0.0,0.0,0.0,0.0,1.6644977792004614,0.4811477614510914
belle,word,0.0,0.0,4.0,1.0,1.0,0.0,1.0,0.0,0.0,0.0,0.0,7.0,0.0,0.0,0.5714285714285714,0.14285714285714285,0.14285714285714285,0.0,0.14285714285714285,0.0,0.0,0.0,0.0,1.6644977792004614,0.4811477614510914
demander,word,4.0,0.0,1.0,0.0,0.0,1.0,0.0,0.0,1.0,0.0,0.0,7.0,0.5714285714285714,0.0,0.14285714285714285,0.0,0.0,0.14285714285714285,0.0,0.0,0.14285714285714285,0.0,0.0,1.6644977792004614,0.4811477614510914
disparu,word,1.0,0.0,0.0,4.0,1.0,1.0,0.0,0.0,0.0,0.0,0.0,7.0,0.14285714285714285,0.0,0.0,0.5714285714285714,0.14285714285714285,0.14285714285714285,0.0,0.0,0.0,0.0,0.0,1.6644977792004614,0.4811477614510914
gêner,lemma,1.0,1.0,0.0,0.0,1.0,0.0,0.0,0.0,4.0,0.0,0.0,7.0,0.14285714285714285,0.14285714285714285,0.0,0.0,0.14285714285714285,0.0,0.0,0.0,0.5714285714285714,0.0,0.0,1.664497779200461,0.4811477614510913
soupire,word,1.0,1.0,0.0,1.0,0.0,4.0,0.0,0.0,0.0,0.0,0.0,7.0,0.14285714285714285,0.14285714285714285,0.0,0.14285714285714285,0.0,0.5714285714285714,0.0,0.0,0.0,0.0,0.0,1.664497779200461,0.4811477614510913
connaître,lemma,0.0,0.0,1.0,1.0,1.0,4.0,0.0,0.0,0.0,0.0,0.0,7.0,0.0,0.0,0.14285714285714285,0.14285714285714285,0.14285714285714285,0.5714285714285714,0.0,0.0,0.0,0.0,0.0,1.664497779200461,0.4811477614510913
soupire,lemma,1.0,1.0,0.0,1.0,0.0,4.0,0.0,0.0,0.0,0.0,0.0,7.0,0.14285714285714285,0.14285714285714285,0.0,0.14285714285714285,0.0,0.5714285714285714,0.0,0.0,0.0,0.0,0.0,1.664497779200461,0.4811477614510913
choquer,lemma,15.0,0.0,0.0,7.0,25.0,3.0,0.0,0.0,0.0,0.0,0.0,50.0,0.3,0.0,0.0,0.14,0.5,0.06,0.0,0.0,0.0,0.0,0.0,1.661733477073473,0.4803486989368634
général,lemma,5.0,0.0,1.0,0.0,1.0,2.0,0.0,0.0,0.0,0.0,0.0,9.0,0.5555555555555556,0.0,0.1111111111111111,0.0,0.1111111111111111,0.2222222222222222,0.0,0.0,0.0,0.0,0.0,1.6577427265048887,0.47919511331687753
subissent,word,2.0,0.0,0.0,1.0,0.0,5.0,0.0,0.0,1.0,0.0,0.0,9.0,0.2222222222222222,0.0,0.0,0.1111111111111111,0.0,0.5555555555555556,0.0,0.0,0.1111111111111111,0.0,0.0,1.6577427265048887,0.47919511331687753
qu'on,word,5.0,0.0,0.0,1.0,0.0,2.0,0.0,0.0,1.0,0.0,0.0,9.0,0.5555555555555556,0.0,0.0,0.1111111111111111,0.0,0.2222222222222222,0.0,0.0,0.1111111111111111,0.0,0.0,1.6577427265048887,0.47919511331687753
jeunes,word,5.0,0.0,2.0,1.0,0.0,1.0,0.0,0.0,0.0,0.0,0.0,9.0,0.5555555555555556,0.0,0.2222222222222222,0.1111111111111111,0.0,0.1111111111111111,0.0,0.0,0.0,0.0,0.0,1.6577427265048887,0.47919511331687753
quelqu,word,2.0,0.0,0.0,5.0,0.0,0.0,1.0,0.0,1.0,0.0,0.0,9.0,0.2222222222222222,0.0,0.0,0.5555555555555556,0.0,0.0,0.1111111111111111,0.0,0.1111111111111111,0.0,0.0,1.6577427265048887,0.47919511331687753
main,lemma,1.0,0.0,5.0,2.0,0.0,0.0,0.0,0.0,0.0,1.0,0.0,9.0,0.1111111111111111,0.0,0.5555555555555556,0.2222222222222222,0.0,0.0,0.0,0.0,0.0,0.1111111111111111,0.0,1.6577427265048887,0.47919511331687753
problème,lemma,10.0,0.0,0.0,3.0,0.0,6.0,0.0,0.0,1.0,0.0,0.0,20.0,0.5,0.0,0.0,0.15,0.0,0.3,0.0,0.0,0.05,0.0,0.0,1.6477309221191607,0.4763010528209884
terre,lemma,6.0,0.0,0.0,8.0,1.0,2.0,0.0,0.0,0.0,0.0,0.0,17.0,0.35294117647058826,0.0,0.0,0.47058823529411764,0.058823529411764705,0.11764705882352941,0.0,0.0,0.0,0.0,0.0,1.6457113704075788,0.47571727145623993
tuer,lemma,14.0,0.0,0.0,24.0,1.0,15.0,0.0,0.0,0.0,0.0,0.0,54.0,0.25925925925925924,0.0,0.0,0.4444444444444444,0.018518518518518517,0.2777777777777778,0.0,0.0,0.0,0.0,0.0,1.6447869862330613,0.4754500645053821
violentes,word,6.0,1.0,0.0,4.0,0.0,1.0,0.0,0.0,0.0,0.0,0.0,12.0,0.5,0.08333333333333333,0.0,0.3333333333333333,0.0,0.08333333333333333,0.0,0.0,0.0,0.0,0.0,1.6258145836939115,0.46996581026056966
président,lemma,27.0,0.0,2.0,1.0,4.0,3.0,1.0,0.0,0.0,1.0,0.0,39.0,0.6923076923076923,0.0,0.05128205128205128,0.02564102564102564,0.10256410256410256,0.07692307692307693,0.02564102564102564,0.0,0.0,0.02564102564102564,0.0,1.6152265762833478,0.46690518973738254
reçu,word,0.0,0.0,6.0,0.0,1.0,0.0,1.0,0.0,0.0,5.0,0.0,13.0,0.0,0.0,0.46153846153846156,0.0,0.07692307692307693,0.0,0.07692307692307693,0.0,0.0,0.38461538461538464,0.0,1.6143308351592656,0.46664626248492397
mauvais,word,7.0,0.0,0.0,2.0,0.0,2.0,0.0,0.0,1.0,0.0,0.0,12.0,0.5833333333333334,0.0,0.0,0.16666666666666666,0.0,0.16666666666666666,0.0,0.0,0.08333333333333333,0.0,0.0,1.6140054628542204,0.46655220879607745
rue,word,7.0,0.0,1.0,2.0,0.0,2.0,0.0,0.0,0.0,0.0,0.0,12.0,0.5833333333333334,0.0,0.08333333333333333,0.16666666666666666,0.0,0.16666666666666666,0.0,0.0,0.0,0.0,0.0,1.6140054628542202,0.46655220879607734
meilleur,lemma,3.0,0.0,9.0,0.0,0.0,0.0,1.0,0.0,0.0,11.0,0.0,24.0,0.125,0.0,0.375,0.0,0.0,0.0,0.041666666666666664,0.0,0.0,0.4583333333333333,0.0,1.6125474873813834,0.4661307593692461
violence,word,3.0,0.0,2.0,8.0,0.0,1.0,0.0,0.0,0.0,0.0,0.0,14.0,0.21428571428571427,0.0,0.14285714285714285,0.5714285714285714,0.0,0.07142857142857142,0.0,0.0,0.0,0.0,0.0,1.610577243331642,0.4655612311152037
harcèlemer,lemma,1.0,0.0,0.0,7.0,0.0,9.0,0.0,0.0,2.0,0.0,0.0,19.0,0.05263157894736842,0.0,0.0,0.3684210526315789,0.0,0.47368421052631576,0.0,0.0,0.10526315789473684,0.0,0.0,1.6068322783181097,0.46447869345400045
harcèlement,word,1.0,0.0,0.0,7.0,0.0,9.0,0.0,0.0,2.0,0.0,0.0,19.0,0.05263157894736842,0.0,0.0,0.3684210526315789,0.0,0.47368421052631576,0.0,0.0,0.10526315789473684,0.0,0.0,1.6068322783181097,0.46447869345400045
conditions,word,13.0,0.0,2.0,3.0,0.0,4.0,0.0,0.0,0.0,0.0,0.0,22.0,0.5909090909090909,0.0,0.09090909090909091,0.13636363636363635,0.0,0.18181818181818182,0.0,0.0,0.0,0.0,0.0,1.6021314441828578,0.4631198476511446
condition,lemma,13.0,0.0,2.0,3.0,0.0,4.0,0.0,0.0,0.0,0.0,0.0,22.0,0.5909090909090909,0.0,0.09090909090909091,0.13636363636363635,0.0,0.18181818181818182,0.0,0.0,0.0,0.0,0.0,1.6021314441828578,0.4631198476511446
violence,lemma,12.0,0.0,2.0,23.0,0.0,6.0,0.0,0.0,0.0,0.0,0.0,43.0,0.27906976744186046,0.0,0.046511627906976744,0.5348837209302325,0.0,0.13953488372093023,0.0,0.0,0.0,0.0,0.0,1.59902638255577,0.46222228355120415
devenues,word,1.0,0.0,0.0,1.0,0.0,1.0,0.0,0.0,0.0,0.0,0.0,3.0,0.3333333333333333,0.0,0.0,0.3333333333333333,0.0,0.3333333333333333,0.0,0.0,0.0,0.0,0.0,1.584962500721156,0.4581569099913262
tribunal,lemma,1.0,0.0,0.0,1.0,0.0,0.0,0.0,0.0,1.0,0.0,0.0,3.0,0.3333333333333333,0.0,0.0,0.3333333333333333,0.0,0.0,0.0,0.0,0.3333333333333333,0.0,0.0,1.584962500721156,0.4581569099913262
passés,word,0.0,0.0,1.0,1.0,0.0,0.0,0.0,0.0,1.0,0.0,0.0,3.0,0.0,0.0,0.3333333333333333,0.3333333333333333,0.0,0.0,0.0,0.0,0.3333333333333333,0.0,0.0,1.584962500721156,0.4581569099913262
ider,lemma,0.0,0.0,1.0,0.0,1.0,0.0,1.0,0.0,0.0,0.0,0.0,3.0,0.0,0.0,0.3333333333333333,0.0,0.3333333333333333,0.0,0.3333333333333333,0.0,0.0,0.0,0.0,1.584962500721156,0.4581569099913262
tromper,lemma,1.0,0.0,0.0,0.0,1.0,0.0,0.0,1.0,0.0,0.0,0.0,3.0,0.3333333333333333,0.0,0.0,0.0,0.3333333333333333,0.0,0.0,0.3333333333333333,0.0,0.0,0.0,1.584962500721156,0.4581569099913262
arraché,word,1.0,0.0,0.0,1.0,1.0,0.0,0.0,0.0,0.0,0.0,0.0,3.0,0.3333333333333333,0.0,0.0,0.3333333333333333,0.3333333333333333,0.0,0.0,0.0,0.0,0.0,0.0,1.584962500721156,0.4581569099913262
tribunal,word,1.0,0.0,0.0,1.0,0.0,0.0,0.0,0.0,1.0,0.0,0.0,3.0,0.3333333333333333,0.0,0.0,0.3333333333333333,0.0,0.0,0.0,0.0,0.3333333333333333,0.0,0.0,1.584962500721156,0.4581569099913262
pauvreté,word,2.0,0.0,0.0,2.0,0.0,2.0,0.0,0.0,0.0,0.0,0.0,6.0,0.3333333333333333,0.0,0.0,0.3333333333333333,0.0,0.3333333333333333,0.0,0.0,0.0,0.0,0.0,1.584962500721156,0.4581569099913262
pousser,lemma,1.0,1.0,0.0,1.0,0.0,0.0,0.0,0.0,0.0,0.0,0.0,3.0,0.3333333333333333,0.3333333333333333,0.0,0.3333333333333333,0.0,0.0,0.0,0.0,0.0,0.0,0.0,1.584962500721156,0.4581569099913262
courir,lemma,1.0,0.0,0.0,1.0,0.0,1.0,0.0,0.0,0.0,0.0,0.0,3.0,0.3333333333333333,0.0,0.0,0.3333333333333333,0.0,0.3333333333333333,0.0,0.0,0.0,0.0,0.0,1.584962500721156,0.4581569099913262
course,word,0.0,0.0,1.0,1.0,0.0,0.0,0.0,0.0,0.0,1.0,0.0,3.0,0.0,0.0,0.3333333333333333,0.3333333333333333,0.0,0.0,0.0,0.0,0.0,0.3333333333333333,0.0,1.584962500721156,0.4581569099913262
couleur,lemma,0.0,0.0,1.0,0.0,0.0,1.0,0.0,0.0,0.0,1.0,0.0,3.0,0.0,0.0,0.3333333333333333,0.0,0.0,0.3333333333333333,0.0,0.0,0.0,0.3333333333333333,0.0,1.584962500721156,0.4581569099913262
couleurs,word,0.0,0.0,1.0,0.0,0.0,1.0,0.0,0.0,0.0,1.0,0.0,3.0,0.0,0.0,0.3333333333333333,0.0,0.0,0.3333333333333333,0.0,0.0,0.0,0.3333333333333333,0.0,1.584962500721156,0.4581569099913262
pauvreté,lemma,2.0,0.0,0.0,2.0,0.0,2.0,0.0,0.0,0.0,0.0,0.0,6.0,0.3333333333333333,0.0,0.0,0.3333333333333333,0.0,0.3333333333333333,0.0,0.0,0.0,0.0,0.0,1.584962500721156,0.4581569099913262
course,lemma,0.0,0.0,1.0,1.0,0.0,0.0,0.0,0.0,0.0,1.0,0.0,3.0,0.0,0.0,0.3333333333333333,0.3333333333333333,0.0,0.0,0.0,0.0,0.0,0.3333333333333333,0.0,1.584962500721156,0.4581569099913262
ouvert,word,1.0,0.0,0.0,1.0,0.0,0.0,0.0,0.0,0.0,1.0,0.0,3.0,0.3333333333333333,0.0,0.0,0.3333333333333333,0.0,0.0,0.0,0.0,0.0,0.3333333333333333,0.0,1.584962500721156,0.4581569099913262
interdits,word,1.0,0.0,0.0,1.0,0.0,1.0,0.0,0.0,0.0,0.0,0.0,3.0,0.3333333333333333,0.0,0.0,0.3333333333333333,0.0,0.3333333333333333,0.0,0.0,0.0,0.0,0.0,1.584962500721156,0.4581569099913262
intérieur,lemma,1.0,0.0,0.0,1.0,0.0,1.0,0.0,0.0,0.0,0.0,0.0,3.0,0.3333333333333333,0.0,0.0,0.3333333333333333,0.0,0.3333333333333333,0.0,0.0,0.0,0.0,0.0,1.584962500721156,0.4581569099913262
intérieur,word,1.0,0.0,0.0,1.0,0.0,1.0,0.0,0.0,0.0,0.0,0.0,3.0,0.3333333333333333,0.0,0.0,0.3333333333333333,0.0,0.3333333333333333,0.0,0.0,0.0,0.0,0.0,1.584962500721156,0.4581569099913262
texte,word,1.0,0.0,1.0,1.0,0.0,0.0,0.0,0.0,0.0,0.0,0.0,3.0,0.3333333333333333,0.0,0.3333333333333333,0.3333333333333333,0.0,0.0,0.0,0.0,0.0,0.0,0.0,1.584962500721156,0.4581569099913262
texte,lemma,1.0,0.0,1.0,1.0,0.0,0.0,0.0,0.0,0.0,0.0,0.0,3.0,0.3333333333333333,0.0,0.3333333333333333,0.3333333333333333,0.0,0.0,0.0,0.0,0.0,0.0,0.0,1.584962500721156,0.4581569099913262
insister,lemma,1.0,0.0,1.0,1.0,0.0,0.0,0.0,0.0,0.0,0.0,0.0,3.0,0.3333333333333333,0.0,0.3333333333333333,0.3333333333333333,0.0,0.0,0.0,0.0,0.0,0.0,0.0,1.584962500721156,0.4581569099913262
insiste,word,1.0,0.0,1.0,1.0,0.0,0.0,0.0,0.0,0.0,0.0,0.0,3.0,0.3333333333333333,0.0,0.3333333333333333,0.3333333333333333,0.0,0.0,0.0,0.0,0.0,0.0,0.0,1.584962500721156,0.4581569099913262
impressionnante,word,0.0,0.0,0.0,1.0,1.0,0.0,1.0,0.0,0.0,0.0,0.0,3.0,0.0,0.0,0.0,0.3333333333333333,0.3333333333333333,0.0,0.3333333333333333,0.0,0.0,0.0,0.0,1.584962500721156,0.4581569099913262
talent,lemma,0.0,0.0,0.0,0.0,0.0,1.0,0.0,0.0,1.0,1.0,0.0,3.0,0.0,0.0,0.0,0.0,0.0,0.3333333333333333,0.0,0.0,0.3333333333333333,0.3333333333333333,0.0,1.584962500721156,0.4581569099913262
potable,word,1.0,0.0,0.0,1.0,0.0,1.0,0.0,0.0,0.0,0.0,0.0,3.0,0.3333333333333333,0.0,0.0,0.3333333333333333,0.0,0.3333333333333333,0.0,0.0,0.0,0.0,0.0,1.584962500721156,0.4581569099913262
potable,lemma,1.0,0.0,0.0,1.0,0.0,1.0,0.0,0.0,0.0,0.0,0.0,3.0,0.3333333333333333,0.0,0.0,0.3333333333333333,0.0,0.3333333333333333,0.0,0.0,0.0,0.0,0.0,1.584962500721156,0.4581569099913262
d'accord,word,1.0,0.0,1.0,1.0,0.0,0.0,0.0,0.0,0.0,0.0,0.0,3.0,0.3333333333333333,0.0,0.3333333333333333,0.3333333333333333,0.0,0.0,0.0,0.0,0.0,0.0,0.0,1.584962500721156,0.4581569099913262
permet,word,0.0,0.0,1.0,0.0,0.0,1.0,0.0,0.0,0.0,1.0,0.0,3.0,0.0,0.0,0.3333333333333333,0.0,0.0,0.3333333333333333,0.0,0.0,0.0,0.3333333333333333,0.0,1.584962500721156,0.4581569099913262
pensé,word,0.0,1.0,0.0,0.0,1.0,1.0,0.0,0.0,0.0,0.0,0.0,3.0,0.0,0.3333333333333333,0.0,0.0,0.3333333333333333,0.3333333333333333,0.0,0.0,0.0,0.0,0.0,1.584962500721156,0.4581569099913262
distribution,lemma,0.0,0.0,1.0,0.0,1.0,0.0,1.0,0.0,0.0,0.0,0.0,3.0,0.0,0.0,0.3333333333333333,0.0,0.3333333333333333,0.0,0.3333333333333333,0.0,0.0,0.0,0.0,1.584962500721156,0.4581569099913262
fabuleux,lemma,0.0,0.0,1.0,0.0,1.0,0.0,1.0,0.0,0.0,0.0,0.0,3.0,0.0,0.0,0.3333333333333333,0.0,0.3333333333333333,0.0,0.3333333333333333,0.0,0.0,0.0,0.0,1.584962500721156,0.4581569099913262
fabuleux,word,0.0,0.0,1.0,0.0,1.0,0.0,1.0,0.0,0.0,0.0,0.0,3.0,0.0,0.0,0.3333333333333333,0.0,0.3333333333333333,0.0,0.3333333333333333,0.0,0.0,0.0,0.0,1.584962500721156,0.4581569099913262
aïe,word,1.0,0.0,0.0,0.0,0.0,1.0,0.0,0.0,1.0,0.0,0.0,3.0,0.3333333333333333,0.0,0.0,0.0,0.0,0.3333333333333333,0.0,0.0,0.3333333333333333,0.0,0.0,1.584962500721156,0.4581569099913262
aïe,lemma,1.0,0.0,0.0,0.0,0.0,1.0,0.0,0.0,1.0,0.0,0.0,3.0,0.3333333333333333,0.0,0.0,0.0,0.0,0.3333333333333333,0.0,0.0,0.3333333333333333,0.0,0.0,1.584962500721156,0.4581569099913262
bain,lemma,1.0,0.0,0.0,0.0,1.0,1.0,0.0,0.0,0.0,0.0,0.0,3.0,0.3333333333333333,0.0,0.0,0.0,0.3333333333333333,0.3333333333333333,0.0,0.0,0.0,0.0,0.0,1.584962500721156,0.4581569099913262
sélection,lemma,0.0,0.0,1.0,0.0,1.0,0.0,0.0,0.0,0.0,1.0,0.0,3.0,0.0,0.0,0.3333333333333333,0.0,0.3333333333333333,0.0,0.0,0.0,0.0,0.3333333333333333,0.0,1.584962500721156,0.4581569099913262
sélection,word,0.0,0.0,1.0,0.0,1.0,0.0,0.0,0.0,0.0,1.0,0.0,3.0,0.0,0.0,0.3333333333333333,0.0,0.3333333333333333,0.0,0.0,0.0,0.0,0.3333333333333333,0.0,1.584962500721156,0.4581569099913262
symbole,lemma,1.0,0.0,0.0,0.0,0.0,1.0,1.0,0.0,0.0,0.0,0.0,3.0,0.3333333333333333,0.0,0.0,0.0,0.0,0.3333333333333333,0.3333333333333333,0.0,0.0,0.0,0.0,1.584962500721156,0.4581569099913262
présenter,lemma,0.0,0.0,0.0,0.0,0.0,0.0,1.0,1.0,1.0,0.0,0.0,3.0,0.0,0.0,0.0,0.0,0.0,0.0,0.3333333333333333,0.3333333333333333,0.3333333333333333,0.0,0.0,1.584962500721156,0.4581569099913262
discours,word,1.0,0.0,0.0,1.0,0.0,1.0,0.0,0.0,0.0,0.0,0.0,3.0,0.3333333333333333,0.0,0.0,0.3333333333333333,0.0,0.3333333333333333,0.0,0.0,0.0,0.0,0.0,1.584962500721156,0.4581569099913262
discours,lemma,1.0,0.0,0.0,1.0,0.0,1.0,0.0,0.0,0.0,0.0,0.0,3.0,0.3333333333333333,0.0,0.0,0.3333333333333333,0.0,0.3333333333333333,0.0,0.0,0.0,0.0,0.0,1.584962500721156,0.4581569099913262
professeur,lemma,0.0,0.0,0.0,1.0,1.0,1.0,0.0,0.0,0.0,0.0,0.0,3.0,0.0,0.0,0.0,0.3333333333333333,0.3333333333333333,0.3333333333333333,0.0,0.0,0.0,0.0,0.0,1.584962500721156,0.4581569099913262
copines,word,0.0,0.0,1.0,0.0,0.0,1.0,0.0,0.0,0.0,1.0,0.0,3.0,0.0,0.0,0.3333333333333333,0.0,0.0,0.3333333333333333,0.0,0.0,0.0,0.3333333333333333,0.0,1.584962500721156,0.4581569099913262
construire,lemma,0.0,0.0,0.0,1.0,0.0,1.0,0.0,0.0,0.0,1.0,0.0,3.0,0.0,0.0,0.0,0.3333333333333333,0.0,0.3333333333333333,0.0,0.0,0.0,0.3333333333333333,0.0,1.584962500721156,0.4581569099913262
suivant,lemma,0.0,0.0,0.0,0.0,1.0,1.0,0.0,0.0,1.0,0.0,0.0,3.0,0.0,0.0,0.0,0.0,0.3333333333333333,0.3333333333333333,0.0,0.0,0.3333333333333333,0.0,0.0,1.584962500721156,0.4581569099913262
prestigieuse,word,0.0,0.0,1.0,0.0,0.0,0.0,1.0,0.0,0.0,1.0,0.0,3.0,0.0,0.0,0.3333333333333333,0.0,0.0,0.0,0.3333333333333333,0.0,0.0,0.3333333333333333,0.0,1.584962500721156,0.4581569099913262
distribution,word,0.0,0.0,1.0,0.0,1.0,0.0,1.0,0.0,0.0,0.0,0.0,3.0,0.0,0.0,0.3333333333333333,0.0,0.3333333333333333,0.0,0.3333333333333333,0.0,0.0,0.0,0.0,1.584962500721156,0.4581569099913262
jolies,word,1.0,0.0,1.0,0.0,0.0,0.0,0.0,0.0,0.0,1.0,0.0,3.0,0.3333333333333333,0.0,0.3333333333333333,0.0,0.0,0.0,0.0,0.0,0.0,0.3333333333333333,0.0,1.584962500721156,0.4581569099913262
joindre,lemma,1.0,0.0,1.0,0.0,0.0,0.0,0.0,0.0,0.0,1.0,0.0,3.0,0.3333333333333333,0.0,0.3333333333333333,0.0,0.0,0.0,0.0,0.0,0.0,0.3333333333333333,0.0,1.584962500721156,0.4581569099913262
excellent,word,0.0,0.0,0.0,0.0,1.0,0.0,1.0,0.0,0.0,1.0,0.0,3.0,0.0,0.0,0.0,0.0,0.3333333333333333,0.0,0.3333333333333333,0.0,0.0,0.3333333333333333,0.0,1.584962500721156,0.4581569099913262
bas,word,1.0,1.0,1.0,0.0,0.0,0.0,0.0,0.0,0.0,0.0,0.0,3.0,0.3333333333333333,0.3333333333333333,0.3333333333333333,0.0,0.0,0.0,0.0,0.0,0.0,0.0,0.0,1.584962500721156,0.4581569099913262
sévèrement,word,1.0,0.0,0.0,1.0,0.0,0.0,1.0,0.0,0.0,0.0,0.0,3.0,0.3333333333333333,0.0,0.0,0.3333333333333333,0.0,0.0,0.3333333333333333,0.0,0.0,0.0,0.0,1.584962500721156,0.4581569099913262
sévèrement,lemma,1.0,0.0,0.0,1.0,0.0,0.0,1.0,0.0,0.0,0.0,0.0,3.0,0.3333333333333333,0.0,0.0,0.3333333333333333,0.0,0.0,0.3333333333333333,0.0,0.0,0.0,0.0,1.584962500721156,0.4581569099913262
table,lemma,1.0,0.0,1.0,0.0,1.0,0.0,0.0,0.0,0.0,0.0,0.0,3.0,0.3333333333333333,0.0,0.3333333333333333,0.0,0.3333333333333333,0.0,0.0,0.0,0.0,0.0,0.0,1.584962500721156,0.4581569099913262
doute,lemma,1.0,0.0,0.0,0.0,1.0,0.0,0.0,0.0,0.0,1.0,0.0,3.0,0.3333333333333333,0.0,0.0,0.0,0.3333333333333333,0.0,0.0,0.0,0.0,0.3333333333333333,0.0,1.584962500721156,0.4581569099913262
drame,word,1.0,0.0,0.0,1.0,0.0,1.0,0.0,0.0,0.0,0.0,0.0,3.0,0.3333333333333333,0.0,0.0,0.3333333333333333,0.0,0.3333333333333333,0.0,0.0,0.0,0.0,0.0,1.584962500721156,0.4581569099913262
qu'un,word,0.0,1.0,0.0,1.0,1.0,0.0,0.0,0.0,0.0,0.0,0.0,3.0,0.0,0.3333333333333333,0.0,0.3333333333333333,0.3333333333333333,0.0,0.0,0.0,0.0,0.0,0.0,1.584962500721156,0.4581569099913262
doigt,lemma,1.0,0.0,0.0,0.0,0.0,1.0,0.0,1.0,0.0,0.0,0.0,3.0,0.3333333333333333,0.0,0.0,0.0,0.0,0.3333333333333333,0.0,0.3333333333333333,0.0,0.0,0.0,1.584962500721156,0.4581569099913262
publics,word,1.0,0.0,0.0,1.0,0.0,1.0,0.0,0.0,0.0,0.0,0.0,3.0,0.3333333333333333,0.0,0.0,0.3333333333333333,0.0,0.3333333333333333,0.0,0.0,0.0,0.0,0.0,1.584962500721156,0.4581569099913262
drame,lemma,1.0,0.0,0.0,1.0,0.0,1.0,0.0,0.0,0.0,0.0,0.0,3.0,0.3333333333333333,0.0,0.0,0.3333333333333333,0.0,0.3333333333333333,0.0,0.0,0.0,0.0,0.0,1.584962500721156,0.4581569099913262
oiseaux,word,0.0,0.0,0.0,1.0,1.0,1.0,0.0,0.0,0.0,0.0,0.0,3.0,0.0,0.0,0.0,0.3333333333333333,0.3333333333333333,0.3333333333333333,0.0,0.0,0.0,0.0,0.0,1.584962500721156,0.4581569099913262
courir,word,1.0,0.0,0.0,1.0,0.0,1.0,0.0,0.0,0.0,0.0,0.0,3.0,0.3333333333333333,0.0,0.0,0.3333333333333333,0.0,0.3333333333333333,0.0,0.0,0.0,0.0,0.0,1.584962500721156,0.4581569099913262
film,word,0.0,0.0,1.0,0.0,1.0,0.0,0.0,0.0,0.0,1.0,0.0,3.0,0.0,0.0,0.3333333333333333,0.0,0.3333333333333333,0.0,0.0,0.0,0.0,0.3333333333333333,0.0,1.584962500721156,0.4581569099913262
véritables,word,0.0,0.0,1.0,0.0,0.0,0.0,1.0,0.0,0.0,1.0,0.0,3.0,0.0,0.0,0.3333333333333333,0.0,0.0,0.0,0.3333333333333333,0.0,0.0,0.3333333333333333,0.0,1.584962500721156,0.4581569099913262
adolescent,lemma,1.0,0.0,0.0,1.0,1.0,0.0,0.0,0.0,0.0,0.0,0.0,3.0,0.3333333333333333,0.0,0.0,0.3333333333333333,0.3333333333333333,0.0,0.0,0.0,0.0,0.0,0.0,1.584962500721156,0.4581569099913262
acteur,word,0.0,0.0,1.0,0.0,1.0,0.0,0.0,0.0,0.0,1.0,0.0,3.0,0.0,0.0,0.3333333333333333,0.0,0.3333333333333333,0.0,0.0,0.0,0.0,0.3333333333333333,0.0,1.584962500721156,0.4581569099913262
élève,lemma,0.0,0.0,2.0,0.0,0.0,2.0,0.0,0.0,0.0,2.0,0.0,6.0,0.0,0.0,0.3333333333333333,0.0,0.0,0.3333333333333333,0.0,0.0,0.0,0.3333333333333333,0.0,1.584962500721156,0.4581569099913262
ventre,lemma,0.0,1.0,1.0,1.0,0.0,0.0,0.0,0.0,0.0,0.0,0.0,3.0,0.0,0.3333333333333333,0.3333333333333333,0.3333333333333333,0.0,0.0,0.0,0.0,0.0,0.0,0.0,1.584962500721156,0.4581569099913262
ventre,word,0.0,1.0,1.0,1.0,0.0,0.0,0.0,0.0,0.0,0.0,0.0,3.0,0.0,0.3333333333333333,0.3333333333333333,0.3333333333333333,0.0,0.0,0.0,0.0,0.0,0.0,0.0,1.584962500721156,0.4581569099913262
forcés,word,1.0,0.0,0.0,1.0,0.0,1.0,0.0,0.0,0.0,0.0,0.0,3.0,0.3333333333333333,0.0,0.0,0.3333333333333333,0.0,0.3333333333333333,0.0,0.0,0.0,0.0,0.0,1.584962500721156,0.4581569099913262
arrête,word,1.0,1.0,0.0,0.0,0.0,1.0,0.0,0.0,0.0,0.0,0.0,3.0,0.3333333333333333,0.3333333333333333,0.0,0.0,0.0,0.3333333333333333,0.0,0.0,0.0,0.0,0.0,1.584962500721156,0.4581569099913262
froid,lemma,1.0,0.0,0.0,1.0,0.0,0.0,1.0,0.0,0.0,0.0,0.0,3.0,0.3333333333333333,0.0,0.0,0.3333333333333333,0.0,0.0,0.3333333333333333,0.0,0.0,0.0,0.0,1.584962500721156,0.4581569099913262
grâce,lemma,0.0,0.0,1.0,0.0,1.0,0.0,0.0,0.0,0.0,1.0,0.0,3.0,0.0,0.0,0.3333333333333333,0.0,0.3333333333333333,0.0,0.0,0.0,0.0,0.3333333333333333,0.0,1.584962500721156,0.4581569099913262
habits,word,1.0,0.0,1.0,0.0,0.0,1.0,0.0,0.0,0.0,0.0,0.0,3.0,0.3333333333333333,0.0,0.3333333333333333,0.0,0.0,0.3333333333333333,0.0,0.0,0.0,0.0,0.0,1.584962500721156,0.4581569099913262
habit,lemma,1.0,0.0,1.0,0.0,0.0,1.0,0.0,0.0,0.0,0.0,0.0,3.0,0.3333333333333333,0.0,0.3333333333333333,0.0,0.0,0.3333333333333333,0.0,0.0,0.0,0.0,0.0,1.584962500721156,0.4581569099913262
grâce,word,0.0,0.0,1.0,0.0,1.0,0.0,0.0,0.0,0.0,1.0,0.0,3.0,0.0,0.0,0.3333333333333333,0.0,0.3333333333333333,0.0,0.0,0.0,0.0,0.3333333333333333,0.0,1.584962500721156,0.4581569099913262
élèves,word,0.0,0.0,2.0,0.0,0.0,2.0,0.0,0.0,0.0,2.0,0.0,6.0,0.0,0.0,0.3333333333333333,0.0,0.0,0.3333333333333333,0.0,0.0,0.0,0.3333333333333333,0.0,1.584962500721156,0.4581569099913262
"""",punctuation,2.0,0.0,0.0,2.0,0.0,0.0,0.0,0.0,2.0,0.0,0.0,6.0,0.3333333333333333,0.0,0.0,0.3333333333333333,0.0,0.0,0.0,0.0,0.3333333333333333,0.0,0.0,1.584962500721156,0.4581569099913262
reconnu,word,1.0,0.0,1.0,0.0,0.0,0.0,0.0,0.0,0.0,1.0,0.0,3.0,0.3333333333333333,0.0,0.3333333333333333,0.0,0.0,0.0,0.0,0.0,0.0,0.3333333333333333,0.0,1.584962500721156,0.4581569099913262
riche,word,0.0,0.0,0.0,0.0,0.0,1.0,1.0,0.0,0.0,1.0,0.0,3.0,0.0,0.0,0.0,0.0,0.0,0.3333333333333333,0.3333333333333333,0.0,0.0,0.3333333333333333,0.0,1.584962500721156,0.4581569099913262
n'y,word,0.0,0.0,1.0,0.0,0.0,1.0,0.0,0.0,0.0,1.0,0.0,3.0,0.0,0.0,0.3333333333333333,0.0,0.0,0.3333333333333333,0.0,0.0,0.0,0.3333333333333333,0.0,1.584962500721156,0.4581569099913262
neige,lemma,0.0,0.0,0.0,0.0,1.0,1.0,1.0,0.0,0.0,0.0,0.0,3.0,0.0,0.0,0.0,0.0,0.3333333333333333,0.3333333333333333,0.3333333333333333,0.0,0.0,0.0,0.0,1.584962500721156,0.4581569099913262
blanc,word,1.0,0.0,1.0,0.0,0.0,0.0,0.0,0.0,0.0,1.0,0.0,3.0,0.3333333333333333,0.0,0.3333333333333333,0.0,0.0,0.0,0.0,0.0,0.0,0.3333333333333333,0.0,1.584962500721156,0.4581569099913262
laisser,word,8.0,0.0,1.0,0.0,0.0,1.0,0.0,1.0,0.0,1.0,0.0,12.0,0.6666666666666666,0.0,0.08333333333333333,0.0,0.0,0.08333333333333333,0.0,0.08333333333333333,0.0,0.08333333333333333,0.0,1.584962500721156,0.4581569099913262
stage,word,0.0,0.0,1.0,1.0,0.0,1.0,0.0,0.0,0.0,0.0,0.0,3.0,0.0,0.0,0.3333333333333333,0.3333333333333333,0.0,0.3333333333333333,0.0,0.0,0.0,0.0,0.0,1.584962500721156,0.4581569099913262
bloquaient,word,1.0,0.0,0.0,1.0,0.0,0.0,0.0,0.0,1.0,0.0,0.0,3.0,0.3333333333333333,0.0,0.0,0.3333333333333333,0.0,0.0,0.0,0.0,0.3333333333333333,0.0,0.0,1.584962500721156,0.4581569099913262
jugés,word,1.0,0.0,0.0,1.0,0.0,1.0,0.0,0.0,0.0,0.0,0.0,3.0,0.3333333333333333,0.0,0.0,0.3333333333333333,0.0,0.3333333333333333,0.0,0.0,0.0,0.0,0.0,1.584962500721156,0.4581569099913262
billy,word,0.0,0.0,1.0,0.0,0.0,0.0,0.0,0.0,1.0,1.0,0.0,3.0,0.0,0.0,0.3333333333333333,0.0,0.0,0.0,0.0,0.0,0.3333333333333333,0.3333333333333333,0.0,1.584962500721156,0.4581569099913262
billy,lemma,0.0,0.0,1.0,0.0,0.0,0.0,0.0,0.0,1.0,1.0,0.0,3.0,0.0,0.0,0.3333333333333333,0.0,0.0,0.0,0.0,0.0,0.3333333333333333,0.3333333333333333,0.0,1.584962500721156,0.4581569099913262
pa,lemma,1.0,1.0,0.0,0.0,0.0,0.0,0.0,0.0,1.0,0.0,0.0,3.0,0.3333333333333333,0.3333333333333333,0.0,0.0,0.0,0.0,0.0,0.0,0.3333333333333333,0.0,0.0,1.584962500721156,0.4581569099913262
quasiment,lemma,0.0,0.0,1.0,0.0,1.0,1.0,0.0,0.0,0.0,0.0,0.0,3.0,0.0,0.0,0.3333333333333333,0.0,0.3333333333333333,0.3333333333333333,0.0,0.0,0.0,0.0,0.0,1.584962500721156,0.4581569099913262
quasiment,word,0.0,0.0,1.0,0.0,1.0,1.0,0.0,0.0,0.0,0.0,0.0,3.0,0.0,0.0,0.3333333333333333,0.0,0.3333333333333333,0.3333333333333333,0.0,0.0,0.0,0.0,0.0,1.584962500721156,0.4581569099913262
sombre,lemma,1.0,1.0,0.0,0.0,0.0,1.0,0.0,0.0,0.0,0.0,0.0,3.0,0.3333333333333333,0.3333333333333333,0.0,0.0,0.0,0.3333333333333333,0.0,0.0,0.0,0.0,0.0,1.584962500721156,0.4581569099913262
sombre,word,1.0,1.0,0.0,0.0,0.0,1.0,0.0,0.0,0.0,0.0,0.0,3.0,0.3333333333333333,0.3333333333333333,0.0,0.0,0.0,0.3333333333333333,0.0,0.0,0.0,0.0,0.0,1.584962500721156,0.4581569099913262
oiseau,lemma,0.0,0.0,0.0,1.0,1.0,1.0,0.0,0.0,0.0,0.0,0.0,3.0,0.0,0.0,0.0,0.3333333333333333,0.3333333333333333,0.3333333333333333,0.0,0.0,0.0,0.0,0.0,1.584962500721156,0.4581569099913262
livres,word,0.0,0.0,0.0,1.0,1.0,1.0,0.0,0.0,0.0,0.0,0.0,3.0,0.0,0.0,0.0,0.3333333333333333,0.3333333333333333,0.3333333333333333,0.0,0.0,0.0,0.0,0.0,1.584962500721156,0.4581569099913262
situé,word,1.0,0.0,0.0,1.0,0.0,1.0,0.0,0.0,0.0,0.0,0.0,3.0,0.3333333333333333,0.0,0.0,0.3333333333333333,0.0,0.3333333333333333,0.0,0.0,0.0,0.0,0.0,1.584962500721156,0.4581569099913262
simple,word,0.0,0.0,1.0,0.0,1.0,1.0,0.0,0.0,0.0,0.0,0.0,3.0,0.0,0.0,0.3333333333333333,0.0,0.3333333333333333,0.3333333333333333,0.0,0.0,0.0,0.0,0.0,1.584962500721156,0.4581569099913262
service,lemma,1.0,1.0,0.0,1.0,0.0,0.0,0.0,0.0,0.0,0.0,0.0,3.0,0.3333333333333333,0.3333333333333333,0.0,0.3333333333333333,0.0,0.0,0.0,0.0,0.0,0.0,0.0,1.584962500721156,0.4581569099913262
service,word,1.0,1.0,0.0,1.0,0.0,0.0,0.0,0.0,0.0,0.0,0.0,3.0,0.3333333333333333,0.3333333333333333,0.0,0.3333333333333333,0.0,0.0,0.0,0.0,0.0,0.0,0.0,1.584962500721156,0.4581569099913262
servir,word,0.0,0.0,1.0,1.0,0.0,0.0,0.0,0.0,0.0,1.0,0.0,3.0,0.0,0.0,0.3333333333333333,0.3333333333333333,0.0,0.0,0.0,0.0,0.0,0.3333333333333333,0.0,1.584962500721156,0.4581569099913262
seulement,word,0.0,0.0,0.0,1.0,1.0,0.0,1.0,0.0,0.0,0.0,0.0,3.0,0.0,0.0,0.0,0.3333333333333333,0.3333333333333333,0.0,0.3333333333333333,0.0,0.0,0.0,0.0,1.584962500721156,0.4581569099913262
club,word,0.0,0.0,1.0,0.0,0.0,0.0,1.0,0.0,0.0,1.0,0.0,3.0,0.0,0.0,0.3333333333333333,0.0,0.0,0.0,0.3333333333333333,0.0,0.0,0.3333333333333333,0.0,1.584962500721156,0.4581569099913262
essaie,word,1.0,0.0,1.0,0.0,0.0,0.0,0.0,0.0,0.0,1.0,0.0,3.0,0.3333333333333333,0.0,0.3333333333333333,0.0,0.0,0.0,0.0,0.0,0.0,0.3333333333333333,0.0,1.584962500721156,0.4581569099913262
racont,lemma,1.0,0.0,1.0,0.0,0.0,1.0,0.0,0.0,0.0,0.0,0.0,3.0,0.3333333333333333,0.0,0.3333333333333333,0.0,0.0,0.3333333333333333,0.0,0.0,0.0,0.0,0.0,1.584962500721156,0.4581569099913262
ravager,lemma,2.0,0.0,0.0,2.0,0.0,2.0,0.0,0.0,0.0,0.0,0.0,6.0,0.3333333333333333,0.0,0.0,0.3333333333333333,0.0,0.3333333333333333,0.0,0.0,0.0,0.0,0.0,1.584962500721156,0.4581569099913262
occupent,word,1.0,0.0,1.0,0.0,0.0,1.0,0.0,0.0,0.0,0.0,0.0,3.0,0.3333333333333333,0.0,0.3333333333333333,0.0,0.0,0.3333333333333333,0.0,0.0,0.0,0.0,0.0,1.584962500721156,0.4581569099913262
nuit,lemma,1.0,0.0,0.0,1.0,0.0,1.0,0.0,0.0,0.0,0.0,0.0,3.0,0.3333333333333333,0.0,0.0,0.3333333333333333,0.0,0.3333333333333333,0.0,0.0,0.0,0.0,0.0,1.584962500721156,0.4581569099913262
club,lemma,0.0,0.0,1.0,0.0,0.0,0.0,1.0,0.0,0.0,1.0,0.0,3.0,0.0,0.0,0.3333333333333333,0.0,0.0,0.0,0.3333333333333333,0.0,0.0,0.3333333333333333,0.0,1.584962500721156,0.4581569099913262
raconte,word,1.0,0.0,1.0,0.0,0.0,1.0,0.0,0.0,0.0,0.0,0.0,3.0,0.3333333333333333,0.0,0.3333333333333333,0.0,0.0,0.3333333333333333,0.0,0.0,0.0,0.0,0.0,1.584962500721156,0.4581569099913262
montrant,word,1.0,0.0,1.0,0.0,0.0,0.0,0.0,0.0,0.0,1.0,0.0,3.0,0.3333333333333333,0.0,0.3333333333333333,0.0,0.0,0.0,0.0,0.0,0.0,0.3333333333333333,0.0,1.584962500721156,0.4581569099913262
mont,word,0.0,0.0,1.0,1.0,0.0,0.0,0.0,0.0,0.0,1.0,0.0,3.0,0.0,0.0,0.3333333333333333,0.3333333333333333,0.0,0.0,0.0,0.0,0.0,0.3333333333333333,0.0,1.584962500721156,0.4581569099913262
mont,lemma,0.0,0.0,1.0,1.0,0.0,0.0,0.0,0.0,0.0,1.0,0.0,3.0,0.0,0.0,0.3333333333333333,0.3333333333333333,0.0,0.0,0.0,0.0,0.0,0.3333333333333333,0.0,1.584962500721156,0.4581569099913262
simple,lemma,0.0,0.0,1.0,0.0,1.0,1.0,0.0,0.0,0.0,0.0,0.0,3.0,0.0,0.0,0.3333333333333333,0.0,0.3333333333333333,0.3333333333333333,0.0,0.0,0.0,0.0,0.0,1.584962500721156,0.4581569099913262
bord,lemma,0.0,0.0,1.0,1.0,0.0,1.0,0.0,0.0,0.0,0.0,0.0,3.0,0.0,0.0,0.3333333333333333,0.3333333333333333,0.0,0.3333333333333333,0.0,0.0,0.0,0.0,0.0,1.584962500721156,0.4581569099913262
bord,word,0.0,0.0,1.0,1.0,0.0,1.0,0.0,0.0,0.0,0.0,0.0,3.0,0.0,0.0,0.3333333333333333,0.3333333333333333,0.0,0.3333333333333333,0.0,0.0,0.0,0.0,0.0,1.584962500721156,0.4581569099913262
mérite,word,1.0,0.0,0.0,0.0,0.0,1.0,1.0,0.0,0.0,0.0,0.0,3.0,0.3333333333333333,0.0,0.0,0.0,0.0,0.3333333333333333,0.3333333333333333,0.0,0.0,0.0,0.0,1.584962500721156,0.4581569099913262
ruiner,lemma,1.0,0.0,0.0,1.0,0.0,1.0,0.0,0.0,0.0,0.0,0.0,3.0,0.3333333333333333,0.0,0.0,0.3333333333333333,0.0,0.3333333333333333,0.0,0.0,0.0,0.0,0.0,1.584962500721156,0.4581569099913262
méchant,lemma,0.0,0.0,0.0,1.0,1.0,1.0,0.0,0.0,0.0,0.0,0.0,3.0,0.0,0.0,0.0,0.3333333333333333,0.3333333333333333,0.3333333333333333,0.0,0.0,0.0,0.0,0.0,1.584962500721156,0.4581569099913262
retourner,lemma,1.0,1.0,1.0,0.0,0.0,0.0,0.0,0.0,0.0,0.0,0.0,3.0,0.3333333333333333,0.3333333333333333,0.3333333333333333,0.0,0.0,0.0,0.0,0.0,0.0,0.0,0.0,1.584962500721156,0.4581569099913262
ressentir,lemma,0.0,0.0,0.0,0.0,1.0,1.0,1.0,0.0,0.0,0.0,0.0,3.0,0.0,0.0,0.0,0.0,0.3333333333333333,0.3333333333333333,0.3333333333333333,0.0,0.0,0.0,0.0,1.584962500721156,0.4581569099913262
nationale,word,1.0,0.0,1.0,0.0,0.0,0.0,0.0,0.0,0.0,1.0,0.0,3.0,0.3333333333333333,0.0,0.3333333333333333,0.0,0.0,0.0,0.0,0.0,0.0,0.3333333333333333,0.0,1.584962500721156,0.4581569099913262
méthode,word,1.0,0.0,0.0,0.0,1.0,0.0,0.0,0.0,0.0,1.0,0.0,3.0,0.3333333333333333,0.0,0.0,0.0,0.3333333333333333,0.0,0.0,0.0,0.0,0.3333333333333333,0.0,1.584962500721156,0.4581569099913262
métier,word,0.0,0.0,1.0,0.0,0.0,1.0,0.0,0.0,0.0,1.0,0.0,3.0,0.0,0.0,0.3333333333333333,0.0,0.0,0.3333333333333333,0.0,0.0,0.0,0.3333333333333333,0.0,1.584962500721156,0.4581569099913262
mérite,lemma,1.0,0.0,0.0,0.0,0.0,1.0,1.0,0.0,0.0,0.0,0.0,3.0,0.3333333333333333,0.0,0.0,0.0,0.0,0.3333333333333333,0.3333333333333333,0.0,0.0,0.0,0.0,1.584962500721156,0.4581569099913262
méthode,lemma,1.0,0.0,0.0,0.0,1.0,0.0,0.0,0.0,0.0,1.0,0.0,3.0,0.3333333333333333,0.0,0.0,0.0,0.3333333333333333,0.0,0.0,0.0,0.0,0.3333333333333333,0.0,1.584962500721156,0.4581569099913262
retard,lemma,0.0,0.0,0.0,0.0,1.0,1.0,0.0,0.0,1.0,0.0,0.0,3.0,0.0,0.0,0.0,0.0,0.3333333333333333,0.3333333333333333,0.0,0.0,0.3333333333333333,0.0,0.0,1.584962500721156,0.4581569099913262
retrouvé,word,1.0,0.0,1.0,0.0,1.0,0.0,0.0,0.0,0.0,0.0,0.0,3.0,0.3333333333333333,0.0,0.3333333333333333,0.0,0.3333333333333333,0.0,0.0,0.0,0.0,0.0,0.0,1.584962500721156,0.4581569099913262
remplie,lemma,0.0,0.0,0.0,0.0,1.0,1.0,0.0,0.0,1.0,0.0,0.0,3.0,0.0,0.0,0.0,0.0,0.3333333333333333,0.3333333333333333,0.0,0.0,0.3333333333333333,0.0,0.0,1.584962500721156,0.4581569099913262
remplie,word,0.0,0.0,0.0,0.0,1.0,1.0,0.0,0.0,1.0,0.0,0.0,3.0,0.0,0.0,0.0,0.0,0.3333333333333333,0.3333333333333333,0.0,0.0,0.3333333333333333,0.0,0.0,1.584962500721156,0.4581569099913262
restait,word,1.0,0.0,0.0,1.0,1.0,0.0,0.0,0.0,0.0,0.0,0.0,3.0,0.3333333333333333,0.0,0.0,0.3333333333333333,0.3333333333333333,0.0,0.0,0.0,0.0,0.0,0.0,1.584962500721156,0.4581569099913262
moderne,word,1.0,0.0,0.0,0.0,0.0,0.0,1.0,0.0,0.0,1.0,0.0,3.0,0.3333333333333333,0.0,0.0,0.0,0.0,0.0,0.3333333333333333,0.0,0.0,0.3333333333333333,0.0,1.584962500721156,0.4581569099913262
retard,word,0.0,0.0,0.0,0.0,1.0,1.0,0.0,0.0,1.0,0.0,0.0,3.0,0.0,0.0,0.0,0.0,0.3333333333333333,0.3333333333333333,0.0,0.0,0.3333333333333333,0.0,0.0,1.584962500721156,0.4581569099913262
seulement,lemma,0.0,0.0,0.0,1.0,1.0,0.0,1.0,0.0,0.0,0.0,0.0,3.0,0.0,0.0,0.0,0.3333333333333333,0.3333333333333333,0.0,0.3333333333333333,0.0,0.0,0.0,0.0,1.584962500721156,0.4581569099913262
londres,lemma,0.0,0.0,1.0,1.0,0.0,0.0,0.0,0.0,0.0,1.0,0.0,3.0,0.0,0.0,0.3333333333333333,0.3333333333333333,0.0,0.0,0.0,0.0,0.0,0.3333333333333333,0.0,1.584962500721156,0.4581569099913262
londres,word,0.0,0.0,1.0,1.0,0.0,0.0,0.0,0.0,0.0,1.0,0.0,3.0,0.0,0.0,0.3333333333333333,0.3333333333333333,0.0,0.0,0.0,0.0,0.0,0.3333333333333333,0.0,1.584962500721156,0.4581569099913262
etat,lemma,1.0,0.0,0.0,1.0,0.0,1.0,0.0,0.0,0.0,0.0,0.0,3.0,0.3333333333333333,0.0,0.0,0.3333333333333333,0.0,0.3333333333333333,0.0,0.0,0.0,0.0,0.0,1.584962500721156,0.4581569099913262
etat,word,1.0,0.0,0.0,1.0,0.0,1.0,0.0,0.0,0.0,0.0,0.0,3.0,0.3333333333333333,0.0,0.0,0.3333333333333333,0.0,0.3333333333333333,0.0,0.0,0.0,0.0,0.0,1.584962500721156,0.4581569099913262
espace,lemma,0.0,0.0,0.0,1.0,0.0,1.0,1.0,0.0,0.0,0.0,0.0,3.0,0.0,0.0,0.0,0.3333333333333333,0.0,0.3333333333333333,0.3333333333333333,0.0,0.0,0.0,0.0,1.584962500721156,0.4581569099913262
espace,word,0.0,0.0,0.0,1.0,0.0,1.0,1.0,0.0,0.0,0.0,0.0,3.0,0.0,0.0,0.0,0.3333333333333333,0.0,0.3333333333333333,0.3333333333333333,0.0,0.0,0.0,0.0,1.584962500721156,0.4581569099913262
esprit,lemma,0.0,0.0,0.0,1.0,0.0,1.0,0.0,0.0,1.0,0.0,0.0,3.0,0.0,0.0,0.0,0.3333333333333333,0.0,0.3333333333333333,0.0,0.0,0.3333333333333333,0.0,0.0,1.584962500721156,0.4581569099913262
scènes,word,0.0,0.0,1.0,1.0,0.0,1.0,0.0,0.0,0.0,0.0,0.0,3.0,0.0,0.0,0.3333333333333333,0.3333333333333333,0.0,0.3333333333333333,0.0,0.0,0.0,0.0,0.0,1.584962500721156,0.4581569099913262
rupture,word,0.0,0.0,0.0,1.0,1.0,1.0,0.0,0.0,0.0,0.0,0.0,3.0,0.0,0.0,0.0,0.3333333333333333,0.3333333333333333,0.3333333333333333,0.0,0.0,0.0,0.0,0.0,1.584962500721156,0.4581569099913262
rupture,lemma,0.0,0.0,0.0,1.0,1.0,1.0,0.0,0.0,0.0,0.0,0.0,3.0,0.0,0.0,0.0,0.3333333333333333,0.3333333333333333,0.3333333333333333,0.0,0.0,0.0,0.0,0.0,1.584962500721156,0.4581569099913262
reçoit,word,0.0,0.0,1.0,0.0,0.0,0.0,1.0,0.0,0.0,1.0,0.0,3.0,0.0,0.0,0.3333333333333333,0.0,0.0,0.0,0.3333333333333333,0.0,0.0,0.3333333333333333,0.0,1.584962500721156,0.4581569099913262
centre,lemma,1.0,0.0,0.0,1.0,0.0,1.0,0.0,0.0,0.0,0.0,0.0,3.0,0.3333333333333333,0.0,0.0,0.3333333333333333,0.0,0.3333333333333333,0.0,0.0,0.0,0.0,0.0,1.584962500721156,0.4581569099913262
chasse,word,0.0,1.0,1.0,1.0,0.0,0.0,0.0,0.0,0.0,0.0,0.0,3.0,0.0,0.3333333333333333,0.3333333333333333,0.3333333333333333,0.0,0.0,0.0,0.0,0.0,0.0,0.0,1.584962500721156,0.4581569099913262
moderne,lemma,1.0,0.0,0.0,0.0,0.0,0.0,1.0,0.0,0.0,1.0,0.0,3.0,0.3333333333333333,0.0,0.0,0.0,0.0,0.0,0.3333333333333333,0.0,0.0,0.3333333333333333,0.0,1.584962500721156,0.4581569099913262
mode,word,1.0,0.0,1.0,0.0,1.0,0.0,0.0,0.0,0.0,0.0,0.0,3.0,0.3333333333333333,0.0,0.3333333333333333,0.0,0.3333333333333333,0.0,0.0,0.0,0.0,0.0,0.0,1.584962500721156,0.4581569099913262
mode,lemma,1.0,0.0,1.0,0.0,1.0,0.0,0.0,0.0,0.0,0.0,0.0,3.0,0.3333333333333333,0.0,0.3333333333333333,0.0,0.3333333333333333,0.0,0.0,0.0,0.0,0.0,0.0,1.584962500721156,0.4581569099913262
effort,lemma,1.0,0.0,1.0,0.0,0.0,0.0,0.0,0.0,0.0,1.0,0.0,3.0,0.3333333333333333,0.0,0.3333333333333333,0.0,0.0,0.0,0.0,0.0,0.0,0.3333333333333333,0.0,1.584962500721156,0.4581569099913262
enfin,word,1.0,0.0,1.0,0.0,0.0,0.0,0.0,0.0,1.0,0.0,0.0,3.0,0.3333333333333333,0.0,0.3333333333333333,0.0,0.0,0.0,0.0,0.0,0.3333333333333333,0.0,0.0,1.584962500721156,0.4581569099913262
samber,lemma,0.0,0.0,1.0,1.0,1.0,0.0,0.0,0.0,0.0,0.0,0.0,3.0,0.0,0.0,0.3333333333333333,0.3333333333333333,0.3333333333333333,0.0,0.0,0.0,0.0,0.0,0.0,1.584962500721156,0.4581569099913262
samba,word,0.0,0.0,1.0,1.0,1.0,0.0,0.0,0.0,0.0,0.0,0.0,3.0,0.0,0.0,0.3333333333333333,0.3333333333333333,0.3333333333333333,0.0,0.0,0.0,0.0,0.0,0.0,1.584962500721156,0.4581569099913262
changer,lemma,1.0,1.0,0.0,1.0,0.0,0.0,0.0,0.0,0.0,0.0,0.0,3.0,0.3333333333333333,0.3333333333333333,0.0,0.3333333333333333,0.0,0.0,0.0,0.0,0.0,0.0,0.0,1.584962500721156,0.4581569099913262
entrée,word,1.0,0.0,1.0,0.0,0.0,0.0,0.0,0.0,0.0,1.0,0.0,3.0,0.3333333333333333,0.0,0.3333333333333333,0.0,0.0,0.0,0.0,0.0,0.0,0.3333333333333333,0.0,1.584962500721156,0.4581569099913262
enfin,lemma,1.0,0.0,1.0,0.0,0.0,0.0,0.0,0.0,1.0,0.0,0.0,3.0,0.3333333333333333,0.0,0.3333333333333333,0.0,0.0,0.0,0.0,0.0,0.3333333333333333,0.0,0.0,1.584962500721156,0.4581569099913262
royaume,lemma,1.0,0.0,1.0,0.0,0.0,0.0,0.0,0.0,0.0,1.0,0.0,3.0,0.3333333333333333,0.0,0.3333333333333333,0.0,0.0,0.0,0.0,0.0,0.0,0.3333333333333333,0.0,1.584962500721156,0.4581569099913262
bruit,lemma,1.0,0.0,1.0,1.0,0.0,0.0,0.0,0.0,0.0,0.0,0.0,3.0,0.3333333333333333,0.0,0.3333333333333333,0.3333333333333333,0.0,0.0,0.0,0.0,0.0,0.0,0.0,1.584962500721156,0.4581569099913262
bruit,word,1.0,0.0,1.0,1.0,0.0,0.0,0.0,0.0,0.0,0.0,0.0,3.0,0.3333333333333333,0.0,0.3333333333333333,0.3333333333333333,0.0,0.0,0.0,0.0,0.0,0.0,0.0,1.584962500721156,0.4581569099913262
brésil,lemma,1.0,0.0,0.0,1.0,0.0,1.0,0.0,0.0,0.0,0.0,0.0,3.0,0.3333333333333333,0.0,0.0,0.3333333333333333,0.0,0.3333333333333333,0.0,0.0,0.0,0.0,0.0,1.584962500721156,0.4581569099913262
brésil,word,1.0,0.0,0.0,1.0,0.0,1.0,0.0,0.0,0.0,0.0,0.0,3.0,0.3333333333333333,0.0,0.0,0.3333333333333333,0.0,0.3333333333333333,0.0,0.0,0.0,0.0,0.0,1.584962500721156,0.4581569099913262
sauter,lemma,0.0,0.0,0.0,1.0,1.0,1.0,0.0,0.0,0.0,0.0,0.0,3.0,0.0,0.0,0.0,0.3333333333333333,0.3333333333333333,0.3333333333333333,0.0,0.0,0.0,0.0,0.0,1.584962500721156,0.4581569099913262
sauver,lemma,0.0,0.0,1.0,1.0,0.0,0.0,0.0,0.0,0.0,1.0,0.0,3.0,0.0,0.0,0.3333333333333333,0.3333333333333333,0.0,0.0,0.0,0.0,0.0,0.3333333333333333,0.0,1.584962500721156,0.4581569099913262
camarade,lemma,0.0,0.0,0.0,0.0,0.0,1.0,0.0,0.0,1.0,1.0,0.0,3.0,0.0,0.0,0.0,0.0,0.0,0.3333333333333333,0.0,0.0,0.3333333333333333,0.3333333333333333,0.0,1.584962500721156,0.4581569099913262
bée,lemma,0.0,0.0,1.0,0.0,1.0,0.0,1.0,0.0,0.0,0.0,0.0,3.0,0.0,0.0,0.3333333333333333,0.0,0.3333333333333333,0.0,0.3333333333333333,0.0,0.0,0.0,0.0,1.584962500721156,0.4581569099913262
emploi,word,1.0,0.0,0.0,0.0,1.0,1.0,0.0,0.0,0.0,0.0,0.0,3.0,0.3333333333333333,0.0,0.0,0.0,0.3333333333333333,0.3333333333333333,0.0,0.0,0.0,0.0,0.0,1.584962500721156,0.4581569099913262
embarquer,lemma,0.0,0.0,0.0,1.0,1.0,1.0,0.0,0.0,0.0,0.0,0.0,3.0,0.0,0.0,0.0,0.3333333333333333,0.3333333333333333,0.3333333333333333,0.0,0.0,0.0,0.0,0.0,1.584962500721156,0.4581569099913262
mangent,word,1.0,1.0,0.0,0.0,0.0,1.0,0.0,0.0,0.0,0.0,0.0,3.0,0.3333333333333333,0.3333333333333333,0.0,0.0,0.0,0.3333333333333333,0.0,0.0,0.0,0.0,0.0,1.584962500721156,0.4581569099913262
entrer,word,1.0,0.0,1.0,1.0,0.0,0.0,0.0,0.0,0.0,0.0,0.0,3.0,0.3333333333333333,0.0,0.3333333333333333,0.3333333333333333,0.0,0.0,0.0,0.0,0.0,0.0,0.0,1.584962500721156,0.4581569099913262
bée,word,0.0,0.0,1.0,0.0,1.0,0.0,1.0,0.0,0.0,0.0,0.0,3.0,0.0,0.0,0.3333333333333333,0.0,0.3333333333333333,0.0,0.3333333333333333,0.0,0.0,0.0,0.0,1.584962500721156,0.4581569099913262
brûlés,word,1.0,0.0,0.0,1.0,0.0,1.0,0.0,0.0,0.0,0.0,0.0,3.0,0.3333333333333333,0.0,0.0,0.3333333333333333,0.0,0.3333333333333333,0.0,0.0,0.0,0.0,0.0,1.584962500721156,0.4581569099913262
buts,word,0.0,0.0,1.0,0.0,0.0,0.0,1.0,0.0,0.0,1.0,0.0,3.0,0.0,0.0,0.3333333333333333,0.0,0.0,0.0,0.3333333333333333,0.0,0.0,0.3333333333333333,0.0,1.584962500721156,0.4581569099913262
rouler,lemma,0.0,0.0,0.0,0.0,1.0,1.0,0.0,0.0,1.0,0.0,0.0,3.0,0.0,0.0,0.0,0.0,0.3333333333333333,0.3333333333333333,0.0,0.0,0.3333333333333333,0.0,0.0,1.584962500721156,0.4581569099913262
maîtrise,word,1.0,0.0,0.0,0.0,0.0,1.0,0.0,0.0,0.0,1.0,0.0,3.0,0.3333333333333333,0.0,0.0,0.0,0.0,0.3333333333333333,0.0,0.0,0.0,0.3333333333333333,0.0,1.584962500721156,0.4581569099913262
maîtrise,lemma,1.0,0.0,0.0,0.0,0.0,1.0,0.0,0.0,0.0,1.0,0.0,3.0,0.3333333333333333,0.0,0.0,0.0,0.0,0.3333333333333333,0.0,0.0,0.0,0.3333333333333333,0.0,1.584962500721156,0.4581569099913262
rythme,word,1.0,0.0,1.0,1.0,0.0,0.0,0.0,0.0,0.0,0.0,0.0,3.0,0.3333333333333333,0.0,0.3333333333333333,0.3333333333333333,0.0,0.0,0.0,0.0,0.0,0.0,0.0,1.584962500721156,0.4581569099913262
majorité,word,1.0,0.0,0.0,1.0,1.0,0.0,0.0,0.0,0.0,0.0,0.0,3.0,0.3333333333333333,0.0,0.0,0.3333333333333333,0.3333333333333333,0.0,0.0,0.0,0.0,0.0,0.0,1.584962500721156,0.4581569099913262
majorité,lemma,1.0,0.0,0.0,1.0,1.0,0.0,0.0,0.0,0.0,0.0,0.0,3.0,0.3333333333333333,0.0,0.0,0.3333333333333333,0.3333333333333333,0.0,0.0,0.0,0.0,0.0,0.0,1.584962500721156,0.4581569099913262
réconforter,lemma,1.0,0.0,0.0,1.0,0.0,1.0,0.0,0.0,0.0,0.0,0.0,3.0,0.3333333333333333,0.0,0.0,0.3333333333333333,0.0,0.3333333333333333,0.0,0.0,0.0,0.0,0.0,1.584962500721156,0.4581569099913262
capable,word,1.0,1.0,0.0,1.0,0.0,0.0,0.0,0.0,0.0,0.0,0.0,3.0,0.3333333333333333,0.3333333333333333,0.0,0.3333333333333333,0.0,0.0,0.0,0.0,0.0,0.0,0.0,1.584962500721156,0.4581569099913262
capable,lemma,1.0,1.0,0.0,1.0,0.0,0.0,0.0,0.0,0.0,0.0,0.0,3.0,0.3333333333333333,0.3333333333333333,0.0,0.3333333333333333,0.0,0.0,0.0,0.0,0.0,0.0,0.0,1.584962500721156,0.4581569099913262
catégorie,lemma,0.0,0.0,1.0,0.0,1.0,0.0,0.0,0.0,0.0,1.0,0.0,3.0,0.0,0.0,0.3333333333333333,0.0,0.3333333333333333,0.0,0.0,0.0,0.0,0.3333333333333333,0.0,1.584962500721156,0.4581569099913262
celer,lemma,1.0,0.0,1.0,0.0,1.0,0.0,0.0,0.0,0.0,0.0,0.0,3.0,0.3333333333333333,0.0,0.3333333333333333,0.0,0.3333333333333333,0.0,0.0,0.0,0.0,0.0,0.0,1.584962500721156,0.4581569099913262
réussite,word,0.0,0.0,1.0,0.0,0.0,1.0,0.0,0.0,0.0,1.0,0.0,3.0,0.0,0.0,0.3333333333333333,0.0,0.0,0.3333333333333333,0.0,0.0,0.0,0.3333333333333333,0.0,1.584962500721156,0.4581569099913262
catégorie,word,0.0,0.0,1.0,0.0,1.0,0.0,0.0,0.0,0.0,1.0,0.0,3.0,0.0,0.0,0.3333333333333333,0.0,0.3333333333333333,0.0,0.0,0.0,0.0,0.3333333333333333,0.0,1.584962500721156,0.4581569099913262
aimerai,lemma,1.0,0.0,1.0,0.0,0.0,0.0,0.0,0.0,0.0,1.0,0.0,3.0,0.3333333333333333,0.0,0.3333333333333333,0.0,0.0,0.0,0.0,0.0,0.0,0.3333333333333333,0.0,1.584962500721156,0.4581569099913262
voisins,word,1.0,0.0,1.0,1.0,0.0,0.0,0.0,0.0,0.0,0.0,0.0,3.0,0.3333333333333333,0.0,0.3333333333333333,0.3333333333333333,0.0,0.0,0.0,0.0,0.0,0.0,0.0,1.584962500721156,0.4581569099913262
campagne,lemma,0.0,0.0,0.0,0.0,1.0,0.0,1.0,0.0,0.0,1.0,0.0,3.0,0.0,0.0,0.0,0.0,0.3333333333333333,0.0,0.3333333333333333,0.0,0.0,0.3333333333333333,0.0,1.584962500721156,0.4581569099913262
réussite,lemma,0.0,0.0,1.0,0.0,0.0,1.0,0.0,0.0,0.0,1.0,0.0,3.0,0.0,0.0,0.3333333333333333,0.0,0.0,0.3333333333333333,0.0,0.0,0.0,0.3333333333333333,0.0,1.584962500721156,0.4581569099913262
visiteur,lemma,1.0,0.0,1.0,0.0,1.0,0.0,0.0,0.0,0.0,0.0,0.0,3.0,0.3333333333333333,0.0,0.3333333333333333,0.0,0.3333333333333333,0.0,0.0,0.0,0.0,0.0,0.0,1.584962500721156,0.4581569099913262
voie,lemma,1.0,0.0,0.0,0.0,0.0,1.0,0.0,0.0,0.0,1.0,0.0,3.0,0.3333333333333333,0.0,0.0,0.0,0.0,0.3333333333333333,0.0,0.0,0.0,0.3333333333333333,0.0,1.584962500721156,0.4581569099913262
visibilité,lemma,0.0,0.0,1.0,0.0,1.0,0.0,0.0,0.0,0.0,1.0,0.0,3.0,0.0,0.0,0.3333333333333333,0.0,0.3333333333333333,0.0,0.0,0.0,0.0,0.3333333333333333,0.0,1.584962500721156,0.4581569099913262
visibilité,word,0.0,0.0,1.0,0.0,1.0,0.0,0.0,0.0,0.0,1.0,0.0,3.0,0.0,0.0,0.3333333333333333,0.0,0.3333333333333333,0.0,0.0,0.0,0.0,0.3333333333333333,0.0,1.584962500721156,0.4581569099913262
héroïque,lemma,0.0,0.0,0.0,0.0,0.0,0.0,1.0,1.0,1.0,0.0,0.0,3.0,0.0,0.0,0.0,0.0,0.0,0.0,0.3333333333333333,0.3333333333333333,0.3333333333333333,0.0,0.0,1.584962500721156,0.4581569099913262
horribles,word,0.0,1.0,0.0,1.0,0.0,1.0,0.0,0.0,0.0,0.0,0.0,3.0,0.0,0.3333333333333333,0.0,0.3333333333333333,0.0,0.3333333333333333,0.0,0.0,0.0,0.0,0.0,1.584962500721156,0.4581569099913262
peuples,word,0.0,0.0,1.0,1.0,0.0,0.0,0.0,0.0,0.0,1.0,0.0,3.0,0.0,0.0,0.3333333333333333,0.3333333333333333,0.0,0.0,0.0,0.0,0.0,0.3333333333333333,0.0,1.584962500721156,0.4581569099913262
cris,word,1.0,0.0,0.0,1.0,1.0,0.0,0.0,0.0,0.0,0.0,0.0,3.0,0.3333333333333333,0.0,0.0,0.3333333333333333,0.3333333333333333,0.0,0.0,0.0,0.0,0.0,0.0,1.584962500721156,0.4581569099913262
pleine,lemma,1.0,0.0,1.0,1.0,0.0,0.0,0.0,0.0,0.0,0.0,0.0,3.0,0.3333333333333333,0.0,0.3333333333333333,0.3333333333333333,0.0,0.0,0.0,0.0,0.0,0.0,0.0,1.584962500721156,0.4581569099913262
pleine,word,1.0,0.0,1.0,1.0,0.0,0.0,0.0,0.0,0.0,0.0,0.0,3.0,0.3333333333333333,0.0,0.3333333333333333,0.3333333333333333,0.0,0.0,0.0,0.0,0.0,0.0,0.0,1.584962500721156,0.4581569099913262
pleurent,word,1.0,0.0,0.0,1.0,0.0,1.0,0.0,0.0,0.0,0.0,0.0,3.0,0.3333333333333333,0.0,0.0,0.3333333333333333,0.0,0.3333333333333333,0.0,0.0,0.0,0.0,0.0,1.584962500721156,0.4581569099913262
plaint,word,1.0,0.0,0.0,1.0,0.0,1.0,0.0,0.0,0.0,0.0,0.0,3.0,0.3333333333333333,0.0,0.0,0.3333333333333333,0.0,0.3333333333333333,0.0,0.0,0.0,0.0,0.0,1.584962500721156,0.4581569099913262
crie,lemma,1.0,0.0,1.0,1.0,0.0,0.0,0.0,0.0,0.0,0.0,0.0,3.0,0.3333333333333333,0.0,0.3333333333333333,0.3333333333333333,0.0,0.0,0.0,0.0,0.0,0.0,0.0,1.584962500721156,0.4581569099913262
gaz,lemma,1.0,0.0,0.0,1.0,0.0,1.0,0.0,0.0,0.0,0.0,0.0,3.0,0.3333333333333333,0.0,0.0,0.3333333333333333,0.0,0.3333333333333333,0.0,0.0,0.0,0.0,0.0,1.584962500721156,0.4581569099913262
gaz,word,1.0,0.0,0.0,1.0,0.0,1.0,0.0,0.0,0.0,0.0,0.0,3.0,0.3333333333333333,0.0,0.0,0.3333333333333333,0.0,0.3333333333333333,0.0,0.0,0.0,0.0,0.0,1.584962500721156,0.4581569099913262
étudier,lemma,0.0,0.0,1.0,1.0,0.0,0.0,0.0,0.0,0.0,1.0,0.0,3.0,0.0,0.0,0.3333333333333333,0.3333333333333333,0.0,0.0,0.0,0.0,0.0,0.3333333333333333,0.0,1.584962500721156,0.4581569099913262
agresser,lemma,5.0,0.0,0.0,5.0,0.0,4.0,0.0,0.0,0.0,0.0,0.0,14.0,0.35714285714285715,0.0,0.0,0.35714285714285715,0.0,0.2857142857142857,0.0,0.0,0.0,0.0,0.0,1.5774062828523454,0.4559726731854583
voisin,lemma,5.0,1.0,1.0,7.0,0.0,0.0,0.0,0.0,0.0,0.0,0.0,14.0,0.35714285714285715,0.07142857142857142,0.07142857142857142,0.5,0.0,0.0,0.0,0.0,0.0,0.0,0.0,1.5744174271404585,0.4551087001282125
roi,lemma,7.0,0.0,0.0,4.0,1.0,1.0,0.0,0.0,0.0,0.0,0.0,13.0,0.5384615384615384,0.0,0.0,0.3076923076923077,0.07692307692307693,0.07692307692307693,0.0,0.0,0.0,0.0,0.0,1.573402452417767,0.4548153066362806
roi,word,7.0,0.0,0.0,4.0,1.0,1.0,0.0,0.0,0.0,0.0,0.0,13.0,0.5384615384615384,0.0,0.0,0.3076923076923077,0.07692307692307693,0.07692307692307693,0.0,0.0,0.0,0.0,0.0,1.573402452417767,0.4548153066362806
plaindre,lemma,6.0,0.0,1.0,1.0,0.0,2.0,0.0,0.0,0.0,0.0,0.0,10.0,0.6,0.0,0.1,0.1,0.0,0.2,0.0,0.0,0.0,0.0,0.0,1.5709505944546687,0.4541065607400215
cher,word,6.0,0.0,0.0,2.0,0.0,1.0,0.0,0.0,0.0,1.0,0.0,10.0,0.6,0.0,0.0,0.2,0.0,0.1,0.0,0.0,0.0,0.1,0.0,1.5709505944546687,0.4541065607400215
ferme,word,6.0,1.0,0.0,2.0,1.0,0.0,0.0,0.0,0.0,0.0,0.0,10.0,0.6,0.1,0.0,0.2,0.1,0.0,0.0,0.0,0.0,0.0,0.0,1.5709505944546687,0.4541065607400215
ferme,lemma,6.0,1.0,0.0,2.0,1.0,0.0,0.0,0.0,0.0,0.0,0.0,10.0,0.6,0.1,0.0,0.2,0.1,0.0,0.0,0.0,0.0,0.0,0.0,1.5709505944546687,0.4541065607400215
agressées,word,4.0,0.0,0.0,3.0,0.0,3.0,0.0,0.0,0.0,0.0,0.0,10.0,0.4,0.0,0.0,0.3,0.0,0.3,0.0,0.0,0.0,0.0,0.0,1.5709505944546684,0.4541065607400214
douer,lemma,0.0,0.0,4.0,0.0,0.0,0.0,3.0,0.0,0.0,3.0,0.0,10.0,0.0,0.0,0.4,0.0,0.0,0.0,0.3,0.0,0.0,0.3,0.0,1.5709505944546684,0.4541065607400214
beau,lemma,0.0,0.0,11.0,2.0,0.0,0.0,3.0,0.0,0.0,2.0,0.0,18.0,0.0,0.0,0.6111111111111112,0.1111111111111111,0.0,0.0,0.16666666666666666,0.0,0.0,0.1111111111111111,0.0,1.5694452621548822,0.453671422120233
maison,word,0.0,0.0,2.0,14.0,3.0,4.0,0.0,0.0,0.0,0.0,0.0,23.0,0.0,0.0,0.08695652173913043,0.6086956521739131,0.13043478260869565,0.17391304347826086,0.0,0.0,0.0,0.0,0.0,1.5645247207974509,0.45224906668735715
terroristes,word,6.0,0.0,0.0,7.0,0.0,1.0,0.0,0.0,1.0,0.0,0.0,15.0,0.4,0.0,0.0,0.4666666666666667,0.0,0.06666666666666667,0.0,0.0,0.06666666666666667,0.0,0.0,1.5628066316931741,0.4517524275588307
liberté,lemma,3.0,0.0,2.0,3.0,0.0,0.0,0.0,0.0,0.0,0.0,0.0,8.0,0.375,0.0,0.25,0.375,0.0,0.0,0.0,0.0,0.0,0.0,0.0,1.561278124459133,0.45131058988069694
point,lemma,3.0,0.0,0.0,0.0,3.0,2.0,0.0,0.0,0.0,0.0,0.0,8.0,0.375,0.0,0.0,0.0,0.375,0.25,0.0,0.0,0.0,0.0,0.0,1.561278124459133,0.45131058988069694
réduire,lemma,2.0,0.0,0.0,3.0,0.0,3.0,0.0,0.0,0.0,0.0,0.0,8.0,0.25,0.0,0.0,0.375,0.0,0.375,0.0,0.0,0.0,0.0,0.0,1.561278124459133,0.45131058988069694
dizaines,word,0.0,0.0,0.0,3.0,2.0,2.0,0.0,0.0,0.0,0.0,0.0,7.0,0.0,0.0,0.0,0.42857142857142855,0.2857142857142857,0.2857142857142857,0.0,0.0,0.0,0.0,0.0,1.5566567074628228,0.44997470077931606
dizaine,lemma,0.0,0.0,0.0,3.0,2.0,2.0,0.0,0.0,0.0,0.0,0.0,7.0,0.0,0.0,0.0,0.42857142857142855,0.2857142857142857,0.2857142857142857,0.0,0.0,0.0,0.0,0.0,1.5566567074628228,0.44997470077931606
déchirer,lemma,2.0,0.0,0.0,3.0,0.0,2.0,0.0,0.0,0.0,0.0,0.0,7.0,0.2857142857142857,0.0,0.0,0.42857142857142855,0.0,0.2857142857142857,0.0,0.0,0.0,0.0,0.0,1.5566567074628228,0.44997470077931606
génial,word,0.0,0.0,9.0,0.0,3.0,0.0,2.0,0.0,0.0,1.0,0.0,15.0,0.0,0.0,0.6,0.0,0.2,0.0,0.13333333333333333,0.0,0.0,0.06666666666666667,0.0,1.5546097612655667,0.44938300063232417
génial,lemma,0.0,0.0,9.0,0.0,3.0,0.0,2.0,0.0,0.0,1.0,0.0,15.0,0.0,0.0,0.6,0.0,0.2,0.0,0.13333333333333333,0.0,0.0,0.06666666666666667,0.0,1.5546097612655667,0.44938300063232417
civil,lemma,4.0,0.0,0.0,5.0,0.0,3.0,0.0,0.0,0.0,0.0,0.0,12.0,0.3333333333333333,0.0,0.0,0.4166666666666667,0.0,0.25,0.0,0.0,0.0,0.0,0.0,1.5545851693377994,0.44937589197099526
guerre,lemma,11.0,0.0,1.0,37.0,0.0,9.0,2.0,0.0,0.0,0.0,0.0,60.0,0.18333333333333332,0.0,0.016666666666666666,0.6166666666666667,0.0,0.15,0.03333333333333333,0.0,0.0,0.0,0.0,1.5513431398374815,0.4484387352765684
quitter,word,1.0,0.0,0.0,7.0,1.0,3.0,0.0,0.0,0.0,0.0,0.0,12.0,0.08333333333333333,0.0,0.0,0.5833333333333334,0.08333333333333333,0.25,0.0,0.0,0.0,0.0,0.0,1.5510981710072647,0.44836792340420845
devant,lemma,5.0,1.0,0.0,0.0,1.0,1.0,0.0,0.0,0.0,0.0,0.0,8.0,0.625,0.125,0.0,0.0,0.125,0.125,0.0,0.0,0.0,0.0,0.0,1.5487949406953985,0.44770214053413876
vient,word,1.0,0.0,5.0,0.0,1.0,0.0,0.0,0.0,0.0,1.0,0.0,8.0,0.125,0.0,0.625,0.0,0.125,0.0,0.0,0.0,0.0,0.125,0.0,1.5487949406953985,0.44770214053413876
emporter,lemma,5.0,0.0,1.0,1.0,0.0,0.0,1.0,0.0,0.0,0.0,0.0,8.0,0.625,0.0,0.125,0.125,0.0,0.0,0.125,0.0,0.0,0.0,0.0,1.5487949406953985,0.44770214053413876
devant,word,5.0,1.0,0.0,0.0,1.0,1.0,0.0,0.0,0.0,0.0,0.0,8.0,0.625,0.125,0.0,0.0,0.125,0.125,0.0,0.0,0.0,0.0,0.0,1.5487949406953985,0.44770214053413876
mariage,lemma,0.0,0.0,5.0,0.0,1.0,1.0,0.0,0.0,0.0,1.0,0.0,8.0,0.0,0.0,0.625,0.0,0.125,0.125,0.0,0.0,0.0,0.125,0.0,1.5487949406953985,0.44770214053413876
police,lemma,10.0,0.0,1.0,4.0,0.0,2.0,0.0,0.0,0.0,0.0,0.0,17.0,0.5882352941176471,0.0,0.058823529411764705,0.23529411764705882,0.0,0.11764705882352941,0.0,0.0,0.0,0.0,0.0,1.54515219719895,0.44664915151801726
police,word,10.0,0.0,1.0,4.0,0.0,2.0,0.0,0.0,0.0,0.0,0.0,17.0,0.5882352941176471,0.0,0.058823529411764705,0.23529411764705882,0.0,0.11764705882352941,0.0,0.0,0.0,0.0,0.0,1.54515219719895,0.44664915151801726
président,word,25.0,0.0,1.0,1.0,3.0,3.0,1.0,0.0,0.0,1.0,0.0,35.0,0.7142857142857143,0.0,0.02857142857142857,0.02857142857142857,0.08571428571428572,0.08571428571428572,0.02857142857142857,0.0,0.0,0.02857142857142857,0.0,1.540535024125108,0.4453144891853475
quitter,lemma,3.0,0.0,0.0,12.0,1.0,4.0,0.0,0.0,0.0,0.0,0.0,20.0,0.15,0.0,0.0,0.6,0.05,0.2,0.0,0.0,0.0,0.0,0.0,1.5332062193464953,0.44319598950490013
terrible,word,1.0,0.0,0.0,6.0,0.0,8.0,0.0,0.0,1.0,0.0,0.0,16.0,0.0625,0.0,0.0,0.375,0.0,0.5,0.0,0.0,0.0625,0.0,0.0,1.5306390622295665,0.4424539146787644
douée,word,0.0,0.0,4.0,0.0,0.0,0.0,2.0,0.0,0.0,3.0,0.0,9.0,0.0,0.0,0.4444444444444444,0.0,0.0,0.0,0.2222222222222222,0.0,0.0,0.3333333333333333,0.0,1.5304930567574826,0.442411709632335
pauvres,word,4.0,0.0,0.0,2.0,0.0,3.0,0.0,0.0,0.0,0.0,0.0,9.0,0.4444444444444444,0.0,0.0,0.2222222222222222,0.0,0.3333333333333333,0.0,0.0,0.0,0.0,0.0,1.5304930567574826,0.442411709632335
blesser,lemma,0.0,0.0,0.0,4.0,0.0,3.0,0.0,0.0,2.0,0.0,0.0,9.0,0.0,0.0,0.0,0.4444444444444444,0.0,0.3333333333333333,0.0,0.0,0.2222222222222222,0.0,0.0,1.5304930567574824,0.4424117096323349
plusieurs,word,13.0,0.0,2.0,4.0,0.0,2.0,0.0,0.0,0.0,0.0,0.0,21.0,0.6190476190476191,0.0,0.09523809523809523,0.19047619047619047,0.0,0.09523809523809523,0.0,0.0,0.0,0.0,0.0,1.5301404544057031,0.44230978469475857
plusieurs,lemma,13.0,0.0,2.0,4.0,0.0,2.0,0.0,0.0,0.0,0.0,0.0,21.0,0.6190476190476191,0.0,0.09523809523809523,0.19047619047619047,0.0,0.09523809523809523,0.0,0.0,0.0,0.0,0.0,1.5301404544057031,0.44230978469475857
pauvre,lemma,4.0,0.0,0.0,3.0,0.0,6.0,0.0,0.0,0.0,0.0,0.0,13.0,0.3076923076923077,0.0,0.0,0.23076923076923078,0.0,0.46153846153846156,0.0,0.0,0.0,0.0,0.0,1.5262349099495225,0.4411808291648559
insécurité,word,2.0,0.0,0.0,2.0,0.0,1.0,0.0,0.0,0.0,0.0,0.0,5.0,0.4,0.0,0.0,0.4,0.0,0.2,0.0,0.0,0.0,0.0,0.0,1.5219280948873621,0.43993588041692927
cru,word,2.0,0.0,0.0,0.0,2.0,1.0,0.0,0.0,0.0,0.0,0.0,5.0,0.4,0.0,0.0,0.0,0.4,0.2,0.0,0.0,0.0,0.0,0.0,1.5219280948873621,0.43993588041692927
dessus,lemma,1.0,0.0,0.0,2.0,0.0,0.0,0.0,0.0,2.0,0.0,0.0,5.0,0.2,0.0,0.0,0.4,0.0,0.0,0.0,0.0,0.4,0.0,0.0,1.5219280948873621,0.43993588041692927
d'un,word,2.0,0.0,0.0,1.0,0.0,2.0,0.0,0.0,0.0,0.0,0.0,5.0,0.4,0.0,0.0,0.2,0.0,0.4,0.0,0.0,0.0,0.0,0.0,1.5219280948873621,0.43993588041692927
espèces,word,0.0,0.0,0.0,2.0,1.0,2.0,0.0,0.0,0.0,0.0,0.0,5.0,0.0,0.0,0.0,0.4,0.2,0.4,0.0,0.0,0.0,0.0,0.0,1.5219280948873621,0.43993588041692927
liberté,word,1.0,0.0,2.0,2.0,0.0,0.0,0.0,0.0,0.0,0.0,0.0,5.0,0.2,0.0,0.4,0.4,0.0,0.0,0.0,0.0,0.0,0.0,0.0,1.5219280948873621,0.43993588041692927
question,word,2.0,0.0,0.0,2.0,0.0,1.0,0.0,0.0,0.0,0.0,0.0,5.0,0.4,0.0,0.0,0.4,0.0,0.2,0.0,0.0,0.0,0.0,0.0,1.5219280948873621,0.43993588041692927
coupe,word,0.0,0.0,2.0,1.0,0.0,2.0,0.0,0.0,0.0,0.0,0.0,5.0,0.0,0.0,0.4,0.2,0.0,0.4,0.0,0.0,0.0,0.0,0.0,1.5219280948873621,0.43993588041692927
char,lemma,0.0,0.0,1.0,2.0,2.0,0.0,0.0,0.0,0.0,0.0,0.0,5.0,0.0,0.0,0.2,0.4,0.4,0.0,0.0,0.0,0.0,0.0,0.0,1.5219280948873621,0.43993588041692927
langue,lemma,2.0,0.0,2.0,0.0,0.0,1.0,0.0,0.0,0.0,0.0,0.0,5.0,0.4,0.0,0.4,0.0,0.0,0.2,0.0,0.0,0.0,0.0,0.0,1.5219280948873621,0.43993588041692927
décidé,word,2.0,0.0,2.0,1.0,0.0,0.0,0.0,0.0,0.0,0.0,0.0,5.0,0.4,0.0,0.4,0.2,0.0,0.0,0.0,0.0,0.0,0.0,0.0,1.5219280948873621,0.43993588041692927
obtenu,word,0.0,0.0,2.0,0.0,1.0,0.0,0.0,0.0,0.0,2.0,0.0,5.0,0.0,0.0,0.4,0.0,0.2,0.0,0.0,0.0,0.0,0.4,0.0,1.5219280948873621,0.43993588041692927
aider,word,2.0,0.0,2.0,1.0,0.0,0.0,0.0,0.0,0.0,0.0,0.0,5.0,0.4,0.0,0.4,0.2,0.0,0.0,0.0,0.0,0.0,0.0,0.0,1.5219280948873621,0.43993588041692927
croit,lemma,2.0,0.0,2.0,0.0,1.0,0.0,0.0,0.0,0.0,0.0,0.0,5.0,0.4,0.0,0.4,0.0,0.2,0.0,0.0,0.0,0.0,0.0,0.0,1.5219280948873621,0.43993588041692927
viol,lemma,2.0,0.0,0.0,2.0,0.0,0.0,0.0,0.0,1.0,0.0,0.0,5.0,0.4,0.0,0.0,0.4,0.0,0.0,0.0,0.0,0.2,0.0,0.0,1.5219280948873621,0.43993588041692927
score,lemma,2.0,0.0,0.0,0.0,1.0,2.0,0.0,0.0,0.0,0.0,0.0,5.0,0.4,0.0,0.0,0.0,0.2,0.4,0.0,0.0,0.0,0.0,0.0,1.5219280948873621,0.43993588041692927
humain,word,0.0,0.0,1.0,2.0,0.0,2.0,0.0,0.0,0.0,0.0,0.0,5.0,0.0,0.0,0.2,0.4,0.0,0.4,0.0,0.0,0.0,0.0,0.0,1.5219280948873621,0.43993588041692927
centaines,word,2.0,0.0,0.0,0.0,1.0,2.0,0.0,0.0,0.0,0.0,0.0,5.0,0.4,0.0,0.0,0.0,0.2,0.4,0.0,0.0,0.0,0.0,0.0,1.5219280948873621,0.43993588041692927
pile,lemma,0.0,0.0,2.0,4.0,0.0,4.0,0.0,0.0,0.0,0.0,0.0,10.0,0.0,0.0,0.2,0.4,0.0,0.4,0.0,0.0,0.0,0.0,0.0,1.5219280948873621,0.43993588041692927
éviter,lemma,2.0,0.0,0.0,2.0,0.0,1.0,0.0,0.0,0.0,0.0,0.0,5.0,0.4,0.0,0.0,0.4,0.0,0.2,0.0,0.0,0.0,0.0,0.0,1.5219280948873621,0.43993588041692927
but,lemma,0.0,0.0,2.0,0.0,0.0,0.0,1.0,0.0,0.0,2.0,0.0,5.0,0.0,0.0,0.4,0.0,0.0,0.0,0.2,0.0,0.0,0.4,0.0,1.5219280948873621,0.43993588041692927
voler,word,2.0,0.0,0.0,2.0,0.0,1.0,0.0,0.0,0.0,0.0,0.0,5.0,0.4,0.0,0.0,0.4,0.0,0.2,0.0,0.0,0.0,0.0,0.0,1.5219280948873621,0.43993588041692927
plaire,lemma,2.0,0.0,2.0,0.0,1.0,0.0,0.0,0.0,0.0,0.0,0.0,5.0,0.4,0.0,0.4,0.0,0.2,0.0,0.0,0.0,0.0,0.0,0.0,1.5219280948873621,0.43993588041692927
accident,lemma,4.0,0.0,0.0,4.0,0.0,2.0,0.0,0.0,0.0,0.0,0.0,10.0,0.4,0.0,0.0,0.4,0.0,0.2,0.0,0.0,0.0,0.0,0.0,1.5219280948873621,0.43993588041692927
langue,word,2.0,0.0,2.0,0.0,0.0,1.0,0.0,0.0,0.0,0.0,0.0,5.0,0.4,0.0,0.4,0.0,0.0,0.2,0.0,0.0,0.0,0.0,0.0,1.5219280948873621,0.43993588041692927
dieu,lemma,2.0,0.0,0.0,0.0,0.0,1.0,2.0,0.0,0.0,0.0,0.0,5.0,0.4,0.0,0.0,0.0,0.0,0.2,0.4,0.0,0.0,0.0,0.0,1.5219280948873621,0.43993588041692927
surveiller,lemma,2.0,1.0,0.0,2.0,0.0,0.0,0.0,0.0,0.0,0.0,0.0,5.0,0.4,0.2,0.0,0.4,0.0,0.0,0.0,0.0,0.0,0.0,0.0,1.5219280948873621,0.43993588041692927
bateau,lemma,2.0,0.0,1.0,2.0,0.0,0.0,0.0,0.0,0.0,0.0,0.0,5.0,0.4,0.0,0.2,0.4,0.0,0.0,0.0,0.0,0.0,0.0,0.0,1.5219280948873621,0.43993588041692927
insécurité,lemma,2.0,0.0,0.0,2.0,0.0,1.0,0.0,0.0,0.0,0.0,0.0,5.0,0.4,0.0,0.0,0.4,0.0,0.2,0.0,0.0,0.0,0.0,0.0,1.5219280948873621,0.43993588041692927
question,lemma,2.0,0.0,0.0,2.0,0.0,1.0,0.0,0.0,0.0,0.0,0.0,5.0,0.4,0.0,0.0,0.4,0.0,0.2,0.0,0.0,0.0,0.0,0.0,1.5219280948873621,0.43993588041692927
émerveillée,word,0.0,0.0,2.0,0.0,1.0,0.0,2.0,0.0,0.0,0.0,0.0,5.0,0.0,0.0,0.4,0.0,0.2,0.0,0.4,0.0,0.0,0.0,0.0,1.5219280948873621,0.43993588041692927
grand-mère,word,0.0,0.0,2.0,1.0,2.0,0.0,0.0,0.0,0.0,0.0,0.0,5.0,0.0,0.0,0.4,0.2,0.4,0.0,0.0,0.0,0.0,0.0,0.0,1.5219280948873621,0.43993588041692927
guerres,word,4.0,0.0,0.0,4.0,0.0,2.0,0.0,0.0,0.0,0.0,0.0,10.0,0.4,0.0,0.0,0.4,0.0,0.2,0.0,0.0,0.0,0.0,0.0,1.5219280948873621,0.43993588041692927
élire,lemma,0.0,0.0,2.0,0.0,1.0,0.0,0.0,0.0,0.0,2.0,0.0,5.0,0.0,0.0,0.4,0.0,0.2,0.0,0.0,0.0,0.0,0.4,0.0,1.5219280948873621,0.43993588041692927
acte,word,1.0,0.0,0.0,2.0,0.0,2.0,0.0,0.0,0.0,0.0,0.0,5.0,0.2,0.0,0.0,0.4,0.0,0.4,0.0,0.0,0.0,0.0,0.0,1.5219280948873621,0.43993588041692927
voulaient,word,2.0,0.0,0.0,1.0,0.0,2.0,0.0,0.0,0.0,0.0,0.0,5.0,0.4,0.0,0.0,0.2,0.0,0.4,0.0,0.0,0.0,0.0,0.0,1.5219280948873621,0.43993588041692927
élue,word,0.0,0.0,2.0,0.0,1.0,0.0,0.0,0.0,0.0,2.0,0.0,5.0,0.0,0.0,0.4,0.0,0.2,0.0,0.0,0.0,0.0,0.4,0.0,1.5219280948873621,0.43993588041692927
impose,word,2.0,0.0,0.0,2.0,0.0,1.0,0.0,0.0,0.0,0.0,0.0,5.0,0.4,0.0,0.0,0.4,0.0,0.2,0.0,0.0,0.0,0.0,0.0,1.5219280948873621,0.43993588041692927
prendre,word,8.0,0.0,1.0,4.0,0.0,1.0,0.0,0.0,0.0,0.0,0.0,14.0,0.5714285714285714,0.0,0.07142857142857142,0.2857142857142857,0.0,0.07142857142857142,0.0,0.0,0.0,0.0,0.0,1.5216406363433184,0.43985278626282165
rendre,lemma,1.0,0.0,1.0,0.0,1.0,14.0,14.0,0.0,0.0,0.0,0.0,31.0,0.03225806451612903,0.0,0.03225806451612903,0.0,0.03225806451612903,0.45161290322580644,0.45161290322580644,0.0,0.0,0.0,0.0,1.5152950904638778,0.438018512145289
pleurer,lemma,3.0,0.0,4.0,9.0,0.0,32.0,0.0,0.0,0.0,1.0,0.0,49.0,0.061224489795918366,0.0,0.08163265306122448,0.1836734693877551,0.0,0.6530612244897959,0.0,0.0,0.0,0.02040816326530612,0.0,1.5068687723775698,0.4355827599711711
rêve,lemma,1.0,0.0,9.0,1.0,1.0,1.0,0.0,0.0,0.0,0.0,0.0,13.0,0.07692307692307693,0.0,0.6923076923076923,0.07692307692307693,0.07692307692307693,0.07692307692307693,0.0,0.0,0.0,0.0,0.0,1.5058762556041068,0.4352958582824324
rêve,word,1.0,0.0,9.0,1.0,1.0,1.0,0.0,0.0,0.0,0.0,0.0,13.0,0.07692307692307693,0.0,0.6923076923076923,0.07692307692307693,0.07692307692307693,0.07692307692307693,0.0,0.0,0.0,0.0,0.0,1.5058762556041068,0.4352958582824324
insulte,lemma,6.0,0.0,1.0,1.0,0.0,2.0,0.0,0.0,18.0,0.0,0.0,28.0,0.21428571428571427,0.0,0.03571428571428571,0.03571428571428571,0.0,0.07142857142857142,0.0,0.0,0.6428571428571429,0.0,0.0,1.5013397424044412,0.4339845118822823
restent,word,2.0,0.0,0.0,1.0,0.0,1.0,0.0,0.0,0.0,0.0,0.0,4.0,0.5,0.0,0.0,0.25,0.0,0.25,0.0,0.0,0.0,0.0,0.0,1.5,0.43359723947683176
rester,word,0.0,0.0,1.0,0.0,0.0,2.0,0.0,0.0,1.0,0.0,0.0,4.0,0.0,0.0,0.25,0.0,0.0,0.5,0.0,0.0,0.25,0.0,0.0,1.5,0.43359723947683176
reste,word,0.0,0.0,0.0,0.0,1.0,1.0,2.0,0.0,0.0,0.0,0.0,4.0,0.0,0.0,0.0,0.0,0.25,0.25,0.5,0.0,0.0,0.0,0.0,1.5,0.43359723947683176
choc,word,1.0,0.0,0.0,1.0,2.0,0.0,0.0,0.0,0.0,0.0,0.0,4.0,0.25,0.0,0.0,0.25,0.5,0.0,0.0,0.0,0.0,0.0,0.0,1.5,0.43359723947683176
minable,lemma,0.0,0.0,0.0,0.0,0.0,2.0,0.0,1.0,1.0,0.0,0.0,4.0,0.0,0.0,0.0,0.0,0.0,0.5,0.0,0.25,0.25,0.0,0.0,1.5,0.43359723947683176
rêver,lemma,0.0,0.0,2.0,0.0,0.0,1.0,0.0,0.0,0.0,1.0,0.0,4.0,0.0,0.0,0.5,0.0,0.0,0.25,0.0,0.0,0.0,0.25,0.0,1.5,0.43359723947683176
réalisé,word,1.0,0.0,2.0,0.0,1.0,0.0,0.0,0.0,0.0,0.0,0.0,4.0,0.25,0.0,0.5,0.0,0.25,0.0,0.0,0.0,0.0,0.0,0.0,1.5,0.43359723947683176
graves,word,6.0,0.0,0.0,3.0,0.0,3.0,0.0,0.0,0.0,0.0,0.0,12.0,0.5,0.0,0.0,0.25,0.0,0.25,0.0,0.0,0.0,0.0,0.0,1.5,0.43359723947683176
réveiller,word,2.0,1.0,0.0,1.0,0.0,0.0,0.0,0.0,0.0,0.0,0.0,4.0,0.5,0.25,0.0,0.25,0.0,0.0,0.0,0.0,0.0,0.0,0.0,1.5,0.43359723947683176
sac,lemma,0.0,0.0,2.0,1.0,0.0,0.0,0.0,0.0,0.0,1.0,0.0,4.0,0.0,0.0,0.5,0.25,0.0,0.0,0.0,0.0,0.0,0.25,0.0,1.5,0.43359723947683176
réussir,word,1.0,0.0,0.0,2.0,0.0,1.0,0.0,0.0,0.0,0.0,0.0,4.0,0.25,0.0,0.0,0.5,0.0,0.25,0.0,0.0,0.0,0.0,0.0,1.5,0.43359723947683176
loin,lemma,2.0,0.0,0.0,1.0,1.0,0.0,0.0,0.0,0.0,0.0,0.0,4.0,0.5,0.0,0.0,0.25,0.25,0.0,0.0,0.0,0.0,0.0,0.0,1.5,0.43359723947683176
entraîne,word,0.0,0.0,1.0,2.0,0.0,1.0,0.0,0.0,0.0,0.0,0.0,4.0,0.0,0.0,0.25,0.5,0.0,0.25,0.0,0.0,0.0,0.0,0.0,1.5,0.43359723947683176
lycée,lemma,1.0,0.0,0.0,2.0,1.0,0.0,0.0,0.0,0.0,0.0,0.0,4.0,0.25,0.0,0.0,0.5,0.25,0.0,0.0,0.0,0.0,0.0,0.0,1.5,0.43359723947683176
sacrée,word,0.0,0.0,1.0,0.0,1.0,0.0,0.0,0.0,0.0,2.0,0.0,4.0,0.0,0.0,0.25,0.0,0.25,0.0,0.0,0.0,0.0,0.5,0.0,1.5,0.43359723947683176
sac,word,0.0,0.0,2.0,1.0,0.0,0.0,0.0,0.0,0.0,1.0,0.0,4.0,0.0,0.0,0.5,0.25,0.0,0.0,0.0,0.0,0.0,0.25,0.0,1.5,0.43359723947683176
scène,word,0.0,0.0,1.0,0.0,2.0,0.0,0.0,0.0,0.0,1.0,0.0,4.0,0.0,0.0,0.25,0.0,0.5,0.0,0.0,0.0,0.0,0.25,0.0,1.5,0.43359723947683176
lycée,word,1.0,0.0,0.0,2.0,1.0,0.0,0.0,0.0,0.0,0.0,0.0,4.0,0.25,0.0,0.0,0.5,0.25,0.0,0.0,0.0,0.0,0.0,0.0,1.5,0.43359723947683176
employés,word,2.0,0.0,0.0,1.0,0.0,1.0,0.0,0.0,0.0,0.0,0.0,4.0,0.5,0.0,0.0,0.25,0.0,0.25,0.0,0.0,0.0,0.0,0.0,1.5,0.43359723947683176
employé,lemma,2.0,0.0,0.0,1.0,0.0,1.0,0.0,0.0,0.0,0.0,0.0,4.0,0.5,0.0,0.0,0.25,0.0,0.25,0.0,0.0,0.0,0.0,0.0,1.5,0.43359723947683176
réduites,word,1.0,0.0,0.0,2.0,0.0,1.0,0.0,0.0,0.0,0.0,0.0,4.0,0.25,0.0,0.0,0.5,0.0,0.25,0.0,0.0,0.0,0.0,0.0,1.5,0.43359723947683176
mari,lemma,1.0,0.0,0.0,0.0,0.0,2.0,0.0,0.0,0.0,1.0,0.0,4.0,0.25,0.0,0.0,0.0,0.0,0.5,0.0,0.0,0.0,0.25,0.0,1.5,0.43359723947683176
agressés,word,1.0,0.0,0.0,2.0,0.0,1.0,0.0,0.0,0.0,0.0,0.0,4.0,0.25,0.0,0.0,0.5,0.0,0.25,0.0,0.0,0.0,0.0,0.0,1.5,0.43359723947683176
cœur,lemma,1.0,0.0,2.0,0.0,1.0,0.0,0.0,0.0,0.0,0.0,0.0,4.0,0.25,0.0,0.5,0.0,0.25,0.0,0.0,0.0,0.0,0.0,0.0,1.5,0.43359723947683176
pire,lemma,1.0,0.0,0.0,2.0,0.0,0.0,0.0,0.0,1.0,0.0,0.0,4.0,0.25,0.0,0.0,0.5,0.0,0.0,0.0,0.0,0.25,0.0,0.0,1.5,0.43359723947683176
voiture,lemma,6.0,0.0,0.0,3.0,3.0,0.0,0.0,0.0,0.0,0.0,0.0,12.0,0.5,0.0,0.0,0.25,0.25,0.0,0.0,0.0,0.0,0.0,0.0,1.5,0.43359723947683176
vote,lemma,2.0,0.0,0.0,1.0,0.0,1.0,0.0,0.0,0.0,0.0,0.0,4.0,0.5,0.0,0.0,0.25,0.0,0.25,0.0,0.0,0.0,0.0,0.0,1.5,0.43359723947683176
vote,word,2.0,0.0,0.0,1.0,0.0,1.0,0.0,0.0,0.0,0.0,0.0,4.0,0.5,0.0,0.0,0.25,0.0,0.25,0.0,0.0,0.0,0.0,0.0,1.5,0.43359723947683176
réseau,lemma,2.0,0.0,0.0,1.0,0.0,0.0,0.0,0.0,1.0,0.0,0.0,4.0,0.5,0.0,0.0,0.25,0.0,0.0,0.0,0.0,0.25,0.0,0.0,1.5,0.43359723947683176
homosexuel,lemma,0.0,0.0,0.0,1.0,0.0,1.0,0.0,0.0,2.0,0.0,0.0,4.0,0.0,0.0,0.0,0.25,0.0,0.25,0.0,0.0,0.5,0.0,0.0,1.5,0.43359723947683176
homophobie,word,0.0,0.0,0.0,1.0,0.0,2.0,0.0,0.0,1.0,0.0,0.0,4.0,0.0,0.0,0.0,0.25,0.0,0.5,0.0,0.0,0.25,0.0,0.0,1.5,0.43359723947683176
homophobie,lemma,0.0,0.0,0.0,1.0,0.0,2.0,0.0,0.0,1.0,0.0,0.0,4.0,0.0,0.0,0.0,0.25,0.0,0.5,0.0,0.0,0.25,0.0,0.0,1.5,0.43359723947683176
hôtel,lemma,0.0,0.0,2.0,1.0,0.0,0.0,1.0,0.0,0.0,0.0,0.0,4.0,0.0,0.0,0.5,0.25,0.0,0.0,0.25,0.0,0.0,0.0,0.0,1.5,0.43359723947683176
homophobes,word,1.0,0.0,0.0,1.0,0.0,0.0,0.0,0.0,2.0,0.0,0.0,4.0,0.25,0.0,0.0,0.25,0.0,0.0,0.0,0.0,0.5,0.0,0.0,1.5,0.43359723947683176
flavia,lemma,0.0,0.0,1.0,1.0,0.0,2.0,0.0,0.0,0.0,0.0,0.0,4.0,0.0,0.0,0.25,0.25,0.0,0.5,0.0,0.0,0.0,0.0,0.0,1.5,0.43359723947683176
flavia,word,0.0,0.0,1.0,1.0,0.0,2.0,0.0,0.0,0.0,0.0,0.0,4.0,0.0,0.0,0.25,0.25,0.0,0.5,0.0,0.0,0.0,0.0,0.0,1.5,0.43359723947683176
photo,lemma,4.0,2.0,2.0,0.0,0.0,0.0,0.0,0.0,0.0,0.0,0.0,8.0,0.5,0.25,0.25,0.0,0.0,0.0,0.0,0.0,0.0,0.0,0.0,1.5,0.43359723947683176
pire,word,1.0,0.0,0.0,2.0,0.0,0.0,0.0,0.0,1.0,0.0,0.0,4.0,0.25,0.0,0.0,0.5,0.0,0.0,0.0,0.0,0.25,0.0,0.0,1.5,0.43359723947683176
cœur,word,1.0,0.0,2.0,0.0,1.0,0.0,0.0,0.0,0.0,0.0,0.0,4.0,0.25,0.0,0.5,0.0,0.25,0.0,0.0,0.0,0.0,0.0,0.0,1.5,0.43359723947683176
gagnent,word,1.0,0.0,2.0,0.0,0.0,0.0,0.0,0.0,0.0,1.0,0.0,4.0,0.25,0.0,0.5,0.0,0.0,0.0,0.0,0.0,0.0,0.25,0.0,1.5,0.43359723947683176
crie,word,2.0,0.0,1.0,1.0,0.0,0.0,0.0,0.0,0.0,0.0,0.0,4.0,0.5,0.0,0.25,0.25,0.0,0.0,0.0,0.0,0.0,0.0,0.0,1.5,0.43359723947683176
cri,lemma,1.0,0.0,0.0,2.0,1.0,0.0,0.0,0.0,0.0,0.0,0.0,4.0,0.25,0.0,0.0,0.5,0.25,0.0,0.0,0.0,0.0,0.0,0.0,1.5,0.43359723947683176
épouser,lemma,1.0,0.0,2.0,0.0,0.0,1.0,0.0,0.0,0.0,0.0,0.0,4.0,0.25,0.0,0.5,0.0,0.0,0.25,0.0,0.0,0.0,0.0,0.0,1.5,0.43359723947683176
acclamer,lemma,0.0,0.0,1.0,0.0,0.0,0.0,2.0,0.0,0.0,1.0,0.0,4.0,0.0,0.0,0.25,0.0,0.0,0.0,0.5,0.0,0.0,0.25,0.0,1.5,0.43359723947683176
envoyer,word,1.0,0.0,2.0,1.0,0.0,0.0,0.0,0.0,0.0,0.0,0.0,4.0,0.25,0.0,0.5,0.25,0.0,0.0,0.0,0.0,0.0,0.0,0.0,1.5,0.43359723947683176
environ,word,1.0,0.0,0.0,0.0,2.0,1.0,0.0,0.0,0.0,0.0,0.0,4.0,0.25,0.0,0.0,0.0,0.5,0.25,0.0,0.0,0.0,0.0,0.0,1.5,0.43359723947683176
environ,lemma,1.0,0.0,0.0,0.0,2.0,1.0,0.0,0.0,0.0,0.0,0.0,4.0,0.25,0.0,0.0,0.0,0.5,0.25,0.0,0.0,0.0,0.0,0.0,1.5,0.43359723947683176
choc,lemma,1.0,0.0,0.0,1.0,2.0,0.0,0.0,0.0,0.0,0.0,0.0,4.0,0.25,0.0,0.0,0.25,0.5,0.0,0.0,0.0,0.0,0.0,0.0,1.5,0.43359723947683176
nouveaux,word,2.0,0.0,1.0,1.0,0.0,0.0,0.0,0.0,0.0,0.0,0.0,4.0,0.5,0.0,0.25,0.25,0.0,0.0,0.0,0.0,0.0,0.0,0.0,1.5,0.43359723947683176
n'était,word,0.0,0.0,0.0,0.0,2.0,0.0,0.0,1.0,1.0,0.0,0.0,4.0,0.0,0.0,0.0,0.0,0.5,0.0,0.0,0.25,0.25,0.0,0.0,1.5,0.43359723947683176
début,lemma,2.0,0.0,1.0,1.0,0.0,0.0,0.0,0.0,0.0,0.0,0.0,4.0,0.5,0.0,0.25,0.25,0.0,0.0,0.0,0.0,0.0,0.0,0.0,1.5,0.43359723947683176
début,word,2.0,0.0,1.0,1.0,0.0,0.0,0.0,0.0,0.0,0.0,0.0,4.0,0.5,0.0,0.25,0.25,0.0,0.0,0.0,0.0,0.0,0.0,0.0,1.5,0.43359723947683176
nulle,word,1.0,0.0,0.0,1.0,0.0,2.0,0.0,0.0,0.0,0.0,0.0,4.0,0.25,0.0,0.0,0.25,0.0,0.5,0.0,0.0,0.0,0.0,0.0,1.5,0.43359723947683176
nul,lemma,0.0,0.0,0.0,1.0,0.0,2.0,0.0,1.0,0.0,0.0,0.0,4.0,0.0,0.0,0.0,0.25,0.0,0.5,0.0,0.25,0.0,0.0,0.0,1.5,0.43359723947683176
nuage,word,0.0,0.0,2.0,1.0,0.0,0.0,0.0,0.0,0.0,1.0,0.0,4.0,0.0,0.0,0.5,0.25,0.0,0.0,0.0,0.0,0.0,0.25,0.0,1.5,0.43359723947683176
défense,lemma,2.0,0.0,0.0,0.0,1.0,1.0,0.0,0.0,0.0,0.0,0.0,4.0,0.5,0.0,0.0,0.0,0.25,0.25,0.0,0.0,0.0,0.0,0.0,1.5,0.43359723947683176
cible,lemma,0.0,0.0,0.0,1.0,0.0,1.0,0.0,0.0,2.0,0.0,0.0,4.0,0.0,0.0,0.0,0.25,0.0,0.25,0.0,0.0,0.5,0.0,0.0,1.5,0.43359723947683176
cible,word,0.0,0.0,0.0,1.0,0.0,1.0,0.0,0.0,2.0,0.0,0.0,4.0,0.0,0.0,0.0,0.25,0.0,0.25,0.0,0.0,0.5,0.0,0.0,1.5,0.43359723947683176
cinéma,lemma,0.0,0.0,1.0,1.0,2.0,0.0,0.0,0.0,0.0,0.0,0.0,4.0,0.0,0.0,0.25,0.25,0.5,0.0,0.0,0.0,0.0,0.0,0.0,1.5,0.43359723947683176
nuit,word,2.0,0.0,0.0,1.0,0.0,1.0,0.0,0.0,0.0,0.0,0.0,4.0,0.5,0.0,0.0,0.25,0.0,0.25,0.0,0.0,0.0,0.0,0.0,1.5,0.43359723947683176
seraient,word,2.0,0.0,0.0,1.0,1.0,0.0,0.0,0.0,0.0,0.0,0.0,4.0,0.5,0.0,0.0,0.25,0.25,0.0,0.0,0.0,0.0,0.0,0.0,1.5,0.43359723947683176
situer,lemma,2.0,0.0,0.0,1.0,0.0,1.0,0.0,0.0,0.0,0.0,0.0,4.0,0.5,0.0,0.0,0.25,0.0,0.25,0.0,0.0,0.0,0.0,0.0,1.5,0.43359723947683176
serait,word,0.0,0.0,1.0,2.0,1.0,0.0,0.0,0.0,0.0,0.0,0.0,4.0,0.0,0.0,0.25,0.5,0.25,0.0,0.0,0.0,0.0,0.0,0.0,1.5,0.43359723947683176
sembler,lemma,2.0,0.0,1.0,0.0,0.0,1.0,0.0,0.0,0.0,0.0,0.0,4.0,0.5,0.0,0.25,0.0,0.0,0.25,0.0,0.0,0.0,0.0,0.0,1.5,0.43359723947683176
cochons,word,1.0,0.0,0.0,0.0,1.0,2.0,0.0,0.0,0.0,0.0,0.0,4.0,0.25,0.0,0.0,0.0,0.25,0.5,0.0,0.0,0.0,0.0,0.0,1.5,0.43359723947683176
cochon,lemma,1.0,0.0,0.0,0.0,1.0,2.0,0.0,0.0,0.0,0.0,0.0,4.0,0.25,0.0,0.0,0.0,0.25,0.5,0.0,0.0,0.0,0.0,0.0,1.5,0.43359723947683176
lieu,word,2.0,0.0,1.0,0.0,0.0,1.0,0.0,0.0,0.0,0.0,0.0,4.0,0.5,0.0,0.25,0.0,0.0,0.25,0.0,0.0,0.0,0.0,0.0,1.5,0.43359723947683176
lieux,word,1.0,0.0,0.0,2.0,1.0,0.0,0.0,0.0,0.0,0.0,0.0,4.0,0.25,0.0,0.0,0.5,0.25,0.0,0.0,0.0,0.0,0.0,0.0,1.5,0.43359723947683176
métier,lemma,0.0,0.0,1.0,0.0,0.0,2.0,0.0,0.0,0.0,1.0,0.0,4.0,0.0,0.0,0.25,0.0,0.0,0.5,0.0,0.0,0.0,0.25,0.0,1.5,0.43359723947683176
musée,lemma,0.0,0.0,1.0,1.0,0.0,0.0,0.0,0.0,0.0,2.0,0.0,4.0,0.0,0.0,0.25,0.25,0.0,0.0,0.0,0.0,0.0,0.5,0.0,1.5,0.43359723947683176
mots,word,0.0,0.0,2.0,0.0,1.0,0.0,1.0,0.0,0.0,0.0,0.0,4.0,0.0,0.0,0.5,0.0,0.25,0.0,0.25,0.0,0.0,0.0,0.0,1.5,0.43359723947683176
montre,lemma,1.0,2.0,0.0,1.0,0.0,0.0,0.0,0.0,0.0,0.0,0.0,4.0,0.25,0.5,0.0,0.25,0.0,0.0,0.0,0.0,0.0,0.0,0.0,1.5,0.43359723947683176
réalise,word,0.0,0.0,2.0,0.0,1.0,0.0,0.0,0.0,0.0,1.0,0.0,4.0,0.0,0.0,0.5,0.0,0.25,0.0,0.0,0.0,0.0,0.25,0.0,1.5,0.43359723947683176
loin,word,2.0,0.0,0.0,1.0,1.0,0.0,0.0,0.0,0.0,0.0,0.0,4.0,0.5,0.0,0.0,0.25,0.25,0.0,0.0,0.0,0.0,0.0,0.0,1.5,0.43359723947683176
soldat,lemma,1.0,0.0,0.0,2.0,0.0,1.0,0.0,0.0,0.0,0.0,0.0,4.0,0.25,0.0,0.0,0.5,0.0,0.25,0.0,0.0,0.0,0.0,0.0,1.5,0.43359723947683176
soldats,word,1.0,0.0,0.0,2.0,0.0,1.0,0.0,0.0,0.0,0.0,0.0,4.0,0.25,0.0,0.0,0.5,0.0,0.25,0.0,0.0,0.0,0.0,0.0,1.5,0.43359723947683176
ennui,lemma,2.0,0.0,0.0,1.0,0.0,1.0,0.0,0.0,0.0,0.0,0.0,4.0,0.5,0.0,0.0,0.25,0.0,0.25,0.0,0.0,0.0,0.0,0.0,1.5,0.43359723947683176
minable,word,0.0,0.0,0.0,0.0,0.0,2.0,0.0,1.0,1.0,0.0,0.0,4.0,0.0,0.0,0.0,0.0,0.0,0.5,0.0,0.25,0.25,0.0,0.0,1.5,0.43359723947683176
effondrée,word,0.0,0.0,0.0,2.0,1.0,1.0,0.0,0.0,0.0,0.0,0.0,4.0,0.0,0.0,0.0,0.5,0.25,0.25,0.0,0.0,0.0,0.0,0.0,1.5,0.43359723947683176
monstre,lemma,2.0,0.0,1.0,0.0,0.0,1.0,0.0,0.0,0.0,0.0,0.0,4.0,0.5,0.0,0.25,0.0,0.0,0.25,0.0,0.0,0.0,0.0,0.0,1.5,0.43359723947683176
ridicule,lemma,1.0,0.0,0.0,2.0,0.0,0.0,0.0,0.0,1.0,0.0,0.0,4.0,0.25,0.0,0.0,0.5,0.0,0.0,0.0,0.0,0.25,0.0,0.0,1.5,0.43359723947683176
enfermer,lemma,2.0,0.0,0.0,2.0,0.0,4.0,0.0,0.0,0.0,0.0,0.0,8.0,0.25,0.0,0.0,0.25,0.0,0.5,0.0,0.0,0.0,0.0,0.0,1.5,0.43359723947683176
ennuis,word,2.0,0.0,0.0,1.0,0.0,1.0,0.0,0.0,0.0,0.0,0.0,4.0,0.5,0.0,0.0,0.25,0.0,0.25,0.0,0.0,0.0,0.0,0.0,1.5,0.43359723947683176
rythme,lemma,1.0,0.0,2.0,1.0,0.0,0.0,0.0,0.0,0.0,0.0,0.0,4.0,0.25,0.0,0.5,0.25,0.0,0.0,0.0,0.0,0.0,0.0,0.0,1.5,0.43359723947683176
reste,lemma,0.0,0.0,0.0,0.0,1.0,1.0,2.0,0.0,0.0,0.0,0.0,4.0,0.0,0.0,0.0,0.0,0.25,0.25,0.5,0.0,0.0,0.0,0.0,1.5,0.43359723947683176
retenir,lemma,0.0,0.0,0.0,2.0,0.0,1.0,0.0,0.0,1.0,0.0,0.0,4.0,0.0,0.0,0.0,0.5,0.0,0.25,0.0,0.0,0.25,0.0,0.0,1.5,0.43359723947683176
exactement,word,1.0,0.0,2.0,0.0,0.0,0.0,0.0,0.0,0.0,1.0,0.0,4.0,0.25,0.0,0.5,0.0,0.0,0.0,0.0,0.0,0.0,0.25,0.0,1.5,0.43359723947683176
olympique,word,0.0,0.0,1.0,0.0,0.0,1.0,0.0,0.0,0.0,2.0,0.0,4.0,0.0,0.0,0.25,0.0,0.0,0.25,0.0,0.0,0.0,0.5,0.0,1.5,0.43359723947683176
condamné,word,2.0,0.0,0.0,1.0,0.0,1.0,0.0,0.0,0.0,0.0,0.0,4.0,0.5,0.0,0.0,0.25,0.0,0.25,0.0,0.0,0.0,0.0,0.0,1.5,0.43359723947683176
quartier,lemma,1.0,0.0,0.0,2.0,0.0,1.0,0.0,0.0,0.0,0.0,0.0,4.0,0.25,0.0,0.0,0.5,0.0,0.25,0.0,0.0,0.0,0.0,0.0,1.5,0.43359723947683176
ose,word,1.0,0.0,0.0,1.0,0.0,0.0,0.0,0.0,2.0,0.0,0.0,4.0,0.25,0.0,0.0,0.25,0.0,0.0,0.0,0.0,0.5,0.0,0.0,1.5,0.43359723947683176
drapeaux,word,1.0,0.0,1.0,0.0,0.0,2.0,0.0,0.0,0.0,0.0,0.0,4.0,0.25,0.0,0.25,0.0,0.0,0.5,0.0,0.0,0.0,0.0,0.0,1.5,0.43359723947683176
ouvrir,lemma,1.0,0.0,0.0,2.0,0.0,0.0,0.0,0.0,0.0,1.0,0.0,4.0,0.25,0.0,0.0,0.5,0.0,0.0,0.0,0.0,0.0,0.25,0.0,1.5,0.43359723947683176
excuses,word,1.0,0.0,0.0,0.0,0.0,0.0,0.0,2.0,1.0,0.0,0.0,4.0,0.25,0.0,0.0,0.0,0.0,0.0,0.0,0.5,0.25,0.0,0.0,1.5,0.43359723947683176
juive,word,2.0,0.0,0.0,1.0,0.0,1.0,0.0,0.0,0.0,0.0,0.0,4.0,0.5,0.0,0.0,0.25,0.0,0.25,0.0,0.0,0.0,0.0,0.0,1.5,0.43359723947683176
juger,lemma,2.0,0.0,0.0,1.0,0.0,1.0,0.0,0.0,0.0,0.0,0.0,4.0,0.5,0.0,0.0,0.25,0.0,0.25,0.0,0.0,0.0,0.0,0.0,1.5,0.43359723947683176
soleil,lemma,1.0,0.0,1.0,0.0,0.0,2.0,0.0,0.0,0.0,0.0,0.0,4.0,0.25,0.0,0.25,0.0,0.0,0.5,0.0,0.0,0.0,0.0,0.0,1.5,0.43359723947683176
soleil,word,1.0,0.0,1.0,0.0,0.0,2.0,0.0,0.0,0.0,0.0,0.0,4.0,0.25,0.0,0.25,0.0,0.0,0.5,0.0,0.0,0.0,0.0,0.0,1.5,0.43359723947683176
souci,lemma,0.0,0.0,1.0,1.0,0.0,2.0,0.0,0.0,0.0,0.0,0.0,4.0,0.0,0.0,0.25,0.25,0.0,0.5,0.0,0.0,0.0,0.0,0.0,1.5,0.43359723947683176
quell,lemma,1.0,0.0,1.0,0.0,0.0,0.0,2.0,0.0,0.0,0.0,0.0,4.0,0.25,0.0,0.25,0.0,0.0,0.0,0.5,0.0,0.0,0.0,0.0,1.5,0.43359723947683176
punition,word,1.0,0.0,0.0,2.0,0.0,1.0,0.0,0.0,0.0,0.0,0.0,4.0,0.25,0.0,0.0,0.5,0.0,0.25,0.0,0.0,0.0,0.0,0.0,1.5,0.43359723947683176
punition,lemma,1.0,0.0,0.0,2.0,0.0,1.0,0.0,0.0,0.0,0.0,0.0,4.0,0.25,0.0,0.0,0.5,0.0,0.25,0.0,0.0,0.0,0.0,0.0,1.5,0.43359723947683176
sortir,word,1.0,1.0,0.0,2.0,0.0,0.0,0.0,0.0,0.0,0.0,0.0,4.0,0.25,0.25,0.0,0.5,0.0,0.0,0.0,0.0,0.0,0.0,0.0,1.5,0.43359723947683176
stage,lemma,0.0,0.0,2.0,1.0,0.0,1.0,0.0,0.0,0.0,0.0,0.0,4.0,0.0,0.0,0.5,0.25,0.0,0.25,0.0,0.0,0.0,0.0,0.0,1.5,0.43359723947683176
blessés,word,1.0,0.0,0.0,2.0,0.0,1.0,0.0,0.0,0.0,0.0,0.0,4.0,0.25,0.0,0.0,0.5,0.0,0.25,0.0,0.0,0.0,0.0,0.0,1.5,0.43359723947683176
billet,lemma,2.0,0.0,1.0,0.0,0.0,0.0,0.0,0.0,0.0,1.0,0.0,4.0,0.5,0.0,0.25,0.0,0.0,0.0,0.0,0.0,0.0,0.25,0.0,1.5,0.43359723947683176
billets,word,2.0,0.0,1.0,0.0,0.0,0.0,0.0,0.0,0.0,1.0,0.0,4.0,0.5,0.0,0.25,0.0,0.0,0.0,0.0,0.0,0.0,0.25,0.0,1.5,0.43359723947683176
blessé,lemma,1.0,0.0,0.0,2.0,0.0,1.0,0.0,0.0,0.0,0.0,0.0,4.0,0.25,0.0,0.0,0.5,0.0,0.25,0.0,0.0,0.0,0.0,0.0,1.5,0.43359723947683176
iran,lemma,2.0,0.0,1.0,1.0,0.0,0.0,0.0,0.0,0.0,0.0,0.0,4.0,0.5,0.0,0.25,0.25,0.0,0.0,0.0,0.0,0.0,0.0,0.0,1.5,0.43359723947683176
jeter,lemma,0.0,0.0,0.0,1.0,0.0,2.0,0.0,0.0,1.0,0.0,0.0,4.0,0.0,0.0,0.0,0.25,0.0,0.5,0.0,0.0,0.25,0.0,0.0,1.5,0.43359723947683176
difficultés,word,2.0,0.0,0.0,1.0,0.0,1.0,0.0,0.0,0.0,0.0,0.0,4.0,0.5,0.0,0.0,0.25,0.0,0.25,0.0,0.0,0.0,0.0,0.0,1.5,0.43359723947683176
devoirs,word,2.0,0.0,1.0,1.0,0.0,0.0,0.0,0.0,0.0,0.0,0.0,4.0,0.5,0.0,0.25,0.25,0.0,0.0,0.0,0.0,0.0,0.0,0.0,1.5,0.43359723947683176
difficulté,lemma,2.0,0.0,0.0,1.0,0.0,1.0,0.0,0.0,0.0,0.0,0.0,4.0,0.5,0.0,0.0,0.25,0.0,0.25,0.0,0.0,0.0,0.0,0.0,1.5,0.43359723947683176
dieu,word,2.0,0.0,0.0,0.0,0.0,1.0,1.0,0.0,0.0,0.0,0.0,4.0,0.5,0.0,0.0,0.0,0.0,0.25,0.25,0.0,0.0,0.0,0.0,1.5,0.43359723947683176
discriminer,lemma,2.0,0.0,0.0,0.0,0.0,1.0,0.0,0.0,1.0,0.0,0.0,4.0,0.5,0.0,0.0,0.0,0.0,0.25,0.0,0.0,0.25,0.0,0.0,1.5,0.43359723947683176
discriminer,word,2.0,0.0,0.0,0.0,0.0,1.0,0.0,0.0,1.0,0.0,0.0,4.0,0.5,0.0,0.0,0.0,0.0,0.25,0.0,0.0,0.25,0.0,0.0,1.5,0.43359723947683176
proie,lemma,1.0,0.0,0.0,2.0,0.0,1.0,0.0,0.0,0.0,0.0,0.0,4.0,0.25,0.0,0.0,0.5,0.0,0.25,0.0,0.0,0.0,0.0,0.0,1.5,0.43359723947683176
préoccupations,word,1.0,0.0,0.0,1.0,0.0,2.0,0.0,0.0,0.0,0.0,0.0,4.0,0.25,0.0,0.0,0.25,0.0,0.5,0.0,0.0,0.0,0.0,0.0,1.5,0.43359723947683176
prof,lemma,2.0,0.0,0.0,1.0,0.0,0.0,0.0,0.0,1.0,0.0,0.0,4.0,0.5,0.0,0.0,0.25,0.0,0.0,0.0,0.0,0.25,0.0,0.0,1.5,0.43359723947683176
proie,word,1.0,0.0,0.0,2.0,0.0,1.0,0.0,0.0,0.0,0.0,0.0,4.0,0.25,0.0,0.0,0.5,0.0,0.25,0.0,0.0,0.0,0.0,0.0,1.5,0.43359723947683176
considérés,word,2.0,0.0,0.0,1.0,0.0,0.0,1.0,0.0,0.0,0.0,0.0,4.0,0.5,0.0,0.0,0.25,0.0,0.0,0.25,0.0,0.0,0.0,0.0,1.5,0.43359723947683176
dessus,word,1.0,0.0,0.0,1.0,0.0,0.0,0.0,0.0,2.0,0.0,0.0,4.0,0.25,0.0,0.0,0.25,0.0,0.0,0.0,0.0,0.5,0.0,0.0,1.5,0.43359723947683176
danseurs,word,0.0,0.0,2.0,0.0,0.0,0.0,1.0,0.0,0.0,1.0,0.0,4.0,0.0,0.0,0.5,0.0,0.0,0.0,0.25,0.0,0.0,0.25,0.0,1.5,0.43359723947683176
puissants,word,0.0,0.0,0.0,2.0,1.0,0.0,1.0,0.0,0.0,0.0,0.0,4.0,0.0,0.0,0.0,0.5,0.25,0.0,0.25,0.0,0.0,0.0,0.0,1.5,0.43359723947683176
journée,word,2.0,0.0,1.0,1.0,0.0,0.0,0.0,0.0,0.0,0.0,0.0,4.0,0.5,0.0,0.25,0.25,0.0,0.0,0.0,0.0,0.0,0.0,0.0,1.5,0.43359723947683176
battu,lemma,0.0,0.0,2.0,0.0,1.0,0.0,0.0,0.0,0.0,1.0,0.0,4.0,0.0,0.0,0.5,0.0,0.25,0.0,0.0,0.0,0.0,0.25,0.0,1.5,0.43359723947683176
joué,word,1.0,0.0,2.0,0.0,0.0,0.0,0.0,0.0,0.0,1.0,0.0,4.0,0.25,0.0,0.5,0.0,0.0,0.0,0.0,0.0,0.0,0.25,0.0,1.5,0.43359723947683176
facile,word,0.0,0.0,1.0,0.0,0.0,2.0,0.0,0.0,1.0,0.0,0.0,4.0,0.0,0.0,0.25,0.0,0.0,0.5,0.0,0.0,0.25,0.0,0.0,1.5,0.43359723947683176
facile,lemma,0.0,0.0,1.0,0.0,0.0,2.0,0.0,0.0,1.0,0.0,0.0,4.0,0.0,0.0,0.25,0.0,0.0,0.5,0.0,0.0,0.25,0.0,0.0,1.5,0.43359723947683176
fai,lemma,0.0,1.0,1.0,0.0,2.0,0.0,0.0,0.0,0.0,0.0,0.0,4.0,0.0,0.25,0.25,0.0,0.5,0.0,0.0,0.0,0.0,0.0,0.0,1.5,0.43359723947683176
faudrait,word,1.0,0.0,0.0,1.0,0.0,2.0,0.0,0.0,0.0,0.0,0.0,4.0,0.25,0.0,0.0,0.25,0.0,0.5,0.0,0.0,0.0,0.0,0.0,1.5,0.43359723947683176
baisser,lemma,0.0,0.0,0.0,2.0,0.0,1.0,0.0,0.0,1.0,0.0,0.0,4.0,0.0,0.0,0.0,0.5,0.0,0.25,0.0,0.0,0.25,0.0,0.0,1.5,0.43359723947683176
excellent,lemma,0.0,0.0,0.0,0.0,1.0,0.0,2.0,0.0,0.0,1.0,0.0,4.0,0.0,0.0,0.0,0.0,0.25,0.0,0.5,0.0,0.0,0.25,0.0,1.5,0.43359723947683176
joue,lemma,0.0,0.0,0.0,0.0,2.0,0.0,0.0,0.0,1.0,0.0,1.0,4.0,0.0,0.0,0.0,0.0,0.5,0.0,0.0,0.0,0.25,0.0,0.25,1.5,0.43359723947683176
impressionné,word,0.0,0.0,0.0,1.0,1.0,0.0,2.0,0.0,0.0,0.0,0.0,4.0,0.0,0.0,0.0,0.25,0.25,0.0,0.5,0.0,0.0,0.0,0.0,1.5,0.43359723947683176
finale,lemma,0.0,0.0,1.0,0.0,0.0,2.0,0.0,0.0,0.0,1.0,0.0,4.0,0.0,0.0,0.25,0.0,0.0,0.5,0.0,0.0,0.0,0.25,0.0,1.5,0.43359723947683176
ticket,lemma,2.0,0.0,1.0,0.0,0.0,1.0,0.0,0.0,0.0,0.0,0.0,4.0,0.5,0.0,0.25,0.0,0.0,0.25,0.0,0.0,0.0,0.0,0.0,1.5,0.43359723947683176
terminer,lemma,0.0,0.0,0.0,1.0,0.0,2.0,0.0,0.0,1.0,0.0,0.0,4.0,0.0,0.0,0.0,0.25,0.0,0.5,0.0,0.0,0.25,0.0,0.0,1.5,0.43359723947683176
finale,word,0.0,0.0,1.0,0.0,0.0,2.0,0.0,0.0,0.0,1.0,0.0,4.0,0.0,0.0,0.25,0.0,0.0,0.5,0.0,0.0,0.0,0.25,0.0,1.5,0.43359723947683176
finisse,word,1.0,0.0,1.0,2.0,0.0,0.0,0.0,0.0,0.0,0.0,0.0,4.0,0.25,0.0,0.25,0.5,0.0,0.0,0.0,0.0,0.0,0.0,0.0,1.5,0.43359723947683176
importe,word,2.0,1.0,0.0,1.0,0.0,0.0,0.0,0.0,0.0,0.0,0.0,4.0,0.5,0.25,0.0,0.25,0.0,0.0,0.0,0.0,0.0,0.0,0.0,1.5,0.43359723947683176
important,word,0.0,0.0,1.0,0.0,0.0,0.0,1.0,0.0,0.0,2.0,0.0,4.0,0.0,0.0,0.25,0.0,0.0,0.0,0.25,0.0,0.0,0.5,0.0,1.5,0.43359723947683176
positive,word,0.0,0.0,2.0,0.0,0.0,1.0,0.0,0.0,1.0,0.0,0.0,4.0,0.0,0.0,0.5,0.0,0.0,0.25,0.0,0.0,0.25,0.0,0.0,1.5,0.43359723947683176
participer,lemma,0.0,0.0,2.0,0.0,0.0,1.0,0.0,0.0,0.0,1.0,0.0,4.0,0.0,0.0,0.5,0.0,0.0,0.25,0.0,0.0,0.0,0.25,0.0,1.5,0.43359723947683176
parvenir,lemma,0.0,0.0,0.0,2.0,0.0,1.0,0.0,0.0,1.0,0.0,0.0,4.0,0.0,0.0,0.0,0.5,0.0,0.25,0.0,0.0,0.25,0.0,0.0,1.5,0.43359723947683176
poste,word,2.0,0.0,0.0,1.0,1.0,0.0,0.0,0.0,0.0,0.0,0.0,4.0,0.5,0.0,0.0,0.25,0.25,0.0,0.0,0.0,0.0,0.0,0.0,1.5,0.43359723947683176
cours,lemma,1.0,0.0,0.0,2.0,0.0,0.0,0.0,0.0,1.0,0.0,0.0,4.0,0.25,0.0,0.0,0.5,0.0,0.0,0.0,0.0,0.25,0.0,0.0,1.5,0.43359723947683176
cours,word,1.0,0.0,0.0,2.0,0.0,0.0,0.0,0.0,1.0,0.0,0.0,4.0,0.25,0.0,0.0,0.5,0.0,0.0,0.0,0.0,0.25,0.0,0.0,1.5,0.43359723947683176
fin,word,2.0,0.0,0.0,1.0,0.0,0.0,1.0,0.0,0.0,0.0,0.0,4.0,0.5,0.0,0.0,0.25,0.0,0.0,0.25,0.0,0.0,0.0,0.0,1.5,0.43359723947683176
fin,lemma,2.0,0.0,0.0,1.0,0.0,0.0,1.0,0.0,0.0,0.0,0.0,4.0,0.5,0.0,0.0,0.25,0.0,0.0,0.25,0.0,0.0,0.0,0.0,1.5,0.43359723947683176
images,word,0.0,1.0,0.0,0.0,0.0,2.0,0.0,0.0,1.0,0.0,0.0,4.0,0.0,0.25,0.0,0.0,0.0,0.5,0.0,0.0,0.25,0.0,0.0,1.5,0.43359723947683176
assister,lemma,0.0,0.0,1.0,0.0,2.0,1.0,0.0,0.0,0.0,0.0,0.0,4.0,0.0,0.0,0.25,0.0,0.5,0.25,0.0,0.0,0.0,0.0,0.0,1.5,0.43359723947683176
toit,lemma,0.0,0.0,0.0,2.0,1.0,1.0,0.0,0.0,0.0,0.0,0.0,4.0,0.0,0.0,0.0,0.5,0.25,0.25,0.0,0.0,0.0,0.0,0.0,1.5,0.43359723947683176
toit,word,0.0,0.0,0.0,2.0,1.0,1.0,0.0,0.0,0.0,0.0,0.0,4.0,0.0,0.0,0.0,0.5,0.25,0.25,0.0,0.0,0.0,0.0,0.0,1.5,0.43359723947683176
torturer,lemma,1.0,0.0,0.0,2.0,0.0,1.0,0.0,0.0,0.0,0.0,0.0,4.0,0.25,0.0,0.0,0.5,0.0,0.25,0.0,0.0,0.0,0.0,0.0,1.5,0.43359723947683176
tour,word,0.0,0.0,0.0,2.0,1.0,0.0,0.0,0.0,1.0,0.0,0.0,4.0,0.0,0.0,0.0,0.5,0.25,0.0,0.0,0.0,0.25,0.0,0.0,1.5,0.43359723947683176
folle,word,1.0,0.0,2.0,0.0,1.0,0.0,0.0,0.0,0.0,0.0,0.0,4.0,0.25,0.0,0.5,0.0,0.25,0.0,0.0,0.0,0.0,0.0,0.0,1.5,0.43359723947683176
forme,word,0.0,0.0,1.0,2.0,0.0,0.0,0.0,0.0,0.0,1.0,0.0,4.0,0.0,0.0,0.25,0.5,0.0,0.0,0.0,0.0,0.0,0.25,0.0,1.5,0.43359723947683176
forme,lemma,0.0,0.0,1.0,2.0,0.0,0.0,0.0,0.0,0.0,1.0,0.0,4.0,0.0,0.0,0.25,0.5,0.0,0.0,0.0,0.0,0.0,0.25,0.0,1.5,0.43359723947683176
forcément,word,1.0,0.0,0.0,2.0,0.0,1.0,0.0,0.0,0.0,0.0,0.0,4.0,0.25,0.0,0.0,0.5,0.0,0.25,0.0,0.0,0.0,0.0,0.0,1.5,0.43359723947683176
truc,lemma,2.0,1.0,1.0,0.0,0.0,0.0,0.0,0.0,0.0,0.0,0.0,4.0,0.5,0.25,0.25,0.0,0.0,0.0,0.0,0.0,0.0,0.0,0.0,1.5,0.43359723947683176
vague,lemma,1.0,0.0,0.0,2.0,1.0,0.0,0.0,0.0,0.0,0.0,0.0,4.0,0.25,0.0,0.0,0.5,0.25,0.0,0.0,0.0,0.0,0.0,0.0,1.5,0.43359723947683176
vexer,lemma,1.0,0.0,0.0,0.0,0.0,2.0,0.0,0.0,1.0,0.0,0.0,4.0,0.25,0.0,0.0,0.0,0.0,0.5,0.0,0.0,0.25,0.0,0.0,1.5,0.43359723947683176
viennent,word,2.0,0.0,0.0,1.0,1.0,0.0,0.0,0.0,0.0,0.0,0.0,4.0,0.5,0.0,0.0,0.25,0.25,0.0,0.0,0.0,0.0,0.0,0.0,1.5,0.43359723947683176
top,word,0.0,0.0,1.0,2.0,0.0,0.0,0.0,0.0,0.0,1.0,0.0,4.0,0.0,0.0,0.25,0.5,0.0,0.0,0.0,0.0,0.0,0.25,0.0,1.5,0.43359723947683176
top,lemma,0.0,0.0,1.0,2.0,0.0,0.0,0.0,0.0,0.0,1.0,0.0,4.0,0.0,0.0,0.25,0.5,0.0,0.0,0.0,0.0,0.0,0.25,0.0,1.5,0.43359723947683176
frappé,word,0.0,0.0,0.0,2.0,0.0,1.0,0.0,0.0,1.0,0.0,0.0,4.0,0.0,0.0,0.0,0.5,0.0,0.25,0.0,0.0,0.25,0.0,0.0,1.5,0.43359723947683176
échec,lemma,1.0,0.0,0.0,0.0,1.0,2.0,0.0,0.0,0.0,0.0,0.0,4.0,0.25,0.0,0.0,0.0,0.25,0.5,0.0,0.0,0.0,0.0,0.0,1.5,0.43359723947683176
écrier,lemma,1.0,0.0,2.0,0.0,1.0,0.0,0.0,0.0,0.0,0.0,0.0,4.0,0.25,0.0,0.5,0.0,0.25,0.0,0.0,0.0,0.0,0.0,0.0,1.5,0.43359723947683176
frappé,lemma,0.0,0.0,0.0,2.0,0.0,1.0,0.0,0.0,1.0,0.0,0.0,4.0,0.0,0.0,0.0,0.5,0.0,0.25,0.0,0.0,0.25,0.0,0.0,1.5,0.43359723947683176
émotion,lemma,0.0,0.0,2.0,0.0,0.0,1.0,1.0,0.0,0.0,0.0,0.0,4.0,0.0,0.0,0.5,0.0,0.0,0.25,0.25,0.0,0.0,0.0,0.0,1.5,0.43359723947683176
émotion,word,0.0,0.0,2.0,0.0,0.0,1.0,1.0,0.0,0.0,0.0,0.0,4.0,0.0,0.0,0.5,0.0,0.0,0.25,0.25,0.0,0.0,0.0,0.0,1.5,0.43359723947683176
nombreuses,word,15.0,0.0,0.0,6.0,1.0,1.0,1.0,0.0,0.0,0.0,0.0,24.0,0.625,0.0,0.0,0.25,0.041666666666666664,0.041666666666666664,0.041666666666666664,0.0,0.0,0.0,0.0,1.4969152532855432,0.43270554770358266
choquante,lemma,4.0,0.0,0.0,3.0,7.0,0.0,0.0,0.0,0.0,0.0,0.0,14.0,0.2857142857142857,0.0,0.0,0.21428571428571427,0.5,0.0,0.0,0.0,0.0,0.0,0.0,1.4926140680171258,0.4314622263310065
choquantes,word,4.0,0.0,0.0,3.0,7.0,0.0,0.0,0.0,0.0,0.0,0.0,14.0,0.2857142857142857,0.0,0.0,0.21428571428571427,0.5,0.0,0.0,0.0,0.0,0.0,0.0,1.4926140680171258,0.4314622263310065
perdu,word,1.0,0.0,1.0,3.0,0.0,8.0,0.0,0.0,0.0,0.0,0.0,13.0,0.07692307692307693,0.0,0.07692307692307693,0.23076923076923078,0.0,0.6153846153846154,0.0,0.0,0.0,0.0,0.0,1.4885252948977485,0.43028030583940047
impressionnant,word,0.0,0.0,0.0,1.0,8.0,0.0,3.0,0.0,0.0,1.0,0.0,13.0,0.0,0.0,0.0,0.07692307692307693,0.6153846153846154,0.0,0.23076923076923078,0.0,0.0,0.07692307692307693,0.0,1.4885252948977485,0.43028030583940047
guerre,word,7.0,0.0,1.0,33.0,0.0,7.0,2.0,0.0,0.0,0.0,0.0,50.0,0.14,0.0,0.02,0.66,0.0,0.14,0.04,0.0,0.0,0.0,0.0,1.4884966928220165,0.43027203798534663
civile,word,2.0,0.0,0.0,5.0,0.0,3.0,0.0,0.0,0.0,0.0,0.0,10.0,0.2,0.0,0.0,0.5,0.0,0.3,0.0,0.0,0.0,0.0,0.0,1.4854752972273344,0.42939865879253225
juifs,word,5.0,0.0,0.0,2.0,0.0,3.0,0.0,0.0,0.0,0.0,0.0,10.0,0.5,0.0,0.0,0.2,0.0,0.3,0.0,0.0,0.0,0.0,0.0,1.4854752972273344,0.42939865879253225
harceler,lemma,2.0,0.0,0.0,1.0,0.0,9.0,0.0,0.0,2.0,0.0,0.0,14.0,0.14285714285714285,0.0,0.0,0.07142857142857142,0.0,0.6428571428571429,0.0,0.0,0.14285714285714285,0.0,0.0,1.483831706844689,0.4289235546240351
maison,lemma,0.0,0.0,3.0,23.0,3.0,7.0,0.0,0.0,0.0,0.0,0.0,36.0,0.0,0.0,0.08333333333333333,0.6388888888888888,0.08333333333333333,0.19444444444444445,0.0,0.0,0.0,0.0,0.0,1.4698365445522719,0.4248780454666869
tuer,word,9.0,0.0,0.0,4.0,0.0,4.0,0.0,0.0,0.0,0.0,0.0,17.0,0.5294117647058824,0.0,0.0,0.23529411764705882,0.0,0.23529411764705882,0.0,0.0,0.0,0.0,0.0,1.468090781663233,0.42437340682037467
terroriste,lemma,6.0,0.0,0.0,10.0,0.0,1.0,0.0,0.0,1.0,0.0,0.0,18.0,0.3333333333333333,0.0,0.0,0.5555555555555556,0.0,0.05555555555555555,0.0,0.0,0.05555555555555555,0.0,0.0,1.4627552262645034,0.42283108542573145
oh,word,0.0,0.0,6.0,1.0,10.0,1.0,0.0,0.0,0.0,0.0,0.0,18.0,0.0,0.0,0.3333333333333333,0.05555555555555555,0.5555555555555556,0.05555555555555555,0.0,0.0,0.0,0.0,0.0,1.4627552262645034,0.42283108542573145
oh,lemma,0.0,0.0,6.0,1.0,10.0,1.0,0.0,0.0,0.0,0.0,0.0,18.0,0.0,0.0,0.3333333333333333,0.05555555555555555,0.5555555555555556,0.05555555555555555,0.0,0.0,0.0,0.0,0.0,1.4627552262645034,0.42283108542573145
terrible,lemma,1.0,0.0,0.0,10.0,0.0,8.0,0.0,0.0,1.0,0.0,0.0,20.0,0.05,0.0,0.0,0.5,0.0,0.4,0.0,0.0,0.05,0.0,0.0,1.4609640474436811,0.42231331863098615
éclaté,word,3.0,0.0,2.0,1.0,0.0,0.0,0.0,0.0,0.0,0.0,0.0,6.0,0.5,0.0,0.3333333333333333,0.16666666666666666,0.0,0.0,0.0,0.0,0.0,0.0,0.0,1.4591479170272448,0.42178833920758835
voiture,word,1.0,0.0,0.0,2.0,3.0,0.0,0.0,0.0,0.0,0.0,0.0,6.0,0.16666666666666666,0.0,0.0,0.3333333333333333,0.5,0.0,0.0,0.0,0.0,0.0,0.0,1.4591479170272448,0.42178833920758835
émerveiller,lemma,0.0,0.0,2.0,0.0,1.0,0.0,3.0,0.0,0.0,0.0,0.0,6.0,0.0,0.0,0.3333333333333333,0.0,0.16666666666666666,0.0,0.5,0.0,0.0,0.0,0.0,1.4591479170272448,0.42178833920758835
activité,lemma,2.0,0.0,0.0,3.0,0.0,1.0,0.0,0.0,0.0,0.0,0.0,6.0,0.3333333333333333,0.0,0.0,0.5,0.0,0.16666666666666666,0.0,0.0,0.0,0.0,0.0,1.4591479170272448,0.42178833920758835
nourriture,word,0.0,0.0,0.0,3.0,0.0,2.0,1.0,0.0,0.0,0.0,0.0,6.0,0.0,0.0,0.0,0.5,0.0,0.3333333333333333,0.16666666666666666,0.0,0.0,0.0,0.0,1.4591479170272448,0.42178833920758835
remarques,word,1.0,0.0,0.0,0.0,0.0,2.0,0.0,0.0,3.0,0.0,0.0,6.0,0.16666666666666666,0.0,0.0,0.0,0.0,0.3333333333333333,0.0,0.0,0.5,0.0,0.0,1.4591479170272448,0.42178833920758835
religieux,lemma,2.0,0.0,0.0,3.0,1.0,0.0,0.0,0.0,0.0,0.0,0.0,6.0,0.3333333333333333,0.0,0.0,0.5,0.16666666666666666,0.0,0.0,0.0,0.0,0.0,0.0,1.4591479170272448,0.42178833920758835
croit,word,3.0,0.0,2.0,0.0,1.0,0.0,0.0,0.0,0.0,0.0,0.0,6.0,0.5,0.0,0.3333333333333333,0.0,0.16666666666666666,0.0,0.0,0.0,0.0,0.0,0.0,1.4591479170272448,0.42178833920758835
buteur,lemma,0.0,0.0,2.0,0.0,0.0,0.0,1.0,0.0,0.0,3.0,0.0,6.0,0.0,0.0,0.3333333333333333,0.0,0.0,0.0,0.16666666666666666,0.0,0.0,0.5,0.0,1.4591479170272448,0.42178833920758835
beaux,word,0.0,0.0,3.0,2.0,1.0,0.0,0.0,0.0,0.0,0.0,0.0,6.0,0.0,0.0,0.5,0.3333333333333333,0.16666666666666666,0.0,0.0,0.0,0.0,0.0,0.0,1.4591479170272448,0.42178833920758835
champion,word,0.0,0.0,1.0,0.0,0.0,0.0,2.0,0.0,0.0,3.0,0.0,6.0,0.0,0.0,0.16666666666666666,0.0,0.0,0.0,0.3333333333333333,0.0,0.0,0.5,0.0,1.4591479170272448,0.42178833920758835
cas,lemma,0.0,0.0,1.0,2.0,3.0,0.0,0.0,0.0,0.0,0.0,0.0,6.0,0.0,0.0,0.16666666666666666,0.3333333333333333,0.5,0.0,0.0,0.0,0.0,0.0,0.0,1.4591479170272448,0.42178833920758835
cas,word,0.0,0.0,1.0,2.0,3.0,0.0,0.0,0.0,0.0,0.0,0.0,6.0,0.0,0.0,0.16666666666666666,0.3333333333333333,0.5,0.0,0.0,0.0,0.0,0.0,0.0,1.4591479170272448,0.42178833920758835
tenter,lemma,2.0,0.0,0.0,3.0,0.0,1.0,0.0,0.0,0.0,0.0,0.0,6.0,0.3333333333333333,0.0,0.0,0.5,0.0,0.16666666666666666,0.0,0.0,0.0,0.0,0.0,1.4591479170272448,0.42178833920758835
films,word,2.0,0.0,0.0,0.0,3.0,0.0,1.0,0.0,0.0,0.0,0.0,6.0,0.3333333333333333,0.0,0.0,0.0,0.5,0.0,0.16666666666666666,0.0,0.0,0.0,0.0,1.4591479170272448,0.42178833920758835
remarque,lemma,1.0,0.0,0.0,0.0,0.0,2.0,0.0,0.0,3.0,0.0,0.0,6.0,0.16666666666666666,0.0,0.0,0.0,0.0,0.3333333333333333,0.0,0.0,0.5,0.0,0.0,1.4591479170272448,0.42178833920758835
quitté,word,2.0,0.0,0.0,3.0,0.0,1.0,0.0,0.0,0.0,0.0,0.0,6.0,0.3333333333333333,0.0,0.0,0.5,0.0,0.16666666666666666,0.0,0.0,0.0,0.0,0.0,1.4591479170272448,0.42178833920758835
policier,lemma,6.0,0.0,0.0,4.0,0.0,2.0,0.0,0.0,0.0,0.0,0.0,12.0,0.5,0.0,0.0,0.3333333333333333,0.0,0.16666666666666666,0.0,0.0,0.0,0.0,0.0,1.4591479170272448,0.42178833920758835
raison,lemma,0.0,0.0,0.0,2.0,0.0,1.0,0.0,0.0,0.0,3.0,0.0,6.0,0.0,0.0,0.0,0.3333333333333333,0.0,0.16666666666666666,0.0,0.0,0.0,0.5,0.0,1.4591479170272448,0.42178833920758835
nourriture,lemma,0.0,0.0,0.0,3.0,0.0,2.0,1.0,0.0,0.0,0.0,0.0,6.0,0.0,0.0,0.0,0.5,0.0,0.3333333333333333,0.16666666666666666,0.0,0.0,0.0,0.0,1.4591479170272448,0.42178833920758835
mot,word,0.0,0.0,3.0,0.0,0.0,2.0,0.0,0.0,0.0,1.0,0.0,6.0,0.0,0.0,0.5,0.0,0.0,0.3333333333333333,0.0,0.0,0.0,0.16666666666666666,0.0,1.4591479170272448,0.42178833920758835
chambre,lemma,0.0,0.0,2.0,1.0,0.0,3.0,0.0,0.0,0.0,0.0,0.0,6.0,0.0,0.0,0.3333333333333333,0.16666666666666666,0.0,0.5,0.0,0.0,0.0,0.0,0.0,1.4591479170272448,0.42178833920758835
volé,word,3.0,0.0,0.0,0.0,0.0,0.0,0.0,2.0,1.0,0.0,0.0,6.0,0.5,0.0,0.0,0.0,0.0,0.0,0.0,0.3333333333333333,0.16666666666666666,0.0,0.0,1.4591479170272448,0.42178833920758835
embête,lemma,2.0,0.0,0.0,0.0,0.0,3.0,0.0,0.0,1.0,0.0,0.0,6.0,0.3333333333333333,0.0,0.0,0.0,0.0,0.5,0.0,0.0,0.16666666666666666,0.0,0.0,1.4591479170272448,0.42178833920758835
empêcher,word,0.0,0.0,2.0,3.0,0.0,1.0,0.0,0.0,0.0,0.0,0.0,6.0,0.0,0.0,0.3333333333333333,0.5,0.0,0.16666666666666666,0.0,0.0,0.0,0.0,0.0,1.4591479170272448,0.42178833920758835
certaines,word,3.0,0.0,0.0,2.0,1.0,0.0,0.0,0.0,0.0,0.0,0.0,6.0,0.5,0.0,0.0,0.3333333333333333,0.16666666666666666,0.0,0.0,0.0,0.0,0.0,0.0,1.4591479170272448,0.42178833920758835
buteur,word,0.0,0.0,2.0,0.0,0.0,0.0,1.0,0.0,0.0,3.0,0.0,6.0,0.0,0.0,0.3333333333333333,0.0,0.0,0.0,0.16666666666666666,0.0,0.0,0.5,0.0,1.4591479170272448,0.42178833920758835
mère,word,3.0,0.0,0.0,0.0,1.0,2.0,0.0,0.0,0.0,0.0,0.0,6.0,0.5,0.0,0.0,0.0,0.16666666666666666,0.3333333333333333,0.0,0.0,0.0,0.0,0.0,1.4591479170272446,0.4217883392075883
événement,lemma,0.0,0.0,3.0,1.0,2.0,0.0,0.0,0.0,0.0,0.0,0.0,6.0,0.0,0.0,0.5,0.16666666666666666,0.3333333333333333,0.0,0.0,0.0,0.0,0.0,0.0,1.4591479170272446,0.4217883392075883
pd,word,3.0,1.0,0.0,0.0,0.0,0.0,0.0,0.0,2.0,0.0,0.0,6.0,0.5,0.16666666666666666,0.0,0.0,0.0,0.0,0.0,0.0,0.3333333333333333,0.0,0.0,1.4591479170272446,0.4217883392075883
laisse,word,3.0,0.0,0.0,1.0,0.0,2.0,0.0,0.0,0.0,0.0,0.0,6.0,0.5,0.0,0.0,0.16666666666666666,0.0,0.3333333333333333,0.0,0.0,0.0,0.0,0.0,1.4591479170272446,0.4217883392075883
l'école,word,1.0,0.0,0.0,3.0,0.0,2.0,0.0,0.0,0.0,0.0,0.0,6.0,0.16666666666666666,0.0,0.0,0.5,0.0,0.3333333333333333,0.0,0.0,0.0,0.0,0.0,1.4591479170272446,0.4217883392075883
joueur,word,0.0,0.0,3.0,0.0,0.0,0.0,1.0,0.0,0.0,2.0,0.0,6.0,0.0,0.0,0.5,0.0,0.0,0.0,0.16666666666666666,0.0,0.0,0.3333333333333333,0.0,1.4591479170272446,0.4217883392075883
pd,lemma,3.0,1.0,0.0,0.0,0.0,0.0,0.0,0.0,2.0,0.0,0.0,6.0,0.5,0.16666666666666666,0.0,0.0,0.0,0.0,0.0,0.0,0.3333333333333333,0.0,0.0,1.4591479170272446,0.4217883392075883
rejetés,word,3.0,0.0,0.0,1.0,0.0,2.0,0.0,0.0,0.0,0.0,0.0,6.0,0.5,0.0,0.0,0.16666666666666666,0.0,0.3333333333333333,0.0,0.0,0.0,0.0,0.0,1.4591479170272446,0.4217883392075883
comprendre,lemma,3.0,0.0,1.0,2.0,0.0,0.0,0.0,0.0,0.0,0.0,0.0,6.0,0.5,0.0,0.16666666666666666,0.3333333333333333,0.0,0.0,0.0,0.0,0.0,0.0,0.0,1.4591479170272446,0.4217883392075883
condamner,lemma,3.0,0.0,0.0,1.0,0.0,2.0,0.0,0.0,0.0,0.0,0.0,6.0,0.5,0.0,0.0,0.16666666666666666,0.0,0.3333333333333333,0.0,0.0,0.0,0.0,0.0,1.4591479170272446,0.4217883392075883
ministre,word,3.0,0.0,1.0,2.0,0.0,0.0,0.0,0.0,0.0,0.0,0.0,6.0,0.5,0.0,0.16666666666666666,0.3333333333333333,0.0,0.0,0.0,0.0,0.0,0.0,0.0,1.4591479170272446,0.4217883392075883
eau,word,1.0,0.0,0.0,3.0,0.0,2.0,0.0,0.0,0.0,0.0,0.0,6.0,0.16666666666666666,0.0,0.0,0.5,0.0,0.3333333333333333,0.0,0.0,0.0,0.0,0.0,1.4591479170272446,0.4217883392075883
catastrophe,word,0.0,0.0,0.0,3.0,1.0,2.0,0.0,0.0,0.0,0.0,0.0,6.0,0.0,0.0,0.0,0.5,0.16666666666666666,0.3333333333333333,0.0,0.0,0.0,0.0,0.0,1.4591479170272446,0.4217883392075883
battu,word,0.0,0.0,3.0,0.0,1.0,0.0,0.0,0.0,0.0,2.0,0.0,6.0,0.0,0.0,0.5,0.0,0.16666666666666666,0.0,0.0,0.0,0.0,0.3333333333333333,0.0,1.4591479170272446,0.4217883392075883
morts,word,3.0,0.0,0.0,3.0,0.0,7.0,0.0,0.0,0.0,0.0,0.0,13.0,0.23076923076923078,0.0,0.0,0.23076923076923078,0.0,0.5384615384615384,0.0,0.0,0.0,0.0,0.0,1.4572659136233872,0.4212443182205226
insultes,word,2.0,0.0,1.0,1.0,0.0,2.0,0.0,0.0,14.0,0.0,0.0,20.0,0.1,0.0,0.05,0.05,0.0,0.1,0.0,0.0,0.7,0.0,0.0,1.4567796494470395,0.421103756350842
violences,word,9.0,0.0,0.0,15.0,0.0,5.0,0.0,0.0,0.0,0.0,0.0,29.0,0.3103448275862069,0.0,0.0,0.5172413793103449,0.0,0.1724137931034483,0.0,0.0,0.0,0.0,0.0,1.4530732564535929,0.42003236850392556
grosse,word,10.0,5.0,0.0,0.0,0.0,1.0,0.0,0.0,0.0,1.0,0.0,17.0,0.5882352941176471,0.29411764705882354,0.0,0.0,0.0,0.058823529411764705,0.0,0.0,0.0,0.058823529411764705,0.0,1.450467463408549,0.4192791253899396
droit,lemma,10.0,0.0,5.0,1.0,0.0,0.0,0.0,0.0,0.0,1.0,0.0,17.0,0.5882352941176471,0.0,0.29411764705882354,0.058823529411764705,0.0,0.0,0.0,0.0,0.0,0.058823529411764705,0.0,1.450467463408549,0.4192791253899396
oscar,lemma,0.0,0.0,3.0,0.0,0.0,0.0,1.0,0.0,0.0,3.0,0.0,7.0,0.0,0.0,0.42857142857142855,0.0,0.0,0.0,0.14285714285714285,0.0,0.0,0.42857142857142855,0.0,1.4488156357251847,0.4188016401075408
feu,lemma,3.0,0.0,0.0,3.0,0.0,0.0,0.0,0.0,0.0,1.0,0.0,7.0,0.42857142857142855,0.0,0.0,0.42857142857142855,0.0,0.0,0.0,0.0,0.0,0.14285714285714285,0.0,1.4488156357251847,0.4188016401075408
feu,word,3.0,0.0,0.0,3.0,0.0,0.0,0.0,0.0,0.0,1.0,0.0,7.0,0.42857142857142855,0.0,0.0,0.42857142857142855,0.0,0.0,0.0,0.0,0.0,0.14285714285714285,0.0,1.4488156357251847,0.4188016401075408
s'est,word,0.0,0.0,3.0,0.0,1.0,3.0,0.0,0.0,0.0,0.0,0.0,7.0,0.0,0.0,0.42857142857142855,0.0,0.14285714285714285,0.42857142857142855,0.0,0.0,0.0,0.0,0.0,1.4488156357251847,0.4188016401075408
champs,word,3.0,0.0,0.0,3.0,0.0,1.0,0.0,0.0,0.0,0.0,0.0,7.0,0.42857142857142855,0.0,0.0,0.42857142857142855,0.0,0.14285714285714285,0.0,0.0,0.0,0.0,0.0,1.4488156357251847,0.4188016401075408
centaine,lemma,3.0,0.0,0.0,0.0,1.0,3.0,0.0,0.0,0.0,0.0,0.0,7.0,0.42857142857142855,0.0,0.0,0.0,0.14285714285714285,0.42857142857142855,0.0,0.0,0.0,0.0,0.0,1.4488156357251847,0.4188016401075408
gagne,word,1.0,0.0,3.0,0.0,0.0,0.0,0.0,0.0,0.0,3.0,0.0,7.0,0.14285714285714285,0.0,0.42857142857142855,0.0,0.0,0.0,0.0,0.0,0.0,0.42857142857142855,0.0,1.4488156357251847,0.4188016401075408
mariage,word,0.0,0.0,6.0,0.0,1.0,1.0,0.0,0.0,0.0,1.0,0.0,9.0,0.0,0.0,0.6666666666666666,0.0,0.1111111111111111,0.1111111111111111,0.0,0.0,0.0,0.1111111111111111,0.0,1.4466166676282082,0.4181659957765097
occuper,lemma,6.0,1.0,1.0,0.0,0.0,1.0,0.0,0.0,0.0,0.0,0.0,9.0,0.6666666666666666,0.1111111111111111,0.1111111111111111,0.0,0.0,0.1111111111111111,0.0,0.0,0.0,0.0,0.0,1.4466166676282082,0.4181659957765097
prend,word,6.0,0.0,0.0,1.0,0.0,1.0,0.0,0.0,1.0,0.0,0.0,9.0,0.6666666666666666,0.0,0.0,0.1111111111111111,0.0,0.1111111111111111,0.0,0.0,0.1111111111111111,0.0,0.0,1.4466166676282082,0.4181659957765097
acte,lemma,5.0,0.0,0.0,2.0,0.0,2.0,0.0,0.0,0.0,0.0,0.0,9.0,0.5555555555555556,0.0,0.0,0.2222222222222222,0.0,0.2222222222222222,0.0,0.0,0.0,0.0,0.0,1.4355205042826666,0.4149584852462358
village,lemma,3.0,0.0,0.0,6.0,0.0,2.0,0.0,0.0,0.0,0.0,0.0,11.0,0.2727272727272727,0.0,0.0,0.5454545454545454,0.0,0.18181818181818182,0.0,0.0,0.0,0.0,0.0,1.4353713907745331,0.41491538177590553
rejeter,lemma,3.0,0.0,0.0,2.0,0.0,6.0,0.0,0.0,0.0,0.0,0.0,11.0,0.2727272727272727,0.0,0.0,0.18181818181818182,0.0,0.5454545454545454,0.0,0.0,0.0,0.0,0.0,1.4353713907745331,0.41491538177590553
problèmes,word,7.0,0.0,0.0,2.0,0.0,4.0,0.0,0.0,0.0,0.0,0.0,13.0,0.5384615384615384,0.0,0.0,0.15384615384615385,0.0,0.3076923076923077,0.0,0.0,0.0,0.0,0.0,1.419556298571613,0.41034379489506706
cher,lemma,8.0,0.0,0.0,2.0,0.0,1.0,0.0,0.0,0.0,1.0,0.0,12.0,0.6666666666666666,0.0,0.0,0.16666666666666666,0.0,0.08333333333333333,0.0,0.0,0.0,0.08333333333333333,0.0,1.4182958340544896,0.40997943893834493
violent,lemma,14.0,1.0,0.0,17.0,0.0,2.0,0.0,0.0,0.0,0.0,0.0,34.0,0.4117647058823529,0.029411764705882353,0.0,0.5,0.0,0.058823529411764705,0.0,0.0,0.0,0.0,0.0,1.417173511542627,0.4096550149763807
perdre,lemma,1.0,0.0,1.0,12.0,0.0,9.0,0.0,0.0,0.0,0.0,0.0,23.0,0.043478260869565216,0.0,0.043478260869565216,0.5217391304347826,0.0,0.391304347826087,0.0,0.0,0.0,0.0,0.0,1.4127413029424614,0.4083738193671692
espionner,lemma,4.0,0.0,0.0,3.0,1.0,0.0,0.0,0.0,0.0,0.0,0.0,8.0,0.5,0.0,0.0,0.375,0.125,0.0,0.0,0.0,0.0,0.0,0.0,1.4056390622295665,0.40632081138902837
dormir,word,0.0,0.0,1.0,3.0,0.0,4.0,0.0,0.0,0.0,0.0,0.0,8.0,0.0,0.0,0.125,0.375,0.0,0.5,0.0,0.0,0.0,0.0,0.0,1.4056390622295665,0.40632081138902837
joueur,lemma,0.0,0.0,4.0,0.0,0.0,0.0,1.0,0.0,0.0,3.0,0.0,8.0,0.0,0.0,0.5,0.0,0.0,0.0,0.125,0.0,0.0,0.375,0.0,1.4056390622295665,0.40632081138902837
pourrait,word,0.0,0.0,0.0,4.0,3.0,1.0,0.0,0.0,0.0,0.0,0.0,8.0,0.0,0.0,0.0,0.5,0.375,0.125,0.0,0.0,0.0,0.0,0.0,1.4056390622295665,0.40632081138902837
soient,word,3.0,0.0,1.0,4.0,0.0,0.0,0.0,0.0,0.0,0.0,0.0,8.0,0.375,0.0,0.125,0.5,0.0,0.0,0.0,0.0,0.0,0.0,0.0,1.4056390622295665,0.40632081138902837
brûler,lemma,3.0,0.0,0.0,4.0,0.0,1.0,0.0,0.0,0.0,0.0,0.0,8.0,0.375,0.0,0.0,0.5,0.0,0.125,0.0,0.0,0.0,0.0,0.0,1.4056390622295665,0.40632081138902837
obtenir,lemma,0.0,0.0,4.0,0.0,1.0,0.0,0.0,0.0,0.0,3.0,0.0,8.0,0.0,0.0,0.5,0.0,0.125,0.0,0.0,0.0,0.0,0.375,0.0,1.4056390622295665,0.40632081138902837
meilleure,word,1.0,0.0,4.0,0.0,0.0,0.0,0.0,0.0,0.0,3.0,0.0,8.0,0.125,0.0,0.5,0.0,0.0,0.0,0.0,0.0,0.0,0.375,0.0,1.4056390622295665,0.40632081138902837
champ,lemma,3.0,0.0,0.0,4.0,0.0,1.0,0.0,0.0,0.0,0.0,0.0,8.0,0.375,0.0,0.0,0.5,0.0,0.125,0.0,0.0,0.0,0.0,0.0,1.4056390622295665,0.40632081138902837
remettre,lemma,3.0,0.0,0.0,4.0,0.0,1.0,0.0,0.0,0.0,0.0,0.0,8.0,0.375,0.0,0.0,0.5,0.0,0.125,0.0,0.0,0.0,0.0,0.0,1.4056390622295665,0.40632081138902837
état,word,12.0,0.0,0.0,3.0,0.0,2.0,1.0,0.0,0.0,0.0,0.0,18.0,0.6666666666666666,0.0,0.0,0.16666666666666666,0.0,0.1111111111111111,0.05555555555555555,0.0,0.0,0.0,0.0,1.404678473063571,0.4060431388485971
état,lemma,12.0,0.0,0.0,3.0,0.0,2.0,1.0,0.0,0.0,0.0,0.0,18.0,0.6666666666666666,0.0,0.0,0.16666666666666666,0.0,0.1111111111111111,0.05555555555555555,0.0,0.0,0.0,0.0,1.404678473063571,0.4060431388485971
horrible,lemma,0.0,2.0,0.0,8.0,0.0,7.0,0.0,0.0,0.0,0.0,0.0,17.0,0.0,0.11764705882352941,0.0,0.47058823529411764,0.0,0.4117647058823529,0.0,0.0,0.0,0.0,0.0,1.4020814027560318,0.4052924171712129
personn,lemma,4.0,0.0,0.0,0.0,0.0,4.0,0.0,0.0,0.0,1.0,0.0,9.0,0.4444444444444444,0.0,0.0,0.0,0.0,0.4444444444444444,0.0,0.0,0.0,0.1111111111111111,0.0,1.3921472236645345,0.4024207954175184
forcer,lemma,4.0,0.0,0.0,1.0,0.0,4.0,0.0,0.0,0.0,0.0,0.0,9.0,0.4444444444444444,0.0,0.0,0.1111111111111111,0.0,0.4444444444444444,0.0,0.0,0.0,0.0,0.0,1.3921472236645345,0.4024207954175184
championne,word,0.0,0.0,4.0,0.0,0.0,1.0,0.0,0.0,0.0,4.0,0.0,9.0,0.0,0.0,0.4444444444444444,0.0,0.0,0.1111111111111111,0.0,0.0,0.0,0.4444444444444444,0.0,1.3921472236645345,0.4024207954175184
policiers,word,4.0,0.0,0.0,4.0,0.0,1.0,0.0,0.0,0.0,0.0,0.0,9.0,0.4444444444444444,0.0,0.0,0.4444444444444444,0.0,0.1111111111111111,0.0,0.0,0.0,0.0,0.0,1.3921472236645345,0.4024207954175184
cool,lemma,1.0,0.0,0.0,0.0,2.0,0.0,4.0,0.0,0.0,0.0,0.0,7.0,0.14285714285714285,0.0,0.0,0.0,0.2857142857142857,0.0,0.5714285714285714,0.0,0.0,0.0,0.0,1.3787834934861753,0.39855781107455196
bonbons,word,0.0,0.0,4.0,0.0,2.0,0.0,1.0,0.0,0.0,0.0,0.0,7.0,0.0,0.0,0.5714285714285714,0.0,0.2857142857142857,0.0,0.14285714285714285,0.0,0.0,0.0,0.0,1.3787834934861753,0.39855781107455196
bonbon,lemma,0.0,0.0,4.0,0.0,2.0,0.0,1.0,0.0,0.0,0.0,0.0,7.0,0.0,0.0,0.5714285714285714,0.0,0.2857142857142857,0.0,0.14285714285714285,0.0,0.0,0.0,0.0,1.3787834934861753,0.39855781107455196
passé,word,0.0,0.0,1.0,4.0,0.0,2.0,0.0,0.0,0.0,0.0,0.0,7.0,0.0,0.0,0.14285714285714285,0.5714285714285714,0.0,0.2857142857142857,0.0,0.0,0.0,0.0,0.0,1.3787834934861753,0.39855781107455196
accident,word,2.0,0.0,0.0,4.0,0.0,1.0,0.0,0.0,0.0,0.0,0.0,7.0,0.2857142857142857,0.0,0.0,0.5714285714285714,0.0,0.14285714285714285,0.0,0.0,0.0,0.0,0.0,1.3787834934861753,0.39855781107455196
laisse,lemma,4.0,0.0,0.0,1.0,0.0,2.0,0.0,0.0,0.0,0.0,0.0,7.0,0.5714285714285714,0.0,0.0,0.14285714285714285,0.0,0.2857142857142857,0.0,0.0,0.0,0.0,0.0,1.3787834934861753,0.39855781107455196
passe,word,0.0,0.0,1.0,4.0,2.0,0.0,0.0,0.0,0.0,0.0,0.0,7.0,0.0,0.0,0.14285714285714285,0.5714285714285714,0.2857142857142857,0.0,0.0,0.0,0.0,0.0,0.0,1.3787834934861753,0.39855781107455196
terre,word,0.0,0.0,0.0,4.0,1.0,2.0,0.0,0.0,0.0,0.0,0.0,7.0,0.0,0.0,0.0,0.5714285714285714,0.14285714285714285,0.2857142857142857,0.0,0.0,0.0,0.0,0.0,1.3787834934861753,0.39855781107455196
cool,word,1.0,0.0,0.0,0.0,2.0,0.0,4.0,0.0,0.0,0.0,0.0,7.0,0.14285714285714285,0.0,0.0,0.0,0.2857142857142857,0.0,0.5714285714285714,0.0,0.0,0.0,0.0,1.3787834934861753,0.39855781107455196
train,word,0.0,0.0,0.0,1.0,0.0,4.0,0.0,0.0,2.0,0.0,0.0,7.0,0.0,0.0,0.0,0.14285714285714285,0.0,0.5714285714285714,0.0,0.0,0.2857142857142857,0.0,0.0,1.3787834934861753,0.39855781107455196
fêter,word,0.0,0.0,4.0,0.0,2.0,0.0,0.0,0.0,0.0,1.0,0.0,7.0,0.0,0.0,0.5714285714285714,0.0,0.2857142857142857,0.0,0.0,0.0,0.0,0.14285714285714285,0.0,1.3787834934861753,0.39855781107455196
aider,lemma,4.0,0.0,2.0,1.0,0.0,0.0,0.0,0.0,0.0,0.0,0.0,7.0,0.5714285714285714,0.0,0.2857142857142857,0.14285714285714285,0.0,0.0,0.0,0.0,0.0,0.0,0.0,1.3787834934861753,0.39855781107455196
regarde,word,4.0,0.0,2.0,0.0,0.0,0.0,1.0,0.0,0.0,0.0,0.0,7.0,0.5714285714285714,0.0,0.2857142857142857,0.0,0.0,0.0,0.14285714285714285,0.0,0.0,0.0,0.0,1.3787834934861753,0.39855781107455196
fêter,lemma,0.0,0.0,4.0,0.0,2.0,0.0,0.0,0.0,0.0,1.0,0.0,7.0,0.0,0.0,0.5714285714285714,0.0,0.2857142857142857,0.0,0.0,0.0,0.0,0.14285714285714285,0.0,1.3787834934861753,0.39855781107455196
retrouvés,word,2.0,0.0,0.0,1.0,0.0,4.0,0.0,0.0,0.0,0.0,0.0,7.0,0.2857142857142857,0.0,0.0,0.14285714285714285,0.0,0.5714285714285714,0.0,0.0,0.0,0.0,0.0,1.3787834934861753,0.39855781107455196
éclater,lemma,4.0,0.0,2.0,1.0,0.0,0.0,0.0,0.0,0.0,0.0,0.0,7.0,0.5714285714285714,0.0,0.2857142857142857,0.14285714285714285,0.0,0.0,0.0,0.0,0.0,0.0,0.0,1.3787834934861753,0.39855781107455196
ami,word,0.0,0.0,1.0,0.0,0.0,3.0,1.0,0.0,0.0,0.0,0.0,5.0,0.0,0.0,0.2,0.0,0.0,0.6,0.2,0.0,0.0,0.0,0.0,1.3709505944546687,0.39629359547644394
peut-être,word,0.0,0.0,0.0,3.0,0.0,1.0,0.0,1.0,0.0,0.0,0.0,5.0,0.0,0.0,0.0,0.6,0.0,0.2,0.0,0.2,0.0,0.0,0.0,1.3709505944546687,0.39629359547644394
match,lemma,0.0,0.0,3.0,0.0,0.0,1.0,0.0,0.0,0.0,1.0,0.0,5.0,0.0,0.0,0.6,0.0,0.0,0.2,0.0,0.0,0.0,0.2,0.0,1.3709505944546687,0.39629359547644394
homophobe,lemma,1.0,0.0,0.0,1.0,0.0,0.0,0.0,0.0,3.0,0.0,0.0,5.0,0.2,0.0,0.0,0.2,0.0,0.0,0.0,0.0,0.6,0.0,0.0,1.3709505944546687,0.39629359547644394
novembre,lemma,0.0,0.0,0.0,3.0,0.0,1.0,1.0,0.0,0.0,0.0,0.0,5.0,0.0,0.0,0.0,0.6,0.0,0.2,0.2,0.0,0.0,0.0,0.0,1.3709505944546687,0.39629359547644394
embête,word,1.0,0.0,0.0,0.0,0.0,3.0,0.0,0.0,1.0,0.0,0.0,5.0,0.2,0.0,0.0,0.0,0.0,0.6,0.0,0.0,0.2,0.0,0.0,1.3709505944546687,0.39629359547644394
logement,lemma,1.0,0.0,0.0,1.0,0.0,3.0,0.0,0.0,0.0,0.0,0.0,5.0,0.2,0.0,0.0,0.2,0.0,0.6,0.0,0.0,0.0,0.0,0.0,1.3709505944546687,0.39629359547644394
million,word,0.0,0.0,3.0,1.0,1.0,0.0,0.0,0.0,0.0,0.0,0.0,5.0,0.0,0.0,0.6,0.2,0.2,0.0,0.0,0.0,0.0,0.0,0.0,1.3709505944546687,0.39629359547644394
envers,lemma,3.0,0.0,0.0,1.0,1.0,0.0,0.0,0.0,0.0,0.0,0.0,5.0,0.6,0.0,0.0,0.2,0.2,0.0,0.0,0.0,0.0,0.0,0.0,1.3709505944546687,0.39629359547644394
partout,lemma,0.0,0.0,3.0,0.0,0.0,1.0,0.0,0.0,0.0,1.0,0.0,5.0,0.0,0.0,0.6,0.0,0.0,0.2,0.0,0.0,0.0,0.2,0.0,1.3709505944546687,0.39629359547644394
appartement,lemma,0.0,1.0,0.0,3.0,0.0,1.0,0.0,0.0,0.0,0.0,0.0,5.0,0.0,0.2,0.0,0.6,0.0,0.2,0.0,0.0,0.0,0.0,0.0,1.3709505944546687,0.39629359547644394
papa,lemma,0.0,0.0,1.0,1.0,0.0,3.0,0.0,0.0,0.0,0.0,0.0,5.0,0.0,0.0,0.2,0.2,0.0,0.6,0.0,0.0,0.0,0.0,0.0,1.3709505944546687,0.39629359547644394
partout,word,0.0,0.0,3.0,0.0,0.0,1.0,0.0,0.0,0.0,1.0,0.0,5.0,0.0,0.0,0.6,0.0,0.0,0.2,0.0,0.0,0.0,0.2,0.0,1.3709505944546687,0.39629359547644394
excuse,lemma,1.0,0.0,0.0,0.0,0.0,0.0,0.0,3.0,1.0,0.0,0.0,5.0,0.2,0.0,0.0,0.0,0.0,0.0,0.0,0.6,0.2,0.0,0.0,1.3709505944546687,0.39629359547644394
européenne,word,3.0,0.0,0.0,1.0,0.0,1.0,0.0,0.0,0.0,0.0,0.0,5.0,0.6,0.0,0.0,0.2,0.0,0.2,0.0,0.0,0.0,0.0,0.0,1.3709505944546687,0.39629359547644394
drapeau,lemma,1.0,0.0,1.0,0.0,0.0,3.0,0.0,0.0,0.0,0.0,0.0,5.0,0.2,0.0,0.2,0.0,0.0,0.6,0.0,0.0,0.0,0.0,0.0,1.3709505944546687,0.39629359547644394
envers,word,3.0,0.0,0.0,1.0,1.0,0.0,0.0,0.0,0.0,0.0,0.0,5.0,0.6,0.0,0.0,0.2,0.2,0.0,0.0,0.0,0.0,0.0,0.0,1.3709505944546687,0.39629359547644394
papa,word,0.0,0.0,1.0,1.0,0.0,3.0,0.0,0.0,0.0,0.0,0.0,5.0,0.0,0.0,0.2,0.2,0.0,0.6,0.0,0.0,0.0,0.0,0.0,1.3709505944546687,0.39629359547644394
raison,word,0.0,0.0,0.0,1.0,0.0,1.0,0.0,0.0,0.0,3.0,0.0,5.0,0.0,0.0,0.0,0.2,0.0,0.2,0.0,0.0,0.0,0.6,0.0,1.3709505944546687,0.39629359547644394
comprendre,word,3.0,0.0,1.0,1.0,0.0,0.0,0.0,0.0,0.0,0.0,0.0,5.0,0.6,0.0,0.2,0.2,0.0,0.0,0.0,0.0,0.0,0.0,0.0,1.3709505944546687,0.39629359547644394
positif,lemma,0.0,0.0,3.0,0.0,0.0,1.0,0.0,0.0,1.0,0.0,0.0,5.0,0.0,0.0,0.6,0.0,0.0,0.2,0.0,0.0,0.2,0.0,0.0,1.3709505944546687,0.39629359547644394
bonnes,word,3.0,0.0,1.0,1.0,0.0,0.0,0.0,0.0,0.0,0.0,0.0,5.0,0.6,0.0,0.2,0.2,0.0,0.0,0.0,0.0,0.0,0.0,0.0,1.3709505944546687,0.39629359547644394
sévère,lemma,1.0,0.0,0.0,3.0,0.0,1.0,0.0,0.0,0.0,0.0,0.0,5.0,0.2,0.0,0.0,0.6,0.0,0.2,0.0,0.0,0.0,0.0,0.0,1.3709505944546687,0.39629359547644394
spectacle,lemma,1.0,0.0,3.0,1.0,0.0,0.0,0.0,0.0,0.0,0.0,0.0,5.0,0.2,0.0,0.6,0.2,0.0,0.0,0.0,0.0,0.0,0.0,0.0,1.3709505944546687,0.39629359547644394
bravo,word,1.0,0.0,0.0,0.0,0.0,0.0,1.0,0.0,0.0,3.0,0.0,5.0,0.2,0.0,0.0,0.0,0.0,0.0,0.2,0.0,0.0,0.6,0.0,1.3709505944546687,0.39629359547644394
bravo,lemma,1.0,0.0,0.0,0.0,0.0,0.0,1.0,0.0,0.0,3.0,0.0,5.0,0.2,0.0,0.0,0.0,0.0,0.0,0.2,0.0,0.0,0.6,0.0,1.3709505944546687,0.39629359547644394
véhicule,word,1.0,1.0,0.0,3.0,0.0,0.0,0.0,0.0,0.0,0.0,0.0,5.0,0.2,0.2,0.0,0.6,0.0,0.0,0.0,0.0,0.0,0.0,0.0,1.3709505944546687,0.39629359547644394
résultats,word,3.0,0.0,1.0,0.0,0.0,1.0,0.0,0.0,0.0,0.0,0.0,5.0,0.6,0.0,0.2,0.0,0.0,0.2,0.0,0.0,0.0,0.0,0.0,1.3709505944546687,0.39629359547644394
chassés,word,1.0,0.0,0.0,3.0,0.0,1.0,0.0,0.0,0.0,0.0,0.0,5.0,0.2,0.0,0.0,0.6,0.0,0.2,0.0,0.0,0.0,0.0,0.0,1.3709505944546687,0.39629359547644394
importer,lemma,3.0,1.0,0.0,1.0,0.0,0.0,0.0,0.0,0.0,0.0,0.0,5.0,0.6,0.2,0.0,0.2,0.0,0.0,0.0,0.0,0.0,0.0,0.0,1.3709505944546687,0.39629359547644394
reconnaître,lemma,3.0,0.0,1.0,0.0,0.0,0.0,0.0,0.0,0.0,1.0,0.0,5.0,0.6,0.0,0.2,0.0,0.0,0.0,0.0,0.0,0.0,0.2,0.0,1.3709505944546687,0.39629359547644394
rage,word,1.0,0.0,0.0,3.0,0.0,1.0,0.0,0.0,0.0,0.0,0.0,5.0,0.2,0.0,0.0,0.6,0.0,0.2,0.0,0.0,0.0,0.0,0.0,1.3709505944546687,0.39629359547644394
rage,lemma,1.0,0.0,0.0,3.0,0.0,1.0,0.0,0.0,0.0,0.0,0.0,5.0,0.2,0.0,0.0,0.6,0.0,0.2,0.0,0.0,0.0,0.0,0.0,1.3709505944546687,0.39629359547644394
interdire,lemma,3.0,0.0,0.0,1.0,0.0,1.0,0.0,0.0,0.0,0.0,0.0,5.0,0.6,0.0,0.0,0.2,0.0,0.2,0.0,0.0,0.0,0.0,0.0,1.3709505944546687,0.39629359547644394
postes,word,3.0,0.0,0.0,1.0,0.0,1.0,0.0,0.0,0.0,0.0,0.0,5.0,0.6,0.0,0.0,0.2,0.0,0.2,0.0,0.0,0.0,0.0,0.0,1.3709505944546687,0.39629359547644394
produire,lemma,0.0,0.0,0.0,3.0,1.0,0.0,1.0,0.0,0.0,0.0,0.0,5.0,0.0,0.0,0.0,0.6,0.2,0.0,0.2,0.0,0.0,0.0,0.0,1.3709505944546687,0.39629359547644394
préoccupation,lemma,1.0,0.0,0.0,1.0,0.0,3.0,0.0,0.0,0.0,0.0,0.0,5.0,0.2,0.0,0.0,0.2,0.0,0.6,0.0,0.0,0.0,0.0,0.0,1.3709505944546687,0.39629359547644394
subir,word,1.0,0.0,0.0,1.0,0.0,3.0,0.0,0.0,0.0,0.0,0.0,5.0,0.2,0.0,0.0,0.2,0.0,0.6,0.0,0.0,0.0,0.0,0.0,1.3709505944546687,0.39629359547644394
blagu,lemma,3.0,1.0,0.0,0.0,1.0,0.0,0.0,0.0,0.0,0.0,0.0,5.0,0.6,0.2,0.0,0.0,0.2,0.0,0.0,0.0,0.0,0.0,0.0,1.3709505944546687,0.39629359547644394
attaques,word,2.0,0.0,0.0,6.0,0.0,2.0,0.0,0.0,0.0,0.0,0.0,10.0,0.2,0.0,0.0,0.6,0.0,0.2,0.0,0.0,0.0,0.0,0.0,1.3709505944546687,0.39629359547644394
cadeau,word,1.0,0.0,3.0,0.0,1.0,0.0,0.0,0.0,0.0,0.0,0.0,5.0,0.2,0.0,0.6,0.0,0.2,0.0,0.0,0.0,0.0,0.0,0.0,1.3709505944546687,0.39629359547644394
avai,lemma,0.0,0.0,1.0,0.0,0.0,0.0,0.0,0.0,1.0,3.0,0.0,5.0,0.0,0.0,0.2,0.0,0.0,0.0,0.0,0.0,0.2,0.6,0.0,1.3709505944546687,0.39629359547644394
maltraités,word,0.0,0.0,0.0,1.0,1.0,3.0,0.0,0.0,0.0,0.0,0.0,5.0,0.0,0.0,0.0,0.2,0.2,0.6,0.0,0.0,0.0,0.0,0.0,1.3709505944546687,0.39629359547644394
véhicule,lemma,1.0,1.0,0.0,3.0,0.0,0.0,0.0,0.0,0.0,0.0,0.0,5.0,0.2,0.2,0.0,0.6,0.0,0.0,0.0,0.0,0.0,0.0,0.0,1.3709505944546687,0.39629359547644394
garder,lemma,3.0,0.0,1.0,1.0,0.0,0.0,0.0,0.0,0.0,0.0,0.0,5.0,0.6,0.0,0.2,0.2,0.0,0.0,0.0,0.0,0.0,0.0,0.0,1.3709505944546687,0.39629359547644394
moments,word,0.0,0.0,3.0,1.0,0.0,1.0,0.0,0.0,0.0,0.0,0.0,5.0,0.0,0.0,0.6,0.2,0.0,0.2,0.0,0.0,0.0,0.0,0.0,1.3709505944546687,0.39629359547644394
là-bas,word,1.0,0.0,0.0,3.0,0.0,1.0,0.0,0.0,0.0,0.0,0.0,5.0,0.2,0.0,0.0,0.6,0.0,0.2,0.0,0.0,0.0,0.0,0.0,1.3709505944546687,0.39629359547644394
moquer,word,0.0,1.0,0.0,1.0,0.0,0.0,0.0,0.0,3.0,0.0,0.0,5.0,0.0,0.2,0.0,0.2,0.0,0.0,0.0,0.0,0.6,0.0,0.0,1.3709505944546687,0.39629359547644394
novembre,word,0.0,0.0,0.0,3.0,0.0,1.0,1.0,0.0,0.0,0.0,0.0,5.0,0.0,0.0,0.0,0.6,0.0,0.2,0.2,0.0,0.0,0.0,0.0,1.3709505944546687,0.39629359547644394
gagné,word,0.0,0.0,14.0,0.0,1.0,0.0,1.0,0.0,0.0,8.0,0.0,24.0,0.0,0.0,0.5833333333333334,0.0,0.041666666666666664,0.0,0.041666666666666664,0.0,0.0,0.3333333333333333,0.0,1.3640054628542204,0.3942860022166055
fortement,lemma,5.0,0.0,0.0,4.0,0.0,1.0,0.0,0.0,0.0,0.0,0.0,10.0,0.5,0.0,0.0,0.4,0.0,0.1,0.0,0.0,0.0,0.0,0.0,1.3609640474436813,0.3934068359991974
punir,lemma,5.0,0.0,0.0,4.0,0.0,1.0,0.0,0.0,0.0,0.0,0.0,10.0,0.5,0.0,0.0,0.4,0.0,0.1,0.0,0.0,0.0,0.0,0.0,1.3609640474436813,0.3934068359991974
fortement,word,5.0,0.0,0.0,4.0,0.0,1.0,0.0,0.0,0.0,0.0,0.0,10.0,0.5,0.0,0.0,0.4,0.0,0.1,0.0,0.0,0.0,0.0,0.0,1.3609640474436813,0.3934068359991974
tués,word,1.0,0.0,0.0,5.0,0.0,4.0,0.0,0.0,0.0,0.0,0.0,10.0,0.1,0.0,0.0,0.5,0.0,0.4,0.0,0.0,0.0,0.0,0.0,1.360964047443681,0.39340683599919735
moitié,word,1.0,0.0,0.0,4.0,0.0,5.0,0.0,0.0,0.0,0.0,0.0,10.0,0.1,0.0,0.0,0.4,0.0,0.5,0.0,0.0,0.0,0.0,0.0,1.360964047443681,0.39340683599919735
moitié,lemma,1.0,0.0,0.0,4.0,0.0,5.0,0.0,0.0,0.0,0.0,0.0,10.0,0.1,0.0,0.0,0.4,0.0,0.5,0.0,0.0,0.0,0.0,0.0,1.360964047443681,0.39340683599919735
amour,word,0.0,1.0,7.0,0.0,1.0,0.0,0.0,0.0,0.0,1.0,0.0,10.0,0.0,0.1,0.7,0.0,0.1,0.0,0.0,0.0,0.0,0.1,0.0,1.3567796494470397,0.3921972737190533
femmes,word,9.0,0.0,1.0,0.0,2.0,0.0,0.0,0.0,0.0,1.0,0.0,13.0,0.6923076923076923,0.0,0.07692307692307693,0.0,0.15384615384615385,0.0,0.0,0.0,0.0,0.07692307692307693,0.0,1.3520301017579528,0.3908243465412189
partir,lemma,0.0,0.0,1.0,3.0,0.0,5.0,0.0,0.0,0.0,0.0,0.0,9.0,0.0,0.0,0.1111111111111111,0.3333333333333333,0.0,0.5555555555555556,0.0,0.0,0.0,0.0,0.0,1.3516441151533924,0.3907127713904106
aise,lemma,0.0,0.0,3.0,1.0,0.0,0.0,0.0,0.0,5.0,0.0,0.0,9.0,0.0,0.0,0.3333333333333333,0.1111111111111111,0.0,0.0,0.0,0.0,0.5555555555555556,0.0,0.0,1.3516441151533924,0.3907127713904106
rues,word,5.0,0.0,3.0,0.0,1.0,0.0,0.0,0.0,0.0,0.0,0.0,9.0,0.5555555555555556,0.0,0.3333333333333333,0.0,0.1111111111111111,0.0,0.0,0.0,0.0,0.0,0.0,1.3516441151533922,0.39071277139041055
jusqu,word,0.0,0.0,3.0,0.0,5.0,0.0,1.0,0.0,0.0,0.0,0.0,9.0,0.0,0.0,0.3333333333333333,0.0,0.5555555555555556,0.0,0.1111111111111111,0.0,0.0,0.0,0.0,1.3516441151533922,0.39071277139041055
territoire,lemma,3.0,0.0,0.0,5.0,0.0,1.0,0.0,0.0,0.0,0.0,0.0,9.0,0.3333333333333333,0.0,0.0,0.5555555555555556,0.0,0.1111111111111111,0.0,0.0,0.0,0.0,0.0,1.3516441151533922,0.39071277139041055
spectaculaire,word,0.0,0.0,0.0,0.0,3.0,0.0,5.0,0.0,0.0,1.0,0.0,9.0,0.0,0.0,0.0,0.0,0.3333333333333333,0.0,0.5555555555555556,0.0,0.0,0.1111111111111111,0.0,1.3516441151533922,0.39071277139041055
obliger,lemma,3.0,0.0,0.0,5.0,0.0,0.0,0.0,0.0,1.0,0.0,0.0,9.0,0.3333333333333333,0.0,0.0,0.5555555555555556,0.0,0.0,0.0,0.0,0.1111111111111111,0.0,0.0,1.3516441151533922,0.39071277139041055
spectaculaire,lemma,0.0,0.0,0.0,0.0,3.0,0.0,5.0,0.0,0.0,1.0,0.0,9.0,0.0,0.0,0.0,0.0,0.3333333333333333,0.0,0.5555555555555556,0.0,0.0,0.1111111111111111,0.0,1.3516441151533922,0.39071277139041055
villes,word,5.0,0.0,0.0,3.0,1.0,0.0,0.0,0.0,0.0,0.0,0.0,9.0,0.5555555555555556,0.0,0.0,0.3333333333333333,0.1111111111111111,0.0,0.0,0.0,0.0,0.0,0.0,1.3516441151533922,0.39071277139041055
médaille,word,0.0,0.0,5.0,0.0,0.0,1.0,0.0,0.0,0.0,5.0,0.0,11.0,0.0,0.0,0.45454545454545453,0.0,0.0,0.09090909090909091,0.0,0.0,0.0,0.45454545454545453,0.0,1.3485878960124222,0.3898293259352366
droit,word,5.0,0.0,5.0,0.0,0.0,0.0,0.0,0.0,0.0,1.0,0.0,11.0,0.45454545454545453,0.0,0.45454545454545453,0.0,0.0,0.0,0.0,0.0,0.0,0.09090909090909091,0.0,1.3485878960124222,0.3898293259352366
dur,word,3.0,0.0,0.0,0.0,0.0,8.0,0.0,0.0,2.0,0.0,0.0,13.0,0.23076923076923078,0.0,0.0,0.0,0.0,0.6153846153846154,0.0,0.0,0.15384615384615385,0.0,0.0,1.3346791410515946,0.3858087940981869
défendre,lemma,6.0,0.0,0.0,4.0,0.0,1.0,0.0,0.0,0.0,0.0,0.0,11.0,0.5454545454545454,0.0,0.0,0.36363636363636365,0.0,0.09090909090909091,0.0,0.0,0.0,0.0,0.0,1.3221793455166666,0.3821955428728739
merci,lemma,1.0,0.0,6.0,0.0,0.0,0.0,0.0,0.0,0.0,4.0,0.0,11.0,0.09090909090909091,0.0,0.5454545454545454,0.0,0.0,0.0,0.0,0.0,0.0,0.36363636363636365,0.0,1.3221793455166666,0.3821955428728739
new,lemma,6.0,0.0,4.0,0.0,0.0,0.0,0.0,0.0,0.0,1.0,0.0,11.0,0.5454545454545454,0.0,0.36363636363636365,0.0,0.0,0.0,0.0,0.0,0.0,0.09090909090909091,0.0,1.3221793455166666,0.3821955428728739
pleuré,word,0.0,0.0,1.0,4.0,0.0,6.0,0.0,0.0,0.0,0.0,0.0,11.0,0.0,0.0,0.09090909090909091,0.36363636363636365,0.0,0.5454545454545454,0.0,0.0,0.0,0.0,0.0,1.3221793455166666,0.3821955428728739
merci,word,1.0,0.0,6.0,0.0,0.0,0.0,0.0,0.0,0.0,4.0,0.0,11.0,0.09090909090909091,0.0,0.5454545454545454,0.0,0.0,0.0,0.0,0.0,0.0,0.36363636363636365,0.0,1.3221793455166666,0.3821955428728739
défendre,word,6.0,0.0,0.0,4.0,0.0,1.0,0.0,0.0,0.0,0.0,0.0,11.0,0.5454545454545454,0.0,0.0,0.36363636363636365,0.0,0.09090909090909091,0.0,0.0,0.0,0.0,0.0,1.3221793455166666,0.3821955428728739
bonne,word,0.0,0.0,12.0,0.0,1.0,2.0,0.0,0.0,0.0,2.0,0.0,17.0,0.0,0.0,0.7058823529411765,0.0,0.058823529411764705,0.11764705882352941,0.0,0.0,0.0,0.11764705882352941,0.0,1.3216069583883467,0.3820300858870395
…,punctuation,9.0,0.0,3.0,11.0,229.0,19.0,2.0,0.0,25.0,0.0,1.0,299.0,0.030100334448160536,0.0,0.010033444816053512,0.03678929765886288,0.7658862876254181,0.06354515050167224,0.006688963210702341,0.0,0.08361204013377926,0.0,0.0033444816053511705,1.3165680444517807,0.3805735131051352
lois,word,5.0,0.0,0.0,2.0,0.0,1.0,0.0,0.0,0.0,0.0,0.0,8.0,0.625,0.0,0.0,0.25,0.0,0.125,0.0,0.0,0.0,0.0,0.0,1.2987949406953985,0.3754359339546668
musulmans,word,5.0,0.0,0.0,2.0,0.0,1.0,0.0,0.0,0.0,0.0,0.0,8.0,0.625,0.0,0.0,0.25,0.0,0.125,0.0,0.0,0.0,0.0,0.0,1.2987949406953985,0.3754359339546668
environnement,word,5.0,0.0,0.0,2.0,0.0,1.0,0.0,0.0,0.0,0.0,0.0,8.0,0.625,0.0,0.0,0.25,0.0,0.125,0.0,0.0,0.0,0.0,0.0,1.2987949406953985,0.3754359339546668
aise,word,0.0,0.0,2.0,1.0,0.0,0.0,0.0,0.0,5.0,0.0,0.0,8.0,0.0,0.0,0.25,0.125,0.0,0.0,0.0,0.0,0.625,0.0,0.0,1.2987949406953985,0.3754359339546668
alvin,lemma,0.0,0.0,5.0,0.0,0.0,1.0,0.0,0.0,0.0,2.0,0.0,8.0,0.0,0.0,0.625,0.0,0.0,0.125,0.0,0.0,0.0,0.25,0.0,1.2987949406953985,0.3754359339546668
exceptionnel,lemma,0.0,0.0,1.0,0.0,5.0,0.0,2.0,0.0,0.0,0.0,0.0,8.0,0.0,0.0,0.125,0.0,0.625,0.0,0.25,0.0,0.0,0.0,0.0,1.2987949406953985,0.3754359339546668
eau,lemma,1.0,0.0,0.0,5.0,0.0,2.0,0.0,0.0,0.0,0.0,0.0,8.0,0.125,0.0,0.0,0.625,0.0,0.25,0.0,0.0,0.0,0.0,0.0,1.2987949406953985,0.3754359339546668
alvin,word,0.0,0.0,5.0,0.0,0.0,1.0,0.0,0.0,0.0,2.0,0.0,8.0,0.0,0.0,0.625,0.0,0.0,0.125,0.0,0.0,0.0,0.25,0.0,1.2987949406953985,0.3754359339546668
moment,word,2.0,0.0,5.0,0.0,1.0,0.0,0.0,0.0,0.0,0.0,0.0,8.0,0.25,0.0,0.625,0.0,0.125,0.0,0.0,0.0,0.0,0.0,0.0,1.2987949406953985,0.3754359339546668
meurent,word,1.0,0.0,0.0,5.0,0.0,2.0,0.0,0.0,0.0,0.0,0.0,8.0,0.125,0.0,0.0,0.625,0.0,0.25,0.0,0.0,0.0,0.0,0.0,1.2987949406953985,0.3754359339546668
t'es,word,5.0,2.0,0.0,0.0,0.0,1.0,0.0,0.0,0.0,0.0,0.0,8.0,0.625,0.25,0.0,0.0,0.0,0.125,0.0,0.0,0.0,0.0,0.0,1.2987949406953985,0.3754359339546668
environnement,lemma,5.0,0.0,0.0,2.0,0.0,1.0,0.0,0.0,0.0,0.0,0.0,8.0,0.625,0.0,0.0,0.25,0.0,0.125,0.0,0.0,0.0,0.0,0.0,1.2987949406953985,0.3754359339546668
persécutés,word,1.0,0.0,0.0,5.0,0.0,2.0,0.0,0.0,0.0,0.0,0.0,8.0,0.125,0.0,0.0,0.625,0.0,0.25,0.0,0.0,0.0,0.0,0.0,1.2987949406953985,0.3754359339546668
ailey,lemma,0.0,0.0,5.0,0.0,0.0,1.0,0.0,0.0,0.0,2.0,0.0,8.0,0.0,0.0,0.625,0.0,0.0,0.125,0.0,0.0,0.0,0.25,0.0,1.2987949406953985,0.3754359339546668
ailey,word,0.0,0.0,5.0,0.0,0.0,1.0,0.0,0.0,0.0,2.0,0.0,8.0,0.0,0.0,0.625,0.0,0.0,0.125,0.0,0.0,0.0,0.25,0.0,1.2987949406953985,0.3754359339546668
horrible,word,0.0,1.0,0.0,7.0,0.0,6.0,0.0,0.0,0.0,0.0,0.0,14.0,0.0,0.07142857142857142,0.0,0.5,0.0,0.42857142857142855,0.0,0.0,0.0,0.0,0.0,1.2958363892911637,0.3745807208068492
meilleur,word,0.0,0.0,5.0,0.0,0.0,0.0,1.0,0.0,0.0,7.0,0.0,13.0,0.0,0.0,0.38461538461538464,0.0,0.0,0.0,0.07692307692307693,0.0,0.0,0.5384615384615384,0.0,1.2957378005380122,0.3745522222660425
humain,lemma,0.0,0.0,1.0,6.0,0.0,3.0,0.0,0.0,0.0,0.0,0.0,10.0,0.0,0.0,0.1,0.6,0.0,0.3,0.0,0.0,0.0,0.0,0.0,1.295461844238322,0.3744724530062012
catastrophe,lemma,0.0,0.0,0.0,6.0,1.0,3.0,0.0,0.0,0.0,0.0,0.0,10.0,0.0,0.0,0.0,0.6,0.1,0.3,0.0,0.0,0.0,0.0,0.0,1.295461844238322,0.3744724530062012
impressionnant,lemma,0.0,0.0,0.0,1.0,3.0,0.0,6.0,0.0,0.0,0.0,0.0,10.0,0.0,0.0,0.0,0.1,0.3,0.0,0.6,0.0,0.0,0.0,0.0,1.295461844238322,0.3744724530062012
renvoyer,lemma,1.0,0.0,0.0,6.0,0.0,3.0,0.0,0.0,0.0,0.0,0.0,10.0,0.1,0.0,0.0,0.6,0.0,0.3,0.0,0.0,0.0,0.0,0.0,1.295461844238322,0.3744724530062012
voisin,word,3.0,1.0,0.0,6.0,0.0,0.0,0.0,0.0,0.0,0.0,0.0,10.0,0.3,0.1,0.0,0.6,0.0,0.0,0.0,0.0,0.0,0.0,0.0,1.295461844238322,0.3744724530062012
militaires,word,3.0,0.0,0.0,6.0,0.0,0.0,0.0,0.0,0.0,1.0,0.0,10.0,0.3,0.0,0.0,0.6,0.0,0.0,0.0,0.0,0.0,0.1,0.0,1.295461844238322,0.3744724530062012
militaire,lemma,3.0,0.0,0.0,6.0,0.0,0.0,0.0,0.0,0.0,1.0,0.0,10.0,0.3,0.0,0.0,0.6,0.0,0.0,0.0,0.0,0.0,0.1,0.0,1.295461844238322,0.3744724530062012
responsables,word,6.0,0.0,0.0,3.0,0.0,1.0,0.0,0.0,0.0,0.0,0.0,10.0,0.6,0.0,0.0,0.3,0.0,0.1,0.0,0.0,0.0,0.0,0.0,1.295461844238322,0.3744724530062012
soit,word,3.0,0.0,1.0,6.0,0.0,0.0,0.0,0.0,0.0,0.0,0.0,10.0,0.3,0.0,0.1,0.6,0.0,0.0,0.0,0.0,0.0,0.0,0.0,1.295461844238322,0.3744724530062012
sexuel,lemma,0.0,0.0,0.0,6.0,0.0,3.0,0.0,0.0,1.0,0.0,0.0,10.0,0.0,0.0,0.0,0.6,0.0,0.3,0.0,0.0,0.1,0.0,0.0,1.295461844238322,0.3744724530062012
persécuter,lemma,2.0,0.0,0.0,9.0,0.0,3.0,0.0,0.0,0.0,0.0,0.0,14.0,0.14285714285714285,0.0,0.0,0.6428571428571429,0.0,0.21428571428571427,0.0,0.0,0.0,0.0,0.0,1.287054028118727,0.37204204909987776
attaqué,word,7.0,0.0,0.0,4.0,0.0,1.0,0.0,0.0,0.0,0.0,0.0,12.0,0.5833333333333334,0.0,0.0,0.3333333333333333,0.0,0.08333333333333333,0.0,0.0,0.0,0.0,0.0,1.2806721295208872,0.3701972666901148
drôle,word,2.0,0.0,16.0,0.0,29.0,1.0,0.0,0.0,0.0,0.0,0.0,48.0,0.041666666666666664,0.0,0.3333333333333333,0.0,0.6041666666666666,0.020833333333333332,0.0,0.0,0.0,0.0,0.0,1.2749323161649146,0.36853808853927356
santé,word,6.0,0.0,0.0,8.0,0.0,1.0,0.0,0.0,0.0,0.0,0.0,15.0,0.4,0.0,0.0,0.5333333333333333,0.0,0.06666666666666667,0.0,0.0,0.0,0.0,0.0,1.272905595320056,0.3679522348302597
santé,lemma,6.0,0.0,0.0,8.0,0.0,1.0,0.0,0.0,0.0,0.0,0.0,15.0,0.4,0.0,0.0,0.5333333333333333,0.0,0.06666666666666667,0.0,0.0,0.0,0.0,0.0,1.272905595320056,0.3679522348302597
mourir,lemma,2.0,0.0,0.0,17.0,0.0,15.0,0.0,0.0,0.0,0.0,0.0,34.0,0.058823529411764705,0.0,0.0,0.5,0.0,0.4411764705882353,0.0,0.0,0.0,0.0,0.0,1.2612796872684702,0.3645915937385402
drôle,lemma,2.0,0.0,18.0,0.0,32.0,1.0,0.0,0.0,0.0,0.0,0.0,53.0,0.03773584905660377,0.0,0.33962264150943394,0.0,0.6037735849056604,0.018867924528301886,0.0,0.0,0.0,0.0,0.0,1.2551157370922252,0.36280981255141187
attaque,lemma,2.0,0.0,0.0,8.0,0.0,2.0,0.0,0.0,0.0,0.0,0.0,12.0,0.16666666666666666,0.0,0.0,0.6666666666666666,0.0,0.16666666666666666,0.0,0.0,0.0,0.0,0.0,1.2516291673878228,0.36180196788536356
suffit,word,4.0,0.0,1.0,0.0,0.0,1.0,0.0,0.0,0.0,0.0,0.0,6.0,0.6666666666666666,0.0,0.16666666666666666,0.0,0.0,0.16666666666666666,0.0,0.0,0.0,0.0,0.0,1.2516291673878228,0.36180196788536356
compétition,word,0.0,0.0,1.0,0.0,1.0,0.0,0.0,0.0,0.0,4.0,0.0,6.0,0.0,0.0,0.16666666666666666,0.0,0.16666666666666666,0.0,0.0,0.0,0.0,0.6666666666666666,0.0,1.2516291673878228,0.36180196788536356
punir,word,4.0,0.0,0.0,1.0,0.0,1.0,0.0,0.0,0.0,0.0,0.0,6.0,0.6666666666666666,0.0,0.0,0.16666666666666666,0.0,0.16666666666666666,0.0,0.0,0.0,0.0,0.0,1.2516291673878228,0.36180196788536356
compétition,lemma,0.0,0.0,1.0,0.0,1.0,0.0,0.0,0.0,0.0,4.0,0.0,6.0,0.0,0.0,0.16666666666666666,0.0,0.16666666666666666,0.0,0.0,0.0,0.0,0.6666666666666666,0.0,1.2516291673878228,0.36180196788536356
garçons,word,4.0,0.0,0.0,1.0,0.0,1.0,0.0,0.0,0.0,0.0,0.0,6.0,0.6666666666666666,0.0,0.0,0.16666666666666666,0.0,0.16666666666666666,0.0,0.0,0.0,0.0,0.0,1.2516291673878228,0.36180196788536356
groupe,lemma,1.0,0.0,0.0,4.0,1.0,0.0,0.0,0.0,0.0,0.0,0.0,6.0,0.16666666666666666,0.0,0.0,0.6666666666666666,0.16666666666666666,0.0,0.0,0.0,0.0,0.0,0.0,1.2516291673878228,0.36180196788536356
gronder,lemma,4.0,0.0,0.0,1.0,0.0,1.0,0.0,0.0,0.0,0.0,0.0,6.0,0.6666666666666666,0.0,0.0,0.16666666666666666,0.0,0.16666666666666666,0.0,0.0,0.0,0.0,0.0,1.2516291673878228,0.36180196788536356
quotidien,lemma,4.0,0.0,1.0,0.0,0.0,0.0,0.0,0.0,1.0,0.0,0.0,6.0,0.6666666666666666,0.0,0.16666666666666666,0.0,0.0,0.0,0.0,0.0,0.16666666666666666,0.0,0.0,1.2516291673878228,0.36180196788536356
sexuelles,word,0.0,0.0,0.0,4.0,0.0,1.0,0.0,0.0,1.0,0.0,0.0,6.0,0.0,0.0,0.0,0.6666666666666666,0.0,0.16666666666666666,0.0,0.0,0.16666666666666666,0.0,0.0,1.2516291673878228,0.36180196788536356
moquerie,lemma,0.0,0.0,1.0,0.0,0.0,1.0,0.0,0.0,4.0,0.0,0.0,6.0,0.0,0.0,0.16666666666666666,0.0,0.0,0.16666666666666666,0.0,0.0,0.6666666666666666,0.0,0.0,1.2516291673878228,0.36180196788536356
espionner,word,4.0,0.0,0.0,1.0,1.0,0.0,0.0,0.0,0.0,0.0,0.0,6.0,0.6666666666666666,0.0,0.0,0.16666666666666666,0.16666666666666666,0.0,0.0,0.0,0.0,0.0,0.0,1.2516291673878228,0.36180196788536356
party,lemma,1.0,0.0,4.0,0.0,0.0,1.0,0.0,0.0,0.0,0.0,0.0,6.0,0.16666666666666666,0.0,0.6666666666666666,0.0,0.0,0.16666666666666666,0.0,0.0,0.0,0.0,0.0,1.2516291673878228,0.36180196788536356
photos,word,4.0,1.0,1.0,0.0,0.0,0.0,0.0,0.0,0.0,0.0,0.0,6.0,0.6666666666666666,0.16666666666666666,0.16666666666666666,0.0,0.0,0.0,0.0,0.0,0.0,0.0,0.0,1.2516291673878228,0.36180196788536356
attentat,lemma,3.0,0.0,0.0,12.0,0.0,3.0,0.0,0.0,0.0,0.0,0.0,18.0,0.16666666666666666,0.0,0.0,0.6666666666666666,0.0,0.16666666666666666,0.0,0.0,0.0,0.0,0.0,1.2516291673878228,0.36180196788536356
européen,lemma,4.0,0.0,0.0,1.0,0.0,1.0,0.0,0.0,0.0,0.0,0.0,6.0,0.6666666666666666,0.0,0.0,0.16666666666666666,0.0,0.16666666666666666,0.0,0.0,0.0,0.0,0.0,1.2516291673878228,0.36180196788536356
prestigieux,lemma,0.0,0.0,1.0,0.0,0.0,0.0,4.0,0.0,0.0,1.0,0.0,6.0,0.0,0.0,0.16666666666666666,0.0,0.0,0.0,0.6666666666666666,0.0,0.0,0.16666666666666666,0.0,1.2516291673878228,0.36180196788536356
moqueries,word,0.0,0.0,1.0,0.0,0.0,1.0,0.0,0.0,4.0,0.0,0.0,6.0,0.0,0.0,0.16666666666666666,0.0,0.0,0.16666666666666666,0.0,0.0,0.6666666666666666,0.0,0.0,1.2516291673878228,0.36180196788536356
membres,word,4.0,0.0,1.0,0.0,0.0,1.0,0.0,0.0,0.0,0.0,0.0,6.0,0.6666666666666666,0.0,0.16666666666666666,0.0,0.0,0.16666666666666666,0.0,0.0,0.0,0.0,0.0,1.2516291673878228,0.36180196788536356
résultat,lemma,4.0,0.0,1.0,0.0,0.0,1.0,0.0,0.0,0.0,0.0,0.0,6.0,0.6666666666666666,0.0,0.16666666666666666,0.0,0.0,0.16666666666666666,0.0,0.0,0.0,0.0,0.0,1.2516291673878228,0.36180196788536356
arrêté,word,4.0,0.0,0.0,1.0,0.0,1.0,0.0,0.0,0.0,0.0,0.0,6.0,0.6666666666666666,0.0,0.0,0.16666666666666666,0.0,0.16666666666666666,0.0,0.0,0.0,0.0,0.0,1.2516291673878228,0.36180196788536356
différent,lemma,4.0,0.0,0.0,1.0,0.0,0.0,1.0,0.0,0.0,0.0,0.0,6.0,0.6666666666666666,0.0,0.0,0.16666666666666666,0.0,0.0,0.16666666666666666,0.0,0.0,0.0,0.0,1.2516291673878228,0.36180196788536356
lui-même,word,4.0,0.0,0.0,0.0,0.0,1.0,0.0,0.0,1.0,0.0,0.0,6.0,0.6666666666666666,0.0,0.0,0.0,0.0,0.16666666666666666,0.0,0.0,0.16666666666666666,0.0,0.0,1.2516291673878228,0.36180196788536356
attentats,word,2.0,0.0,0.0,10.0,0.0,3.0,0.0,0.0,0.0,0.0,0.0,15.0,0.13333333333333333,0.0,0.0,0.6666666666666666,0.0,0.2,0.0,0.0,0.0,0.0,0.0,1.2419460322060458,0.35900291409583057
beau,word,0.0,0.0,10.0,0.0,0.0,0.0,3.0,0.0,0.0,2.0,0.0,15.0,0.0,0.0,0.6666666666666666,0.0,0.0,0.0,0.2,0.0,0.0,0.13333333333333333,0.0,1.2419460322060458,0.35900291409583057
responsable,lemma,7.0,0.0,0.0,3.0,0.0,1.0,0.0,0.0,0.0,0.0,0.0,11.0,0.6363636363636364,0.0,0.0,0.2727272727272727,0.0,0.09090909090909091,0.0,0.0,0.0,0.0,0.0,1.2406705316766884,0.3586342117568435
détruire,lemma,2.0,0.0,0.0,13.0,0.0,5.0,0.0,0.0,0.0,0.0,0.0,20.0,0.1,0.0,0.0,0.65,0.0,0.25,0.0,0.0,0.0,0.0,0.0,1.2361602543738117,0.357330449231642
façon,word,6.0,0.0,2.0,1.0,0.0,0.0,0.0,0.0,0.0,0.0,0.0,9.0,0.6666666666666666,0.0,0.2222222222222222,0.1111111111111111,0.0,0.0,0.0,0.0,0.0,0.0,0.0,1.224394445405986,0.35392936770586797
façon,lemma,6.0,0.0,2.0,1.0,0.0,0.0,0.0,0.0,0.0,0.0,0.0,9.0,0.6666666666666666,0.0,0.2222222222222222,0.1111111111111111,0.0,0.0,0.0,0.0,0.0,0.0,0.0,1.224394445405986,0.35392936770586797
échapper,lemma,2.0,0.0,0.0,6.0,1.0,0.0,0.0,0.0,0.0,0.0,0.0,9.0,0.2222222222222222,0.0,0.0,0.6666666666666666,0.1111111111111111,0.0,0.0,0.0,0.0,0.0,0.0,1.224394445405986,0.35392936770586797
côté,lemma,2.0,0.0,1.0,6.0,0.0,0.0,0.0,0.0,0.0,0.0,0.0,9.0,0.2222222222222222,0.0,0.1111111111111111,0.6666666666666666,0.0,0.0,0.0,0.0,0.0,0.0,0.0,1.224394445405986,0.35392936770586797
europe,word,0.0,0.0,0.0,6.0,1.0,2.0,0.0,0.0,0.0,0.0,0.0,9.0,0.0,0.0,0.0,0.6666666666666666,0.1111111111111111,0.2222222222222222,0.0,0.0,0.0,0.0,0.0,1.224394445405986,0.35392936770586797
arrêter,word,6.0,1.0,0.0,0.0,0.0,2.0,0.0,0.0,0.0,0.0,0.0,9.0,0.6666666666666666,0.1111111111111111,0.0,0.0,0.0,0.2222222222222222,0.0,0.0,0.0,0.0,0.0,1.224394445405986,0.35392936770586797
porc,lemma,2.0,6.0,0.0,0.0,1.0,0.0,0.0,0.0,0.0,0.0,0.0,9.0,0.2222222222222222,0.6666666666666666,0.0,0.0,0.1111111111111111,0.0,0.0,0.0,0.0,0.0,0.0,1.224394445405986,0.35392936770586797
europe,lemma,0.0,0.0,0.0,6.0,1.0,2.0,0.0,0.0,0.0,0.0,0.0,9.0,0.0,0.0,0.0,0.6666666666666666,0.1111111111111111,0.2222222222222222,0.0,0.0,0.0,0.0,0.0,1.224394445405986,0.35392936770586797
musulman,lemma,6.0,0.0,0.0,2.0,0.0,1.0,0.0,0.0,0.0,0.0,0.0,9.0,0.6666666666666666,0.0,0.0,0.2222222222222222,0.0,0.1111111111111111,0.0,0.0,0.0,0.0,0.0,1.224394445405986,0.35392936770586797
porc,word,2.0,6.0,0.0,0.0,1.0,0.0,0.0,0.0,0.0,0.0,0.0,9.0,0.2222222222222222,0.6666666666666666,0.0,0.0,0.1111111111111111,0.0,0.0,0.0,0.0,0.0,0.0,1.224394445405986,0.35392936770586797
américains,word,6.0,0.0,0.0,1.0,0.0,2.0,0.0,0.0,0.0,0.0,0.0,9.0,0.6666666666666666,0.0,0.0,0.1111111111111111,0.0,0.2222222222222222,0.0,0.0,0.0,0.0,0.0,1.224394445405986,0.35392936770586797
soutenir,lemma,6.0,0.0,2.0,1.0,0.0,0.0,0.0,0.0,0.0,0.0,0.0,9.0,0.6666666666666666,0.0,0.2222222222222222,0.1111111111111111,0.0,0.0,0.0,0.0,0.0,0.0,0.0,1.224394445405986,0.35392936770586797
savoir,word,6.0,0.0,0.0,1.0,0.0,2.0,0.0,0.0,0.0,0.0,0.0,9.0,0.6666666666666666,0.0,0.0,0.1111111111111111,0.0,0.2222222222222222,0.0,0.0,0.0,0.0,0.0,1.224394445405986,0.35392936770586797
affronter,lemma,9.0,0.0,0.0,1.0,0.0,1.0,0.0,0.0,0.0,1.0,0.0,12.0,0.75,0.0,0.0,0.08333333333333333,0.0,0.08333333333333333,0.0,0.0,0.0,0.08333333333333333,0.0,1.207518749639422,0.3490511976401126
trouver,word,0.0,0.0,0.0,8.0,0.0,3.0,0.0,0.0,1.0,0.0,0.0,12.0,0.0,0.0,0.0,0.6666666666666666,0.0,0.25,0.0,0.0,0.08333333333333333,0.0,0.0,1.188721875540867,0.3436176824934946
ministre,lemma,7.0,0.0,1.0,2.0,0.0,0.0,0.0,0.0,0.0,0.0,0.0,10.0,0.7,0.0,0.1,0.2,0.0,0.0,0.0,0.0,0.0,0.0,0.0,1.1567796494470395,0.3343843084554757
pourquoi,lemma,7.0,0.0,0.0,0.0,1.0,2.0,0.0,0.0,0.0,0.0,0.0,10.0,0.7,0.0,0.0,0.0,0.1,0.2,0.0,0.0,0.0,0.0,0.0,1.1567796494470395,0.3343843084554757
pourquoi,word,7.0,0.0,0.0,0.0,1.0,2.0,0.0,0.0,0.0,0.0,0.0,10.0,0.7,0.0,0.0,0.0,0.1,0.2,0.0,0.0,0.0,0.0,0.0,1.1567796494470395,0.3343843084554757
conséquences,word,1.0,0.0,0.0,7.0,0.0,2.0,0.0,0.0,0.0,0.0,0.0,10.0,0.1,0.0,0.0,0.7,0.0,0.2,0.0,0.0,0.0,0.0,0.0,1.1567796494470395,0.3343843084554757
conséquence,lemma,1.0,0.0,0.0,7.0,0.0,2.0,0.0,0.0,0.0,0.0,0.0,10.0,0.1,0.0,0.0,0.7,0.0,0.2,0.0,0.0,0.0,0.0,0.0,1.1567796494470395,0.3343843084554757
travailler,lemma,16.0,0.0,0.0,2.0,0.0,2.0,1.0,0.0,0.0,0.0,0.0,21.0,0.7619047619047619,0.0,0.0,0.09523809523809523,0.0,0.09523809523809523,0.047619047619047616,0.0,0.0,0.0,0.0,1.1542221846835221,0.3336450353477954
merveilleux,word,0.0,0.0,1.0,0.0,1.0,0.0,5.0,0.0,0.0,0.0,0.0,7.0,0.0,0.0,0.14285714285714285,0.0,0.14285714285714285,0.0,0.7142857142857143,0.0,0.0,0.0,0.0,1.1488348542809166,0.33208774762064913
julien,word,5.0,1.0,1.0,0.0,0.0,0.0,0.0,0.0,0.0,0.0,0.0,7.0,0.7142857142857143,0.14285714285714285,0.14285714285714285,0.0,0.0,0.0,0.0,0.0,0.0,0.0,0.0,1.1488348542809166,0.33208774762064913
julien,lemma,5.0,1.0,1.0,0.0,0.0,0.0,0.0,0.0,0.0,0.0,0.0,7.0,0.7142857142857143,0.14285714285714285,0.14285714285714285,0.0,0.0,0.0,0.0,0.0,0.0,0.0,0.0,1.1488348542809166,0.33208774762064913
particulièrement,lemma,1.0,0.0,0.0,5.0,0.0,0.0,0.0,0.0,0.0,1.0,0.0,7.0,0.14285714285714285,0.0,0.0,0.7142857142857143,0.0,0.0,0.0,0.0,0.0,0.14285714285714285,0.0,1.1488348542809166,0.33208774762064913
moquer,lemma,0.0,1.0,0.0,1.0,0.0,0.0,0.0,0.0,5.0,0.0,0.0,7.0,0.0,0.14285714285714285,0.0,0.14285714285714285,0.0,0.0,0.0,0.0,0.7142857142857143,0.0,0.0,1.1488348542809166,0.33208774762064913
particulièrement,word,1.0,0.0,0.0,5.0,0.0,0.0,0.0,0.0,0.0,1.0,0.0,7.0,0.14285714285714285,0.0,0.0,0.7142857142857143,0.0,0.0,0.0,0.0,0.0,0.14285714285714285,0.0,1.1488348542809166,0.33208774762064913
merveilleux,lemma,0.0,0.0,1.0,0.0,1.0,0.0,5.0,0.0,0.0,0.0,0.0,7.0,0.0,0.0,0.14285714285714285,0.0,0.14285714285714285,0.0,0.7142857142857143,0.0,0.0,0.0,0.0,1.1488348542809166,0.33208774762064913
héros,lemma,0.0,0.0,0.0,1.0,0.0,0.0,5.0,0.0,0.0,1.0,0.0,7.0,0.0,0.0,0.0,0.14285714285714285,0.0,0.0,0.7142857142857143,0.0,0.0,0.14285714285714285,0.0,1.1488348542809166,0.33208774762064913
pollution,word,1.0,0.0,0.0,5.0,0.0,1.0,0.0,0.0,0.0,0.0,0.0,7.0,0.14285714285714285,0.0,0.0,0.7142857142857143,0.0,0.14285714285714285,0.0,0.0,0.0,0.0,0.0,1.1488348542809166,0.33208774762064913
supporter,lemma,5.0,0.0,0.0,0.0,0.0,1.0,0.0,0.0,1.0,0.0,0.0,7.0,0.7142857142857143,0.0,0.0,0.0,0.0,0.14285714285714285,0.0,0.0,0.14285714285714285,0.0,0.0,1.1488348542809166,0.33208774762064913
héros,word,0.0,0.0,0.0,1.0,0.0,0.0,5.0,0.0,0.0,1.0,0.0,7.0,0.0,0.0,0.0,0.14285714285714285,0.0,0.0,0.7142857142857143,0.0,0.0,0.14285714285714285,0.0,1.1488348542809166,0.33208774762064913
ca,word,5.0,1.0,0.0,0.0,0.0,1.0,0.0,0.0,0.0,0.0,0.0,7.0,0.7142857142857143,0.14285714285714285,0.0,0.0,0.0,0.14285714285714285,0.0,0.0,0.0,0.0,0.0,1.1488348542809166,0.33208774762064913
bâtiment,lemma,1.0,0.0,0.0,5.0,0.0,1.0,0.0,0.0,0.0,0.0,0.0,7.0,0.14285714285714285,0.0,0.0,0.7142857142857143,0.0,0.14285714285714285,0.0,0.0,0.0,0.0,0.0,1.1488348542809166,0.33208774762064913
bâtiments,word,1.0,0.0,0.0,5.0,0.0,1.0,0.0,0.0,0.0,0.0,0.0,7.0,0.14285714285714285,0.0,0.0,0.7142857142857143,0.0,0.14285714285714285,0.0,0.0,0.0,0.0,0.0,1.1488348542809166,0.33208774762064913
ca,lemma,5.0,1.0,0.0,0.0,0.0,1.0,0.0,0.0,0.0,0.0,0.0,7.0,0.7142857142857143,0.14285714285714285,0.0,0.0,0.0,0.14285714285714285,0.0,0.0,0.0,0.0,0.0,1.1488348542809166,0.33208774762064913
bel,lemma,0.0,0.0,5.0,0.0,0.0,0.0,1.0,0.0,0.0,1.0,0.0,7.0,0.0,0.0,0.7142857142857143,0.0,0.0,0.0,0.14285714285714285,0.0,0.0,0.14285714285714285,0.0,1.1488348542809166,0.33208774762064913
pollution,lemma,1.0,0.0,0.0,5.0,0.0,1.0,0.0,0.0,0.0,0.0,0.0,7.0,0.14285714285714285,0.0,0.0,0.7142857142857143,0.0,0.14285714285714285,0.0,0.0,0.0,0.0,0.0,1.1488348542809166,0.33208774762064913
politique,word,9.0,0.0,0.0,3.0,0.0,1.0,0.0,0.0,0.0,0.0,0.0,13.0,0.6923076923076923,0.0,0.0,0.23076923076923078,0.0,0.07692307692307693,0.0,0.0,0.0,0.0,0.0,1.1401156785146092,0.32956734059212633
attaquer,lemma,11.0,0.0,0.0,18.0,0.0,1.0,0.0,0.0,0.0,0.0,0.0,30.0,0.36666666666666664,0.0,0.0,0.6,0.0,0.03333333333333333,0.0,0.0,0.0,0.0,0.0,1.136477334576122,0.32851562333346285
pleurer,word,2.0,0.0,2.0,0.0,0.0,17.0,0.0,0.0,0.0,1.0,0.0,22.0,0.09090909090909091,0.0,0.09090909090909091,0.0,0.0,0.7727272727272727,0.0,0.0,0.0,0.045454545454545456,0.0,1.1191194231256714,0.32349806167479705
danser,lemma,0.0,0.0,8.0,0.0,0.0,0.0,0.0,0.0,1.0,2.0,0.0,11.0,0.0,0.0,0.7272727272727273,0.0,0.0,0.0,0.0,0.0,0.09090909090909091,0.18181818181818182,0.0,1.0957952550009336,0.31675586506681047
dictature,word,1.0,0.0,0.0,8.0,0.0,2.0,0.0,0.0,0.0,0.0,0.0,11.0,0.09090909090909091,0.0,0.0,0.7272727272727273,0.0,0.18181818181818182,0.0,0.0,0.0,0.0,0.0,1.0957952550009336,0.31675586506681047
place,lemma,11.0,0.0,1.0,0.0,0.0,1.0,0.0,0.0,0.0,1.0,0.0,14.0,0.7857142857142857,0.0,0.07142857142857142,0.0,0.0,0.07142857142857142,0.0,0.0,0.0,0.07142857142857142,0.0,1.0892300788425848,0.3148581035608511
grondouk,word,1.0,0.0,0.0,0.0,6.0,1.0,0.0,0.0,0.0,0.0,0.0,8.0,0.125,0.0,0.0,0.0,0.75,0.125,0.0,0.0,0.0,0.0,0.0,1.061278124459133,0.30677817672175306
arme,word,1.0,0.0,0.0,6.0,0.0,0.0,0.0,0.0,0.0,1.0,0.0,8.0,0.125,0.0,0.0,0.75,0.0,0.0,0.0,0.0,0.0,0.125,0.0,1.061278124459133,0.30677817672175306
détruire,word,1.0,0.0,0.0,6.0,0.0,1.0,0.0,0.0,0.0,0.0,0.0,8.0,0.125,0.0,0.0,0.75,0.0,0.125,0.0,0.0,0.0,0.0,0.0,1.061278124459133,0.30677817672175306
voulu,word,6.0,0.0,0.0,0.0,0.0,1.0,0.0,0.0,1.0,0.0,0.0,8.0,0.75,0.0,0.0,0.0,0.0,0.125,0.0,0.0,0.125,0.0,0.0,1.061278124459133,0.30677817672175306
sûr,lemma,0.0,0.0,6.0,0.0,1.0,1.0,0.0,0.0,0.0,0.0,0.0,8.0,0.0,0.0,0.75,0.0,0.125,0.125,0.0,0.0,0.0,0.0,0.0,1.061278124459133,0.30677817672175306
révolter,lemma,6.0,0.0,0.0,1.0,0.0,1.0,0.0,0.0,0.0,0.0,0.0,8.0,0.75,0.0,0.0,0.125,0.0,0.125,0.0,0.0,0.0,0.0,0.0,1.061278124459133,0.30677817672175306
grondouk,lemma,1.0,0.0,0.0,0.0,6.0,1.0,0.0,0.0,0.0,0.0,0.0,8.0,0.125,0.0,0.0,0.0,0.75,0.125,0.0,0.0,0.0,0.0,0.0,1.061278124459133,0.30677817672175306
sûr,word,0.0,0.0,6.0,0.0,1.0,1.0,0.0,0.0,0.0,0.0,0.0,8.0,0.0,0.0,0.75,0.0,0.125,0.125,0.0,0.0,0.0,0.0,0.0,1.061278124459133,0.30677817672175306
contre,lemma,73.0,0.0,3.0,6.0,0.0,4.0,0.0,0.0,2.0,1.0,0.0,89.0,0.8202247191011236,0.0,0.033707865168539325,0.06741573033707865,0.0,0.0449438202247191,0.0,0.0,0.02247191011235955,0.011235955056179775,0.0,1.058633933160424,0.30601383402324045
contre,word,73.0,0.0,3.0,6.0,0.0,4.0,0.0,0.0,2.0,1.0,0.0,89.0,0.8202247191011236,0.0,0.033707865168539325,0.06741573033707865,0.0,0.0449438202247191,0.0,0.0,0.02247191011235955,0.011235955056179775,0.0,1.058633933160424,0.30601383402324045
casser,lemma,11.0,0.0,0.0,1.0,0.0,3.0,0.0,0.0,0.0,0.0,0.0,15.0,0.7333333333333333,0.0,0.0,0.06666666666666667,0.0,0.2,0.0,0.0,0.0,0.0,0.0,1.0529815751302694,0.3043799361309673
dictature,lemma,1.0,0.0,0.0,9.0,0.0,2.0,0.0,0.0,0.0,0.0,0.0,12.0,0.08333333333333333,0.0,0.0,0.75,0.0,0.16666666666666666,0.0,0.0,0.0,0.0,0.0,1.0408520829727552,0.3008737265871313
arme,lemma,2.0,0.0,0.0,9.0,0.0,0.0,0.0,0.0,0.0,1.0,0.0,12.0,0.16666666666666666,0.0,0.0,0.75,0.0,0.0,0.0,0.0,0.0,0.08333333333333333,0.0,1.0408520829727552,0.3008737265871313
emprisonné,word,0.0,0.0,0.0,2.0,0.0,2.0,0.0,0.0,0.0,0.0,0.0,4.0,0.0,0.0,0.0,0.5,0.0,0.5,0.0,0.0,0.0,0.0,0.0,1.0,0.2890648263178879
vive,word,2.0,0.0,0.0,0.0,0.0,2.0,0.0,0.0,0.0,0.0,0.0,4.0,0.5,0.0,0.0,0.0,0.0,0.5,0.0,0.0,0.0,0.0,0.0,1.0,0.2890648263178879
emprisonner,lemma,0.0,0.0,0.0,2.0,0.0,2.0,0.0,0.0,0.0,0.0,0.0,4.0,0.0,0.0,0.0,0.5,0.0,0.5,0.0,0.0,0.0,0.0,0.0,1.0,0.2890648263178879
malala,lemma,0.0,0.0,0.0,0.0,2.0,0.0,2.0,0.0,0.0,0.0,0.0,4.0,0.0,0.0,0.0,0.0,0.5,0.0,0.5,0.0,0.0,0.0,0.0,1.0,0.2890648263178879
malala,word,0.0,0.0,0.0,0.0,2.0,0.0,2.0,0.0,0.0,0.0,0.0,4.0,0.0,0.0,0.0,0.0,0.5,0.0,0.5,0.0,0.0,0.0,0.0,1.0,0.2890648263178879
humeur,lemma,2.0,0.0,2.0,0.0,0.0,0.0,0.0,0.0,0.0,0.0,0.0,4.0,0.5,0.0,0.5,0.0,0.0,0.0,0.0,0.0,0.0,0.0,0.0,1.0,0.2890648263178879
déposer,lemma,2.0,0.0,0.0,0.0,0.0,2.0,0.0,0.0,0.0,0.0,0.0,4.0,0.5,0.0,0.0,0.0,0.0,0.5,0.0,0.0,0.0,0.0,0.0,1.0,0.2890648263178879
éliminer,lemma,0.0,0.0,0.0,2.0,0.0,2.0,0.0,0.0,0.0,0.0,0.0,4.0,0.0,0.0,0.0,0.5,0.0,0.5,0.0,0.0,0.0,0.0,0.0,1.0,0.2890648263178879
applaudir,lemma,0.0,0.0,2.0,0.0,0.0,0.0,2.0,0.0,0.0,0.0,0.0,4.0,0.0,0.0,0.5,0.0,0.0,0.0,0.5,0.0,0.0,0.0,0.0,1.0,0.2890648263178879
tuées,word,0.0,0.0,0.0,2.0,0.0,2.0,0.0,0.0,0.0,0.0,0.0,4.0,0.0,0.0,0.0,0.5,0.0,0.5,0.0,0.0,0.0,0.0,0.0,1.0,0.2890648263178879
gagnera,word,0.0,0.0,2.0,0.0,0.0,0.0,0.0,0.0,0.0,2.0,0.0,4.0,0.0,0.0,0.5,0.0,0.0,0.0,0.0,0.0,0.0,0.5,0.0,1.0,0.2890648263178879
trésor,lemma,0.0,0.0,2.0,0.0,0.0,0.0,0.0,0.0,0.0,2.0,0.0,4.0,0.0,0.0,0.5,0.0,0.0,0.0,0.0,0.0,0.0,0.5,0.0,1.0,0.2890648263178879
trésor,word,0.0,0.0,2.0,0.0,0.0,0.0,0.0,0.0,0.0,2.0,0.0,4.0,0.0,0.0,0.5,0.0,0.0,0.0,0.0,0.0,0.0,0.5,0.0,1.0,0.2890648263178879
nobel,lemma,0.0,0.0,3.0,0.0,0.0,0.0,0.0,0.0,0.0,3.0,0.0,6.0,0.0,0.0,0.5,0.0,0.0,0.0,0.0,0.0,0.0,0.5,0.0,1.0,0.2890648263178879
nobel,word,0.0,0.0,3.0,0.0,0.0,0.0,0.0,0.0,0.0,3.0,0.0,6.0,0.0,0.0,0.5,0.0,0.0,0.0,0.0,0.0,0.0,0.5,0.0,1.0,0.2890648263178879
vexe,word,2.0,0.0,0.0,0.0,0.0,2.0,0.0,0.0,0.0,0.0,0.0,4.0,0.5,0.0,0.0,0.0,0.0,0.5,0.0,0.0,0.0,0.0,0.0,1.0,0.2890648263178879
vexé,word,0.0,0.0,0.0,0.0,0.0,2.0,0.0,0.0,2.0,0.0,0.0,4.0,0.0,0.0,0.0,0.0,0.0,0.5,0.0,0.0,0.5,0.0,0.0,1.0,0.2890648263178879
violente,word,2.0,0.0,0.0,2.0,0.0,0.0,0.0,0.0,0.0,0.0,0.0,4.0,0.5,0.0,0.0,0.5,0.0,0.0,0.0,0.0,0.0,0.0,0.0,1.0,0.2890648263178879
gloire,word,0.0,0.0,2.0,0.0,0.0,0.0,0.0,0.0,0.0,2.0,0.0,4.0,0.0,0.0,0.5,0.0,0.0,0.0,0.0,0.0,0.0,0.5,0.0,1.0,0.2890648263178879
volonté,lemma,2.0,0.0,2.0,0.0,0.0,0.0,0.0,0.0,0.0,0.0,0.0,4.0,0.5,0.0,0.5,0.0,0.0,0.0,0.0,0.0,0.0,0.0,0.0,1.0,0.2890648263178879
zone,lemma,3.0,0.0,0.0,3.0,0.0,0.0,0.0,0.0,0.0,0.0,0.0,6.0,0.5,0.0,0.0,0.5,0.0,0.0,0.0,0.0,0.0,0.0,0.0,1.0,0.2890648263178879
gagne,lemma,0.0,0.0,2.0,0.0,0.0,0.0,0.0,0.0,0.0,2.0,0.0,4.0,0.0,0.0,0.5,0.0,0.0,0.0,0.0,0.0,0.0,0.5,0.0,1.0,0.2890648263178879
volonté,word,2.0,0.0,2.0,0.0,0.0,0.0,0.0,0.0,0.0,0.0,0.0,4.0,0.5,0.0,0.5,0.0,0.0,0.0,0.0,0.0,0.0,0.0,0.0,1.0,0.2890648263178879
choisir,lemma,3.0,0.0,0.0,0.0,0.0,3.0,0.0,0.0,0.0,0.0,0.0,6.0,0.5,0.0,0.0,0.0,0.0,0.5,0.0,0.0,0.0,0.0,0.0,1.0,0.2890648263178879
faute,lemma,3.0,0.0,0.0,0.0,0.0,0.0,0.0,3.0,0.0,0.0,0.0,6.0,0.5,0.0,0.0,0.0,0.0,0.0,0.0,0.5,0.0,0.0,0.0,1.0,0.2890648263178879
merd,lemma,2.0,2.0,0.0,0.0,0.0,0.0,0.0,0.0,0.0,0.0,0.0,4.0,0.5,0.5,0.0,0.0,0.0,0.0,0.0,0.0,0.0,0.0,0.0,1.0,0.2890648263178879
habitude,lemma,0.0,0.0,0.0,2.0,2.0,0.0,0.0,0.0,0.0,0.0,0.0,4.0,0.0,0.0,0.0,0.5,0.5,0.0,0.0,0.0,0.0,0.0,0.0,1.0,0.2890648263178879
chambre,word,0.0,0.0,2.0,0.0,0.0,2.0,0.0,0.0,0.0,0.0,0.0,4.0,0.0,0.0,0.5,0.0,0.0,0.5,0.0,0.0,0.0,0.0,0.0,1.0,0.2890648263178879
char,word,0.0,0.0,0.0,2.0,2.0,0.0,0.0,0.0,0.0,0.0,0.0,4.0,0.0,0.0,0.0,0.5,0.5,0.0,0.0,0.0,0.0,0.0,0.0,1.0,0.2890648263178879
récompense,lemma,0.0,0.0,6.0,0.0,0.0,0.0,0.0,0.0,0.0,6.0,0.0,12.0,0.0,0.0,0.5,0.0,0.0,0.0,0.0,0.0,0.0,0.5,0.0,1.0,0.2890648263178879
chant,lemma,2.0,0.0,2.0,0.0,0.0,0.0,0.0,0.0,0.0,0.0,0.0,4.0,0.5,0.0,0.5,0.0,0.0,0.0,0.0,0.0,0.0,0.0,0.0,1.0,0.2890648263178879
négatives,word,0.0,0.0,0.0,0.0,0.0,2.0,0.0,0.0,2.0,0.0,0.0,4.0,0.0,0.0,0.0,0.0,0.0,0.5,0.0,0.0,0.5,0.0,0.0,1.0,0.2890648263178879
gloire,lemma,0.0,0.0,2.0,0.0,0.0,0.0,0.0,0.0,0.0,2.0,0.0,4.0,0.0,0.0,0.5,0.0,0.0,0.0,0.0,0.0,0.0,0.5,0.0,1.0,0.2890648263178879
gouine,lemma,3.0,3.0,0.0,0.0,0.0,0.0,0.0,0.0,0.0,0.0,0.0,6.0,0.5,0.5,0.0,0.0,0.0,0.0,0.0,0.0,0.0,0.0,0.0,1.0,0.2890648263178879
gouine,word,3.0,3.0,0.0,0.0,0.0,0.0,0.0,0.0,0.0,0.0,0.0,6.0,0.5,0.5,0.0,0.0,0.0,0.0,0.0,0.0,0.0,0.0,0.0,1.0,0.2890648263178879
élevé,lemma,2.0,0.0,0.0,2.0,0.0,0.0,0.0,0.0,0.0,0.0,0.0,4.0,0.5,0.0,0.0,0.5,0.0,0.0,0.0,0.0,0.0,0.0,0.0,1.0,0.2890648263178879
sexuellement,word,2.0,0.0,0.0,0.0,0.0,2.0,0.0,0.0,0.0,0.0,0.0,4.0,0.5,0.0,0.0,0.0,0.0,0.5,0.0,0.0,0.0,0.0,0.0,1.0,0.2890648263178879
contrôle,lemma,2.0,0.0,0.0,2.0,0.0,0.0,0.0,0.0,0.0,0.0,0.0,4.0,0.5,0.0,0.0,0.5,0.0,0.0,0.0,0.0,0.0,0.0,0.0,1.0,0.2890648263178879
reine,word,0.0,0.0,2.0,0.0,0.0,0.0,0.0,0.0,0.0,2.0,0.0,4.0,0.0,0.0,0.5,0.0,0.0,0.0,0.0,0.0,0.0,0.5,0.0,1.0,0.2890648263178879
humeur,word,2.0,0.0,2.0,0.0,0.0,0.0,0.0,0.0,0.0,0.0,0.0,4.0,0.5,0.0,0.5,0.0,0.0,0.0,0.0,0.0,0.0,0.0,0.0,1.0,0.2890648263178879
avouer,lemma,0.0,0.0,0.0,0.0,0.0,0.0,0.0,2.0,2.0,0.0,0.0,4.0,0.0,0.0,0.0,0.0,0.0,0.0,0.0,0.5,0.5,0.0,0.0,1.0,0.2890648263178879
boîte,lemma,2.0,0.0,0.0,0.0,2.0,0.0,0.0,0.0,0.0,0.0,0.0,4.0,0.5,0.0,0.0,0.0,0.5,0.0,0.0,0.0,0.0,0.0,0.0,1.0,0.2890648263178879
soutenir,word,2.0,0.0,2.0,0.0,0.0,0.0,0.0,0.0,0.0,0.0,0.0,4.0,0.5,0.0,0.5,0.0,0.0,0.0,0.0,0.0,0.0,0.0,0.0,1.0,0.2890648263178879
bouquin,lemma,0.0,0.0,0.0,2.0,0.0,2.0,0.0,0.0,0.0,0.0,0.0,4.0,0.0,0.0,0.0,0.5,0.0,0.5,0.0,0.0,0.0,0.0,0.0,1.0,0.2890648263178879
bouquins,word,0.0,0.0,0.0,2.0,0.0,2.0,0.0,0.0,0.0,0.0,0.0,4.0,0.0,0.0,0.0,0.5,0.0,0.5,0.0,0.0,0.0,0.0,0.0,1.0,0.2890648263178879
bombes,word,3.0,0.0,0.0,3.0,0.0,0.0,0.0,0.0,0.0,0.0,0.0,6.0,0.5,0.0,0.0,0.5,0.0,0.0,0.0,0.0,0.0,0.0,0.0,1.0,0.2890648263178879
boîte,word,2.0,0.0,0.0,0.0,2.0,0.0,0.0,0.0,0.0,0.0,0.0,4.0,0.5,0.0,0.0,0.0,0.5,0.0,0.0,0.0,0.0,0.0,0.0,1.0,0.2890648263178879
rétorqu,lemma,2.0,0.0,0.0,0.0,0.0,0.0,0.0,0.0,0.0,2.0,0.0,4.0,0.5,0.0,0.0,0.0,0.0,0.0,0.0,0.0,0.0,0.5,0.0,1.0,0.2890648263178879
bronze,word,0.0,0.0,2.0,0.0,0.0,0.0,0.0,0.0,0.0,2.0,0.0,4.0,0.0,0.0,0.5,0.0,0.0,0.0,0.0,0.0,0.0,0.5,0.0,1.0,0.2890648263178879
impatient,lemma,2.0,0.0,2.0,0.0,0.0,0.0,0.0,0.0,0.0,0.0,0.0,4.0,0.5,0.0,0.5,0.0,0.0,0.0,0.0,0.0,0.0,0.0,0.0,1.0,0.2890648263178879
bronze,lemma,0.0,0.0,2.0,0.0,0.0,0.0,0.0,0.0,0.0,2.0,0.0,4.0,0.0,0.0,0.5,0.0,0.0,0.0,0.0,0.0,0.0,0.5,0.0,1.0,0.2890648263178879
coupable,lemma,3.0,0.0,0.0,0.0,0.0,0.0,0.0,3.0,0.0,0.0,0.0,6.0,0.5,0.0,0.0,0.0,0.0,0.0,0.0,0.5,0.0,0.0,0.0,1.0,0.2890648263178879
contrôle,word,2.0,0.0,0.0,2.0,0.0,0.0,0.0,0.0,0.0,0.0,0.0,4.0,0.5,0.0,0.0,0.5,0.0,0.0,0.0,0.0,0.0,0.0,0.0,1.0,0.2890648263178879
reine,lemma,0.0,0.0,2.0,0.0,0.0,0.0,0.0,0.0,0.0,2.0,0.0,4.0,0.0,0.0,0.5,0.0,0.0,0.0,0.0,0.0,0.0,0.5,0.0,1.0,0.2890648263178879
insulter,lemma,11.0,0.0,0.0,0.0,0.0,0.0,0.0,0.0,11.0,0.0,0.0,22.0,0.5,0.0,0.0,0.0,0.0,0.0,0.0,0.0,0.5,0.0,0.0,1.0,0.2890648263178879
respecté,word,2.0,0.0,0.0,0.0,0.0,0.0,2.0,0.0,0.0,0.0,0.0,4.0,0.5,0.0,0.0,0.0,0.0,0.0,0.5,0.0,0.0,0.0,0.0,1.0,0.2890648263178879
timidement,word,0.0,0.0,0.0,2.0,0.0,0.0,0.0,0.0,2.0,0.0,0.0,4.0,0.0,0.0,0.0,0.5,0.0,0.0,0.0,0.0,0.5,0.0,0.0,1.0,0.2890648263178879
réussit,word,0.0,0.0,2.0,0.0,0.0,0.0,0.0,0.0,0.0,2.0,0.0,4.0,0.0,0.0,0.5,0.0,0.0,0.0,0.0,0.0,0.0,0.5,0.0,1.0,0.2890648263178879
récompense,word,0.0,0.0,6.0,0.0,0.0,0.0,0.0,0.0,0.0,6.0,0.0,12.0,0.0,0.0,0.5,0.0,0.0,0.0,0.0,0.0,0.0,0.5,0.0,1.0,0.2890648263178879
discrimination,lemma,2.0,0.0,0.0,0.0,0.0,2.0,0.0,0.0,0.0,0.0,0.0,4.0,0.5,0.0,0.0,0.0,0.0,0.5,0.0,0.0,0.0,0.0,0.0,1.0,0.2890648263178879
particulier,word,2.0,0.0,0.0,2.0,0.0,0.0,0.0,0.0,0.0,0.0,0.0,4.0,0.5,0.0,0.0,0.5,0.0,0.0,0.0,0.0,0.0,0.0,0.0,1.0,0.2890648263178879
organiser,word,2.0,0.0,2.0,0.0,0.0,0.0,0.0,0.0,0.0,0.0,0.0,4.0,0.5,0.0,0.5,0.0,0.0,0.0,0.0,0.0,0.0,0.0,0.0,1.0,0.2890648263178879
titres,word,0.0,0.0,2.0,0.0,0.0,0.0,0.0,0.0,0.0,2.0,0.0,4.0,0.0,0.0,0.5,0.0,0.0,0.0,0.0,0.0,0.0,0.5,0.0,1.0,0.2890648263178879
totalement,word,2.0,0.0,0.0,2.0,0.0,0.0,0.0,0.0,0.0,0.0,0.0,4.0,0.5,0.0,0.0,0.5,0.0,0.0,0.0,0.0,0.0,0.0,0.0,1.0,0.2890648263178879
enfermés,word,0.0,0.0,0.0,2.0,0.0,2.0,0.0,0.0,0.0,0.0,0.0,4.0,0.0,0.0,0.0,0.5,0.0,0.5,0.0,0.0,0.0,0.0,0.0,1.0,0.2890648263178879
adultes,word,2.0,0.0,0.0,2.0,0.0,0.0,0.0,0.0,0.0,0.0,0.0,4.0,0.5,0.0,0.0,0.5,0.0,0.0,0.0,0.0,0.0,0.0,0.0,1.0,0.2890648263178879
piles,word,0.0,0.0,0.0,4.0,0.0,4.0,0.0,0.0,0.0,0.0,0.0,8.0,0.0,0.0,0.0,0.5,0.0,0.5,0.0,0.0,0.0,0.0,0.0,1.0,0.2890648263178879
mystérieux,lemma,0.0,0.0,0.0,2.0,2.0,0.0,0.0,0.0,0.0,0.0,0.0,4.0,0.0,0.0,0.0,0.5,0.5,0.0,0.0,0.0,0.0,0.0,0.0,1.0,0.2890648263178879
médaill,lemma,0.0,0.0,3.0,0.0,0.0,0.0,0.0,0.0,0.0,3.0,0.0,6.0,0.0,0.0,0.5,0.0,0.0,0.0,0.0,0.0,0.0,0.5,0.0,1.0,0.2890648263178879
mortes,word,0.0,0.0,0.0,2.0,0.0,2.0,0.0,0.0,0.0,0.0,0.0,4.0,0.0,0.0,0.0,0.5,0.0,0.5,0.0,0.0,0.0,0.0,0.0,1.0,0.2890648263178879
rétorque,word,2.0,0.0,0.0,0.0,0.0,0.0,0.0,0.0,0.0,2.0,0.0,4.0,0.5,0.0,0.0,0.0,0.0,0.0,0.0,0.0,0.0,0.5,0.0,1.0,0.2890648263178879
totalement,lemma,2.0,0.0,0.0,2.0,0.0,0.0,0.0,0.0,0.0,0.0,0.0,4.0,0.5,0.0,0.0,0.5,0.0,0.0,0.0,0.0,0.0,0.0,0.0,1.0,0.2890648263178879
habitude,word,0.0,0.0,0.0,2.0,2.0,0.0,0.0,0.0,0.0,0.0,0.0,4.0,0.0,0.0,0.0,0.5,0.5,0.0,0.0,0.0,0.0,0.0,0.0,1.0,0.2890648263178879
timidement,lemma,0.0,0.0,0.0,2.0,0.0,0.0,0.0,0.0,2.0,0.0,0.0,4.0,0.0,0.0,0.0,0.5,0.0,0.0,0.0,0.0,0.5,0.0,0.0,1.0,0.2890648263178879
frustrant,word,2.0,0.0,0.0,0.0,0.0,2.0,0.0,0.0,0.0,0.0,0.0,4.0,0.5,0.0,0.0,0.0,0.0,0.5,0.0,0.0,0.0,0.0,0.0,1.0,0.2890648263178879
j'étais,word,0.0,0.0,0.0,0.0,0.0,2.0,0.0,2.0,0.0,0.0,0.0,4.0,0.0,0.0,0.0,0.0,0.0,0.5,0.0,0.5,0.0,0.0,0.0,1.0,0.2890648263178879
sauvages,word,0.0,0.0,0.0,3.0,0.0,3.0,0.0,0.0,0.0,0.0,0.0,6.0,0.0,0.0,0.0,0.5,0.0,0.5,0.0,0.0,0.0,0.0,0.0,1.0,0.2890648263178879
pote,lemma,2.0,0.0,0.0,0.0,0.0,2.0,0.0,0.0,0.0,0.0,0.0,4.0,0.5,0.0,0.0,0.0,0.0,0.5,0.0,0.0,0.0,0.0,0.0,1.0,0.2890648263178879
armée,word,2.0,0.0,0.0,2.0,0.0,0.0,0.0,0.0,0.0,0.0,0.0,4.0,0.5,0.0,0.0,0.5,0.0,0.0,0.0,0.0,0.0,0.0,0.0,1.0,0.2890648263178879
exceptionnel,word,0.0,0.0,0.0,0.0,2.0,0.0,2.0,0.0,0.0,0.0,0.0,4.0,0.0,0.0,0.0,0.0,0.5,0.0,0.5,0.0,0.0,0.0,0.0,1.0,0.2890648263178879
exclame,lemma,0.0,0.0,2.0,0.0,2.0,0.0,0.0,0.0,0.0,0.0,0.0,4.0,0.0,0.0,0.5,0.0,0.5,0.0,0.0,0.0,0.0,0.0,0.0,1.0,0.2890648263178879
existent,word,2.0,0.0,0.0,2.0,0.0,0.0,0.0,0.0,0.0,0.0,0.0,4.0,0.5,0.0,0.0,0.5,0.0,0.0,0.0,0.0,0.0,0.0,0.0,1.0,0.2890648263178879
hommage,lemma,0.0,0.0,0.0,0.0,0.0,17.0,16.0,0.0,0.0,0.0,0.0,33.0,0.0,0.0,0.0,0.0,0.0,0.5151515151515151,0.48484848484848486,0.0,0.0,0.0,0.0,0.9993375041688847,0.2888733220755302
hommage,word,0.0,0.0,0.0,0.0,0.0,16.0,15.0,0.0,0.0,0.0,0.0,31.0,0.0,0.0,0.0,0.0,0.0,0.5161290322580645,0.4838709677419355,0.0,0.0,0.0,0.0,0.9992492479956565,0.2888478103201445
rire,lemma,2.0,0.0,21.0,1.0,2.0,0.0,0.0,0.0,0.0,0.0,0.0,26.0,0.07692307692307693,0.0,0.8076923076923077,0.038461538461538464,0.07692307692307693,0.0,0.0,0.0,0.0,0.0,0.0,0.9989525689736319,0.2887620508501708
rendre,word,0.0,0.0,0.0,0.0,0.0,6.0,7.0,0.0,0.0,0.0,0.0,13.0,0.0,0.0,0.0,0.0,0.0,0.46153846153846156,0.5384615384615384,0.0,0.0,0.0,0.0,0.9957274520849255,0.287829782996882
bande,lemma,6.0,5.0,0.0,0.0,0.0,0.0,0.0,0.0,0.0,0.0,0.0,11.0,0.5454545454545454,0.45454545454545453,0.0,0.0,0.0,0.0,0.0,0.0,0.0,0.0,0.0,0.9940302114769565,0.28733917043531976
bande,word,6.0,5.0,0.0,0.0,0.0,0.0,0.0,0.0,0.0,0.0,0.0,11.0,0.5454545454545454,0.45454545454545453,0.0,0.0,0.0,0.0,0.0,0.0,0.0,0.0,0.0,0.9940302114769565,0.28733917043531976
effondrer,lemma,0.0,0.0,0.0,10.0,1.0,2.0,0.0,0.0,0.0,0.0,0.0,13.0,0.0,0.0,0.0,0.7692307692307693,0.07692307692307693,0.15384615384615385,0.0,0.0,0.0,0.0,0.0,0.9912642605354287,0.2865396313068032
loup,lemma,4.0,0.0,0.0,5.0,0.0,0.0,0.0,0.0,0.0,0.0,0.0,9.0,0.4444444444444444,0.0,0.0,0.5555555555555556,0.0,0.0,0.0,0.0,0.0,0.0,0.0,0.9910760598382222,0.28648522910495233
carburant,word,5.0,0.0,0.0,4.0,0.0,0.0,0.0,0.0,0.0,0.0,0.0,9.0,0.5555555555555556,0.0,0.0,0.4444444444444444,0.0,0.0,0.0,0.0,0.0,0.0,0.0,0.9910760598382222,0.28648522910495233
merde,word,9.0,7.0,0.0,0.0,0.0,0.0,0.0,0.0,0.0,0.0,0.0,16.0,0.5625,0.4375,0.0,0.0,0.0,0.0,0.0,0.0,0.0,0.0,0.0,0.9886994082884974,0.285798222737513
s'en,word,7.0,1.0,0.0,1.0,0.0,0.0,0.0,0.0,0.0,0.0,0.0,9.0,0.7777777777777778,0.1111111111111111,0.0,0.1111111111111111,0.0,0.0,0.0,0.0,0.0,0.0,0.0,0.9864267287308424,0.2851412710159032
cadeau,lemma,1.0,0.0,7.0,0.0,1.0,0.0,0.0,0.0,0.0,0.0,0.0,9.0,0.1111111111111111,0.0,0.7777777777777778,0.0,0.1111111111111111,0.0,0.0,0.0,0.0,0.0,0.0,0.9864267287308424,0.2851412710159032
tomber,lemma,0.0,0.0,0.0,4.0,0.0,3.0,0.0,0.0,0.0,0.0,0.0,7.0,0.0,0.0,0.0,0.5714285714285714,0.0,0.42857142857142855,0.0,0.0,0.0,0.0,0.0,0.9852281360342515,0.2847948000262373
insulte,word,3.0,0.0,0.0,0.0,0.0,0.0,0.0,0.0,4.0,0.0,0.0,7.0,0.42857142857142855,0.0,0.0,0.0,0.0,0.0,0.0,0.0,0.5714285714285714,0.0,0.0,0.9852281360342515,0.2847948000262373
sauvage,lemma,0.0,0.0,0.0,4.0,0.0,3.0,0.0,0.0,0.0,0.0,0.0,7.0,0.0,0.0,0.0,0.5714285714285714,0.0,0.42857142857142855,0.0,0.0,0.0,0.0,0.0,0.9852281360342515,0.2847948000262373
produits,word,4.0,0.0,0.0,3.0,0.0,0.0,0.0,0.0,0.0,0.0,0.0,7.0,0.5714285714285714,0.0,0.0,0.42857142857142855,0.0,0.0,0.0,0.0,0.0,0.0,0.0,0.9852281360342515,0.2847948000262373
combat,lemma,0.0,0.0,0.0,4.0,0.0,3.0,0.0,0.0,0.0,0.0,0.0,7.0,0.0,0.0,0.0,0.5714285714285714,0.0,0.42857142857142855,0.0,0.0,0.0,0.0,0.0,0.9852281360342515,0.2847948000262373
produit,lemma,4.0,0.0,0.0,3.0,0.0,0.0,0.0,0.0,0.0,0.0,0.0,7.0,0.5714285714285714,0.0,0.0,0.42857142857142855,0.0,0.0,0.0,0.0,0.0,0.0,0.0,0.9852281360342515,0.2847948000262373
citoyens,word,4.0,0.0,0.0,3.0,0.0,0.0,0.0,0.0,0.0,0.0,0.0,7.0,0.5714285714285714,0.0,0.0,0.42857142857142855,0.0,0.0,0.0,0.0,0.0,0.0,0.0,0.9852281360342515,0.2847948000262373
territoire,word,3.0,0.0,0.0,4.0,0.0,0.0,0.0,0.0,0.0,0.0,0.0,7.0,0.42857142857142855,0.0,0.0,0.5714285714285714,0.0,0.0,0.0,0.0,0.0,0.0,0.0,0.9852281360342515,0.2847948000262373
merde,lemma,8.0,6.0,0.0,0.0,0.0,0.0,0.0,0.0,0.0,0.0,0.0,14.0,0.5714285714285714,0.42857142857142855,0.0,0.0,0.0,0.0,0.0,0.0,0.0,0.0,0.0,0.9852281360342515,0.2847948000262373
toucher,lemma,0.0,0.0,0.0,4.0,0.0,3.0,0.0,0.0,0.0,0.0,0.0,7.0,0.0,0.0,0.0,0.5714285714285714,0.0,0.42857142857142855,0.0,0.0,0.0,0.0,0.0,0.9852281360342515,0.2847948000262373
titre,lemma,0.0,0.0,4.0,0.0,0.0,0.0,0.0,0.0,0.0,3.0,0.0,7.0,0.0,0.0,0.5714285714285714,0.0,0.0,0.0,0.0,0.0,0.0,0.42857142857142855,0.0,0.9852281360342515,0.2847948000262373
origine,lemma,3.0,0.0,0.0,4.0,0.0,0.0,0.0,0.0,0.0,0.0,0.0,7.0,0.42857142857142855,0.0,0.0,0.5714285714285714,0.0,0.0,0.0,0.0,0.0,0.0,0.0,0.9852281360342515,0.2847948000262373
origine,word,3.0,0.0,0.0,4.0,0.0,0.0,0.0,0.0,0.0,0.0,0.0,7.0,0.42857142857142855,0.0,0.0,0.5714285714285714,0.0,0.0,0.0,0.0,0.0,0.0,0.0,0.9852281360342515,0.2847948000262373
malgré,word,0.0,0.0,0.0,0.0,2.0,3.0,0.0,0.0,0.0,0.0,0.0,5.0,0.0,0.0,0.0,0.0,0.4,0.6,0.0,0.0,0.0,0.0,0.0,0.9709505944546686,0.28066766494928874
drôles,word,0.0,0.0,2.0,0.0,3.0,0.0,0.0,0.0,0.0,0.0,0.0,5.0,0.0,0.0,0.4,0.0,0.6,0.0,0.0,0.0,0.0,0.0,0.0,0.9709505944546686,0.28066766494928874
villages,word,3.0,0.0,0.0,2.0,0.0,0.0,0.0,0.0,0.0,0.0,0.0,5.0,0.6,0.0,0.0,0.4,0.0,0.0,0.0,0.0,0.0,0.0,0.0,0.9709505944546686,0.28066766494928874
violents,word,6.0,0.0,0.0,4.0,0.0,0.0,0.0,0.0,0.0,0.0,0.0,10.0,0.6,0.0,0.0,0.4,0.0,0.0,0.0,0.0,0.0,0.0,0.0,0.9709505944546686,0.28066766494928874
insulter,word,6.0,0.0,0.0,0.0,0.0,0.0,0.0,0.0,4.0,0.0,0.0,10.0,0.6,0.0,0.0,0.0,0.0,0.0,0.0,0.0,0.4,0.0,0.0,0.9709505944546686,0.28066766494928874
vaccins,word,2.0,0.0,0.0,3.0,0.0,0.0,0.0,0.0,0.0,0.0,0.0,5.0,0.4,0.0,0.0,0.6,0.0,0.0,0.0,0.0,0.0,0.0,0.0,0.9709505944546686,0.28066766494928874
applaudi,word,0.0,0.0,2.0,0.0,0.0,0.0,3.0,0.0,0.0,0.0,0.0,5.0,0.0,0.0,0.4,0.0,0.0,0.0,0.6,0.0,0.0,0.0,0.0,0.9709505944546686,0.28066766494928874
malgré,lemma,0.0,0.0,0.0,0.0,2.0,3.0,0.0,0.0,0.0,0.0,0.0,5.0,0.0,0.0,0.0,0.0,0.4,0.6,0.0,0.0,0.0,0.0,0.0,0.9709505944546686,0.28066766494928874
puissent,word,2.0,0.0,0.0,3.0,0.0,0.0,0.0,0.0,0.0,0.0,0.0,5.0,0.4,0.0,0.0,0.6,0.0,0.0,0.0,0.0,0.0,0.0,0.0,0.9709505944546686,0.28066766494928874
remporter,word,0.0,0.0,9.0,0.0,0.0,0.0,0.0,0.0,0.0,6.0,0.0,15.0,0.0,0.0,0.6,0.0,0.0,0.0,0.0,0.0,0.0,0.4,0.0,0.9709505944546686,0.28066766494928874
cacher,lemma,6.0,0.0,0.0,9.0,0.0,0.0,0.0,0.0,0.0,0.0,0.0,15.0,0.4,0.0,0.0,0.6,0.0,0.0,0.0,0.0,0.0,0.0,0.0,0.9709505944546686,0.28066766494928874
capitale,word,3.0,0.0,0.0,2.0,0.0,0.0,0.0,0.0,0.0,0.0,0.0,5.0,0.6,0.0,0.0,0.4,0.0,0.0,0.0,0.0,0.0,0.0,0.0,0.9709505944546686,0.28066766494928874
armée,lemma,2.0,0.0,0.0,3.0,0.0,0.0,0.0,0.0,0.0,0.0,0.0,5.0,0.4,0.0,0.0,0.6,0.0,0.0,0.0,0.0,0.0,0.0,0.0,0.9709505944546686,0.28066766494928874
renvoyé,word,0.0,0.0,0.0,2.0,0.0,3.0,0.0,0.0,0.0,0.0,0.0,5.0,0.0,0.0,0.0,0.4,0.0,0.6,0.0,0.0,0.0,0.0,0.0,0.9709505944546686,0.28066766494928874
revendiquer,lemma,3.0,0.0,0.0,2.0,0.0,0.0,0.0,0.0,0.0,0.0,0.0,5.0,0.6,0.0,0.0,0.4,0.0,0.0,0.0,0.0,0.0,0.0,0.0,0.9709505944546686,0.28066766494928874
choquant,word,3.0,0.0,0.0,0.0,2.0,0.0,0.0,0.0,0.0,0.0,0.0,5.0,0.6,0.0,0.0,0.0,0.4,0.0,0.0,0.0,0.0,0.0,0.0,0.9709505944546686,0.28066766494928874
population,lemma,2.0,0.0,0.0,3.0,0.0,0.0,0.0,0.0,0.0,0.0,0.0,5.0,0.4,0.0,0.0,0.6,0.0,0.0,0.0,0.0,0.0,0.0,0.0,0.9709505944546686,0.28066766494928874
point,word,0.0,0.0,0.0,0.0,3.0,2.0,0.0,0.0,0.0,0.0,0.0,5.0,0.0,0.0,0.0,0.0,0.6,0.4,0.0,0.0,0.0,0.0,0.0,0.9709505944546686,0.28066766494928874
exclame,word,0.0,0.0,2.0,0.0,3.0,0.0,0.0,0.0,0.0,0.0,0.0,5.0,0.0,0.0,0.4,0.0,0.6,0.0,0.0,0.0,0.0,0.0,0.0,0.9709505944546686,0.28066766494928874
exister,lemma,2.0,0.0,0.0,3.0,0.0,0.0,0.0,0.0,0.0,0.0,0.0,5.0,0.4,0.0,0.0,0.6,0.0,0.0,0.0,0.0,0.0,0.0,0.0,0.9709505944546686,0.28066766494928874
face,word,2.0,0.0,0.0,3.0,0.0,0.0,0.0,0.0,0.0,0.0,0.0,5.0,0.4,0.0,0.0,0.6,0.0,0.0,0.0,0.0,0.0,0.0,0.0,0.9709505944546686,0.28066766494928874
face,lemma,2.0,0.0,0.0,3.0,0.0,0.0,0.0,0.0,0.0,0.0,0.0,5.0,0.4,0.0,0.0,0.6,0.0,0.0,0.0,0.0,0.0,0.0,0.0,0.9709505944546686,0.28066766494928874
jong-un,word,3.0,0.0,0.0,0.0,0.0,0.0,0.0,0.0,2.0,0.0,0.0,5.0,0.6,0.0,0.0,0.0,0.0,0.0,0.0,0.0,0.4,0.0,0.0,0.9709505944546686,0.28066766494928874
jong,lemma,3.0,0.0,0.0,0.0,0.0,0.0,0.0,0.0,2.0,0.0,0.0,5.0,0.6,0.0,0.0,0.0,0.0,0.0,0.0,0.0,0.4,0.0,0.0,0.9709505944546686,0.28066766494928874
climatique,lemma,3.0,0.0,0.0,2.0,0.0,0.0,0.0,0.0,0.0,0.0,0.0,5.0,0.6,0.0,0.0,0.4,0.0,0.0,0.0,0.0,0.0,0.0,0.0,0.9709505944546686,0.28066766494928874
tomber,word,0.0,0.0,0.0,2.0,0.0,3.0,0.0,0.0,0.0,0.0,0.0,5.0,0.0,0.0,0.0,0.4,0.0,0.6,0.0,0.0,0.0,0.0,0.0,0.9709505944546686,0.28066766494928874
autour,word,0.0,0.0,3.0,2.0,0.0,0.0,0.0,0.0,0.0,0.0,0.0,5.0,0.0,0.0,0.6,0.4,0.0,0.0,0.0,0.0,0.0,0.0,0.0,0.9709505944546686,0.28066766494928874
autour,lemma,0.0,0.0,3.0,2.0,0.0,0.0,0.0,0.0,0.0,0.0,0.0,5.0,0.0,0.0,0.6,0.4,0.0,0.0,0.0,0.0,0.0,0.0,0.0,0.9709505944546686,0.28066766494928874
dommage,lemma,2.0,0.0,0.0,0.0,0.0,3.0,0.0,0.0,0.0,0.0,0.0,5.0,0.4,0.0,0.0,0.0,0.0,0.6,0.0,0.0,0.0,0.0,0.0,0.9709505944546686,0.28066766494928874
kim,word,3.0,0.0,0.0,0.0,0.0,0.0,0.0,0.0,2.0,0.0,0.0,5.0,0.6,0.0,0.0,0.0,0.0,0.0,0.0,0.0,0.4,0.0,0.0,0.9709505944546686,0.28066766494928874
kim,lemma,3.0,0.0,0.0,0.0,0.0,0.0,0.0,0.0,2.0,0.0,0.0,5.0,0.6,0.0,0.0,0.0,0.0,0.0,0.0,0.0,0.4,0.0,0.0,0.9709505944546686,0.28066766494928874
pleurant,word,0.0,0.0,0.0,3.0,0.0,2.0,0.0,0.0,0.0,0.0,0.0,5.0,0.0,0.0,0.0,0.6,0.0,0.4,0.0,0.0,0.0,0.0,0.0,0.9709505944546686,0.28066766494928874
capitale,lemma,3.0,0.0,0.0,2.0,0.0,0.0,0.0,0.0,0.0,0.0,0.0,5.0,0.6,0.0,0.0,0.4,0.0,0.0,0.0,0.0,0.0,0.0,0.0,0.9709505944546686,0.28066766494928874
inondation,lemma,0.0,0.0,0.0,3.0,0.0,2.0,0.0,0.0,0.0,0.0,0.0,5.0,0.0,0.0,0.0,0.6,0.0,0.4,0.0,0.0,0.0,0.0,0.0,0.9709505944546686,0.28066766494928874
faute,word,2.0,0.0,0.0,0.0,0.0,0.0,0.0,3.0,0.0,0.0,0.0,5.0,0.4,0.0,0.0,0.0,0.0,0.0,0.0,0.6,0.0,0.0,0.0,0.9709505944546686,0.28066766494928874
choqués,word,2.0,0.0,0.0,0.0,3.0,0.0,0.0,0.0,0.0,0.0,0.0,5.0,0.4,0.0,0.0,0.0,0.6,0.0,0.0,0.0,0.0,0.0,0.0,0.9709505944546686,0.28066766494928874
oscar,word,0.0,0.0,2.0,0.0,0.0,0.0,0.0,0.0,0.0,3.0,0.0,5.0,0.0,0.0,0.4,0.0,0.0,0.0,0.0,0.0,0.0,0.6,0.0,0.9709505944546686,0.28066766494928874
lutter,word,2.0,0.0,0.0,3.0,0.0,0.0,0.0,0.0,0.0,0.0,0.0,5.0,0.4,0.0,0.0,0.6,0.0,0.0,0.0,0.0,0.0,0.0,0.0,0.9709505944546686,0.28066766494928874
négatif,lemma,0.0,0.0,0.0,0.0,0.0,3.0,0.0,0.0,2.0,0.0,0.0,5.0,0.0,0.0,0.0,0.0,0.0,0.6,0.0,0.0,0.4,0.0,0.0,0.9709505944546686,0.28066766494928874
adulte,lemma,2.0,0.0,0.0,3.0,0.0,0.0,0.0,0.0,0.0,0.0,0.0,5.0,0.4,0.0,0.0,0.6,0.0,0.0,0.0,0.0,0.0,0.0,0.0,0.9709505944546686,0.28066766494928874
terres,word,6.0,0.0,0.0,4.0,0.0,0.0,0.0,0.0,0.0,0.0,0.0,10.0,0.6,0.0,0.0,0.4,0.0,0.0,0.0,0.0,0.0,0.0,0.0,0.9709505944546686,0.28066766494928874
éléphants,word,2.0,0.0,0.0,0.0,0.0,3.0,0.0,0.0,0.0,0.0,0.0,5.0,0.4,0.0,0.0,0.0,0.0,0.6,0.0,0.0,0.0,0.0,0.0,0.9709505944546686,0.28066766494928874
tempête,lemma,0.0,0.0,0.0,3.0,0.0,2.0,0.0,0.0,0.0,0.0,0.0,5.0,0.0,0.0,0.0,0.6,0.0,0.4,0.0,0.0,0.0,0.0,0.0,0.9709505944546686,0.28066766494928874
éléphant,lemma,2.0,0.0,0.0,0.0,0.0,3.0,0.0,0.0,0.0,0.0,0.0,5.0,0.4,0.0,0.0,0.0,0.0,0.6,0.0,0.0,0.0,0.0,0.0,0.9709505944546686,0.28066766494928874
traité,word,3.0,0.0,0.0,0.0,0.0,0.0,0.0,0.0,5.0,0.0,0.0,8.0,0.375,0.0,0.0,0.0,0.0,0.0,0.0,0.0,0.625,0.0,0.0,0.954434002924965,0.2758932992873915
homosexualité,lemma,0.0,0.0,0.0,0.0,0.0,3.0,0.0,0.0,5.0,0.0,0.0,8.0,0.0,0.0,0.0,0.0,0.0,0.375,0.0,0.0,0.625,0.0,0.0,0.954434002924965,0.2758932992873915
homosexualité,word,0.0,0.0,0.0,0.0,0.0,3.0,0.0,0.0,5.0,0.0,0.0,8.0,0.0,0.0,0.0,0.0,0.0,0.375,0.0,0.0,0.625,0.0,0.0,0.954434002924965,0.2758932992873915
malheur,word,0.0,0.0,0.0,6.0,0.0,10.0,0.0,0.0,0.0,0.0,0.0,16.0,0.0,0.0,0.0,0.375,0.0,0.625,0.0,0.0,0.0,0.0,0.0,0.954434002924965,0.2758932992873915
malheur,lemma,0.0,0.0,0.0,6.0,0.0,10.0,0.0,0.0,0.0,0.0,0.0,16.0,0.0,0.0,0.0,0.375,0.0,0.625,0.0,0.0,0.0,0.0,0.0,0.954434002924965,0.2758932992873915
citoyen,lemma,5.0,0.0,0.0,3.0,0.0,0.0,0.0,0.0,0.0,0.0,0.0,8.0,0.625,0.0,0.0,0.375,0.0,0.0,0.0,0.0,0.0,0.0,0.0,0.954434002924965,0.2758932992873915
politique,lemma,25.0,0.0,0.0,5.0,0.0,2.0,0.0,0.0,0.0,0.0,0.0,32.0,0.78125,0.0,0.0,0.15625,0.0,0.0625,0.0,0.0,0.0,0.0,0.0,0.946686086912346,0.2736536492908782
respecter,lemma,11.0,1.0,0.0,0.0,0.0,0.0,2.0,0.0,0.0,0.0,0.0,14.0,0.7857142857142857,0.07142857142857142,0.0,0.0,0.0,0.0,0.14285714285714285,0.0,0.0,0.0,0.0,0.9463729359854419,0.27356312837258134
hausse,word,8.0,0.0,0.0,1.0,0.0,1.0,0.0,0.0,0.0,0.0,0.0,10.0,0.8,0.0,0.0,0.1,0.0,0.1,0.0,0.0,0.0,0.0,0.0,0.9219280948873623,0.2664969846261966
hausse,lemma,8.0,0.0,0.0,1.0,0.0,1.0,0.0,0.0,0.0,0.0,0.0,10.0,0.8,0.0,0.0,0.1,0.0,0.1,0.0,0.0,0.0,0.0,0.0,0.9219280948873623,0.2664969846261966
travailler,word,16.0,0.0,0.0,2.0,0.0,2.0,0.0,0.0,0.0,0.0,0.0,20.0,0.8,0.0,0.0,0.1,0.0,0.1,0.0,0.0,0.0,0.0,0.0,0.9219280948873623,0.2664969846261966
ouragan,lemma,0.0,0.0,0.0,1.0,2.0,0.0,0.0,0.0,0.0,0.0,0.0,3.0,0.0,0.0,0.0,0.3333333333333333,0.6666666666666666,0.0,0.0,0.0,0.0,0.0,0.0,0.9182958340544896,0.265447025779401
parfait,lemma,0.0,0.0,0.0,0.0,0.0,0.0,2.0,0.0,0.0,1.0,0.0,3.0,0.0,0.0,0.0,0.0,0.0,0.0,0.6666666666666666,0.0,0.0,0.3333333333333333,0.0,0.9182958340544896,0.265447025779401
chine,lemma,4.0,0.0,0.0,8.0,0.0,0.0,0.0,0.0,0.0,0.0,0.0,12.0,0.3333333333333333,0.0,0.0,0.6666666666666666,0.0,0.0,0.0,0.0,0.0,0.0,0.0,0.9182958340544896,0.265447025779401
chienne,word,1.0,2.0,0.0,0.0,0.0,0.0,0.0,0.0,0.0,0.0,0.0,3.0,0.3333333333333333,0.6666666666666666,0.0,0.0,0.0,0.0,0.0,0.0,0.0,0.0,0.0,0.9182958340544896,0.265447025779401
chienne,lemma,1.0,2.0,0.0,0.0,0.0,0.0,0.0,0.0,0.0,0.0,0.0,3.0,0.3333333333333333,0.6666666666666666,0.0,0.0,0.0,0.0,0.0,0.0,0.0,0.0,0.0,0.9182958340544896,0.265447025779401
choquée,word,0.0,0.0,0.0,1.0,2.0,0.0,0.0,0.0,0.0,0.0,0.0,3.0,0.0,0.0,0.0,0.3333333333333333,0.6666666666666666,0.0,0.0,0.0,0.0,0.0,0.0,0.9182958340544896,0.265447025779401
choisissent,word,1.0,0.0,0.0,0.0,0.0,2.0,0.0,0.0,0.0,0.0,0.0,3.0,0.3333333333333333,0.0,0.0,0.0,0.0,0.6666666666666666,0.0,0.0,0.0,0.0,0.0,0.9182958340544896,0.265447025779401
chine,word,4.0,0.0,0.0,8.0,0.0,0.0,0.0,0.0,0.0,0.0,0.0,12.0,0.3333333333333333,0.0,0.0,0.6666666666666666,0.0,0.0,0.0,0.0,0.0,0.0,0.0,0.9182958340544896,0.265447025779401
revoir,lemma,0.0,0.0,1.0,0.0,0.0,0.0,0.0,0.0,2.0,0.0,0.0,3.0,0.0,0.0,0.3333333333333333,0.0,0.0,0.0,0.0,0.0,0.6666666666666666,0.0,0.0,0.9182958340544896,0.265447025779401
j'allais,word,0.0,0.0,0.0,1.0,0.0,2.0,0.0,0.0,0.0,0.0,0.0,3.0,0.0,0.0,0.0,0.3333333333333333,0.0,0.6666666666666666,0.0,0.0,0.0,0.0,0.0,0.9182958340544896,0.265447025779401
isoler,lemma,0.0,0.0,0.0,2.0,0.0,1.0,0.0,0.0,0.0,0.0,0.0,3.0,0.0,0.0,0.0,0.6666666666666666,0.0,0.3333333333333333,0.0,0.0,0.0,0.0,0.0,0.9182958340544896,0.265447025779401
renvoyer,word,1.0,0.0,0.0,2.0,0.0,0.0,0.0,0.0,0.0,0.0,0.0,3.0,0.3333333333333333,0.0,0.0,0.6666666666666666,0.0,0.0,0.0,0.0,0.0,0.0,0.0,0.9182958340544896,0.265447025779401
renoncer,lemma,2.0,0.0,0.0,0.0,0.0,1.0,0.0,0.0,0.0,0.0,0.0,3.0,0.6666666666666666,0.0,0.0,0.0,0.0,0.3333333333333333,0.0,0.0,0.0,0.0,0.0,0.9182958340544896,0.265447025779401
rendait,word,0.0,0.0,0.0,0.0,0.0,2.0,1.0,0.0,0.0,0.0,0.0,3.0,0.0,0.0,0.0,0.0,0.0,0.6666666666666666,0.3333333333333333,0.0,0.0,0.0,0.0,0.9182958340544896,0.265447025779401
remportée,word,0.0,0.0,2.0,0.0,0.0,0.0,0.0,0.0,0.0,1.0,0.0,3.0,0.0,0.0,0.6666666666666666,0.0,0.0,0.0,0.0,0.0,0.0,0.3333333333333333,0.0,0.9182958340544896,0.265447025779401
ressembler,lemma,2.0,0.0,0.0,0.0,1.0,0.0,0.0,0.0,0.0,0.0,0.0,3.0,0.6666666666666666,0.0,0.0,0.0,0.3333333333333333,0.0,0.0,0.0,0.0,0.0,0.0,0.9182958340544896,0.265447025779401
entrez,word,0.0,0.0,2.0,0.0,0.0,0.0,0.0,0.0,0.0,1.0,0.0,3.0,0.0,0.0,0.6666666666666666,0.0,0.0,0.0,0.0,0.0,0.0,0.3333333333333333,0.0,0.9182958340544896,0.265447025779401
jalousie,lemma,1.0,0.0,0.0,0.0,0.0,0.0,0.0,0.0,0.0,0.0,2.0,3.0,0.3333333333333333,0.0,0.0,0.0,0.0,0.0,0.0,0.0,0.0,0.0,0.6666666666666666,0.9182958340544896,0.265447025779401
ensuite,word,1.0,0.0,0.0,2.0,0.0,0.0,0.0,0.0,0.0,0.0,0.0,3.0,0.3333333333333333,0.0,0.0,0.6666666666666666,0.0,0.0,0.0,0.0,0.0,0.0,0.0,0.9182958340544896,0.265447025779401
ensuite,lemma,1.0,0.0,0.0,2.0,0.0,0.0,0.0,0.0,0.0,0.0,0.0,3.0,0.3333333333333333,0.0,0.0,0.6666666666666666,0.0,0.0,0.0,0.0,0.0,0.0,0.0,0.9182958340544896,0.265447025779401
pute,word,10.0,5.0,0.0,0.0,0.0,0.0,0.0,0.0,0.0,0.0,0.0,15.0,0.6666666666666666,0.3333333333333333,0.0,0.0,0.0,0.0,0.0,0.0,0.0,0.0,0.0,0.9182958340544896,0.265447025779401
pute,lemma,10.0,5.0,0.0,0.0,0.0,0.0,0.0,0.0,0.0,0.0,0.0,15.0,0.6666666666666666,0.3333333333333333,0.0,0.0,0.0,0.0,0.0,0.0,0.0,0.0,0.0,0.9182958340544896,0.265447025779401
pure,word,2.0,1.0,0.0,0.0,0.0,0.0,0.0,0.0,0.0,0.0,0.0,3.0,0.6666666666666666,0.3333333333333333,0.0,0.0,0.0,0.0,0.0,0.0,0.0,0.0,0.0,0.9182958340544896,0.265447025779401
pur,lemma,2.0,1.0,0.0,0.0,0.0,0.0,0.0,0.0,0.0,0.0,0.0,3.0,0.6666666666666666,0.3333333333333333,0.0,0.0,0.0,0.0,0.0,0.0,0.0,0.0,0.0,0.9182958340544896,0.265447025779401
commettre,word,2.0,0.0,0.0,0.0,0.0,1.0,0.0,0.0,0.0,0.0,0.0,3.0,0.6666666666666666,0.0,0.0,0.0,0.0,0.3333333333333333,0.0,0.0,0.0,0.0,0.0,0.9182958340544896,0.265447025779401
composé,word,0.0,0.0,2.0,0.0,0.0,0.0,0.0,0.0,0.0,1.0,0.0,3.0,0.0,0.0,0.6666666666666666,0.0,0.0,0.0,0.0,0.0,0.0,0.3333333333333333,0.0,0.9182958340544896,0.265447025779401
quotidien,word,2.0,0.0,1.0,0.0,0.0,0.0,0.0,0.0,0.0,0.0,0.0,3.0,0.6666666666666666,0.0,0.3333333333333333,0.0,0.0,0.0,0.0,0.0,0.0,0.0,0.0,0.9182958340544896,0.265447025779401
rate,word,0.0,0.0,0.0,0.0,0.0,2.0,0.0,0.0,1.0,0.0,0.0,3.0,0.0,0.0,0.0,0.0,0.0,0.6666666666666666,0.0,0.0,0.3333333333333333,0.0,0.0,0.9182958340544896,0.265447025779401
pareil,lemma,2.0,0.0,0.0,0.0,0.0,1.0,0.0,0.0,0.0,0.0,0.0,3.0,0.6666666666666666,0.0,0.0,0.0,0.0,0.3333333333333333,0.0,0.0,0.0,0.0,0.0,0.9182958340544896,0.265447025779401
donnent,word,0.0,0.0,2.0,0.0,0.0,0.0,0.0,0.0,0.0,1.0,0.0,3.0,0.0,0.0,0.6666666666666666,0.0,0.0,0.0,0.0,0.0,0.0,0.3333333333333333,0.0,0.9182958340544896,0.265447025779401
paniquer,lemma,0.0,0.0,0.0,2.0,1.0,0.0,0.0,0.0,0.0,0.0,0.0,3.0,0.0,0.0,0.0,0.6666666666666666,0.3333333333333333,0.0,0.0,0.0,0.0,0.0,0.0,0.9182958340544896,0.265447025779401
dirigeant,word,2.0,0.0,0.0,0.0,0.0,0.0,1.0,0.0,0.0,0.0,0.0,3.0,0.6666666666666666,0.0,0.0,0.0,0.0,0.0,0.3333333333333333,0.0,0.0,0.0,0.0,0.9182958340544896,0.265447025779401
contenir,lemma,0.0,0.0,0.0,1.0,2.0,0.0,0.0,0.0,0.0,0.0,0.0,3.0,0.0,0.0,0.0,0.3333333333333333,0.6666666666666666,0.0,0.0,0.0,0.0,0.0,0.0,0.9182958340544896,0.265447025779401
contaminer,lemma,1.0,0.0,0.0,2.0,0.0,0.0,0.0,0.0,0.0,0.0,0.0,3.0,0.3333333333333333,0.0,0.0,0.6666666666666666,0.0,0.0,0.0,0.0,0.0,0.0,0.0,0.9182958340544896,0.265447025779401
considérablemer,lemma,0.0,0.0,2.0,0.0,0.0,0.0,0.0,0.0,0.0,1.0,0.0,3.0,0.0,0.0,0.6666666666666666,0.0,0.0,0.0,0.0,0.0,0.0,0.3333333333333333,0.0,0.9182958340544896,0.265447025779401
contrôler,lemma,2.0,0.0,0.0,0.0,0.0,0.0,1.0,0.0,0.0,0.0,0.0,3.0,0.6666666666666666,0.0,0.0,0.0,0.0,0.0,0.3333333333333333,0.0,0.0,0.0,0.0,0.9182958340544896,0.265447025779401
considérablement,word,0.0,0.0,2.0,0.0,0.0,0.0,0.0,0.0,0.0,1.0,0.0,3.0,0.0,0.0,0.6666666666666666,0.0,0.0,0.0,0.0,0.0,0.0,0.3333333333333333,0.0,0.9182958340544896,0.265447025779401
jouet,lemma,0.0,0.0,2.0,0.0,0.0,1.0,0.0,0.0,0.0,0.0,0.0,3.0,0.0,0.0,0.6666666666666666,0.0,0.0,0.3333333333333333,0.0,0.0,0.0,0.0,0.0,0.9182958340544896,0.265447025779401
joue,word,0.0,0.0,0.0,0.0,2.0,0.0,0.0,0.0,0.0,0.0,1.0,3.0,0.0,0.0,0.0,0.0,0.6666666666666666,0.0,0.0,0.0,0.0,0.0,0.3333333333333333,0.9182958340544896,0.265447025779401
cinéma,word,0.0,0.0,1.0,0.0,2.0,0.0,0.0,0.0,0.0,0.0,0.0,3.0,0.0,0.0,0.3333333333333333,0.0,0.6666666666666666,0.0,0.0,0.0,0.0,0.0,0.0,0.9182958340544896,0.265447025779401
domaine,word,2.0,0.0,1.0,0.0,0.0,0.0,0.0,0.0,0.0,0.0,0.0,3.0,0.6666666666666666,0.0,0.3333333333333333,0.0,0.0,0.0,0.0,0.0,0.0,0.0,0.0,0.9182958340544896,0.265447025779401
domaine,lemma,2.0,0.0,1.0,0.0,0.0,0.0,0.0,0.0,0.0,0.0,0.0,3.0,0.6666666666666666,0.0,0.3333333333333333,0.0,0.0,0.0,0.0,0.0,0.0,0.0,0.0,0.9182958340544896,0.265447025779401
paniqué,word,0.0,0.0,0.0,2.0,1.0,0.0,0.0,0.0,0.0,0.0,0.0,3.0,0.0,0.0,0.0,0.6666666666666666,0.3333333333333333,0.0,0.0,0.0,0.0,0.0,0.0,0.9182958340544896,0.265447025779401
camp,lemma,0.0,0.0,0.0,2.0,0.0,1.0,0.0,0.0,0.0,0.0,0.0,3.0,0.0,0.0,0.0,0.6666666666666666,0.0,0.3333333333333333,0.0,0.0,0.0,0.0,0.0,0.9182958340544896,0.265447025779401
réservoir,lemma,0.0,0.0,0.0,2.0,1.0,0.0,0.0,0.0,0.0,0.0,0.0,3.0,0.0,0.0,0.0,0.6666666666666666,0.3333333333333333,0.0,0.0,0.0,0.0,0.0,0.0,0.9182958340544896,0.265447025779401
réseaux,word,2.0,0.0,0.0,1.0,0.0,0.0,0.0,0.0,0.0,0.0,0.0,3.0,0.6666666666666666,0.0,0.0,0.3333333333333333,0.0,0.0,0.0,0.0,0.0,0.0,0.0,0.9182958340544896,0.265447025779401
opposé,word,2.0,0.0,0.0,1.0,0.0,0.0,0.0,0.0,0.0,0.0,0.0,3.0,0.6666666666666666,0.0,0.0,0.3333333333333333,0.0,0.0,0.0,0.0,0.0,0.0,0.0,0.9182958340544896,0.265447025779401
onze,word,0.0,0.0,0.0,0.0,1.0,2.0,0.0,0.0,0.0,0.0,0.0,3.0,0.0,0.0,0.0,0.0,0.3333333333333333,0.6666666666666666,0.0,0.0,0.0,0.0,0.0,0.9182958340544896,0.265447025779401
rouge,lemma,1.0,0.0,0.0,2.0,0.0,0.0,0.0,0.0,0.0,0.0,0.0,3.0,0.3333333333333333,0.0,0.0,0.6666666666666666,0.0,0.0,0.0,0.0,0.0,0.0,0.0,0.9182958340544896,0.265447025779401
russie,word,2.0,0.0,1.0,0.0,0.0,0.0,0.0,0.0,0.0,0.0,0.0,3.0,0.6666666666666666,0.0,0.3333333333333333,0.0,0.0,0.0,0.0,0.0,0.0,0.0,0.0,0.9182958340544896,0.265447025779401
russie,lemma,2.0,0.0,1.0,0.0,0.0,0.0,0.0,0.0,0.0,0.0,0.0,3.0,0.6666666666666666,0.0,0.3333333333333333,0.0,0.0,0.0,0.0,0.0,0.0,0.0,0.0,0.9182958340544896,0.265447025779401
royal,lemma,2.0,0.0,1.0,0.0,0.0,0.0,0.0,0.0,0.0,0.0,0.0,3.0,0.6666666666666666,0.0,0.3333333333333333,0.0,0.0,0.0,0.0,0.0,0.0,0.0,0.0,0.9182958340544896,0.265447025779401
rouges,word,1.0,0.0,0.0,2.0,0.0,0.0,0.0,0.0,0.0,0.0,0.0,3.0,0.3333333333333333,0.0,0.0,0.6666666666666666,0.0,0.0,0.0,0.0,0.0,0.0,0.0,0.9182958340544896,0.265447025779401
réagir,word,2.0,0.0,0.0,0.0,1.0,0.0,0.0,0.0,0.0,0.0,0.0,3.0,0.6666666666666666,0.0,0.0,0.0,0.3333333333333333,0.0,0.0,0.0,0.0,0.0,0.0,0.9182958340544896,0.265447025779401
chrétiens,word,1.0,0.0,0.0,2.0,0.0,0.0,0.0,0.0,0.0,0.0,0.0,3.0,0.3333333333333333,0.0,0.0,0.6666666666666666,0.0,0.0,0.0,0.0,0.0,0.0,0.0,0.9182958340544896,0.265447025779401
clinton,lemma,2.0,0.0,0.0,0.0,1.0,0.0,0.0,0.0,0.0,0.0,0.0,3.0,0.6666666666666666,0.0,0.0,0.0,0.3333333333333333,0.0,0.0,0.0,0.0,0.0,0.0,0.9182958340544896,0.265447025779401
inondations,word,0.0,0.0,0.0,4.0,0.0,2.0,0.0,0.0,0.0,0.0,0.0,6.0,0.0,0.0,0.0,0.6666666666666666,0.0,0.3333333333333333,0.0,0.0,0.0,0.0,0.0,0.9182958340544896,0.265447025779401
fière,lemma,0.0,0.0,1.0,0.0,0.0,0.0,0.0,0.0,0.0,2.0,0.0,3.0,0.0,0.0,0.3333333333333333,0.0,0.0,0.0,0.0,0.0,0.0,0.6666666666666666,0.0,0.9182958340544896,0.265447025779401
nuage,lemma,0.0,0.0,2.0,0.0,0.0,0.0,0.0,0.0,0.0,1.0,0.0,3.0,0.0,0.0,0.6666666666666666,0.0,0.0,0.0,0.0,0.0,0.0,0.3333333333333333,0.0,0.9182958340544896,0.265447025779401
onze,lemma,0.0,0.0,0.0,0.0,1.0,2.0,0.0,0.0,0.0,0.0,0.0,3.0,0.0,0.0,0.0,0.0,0.3333333333333333,0.6666666666666666,0.0,0.0,0.0,0.0,0.0,0.9182958340544896,0.265447025779401
ordre,lemma,2.0,0.0,0.0,1.0,0.0,0.0,0.0,0.0,0.0,0.0,0.0,3.0,0.6666666666666666,0.0,0.0,0.3333333333333333,0.0,0.0,0.0,0.0,0.0,0.0,0.0,0.9182958340544896,0.265447025779401
opération,lemma,1.0,0.0,0.0,2.0,0.0,0.0,0.0,0.0,0.0,0.0,0.0,3.0,0.3333333333333333,0.0,0.0,0.6666666666666666,0.0,0.0,0.0,0.0,0.0,0.0,0.0,0.9182958340544896,0.265447025779401
sexuellement,lemma,1.0,0.0,0.0,0.0,0.0,2.0,0.0,0.0,0.0,0.0,0.0,3.0,0.3333333333333333,0.0,0.0,0.0,0.0,0.6666666666666666,0.0,0.0,0.0,0.0,0.0,0.9182958340544896,0.265447025779401
seras,word,1.0,0.0,2.0,0.0,0.0,0.0,0.0,0.0,0.0,0.0,0.0,3.0,0.3333333333333333,0.0,0.6666666666666666,0.0,0.0,0.0,0.0,0.0,0.0,0.0,0.0,0.9182958340544896,0.265447025779401
sentent,word,2.0,0.0,4.0,0.0,0.0,0.0,0.0,0.0,0.0,0.0,0.0,6.0,0.3333333333333333,0.0,0.6666666666666666,0.0,0.0,0.0,0.0,0.0,0.0,0.0,0.0,0.9182958340544896,0.265447025779401
soirée,lemma,1.0,0.0,2.0,0.0,0.0,0.0,0.0,0.0,0.0,0.0,0.0,3.0,0.3333333333333333,0.0,0.6666666666666666,0.0,0.0,0.0,0.0,0.0,0.0,0.0,0.0,0.9182958340544896,0.265447025779401
soigner,lemma,0.0,0.0,0.0,2.0,0.0,1.0,0.0,0.0,0.0,0.0,0.0,3.0,0.0,0.0,0.0,0.6666666666666666,0.0,0.3333333333333333,0.0,0.0,0.0,0.0,0.0,0.9182958340544896,0.265447025779401
six,word,0.0,0.0,0.0,1.0,0.0,2.0,0.0,0.0,0.0,0.0,0.0,3.0,0.0,0.0,0.0,0.3333333333333333,0.0,0.6666666666666666,0.0,0.0,0.0,0.0,0.0,0.9182958340544896,0.265447025779401
chrétien,lemma,1.0,0.0,0.0,2.0,0.0,0.0,0.0,0.0,0.0,0.0,0.0,3.0,0.3333333333333333,0.0,0.0,0.6666666666666666,0.0,0.0,0.0,0.0,0.0,0.0,0.0,0.9182958340544896,0.265447025779401
clinton,word,2.0,0.0,0.0,0.0,1.0,0.0,0.0,0.0,0.0,0.0,0.0,3.0,0.6666666666666666,0.0,0.0,0.0,0.3333333333333333,0.0,0.0,0.0,0.0,0.0,0.0,0.9182958340544896,0.265447025779401
ordre,word,2.0,0.0,0.0,1.0,0.0,0.0,0.0,0.0,0.0,0.0,0.0,3.0,0.6666666666666666,0.0,0.0,0.3333333333333333,0.0,0.0,0.0,0.0,0.0,0.0,0.0,0.9182958340544896,0.265447025779401
climatique,word,1.0,0.0,0.0,2.0,0.0,0.0,0.0,0.0,0.0,0.0,0.0,3.0,0.3333333333333333,0.0,0.0,0.6666666666666666,0.0,0.0,0.0,0.0,0.0,0.0,0.0,0.9182958340544896,0.265447025779401
iran,word,2.0,0.0,0.0,1.0,0.0,0.0,0.0,0.0,0.0,0.0,0.0,3.0,0.6666666666666666,0.0,0.0,0.3333333333333333,0.0,0.0,0.0,0.0,0.0,0.0,0.0,0.9182958340544896,0.265447025779401
jalousies,word,1.0,0.0,0.0,0.0,0.0,0.0,0.0,0.0,0.0,0.0,2.0,3.0,0.3333333333333333,0.0,0.0,0.0,0.0,0.0,0.0,0.0,0.0,0.0,0.6666666666666666,0.9182958340544896,0.265447025779401
enrager,lemma,2.0,0.0,0.0,0.0,0.0,0.0,0.0,0.0,1.0,0.0,0.0,3.0,0.6666666666666666,0.0,0.0,0.0,0.0,0.0,0.0,0.0,0.3333333333333333,0.0,0.0,0.9182958340544896,0.265447025779401
engager,lemma,2.0,0.0,0.0,4.0,0.0,0.0,0.0,0.0,0.0,0.0,0.0,6.0,0.3333333333333333,0.0,0.0,0.6666666666666666,0.0,0.0,0.0,0.0,0.0,0.0,0.0,0.9182958340544896,0.265447025779401
enfermer,word,1.0,0.0,0.0,0.0,0.0,2.0,0.0,0.0,0.0,0.0,0.0,3.0,0.3333333333333333,0.0,0.0,0.0,0.0,0.6666666666666666,0.0,0.0,0.0,0.0,0.0,0.9182958340544896,0.265447025779401
enfer,lemma,2.0,0.0,0.0,0.0,0.0,0.0,0.0,0.0,0.0,1.0,0.0,3.0,0.6666666666666666,0.0,0.0,0.0,0.0,0.0,0.0,0.0,0.0,0.3333333333333333,0.0,0.9182958340544896,0.265447025779401
loup,word,2.0,0.0,0.0,4.0,0.0,0.0,0.0,0.0,0.0,0.0,0.0,6.0,0.3333333333333333,0.0,0.0,0.6666666666666666,0.0,0.0,0.0,0.0,0.0,0.0,0.0,0.9182958340544896,0.265447025779401
osent,word,0.0,0.0,0.0,1.0,0.0,0.0,0.0,0.0,2.0,0.0,0.0,3.0,0.0,0.0,0.0,0.3333333333333333,0.0,0.0,0.0,0.0,0.6666666666666666,0.0,0.0,0.9182958340544896,0.265447025779401
ose,lemma,0.0,0.0,0.0,1.0,0.0,0.0,0.0,0.0,2.0,0.0,0.0,3.0,0.0,0.0,0.0,0.3333333333333333,0.0,0.0,0.0,0.0,0.6666666666666666,0.0,0.0,0.9182958340544896,0.265447025779401
candidat,lemma,1.0,0.0,0.0,0.0,2.0,0.0,0.0,0.0,0.0,0.0,0.0,3.0,0.3333333333333333,0.0,0.0,0.0,0.6666666666666666,0.0,0.0,0.0,0.0,0.0,0.0,0.9182958340544896,0.265447025779401
immeuble,lemma,0.0,0.0,0.0,2.0,0.0,1.0,0.0,0.0,0.0,0.0,0.0,3.0,0.0,0.0,0.0,0.6666666666666666,0.0,0.3333333333333333,0.0,0.0,0.0,0.0,0.0,0.9182958340544896,0.265447025779401
causer,lemma,2.0,0.0,0.0,0.0,0.0,1.0,0.0,0.0,0.0,0.0,0.0,3.0,0.6666666666666666,0.0,0.0,0.0,0.0,0.3333333333333333,0.0,0.0,0.0,0.0,0.0,0.9182958340544896,0.265447025779401
naturelles,word,1.0,0.0,0.0,2.0,0.0,0.0,0.0,0.0,0.0,0.0,0.0,3.0,0.3333333333333333,0.0,0.0,0.6666666666666666,0.0,0.0,0.0,0.0,0.0,0.0,0.0,0.9182958340544896,0.265447025779401
naturel,lemma,1.0,0.0,0.0,2.0,0.0,0.0,0.0,0.0,0.0,0.0,0.0,3.0,0.3333333333333333,0.0,0.0,0.6666666666666666,0.0,0.0,0.0,0.0,0.0,0.0,0.0,0.9182958340544896,0.265447025779401
mésaventure,word,0.0,0.0,0.0,1.0,2.0,0.0,0.0,0.0,0.0,0.0,0.0,3.0,0.0,0.0,0.0,0.3333333333333333,0.6666666666666666,0.0,0.0,0.0,0.0,0.0,0.0,0.9182958340544896,0.265447025779401
mésaventure,lemma,0.0,0.0,0.0,1.0,2.0,0.0,0.0,0.0,0.0,0.0,0.0,3.0,0.0,0.0,0.0,0.3333333333333333,0.6666666666666666,0.0,0.0,0.0,0.0,0.0,0.0,0.9182958340544896,0.265447025779401
nombre,word,0.0,0.0,0.0,2.0,0.0,1.0,0.0,0.0,0.0,0.0,0.0,3.0,0.0,0.0,0.0,0.6666666666666666,0.0,0.3333333333333333,0.0,0.0,0.0,0.0,0.0,0.9182958340544896,0.265447025779401
nombre,lemma,0.0,0.0,0.0,2.0,0.0,1.0,0.0,0.0,0.0,0.0,0.0,3.0,0.0,0.0,0.0,0.6666666666666666,0.0,0.3333333333333333,0.0,0.0,0.0,0.0,0.0,0.9182958340544896,0.265447025779401
réagir,lemma,2.0,0.0,0.0,0.0,1.0,0.0,0.0,0.0,0.0,0.0,0.0,3.0,0.6666666666666666,0.0,0.0,0.0,0.3333333333333333,0.0,0.0,0.0,0.0,0.0,0.0,0.9182958340544896,0.265447025779401
râle,lemma,2.0,0.0,0.0,0.0,0.0,1.0,0.0,0.0,0.0,0.0,0.0,3.0,0.6666666666666666,0.0,0.0,0.0,0.0,0.3333333333333333,0.0,0.0,0.0,0.0,0.0,0.9182958340544896,0.265447025779401
répression,word,0.0,0.0,0.0,2.0,0.0,1.0,0.0,0.0,0.0,0.0,0.0,3.0,0.0,0.0,0.0,0.6666666666666666,0.0,0.3333333333333333,0.0,0.0,0.0,0.0,0.0,0.9182958340544896,0.265447025779401
répression,lemma,0.0,0.0,0.0,2.0,0.0,1.0,0.0,0.0,0.0,0.0,0.0,3.0,0.0,0.0,0.0,0.6666666666666666,0.0,0.3333333333333333,0.0,0.0,0.0,0.0,0.0,0.9182958340544896,0.265447025779401
loups,word,2.0,0.0,0.0,1.0,0.0,0.0,0.0,0.0,0.0,0.0,0.0,3.0,0.6666666666666666,0.0,0.0,0.3333333333333333,0.0,0.0,0.0,0.0,0.0,0.0,0.0,0.9182958340544896,0.265447025779401
meurtre,lemma,2.0,0.0,0.0,1.0,0.0,0.0,0.0,0.0,0.0,0.0,0.0,3.0,0.6666666666666666,0.0,0.0,0.3333333333333333,0.0,0.0,0.0,0.0,0.0,0.0,0.0,0.9182958340544896,0.265447025779401
turquie,word,2.0,0.0,0.0,1.0,0.0,0.0,0.0,0.0,0.0,0.0,0.0,3.0,0.6666666666666666,0.0,0.0,0.3333333333333333,0.0,0.0,0.0,0.0,0.0,0.0,0.0,0.9182958340544896,0.265447025779401
turquie,lemma,2.0,0.0,0.0,1.0,0.0,0.0,0.0,0.0,0.0,0.0,0.0,3.0,0.6666666666666666,0.0,0.0,0.3333333333333333,0.0,0.0,0.0,0.0,0.0,0.0,0.0,0.9182958340544896,0.265447025779401
trône,word,0.0,0.0,0.0,2.0,1.0,0.0,0.0,0.0,0.0,0.0,0.0,3.0,0.0,0.0,0.0,0.6666666666666666,0.3333333333333333,0.0,0.0,0.0,0.0,0.0,0.0,0.9182958340544896,0.265447025779401
trône,lemma,0.0,0.0,0.0,2.0,1.0,0.0,0.0,0.0,0.0,0.0,0.0,3.0,0.0,0.0,0.0,0.6666666666666666,0.3333333333333333,0.0,0.0,0.0,0.0,0.0,0.0,0.9182958340544896,0.265447025779401
trouve,word,0.0,0.0,1.0,0.0,2.0,0.0,0.0,0.0,0.0,0.0,0.0,3.0,0.0,0.0,0.3333333333333333,0.0,0.6666666666666666,0.0,0.0,0.0,0.0,0.0,0.0,0.9182958340544896,0.265447025779401
ému,lemma,0.0,0.0,2.0,0.0,0.0,0.0,0.0,0.0,1.0,0.0,0.0,3.0,0.0,0.0,0.6666666666666666,0.0,0.0,0.0,0.0,0.0,0.3333333333333333,0.0,0.0,0.9182958340544896,0.265447025779401
physique,word,2.0,0.0,0.0,1.0,0.0,0.0,0.0,0.0,0.0,0.0,0.0,3.0,0.6666666666666666,0.0,0.0,0.3333333333333333,0.0,0.0,0.0,0.0,0.0,0.0,0.0,0.9182958340544896,0.265447025779401
physique,lemma,2.0,0.0,0.0,1.0,0.0,0.0,0.0,0.0,0.0,0.0,0.0,3.0,0.6666666666666666,0.0,0.0,0.3333333333333333,0.0,0.0,0.0,0.0,0.0,0.0,0.0,0.9182958340544896,0.265447025779401
peuple,word,4.0,0.0,0.0,2.0,0.0,0.0,0.0,0.0,0.0,0.0,0.0,6.0,0.6666666666666666,0.0,0.0,0.3333333333333333,0.0,0.0,0.0,0.0,0.0,0.0,0.0,0.9182958340544896,0.265447025779401
persécutée,word,0.0,0.0,0.0,2.0,0.0,1.0,0.0,0.0,0.0,0.0,0.0,3.0,0.0,0.0,0.0,0.6666666666666666,0.0,0.3333333333333333,0.0,0.0,0.0,0.0,0.0,0.9182958340544896,0.265447025779401
logement,word,1.0,0.0,0.0,0.0,0.0,2.0,0.0,0.0,0.0,0.0,0.0,3.0,0.3333333333333333,0.0,0.0,0.0,0.0,0.6666666666666666,0.0,0.0,0.0,0.0,0.0,0.9182958340544896,0.265447025779401
perdrait,word,0.0,0.0,0.0,1.0,0.0,2.0,0.0,0.0,0.0,0.0,0.0,3.0,0.0,0.0,0.0,0.3333333333333333,0.0,0.6666666666666666,0.0,0.0,0.0,0.0,0.0,0.9182958340544896,0.265447025779401
pensent,word,2.0,0.0,0.0,0.0,0.0,1.0,0.0,0.0,0.0,0.0,0.0,3.0,0.6666666666666666,0.0,0.0,0.0,0.0,0.3333333333333333,0.0,0.0,0.0,0.0,0.0,0.9182958340544896,0.265447025779401
zones,word,1.0,0.0,0.0,2.0,0.0,0.0,0.0,0.0,0.0,0.0,0.0,3.0,0.3333333333333333,0.0,0.0,0.6666666666666666,0.0,0.0,0.0,0.0,0.0,0.0,0.0,0.9182958340544896,0.265447025779401
zone,word,2.0,0.0,0.0,1.0,0.0,0.0,0.0,0.0,0.0,0.0,0.0,3.0,0.6666666666666666,0.0,0.0,0.3333333333333333,0.0,0.0,0.0,0.0,0.0,0.0,0.0,0.9182958340544896,0.265447025779401
vérité,word,2.0,0.0,0.0,0.0,0.0,1.0,0.0,0.0,0.0,0.0,0.0,3.0,0.6666666666666666,0.0,0.0,0.0,0.0,0.3333333333333333,0.0,0.0,0.0,0.0,0.0,0.9182958340544896,0.265447025779401
électrique,word,1.0,0.0,0.0,2.0,0.0,0.0,0.0,0.0,0.0,0.0,0.0,3.0,0.3333333333333333,0.0,0.0,0.6666666666666666,0.0,0.0,0.0,0.0,0.0,0.0,0.0,0.9182958340544896,0.265447025779401
électrique,lemma,1.0,0.0,0.0,2.0,0.0,0.0,0.0,0.0,0.0,0.0,0.0,3.0,0.3333333333333333,0.0,0.0,0.6666666666666666,0.0,0.0,0.0,0.0,0.0,0.0,0.0,0.9182958340544896,0.265447025779401
égard,word,2.0,0.0,0.0,1.0,0.0,0.0,0.0,0.0,0.0,0.0,0.0,3.0,0.6666666666666666,0.0,0.0,0.3333333333333333,0.0,0.0,0.0,0.0,0.0,0.0,0.0,0.9182958340544896,0.265447025779401
égard,lemma,2.0,0.0,0.0,1.0,0.0,0.0,0.0,0.0,0.0,0.0,0.0,3.0,0.6666666666666666,0.0,0.0,0.3333333333333333,0.0,0.0,0.0,0.0,0.0,0.0,0.0,0.9182958340544896,0.265447025779401
piano,word,0.0,0.0,1.0,0.0,0.0,2.0,0.0,0.0,0.0,0.0,0.0,3.0,0.0,0.0,0.3333333333333333,0.0,0.0,0.6666666666666666,0.0,0.0,0.0,0.0,0.0,0.9182958340544896,0.265447025779401
ait,word,0.0,0.0,1.0,2.0,0.0,0.0,0.0,0.0,0.0,0.0,0.0,3.0,0.0,0.0,0.3333333333333333,0.6666666666666666,0.0,0.0,0.0,0.0,0.0,0.0,0.0,0.9182958340544896,0.265447025779401
aide,lemma,0.0,0.0,1.0,2.0,0.0,0.0,0.0,0.0,0.0,0.0,0.0,3.0,0.0,0.0,0.3333333333333333,0.6666666666666666,0.0,0.0,0.0,0.0,0.0,0.0,0.0,0.9182958340544896,0.265447025779401
participer,word,0.0,0.0,2.0,0.0,0.0,0.0,0.0,0.0,0.0,1.0,0.0,3.0,0.0,0.0,0.6666666666666666,0.0,0.0,0.0,0.0,0.0,0.0,0.3333333333333333,0.0,0.9182958340544896,0.265447025779401
gronde,word,2.0,0.0,0.0,1.0,0.0,0.0,0.0,0.0,0.0,0.0,0.0,3.0,0.6666666666666666,0.0,0.0,0.3333333333333333,0.0,0.0,0.0,0.0,0.0,0.0,0.0,0.9182958340544896,0.265447025779401
vague,word,0.0,0.0,0.0,2.0,1.0,0.0,0.0,0.0,0.0,0.0,0.0,3.0,0.0,0.0,0.0,0.6666666666666666,0.3333333333333333,0.0,0.0,0.0,0.0,0.0,0.0,0.9182958340544896,0.265447025779401
venait,word,1.0,0.0,0.0,0.0,0.0,2.0,0.0,0.0,0.0,0.0,0.0,3.0,0.3333333333333333,0.0,0.0,0.0,0.0,0.6666666666666666,0.0,0.0,0.0,0.0,0.0,0.9182958340544896,0.265447025779401
valeur,lemma,1.0,0.0,2.0,0.0,0.0,0.0,0.0,0.0,0.0,0.0,0.0,3.0,0.3333333333333333,0.0,0.6666666666666666,0.0,0.0,0.0,0.0,0.0,0.0,0.0,0.0,0.9182958340544896,0.265447025779401
viol,word,2.0,0.0,0.0,1.0,0.0,0.0,0.0,0.0,0.0,0.0,0.0,3.0,0.6666666666666666,0.0,0.0,0.3333333333333333,0.0,0.0,0.0,0.0,0.0,0.0,0.0,0.9182958340544896,0.265447025779401
village,word,0.0,0.0,0.0,4.0,0.0,2.0,0.0,0.0,0.0,0.0,0.0,6.0,0.0,0.0,0.0,0.6666666666666666,0.0,0.3333333333333333,0.0,0.0,0.0,0.0,0.0,0.9182958340544896,0.265447025779401
vif,lemma,2.0,0.0,0.0,0.0,0.0,1.0,0.0,0.0,0.0,0.0,0.0,3.0,0.6666666666666666,0.0,0.0,0.0,0.0,0.3333333333333333,0.0,0.0,0.0,0.0,0.0,0.9182958340544896,0.265447025779401
animer,lemma,0.0,0.0,2.0,0.0,1.0,0.0,0.0,0.0,0.0,0.0,0.0,3.0,0.0,0.0,0.6666666666666666,0.0,0.3333333333333333,0.0,0.0,0.0,0.0,0.0,0.0,0.9182958340544896,0.265447025779401
animal,word,0.0,0.0,0.0,2.0,0.0,0.0,1.0,0.0,0.0,0.0,0.0,3.0,0.0,0.0,0.0,0.6666666666666666,0.0,0.0,0.3333333333333333,0.0,0.0,0.0,0.0,0.9182958340544896,0.265447025779401
angoissé,word,1.0,0.0,0.0,2.0,0.0,0.0,0.0,0.0,0.0,0.0,0.0,3.0,0.3333333333333333,0.0,0.0,0.6666666666666666,0.0,0.0,0.0,0.0,0.0,0.0,0.0,0.9182958340544896,0.265447025779401
arabe,word,1.0,2.0,0.0,0.0,0.0,0.0,0.0,0.0,0.0,0.0,0.0,3.0,0.3333333333333333,0.6666666666666666,0.0,0.0,0.0,0.0,0.0,0.0,0.0,0.0,0.0,0.9182958340544896,0.265447025779401
meurtre,word,2.0,0.0,0.0,1.0,0.0,0.0,0.0,0.0,0.0,0.0,0.0,3.0,0.6666666666666666,0.0,0.0,0.3333333333333333,0.0,0.0,0.0,0.0,0.0,0.0,0.0,0.9182958340544896,0.265447025779401
grand-père,word,0.0,0.0,1.0,0.0,0.0,2.0,0.0,0.0,0.0,0.0,0.0,3.0,0.0,0.0,0.3333333333333333,0.0,0.0,0.6666666666666666,0.0,0.0,0.0,0.0,0.0,0.9182958340544896,0.265447025779401
graisse,word,1.0,2.0,0.0,0.0,0.0,0.0,0.0,0.0,0.0,0.0,0.0,3.0,0.3333333333333333,0.6666666666666666,0.0,0.0,0.0,0.0,0.0,0.0,0.0,0.0,0.0,0.9182958340544896,0.265447025779401
graisse,lemma,1.0,2.0,0.0,0.0,0.0,0.0,0.0,0.0,0.0,0.0,0.0,3.0,0.3333333333333333,0.6666666666666666,0.0,0.0,0.0,0.0,0.0,0.0,0.0,0.0,0.0,0.9182958340544896,0.265447025779401
université,word,2.0,0.0,0.0,0.0,0.0,1.0,0.0,0.0,0.0,0.0,0.0,3.0,0.6666666666666666,0.0,0.0,0.0,0.0,0.3333333333333333,0.0,0.0,0.0,0.0,0.0,0.9182958340544896,0.265447025779401
vaches,word,2.0,0.0,0.0,0.0,0.0,1.0,0.0,0.0,0.0,0.0,0.0,3.0,0.6666666666666666,0.0,0.0,0.0,0.0,0.3333333333333333,0.0,0.0,0.0,0.0,0.0,0.9182958340544896,0.265447025779401
vaccin,lemma,2.0,0.0,0.0,4.0,0.0,0.0,0.0,0.0,0.0,0.0,0.0,6.0,0.3333333333333333,0.0,0.0,0.6666666666666666,0.0,0.0,0.0,0.0,0.0,0.0,0.0,0.9182958340544896,0.265447025779401
utilisation,word,1.0,0.0,0.0,2.0,0.0,0.0,0.0,0.0,0.0,0.0,0.0,3.0,0.3333333333333333,0.0,0.0,0.6666666666666666,0.0,0.0,0.0,0.0,0.0,0.0,0.0,0.9182958340544896,0.265447025779401
utilisation,lemma,1.0,0.0,0.0,2.0,0.0,0.0,0.0,0.0,0.0,0.0,0.0,3.0,0.3333333333333333,0.0,0.0,0.6666666666666666,0.0,0.0,0.0,0.0,0.0,0.0,0.0,0.9182958340544896,0.265447025779401
apparition,lemma,0.0,0.0,0.0,2.0,1.0,0.0,0.0,0.0,0.0,0.0,0.0,3.0,0.0,0.0,0.0,0.6666666666666666,0.3333333333333333,0.0,0.0,0.0,0.0,0.0,0.0,0.9182958340544896,0.265447025779401
année,word,0.0,0.0,2.0,1.0,0.0,0.0,0.0,0.0,0.0,0.0,0.0,3.0,0.0,0.0,0.6666666666666666,0.3333333333333333,0.0,0.0,0.0,0.0,0.0,0.0,0.0,0.9182958340544896,0.265447025779401
annoncer,lemma,0.0,0.0,2.0,1.0,0.0,0.0,0.0,0.0,0.0,0.0,0.0,3.0,0.0,0.0,0.6666666666666666,0.3333333333333333,0.0,0.0,0.0,0.0,0.0,0.0,0.0,0.9182958340544896,0.265447025779401
accidents,word,2.0,0.0,0.0,0.0,0.0,1.0,0.0,0.0,0.0,0.0,0.0,3.0,0.6666666666666666,0.0,0.0,0.0,0.0,0.3333333333333333,0.0,0.0,0.0,0.0,0.0,0.9182958340544896,0.265447025779401
apparition,word,0.0,0.0,0.0,2.0,1.0,0.0,0.0,0.0,0.0,0.0,0.0,3.0,0.0,0.0,0.0,0.6666666666666666,0.3333333333333333,0.0,0.0,0.0,0.0,0.0,0.0,0.9182958340544896,0.265447025779401
jasper,word,1.0,0.0,0.0,0.0,0.0,0.0,0.0,0.0,2.0,0.0,0.0,3.0,0.3333333333333333,0.0,0.0,0.0,0.0,0.0,0.0,0.0,0.6666666666666666,0.0,0.0,0.9182958340544896,0.265447025779401
jasper,lemma,1.0,0.0,0.0,0.0,0.0,0.0,0.0,0.0,2.0,0.0,0.0,3.0,0.3333333333333333,0.0,0.0,0.0,0.0,0.0,0.0,0.0,0.6666666666666666,0.0,0.0,0.9182958340544896,0.265447025779401
jamar,word,0.0,0.0,2.0,0.0,0.0,0.0,0.0,0.0,0.0,1.0,0.0,3.0,0.0,0.0,0.6666666666666666,0.0,0.0,0.0,0.0,0.0,0.0,0.3333333333333333,0.0,0.9182958340544896,0.265447025779401
exactement,lemma,0.0,0.0,2.0,0.0,0.0,0.0,0.0,0.0,0.0,1.0,0.0,3.0,0.0,0.0,0.6666666666666666,0.0,0.0,0.0,0.0,0.0,0.0,0.3333333333333333,0.0,0.9182958340544896,0.265447025779401
profiter,word,2.0,0.0,1.0,0.0,0.0,0.0,0.0,0.0,0.0,0.0,0.0,3.0,0.6666666666666666,0.0,0.3333333333333333,0.0,0.0,0.0,0.0,0.0,0.0,0.0,0.0,0.9182958340544896,0.265447025779401
profiter,lemma,2.0,0.0,1.0,0.0,0.0,0.0,0.0,0.0,0.0,0.0,0.0,3.0,0.6666666666666666,0.0,0.3333333333333333,0.0,0.0,0.0,0.0,0.0,0.0,0.0,0.0,0.9182958340544896,0.265447025779401
produire,word,0.0,0.0,0.0,2.0,0.0,0.0,1.0,0.0,0.0,0.0,0.0,3.0,0.0,0.0,0.0,0.6666666666666666,0.0,0.0,0.3333333333333333,0.0,0.0,0.0,0.0,0.9182958340544896,0.265447025779401
prison,word,2.0,0.0,0.0,4.0,0.0,0.0,0.0,0.0,0.0,0.0,0.0,6.0,0.3333333333333333,0.0,0.0,0.6666666666666666,0.0,0.0,0.0,0.0,0.0,0.0,0.0,0.9182958340544896,0.265447025779401
prison,lemma,2.0,0.0,0.0,4.0,0.0,0.0,0.0,0.0,0.0,0.0,0.0,6.0,0.3333333333333333,0.0,0.0,0.6666666666666666,0.0,0.0,0.0,0.0,0.0,0.0,0.0,0.9182958340544896,0.265447025779401
propos,word,2.0,0.0,0.0,0.0,1.0,0.0,0.0,0.0,0.0,0.0,0.0,3.0,0.6666666666666666,0.0,0.0,0.0,0.3333333333333333,0.0,0.0,0.0,0.0,0.0,0.0,0.9182958340544896,0.265447025779401
propos,lemma,2.0,0.0,0.0,0.0,1.0,0.0,0.0,0.0,0.0,0.0,0.0,3.0,0.6666666666666666,0.0,0.0,0.0,0.3333333333333333,0.0,0.0,0.0,0.0,0.0,0.0,0.9182958340544896,0.265447025779401
gilets,word,2.0,0.0,0.0,1.0,0.0,0.0,0.0,0.0,0.0,0.0,0.0,3.0,0.6666666666666666,0.0,0.0,0.3333333333333333,0.0,0.0,0.0,0.0,0.0,0.0,0.0,0.9182958340544896,0.265447025779401
discriminations,word,1.0,0.0,0.0,0.0,0.0,2.0,0.0,0.0,0.0,0.0,0.0,3.0,0.3333333333333333,0.0,0.0,0.0,0.0,0.6666666666666666,0.0,0.0,0.0,0.0,0.0,0.9182958340544896,0.265447025779401
euro,word,0.0,0.0,2.0,0.0,0.0,0.0,0.0,0.0,0.0,1.0,0.0,3.0,0.0,0.0,0.6666666666666666,0.0,0.0,0.0,0.0,0.0,0.0,0.3333333333333333,0.0,0.9182958340544896,0.265447025779401
envoyé,word,2.0,0.0,0.0,0.0,0.0,0.0,1.0,0.0,0.0,0.0,0.0,3.0,0.6666666666666666,0.0,0.0,0.0,0.0,0.0,0.3333333333333333,0.0,0.0,0.0,0.0,0.9182958340544896,0.265447025779401
lever,lemma,1.0,0.0,2.0,0.0,0.0,0.0,0.0,0.0,0.0,0.0,0.0,3.0,0.3333333333333333,0.0,0.6666666666666666,0.0,0.0,0.0,0.0,0.0,0.0,0.0,0.0,0.9182958340544896,0.265447025779401
lesbiennes,word,1.0,2.0,0.0,0.0,0.0,0.0,0.0,0.0,0.0,0.0,0.0,3.0,0.3333333333333333,0.6666666666666666,0.0,0.0,0.0,0.0,0.0,0.0,0.0,0.0,0.0,0.9182958340544896,0.265447025779401
partager,word,4.0,0.0,2.0,0.0,0.0,0.0,0.0,0.0,0.0,0.0,0.0,6.0,0.6666666666666666,0.0,0.3333333333333333,0.0,0.0,0.0,0.0,0.0,0.0,0.0,0.0,0.9182958340544896,0.265447025779401
descendus,word,4.0,0.0,2.0,0.0,0.0,0.0,0.0,0.0,0.0,0.0,0.0,6.0,0.6666666666666666,0.0,0.3333333333333333,0.0,0.0,0.0,0.0,0.0,0.0,0.0,0.0,0.9182958340544896,0.265447025779401
ranger,lemma,0.0,0.0,2.0,0.0,0.0,0.0,0.0,0.0,0.0,1.0,0.0,3.0,0.0,0.0,0.6666666666666666,0.0,0.0,0.0,0.0,0.0,0.0,0.3333333333333333,0.0,0.9182958340544896,0.265447025779401
long,word,0.0,0.0,1.0,0.0,2.0,0.0,0.0,0.0,0.0,0.0,0.0,3.0,0.0,0.0,0.3333333333333333,0.0,0.6666666666666666,0.0,0.0,0.0,0.0,0.0,0.0,0.9182958340544896,0.265447025779401
six,lemma,0.0,0.0,0.0,1.0,0.0,2.0,0.0,0.0,0.0,0.0,0.0,3.0,0.0,0.0,0.0,0.3333333333333333,0.0,0.6666666666666666,0.0,0.0,0.0,0.0,0.0,0.9182958340544896,0.265447025779401
libertés,word,2.0,0.0,0.0,1.0,0.0,0.0,0.0,0.0,0.0,0.0,0.0,3.0,0.6666666666666666,0.0,0.0,0.3333333333333333,0.0,0.0,0.0,0.0,0.0,0.0,0.0,0.9182958340544896,0.265447025779401
organiser,lemma,3.0,0.0,6.0,0.0,0.0,0.0,0.0,0.0,0.0,0.0,0.0,9.0,0.3333333333333333,0.0,0.6666666666666666,0.0,0.0,0.0,0.0,0.0,0.0,0.0,0.0,0.9182958340544896,0.265447025779401
danser,word,0.0,0.0,2.0,0.0,0.0,0.0,0.0,0.0,1.0,0.0,0.0,3.0,0.0,0.0,0.6666666666666666,0.0,0.0,0.0,0.0,0.0,0.3333333333333333,0.0,0.0,0.9182958340544896,0.265447025779401
voté,word,2.0,0.0,0.0,0.0,0.0,0.0,0.0,0.0,1.0,0.0,0.0,3.0,0.6666666666666666,0.0,0.0,0.0,0.0,0.0,0.0,0.0,0.3333333333333333,0.0,0.0,0.9182958340544896,0.265447025779401
voter,word,0.0,0.0,0.0,2.0,0.0,0.0,0.0,0.0,0.0,1.0,0.0,3.0,0.0,0.0,0.0,0.6666666666666666,0.0,0.0,0.0,0.0,0.0,0.3333333333333333,0.0,0.9182958340544896,0.265447025779401
voile,word,2.0,1.0,0.0,0.0,0.0,0.0,0.0,0.0,0.0,0.0,0.0,3.0,0.6666666666666666,0.3333333333333333,0.0,0.0,0.0,0.0,0.0,0.0,0.0,0.0,0.0,0.9182958340544896,0.265447025779401
afin,word,1.0,0.0,0.0,2.0,0.0,0.0,0.0,0.0,0.0,0.0,0.0,3.0,0.3333333333333333,0.0,0.0,0.6666666666666666,0.0,0.0,0.0,0.0,0.0,0.0,0.0,0.9182958340544896,0.265447025779401
afin,lemma,1.0,0.0,0.0,2.0,0.0,0.0,0.0,0.0,0.0,0.0,0.0,3.0,0.3333333333333333,0.0,0.0,0.6666666666666666,0.0,0.0,0.0,0.0,0.0,0.0,0.0,0.9182958340544896,0.265447025779401
absolument,word,0.0,0.0,2.0,0.0,0.0,0.0,1.0,0.0,0.0,0.0,0.0,3.0,0.0,0.0,0.6666666666666666,0.0,0.0,0.0,0.3333333333333333,0.0,0.0,0.0,0.0,0.9182958340544896,0.265447025779401
échappé,word,0.0,0.0,0.0,2.0,1.0,0.0,0.0,0.0,0.0,0.0,0.0,3.0,0.0,0.0,0.0,0.6666666666666666,0.3333333333333333,0.0,0.0,0.0,0.0,0.0,0.0,0.9182958340544896,0.265447025779401
échapper,word,2.0,0.0,0.0,4.0,0.0,0.0,0.0,0.0,0.0,0.0,0.0,6.0,0.3333333333333333,0.0,0.0,0.6666666666666666,0.0,0.0,0.0,0.0,0.0,0.0,0.0,0.9182958340544896,0.265447025779401
actrice,word,0.0,0.0,2.0,0.0,0.0,0.0,0.0,0.0,0.0,1.0,0.0,3.0,0.0,0.0,0.6666666666666666,0.0,0.0,0.0,0.0,0.0,0.0,0.3333333333333333,0.0,0.9182958340544896,0.265447025779401
écrire,word,0.0,0.0,2.0,1.0,0.0,0.0,0.0,0.0,0.0,0.0,0.0,3.0,0.0,0.0,0.6666666666666666,0.3333333333333333,0.0,0.0,0.0,0.0,0.0,0.0,0.0,0.9182958340544896,0.265447025779401
écrir,lemma,0.0,0.0,2.0,1.0,0.0,0.0,0.0,0.0,0.0,0.0,0.0,3.0,0.0,0.0,0.6666666666666666,0.3333333333333333,0.0,0.0,0.0,0.0,0.0,0.0,0.0,0.9182958340544896,0.265447025779401
alarme,word,0.0,0.0,0.0,2.0,1.0,0.0,0.0,0.0,0.0,0.0,0.0,3.0,0.0,0.0,0.0,0.6666666666666666,0.3333333333333333,0.0,0.0,0.0,0.0,0.0,0.0,0.9182958340544896,0.265447025779401
précipite,word,0.0,0.0,2.0,1.0,0.0,0.0,0.0,0.0,0.0,0.0,0.0,3.0,0.0,0.0,0.6666666666666666,0.3333333333333333,0.0,0.0,0.0,0.0,0.0,0.0,0.0,0.9182958340544896,0.265447025779401
jamar,lemma,0.0,0.0,2.0,0.0,0.0,0.0,0.0,0.0,0.0,1.0,0.0,3.0,0.0,0.0,0.6666666666666666,0.0,0.0,0.0,0.0,0.0,0.0,0.3333333333333333,0.0,0.9182958340544896,0.265447025779401
faisaient,word,0.0,0.0,0.0,2.0,0.0,1.0,0.0,0.0,0.0,0.0,0.0,3.0,0.0,0.0,0.0,0.6666666666666666,0.0,0.3333333333333333,0.0,0.0,0.0,0.0,0.0,0.9182958340544896,0.265447025779401
faim,word,1.0,0.0,0.0,0.0,0.0,2.0,0.0,0.0,0.0,0.0,0.0,3.0,0.3333333333333333,0.0,0.0,0.0,0.0,0.6666666666666666,0.0,0.0,0.0,0.0,0.0,0.9182958340544896,0.265447025779401
faim,lemma,1.0,0.0,0.0,0.0,0.0,2.0,0.0,0.0,0.0,0.0,0.0,3.0,0.3333333333333333,0.0,0.0,0.0,0.0,0.6666666666666666,0.0,0.0,0.0,0.0,0.0,0.9182958340544896,0.265447025779401
jaunes,word,2.0,0.0,0.0,1.0,0.0,0.0,0.0,0.0,0.0,0.0,0.0,3.0,0.6666666666666666,0.0,0.0,0.3333333333333333,0.0,0.0,0.0,0.0,0.0,0.0,0.0,0.9182958340544896,0.265447025779401
fantômes,word,0.0,0.0,0.0,2.0,0.0,0.0,1.0,0.0,0.0,0.0,0.0,3.0,0.0,0.0,0.0,0.6666666666666666,0.0,0.0,0.3333333333333333,0.0,0.0,0.0,0.0,0.9182958340544896,0.265447025779401
fantôme,lemma,0.0,0.0,0.0,2.0,0.0,0.0,1.0,0.0,0.0,0.0,0.0,3.0,0.0,0.0,0.0,0.6666666666666666,0.0,0.0,0.3333333333333333,0.0,0.0,0.0,0.0,0.9182958340544896,0.265447025779401
famine,word,0.0,0.0,0.0,4.0,0.0,2.0,0.0,0.0,0.0,0.0,0.0,6.0,0.0,0.0,0.0,0.6666666666666666,0.0,0.3333333333333333,0.0,0.0,0.0,0.0,0.0,0.9182958340544896,0.265447025779401
profs,word,2.0,0.0,0.0,1.0,0.0,0.0,0.0,0.0,0.0,0.0,0.0,3.0,0.6666666666666666,0.0,0.0,0.3333333333333333,0.0,0.0,0.0,0.0,0.0,0.0,0.0,0.9182958340544896,0.265447025779401
propre,lemma,1.0,0.0,0.0,2.0,0.0,0.0,0.0,0.0,0.0,0.0,0.0,3.0,0.3333333333333333,0.0,0.0,0.6666666666666666,0.0,0.0,0.0,0.0,0.0,0.0,0.0,0.9182958340544896,0.265447025779401
préoccuper,lemma,4.0,0.0,0.0,2.0,0.0,0.0,0.0,0.0,0.0,0.0,0.0,6.0,0.6666666666666666,0.0,0.0,0.3333333333333333,0.0,0.0,0.0,0.0,0.0,0.0,0.0,0.9182958340544896,0.265447025779401
précipiter,lemma,0.0,0.0,2.0,1.0,0.0,0.0,0.0,0.0,0.0,0.0,0.0,3.0,0.0,0.0,0.6666666666666666,0.3333333333333333,0.0,0.0,0.0,0.0,0.0,0.0,0.0,0.9182958340544896,0.265447025779401
ajouter,lemma,0.0,0.0,1.0,2.0,0.0,0.0,0.0,0.0,0.0,0.0,0.0,3.0,0.0,0.0,0.3333333333333333,0.6666666666666666,0.0,0.0,0.0,0.0,0.0,0.0,0.0,0.9182958340544896,0.265447025779401
touchés,word,0.0,0.0,0.0,1.0,0.0,2.0,0.0,0.0,0.0,0.0,0.0,3.0,0.0,0.0,0.0,0.3333333333333333,0.0,0.6666666666666666,0.0,0.0,0.0,0.0,0.0,0.9182958340544896,0.265447025779401
torturés,word,0.0,0.0,0.0,2.0,0.0,1.0,0.0,0.0,0.0,0.0,0.0,3.0,0.0,0.0,0.0,0.6666666666666666,0.0,0.3333333333333333,0.0,0.0,0.0,0.0,0.0,0.9182958340544896,0.265447025779401
arrivée,lemma,2.0,0.0,0.0,4.0,0.0,0.0,0.0,0.0,0.0,0.0,0.0,6.0,0.3333333333333333,0.0,0.0,0.6666666666666666,0.0,0.0,0.0,0.0,0.0,0.0,0.0,0.9182958340544896,0.265447025779401
arrivent,word,0.0,0.0,0.0,0.0,1.0,2.0,0.0,0.0,0.0,0.0,0.0,3.0,0.0,0.0,0.0,0.0,0.3333333333333333,0.6666666666666666,0.0,0.0,0.0,0.0,0.0,0.9182958340544896,0.265447025779401
traverser,lemma,2.0,0.0,0.0,0.0,0.0,0.0,0.0,0.0,1.0,0.0,0.0,3.0,0.6666666666666666,0.0,0.0,0.0,0.0,0.0,0.0,0.0,0.3333333333333333,0.0,0.0,0.9182958340544896,0.265447025779401
détruites,word,0.0,0.0,0.0,4.0,0.0,2.0,0.0,0.0,0.0,0.0,0.0,6.0,0.0,0.0,0.0,0.6666666666666666,0.0,0.3333333333333333,0.0,0.0,0.0,0.0,0.0,0.9182958340544896,0.265447025779401
détester,lemma,1.0,0.0,0.0,0.0,0.0,2.0,0.0,0.0,0.0,0.0,0.0,3.0,0.3333333333333333,0.0,0.0,0.0,0.0,0.6666666666666666,0.0,0.0,0.0,0.0,0.0,0.9182958340544896,0.265447025779401
désolée,word,0.0,0.0,0.0,0.0,0.0,1.0,0.0,0.0,2.0,0.0,0.0,3.0,0.0,0.0,0.0,0.0,0.0,0.3333333333333333,0.0,0.0,0.6666666666666666,0.0,0.0,0.9182958340544896,0.265447025779401
toilette,lemma,0.0,0.0,0.0,2.0,1.0,0.0,0.0,0.0,0.0,0.0,0.0,3.0,0.0,0.0,0.0,0.6666666666666666,0.3333333333333333,0.0,0.0,0.0,0.0,0.0,0.0,0.9182958340544896,0.265447025779401
titre,word,0.0,0.0,2.0,0.0,0.0,0.0,0.0,0.0,0.0,1.0,0.0,3.0,0.0,0.0,0.6666666666666666,0.0,0.0,0.0,0.0,0.0,0.0,0.3333333333333333,0.0,0.9182958340544896,0.265447025779401
foutre,word,2.0,1.0,0.0,0.0,0.0,0.0,0.0,0.0,0.0,0.0,0.0,3.0,0.6666666666666666,0.3333333333333333,0.0,0.0,0.0,0.0,0.0,0.0,0.0,0.0,0.0,0.9182958340544896,0.265447025779401
bête,lemma,0.0,0.0,1.0,2.0,0.0,0.0,0.0,0.0,0.0,0.0,0.0,3.0,0.0,0.0,0.3333333333333333,0.6666666666666666,0.0,0.0,0.0,0.0,0.0,0.0,0.0,0.9182958340544896,0.265447025779401
frustrer,lemma,2.0,0.0,0.0,0.0,0.0,4.0,0.0,0.0,0.0,0.0,0.0,6.0,0.3333333333333333,0.0,0.0,0.0,0.0,0.6666666666666666,0.0,0.0,0.0,0.0,0.0,0.9182958340544896,0.265447025779401
autonomie,word,1.0,0.0,0.0,2.0,0.0,0.0,0.0,0.0,0.0,0.0,0.0,3.0,0.3333333333333333,0.0,0.0,0.6666666666666666,0.0,0.0,0.0,0.0,0.0,0.0,0.0,0.9182958340544896,0.265447025779401
autonomie,lemma,1.0,0.0,0.0,2.0,0.0,0.0,0.0,0.0,0.0,0.0,0.0,3.0,0.3333333333333333,0.0,0.0,0.6666666666666666,0.0,0.0,0.0,0.0,0.0,0.0,0.0,0.9182958340544896,0.265447025779401
auraient,word,0.0,0.0,0.0,2.0,0.0,1.0,0.0,0.0,0.0,0.0,0.0,3.0,0.0,0.0,0.0,0.6666666666666666,0.0,0.3333333333333333,0.0,0.0,0.0,0.0,0.0,0.9182958340544896,0.265447025779401
mobilisent,word,2.0,0.0,0.0,1.0,0.0,0.0,0.0,0.0,0.0,0.0,0.0,3.0,0.6666666666666666,0.0,0.0,0.3333333333333333,0.0,0.0,0.0,0.0,0.0,0.0,0.0,0.9182958340544896,0.265447025779401
endroit,word,0.0,0.0,1.0,2.0,0.0,0.0,0.0,0.0,0.0,0.0,0.0,3.0,0.0,0.0,0.3333333333333333,0.6666666666666666,0.0,0.0,0.0,0.0,0.0,0.0,0.0,0.9182958340544896,0.265447025779401
endroit,lemma,0.0,0.0,1.0,2.0,0.0,0.0,0.0,0.0,0.0,0.0,0.0,3.0,0.0,0.0,0.3333333333333333,0.6666666666666666,0.0,0.0,0.0,0.0,0.0,0.0,0.0,0.9182958340544896,0.265447025779401
emplois,word,2.0,0.0,0.0,1.0,0.0,0.0,0.0,0.0,0.0,0.0,0.0,3.0,0.6666666666666666,0.0,0.0,0.3333333333333333,0.0,0.0,0.0,0.0,0.0,0.0,0.0,0.9182958340544896,0.265447025779401
dévorer,lemma,0.0,0.0,2.0,1.0,0.0,0.0,0.0,0.0,0.0,0.0,0.0,3.0,0.0,0.0,0.6666666666666666,0.3333333333333333,0.0,0.0,0.0,0.0,0.0,0.0,0.0,0.9182958340544896,0.265447025779401
accepter,lemma,0.0,0.0,0.0,2.0,0.0,0.0,0.0,0.0,1.0,0.0,0.0,3.0,0.0,0.0,0.0,0.6666666666666666,0.0,0.0,0.0,0.0,0.3333333333333333,0.0,0.0,0.9182958340544896,0.265447025779401
portable,word,0.0,0.0,0.0,2.0,1.0,0.0,0.0,0.0,0.0,0.0,0.0,3.0,0.0,0.0,0.0,0.6666666666666666,0.3333333333333333,0.0,0.0,0.0,0.0,0.0,0.0,0.9182958340544896,0.265447025779401
fouiller,lemma,2.0,0.0,0.0,0.0,1.0,0.0,0.0,0.0,0.0,0.0,0.0,3.0,0.6666666666666666,0.0,0.0,0.0,0.3333333333333333,0.0,0.0,0.0,0.0,0.0,0.0,0.9182958340544896,0.265447025779401
sûrement,lemma,0.0,0.0,1.0,0.0,2.0,0.0,0.0,0.0,0.0,0.0,0.0,3.0,0.0,0.0,0.3333333333333333,0.0,0.6666666666666666,0.0,0.0,0.0,0.0,0.0,0.0,0.9182958340544896,0.265447025779401
tenté,word,2.0,0.0,0.0,1.0,0.0,0.0,0.0,0.0,0.0,0.0,0.0,3.0,0.6666666666666666,0.0,0.0,0.3333333333333333,0.0,0.0,0.0,0.0,0.0,0.0,0.0,0.9182958340544896,0.265447025779401
tenir,word,0.0,0.0,2.0,0.0,1.0,0.0,0.0,0.0,0.0,0.0,0.0,3.0,0.0,0.0,0.6666666666666666,0.0,0.3333333333333333,0.0,0.0,0.0,0.0,0.0,0.0,0.9182958340544896,0.265447025779401
hein,word,1.0,0.0,0.0,0.0,2.0,0.0,0.0,0.0,0.0,0.0,0.0,3.0,0.3333333333333333,0.0,0.0,0.0,0.6666666666666666,0.0,0.0,0.0,0.0,0.0,0.0,0.9182958340544896,0.265447025779401
hein,lemma,1.0,0.0,0.0,0.0,2.0,0.0,0.0,0.0,0.0,0.0,0.0,3.0,0.3333333333333333,0.0,0.0,0.0,0.6666666666666666,0.0,0.0,0.0,0.0,0.0,0.0,0.9182958340544896,0.265447025779401
hillary,word,2.0,0.0,0.0,0.0,1.0,0.0,0.0,0.0,0.0,0.0,0.0,3.0,0.6666666666666666,0.0,0.0,0.0,0.3333333333333333,0.0,0.0,0.0,0.0,0.0,0.0,0.9182958340544896,0.265447025779401
hillary,lemma,2.0,0.0,0.0,0.0,1.0,0.0,0.0,0.0,0.0,0.0,0.0,3.0,0.6666666666666666,0.0,0.0,0.0,0.3333333333333333,0.0,0.0,0.0,0.0,0.0,0.0,0.9182958340544896,0.265447025779401
hors,word,0.0,0.0,0.0,3.0,6.0,0.0,0.0,0.0,0.0,0.0,0.0,9.0,0.0,0.0,0.0,0.3333333333333333,0.6666666666666666,0.0,0.0,0.0,0.0,0.0,0.0,0.9182958340544896,0.265447025779401
moque,lemma,2.0,0.0,0.0,0.0,0.0,1.0,0.0,0.0,0.0,0.0,0.0,3.0,0.6666666666666666,0.0,0.0,0.0,0.0,0.3333333333333333,0.0,0.0,0.0,0.0,0.0,0.9182958340544896,0.265447025779401
montagne,word,1.0,0.0,0.0,2.0,0.0,0.0,0.0,0.0,0.0,0.0,0.0,3.0,0.3333333333333333,0.0,0.0,0.6666666666666666,0.0,0.0,0.0,0.0,0.0,0.0,0.0,0.9182958340544896,0.265447025779401
mystérieux,word,0.0,0.0,0.0,2.0,1.0,0.0,0.0,0.0,0.0,0.0,0.0,3.0,0.0,0.0,0.0,0.6666666666666666,0.3333333333333333,0.0,0.0,0.0,0.0,0.0,0.0,0.9182958340544896,0.265447025779401
traiter,lemma,3.0,0.0,0.0,0.0,0.0,0.0,0.0,0.0,6.0,0.0,0.0,9.0,0.3333333333333333,0.0,0.0,0.0,0.0,0.0,0.0,0.0,0.6666666666666666,0.0,0.0,0.9182958340544896,0.265447025779401
musique,word,1.0,0.0,2.0,0.0,0.0,0.0,0.0,0.0,0.0,0.0,0.0,3.0,0.3333333333333333,0.0,0.6666666666666666,0.0,0.0,0.0,0.0,0.0,0.0,0.0,0.0,0.9182958340544896,0.265447025779401
musique,lemma,1.0,0.0,2.0,0.0,0.0,0.0,0.0,0.0,0.0,0.0,0.0,3.0,0.3333333333333333,0.0,0.6666666666666666,0.0,0.0,0.0,0.0,0.0,0.0,0.0,0.0,0.9182958340544896,0.265447025779401
murmure,word,2.0,0.0,0.0,1.0,0.0,0.0,0.0,0.0,0.0,0.0,0.0,3.0,0.6666666666666666,0.0,0.0,0.3333333333333333,0.0,0.0,0.0,0.0,0.0,0.0,0.0,0.9182958340544896,0.265447025779401
murmure,lemma,2.0,0.0,0.0,1.0,0.0,0.0,0.0,0.0,0.0,0.0,0.0,3.0,0.6666666666666666,0.0,0.0,0.3333333333333333,0.0,0.0,0.0,0.0,0.0,0.0,0.0,0.9182958340544896,0.265447025779401
attaqu,lemma,1.0,0.0,0.0,2.0,0.0,0.0,0.0,0.0,0.0,0.0,0.0,3.0,0.3333333333333333,0.0,0.0,0.6666666666666666,0.0,0.0,0.0,0.0,0.0,0.0,0.0,0.9182958340544896,0.265447025779401
troupeau,lemma,0.0,1.0,0.0,2.0,0.0,0.0,0.0,0.0,0.0,0.0,0.0,3.0,0.0,0.3333333333333333,0.0,0.6666666666666666,0.0,0.0,0.0,0.0,0.0,0.0,0.0,0.9182958340544896,0.265447025779401
millimètre,word,0.0,0.0,0.0,2.0,1.0,0.0,0.0,0.0,0.0,0.0,0.0,3.0,0.0,0.0,0.0,0.6666666666666666,0.3333333333333333,0.0,0.0,0.0,0.0,0.0,0.0,0.9182958340544896,0.265447025779401
millimètre,lemma,0.0,0.0,0.0,2.0,1.0,0.0,0.0,0.0,0.0,0.0,0.0,3.0,0.0,0.0,0.0,0.6666666666666666,0.3333333333333333,0.0,0.0,0.0,0.0,0.0,0.0,0.9182958340544896,0.265447025779401
mille,word,2.0,1.0,0.0,0.0,0.0,0.0,0.0,0.0,0.0,0.0,0.0,3.0,0.6666666666666666,0.3333333333333333,0.0,0.0,0.0,0.0,0.0,0.0,0.0,0.0,0.0,0.9182958340544896,0.265447025779401
mille,lemma,2.0,1.0,0.0,0.0,0.0,0.0,0.0,0.0,0.0,0.0,0.0,3.0,0.6666666666666666,0.3333333333333333,0.0,0.0,0.0,0.0,0.0,0.0,0.0,0.0,0.0,0.9182958340544896,0.265447025779401
migrants,word,2.0,0.0,0.0,1.0,0.0,0.0,0.0,0.0,0.0,0.0,0.0,3.0,0.6666666666666666,0.0,0.0,0.3333333333333333,0.0,0.0,0.0,0.0,0.0,0.0,0.0,0.9182958340544896,0.265447025779401
harcelé,word,0.0,0.0,0.0,1.0,0.0,2.0,0.0,0.0,0.0,0.0,0.0,3.0,0.0,0.0,0.0,0.3333333333333333,0.0,0.6666666666666666,0.0,0.0,0.0,0.0,0.0,0.9182958340544896,0.265447025779401
musée,word,0.0,0.0,1.0,0.0,0.0,0.0,0.0,0.0,0.0,2.0,0.0,3.0,0.0,0.0,0.3333333333333333,0.0,0.0,0.0,0.0,0.0,0.0,0.6666666666666666,0.0,0.9182958340544896,0.265447025779401
cul,lemma,2.0,1.0,0.0,0.0,0.0,0.0,0.0,0.0,0.0,0.0,0.0,3.0,0.6666666666666666,0.3333333333333333,0.0,0.0,0.0,0.0,0.0,0.0,0.0,0.0,0.0,0.9182958340544896,0.265447025779401
cu,word,1.0,2.0,0.0,0.0,0.0,0.0,0.0,0.0,0.0,0.0,0.0,3.0,0.3333333333333333,0.6666666666666666,0.0,0.0,0.0,0.0,0.0,0.0,0.0,0.0,0.0,0.9182958340544896,0.265447025779401
cu,lemma,1.0,2.0,0.0,0.0,0.0,0.0,0.0,0.0,0.0,0.0,0.0,3.0,0.3333333333333333,0.6666666666666666,0.0,0.0,0.0,0.0,0.0,0.0,0.0,0.0,0.0,0.9182958340544896,0.265447025779401
côtés,word,2.0,0.0,1.0,0.0,0.0,0.0,0.0,0.0,0.0,0.0,0.0,3.0,0.6666666666666666,0.0,0.3333333333333333,0.0,0.0,0.0,0.0,0.0,0.0,0.0,0.0,0.9182958340544896,0.265447025779401
absolument,lemma,0.0,0.0,2.0,0.0,0.0,0.0,1.0,0.0,0.0,0.0,0.0,3.0,0.0,0.0,0.6666666666666666,0.0,0.0,0.0,0.3333333333333333,0.0,0.0,0.0,0.0,0.9182958340544896,0.265447025779401
émue,word,0.0,0.0,2.0,0.0,0.0,0.0,0.0,0.0,1.0,0.0,0.0,3.0,0.0,0.0,0.6666666666666666,0.0,0.0,0.0,0.0,0.0,0.3333333333333333,0.0,0.0,0.9182958340544896,0.265447025779401
échec,word,1.0,0.0,0.0,0.0,0.0,2.0,0.0,0.0,0.0,0.0,0.0,3.0,0.3333333333333333,0.0,0.0,0.0,0.0,0.6666666666666666,0.0,0.0,0.0,0.0,0.0,0.9182958340544896,0.265447025779401
gronder,word,2.0,0.0,0.0,0.0,0.0,1.0,0.0,0.0,0.0,0.0,0.0,3.0,0.6666666666666666,0.0,0.0,0.0,0.0,0.3333333333333333,0.0,0.0,0.0,0.0,0.0,0.9182958340544896,0.265447025779401
pavé,word,0.0,0.0,0.0,0.0,1.0,2.0,0.0,0.0,0.0,0.0,0.0,3.0,0.0,0.0,0.0,0.0,0.3333333333333333,0.6666666666666666,0.0,0.0,0.0,0.0,0.0,0.9182958340544896,0.265447025779401
piano,lemma,0.0,0.0,1.0,0.0,0.0,2.0,0.0,0.0,0.0,0.0,0.0,3.0,0.0,0.0,0.3333333333333333,0.0,0.0,0.6666666666666666,0.0,0.0,0.0,0.0,0.0,0.9182958340544896,0.265447025779401
migrant,lemma,2.0,0.0,0.0,1.0,0.0,0.0,0.0,0.0,0.0,0.0,0.0,3.0,0.6666666666666666,0.0,0.0,0.3333333333333333,0.0,0.0,0.0,0.0,0.0,0.0,0.0,0.9182958340544896,0.265447025779401
possèdent,word,1.0,0.0,0.0,2.0,0.0,0.0,0.0,0.0,0.0,0.0,0.0,3.0,0.3333333333333333,0.0,0.0,0.6666666666666666,0.0,0.0,0.0,0.0,0.0,0.0,0.0,0.9182958340544896,0.265447025779401
viens,lemma,0.0,0.0,2.0,1.0,0.0,0.0,0.0,0.0,0.0,0.0,0.0,3.0,0.0,0.0,0.6666666666666666,0.3333333333333333,0.0,0.0,0.0,0.0,0.0,0.0,0.0,0.9182958340544896,0.265447025779401
voile,lemma,2.0,1.0,0.0,0.0,0.0,0.0,0.0,0.0,0.0,0.0,0.0,3.0,0.6666666666666666,0.3333333333333333,0.0,0.0,0.0,0.0,0.0,0.0,0.0,0.0,0.0,0.9182958340544896,0.265447025779401
adversaire,lemma,2.0,0.0,0.0,1.0,0.0,0.0,0.0,0.0,0.0,0.0,0.0,3.0,0.6666666666666666,0.0,0.0,0.3333333333333333,0.0,0.0,0.0,0.0,0.0,0.0,0.0,0.9182958340544896,0.265447025779401
manqué,word,2.0,0.0,0.0,0.0,0.0,1.0,0.0,0.0,0.0,0.0,0.0,3.0,0.6666666666666666,0.0,0.0,0.0,0.0,0.3333333333333333,0.0,0.0,0.0,0.0,0.0,0.9182958340544896,0.265447025779401
manque,lemma,2.0,0.0,1.0,0.0,0.0,0.0,0.0,0.0,0.0,0.0,0.0,3.0,0.6666666666666666,0.0,0.3333333333333333,0.0,0.0,0.0,0.0,0.0,0.0,0.0,0.0,0.9182958340544896,0.265447025779401
mec,lemma,2.0,1.0,0.0,0.0,0.0,0.0,0.0,0.0,0.0,0.0,0.0,3.0,0.6666666666666666,0.3333333333333333,0.0,0.0,0.0,0.0,0.0,0.0,0.0,0.0,0.0,0.9182958340544896,0.265447025779401
matchs,word,0.0,0.0,2.0,0.0,0.0,0.0,0.0,0.0,0.0,1.0,0.0,3.0,0.0,0.0,0.6666666666666666,0.0,0.0,0.0,0.0,0.0,0.0,0.3333333333333333,0.0,0.9182958340544896,0.265447025779401
mariés,word,0.0,0.0,1.0,0.0,0.0,2.0,0.0,0.0,0.0,0.0,0.0,3.0,0.0,0.0,0.3333333333333333,0.0,0.0,0.6666666666666666,0.0,0.0,0.0,0.0,0.0,0.9182958340544896,0.265447025779401
meilleurs,word,2.0,0.0,0.0,0.0,0.0,0.0,0.0,0.0,0.0,1.0,0.0,3.0,0.6666666666666666,0.0,0.0,0.0,0.0,0.0,0.0,0.0,0.0,0.3333333333333333,0.0,0.9182958340544896,0.265447025779401
agités,word,2.0,0.0,0.0,0.0,0.0,0.0,0.0,0.0,0.0,0.0,1.0,3.0,0.6666666666666666,0.0,0.0,0.0,0.0,0.0,0.0,0.0,0.0,0.0,0.3333333333333333,0.9182958340544896,0.265447025779401
gigantesque,lemma,2.0,0.0,1.0,0.0,0.0,0.0,0.0,0.0,0.0,0.0,0.0,3.0,0.6666666666666666,0.0,0.3333333333333333,0.0,0.0,0.0,0.0,0.0,0.0,0.0,0.0,0.9182958340544896,0.265447025779401
gamin,lemma,2.0,0.0,1.0,0.0,0.0,0.0,0.0,0.0,0.0,0.0,0.0,3.0,0.6666666666666666,0.0,0.3333333333333333,0.0,0.0,0.0,0.0,0.0,0.0,0.0,0.0,0.9182958340544896,0.265447025779401
viens,word,0.0,0.0,2.0,1.0,0.0,0.0,0.0,0.0,0.0,0.0,0.0,3.0,0.0,0.0,0.6666666666666666,0.3333333333333333,0.0,0.0,0.0,0.0,0.0,0.0,0.0,0.9182958340544896,0.265447025779401
courant,lemma,0.0,0.0,0.0,1.0,2.0,0.0,0.0,0.0,0.0,0.0,0.0,3.0,0.0,0.0,0.0,0.3333333333333333,0.6666666666666666,0.0,0.0,0.0,0.0,0.0,0.0,0.9182958340544896,0.265447025779401
posséder,lemma,1.0,0.0,0.0,2.0,0.0,0.0,0.0,0.0,0.0,0.0,0.0,3.0,0.3333333333333333,0.0,0.0,0.6666666666666666,0.0,0.0,0.0,0.0,0.0,0.0,0.0,0.9182958340544896,0.265447025779401
premiers,word,0.0,0.0,2.0,0.0,0.0,0.0,0.0,0.0,0.0,1.0,0.0,3.0,0.0,0.0,0.6666666666666666,0.0,0.0,0.0,0.0,0.0,0.0,0.3333333333333333,0.0,0.9182958340544896,0.265447025779401
pouvait,word,0.0,0.0,0.0,0.0,0.0,2.0,0.0,1.0,0.0,0.0,0.0,3.0,0.0,0.0,0.0,0.0,0.0,0.6666666666666666,0.0,0.3333333333333333,0.0,0.0,0.0,0.9182958340544896,0.265447025779401
demandé,word,2.0,0.0,0.0,1.0,0.0,0.0,0.0,0.0,0.0,0.0,0.0,3.0,0.6666666666666666,0.0,0.0,0.3333333333333333,0.0,0.0,0.0,0.0,0.0,0.0,0.0,0.9182958340544896,0.265447025779401
explosion,word,0.0,0.0,0.0,2.0,1.0,0.0,0.0,0.0,0.0,0.0,0.0,3.0,0.0,0.0,0.0,0.6666666666666666,0.3333333333333333,0.0,0.0,0.0,0.0,0.0,0.0,0.9182958340544896,0.265447025779401
explosion,lemma,0.0,0.0,0.0,2.0,1.0,0.0,0.0,0.0,0.0,0.0,0.0,3.0,0.0,0.0,0.0,0.6666666666666666,0.3333333333333333,0.0,0.0,0.0,0.0,0.0,0.0,0.9182958340544896,0.265447025779401
exemple,word,0.0,0.0,0.0,2.0,0.0,1.0,0.0,0.0,0.0,0.0,0.0,3.0,0.0,0.0,0.0,0.6666666666666666,0.0,0.3333333333333333,0.0,0.0,0.0,0.0,0.0,0.9182958340544896,0.265447025779401
exemple,lemma,0.0,0.0,0.0,2.0,0.0,1.0,0.0,0.0,0.0,0.0,0.0,3.0,0.0,0.0,0.0,0.6666666666666666,0.0,0.3333333333333333,0.0,0.0,0.0,0.0,0.0,0.9182958340544896,0.265447025779401
extraordinaire,lemma,0.0,0.0,0.0,0.0,2.0,0.0,1.0,0.0,0.0,0.0,0.0,3.0,0.0,0.0,0.0,0.0,0.6666666666666666,0.0,0.3333333333333333,0.0,0.0,0.0,0.0,0.9182958340544896,0.265447025779401
exprimer,word,2.0,0.0,0.0,0.0,0.0,1.0,0.0,0.0,0.0,0.0,0.0,3.0,0.6666666666666666,0.0,0.0,0.0,0.0,0.3333333333333333,0.0,0.0,0.0,0.0,0.0,0.9182958340544896,0.265447025779401
cul,word,2.0,1.0,0.0,0.0,0.0,0.0,0.0,0.0,0.0,0.0,0.0,3.0,0.6666666666666666,0.3333333333333333,0.0,0.0,0.0,0.0,0.0,0.0,0.0,0.0,0.0,0.9182958340544896,0.265447025779401
population,word,2.0,0.0,0.0,1.0,0.0,0.0,0.0,0.0,0.0,0.0,0.0,3.0,0.6666666666666666,0.0,0.0,0.3333333333333333,0.0,0.0,0.0,0.0,0.0,0.0,0.0,0.9182958340544896,0.265447025779401
cérémonie,word,0.0,0.0,2.0,0.0,0.0,0.0,1.0,0.0,0.0,0.0,0.0,3.0,0.0,0.0,0.6666666666666666,0.0,0.0,0.0,0.3333333333333333,0.0,0.0,0.0,0.0,0.9182958340544896,0.265447025779401
cérémonie,lemma,0.0,0.0,2.0,0.0,0.0,0.0,1.0,0.0,0.0,0.0,0.0,3.0,0.0,0.0,0.6666666666666666,0.0,0.0,0.0,0.3333333333333333,0.0,0.0,0.0,0.0,0.9182958340544896,0.265447025779401
crasseuse,lemma,2.0,4.0,0.0,0.0,0.0,0.0,0.0,0.0,0.0,0.0,0.0,6.0,0.3333333333333333,0.6666666666666666,0.0,0.0,0.0,0.0,0.0,0.0,0.0,0.0,0.0,0.9182958340544896,0.265447025779401
plaît,word,2.0,0.0,1.0,0.0,0.0,0.0,0.0,0.0,0.0,0.0,0.0,3.0,0.6666666666666666,0.0,0.3333333333333333,0.0,0.0,0.0,0.0,0.0,0.0,0.0,0.0,0.9182958340544896,0.265447025779401
crient,word,0.0,0.0,0.0,2.0,1.0,0.0,0.0,0.0,0.0,0.0,0.0,3.0,0.0,0.0,0.0,0.6666666666666666,0.3333333333333333,0.0,0.0,0.0,0.0,0.0,0.0,0.9182958340544896,0.265447025779401
crasseux,lemma,1.0,2.0,0.0,0.0,0.0,0.0,0.0,0.0,0.0,0.0,0.0,3.0,0.3333333333333333,0.6666666666666666,0.0,0.0,0.0,0.0,0.0,0.0,0.0,0.0,0.0,0.9182958340544896,0.265447025779401
journée,lemma,2.0,0.0,1.0,0.0,0.0,0.0,0.0,0.0,0.0,0.0,0.0,3.0,0.6666666666666666,0.0,0.3333333333333333,0.0,0.0,0.0,0.0,0.0,0.0,0.0,0.0,0.9182958340544896,0.265447025779401
jouets,word,0.0,0.0,2.0,0.0,0.0,1.0,0.0,0.0,0.0,0.0,0.0,3.0,0.0,0.0,0.6666666666666666,0.0,0.0,0.3333333333333333,0.0,0.0,0.0,0.0,0.0,0.9182958340544896,0.265447025779401
abeille,lemma,0.0,0.0,0.0,2.0,0.0,1.0,0.0,0.0,0.0,0.0,0.0,3.0,0.0,0.0,0.0,0.6666666666666666,0.0,0.3333333333333333,0.0,0.0,0.0,0.0,0.0,0.9182958340544896,0.265447025779401
pavé,lemma,0.0,0.0,0.0,0.0,1.0,2.0,0.0,0.0,0.0,0.0,0.0,3.0,0.0,0.0,0.0,0.0,0.3333333333333333,0.6666666666666666,0.0,0.0,0.0,0.0,0.0,0.9182958340544896,0.265447025779401
célèbre,lemma,2.0,0.0,0.0,0.0,0.0,1.0,0.0,0.0,0.0,0.0,0.0,3.0,0.6666666666666666,0.0,0.0,0.0,0.0,0.3333333333333333,0.0,0.0,0.0,0.0,0.0,0.9182958340544896,0.265447025779401
portable,lemma,0.0,0.0,0.0,2.0,1.0,0.0,0.0,0.0,0.0,0.0,0.0,3.0,0.0,0.0,0.0,0.6666666666666666,0.3333333333333333,0.0,0.0,0.0,0.0,0.0,0.0,0.9182958340544896,0.265447025779401
déforestation,word,0.0,0.0,0.0,2.0,0.0,1.0,0.0,0.0,0.0,0.0,0.0,3.0,0.0,0.0,0.0,0.6666666666666666,0.0,0.3333333333333333,0.0,0.0,0.0,0.0,0.0,0.9182958340544896,0.265447025779401
déforestation,lemma,0.0,0.0,0.0,2.0,0.0,1.0,0.0,0.0,0.0,0.0,0.0,3.0,0.0,0.0,0.0,0.6666666666666666,0.0,0.3333333333333333,0.0,0.0,0.0,0.0,0.0,0.9182958340544896,0.265447025779401
dépenser,word,1.0,0.0,0.0,2.0,0.0,0.0,0.0,0.0,0.0,0.0,0.0,3.0,0.3333333333333333,0.0,0.0,0.6666666666666666,0.0,0.0,0.0,0.0,0.0,0.0,0.0,0.9182958340544896,0.265447025779401
dépenser,lemma,1.0,0.0,0.0,2.0,0.0,0.0,0.0,0.0,0.0,0.0,0.0,3.0,0.3333333333333333,0.0,0.0,0.6666666666666666,0.0,0.0,0.0,0.0,0.0,0.0,0.0,0.9182958340544896,0.265447025779401
légende,word,0.0,0.0,0.0,0.0,0.0,0.0,2.0,0.0,0.0,1.0,0.0,3.0,0.0,0.0,0.0,0.0,0.0,0.0,0.6666666666666666,0.0,0.0,0.3333333333333333,0.0,0.9182958340544896,0.265447025779401
députés,word,1.0,0.0,2.0,0.0,0.0,0.0,0.0,0.0,0.0,0.0,0.0,3.0,0.3333333333333333,0.0,0.6666666666666666,0.0,0.0,0.0,0.0,0.0,0.0,0.0,0.0,0.9182958340544896,0.265447025779401
député,lemma,1.0,0.0,2.0,0.0,0.0,0.0,0.0,0.0,0.0,0.0,0.0,3.0,0.3333333333333333,0.0,0.6666666666666666,0.0,0.0,0.0,0.0,0.0,0.0,0.0,0.0,0.9182958340544896,0.265447025779401
déplacer,word,1.0,0.0,0.0,0.0,0.0,2.0,0.0,0.0,0.0,0.0,0.0,3.0,0.3333333333333333,0.0,0.0,0.0,0.0,0.6666666666666666,0.0,0.0,0.0,0.0,0.0,0.9182958340544896,0.265447025779401
spectacle,word,0.0,0.0,2.0,1.0,0.0,0.0,0.0,0.0,0.0,0.0,0.0,3.0,0.0,0.0,0.6666666666666666,0.3333333333333333,0.0,0.0,0.0,0.0,0.0,0.0,0.0,0.9182958340544896,0.265447025779401
souvenir,lemma,0.0,0.0,6.0,0.0,0.0,3.0,0.0,0.0,0.0,0.0,0.0,9.0,0.0,0.0,0.6666666666666666,0.0,0.0,0.3333333333333333,0.0,0.0,0.0,0.0,0.0,0.9182958340544896,0.265447025779401
bisou,lemma,0.0,1.0,2.0,0.0,0.0,0.0,0.0,0.0,0.0,0.0,0.0,3.0,0.0,0.3333333333333333,0.6666666666666666,0.0,0.0,0.0,0.0,0.0,0.0,0.0,0.0,0.9182958340544896,0.265447025779401
sûrement,word,0.0,0.0,1.0,0.0,2.0,0.0,0.0,0.0,0.0,0.0,0.0,3.0,0.0,0.0,0.3333333333333333,0.0,0.6666666666666666,0.0,0.0,0.0,0.0,0.0,0.0,0.9182958340544896,0.265447025779401
birmanie,lemma,0.0,0.0,0.0,2.0,0.0,1.0,0.0,0.0,0.0,0.0,0.0,3.0,0.0,0.0,0.0,0.6666666666666666,0.0,0.3333333333333333,0.0,0.0,0.0,0.0,0.0,0.9182958340544896,0.265447025779401
birmane,word,1.0,0.0,0.0,2.0,0.0,0.0,0.0,0.0,0.0,0.0,0.0,3.0,0.3333333333333333,0.0,0.0,0.6666666666666666,0.0,0.0,0.0,0.0,0.0,0.0,0.0,0.9182958340544896,0.265447025779401
birman,lemma,1.0,0.0,0.0,2.0,0.0,0.0,0.0,0.0,0.0,0.0,0.0,3.0,0.3333333333333333,0.0,0.0,0.6666666666666666,0.0,0.0,0.0,0.0,0.0,0.0,0.0,0.9182958340544896,0.265447025779401
besoin,word,0.0,1.0,2.0,0.0,0.0,0.0,0.0,0.0,0.0,0.0,0.0,3.0,0.0,0.3333333333333333,0.6666666666666666,0.0,0.0,0.0,0.0,0.0,0.0,0.0,0.0,0.9182958340544896,0.265447025779401
fièvre,lemma,0.0,0.0,0.0,2.0,0.0,0.0,0.0,0.0,1.0,0.0,0.0,3.0,0.0,0.0,0.0,0.6666666666666666,0.0,0.0,0.0,0.0,0.3333333333333333,0.0,0.0,0.9182958340544896,0.265447025779401
fières,word,0.0,0.0,1.0,0.0,0.0,0.0,0.0,0.0,0.0,2.0,0.0,3.0,0.0,0.0,0.3333333333333333,0.0,0.0,0.0,0.0,0.0,0.0,0.6666666666666666,0.0,0.9182958340544896,0.265447025779401
forcé,word,2.0,0.0,0.0,0.0,0.0,1.0,0.0,0.0,0.0,0.0,0.0,3.0,0.6666666666666666,0.0,0.0,0.0,0.0,0.3333333333333333,0.0,0.0,0.0,0.0,0.0,0.9182958340544896,0.265447025779401
force,lemma,1.0,0.0,0.0,2.0,0.0,0.0,0.0,0.0,0.0,0.0,0.0,3.0,0.3333333333333333,0.0,0.0,0.6666666666666666,0.0,0.0,0.0,0.0,0.0,0.0,0.0,0.9182958340544896,0.265447025779401
immenses,word,2.0,0.0,0.0,0.0,0.0,0.0,1.0,0.0,0.0,0.0,0.0,3.0,0.6666666666666666,0.0,0.0,0.0,0.0,0.0,0.3333333333333333,0.0,0.0,0.0,0.0,0.9182958340544896,0.265447025779401
braconnage,word,1.0,0.0,0.0,0.0,0.0,2.0,0.0,0.0,0.0,0.0,0.0,3.0,0.3333333333333333,0.0,0.0,0.0,0.0,0.6666666666666666,0.0,0.0,0.0,0.0,0.0,0.9182958340544896,0.265447025779401
braconnage,lemma,1.0,0.0,0.0,0.0,0.0,2.0,0.0,0.0,0.0,0.0,0.0,3.0,0.3333333333333333,0.0,0.0,0.0,0.0,0.6666666666666666,0.0,0.0,0.0,0.0,0.0,0.9182958340544896,0.265447025779401
birmanie,word,0.0,0.0,0.0,2.0,0.0,1.0,0.0,0.0,0.0,0.0,0.0,3.0,0.0,0.0,0.0,0.6666666666666666,0.0,0.3333333333333333,0.0,0.0,0.0,0.0,0.0,0.9182958340544896,0.265447025779401
magnifique,lemma,0.0,0.0,1.0,0.0,0.0,0.0,2.0,0.0,0.0,0.0,0.0,3.0,0.0,0.0,0.3333333333333333,0.0,0.0,0.0,0.6666666666666666,0.0,0.0,0.0,0.0,0.9182958340544896,0.265447025779401
rêver,word,0.0,0.0,2.0,0.0,0.0,0.0,0.0,0.0,0.0,1.0,0.0,3.0,0.0,0.0,0.6666666666666666,0.0,0.0,0.0,0.0,0.0,0.0,0.3333333333333333,0.0,0.9182958340544896,0.265447025779401
cacher,word,6.0,0.0,0.0,3.0,0.0,0.0,0.0,0.0,0.0,0.0,0.0,9.0,0.6666666666666666,0.0,0.0,0.3333333333333333,0.0,0.0,0.0,0.0,0.0,0.0,0.0,0.9182958340544896,0.265447025779401
abeilles,word,0.0,0.0,0.0,2.0,0.0,1.0,0.0,0.0,0.0,0.0,0.0,3.0,0.0,0.0,0.0,0.6666666666666666,0.0,0.3333333333333333,0.0,0.0,0.0,0.0,0.0,0.9182958340544896,0.265447025779401
bébé,lemma,2.0,1.0,0.0,0.0,0.0,0.0,0.0,0.0,0.0,0.0,0.0,3.0,0.6666666666666666,0.3333333333333333,0.0,0.0,0.0,0.0,0.0,0.0,0.0,0.0,0.0,0.9182958340544896,0.265447025779401
semaine,lemma,0.0,0.0,2.0,1.0,0.0,0.0,0.0,0.0,0.0,0.0,0.0,3.0,0.0,0.0,0.6666666666666666,0.3333333333333333,0.0,0.0,0.0,0.0,0.0,0.0,0.0,0.9182958340544896,0.265447025779401
secret,lemma,0.0,0.0,0.0,2.0,0.0,0.0,0.0,0.0,0.0,1.0,0.0,3.0,0.0,0.0,0.0,0.6666666666666666,0.0,0.0,0.0,0.0,0.0,0.3333333333333333,0.0,0.9182958340544896,0.265447025779401
score,word,0.0,0.0,0.0,0.0,1.0,2.0,0.0,0.0,0.0,0.0,0.0,3.0,0.0,0.0,0.0,0.0,0.3333333333333333,0.6666666666666666,0.0,0.0,0.0,0.0,0.0,0.9182958340544896,0.265447025779401
scolaire,lemma,2.0,0.0,0.0,1.0,0.0,0.0,0.0,0.0,0.0,0.0,0.0,3.0,0.6666666666666666,0.0,0.0,0.3333333333333333,0.0,0.0,0.0,0.0,0.0,0.0,0.0,0.9182958340544896,0.265447025779401
imposer,word,0.0,0.0,0.0,2.0,0.0,1.0,0.0,0.0,0.0,0.0,0.0,3.0,0.0,0.0,0.0,0.6666666666666666,0.0,0.3333333333333333,0.0,0.0,0.0,0.0,0.0,0.9182958340544896,0.265447025779401
importante,word,1.0,0.0,0.0,2.0,0.0,0.0,0.0,0.0,0.0,0.0,0.0,3.0,0.3333333333333333,0.0,0.0,0.6666666666666666,0.0,0.0,0.0,0.0,0.0,0.0,0.0,0.9182958340544896,0.265447025779401
impressionnants,word,0.0,0.0,0.0,0.0,1.0,0.0,2.0,0.0,0.0,0.0,0.0,3.0,0.0,0.0,0.0,0.0,0.3333333333333333,0.0,0.6666666666666666,0.0,0.0,0.0,0.0,0.9182958340544896,0.265447025779401
immeubles,word,0.0,0.0,0.0,2.0,0.0,1.0,0.0,0.0,0.0,0.0,0.0,3.0,0.0,0.0,0.0,0.6666666666666666,0.0,0.3333333333333333,0.0,0.0,0.0,0.0,0.0,0.9182958340544896,0.265447025779401
incroyables,word,0.0,0.0,0.0,0.0,4.0,0.0,2.0,0.0,0.0,0.0,0.0,6.0,0.0,0.0,0.0,0.0,0.6666666666666666,0.0,0.3333333333333333,0.0,0.0,0.0,0.0,0.9182958340544896,0.265447025779401
inciter,lemma,2.0,1.0,0.0,0.0,0.0,0.0,0.0,0.0,0.0,0.0,0.0,3.0,0.6666666666666666,0.3333333333333333,0.0,0.0,0.0,0.0,0.0,0.0,0.0,0.0,0.0,0.9182958340544896,0.265447025779401
incapable,lemma,2.0,0.0,0.0,0.0,1.0,0.0,0.0,0.0,0.0,0.0,0.0,3.0,0.6666666666666666,0.0,0.0,0.0,0.3333333333333333,0.0,0.0,0.0,0.0,0.0,0.0,0.9182958340544896,0.265447025779401
informatiques,word,2.0,0.0,0.0,1.0,0.0,0.0,0.0,0.0,0.0,0.0,0.0,3.0,0.6666666666666666,0.0,0.0,0.3333333333333333,0.0,0.0,0.0,0.0,0.0,0.0,0.0,0.9182958340544896,0.265447025779401
nouvelles,word,0.0,0.0,1.0,2.0,0.0,0.0,0.0,0.0,0.0,0.0,0.0,3.0,0.0,0.0,0.3333333333333333,0.6666666666666666,0.0,0.0,0.0,0.0,0.0,0.0,0.0,0.9182958340544896,0.265447025779401
notamment,word,0.0,0.0,0.0,2.0,0.0,1.0,0.0,0.0,0.0,0.0,0.0,3.0,0.0,0.0,0.0,0.6666666666666666,0.0,0.3333333333333333,0.0,0.0,0.0,0.0,0.0,0.9182958340544896,0.265447025779401
notamment,lemma,0.0,0.0,0.0,2.0,0.0,1.0,0.0,0.0,0.0,0.0,0.0,3.0,0.0,0.0,0.0,0.6666666666666666,0.0,0.3333333333333333,0.0,0.0,0.0,0.0,0.0,0.9182958340544896,0.265447025779401
décourage,word,1.0,0.0,0.0,0.0,0.0,2.0,0.0,0.0,0.0,0.0,0.0,3.0,0.3333333333333333,0.0,0.0,0.0,0.0,0.6666666666666666,0.0,0.0,0.0,0.0,0.0,0.9182958340544896,0.265447025779401
décourage,lemma,1.0,0.0,0.0,0.0,0.0,2.0,0.0,0.0,0.0,0.0,0.0,3.0,0.3333333333333333,0.0,0.0,0.0,0.0,0.6666666666666666,0.0,0.0,0.0,0.0,0.0,0.9182958340544896,0.265447025779401
déclaré,word,2.0,0.0,0.0,1.0,0.0,0.0,0.0,0.0,0.0,0.0,0.0,3.0,0.6666666666666666,0.0,0.0,0.3333333333333333,0.0,0.0,0.0,0.0,0.0,0.0,0.0,0.9182958340544896,0.265447025779401
décide,word,0.0,0.0,0.0,2.0,1.0,0.0,0.0,0.0,0.0,0.0,0.0,3.0,0.0,0.0,0.0,0.6666666666666666,0.3333333333333333,0.0,0.0,0.0,0.0,0.0,0.0,0.9182958340544896,0.265447025779401
impatiente,word,2.0,0.0,1.0,0.0,0.0,0.0,0.0,0.0,0.0,0.0,0.0,3.0,0.6666666666666666,0.0,0.3333333333333333,0.0,0.0,0.0,0.0,0.0,0.0,0.0,0.0,0.9182958340544896,0.265447025779401
suicider,lemma,0.0,0.0,0.0,1.0,0.0,2.0,0.0,0.0,0.0,0.0,0.0,3.0,0.0,0.0,0.0,0.3333333333333333,0.0,0.6666666666666666,0.0,0.0,0.0,0.0,0.0,0.9182958340544896,0.265447025779401
surgir,lemma,0.0,0.0,0.0,1.0,2.0,0.0,0.0,0.0,0.0,0.0,0.0,3.0,0.0,0.0,0.0,0.3333333333333333,0.6666666666666666,0.0,0.0,0.0,0.0,0.0,0.0,0.9182958340544896,0.265447025779401
système,word,1.0,0.0,0.0,2.0,0.0,0.0,0.0,0.0,0.0,0.0,0.0,3.0,0.3333333333333333,0.0,0.0,0.6666666666666666,0.0,0.0,0.0,0.0,0.0,0.0,0.0,0.9182958340544896,0.265447025779401
avouait,word,0.0,0.0,0.0,0.0,0.0,0.0,0.0,2.0,1.0,0.0,0.0,3.0,0.0,0.0,0.0,0.0,0.0,0.0,0.0,0.6666666666666666,0.3333333333333333,0.0,0.0,0.9182958340544896,0.265447025779401
déplacer,lemma,1.0,0.0,0.0,0.0,0.0,2.0,0.0,0.0,0.0,0.0,0.0,3.0,0.3333333333333333,0.0,0.0,0.0,0.0,0.6666666666666666,0.0,0.0,0.0,0.0,0.0,0.9182958340544896,0.265447025779401
sportif,lemma,0.0,0.0,0.0,0.0,1.0,0.0,0.0,0.0,0.0,2.0,0.0,3.0,0.0,0.0,0.0,0.0,0.3333333333333333,0.0,0.0,0.0,0.0,0.6666666666666666,0.0,0.9182958340544896,0.265447025779401
blancs,word,2.0,0.0,0.0,1.0,0.0,0.0,0.0,0.0,0.0,0.0,0.0,3.0,0.6666666666666666,0.0,0.0,0.3333333333333333,0.0,0.0,0.0,0.0,0.0,0.0,0.0,0.9182958340544896,0.265447025779401
succès,word,0.0,0.0,2.0,0.0,0.0,0.0,0.0,0.0,0.0,1.0,0.0,3.0,0.0,0.0,0.6666666666666666,0.0,0.0,0.0,0.0,0.0,0.0,0.3333333333333333,0.0,0.9182958340544896,0.265447025779401
succès,lemma,0.0,0.0,2.0,0.0,0.0,0.0,0.0,0.0,0.0,1.0,0.0,3.0,0.0,0.0,0.6666666666666666,0.0,0.0,0.0,0.0,0.0,0.0,0.3333333333333333,0.0,0.9182958340544896,0.265447025779401
subit,word,0.0,0.0,0.0,1.0,0.0,2.0,0.0,0.0,0.0,0.0,0.0,3.0,0.0,0.0,0.0,0.3333333333333333,0.0,0.6666666666666666,0.0,0.0,0.0,0.0,0.0,0.9182958340544896,0.265447025779401
subit,lemma,0.0,0.0,0.0,1.0,0.0,2.0,0.0,0.0,0.0,0.0,0.0,3.0,0.0,0.0,0.0,0.3333333333333333,0.0,0.6666666666666666,0.0,0.0,0.0,0.0,0.0,0.9182958340544896,0.265447025779401
bouger,lemma,0.0,0.0,1.0,2.0,0.0,0.0,0.0,0.0,0.0,0.0,0.0,3.0,0.0,0.0,0.3333333333333333,0.6666666666666666,0.0,0.0,0.0,0.0,0.0,0.0,0.0,0.9182958340544896,0.265447025779401
tempête,word,0.0,0.0,0.0,2.0,0.0,1.0,0.0,0.0,0.0,0.0,0.0,3.0,0.0,0.0,0.0,0.6666666666666666,0.0,0.3333333333333333,0.0,0.0,0.0,0.0,0.0,0.9182958340544896,0.265447025779401
tiens,word,0.0,0.0,0.0,0.0,2.0,0.0,0.0,0.0,0.0,1.0,0.0,3.0,0.0,0.0,0.0,0.0,0.6666666666666666,0.0,0.0,0.0,0.0,0.3333333333333333,0.0,0.9182958340544896,0.265447025779401
augmenter,lemma,2.0,0.0,0.0,1.0,0.0,0.0,0.0,0.0,0.0,0.0,0.0,3.0,0.6666666666666666,0.0,0.0,0.3333333333333333,0.0,0.0,0.0,0.0,0.0,0.0,0.0,0.9182958340544896,0.265447025779401
attentat,word,1.0,0.0,0.0,2.0,0.0,0.0,0.0,0.0,0.0,0.0,0.0,3.0,0.3333333333333333,0.0,0.0,0.6666666666666666,0.0,0.0,0.0,0.0,0.0,0.0,0.0,0.9182958340544896,0.265447025779401
attendre,word,0.0,0.0,2.0,0.0,0.0,0.0,0.0,0.0,1.0,0.0,0.0,3.0,0.0,0.0,0.6666666666666666,0.0,0.0,0.0,0.0,0.0,0.3333333333333333,0.0,0.0,0.9182958340544896,0.265447025779401
timides,word,0.0,0.0,1.0,0.0,0.0,0.0,0.0,0.0,2.0,0.0,0.0,3.0,0.0,0.0,0.3333333333333333,0.0,0.0,0.0,0.0,0.0,0.6666666666666666,0.0,0.0,0.9182958340544896,0.265447025779401
aventure,lemma,1.0,0.0,0.0,0.0,2.0,0.0,0.0,0.0,0.0,0.0,0.0,3.0,0.3333333333333333,0.0,0.0,0.0,0.6666666666666666,0.0,0.0,0.0,0.0,0.0,0.0,0.9182958340544896,0.265447025779401
avancer,lemma,2.0,1.0,0.0,0.0,0.0,0.0,0.0,0.0,0.0,0.0,0.0,3.0,0.6666666666666666,0.3333333333333333,0.0,0.0,0.0,0.0,0.0,0.0,0.0,0.0,0.0,0.9182958340544896,0.265447025779401
hors,lemma,0.0,0.0,0.0,3.0,6.0,0.0,0.0,0.0,0.0,0.0,0.0,9.0,0.0,0.0,0.0,0.3333333333333333,0.6666666666666666,0.0,0.0,0.0,0.0,0.0,0.0,0.9182958340544896,0.265447025779401
tel,lemma,0.0,0.0,0.0,0.0,2.0,0.0,0.0,0.0,0.0,0.0,1.0,3.0,0.0,0.0,0.0,0.0,0.6666666666666666,0.0,0.0,0.0,0.0,0.0,0.3333333333333333,0.9182958340544896,0.265447025779401
talent,word,0.0,0.0,1.0,0.0,0.0,0.0,0.0,0.0,0.0,2.0,0.0,3.0,0.0,0.0,0.3333333333333333,0.0,0.0,0.0,0.0,0.0,0.0,0.6666666666666666,0.0,0.9182958340544896,0.265447025779401
sœurs,word,2.0,0.0,0.0,0.0,0.0,1.0,0.0,0.0,0.0,0.0,0.0,3.0,0.6666666666666666,0.0,0.0,0.0,0.0,0.3333333333333333,0.0,0.0,0.0,0.0,0.0,0.9182958340544896,0.265447025779401
stupide,word,1.0,0.0,0.0,0.0,0.0,2.0,0.0,0.0,0.0,0.0,0.0,3.0,0.3333333333333333,0.0,0.0,0.0,0.0,0.6666666666666666,0.0,0.0,0.0,0.0,0.0,0.9182958340544896,0.265447025779401
malades,word,0.0,0.0,0.0,2.0,0.0,1.0,0.0,0.0,0.0,0.0,0.0,3.0,0.0,0.0,0.0,0.6666666666666666,0.0,0.3333333333333333,0.0,0.0,0.0,0.0,0.0,0.9182958340544896,0.265447025779401
maltraitées,word,0.0,0.0,0.0,1.0,0.0,2.0,0.0,0.0,0.0,0.0,0.0,3.0,0.0,0.0,0.0,0.3333333333333333,0.0,0.6666666666666666,0.0,0.0,0.0,0.0,0.0,0.9182958340544896,0.265447025779401
maltraité,lemma,0.0,0.0,0.0,0.0,1.0,2.0,0.0,0.0,0.0,0.0,0.0,3.0,0.0,0.0,0.0,0.0,0.3333333333333333,0.6666666666666666,0.0,0.0,0.0,0.0,0.0,0.9182958340544896,0.265447025779401
maltraiter,lemma,0.0,0.0,0.0,2.0,0.0,4.0,0.0,0.0,0.0,0.0,0.0,6.0,0.0,0.0,0.0,0.3333333333333333,0.0,0.6666666666666666,0.0,0.0,0.0,0.0,0.0,0.9182958340544896,0.265447025779401
maltraitance,lemma,0.0,0.0,0.0,1.0,0.0,2.0,0.0,0.0,0.0,0.0,0.0,3.0,0.0,0.0,0.0,0.3333333333333333,0.0,0.6666666666666666,0.0,0.0,0.0,0.0,0.0,0.9182958340544896,0.265447025779401
fièvre,word,0.0,0.0,0.0,2.0,0.0,0.0,0.0,0.0,1.0,0.0,0.0,3.0,0.0,0.0,0.0,0.6666666666666666,0.0,0.0,0.0,0.0,0.3333333333333333,0.0,0.0,0.9182958340544896,0.265447025779401
beal,lemma,0.0,0.0,2.0,0.0,1.0,0.0,0.0,0.0,0.0,0.0,0.0,3.0,0.0,0.0,0.6666666666666666,0.0,0.3333333333333333,0.0,0.0,0.0,0.0,0.0,0.0,0.9182958340544896,0.265447025779401
bateaux,word,2.0,0.0,0.0,1.0,0.0,0.0,0.0,0.0,0.0,0.0,0.0,3.0,0.6666666666666666,0.0,0.0,0.3333333333333333,0.0,0.0,0.0,0.0,0.0,0.0,0.0,0.9182958340544896,0.265447025779401
montagne,lemma,1.0,0.0,0.0,2.0,0.0,0.0,0.0,0.0,0.0,0.0,0.0,3.0,0.3333333333333333,0.0,0.0,0.6666666666666666,0.0,0.0,0.0,0.0,0.0,0.0,0.0,0.9182958340544896,0.265447025779401
effondrés,word,0.0,0.0,0.0,2.0,0.0,1.0,0.0,0.0,0.0,0.0,0.0,3.0,0.0,0.0,0.0,0.6666666666666666,0.0,0.3333333333333333,0.0,0.0,0.0,0.0,0.0,0.9182958340544896,0.265447025779401
effondrement,word,0.0,0.0,0.0,1.0,0.0,2.0,0.0,0.0,0.0,0.0,0.0,3.0,0.0,0.0,0.0,0.3333333333333333,0.0,0.6666666666666666,0.0,0.0,0.0,0.0,0.0,0.9182958340544896,0.265447025779401
suicider,word,0.0,0.0,0.0,1.0,0.0,2.0,0.0,0.0,0.0,0.0,0.0,3.0,0.0,0.0,0.0,0.3333333333333333,0.0,0.6666666666666666,0.0,0.0,0.0,0.0,0.0,0.9182958340544896,0.265447025779401
moyens,word,2.0,0.0,0.0,0.0,0.0,1.0,0.0,0.0,0.0,0.0,0.0,3.0,0.6666666666666666,0.0,0.0,0.0,0.0,0.3333333333333333,0.0,0.0,0.0,0.0,0.0,0.9182958340544896,0.265447025779401
moyen,lemma,2.0,0.0,0.0,0.0,0.0,1.0,0.0,0.0,0.0,0.0,0.0,3.0,0.6666666666666666,0.0,0.0,0.0,0.0,0.3333333333333333,0.0,0.0,0.0,0.0,0.0,0.9182958340544896,0.265447025779401
sérieux,lemma,2.0,1.0,0.0,0.0,0.0,0.0,0.0,0.0,0.0,0.0,0.0,3.0,0.6666666666666666,0.3333333333333333,0.0,0.0,0.0,0.0,0.0,0.0,0.0,0.0,0.0,0.9182958340544896,0.265447025779401
série,word,0.0,1.0,0.0,0.0,2.0,0.0,0.0,0.0,0.0,0.0,0.0,3.0,0.0,0.3333333333333333,0.0,0.0,0.6666666666666666,0.0,0.0,0.0,0.0,0.0,0.0,0.9182958340544896,0.265447025779401
série,lemma,0.0,1.0,0.0,0.0,2.0,0.0,0.0,0.0,0.0,0.0,0.0,3.0,0.0,0.3333333333333333,0.0,0.0,0.6666666666666666,0.0,0.0,0.0,0.0,0.0,0.0,0.9182958340544896,0.265447025779401
ballet,word,0.0,0.0,2.0,0.0,1.0,0.0,0.0,0.0,0.0,0.0,0.0,3.0,0.0,0.0,0.6666666666666666,0.0,0.3333333333333333,0.0,0.0,0.0,0.0,0.0,0.0,0.9182958340544896,0.265447025779401
ballet,lemma,0.0,0.0,2.0,0.0,1.0,0.0,0.0,0.0,0.0,0.0,0.0,3.0,0.0,0.0,0.6666666666666666,0.0,0.3333333333333333,0.0,0.0,0.0,0.0,0.0,0.0,0.9182958340544896,0.265447025779401
baissant,word,0.0,0.0,0.0,2.0,0.0,0.0,0.0,0.0,1.0,0.0,0.0,3.0,0.0,0.0,0.0,0.6666666666666666,0.0,0.0,0.0,0.0,0.3333333333333333,0.0,0.0,0.9182958340544896,0.265447025779401
sévère,word,1.0,0.0,0.0,2.0,0.0,0.0,0.0,0.0,0.0,0.0,0.0,3.0,0.3333333333333333,0.0,0.0,0.6666666666666666,0.0,0.0,0.0,0.0,0.0,0.0,0.0,0.9182958340544896,0.265447025779401
stupide,lemma,1.0,0.0,0.0,0.0,0.0,2.0,0.0,0.0,0.0,0.0,0.0,3.0,0.3333333333333333,0.0,0.0,0.0,0.0,0.6666666666666666,0.0,0.0,0.0,0.0,0.0,0.9182958340544896,0.265447025779401
suite,word,1.0,0.0,2.0,0.0,0.0,0.0,0.0,0.0,0.0,0.0,0.0,3.0,0.3333333333333333,0.0,0.6666666666666666,0.0,0.0,0.0,0.0,0.0,0.0,0.0,0.0,0.9182958340544896,0.265447025779401
suite,lemma,1.0,0.0,2.0,0.0,0.0,0.0,0.0,0.0,0.0,0.0,0.0,3.0,0.3333333333333333,0.0,0.6666666666666666,0.0,0.0,0.0,0.0,0.0,0.0,0.0,0.0,0.9182958340544896,0.265447025779401
effondrement,lemma,0.0,0.0,0.0,1.0,0.0,2.0,0.0,0.0,0.0,0.0,0.0,3.0,0.0,0.0,0.0,0.3333333333333333,0.0,0.6666666666666666,0.0,0.0,0.0,0.0,0.0,0.9182958340544896,0.265447025779401
souffrir,word,0.0,1.0,0.0,2.0,0.0,12.0,0.0,0.0,0.0,0.0,0.0,15.0,0.0,0.06666666666666667,0.0,0.13333333333333333,0.0,0.8,0.0,0.0,0.0,0.0,0.0,0.9055872616982603,0.2617734245184993
loi,lemma,19.0,0.0,0.0,4.0,0.0,1.0,0.0,0.0,0.0,0.0,0.0,24.0,0.7916666666666666,0.0,0.0,0.16666666666666666,0.0,0.041666666666666664,0.0,0.0,0.0,0.0,0.0,0.8886865525783176,0.2568880239720939
victoire,word,1.0,0.0,16.0,0.0,0.0,0.0,0.0,0.0,0.0,3.0,0.0,20.0,0.05,0.0,0.8,0.0,0.0,0.0,0.0,0.0,0.0,0.15,0.0,0.8841837197791889,0.25558641339107524
victoire,lemma,1.0,0.0,16.0,0.0,0.0,0.0,0.0,0.0,0.0,3.0,0.0,20.0,0.05,0.0,0.8,0.0,0.0,0.0,0.0,0.0,0.0,0.15,0.0,0.8841837197791889,0.25558641339107524
descendre,lemma,7.0,0.0,3.0,0.0,0.0,0.0,0.0,0.0,0.0,0.0,0.0,10.0,0.7,0.0,0.3,0.0,0.0,0.0,0.0,0.0,0.0,0.0,0.0,0.8812908992306927,0.2547502007216554
casse,word,7.0,0.0,0.0,0.0,0.0,3.0,0.0,0.0,0.0,0.0,0.0,10.0,0.7,0.0,0.0,0.0,0.0,0.3,0.0,0.0,0.0,0.0,0.0,0.8812908992306927,0.2547502007216554
carburant,lemma,10.0,0.0,0.0,4.0,0.0,0.0,0.0,0.0,0.0,0.0,0.0,14.0,0.7142857142857143,0.0,0.0,0.2857142857142857,0.0,0.0,0.0,0.0,0.0,0.0,0.0,0.863120568566631,0.2494977972441098
venger,lemma,5.0,0.0,0.0,0.0,0.0,2.0,0.0,0.0,0.0,0.0,0.0,7.0,0.7142857142857143,0.0,0.0,0.0,0.0,0.2857142857142857,0.0,0.0,0.0,0.0,0.0,0.863120568566631,0.2494977972441098
venger,word,5.0,0.0,0.0,0.0,0.0,2.0,0.0,0.0,0.0,0.0,0.0,7.0,0.7142857142857143,0.0,0.0,0.0,0.0,0.2857142857142857,0.0,0.0,0.0,0.0,0.0,0.863120568566631,0.2494977972441098
critiques,word,5.0,0.0,0.0,2.0,0.0,0.0,0.0,0.0,0.0,0.0,0.0,7.0,0.7142857142857143,0.0,0.0,0.2857142857142857,0.0,0.0,0.0,0.0,0.0,0.0,0.0,0.863120568566631,0.2494977972441098
dansé,word,0.0,0.0,5.0,0.0,0.0,0.0,0.0,0.0,0.0,2.0,0.0,7.0,0.0,0.0,0.7142857142857143,0.0,0.0,0.0,0.0,0.0,0.0,0.2857142857142857,0.0,0.863120568566631,0.2494977972441098
dollar,lemma,0.0,0.0,5.0,0.0,2.0,0.0,0.0,0.0,0.0,0.0,0.0,7.0,0.0,0.0,0.7142857142857143,0.0,0.2857142857142857,0.0,0.0,0.0,0.0,0.0,0.0,0.863120568566631,0.2494977972441098
souvenir,word,0.0,0.0,5.0,0.0,0.0,2.0,0.0,0.0,0.0,0.0,0.0,7.0,0.0,0.0,0.7142857142857143,0.0,0.0,0.2857142857142857,0.0,0.0,0.0,0.0,0.0,0.863120568566631,0.2494977972441098
dollars,word,0.0,0.0,5.0,0.0,2.0,0.0,0.0,0.0,0.0,0.0,0.0,7.0,0.0,0.0,0.7142857142857143,0.0,0.2857142857142857,0.0,0.0,0.0,0.0,0.0,0.0,0.863120568566631,0.2494977972441098
religion,word,5.0,0.0,0.0,2.0,0.0,0.0,0.0,0.0,0.0,0.0,0.0,7.0,0.7142857142857143,0.0,0.0,0.2857142857142857,0.0,0.0,0.0,0.0,0.0,0.0,0.0,0.863120568566631,0.2494977972441098
paul,word,5.0,2.0,0.0,0.0,0.0,0.0,0.0,0.0,0.0,0.0,0.0,7.0,0.7142857142857143,0.2857142857142857,0.0,0.0,0.0,0.0,0.0,0.0,0.0,0.0,0.0,0.863120568566631,0.2494977972441098
insulté,word,2.0,0.0,0.0,0.0,0.0,0.0,0.0,0.0,5.0,0.0,0.0,7.0,0.2857142857142857,0.0,0.0,0.0,0.0,0.0,0.0,0.0,0.7142857142857143,0.0,0.0,0.863120568566631,0.2494977972441098
partager,lemma,5.0,0.0,2.0,0.0,0.0,0.0,0.0,0.0,0.0,0.0,0.0,7.0,0.7142857142857143,0.0,0.2857142857142857,0.0,0.0,0.0,0.0,0.0,0.0,0.0,0.0,0.863120568566631,0.2494977972441098
famine,lemma,0.0,0.0,0.0,5.0,0.0,2.0,0.0,0.0,0.0,0.0,0.0,7.0,0.0,0.0,0.0,0.7142857142857143,0.0,0.2857142857142857,0.0,0.0,0.0,0.0,0.0,0.863120568566631,0.2494977972441098
crasseuse,word,2.0,5.0,0.0,0.0,0.0,0.0,0.0,0.0,0.0,0.0,0.0,7.0,0.2857142857142857,0.7142857142857143,0.0,0.0,0.0,0.0,0.0,0.0,0.0,0.0,0.0,0.863120568566631,0.2494977972441098
paul,lemma,5.0,2.0,0.0,0.0,0.0,0.0,0.0,0.0,0.0,0.0,0.0,7.0,0.7142857142857143,0.2857142857142857,0.0,0.0,0.0,0.0,0.0,0.0,0.0,0.0,0.0,0.863120568566631,0.2494977972441098
menacé,word,3.0,0.0,0.0,8.0,0.0,0.0,0.0,0.0,0.0,0.0,0.0,11.0,0.2727272727272727,0.0,0.0,0.7272727272727273,0.0,0.0,0.0,0.0,0.0,0.0,0.0,0.8453509366224364,0.2443612216724284
bombe,lemma,3.0,0.0,0.0,8.0,0.0,0.0,0.0,0.0,0.0,0.0,0.0,11.0,0.2727272727272727,0.0,0.0,0.7272727272727273,0.0,0.0,0.0,0.0,0.0,0.0,0.0,0.8453509366224364,0.2443612216724284
mourir,word,0.0,0.0,0.0,8.0,0.0,3.0,0.0,0.0,0.0,0.0,0.0,11.0,0.0,0.0,0.0,0.7272727272727273,0.0,0.2727272727272727,0.0,0.0,0.0,0.0,0.0,0.8453509366224364,0.2443612216724284
élection,word,11.0,0.0,4.0,0.0,0.0,0.0,0.0,0.0,0.0,0.0,0.0,15.0,0.7333333333333333,0.0,0.26666666666666666,0.0,0.0,0.0,0.0,0.0,0.0,0.0,0.0,0.8366407419411672,0.24184341075969235
protéger,lemma,5.0,0.0,0.0,25.0,0.0,1.0,0.0,0.0,0.0,0.0,0.0,31.0,0.16129032258064516,0.0,0.0,0.8064516129032258,0.0,0.03225806451612903,0.0,0.0,0.0,0.0,0.0,0.8346464646189742,0.2412669353319229
payer,lemma,10.0,1.0,0.0,0.0,0.0,1.0,0.0,0.0,0.0,0.0,0.0,12.0,0.8333333333333334,0.08333333333333333,0.0,0.0,0.0,0.08333333333333333,0.0,0.0,0.0,0.0,0.0,0.8166890883150209,0.23607608946949568
t'as,word,10.0,1.0,0.0,0.0,1.0,0.0,0.0,0.0,0.0,0.0,0.0,12.0,0.8333333333333334,0.08333333333333333,0.0,0.0,0.08333333333333333,0.0,0.0,0.0,0.0,0.0,0.0,0.8166890883150209,0.23607608946949568
accord,lemma,20.0,0.0,2.0,2.0,0.0,0.0,0.0,0.0,0.0,0.0,0.0,24.0,0.8333333333333334,0.0,0.08333333333333333,0.08333333333333333,0.0,0.0,0.0,0.0,0.0,0.0,0.0,0.8166890883150209,0.23607608946949568
sourire,word,1.0,0.0,10.0,0.0,0.0,1.0,0.0,0.0,0.0,0.0,0.0,12.0,0.08333333333333333,0.0,0.8333333333333334,0.0,0.0,0.08333333333333333,0.0,0.0,0.0,0.0,0.0,0.8166890883150209,0.23607608946949568
message,lemma,3.0,0.0,1.0,0.0,0.0,0.0,0.0,0.0,0.0,0.0,0.0,4.0,0.75,0.0,0.25,0.0,0.0,0.0,0.0,0.0,0.0,0.0,0.0,0.8112781244591328,0.23451197014228103
mesures,word,6.0,0.0,0.0,2.0,0.0,0.0,0.0,0.0,0.0,0.0,0.0,8.0,0.75,0.0,0.0,0.25,0.0,0.0,0.0,0.0,0.0,0.0,0.0,0.8112781244591328,0.23451197014228103
système,lemma,1.0,0.0,0.0,3.0,0.0,0.0,0.0,0.0,0.0,0.0,0.0,4.0,0.25,0.0,0.0,0.75,0.0,0.0,0.0,0.0,0.0,0.0,0.0,0.8112781244591328,0.23451197014228103
arabe,lemma,1.0,3.0,0.0,0.0,0.0,0.0,0.0,0.0,0.0,0.0,0.0,4.0,0.25,0.75,0.0,0.0,0.0,0.0,0.0,0.0,0.0,0.0,0.0,0.8112781244591328,0.23451197014228103
défaite,lemma,3.0,0.0,0.0,0.0,0.0,1.0,0.0,0.0,0.0,0.0,0.0,4.0,0.75,0.0,0.0,0.0,0.0,0.25,0.0,0.0,0.0,0.0,0.0,0.8112781244591328,0.23451197014228103
suffisamment,lemma,6.0,0.0,0.0,2.0,0.0,0.0,0.0,0.0,0.0,0.0,0.0,8.0,0.75,0.0,0.0,0.25,0.0,0.0,0.0,0.0,0.0,0.0,0.0,0.8112781244591328,0.23451197014228103
tâche,lemma,3.0,1.0,0.0,0.0,0.0,0.0,0.0,0.0,0.0,0.0,0.0,4.0,0.75,0.25,0.0,0.0,0.0,0.0,0.0,0.0,0.0,0.0,0.0,0.8112781244591328,0.23451197014228103
passage,lemma,0.0,0.0,1.0,3.0,0.0,0.0,0.0,0.0,0.0,0.0,0.0,4.0,0.0,0.0,0.25,0.75,0.0,0.0,0.0,0.0,0.0,0.0,0.0,0.8112781244591328,0.23451197014228103
défaite,word,3.0,0.0,0.0,0.0,0.0,1.0,0.0,0.0,0.0,0.0,0.0,4.0,0.75,0.0,0.0,0.0,0.0,0.25,0.0,0.0,0.0,0.0,0.0,0.8112781244591328,0.23451197014228103
misère,lemma,0.0,0.0,0.0,1.0,0.0,3.0,0.0,0.0,0.0,0.0,0.0,4.0,0.0,0.0,0.0,0.25,0.0,0.75,0.0,0.0,0.0,0.0,0.0,0.8112781244591328,0.23451197014228103
menaçant,word,1.0,0.0,0.0,3.0,0.0,0.0,0.0,0.0,0.0,0.0,0.0,4.0,0.25,0.0,0.0,0.75,0.0,0.0,0.0,0.0,0.0,0.0,0.0,0.8112781244591328,0.23451197014228103
découvrir,word,0.0,0.0,1.0,0.0,3.0,0.0,0.0,0.0,0.0,0.0,0.0,4.0,0.0,0.0,0.25,0.0,0.75,0.0,0.0,0.0,0.0,0.0,0.0,0.8112781244591328,0.23451197014228103
odeur,lemma,1.0,3.0,0.0,0.0,0.0,0.0,0.0,0.0,0.0,0.0,0.0,4.0,0.25,0.75,0.0,0.0,0.0,0.0,0.0,0.0,0.0,0.0,0.0,0.8112781244591328,0.23451197014228103
croisière,word,0.0,0.0,3.0,0.0,0.0,1.0,0.0,0.0,0.0,0.0,0.0,4.0,0.0,0.0,0.75,0.0,0.0,0.25,0.0,0.0,0.0,0.0,0.0,0.8112781244591328,0.23451197014228103
croisière,lemma,0.0,0.0,3.0,0.0,0.0,1.0,0.0,0.0,0.0,0.0,0.0,4.0,0.0,0.0,0.75,0.0,0.0,0.25,0.0,0.0,0.0,0.0,0.0,0.8112781244591328,0.23451197014228103
expérience,word,0.0,0.0,0.0,0.0,3.0,1.0,0.0,0.0,0.0,0.0,0.0,4.0,0.0,0.0,0.0,0.0,0.75,0.25,0.0,0.0,0.0,0.0,0.0,0.8112781244591328,0.23451197014228103
expérience,lemma,0.0,0.0,0.0,0.0,3.0,1.0,0.0,0.0,0.0,0.0,0.0,4.0,0.0,0.0,0.0,0.0,0.75,0.25,0.0,0.0,0.0,0.0,0.0,0.8112781244591328,0.23451197014228103
expulser,word,3.0,1.0,0.0,0.0,0.0,0.0,0.0,0.0,0.0,0.0,0.0,4.0,0.75,0.25,0.0,0.0,0.0,0.0,0.0,0.0,0.0,0.0,0.0,0.8112781244591328,0.23451197014228103
expulser,lemma,3.0,1.0,0.0,0.0,0.0,0.0,0.0,0.0,0.0,0.0,0.0,4.0,0.75,0.25,0.0,0.0,0.0,0.0,0.0,0.0,0.0,0.0,0.0,0.8112781244591328,0.23451197014228103
passage,word,0.0,0.0,1.0,3.0,0.0,0.0,0.0,0.0,0.0,0.0,0.0,4.0,0.0,0.0,0.25,0.75,0.0,0.0,0.0,0.0,0.0,0.0,0.0,0.8112781244591328,0.23451197014228103
suffisamment,word,6.0,0.0,0.0,2.0,0.0,0.0,0.0,0.0,0.0,0.0,0.0,8.0,0.75,0.0,0.0,0.25,0.0,0.0,0.0,0.0,0.0,0.0,0.0,0.8112781244591328,0.23451197014228103
grogné,word,3.0,0.0,0.0,0.0,0.0,1.0,0.0,0.0,0.0,0.0,0.0,4.0,0.75,0.0,0.0,0.0,0.0,0.25,0.0,0.0,0.0,0.0,0.0,0.8112781244591328,0.23451197014228103
oser,lemma,0.0,0.0,0.0,1.0,0.0,0.0,0.0,0.0,3.0,0.0,0.0,4.0,0.0,0.0,0.0,0.25,0.0,0.0,0.0,0.0,0.75,0.0,0.0,0.8112781244591328,0.23451197014228103
extrêmement,lemma,0.0,0.0,0.0,3.0,0.0,1.0,0.0,0.0,0.0,0.0,0.0,4.0,0.0,0.0,0.0,0.75,0.0,0.25,0.0,0.0,0.0,0.0,0.0,0.8112781244591328,0.23451197014228103
composer,lemma,0.0,0.0,3.0,0.0,0.0,0.0,0.0,0.0,0.0,1.0,0.0,4.0,0.0,0.0,0.75,0.0,0.0,0.0,0.0,0.0,0.0,0.25,0.0,0.8112781244591328,0.23451197014228103
poisson,lemma,3.0,0.0,0.0,1.0,0.0,0.0,0.0,0.0,0.0,0.0,0.0,4.0,0.75,0.0,0.0,0.25,0.0,0.0,0.0,0.0,0.0,0.0,0.0,0.8112781244591328,0.23451197014228103
poissons,word,3.0,0.0,0.0,1.0,0.0,0.0,0.0,0.0,0.0,0.0,0.0,4.0,0.75,0.0,0.0,0.25,0.0,0.0,0.0,0.0,0.0,0.0,0.0,0.8112781244591328,0.23451197014228103
eh,word,0.0,0.0,0.0,0.0,3.0,1.0,0.0,0.0,0.0,0.0,0.0,4.0,0.0,0.0,0.0,0.0,0.75,0.25,0.0,0.0,0.0,0.0,0.0,0.8112781244591328,0.23451197014228103
lancer,lemma,3.0,0.0,0.0,1.0,0.0,0.0,0.0,0.0,0.0,0.0,0.0,4.0,0.75,0.0,0.0,0.25,0.0,0.0,0.0,0.0,0.0,0.0,0.0,0.8112781244591328,0.23451197014228103
procès,lemma,0.0,0.0,3.0,0.0,1.0,0.0,0.0,0.0,0.0,0.0,0.0,4.0,0.0,0.0,0.75,0.0,0.25,0.0,0.0,0.0,0.0,0.0,0.0,0.8112781244591328,0.23451197014228103
procès,word,0.0,0.0,3.0,0.0,1.0,0.0,0.0,0.0,0.0,0.0,0.0,4.0,0.0,0.0,0.75,0.0,0.25,0.0,0.0,0.0,0.0,0.0,0.0,0.8112781244591328,0.23451197014228103
chercher,lemma,1.0,0.0,0.0,3.0,0.0,0.0,0.0,0.0,0.0,0.0,0.0,4.0,0.25,0.0,0.0,0.75,0.0,0.0,0.0,0.0,0.0,0.0,0.0,0.8112781244591328,0.23451197014228103
augmentation,lemma,6.0,0.0,0.0,2.0,0.0,0.0,0.0,0.0,0.0,0.0,0.0,8.0,0.75,0.0,0.0,0.25,0.0,0.0,0.0,0.0,0.0,0.0,0.0,0.8112781244591328,0.23451197014228103
humains,word,0.0,0.0,0.0,3.0,0.0,1.0,0.0,0.0,0.0,0.0,0.0,4.0,0.0,0.0,0.0,0.75,0.0,0.25,0.0,0.0,0.0,0.0,0.0,0.8112781244591328,0.23451197014228103
proposer,lemma,3.0,0.0,0.0,1.0,0.0,0.0,0.0,0.0,0.0,0.0,0.0,4.0,0.75,0.0,0.0,0.25,0.0,0.0,0.0,0.0,0.0,0.0,0.0,0.8112781244591328,0.23451197014228103
protest,lemma,3.0,1.0,0.0,0.0,0.0,0.0,0.0,0.0,0.0,0.0,0.0,4.0,0.75,0.25,0.0,0.0,0.0,0.0,0.0,0.0,0.0,0.0,0.0,0.8112781244591328,0.23451197014228103
hui,word,0.0,0.0,0.0,1.0,3.0,0.0,0.0,0.0,0.0,0.0,0.0,4.0,0.0,0.0,0.0,0.25,0.75,0.0,0.0,0.0,0.0,0.0,0.0,0.8112781244591328,0.23451197014228103
tendue,word,3.0,0.0,0.0,1.0,0.0,0.0,0.0,0.0,0.0,0.0,0.0,4.0,0.75,0.0,0.0,0.25,0.0,0.0,0.0,0.0,0.0,0.0,0.0,0.8112781244591328,0.23451197014228103
aucune,word,3.0,0.0,0.0,0.0,0.0,1.0,0.0,0.0,0.0,0.0,0.0,4.0,0.75,0.0,0.0,0.0,0.0,0.25,0.0,0.0,0.0,0.0,0.0,0.8112781244591328,0.23451197014228103
aujourd,word,0.0,0.0,0.0,1.0,3.0,0.0,0.0,0.0,0.0,0.0,0.0,4.0,0.0,0.0,0.0,0.25,0.75,0.0,0.0,0.0,0.0,0.0,0.0,0.8112781244591328,0.23451197014228103
effet,lemma,1.0,0.0,0.0,3.0,0.0,0.0,0.0,0.0,0.0,0.0,0.0,4.0,0.25,0.0,0.0,0.75,0.0,0.0,0.0,0.0,0.0,0.0,0.0,0.8112781244591328,0.23451197014228103
sert,word,3.0,0.0,0.0,1.0,0.0,0.0,0.0,0.0,0.0,0.0,0.0,4.0,0.75,0.0,0.0,0.25,0.0,0.0,0.0,0.0,0.0,0.0,0.0,0.8112781244591328,0.23451197014228103
cauchemar,word,0.0,0.0,0.0,3.0,0.0,1.0,0.0,0.0,0.0,0.0,0.0,4.0,0.0,0.0,0.0,0.75,0.0,0.25,0.0,0.0,0.0,0.0,0.0,0.8112781244591328,0.23451197014228103
derrière,word,1.0,0.0,0.0,3.0,0.0,0.0,0.0,0.0,0.0,0.0,0.0,4.0,0.25,0.0,0.0,0.75,0.0,0.0,0.0,0.0,0.0,0.0,0.0,0.8112781244591328,0.23451197014228103
derrière,lemma,1.0,0.0,0.0,3.0,0.0,0.0,0.0,0.0,0.0,0.0,0.0,4.0,0.25,0.0,0.0,0.75,0.0,0.0,0.0,0.0,0.0,0.0,0.0,0.8112781244591328,0.23451197014228103
objets,word,0.0,0.0,0.0,0.0,3.0,0.0,1.0,0.0,0.0,0.0,0.0,4.0,0.0,0.0,0.0,0.0,0.75,0.0,0.25,0.0,0.0,0.0,0.0,0.8112781244591328,0.23451197014228103
athlète,lemma,1.0,0.0,0.0,3.0,0.0,0.0,0.0,0.0,0.0,0.0,0.0,4.0,0.25,0.0,0.0,0.75,0.0,0.0,0.0,0.0,0.0,0.0,0.0,0.8112781244591328,0.23451197014228103
catastrophes,word,0.0,0.0,0.0,3.0,0.0,1.0,0.0,0.0,0.0,0.0,0.0,4.0,0.0,0.0,0.0,0.75,0.0,0.25,0.0,0.0,0.0,0.0,0.0,0.8112781244591328,0.23451197014228103
arthur,word,0.0,1.0,3.0,0.0,0.0,0.0,0.0,0.0,0.0,0.0,0.0,4.0,0.0,0.25,0.75,0.0,0.0,0.0,0.0,0.0,0.0,0.0,0.0,0.8112781244591328,0.23451197014228103
comporter,lemma,3.0,1.0,0.0,0.0,0.0,0.0,0.0,0.0,0.0,0.0,0.0,4.0,0.75,0.25,0.0,0.0,0.0,0.0,0.0,0.0,0.0,0.0,0.0,0.8112781244591328,0.23451197014228103
suffire,lemma,6.0,0.0,0.0,0.0,0.0,2.0,0.0,0.0,0.0,0.0,0.0,8.0,0.75,0.0,0.0,0.0,0.0,0.25,0.0,0.0,0.0,0.0,0.0,0.8112781244591328,0.23451197014228103
travailleurs,word,3.0,0.0,0.0,1.0,0.0,0.0,0.0,0.0,0.0,0.0,0.0,4.0,0.75,0.0,0.0,0.25,0.0,0.0,0.0,0.0,0.0,0.0,0.0,0.8112781244591328,0.23451197014228103
travailleur,lemma,3.0,0.0,0.0,1.0,0.0,0.0,0.0,0.0,0.0,0.0,0.0,4.0,0.75,0.0,0.0,0.25,0.0,0.0,0.0,0.0,0.0,0.0,0.0,0.8112781244591328,0.23451197014228103
athlètes,word,1.0,0.0,0.0,3.0,0.0,0.0,0.0,0.0,0.0,0.0,0.0,4.0,0.25,0.0,0.0,0.75,0.0,0.0,0.0,0.0,0.0,0.0,0.0,0.8112781244591328,0.23451197014228103
eh,lemma,0.0,0.0,0.0,0.0,3.0,1.0,0.0,0.0,0.0,0.0,0.0,4.0,0.0,0.0,0.0,0.0,0.75,0.25,0.0,0.0,0.0,0.0,0.0,0.8112781244591328,0.23451197014228103
impressionnantes,word,0.0,0.0,0.0,0.0,1.0,0.0,3.0,0.0,0.0,0.0,0.0,4.0,0.0,0.0,0.0,0.0,0.25,0.0,0.75,0.0,0.0,0.0,0.0,0.8112781244591328,0.23451197014228103
drole,word,1.0,0.0,3.0,0.0,0.0,0.0,0.0,0.0,0.0,0.0,0.0,4.0,0.25,0.0,0.75,0.0,0.0,0.0,0.0,0.0,0.0,0.0,0.0,0.8112781244591328,0.23451197014228103
coupable,word,1.0,0.0,0.0,0.0,0.0,0.0,0.0,3.0,0.0,0.0,0.0,4.0,0.25,0.0,0.0,0.0,0.0,0.0,0.0,0.75,0.0,0.0,0.0,0.8112781244591328,0.23451197014228103
arthur,lemma,0.0,1.0,3.0,0.0,0.0,0.0,0.0,0.0,0.0,0.0,0.0,4.0,0.0,0.25,0.75,0.0,0.0,0.0,0.0,0.0,0.0,0.0,0.0,0.8112781244591328,0.23451197014228103
île,lemma,0.0,0.0,0.0,3.0,1.0,0.0,0.0,0.0,0.0,0.0,0.0,4.0,0.0,0.0,0.0,0.75,0.25,0.0,0.0,0.0,0.0,0.0,0.0,0.8112781244591328,0.23451197014228103
meme,lemma,3.0,0.0,0.0,0.0,0.0,1.0,0.0,0.0,0.0,0.0,0.0,4.0,0.75,0.0,0.0,0.0,0.0,0.25,0.0,0.0,0.0,0.0,0.0,0.8112781244591328,0.23451197014228103
conflits,word,3.0,0.0,0.0,1.0,0.0,0.0,0.0,0.0,0.0,0.0,0.0,4.0,0.75,0.0,0.0,0.25,0.0,0.0,0.0,0.0,0.0,0.0,0.0,0.8112781244591328,0.23451197014228103
garde,word,0.0,1.0,3.0,0.0,0.0,0.0,0.0,0.0,0.0,0.0,0.0,4.0,0.0,0.25,0.75,0.0,0.0,0.0,0.0,0.0,0.0,0.0,0.0,0.8112781244591328,0.23451197014228103
garde,lemma,0.0,1.0,3.0,0.0,0.0,0.0,0.0,0.0,0.0,0.0,0.0,4.0,0.0,0.25,0.75,0.0,0.0,0.0,0.0,0.0,0.0,0.0,0.0,0.8112781244591328,0.23451197014228103
illégalement,word,3.0,0.0,0.0,1.0,0.0,0.0,0.0,0.0,0.0,0.0,0.0,4.0,0.75,0.0,0.0,0.25,0.0,0.0,0.0,0.0,0.0,0.0,0.0,0.8112781244591328,0.23451197014228103
puissante,word,0.0,0.0,0.0,3.0,0.0,0.0,1.0,0.0,0.0,0.0,0.0,4.0,0.0,0.0,0.0,0.75,0.0,0.0,0.25,0.0,0.0,0.0,0.0,0.8112781244591328,0.23451197014228103
illégalemer,lemma,3.0,0.0,0.0,1.0,0.0,0.0,0.0,0.0,0.0,0.0,0.0,4.0,0.75,0.0,0.0,0.25,0.0,0.0,0.0,0.0,0.0,0.0,0.0,0.8112781244591328,0.23451197014228103
oreille,lemma,1.0,0.0,3.0,0.0,0.0,0.0,0.0,0.0,0.0,0.0,0.0,4.0,0.25,0.0,0.75,0.0,0.0,0.0,0.0,0.0,0.0,0.0,0.0,0.8112781244591328,0.23451197014228103
genre,lemma,3.0,0.0,0.0,0.0,0.0,0.0,1.0,0.0,0.0,0.0,0.0,4.0,0.75,0.0,0.0,0.0,0.0,0.0,0.25,0.0,0.0,0.0,0.0,0.8112781244591328,0.23451197014228103
garder,word,3.0,0.0,0.0,1.0,0.0,0.0,0.0,0.0,0.0,0.0,0.0,4.0,0.75,0.0,0.0,0.25,0.0,0.0,0.0,0.0,0.0,0.0,0.0,0.8112781244591328,0.23451197014228103
continue,word,3.0,1.0,0.0,0.0,0.0,0.0,0.0,0.0,0.0,0.0,0.0,4.0,0.75,0.25,0.0,0.0,0.0,0.0,0.0,0.0,0.0,0.0,0.0,0.8112781244591328,0.23451197014228103
forte,word,3.0,0.0,0.0,1.0,0.0,0.0,0.0,0.0,0.0,0.0,0.0,4.0,0.75,0.0,0.0,0.25,0.0,0.0,0.0,0.0,0.0,0.0,0.0,0.8112781244591328,0.23451197014228103
fermer,lemma,1.0,0.0,0.0,3.0,0.0,0.0,0.0,0.0,0.0,0.0,0.0,4.0,0.25,0.0,0.0,0.75,0.0,0.0,0.0,0.0,0.0,0.0,0.0,0.8112781244591328,0.23451197014228103
salles,word,0.0,0.0,1.0,3.0,0.0,0.0,0.0,0.0,0.0,0.0,0.0,4.0,0.0,0.0,0.25,0.75,0.0,0.0,0.0,0.0,0.0,0.0,0.0,0.8112781244591328,0.23451197014228103
armes,word,1.0,0.0,0.0,3.0,0.0,0.0,0.0,0.0,0.0,0.0,0.0,4.0,0.25,0.0,0.0,0.75,0.0,0.0,0.0,0.0,0.0,0.0,0.0,0.8112781244591328,0.23451197014228103
fortes,word,3.0,0.0,0.0,1.0,0.0,0.0,0.0,0.0,0.0,0.0,0.0,4.0,0.75,0.0,0.0,0.25,0.0,0.0,0.0,0.0,0.0,0.0,0.0,0.8112781244591328,0.23451197014228103
genre,word,3.0,0.0,0.0,0.0,0.0,0.0,1.0,0.0,0.0,0.0,0.0,4.0,0.75,0.0,0.0,0.0,0.0,0.0,0.25,0.0,0.0,0.0,0.0,0.8112781244591328,0.23451197014228103
religieuses,word,1.0,0.0,0.0,3.0,0.0,0.0,0.0,0.0,0.0,0.0,0.0,4.0,0.25,0.0,0.0,0.75,0.0,0.0,0.0,0.0,0.0,0.0,0.0,0.8112781244591328,0.23451197014228103
maisons,word,0.0,0.0,0.0,9.0,0.0,3.0,0.0,0.0,0.0,0.0,0.0,12.0,0.0,0.0,0.0,0.75,0.0,0.25,0.0,0.0,0.0,0.0,0.0,0.8112781244591328,0.23451197014228103
acheter,lemma,3.0,0.0,0.0,0.0,0.0,1.0,0.0,0.0,0.0,0.0,0.0,4.0,0.75,0.0,0.0,0.0,0.0,0.25,0.0,0.0,0.0,0.0,0.0,0.8112781244591328,0.23451197014228103
refusé,word,3.0,0.0,1.0,0.0,0.0,0.0,0.0,0.0,0.0,0.0,0.0,4.0,0.75,0.0,0.25,0.0,0.0,0.0,0.0,0.0,0.0,0.0,0.0,0.8112781244591328,0.23451197014228103
parce,word,1.0,0.0,0.0,3.0,0.0,0.0,0.0,0.0,0.0,0.0,0.0,4.0,0.25,0.0,0.0,0.75,0.0,0.0,0.0,0.0,0.0,0.0,0.0,0.8112781244591328,0.23451197014228103
parce,lemma,1.0,0.0,0.0,3.0,0.0,0.0,0.0,0.0,0.0,0.0,0.0,4.0,0.25,0.0,0.0,0.75,0.0,0.0,0.0,0.0,0.0,0.0,0.0,0.8112781244591328,0.23451197014228103
économique,lemma,3.0,0.0,0.0,1.0,0.0,0.0,0.0,0.0,0.0,0.0,0.0,4.0,0.75,0.0,0.0,0.25,0.0,0.0,0.0,0.0,0.0,0.0,0.0,0.8112781244591328,0.23451197014228103
maladie,word,0.0,0.0,0.0,6.0,0.0,2.0,0.0,0.0,0.0,0.0,0.0,8.0,0.0,0.0,0.0,0.75,0.0,0.25,0.0,0.0,0.0,0.0,0.0,0.8112781244591328,0.23451197014228103
donner,word,3.0,0.0,1.0,0.0,0.0,0.0,0.0,0.0,0.0,0.0,0.0,4.0,0.75,0.0,0.25,0.0,0.0,0.0,0.0,0.0,0.0,0.0,0.0,0.8112781244591328,0.23451197014228103
sort,lemma,3.0,1.0,0.0,0.0,0.0,0.0,0.0,0.0,0.0,0.0,0.0,4.0,0.75,0.25,0.0,0.0,0.0,0.0,0.0,0.0,0.0,0.0,0.0,0.8112781244591328,0.23451197014228103
sort,word,3.0,1.0,0.0,0.0,0.0,0.0,0.0,0.0,0.0,0.0,0.0,4.0,0.75,0.25,0.0,0.0,0.0,0.0,0.0,0.0,0.0,0.0,0.0,0.8112781244591328,0.23451197014228103
volontairement,lemma,3.0,0.0,0.0,0.0,0.0,1.0,0.0,0.0,0.0,0.0,0.0,4.0,0.75,0.0,0.0,0.0,0.0,0.25,0.0,0.0,0.0,0.0,0.0,0.8112781244591328,0.23451197014228103
retrouver,word,0.0,0.0,3.0,0.0,0.0,0.0,0.0,0.0,1.0,0.0,0.0,4.0,0.0,0.0,0.75,0.0,0.0,0.0,0.0,0.0,0.25,0.0,0.0,0.8112781244591328,0.23451197014228103
religion,lemma,6.0,0.0,0.0,2.0,0.0,0.0,0.0,0.0,0.0,0.0,0.0,8.0,0.75,0.0,0.0,0.25,0.0,0.0,0.0,0.0,0.0,0.0,0.0,0.8112781244591328,0.23451197014228103
glace,lemma,0.0,0.0,1.0,3.0,0.0,0.0,0.0,0.0,0.0,0.0,0.0,4.0,0.0,0.0,0.25,0.75,0.0,0.0,0.0,0.0,0.0,0.0,0.0,0.8112781244591328,0.23451197014228103
gilet,lemma,3.0,0.0,0.0,1.0,0.0,0.0,0.0,0.0,0.0,0.0,0.0,4.0,0.75,0.0,0.0,0.25,0.0,0.0,0.0,0.0,0.0,0.0,0.0,0.8112781244591328,0.23451197014228103
abriter,lemma,3.0,0.0,0.0,1.0,0.0,0.0,0.0,0.0,0.0,0.0,0.0,4.0,0.75,0.0,0.0,0.25,0.0,0.0,0.0,0.0,0.0,0.0,0.0,0.8112781244591328,0.23451197014228103
activités,word,0.0,0.0,0.0,3.0,0.0,1.0,0.0,0.0,0.0,0.0,0.0,4.0,0.0,0.0,0.0,0.75,0.0,0.25,0.0,0.0,0.0,0.0,0.0,0.8112781244591328,0.23451197014228103
meme,word,3.0,0.0,0.0,0.0,0.0,1.0,0.0,0.0,0.0,0.0,0.0,4.0,0.75,0.0,0.0,0.0,0.0,0.25,0.0,0.0,0.0,0.0,0.0,0.8112781244591328,0.23451197014228103
ue,word,3.0,0.0,0.0,0.0,1.0,0.0,0.0,0.0,0.0,0.0,0.0,4.0,0.75,0.0,0.0,0.0,0.25,0.0,0.0,0.0,0.0,0.0,0.0,0.8112781244591328,0.23451197014228103
téléphone,word,0.0,0.0,0.0,3.0,1.0,0.0,0.0,0.0,0.0,0.0,0.0,4.0,0.0,0.0,0.0,0.75,0.25,0.0,0.0,0.0,0.0,0.0,0.0,0.8112781244591328,0.23451197014228103
jaune,lemma,3.0,0.0,0.0,1.0,0.0,0.0,0.0,0.0,0.0,0.0,0.0,4.0,0.75,0.0,0.0,0.25,0.0,0.0,0.0,0.0,0.0,0.0,0.0,0.8112781244591328,0.23451197014228103
élection,lemma,12.0,0.0,4.0,0.0,0.0,0.0,0.0,0.0,0.0,0.0,0.0,16.0,0.75,0.0,0.25,0.0,0.0,0.0,0.0,0.0,0.0,0.0,0.0,0.8112781244591328,0.23451197014228103
téléphone,lemma,0.0,0.0,0.0,3.0,1.0,0.0,0.0,0.0,0.0,0.0,0.0,4.0,0.0,0.0,0.0,0.75,0.25,0.0,0.0,0.0,0.0,0.0,0.0,0.8112781244591328,0.23451197014228103
amusant,word,2.0,0.0,6.0,0.0,0.0,0.0,0.0,0.0,0.0,0.0,0.0,8.0,0.25,0.0,0.75,0.0,0.0,0.0,0.0,0.0,0.0,0.0,0.0,0.8112781244591328,0.23451197014228103
opposent,word,3.0,0.0,0.0,1.0,0.0,0.0,0.0,0.0,0.0,0.0,0.0,4.0,0.75,0.0,0.0,0.25,0.0,0.0,0.0,0.0,0.0,0.0,0.0,0.8112781244591328,0.23451197014228103
armé,word,0.0,0.0,0.0,3.0,0.0,1.0,0.0,0.0,0.0,0.0,0.0,4.0,0.0,0.0,0.0,0.75,0.0,0.25,0.0,0.0,0.0,0.0,0.0,0.8112781244591328,0.23451197014228103
célébré,lemma,0.0,0.0,3.0,0.0,0.0,0.0,0.0,0.0,0.0,1.0,0.0,4.0,0.0,0.0,0.75,0.0,0.0,0.0,0.0,0.0,0.0,0.25,0.0,0.8112781244591328,0.23451197014228103
extrêmement,word,0.0,0.0,0.0,3.0,0.0,1.0,0.0,0.0,0.0,0.0,0.0,4.0,0.0,0.0,0.0,0.75,0.0,0.25,0.0,0.0,0.0,0.0,0.0,0.8112781244591328,0.23451197014228103
besoin,lemma,0.0,1.0,3.0,0.0,0.0,0.0,0.0,0.0,0.0,0.0,0.0,4.0,0.0,0.25,0.75,0.0,0.0,0.0,0.0,0.0,0.0,0.0,0.0,0.8112781244591328,0.23451197014228103
soumettre,lemma,3.0,0.0,0.0,1.0,0.0,0.0,0.0,0.0,0.0,0.0,0.0,4.0,0.75,0.0,0.0,0.25,0.0,0.0,0.0,0.0,0.0,0.0,0.0,0.8112781244591328,0.23451197014228103
informatique,lemma,3.0,0.0,0.0,1.0,0.0,0.0,0.0,0.0,0.0,0.0,0.0,4.0,0.75,0.0,0.0,0.25,0.0,0.0,0.0,0.0,0.0,0.0,0.0,0.8112781244591328,0.23451197014228103
humiliation,lemma,0.0,0.0,0.0,0.0,0.0,1.0,0.0,0.0,3.0,0.0,0.0,4.0,0.0,0.0,0.0,0.0,0.0,0.25,0.0,0.0,0.75,0.0,0.0,0.8112781244591328,0.23451197014228103
ue,lemma,3.0,0.0,0.0,0.0,1.0,0.0,0.0,0.0,0.0,0.0,0.0,4.0,0.75,0.0,0.0,0.0,0.25,0.0,0.0,0.0,0.0,0.0,0.0,0.8112781244591328,0.23451197014228103
amazonien,lemma,0.0,0.0,0.0,3.0,0.0,1.0,0.0,0.0,0.0,0.0,0.0,4.0,0.0,0.0,0.0,0.75,0.0,0.25,0.0,0.0,0.0,0.0,0.0,0.8112781244591328,0.23451197014228103
objet,lemma,0.0,0.0,0.0,0.0,3.0,0.0,1.0,0.0,0.0,0.0,0.0,4.0,0.0,0.0,0.0,0.0,0.75,0.0,0.25,0.0,0.0,0.0,0.0,0.8112781244591328,0.23451197014228103
augmentation,word,6.0,0.0,0.0,2.0,0.0,0.0,0.0,0.0,0.0,0.0,0.0,8.0,0.75,0.0,0.0,0.25,0.0,0.0,0.0,0.0,0.0,0.0,0.0,0.8112781244591328,0.23451197014228103
humiliations,word,0.0,0.0,0.0,0.0,0.0,1.0,0.0,0.0,3.0,0.0,0.0,4.0,0.0,0.0,0.0,0.0,0.0,0.25,0.0,0.0,0.75,0.0,0.0,0.8112781244591328,0.23451197014228103
quittent,word,0.0,0.0,0.0,3.0,0.0,1.0,0.0,0.0,0.0,0.0,0.0,4.0,0.0,0.0,0.0,0.75,0.0,0.25,0.0,0.0,0.0,0.0,0.0,0.8112781244591328,0.23451197014228103
ordinateur,lemma,0.0,0.0,3.0,0.0,0.0,0.0,0.0,0.0,0.0,1.0,0.0,4.0,0.0,0.0,0.75,0.0,0.0,0.0,0.0,0.0,0.0,0.25,0.0,0.8112781244591328,0.23451197014228103
fan,lemma,0.0,0.0,0.0,0.0,0.0,0.0,3.0,0.0,0.0,1.0,0.0,4.0,0.0,0.0,0.0,0.0,0.0,0.0,0.75,0.0,0.0,0.25,0.0,0.8112781244591328,0.23451197014228103
proteste,word,3.0,1.0,0.0,0.0,0.0,0.0,0.0,0.0,0.0,0.0,0.0,4.0,0.75,0.25,0.0,0.0,0.0,0.0,0.0,0.0,0.0,0.0,0.0,0.8112781244591328,0.23451197014228103
amazonienne,word,0.0,0.0,0.0,3.0,0.0,1.0,0.0,0.0,0.0,0.0,0.0,4.0,0.0,0.0,0.0,0.75,0.0,0.25,0.0,0.0,0.0,0.0,0.0,0.8112781244591328,0.23451197014228103
payer,word,3.0,0.0,0.0,0.0,0.0,1.0,0.0,0.0,0.0,0.0,0.0,4.0,0.75,0.0,0.0,0.0,0.0,0.25,0.0,0.0,0.0,0.0,0.0,0.8112781244591328,0.23451197014228103
volontairement,word,3.0,0.0,0.0,0.0,0.0,1.0,0.0,0.0,0.0,0.0,0.0,4.0,0.75,0.0,0.0,0.0,0.0,0.25,0.0,0.0,0.0,0.0,0.0,0.8112781244591328,0.23451197014228103
pauvre,word,0.0,0.0,0.0,1.0,0.0,3.0,0.0,0.0,0.0,0.0,0.0,4.0,0.0,0.0,0.0,0.25,0.0,0.75,0.0,0.0,0.0,0.0,0.0,0.8112781244591328,0.23451197014228103
grogner,lemma,3.0,0.0,0.0,0.0,0.0,1.0,0.0,0.0,0.0,0.0,0.0,4.0,0.75,0.0,0.0,0.0,0.0,0.25,0.0,0.0,0.0,0.0,0.0,0.8112781244591328,0.23451197014228103
protéger,word,4.0,0.0,0.0,23.0,0.0,1.0,0.0,0.0,0.0,0.0,0.0,28.0,0.14285714285714285,0.0,0.0,0.8214285714285714,0.0,0.03571428571428571,0.0,0.0,0.0,0.0,0.0,0.8058576010107721,0.2329450874731286
politiques,word,16.0,0.0,0.0,2.0,0.0,1.0,0.0,0.0,0.0,0.0,0.0,19.0,0.8421052631578947,0.0,0.0,0.10526315789473684,0.0,0.05263157894736842,0.0,0.0,0.0,0.0,0.0,0.7742433029172697,0.2238065058855684
place,word,11.0,0.0,1.0,0.0,0.0,0.0,0.0,0.0,0.0,1.0,0.0,13.0,0.8461538461538461,0.0,0.07692307692307693,0.0,0.0,0.0,0.0,0.0,0.0,0.07692307692307693,0.0,0.7732283485249176,0.22351311827042256
tendre,lemma,11.0,0.0,1.0,1.0,0.0,0.0,0.0,0.0,0.0,0.0,0.0,13.0,0.8461538461538461,0.0,0.07692307692307693,0.07692307692307693,0.0,0.0,0.0,0.0,0.0,0.0,0.0,0.7732283485249176,0.22351311827042256
pourtant,word,1.0,0.0,0.0,0.0,11.0,1.0,0.0,0.0,0.0,0.0,0.0,13.0,0.07692307692307693,0.0,0.0,0.0,0.8461538461538461,0.07692307692307693,0.0,0.0,0.0,0.0,0.0,0.7732283485249176,0.22351311827042256
pourtant,lemma,1.0,0.0,0.0,0.0,11.0,1.0,0.0,0.0,0.0,0.0,0.0,13.0,0.07692307692307693,0.0,0.0,0.0,0.8461538461538461,0.07692307692307693,0.0,0.0,0.0,0.0,0.0,0.7732283485249176,0.22351311827042256
journalistes,word,7.0,0.0,0.0,2.0,0.0,0.0,0.0,0.0,0.0,0.0,0.0,9.0,0.7777777777777778,0.0,0.0,0.2222222222222222,0.0,0.0,0.0,0.0,0.0,0.0,0.0,0.7642045065086203,0.22090464294526152
troupe,lemma,0.0,0.0,7.0,0.0,0.0,0.0,0.0,0.0,0.0,2.0,0.0,9.0,0.0,0.0,0.7777777777777778,0.0,0.0,0.0,0.0,0.0,0.0,0.2222222222222222,0.0,0.7642045065086203,0.22090464294526152
attaquer,word,2.0,0.0,0.0,7.0,0.0,0.0,0.0,0.0,0.0,0.0,0.0,9.0,0.2222222222222222,0.0,0.0,0.7777777777777778,0.0,0.0,0.0,0.0,0.0,0.0,0.0,0.7642045065086203,0.22090464294526152
découvre,word,0.0,0.0,0.0,2.0,7.0,0.0,0.0,0.0,0.0,0.0,0.0,9.0,0.0,0.0,0.0,0.2222222222222222,0.7777777777777778,0.0,0.0,0.0,0.0,0.0,0.0,0.7642045065086203,0.22090464294526152
troupe,word,0.0,0.0,7.0,0.0,0.0,0.0,0.0,0.0,0.0,2.0,0.0,9.0,0.0,0.0,0.7777777777777778,0.0,0.0,0.0,0.0,0.0,0.0,0.2222222222222222,0.0,0.7642045065086203,0.22090464294526152
appeler,lemma,12.0,0.0,0.0,0.0,1.0,0.0,1.0,0.0,0.0,0.0,0.0,14.0,0.8571428571428571,0.0,0.0,0.0,0.07142857142857142,0.0,0.07142857142857142,0.0,0.0,0.0,0.0,0.7345299214394703,0.21232676416619228
route,lemma,12.0,0.0,0.0,1.0,1.0,0.0,0.0,0.0,0.0,0.0,0.0,14.0,0.8571428571428571,0.0,0.0,0.07142857142857142,0.07142857142857142,0.0,0.0,0.0,0.0,0.0,0.0,0.7345299214394703,0.21232676416619228
racisme,lemma,4.0,0.0,0.0,1.0,0.0,0.0,0.0,0.0,0.0,0.0,0.0,5.0,0.8,0.0,0.0,0.2,0.0,0.0,0.0,0.0,0.0,0.0,0.0,0.7219280948873623,0.20868401936261904
révolte,word,8.0,0.0,0.0,2.0,0.0,0.0,0.0,0.0,0.0,0.0,0.0,10.0,0.8,0.0,0.0,0.2,0.0,0.0,0.0,0.0,0.0,0.0,0.0,0.7219280948873623,0.20868401936261904
preuve,word,4.0,0.0,0.0,1.0,0.0,0.0,0.0,0.0,0.0,0.0,0.0,5.0,0.8,0.0,0.0,0.2,0.0,0.0,0.0,0.0,0.0,0.0,0.0,0.7219280948873623,0.20868401936261904
révolte,lemma,8.0,0.0,0.0,2.0,0.0,0.0,0.0,0.0,0.0,0.0,0.0,10.0,0.8,0.0,0.0,0.2,0.0,0.0,0.0,0.0,0.0,0.0,0.0,0.7219280948873623,0.20868401936261904
football,word,0.0,0.0,4.0,0.0,0.0,0.0,0.0,0.0,0.0,1.0,0.0,5.0,0.0,0.0,0.8,0.0,0.0,0.0,0.0,0.0,0.0,0.2,0.0,0.7219280948873623,0.20868401936261904
cauchemar,lemma,0.0,0.0,0.0,4.0,0.0,1.0,0.0,0.0,0.0,0.0,0.0,5.0,0.0,0.0,0.0,0.8,0.0,0.2,0.0,0.0,0.0,0.0,0.0,0.7219280948873623,0.20868401936261904
supprimer,lemma,4.0,0.0,0.0,0.0,0.0,1.0,0.0,0.0,0.0,0.0,0.0,5.0,0.8,0.0,0.0,0.0,0.0,0.2,0.0,0.0,0.0,0.0,0.0,0.7219280948873623,0.20868401936261904
protesté,word,4.0,0.0,0.0,0.0,1.0,0.0,0.0,0.0,0.0,0.0,0.0,5.0,0.8,0.0,0.0,0.0,0.2,0.0,0.0,0.0,0.0,0.0,0.0,0.7219280948873623,0.20868401936261904
football,lemma,0.0,0.0,4.0,0.0,0.0,0.0,0.0,0.0,0.0,1.0,0.0,5.0,0.0,0.0,0.8,0.0,0.0,0.0,0.0,0.0,0.0,0.2,0.0,0.7219280948873623,0.20868401936261904
appartenir,lemma,0.0,0.0,0.0,4.0,1.0,0.0,0.0,0.0,0.0,0.0,0.0,5.0,0.0,0.0,0.0,0.8,0.2,0.0,0.0,0.0,0.0,0.0,0.0,0.7219280948873623,0.20868401936261904
célébré,word,0.0,0.0,4.0,0.0,0.0,0.0,0.0,0.0,0.0,1.0,0.0,5.0,0.0,0.0,0.8,0.0,0.0,0.0,0.0,0.0,0.0,0.2,0.0,0.7219280948873623,0.20868401936261904
entrent,word,4.0,0.0,0.0,1.0,0.0,0.0,0.0,0.0,0.0,0.0,0.0,5.0,0.8,0.0,0.0,0.2,0.0,0.0,0.0,0.0,0.0,0.0,0.0,0.7219280948873623,0.20868401936261904
planète,word,0.0,1.0,0.0,4.0,0.0,0.0,0.0,0.0,0.0,0.0,0.0,5.0,0.0,0.2,0.0,0.8,0.0,0.0,0.0,0.0,0.0,0.0,0.0,0.7219280948873623,0.20868401936261904
planète,lemma,0.0,1.0,0.0,4.0,0.0,0.0,0.0,0.0,0.0,0.0,0.0,5.0,0.0,0.2,0.0,0.8,0.0,0.0,0.0,0.0,0.0,0.0,0.0,0.7219280948873623,0.20868401936261904
université,lemma,4.0,0.0,0.0,0.0,0.0,1.0,0.0,0.0,0.0,0.0,0.0,5.0,0.8,0.0,0.0,0.0,0.0,0.2,0.0,0.0,0.0,0.0,0.0,0.7219280948873623,0.20868401936261904
offert,word,0.0,0.0,4.0,0.0,0.0,0.0,0.0,0.0,0.0,1.0,0.0,5.0,0.0,0.0,0.8,0.0,0.0,0.0,0.0,0.0,0.0,0.2,0.0,0.7219280948873623,0.20868401936261904
rapporter,lemma,1.0,0.0,0.0,4.0,0.0,0.0,0.0,0.0,0.0,0.0,0.0,5.0,0.2,0.0,0.0,0.8,0.0,0.0,0.0,0.0,0.0,0.0,0.0,0.7219280948873623,0.20868401936261904
allait,word,0.0,0.0,1.0,4.0,0.0,0.0,0.0,0.0,0.0,0.0,0.0,5.0,0.0,0.0,0.2,0.8,0.0,0.0,0.0,0.0,0.0,0.0,0.0,0.7219280948873623,0.20868401936261904
york,word,0.0,0.0,4.0,0.0,0.0,0.0,0.0,0.0,0.0,1.0,0.0,5.0,0.0,0.0,0.8,0.0,0.0,0.0,0.0,0.0,0.0,0.2,0.0,0.7219280948873623,0.20868401936261904
york,lemma,0.0,0.0,4.0,0.0,0.0,0.0,0.0,0.0,0.0,1.0,0.0,5.0,0.0,0.0,0.8,0.0,0.0,0.0,0.0,0.0,0.0,0.2,0.0,0.7219280948873623,0.20868401936261904
vidéo,lemma,4.0,0.0,0.0,0.0,0.0,0.0,0.0,0.0,1.0,0.0,0.0,5.0,0.8,0.0,0.0,0.0,0.0,0.0,0.0,0.0,0.2,0.0,0.0,0.7219280948873623,0.20868401936261904
rond,lemma,4.0,0.0,0.0,0.0,1.0,0.0,0.0,0.0,0.0,0.0,0.0,5.0,0.8,0.0,0.0,0.0,0.2,0.0,0.0,0.0,0.0,0.0,0.0,0.7219280948873623,0.20868401936261904
angoisser,lemma,1.0,0.0,0.0,4.0,0.0,0.0,0.0,0.0,0.0,0.0,0.0,5.0,0.2,0.0,0.0,0.8,0.0,0.0,0.0,0.0,0.0,0.0,0.0,0.7219280948873623,0.20868401936261904
rohingyas,lemma,4.0,0.0,0.0,1.0,0.0,0.0,0.0,0.0,0.0,0.0,0.0,5.0,0.8,0.0,0.0,0.2,0.0,0.0,0.0,0.0,0.0,0.0,0.0,0.7219280948873623,0.20868401936261904
rit,word,1.0,0.0,4.0,0.0,0.0,0.0,0.0,0.0,0.0,0.0,0.0,5.0,0.2,0.0,0.8,0.0,0.0,0.0,0.0,0.0,0.0,0.0,0.0,0.7219280948873623,0.20868401936261904
rigole,word,1.0,0.0,4.0,0.0,0.0,0.0,0.0,0.0,0.0,0.0,0.0,5.0,0.2,0.0,0.8,0.0,0.0,0.0,0.0,0.0,0.0,0.0,0.0,0.7219280948873623,0.20868401936261904
épidémie,word,1.0,0.0,0.0,4.0,0.0,0.0,0.0,0.0,0.0,0.0,0.0,5.0,0.2,0.0,0.0,0.8,0.0,0.0,0.0,0.0,0.0,0.0,0.0,0.7219280948873623,0.20868401936261904
féliciter,lemma,0.0,0.0,4.0,0.0,0.0,0.0,0.0,0.0,0.0,1.0,0.0,5.0,0.0,0.0,0.8,0.0,0.0,0.0,0.0,0.0,0.0,0.2,0.0,0.7219280948873623,0.20868401936261904
affaires,word,4.0,0.0,0.0,0.0,1.0,0.0,0.0,0.0,0.0,0.0,0.0,5.0,0.8,0.0,0.0,0.0,0.2,0.0,0.0,0.0,0.0,0.0,0.0,0.7219280948873623,0.20868401936261904
affaire,lemma,4.0,0.0,0.0,0.0,1.0,0.0,0.0,0.0,0.0,0.0,0.0,5.0,0.8,0.0,0.0,0.0,0.2,0.0,0.0,0.0,0.0,0.0,0.0,0.7219280948873623,0.20868401936261904
ah,word,0.0,0.0,1.0,0.0,4.0,0.0,0.0,0.0,0.0,0.0,0.0,5.0,0.0,0.0,0.2,0.0,0.8,0.0,0.0,0.0,0.0,0.0,0.0,0.7219280948873623,0.20868401936261904
île,word,0.0,0.0,0.0,4.0,1.0,0.0,0.0,0.0,0.0,0.0,0.0,5.0,0.0,0.0,0.0,0.8,0.2,0.0,0.0,0.0,0.0,0.0,0.0,0.7219280948873623,0.20868401936261904
menace,lemma,3.0,0.0,0.0,12.0,0.0,0.0,0.0,0.0,0.0,0.0,0.0,15.0,0.2,0.0,0.0,0.8,0.0,0.0,0.0,0.0,0.0,0.0,0.0,0.7219280948873623,0.20868401936261904
ah,lemma,0.0,0.0,1.0,0.0,4.0,0.0,0.0,0.0,0.0,0.0,0.0,5.0,0.0,0.0,0.2,0.0,0.8,0.0,0.0,0.0,0.0,0.0,0.0,0.7219280948873623,0.20868401936261904
riches,word,4.0,0.0,0.0,0.0,0.0,1.0,0.0,0.0,0.0,0.0,0.0,5.0,0.8,0.0,0.0,0.0,0.0,0.2,0.0,0.0,0.0,0.0,0.0,0.7219280948873623,0.20868401936261904
combats,word,0.0,0.0,0.0,4.0,0.0,1.0,0.0,0.0,0.0,0.0,0.0,5.0,0.0,0.0,0.0,0.8,0.0,0.2,0.0,0.0,0.0,0.0,0.0,0.7219280948873623,0.20868401936261904
accusent,lemma,4.0,0.0,0.0,1.0,0.0,0.0,0.0,0.0,0.0,0.0,0.0,5.0,0.8,0.0,0.0,0.2,0.0,0.0,0.0,0.0,0.0,0.0,0.0,0.7219280948873623,0.20868401936261904
rohingyas,word,4.0,0.0,0.0,1.0,0.0,0.0,0.0,0.0,0.0,0.0,0.0,5.0,0.8,0.0,0.0,0.2,0.0,0.0,0.0,0.0,0.0,0.0,0.0,0.7219280948873623,0.20868401936261904
main,word,0.0,0.0,4.0,1.0,0.0,0.0,0.0,0.0,0.0,0.0,0.0,5.0,0.0,0.0,0.8,0.2,0.0,0.0,0.0,0.0,0.0,0.0,0.0,0.7219280948873623,0.20868401936261904
mobiliser,lemma,4.0,0.0,0.0,1.0,0.0,0.0,0.0,0.0,0.0,0.0,0.0,5.0,0.8,0.0,0.0,0.2,0.0,0.0,0.0,0.0,0.0,0.0,0.0,0.7219280948873623,0.20868401936261904
tirer,lemma,0.0,0.0,1.0,4.0,0.0,0.0,0.0,0.0,0.0,0.0,0.0,5.0,0.0,0.0,0.2,0.8,0.0,0.0,0.0,0.0,0.0,0.0,0.0,0.7219280948873623,0.20868401936261904
porté,word,4.0,0.0,0.0,0.0,0.0,1.0,0.0,0.0,0.0,0.0,0.0,5.0,0.8,0.0,0.0,0.0,0.0,0.2,0.0,0.0,0.0,0.0,0.0,0.7219280948873623,0.20868401936261904
new,word,0.0,0.0,4.0,0.0,0.0,0.0,0.0,0.0,0.0,1.0,0.0,5.0,0.0,0.0,0.8,0.0,0.0,0.0,0.0,0.0,0.0,0.2,0.0,0.7219280948873623,0.20868401936261904
pyjama,lemma,0.0,0.0,4.0,0.0,0.0,1.0,0.0,0.0,0.0,0.0,0.0,5.0,0.0,0.0,0.8,0.0,0.0,0.2,0.0,0.0,0.0,0.0,0.0,0.7219280948873623,0.20868401936261904
pyjama,word,0.0,0.0,4.0,0.0,0.0,1.0,0.0,0.0,0.0,0.0,0.0,5.0,0.0,0.0,0.8,0.0,0.0,0.2,0.0,0.0,0.0,0.0,0.0,0.7219280948873623,0.20868401936261904
attaque,word,1.0,0.0,0.0,4.0,0.0,0.0,0.0,0.0,0.0,0.0,0.0,5.0,0.2,0.0,0.0,0.8,0.0,0.0,0.0,0.0,0.0,0.0,0.0,0.7219280948873623,0.20868401936261904
arrivée,word,1.0,0.0,0.0,4.0,0.0,0.0,0.0,0.0,0.0,0.0,0.0,5.0,0.2,0.0,0.0,0.8,0.0,0.0,0.0,0.0,0.0,0.0,0.0,0.7219280948873623,0.20868401936261904
coûter,lemma,4.0,0.0,0.0,0.0,0.0,1.0,0.0,0.0,0.0,0.0,0.0,5.0,0.8,0.0,0.0,0.0,0.0,0.2,0.0,0.0,0.0,0.0,0.0,0.7219280948873623,0.20868401936261904
preuve,lemma,4.0,0.0,0.0,1.0,0.0,0.0,0.0,0.0,0.0,0.0,0.0,5.0,0.8,0.0,0.0,0.2,0.0,0.0,0.0,0.0,0.0,0.0,0.0,0.7219280948873623,0.20868401936261904
entreprises,word,4.0,0.0,0.0,1.0,0.0,0.0,0.0,0.0,0.0,0.0,0.0,5.0,0.8,0.0,0.0,0.2,0.0,0.0,0.0,0.0,0.0,0.0,0.0,0.7219280948873623,0.20868401936261904
misère,word,0.0,0.0,0.0,1.0,0.0,4.0,0.0,0.0,0.0,0.0,0.0,5.0,0.0,0.0,0.0,0.2,0.0,0.8,0.0,0.0,0.0,0.0,0.0,0.7219280948873623,0.20868401936261904
parlé,word,4.0,0.0,0.0,0.0,0.0,1.0,0.0,0.0,0.0,0.0,0.0,5.0,0.8,0.0,0.0,0.0,0.0,0.2,0.0,0.0,0.0,0.0,0.0,0.7219280948873623,0.20868401936261904
gouverner,word,4.0,0.0,0.0,1.0,0.0,0.0,0.0,0.0,0.0,0.0,0.0,5.0,0.8,0.0,0.0,0.2,0.0,0.0,0.0,0.0,0.0,0.0,0.0,0.7219280948873623,0.20868401936261904
partir,word,0.0,0.0,0.0,1.0,0.0,4.0,0.0,0.0,0.0,0.0,0.0,5.0,0.0,0.0,0.0,0.2,0.0,0.8,0.0,0.0,0.0,0.0,0.0,0.7219280948873623,0.20868401936261904
party,word,0.0,0.0,4.0,0.0,0.0,1.0,0.0,0.0,0.0,0.0,0.0,5.0,0.0,0.0,0.8,0.0,0.0,0.2,0.0,0.0,0.0,0.0,0.0,0.7219280948873623,0.20868401936261904
opposer,lemma,8.0,0.0,0.0,2.0,0.0,0.0,0.0,0.0,0.0,0.0,0.0,10.0,0.8,0.0,0.0,0.2,0.0,0.0,0.0,0.0,0.0,0.0,0.0,0.7219280948873623,0.20868401936261904
obligés,word,1.0,0.0,0.0,4.0,0.0,0.0,0.0,0.0,0.0,0.0,0.0,5.0,0.2,0.0,0.0,0.8,0.0,0.0,0.0,0.0,0.0,0.0,0.0,0.7219280948873623,0.20868401936261904
croire,word,0.0,0.0,1.0,0.0,4.0,0.0,0.0,0.0,0.0,0.0,0.0,5.0,0.0,0.0,0.2,0.0,0.8,0.0,0.0,0.0,0.0,0.0,0.0,0.7219280948873623,0.20868401936261904
mesure,lemma,8.0,0.0,0.0,2.0,0.0,0.0,0.0,0.0,0.0,0.0,0.0,10.0,0.8,0.0,0.0,0.2,0.0,0.0,0.0,0.0,0.0,0.0,0.0,0.7219280948873623,0.20868401936261904
joyeux,word,0.0,0.0,4.0,0.0,1.0,0.0,0.0,0.0,0.0,0.0,0.0,5.0,0.0,0.0,0.8,0.0,0.2,0.0,0.0,0.0,0.0,0.0,0.0,0.7219280948873623,0.20868401936261904
exceptionnelle,word,0.0,0.0,1.0,0.0,4.0,0.0,0.0,0.0,0.0,0.0,0.0,5.0,0.0,0.0,0.2,0.0,0.8,0.0,0.0,0.0,0.0,0.0,0.0,0.7219280948873623,0.20868401936261904
fuir,word,1.0,0.0,0.0,23.0,0.0,0.0,0.0,1.0,1.0,0.0,0.0,26.0,0.038461538461538464,0.0,0.0,0.8846153846153846,0.0,0.0,0.0,0.038461538461538464,0.038461538461538464,0.0,0.0,0.6988272185521962,0.20200636855700324
journaliste,lemma,9.0,0.0,0.0,2.0,0.0,0.0,0.0,0.0,0.0,0.0,0.0,11.0,0.8181818181818182,0.0,0.0,0.18181818181818182,0.0,0.0,0.0,0.0,0.0,0.0,0.0,0.6840384356390417,0.1977314515927593
incroyable,lemma,0.0,0.0,0.0,0.0,9.0,0.0,2.0,0.0,0.0,0.0,0.0,11.0,0.0,0.0,0.0,0.0,0.8181818181818182,0.0,0.18181818181818182,0.0,0.0,0.0,0.0,0.6840384356390417,0.1977314515927593
souffrir,lemma,0.0,1.0,0.0,2.0,0.0,20.0,0.0,0.0,0.0,0.0,0.0,23.0,0.0,0.043478260869565216,0.0,0.08695652173913043,0.0,0.8695652173913043,0.0,0.0,0.0,0.0,0.0,0.6784070909375675,0.1961036279146915
menace,word,4.0,0.0,0.0,19.0,0.0,0.0,0.0,0.0,0.0,0.0,0.0,23.0,0.17391304347826086,0.0,0.0,0.8260869565217391,0.0,0.0,0.0,0.0,0.0,0.0,0.0,0.6665783579949205,0.19268435728106456
compte,word,5.0,0.0,0.0,0.0,1.0,0.0,0.0,0.0,0.0,0.0,0.0,6.0,0.8333333333333334,0.0,0.0,0.0,0.16666666666666666,0.0,0.0,0.0,0.0,0.0,0.0,0.6500224216483541,0.18789861841651434
candidature,lemma,5.0,0.0,0.0,0.0,0.0,1.0,0.0,0.0,0.0,0.0,0.0,6.0,0.8333333333333334,0.0,0.0,0.0,0.0,0.16666666666666666,0.0,0.0,0.0,0.0,0.0,0.6500224216483541,0.18789861841651434
candidature,word,5.0,0.0,0.0,0.0,0.0,1.0,0.0,0.0,0.0,0.0,0.0,6.0,0.8333333333333334,0.0,0.0,0.0,0.0,0.16666666666666666,0.0,0.0,0.0,0.0,0.0,0.6500224216483541,0.18789861841651434
médias,word,5.0,0.0,0.0,1.0,0.0,0.0,0.0,0.0,0.0,0.0,0.0,6.0,0.8333333333333334,0.0,0.0,0.16666666666666666,0.0,0.0,0.0,0.0,0.0,0.0,0.0,0.6500224216483541,0.18789861841651434
média,lemma,5.0,0.0,0.0,1.0,0.0,0.0,0.0,0.0,0.0,0.0,0.0,6.0,0.8333333333333334,0.0,0.0,0.16666666666666666,0.0,0.0,0.0,0.0,0.0,0.0,0.0,0.6500224216483541,0.18789861841651434
changements,word,5.0,0.0,1.0,0.0,0.0,0.0,0.0,0.0,0.0,0.0,0.0,6.0,0.8333333333333334,0.0,0.16666666666666666,0.0,0.0,0.0,0.0,0.0,0.0,0.0,0.0,0.6500224216483541,0.18789861841651434
compte,lemma,5.0,0.0,0.0,0.0,1.0,0.0,0.0,0.0,0.0,0.0,0.0,6.0,0.8333333333333334,0.0,0.0,0.0,0.16666666666666666,0.0,0.0,0.0,0.0,0.0,0.0,0.6500224216483541,0.18789861841651434
droits,word,5.0,0.0,0.0,1.0,0.0,0.0,0.0,0.0,0.0,0.0,0.0,6.0,0.8333333333333334,0.0,0.0,0.16666666666666666,0.0,0.0,0.0,0.0,0.0,0.0,0.0,0.6500224216483541,0.18789861841651434
racisme,word,5.0,0.0,0.0,1.0,0.0,0.0,0.0,0.0,0.0,0.0,0.0,6.0,0.8333333333333334,0.0,0.0,0.16666666666666666,0.0,0.0,0.0,0.0,0.0,0.0,0.0,0.6500224216483541,0.18789861841651434
repas,word,0.0,0.0,5.0,0.0,0.0,1.0,0.0,0.0,0.0,0.0,0.0,6.0,0.0,0.0,0.8333333333333334,0.0,0.0,0.16666666666666666,0.0,0.0,0.0,0.0,0.0,0.6500224216483541,0.18789861841651434
découverte,lemma,0.0,0.0,1.0,0.0,5.0,0.0,0.0,0.0,0.0,0.0,0.0,6.0,0.0,0.0,0.16666666666666666,0.0,0.8333333333333334,0.0,0.0,0.0,0.0,0.0,0.0,0.6500224216483541,0.18789861841651434
découverte,word,0.0,0.0,1.0,0.0,5.0,0.0,0.0,0.0,0.0,0.0,0.0,6.0,0.0,0.0,0.16666666666666666,0.0,0.8333333333333334,0.0,0.0,0.0,0.0,0.0,0.0,0.6500224216483541,0.18789861841651434
repas,lemma,0.0,0.0,5.0,0.0,0.0,1.0,0.0,0.0,0.0,0.0,0.0,6.0,0.0,0.0,0.8333333333333334,0.0,0.0,0.16666666666666666,0.0,0.0,0.0,0.0,0.0,0.6500224216483541,0.18789861841651434
voitures,word,5.0,0.0,0.0,1.0,0.0,0.0,0.0,0.0,0.0,0.0,0.0,6.0,0.8333333333333334,0.0,0.0,0.16666666666666666,0.0,0.0,0.0,0.0,0.0,0.0,0.0,0.6500224216483541,0.18789861841651434
couilles,word,5.0,1.0,0.0,0.0,0.0,0.0,0.0,0.0,0.0,0.0,0.0,6.0,0.8333333333333334,0.16666666666666666,0.0,0.0,0.0,0.0,0.0,0.0,0.0,0.0,0.0,0.6500224216483541,0.18789861841651434
couille,lemma,5.0,1.0,0.0,0.0,0.0,0.0,0.0,0.0,0.0,0.0,0.0,6.0,0.8333333333333334,0.16666666666666666,0.0,0.0,0.0,0.0,0.0,0.0,0.0,0.0,0.0,0.6500224216483541,0.18789861841651434
joyeux,lemma,0.0,0.0,5.0,0.0,1.0,0.0,0.0,0.0,0.0,0.0,0.0,6.0,0.0,0.0,0.8333333333333334,0.0,0.16666666666666666,0.0,0.0,0.0,0.0,0.0,0.0,0.6500224216483541,0.18789861841651434
action,lemma,5.0,0.0,1.0,0.0,0.0,0.0,0.0,0.0,0.0,0.0,0.0,6.0,0.8333333333333334,0.0,0.16666666666666666,0.0,0.0,0.0,0.0,0.0,0.0,0.0,0.0,0.6500224216483541,0.18789861841651434
agression,word,0.0,0.0,0.0,1.0,0.0,5.0,0.0,0.0,0.0,0.0,0.0,6.0,0.0,0.0,0.0,0.16666666666666666,0.0,0.8333333333333334,0.0,0.0,0.0,0.0,0.0,0.6500224216483541,0.18789861841651434
perdre,word,0.0,0.0,0.0,5.0,0.0,1.0,0.0,0.0,0.0,0.0,0.0,6.0,0.0,0.0,0.0,0.8333333333333334,0.0,0.16666666666666666,0.0,0.0,0.0,0.0,0.0,0.6500224216483541,0.18789861841651434
forêt,word,0.0,0.0,0.0,5.0,0.0,1.0,0.0,0.0,0.0,0.0,0.0,6.0,0.0,0.0,0.0,0.8333333333333334,0.0,0.16666666666666666,0.0,0.0,0.0,0.0,0.0,0.6500224216483541,0.18789861841651434
célébrer,word,1.0,0.0,5.0,0.0,0.0,0.0,0.0,0.0,0.0,0.0,0.0,6.0,0.16666666666666666,0.0,0.8333333333333334,0.0,0.0,0.0,0.0,0.0,0.0,0.0,0.0,0.6500224216483541,0.18789861841651434
forêt,lemma,0.0,0.0,0.0,5.0,0.0,1.0,0.0,0.0,0.0,0.0,0.0,6.0,0.0,0.0,0.0,0.8333333333333334,0.0,0.16666666666666666,0.0,0.0,0.0,0.0,0.0,0.6500224216483541,0.18789861841651434
boum,word,0.0,0.0,0.0,5.0,1.0,0.0,0.0,0.0,0.0,0.0,0.0,6.0,0.0,0.0,0.0,0.8333333333333334,0.16666666666666666,0.0,0.0,0.0,0.0,0.0,0.0,0.6500224216483541,0.18789861841651434
violemment,lemma,5.0,0.0,0.0,1.0,0.0,0.0,0.0,0.0,0.0,0.0,0.0,6.0,0.8333333333333334,0.0,0.0,0.16666666666666666,0.0,0.0,0.0,0.0,0.0,0.0,0.0,0.6500224216483541,0.18789861841651434
américaine,word,5.0,0.0,1.0,0.0,0.0,0.0,0.0,0.0,0.0,0.0,0.0,6.0,0.8333333333333334,0.0,0.16666666666666666,0.0,0.0,0.0,0.0,0.0,0.0,0.0,0.0,0.6500224216483541,0.18789861841651434
refuser,lemma,15.0,0.0,3.0,0.0,0.0,0.0,0.0,0.0,0.0,0.0,0.0,18.0,0.8333333333333334,0.0,0.16666666666666666,0.0,0.0,0.0,0.0,0.0,0.0,0.0,0.0,0.6500224216483541,0.18789861841651434
violemment,word,5.0,0.0,0.0,1.0,0.0,0.0,0.0,0.0,0.0,0.0,0.0,6.0,0.8333333333333334,0.0,0.0,0.16666666666666666,0.0,0.0,0.0,0.0,0.0,0.0,0.0,0.6500224216483541,0.18789861841651434
gueule,lemma,5.0,1.0,0.0,0.0,0.0,0.0,0.0,0.0,0.0,0.0,0.0,6.0,0.8333333333333334,0.16666666666666666,0.0,0.0,0.0,0.0,0.0,0.0,0.0,0.0,0.0,0.6500224216483541,0.18789861841651434
provoquer,lemma,1.0,0.0,0.0,5.0,0.0,0.0,0.0,0.0,0.0,0.0,0.0,6.0,0.16666666666666666,0.0,0.0,0.8333333333333334,0.0,0.0,0.0,0.0,0.0,0.0,0.0,0.6500224216483541,0.18789861841651434
boum,lemma,0.0,0.0,0.0,5.0,1.0,0.0,0.0,0.0,0.0,0.0,0.0,6.0,0.0,0.0,0.0,0.8333333333333334,0.16666666666666666,0.0,0.0,0.0,0.0,0.0,0.0,0.6500224216483541,0.18789861841651434
amusant,lemma,2.0,0.0,11.0,0.0,0.0,0.0,0.0,0.0,0.0,0.0,0.0,13.0,0.15384615384615385,0.0,0.8461538461538461,0.0,0.0,0.0,0.0,0.0,0.0,0.0,0.0,0.6193821946787638,0.17904160652920906
sourire,lemma,0.0,0.0,16.0,0.0,0.0,1.0,0.0,0.0,1.0,0.0,0.0,18.0,0.0,0.0,0.8888888888888888,0.0,0.0,0.05555555555555555,0.0,0.0,0.05555555555555555,0.0,0.0,0.6143694458867568,0.17759259717027234
armer,lemma,0.0,0.0,0.0,6.0,0.0,1.0,0.0,0.0,0.0,0.0,0.0,7.0,0.0,0.0,0.0,0.8571428571428571,0.0,0.14285714285714285,0.0,0.0,0.0,0.0,0.0,0.5916727785823275,0.17103178897792262
décevoir,lemma,0.0,0.0,0.0,1.0,0.0,6.0,0.0,0.0,0.0,0.0,0.0,7.0,0.0,0.0,0.0,0.14285714285714285,0.0,0.8571428571428571,0.0,0.0,0.0,0.0,0.0,0.5916727785823275,0.17103178897792262
persécution,lemma,0.0,0.0,0.0,6.0,0.0,1.0,0.0,0.0,0.0,0.0,0.0,7.0,0.0,0.0,0.0,0.8571428571428571,0.0,0.14285714285714285,0.0,0.0,0.0,0.0,0.0,0.5916727785823275,0.17103178897792262
encourager,lemma,0.0,0.0,6.0,0.0,0.0,0.0,0.0,0.0,0.0,1.0,0.0,7.0,0.0,0.0,0.8571428571428571,0.0,0.0,0.0,0.0,0.0,0.0,0.14285714285714285,0.0,0.5916727785823275,0.17103178897792262
réfugier,word,1.0,0.0,0.0,6.0,0.0,0.0,0.0,0.0,0.0,0.0,0.0,7.0,0.14285714285714285,0.0,0.0,0.8571428571428571,0.0,0.0,0.0,0.0,0.0,0.0,0.0,0.5916727785823275,0.17103178897792262
fuient,lemma,0.0,0.0,0.0,6.0,0.0,1.0,0.0,0.0,0.0,0.0,0.0,7.0,0.0,0.0,0.0,0.8571428571428571,0.0,0.14285714285714285,0.0,0.0,0.0,0.0,0.0,0.5916727785823275,0.17103178897792262
persécutions,word,0.0,0.0,0.0,6.0,0.0,1.0,0.0,0.0,0.0,0.0,0.0,7.0,0.0,0.0,0.0,0.8571428571428571,0.0,0.14285714285714285,0.0,0.0,0.0,0.0,0.0,0.5916727785823275,0.17103178897792262
pierre,lemma,6.0,0.0,0.0,0.0,0.0,0.0,1.0,0.0,0.0,0.0,0.0,7.0,0.8571428571428571,0.0,0.0,0.0,0.0,0.0,0.14285714285714285,0.0,0.0,0.0,0.0,0.5916727785823275,0.17103178897792262
menaces,word,1.0,0.0,0.0,6.0,0.0,0.0,0.0,0.0,0.0,0.0,0.0,7.0,0.14285714285714285,0.0,0.0,0.8571428571428571,0.0,0.0,0.0,0.0,0.0,0.0,0.0,0.5916727785823275,0.17103178897792262
gouvernement,word,18.0,0.0,0.0,3.0,0.0,0.0,0.0,0.0,0.0,0.0,0.0,21.0,0.8571428571428571,0.0,0.0,0.14285714285714285,0.0,0.0,0.0,0.0,0.0,0.0,0.0,0.5916727785823275,0.17103178897792262
gouverner,lemma,6.0,0.0,0.0,1.0,0.0,0.0,0.0,0.0,0.0,0.0,0.0,7.0,0.8571428571428571,0.0,0.0,0.14285714285714285,0.0,0.0,0.0,0.0,0.0,0.0,0.0,0.5916727785823275,0.17103178897792262
embêter,lemma,1.0,0.0,0.0,0.0,0.0,6.0,0.0,0.0,0.0,0.0,0.0,7.0,0.14285714285714285,0.0,0.0,0.0,0.0,0.8571428571428571,0.0,0.0,0.0,0.0,0.0,0.5916727785823275,0.17103178897792262
pierre,word,6.0,0.0,0.0,0.0,0.0,0.0,1.0,0.0,0.0,0.0,0.0,7.0,0.8571428571428571,0.0,0.0,0.0,0.0,0.0,0.14285714285714285,0.0,0.0,0.0,0.0,0.5916727785823275,0.17103178897792262
célébrer,lemma,1.0,0.0,6.0,0.0,0.0,0.0,0.0,0.0,0.0,0.0,0.0,7.0,0.14285714285714285,0.0,0.8571428571428571,0.0,0.0,0.0,0.0,0.0,0.0,0.0,0.0,0.5916727785823275,0.17103178897792262
enfuir,lemma,0.0,0.0,0.0,6.0,1.0,0.0,0.0,0.0,0.0,0.0,0.0,7.0,0.0,0.0,0.0,0.8571428571428571,0.14285714285714285,0.0,0.0,0.0,0.0,0.0,0.0,0.5916727785823275,0.17103178897792262
présidentiel,lemma,6.0,0.0,1.0,0.0,0.0,0.0,0.0,0.0,0.0,0.0,0.0,7.0,0.8571428571428571,0.0,0.14285714285714285,0.0,0.0,0.0,0.0,0.0,0.0,0.0,0.0,0.5916727785823275,0.17103178897792262
épidémie,lemma,1.0,0.0,0.0,6.0,0.0,0.0,0.0,0.0,0.0,0.0,0.0,7.0,0.14285714285714285,0.0,0.0,0.8571428571428571,0.0,0.0,0.0,0.0,0.0,0.0,0.0,0.5916727785823275,0.17103178897792262
donnée,lemma,6.0,0.0,0.0,1.0,0.0,0.0,0.0,0.0,0.0,0.0,0.0,7.0,0.8571428571428571,0.0,0.0,0.14285714285714285,0.0,0.0,0.0,0.0,0.0,0.0,0.0,0.5916727785823275,0.17103178897792262
larme,lemma,0.0,0.0,0.0,0.0,0.0,6.0,0.0,0.0,1.0,0.0,0.0,7.0,0.0,0.0,0.0,0.0,0.0,0.8571428571428571,0.0,0.0,0.14285714285714285,0.0,0.0,0.5916727785823275,0.17103178897792262
larmes,word,0.0,0.0,0.0,0.0,0.0,6.0,0.0,0.0,1.0,0.0,0.0,7.0,0.0,0.0,0.0,0.0,0.0,0.8571428571428571,0.0,0.0,0.14285714285714285,0.0,0.0,0.5916727785823275,0.17103178897792262
données,word,6.0,0.0,0.0,1.0,0.0,0.0,0.0,0.0,0.0,0.0,0.0,7.0,0.8571428571428571,0.0,0.0,0.14285714285714285,0.0,0.0,0.0,0.0,0.0,0.0,0.0,0.5916727785823275,0.17103178897792262
maladie,lemma,0.0,0.0,0.0,12.0,0.0,2.0,0.0,0.0,0.0,0.0,0.0,14.0,0.0,0.0,0.0,0.8571428571428571,0.0,0.14285714285714285,0.0,0.0,0.0,0.0,0.0,0.5916727785823275,0.17103178897792262
stop,word,6.0,1.0,0.0,0.0,0.0,0.0,0.0,0.0,0.0,0.0,0.0,7.0,0.8571428571428571,0.14285714285714285,0.0,0.0,0.0,0.0,0.0,0.0,0.0,0.0,0.0,0.5916727785823275,0.17103178897792262
respecter,word,6.0,1.0,0.0,0.0,0.0,0.0,0.0,0.0,0.0,0.0,0.0,7.0,0.8571428571428571,0.14285714285714285,0.0,0.0,0.0,0.0,0.0,0.0,0.0,0.0,0.0,0.5916727785823275,0.17103178897792262
présidentielle,word,6.0,0.0,1.0,0.0,0.0,0.0,0.0,0.0,0.0,0.0,0.0,7.0,0.8571428571428571,0.0,0.14285714285714285,0.0,0.0,0.0,0.0,0.0,0.0,0.0,0.0,0.5916727785823275,0.17103178897792262
stop,lemma,6.0,1.0,0.0,0.0,0.0,0.0,0.0,0.0,0.0,0.0,0.0,7.0,0.8571428571428571,0.14285714285714285,0.0,0.0,0.0,0.0,0.0,0.0,0.0,0.0,0.0,0.5916727785823275,0.17103178897792262
commettre,lemma,6.0,0.0,0.0,0.0,0.0,1.0,0.0,0.0,0.0,0.0,0.0,7.0,0.8571428571428571,0.0,0.0,0.0,0.0,0.14285714285714285,0.0,0.0,0.0,0.0,0.0,0.5916727785823275,0.17103178897792262
con,word,6.0,1.0,0.0,0.0,0.0,0.0,0.0,0.0,0.0,0.0,0.0,7.0,0.8571428571428571,0.14285714285714285,0.0,0.0,0.0,0.0,0.0,0.0,0.0,0.0,0.0,0.5916727785823275,0.17103178897792262
critique,lemma,13.0,0.0,0.0,2.0,0.0,0.0,0.0,0.0,0.0,0.0,0.0,15.0,0.8666666666666667,0.0,0.0,0.13333333333333333,0.0,0.0,0.0,0.0,0.0,0.0,0.0,0.5665095065529053,0.16375797211914794
fuir,lemma,1.0,0.0,0.0,47.0,0.0,1.0,0.0,1.0,1.0,0.0,0.0,51.0,0.0196078431372549,0.0,0.0,0.9215686274509803,0.0,0.0196078431372549,0.0,0.0196078431372549,0.0196078431372549,0.0,0.0,0.553490517876418,0.15999464041854458
accord,word,19.0,0.0,1.0,1.0,0.0,0.0,0.0,0.0,0.0,0.0,0.0,21.0,0.9047619047619048,0.0,0.047619047619047616,0.047619047619047616,0.0,0.0,0.0,0.0,0.0,0.0,0.0,0.5489544344250401,0.15868341824350857
découvrir,lemma,0.0,0.0,1.0,2.0,28.0,0.0,0.0,0.0,0.0,0.0,0.0,31.0,0.0,0.0,0.03225806451612903,0.06451612903225806,0.9032258064516129,0.0,0.0,0.0,0.0,0.0,0.0,0.547553154980007,0.15827835764410725
offrir,lemma,0.0,0.0,7.0,0.0,0.0,0.0,0.0,0.0,0.0,1.0,0.0,8.0,0.0,0.0,0.875,0.0,0.0,0.0,0.0,0.0,0.0,0.125,0.0,0.5435644431995964,0.15712536136607075
loi,word,14.0,0.0,0.0,2.0,0.0,0.0,0.0,0.0,0.0,0.0,0.0,16.0,0.875,0.0,0.0,0.125,0.0,0.0,0.0,0.0,0.0,0.0,0.0,0.5435644431995964,0.15712536136607075
regretter,lemma,0.0,0.0,0.0,0.0,0.0,7.0,0.0,1.0,0.0,0.0,0.0,8.0,0.0,0.0,0.0,0.0,0.0,0.875,0.0,0.125,0.0,0.0,0.0,0.5435644431995964,0.15712536136607075
gouvernement,lemma,21.0,0.0,0.0,3.0,0.0,0.0,0.0,0.0,0.0,0.0,0.0,24.0,0.875,0.0,0.0,0.125,0.0,0.0,0.0,0.0,0.0,0.0,0.0,0.5435644431995964,0.15712536136607075
agir,lemma,7.0,0.0,0.0,0.0,1.0,0.0,0.0,0.0,0.0,0.0,0.0,8.0,0.875,0.0,0.0,0.0,0.125,0.0,0.0,0.0,0.0,0.0,0.0,0.5435644431995964,0.15712536136607075
regrette,word,0.0,0.0,0.0,0.0,0.0,7.0,0.0,1.0,0.0,0.0,0.0,8.0,0.0,0.0,0.0,0.0,0.0,0.875,0.0,0.125,0.0,0.0,0.0,0.5435644431995964,0.15712536136607075
conflit,lemma,14.0,0.0,0.0,2.0,0.0,0.0,0.0,0.0,0.0,0.0,0.0,16.0,0.875,0.0,0.0,0.125,0.0,0.0,0.0,0.0,0.0,0.0,0.0,0.5435644431995964,0.15712536136607075
tranquille,lemma,7.0,0.0,1.0,0.0,0.0,0.0,0.0,0.0,0.0,0.0,0.0,8.0,0.875,0.0,0.125,0.0,0.0,0.0,0.0,0.0,0.0,0.0,0.0,0.5435644431995964,0.15712536136607075
mouvement,word,7.0,0.0,0.0,1.0,0.0,0.0,0.0,0.0,0.0,0.0,0.0,8.0,0.875,0.0,0.0,0.125,0.0,0.0,0.0,0.0,0.0,0.0,0.0,0.5435644431995964,0.15712536136607075
marrant,word,1.0,0.0,7.0,0.0,0.0,0.0,0.0,0.0,0.0,0.0,0.0,8.0,0.125,0.0,0.875,0.0,0.0,0.0,0.0,0.0,0.0,0.0,0.0,0.5435644431995964,0.15712536136607075
hasard,word,0.0,0.0,1.0,0.0,7.0,0.0,0.0,0.0,0.0,0.0,0.0,8.0,0.0,0.0,0.125,0.0,0.875,0.0,0.0,0.0,0.0,0.0,0.0,0.5435644431995964,0.15712536136607075
hasard,lemma,0.0,0.0,1.0,0.0,7.0,0.0,0.0,0.0,0.0,0.0,0.0,8.0,0.0,0.0,0.125,0.0,0.875,0.0,0.0,0.0,0.0,0.0,0.0,0.5435644431995964,0.15712536136607075
disputer,lemma,7.0,0.0,1.0,0.0,0.0,0.0,0.0,0.0,0.0,0.0,0.0,8.0,0.875,0.0,0.125,0.0,0.0,0.0,0.0,0.0,0.0,0.0,0.0,0.5435644431995964,0.15712536136607075
bloquer,lemma,20.0,0.0,0.0,1.0,0.0,0.0,0.0,0.0,1.0,0.0,0.0,22.0,0.9090909090909091,0.0,0.0,0.045454545454545456,0.0,0.0,0.0,0.0,0.045454545454545456,0.0,0.0,0.5304060778306042,0.15332174076605573
accusé,word,20.0,0.0,0.0,1.0,0.0,0.0,0.0,0.0,1.0,0.0,0.0,22.0,0.9090909090909091,0.0,0.0,0.045454545454545456,0.0,0.0,0.0,0.0,0.045454545454545456,0.0,0.0,0.5304060778306042,0.15332174076605573
fuient,word,0.0,0.0,0.0,15.0,0.0,2.0,0.0,0.0,0.0,0.0,0.0,17.0,0.0,0.0,0.0,0.8823529411764706,0.0,0.11764705882352941,0.0,0.0,0.0,0.0,0.0,0.5225593745369408,0.1510535348413049
menacer,word,1.0,0.0,0.0,8.0,0.0,0.0,0.0,0.0,0.0,0.0,0.0,9.0,0.1111111111111111,0.0,0.0,0.8888888888888888,0.0,0.0,0.0,0.0,0.0,0.0,0.0,0.5032583347756457,0.1454742831349515
décision,word,8.0,0.0,1.0,0.0,0.0,0.0,0.0,0.0,0.0,0.0,0.0,9.0,0.8888888888888888,0.0,0.1111111111111111,0.0,0.0,0.0,0.0,0.0,0.0,0.0,0.0,0.5032583347756457,0.1454742831349515
violent,word,0.0,0.0,0.0,8.0,0.0,1.0,0.0,0.0,0.0,0.0,0.0,9.0,0.0,0.0,0.0,0.8888888888888888,0.0,0.1111111111111111,0.0,0.0,0.0,0.0,0.0,0.5032583347756457,0.1454742831349515
changement,lemma,8.0,0.0,1.0,0.0,0.0,0.0,0.0,0.0,0.0,0.0,0.0,9.0,0.8888888888888888,0.0,0.1111111111111111,0.0,0.0,0.0,0.0,0.0,0.0,0.0,0.0,0.5032583347756457,0.1454742831349515
dérange,word,1.0,0.0,0.0,0.0,0.0,8.0,0.0,0.0,0.0,0.0,0.0,9.0,0.1111111111111111,0.0,0.0,0.0,0.0,0.8888888888888888,0.0,0.0,0.0,0.0,0.0,0.5032583347756457,0.1454742831349515
protestations,word,8.0,0.0,0.0,1.0,0.0,0.0,0.0,0.0,0.0,0.0,0.0,9.0,0.8888888888888888,0.0,0.0,0.1111111111111111,0.0,0.0,0.0,0.0,0.0,0.0,0.0,0.5032583347756457,0.1454742831349515
dérange,lemma,1.0,0.0,0.0,0.0,0.0,8.0,0.0,0.0,0.0,0.0,0.0,9.0,0.1111111111111111,0.0,0.0,0.0,0.0,0.8888888888888888,0.0,0.0,0.0,0.0,0.0,0.5032583347756457,0.1454742831349515
con,lemma,8.0,1.0,0.0,0.0,0.0,0.0,0.0,0.0,0.0,0.0,0.0,9.0,0.8888888888888888,0.1111111111111111,0.0,0.0,0.0,0.0,0.0,0.0,0.0,0.0,0.0,0.5032583347756457,0.1454742831349515
menacer,lemma,7.0,0.0,0.0,56.0,0.0,0.0,0.0,0.0,0.0,0.0,0.0,63.0,0.1111111111111111,0.0,0.0,0.8888888888888888,0.0,0.0,0.0,0.0,0.0,0.0,0.0,0.5032583347756457,0.1454742831349515
gueule,word,8.0,1.0,0.0,0.0,0.0,0.0,0.0,0.0,0.0,0.0,0.0,9.0,0.8888888888888888,0.1111111111111111,0.0,0.0,0.0,0.0,0.0,0.0,0.0,0.0,0.0,0.5032583347756457,0.1454742831349515
marrant,lemma,1.0,0.0,9.0,0.0,0.0,0.0,0.0,0.0,0.0,0.0,0.0,10.0,0.1,0.0,0.9,0.0,0.0,0.0,0.0,0.0,0.0,0.0,0.0,0.4689955935892812,0.13557012980474029
v,lemma,9.0,0.0,1.0,0.0,0.0,0.0,0.0,0.0,0.0,0.0,0.0,10.0,0.9,0.0,0.1,0.0,0.0,0.0,0.0,0.0,0.0,0.0,0.0,0.4689955935892812,0.13557012980474029
mentir,lemma,9.0,0.0,1.0,0.0,0.0,0.0,0.0,0.0,0.0,0.0,0.0,10.0,0.9,0.0,0.1,0.0,0.0,0.0,0.0,0.0,0.0,0.0,0.0,0.4689955935892812,0.13557012980474029
refuse,word,9.0,0.0,1.0,0.0,0.0,0.0,0.0,0.0,0.0,0.0,0.0,10.0,0.9,0.0,0.1,0.0,0.0,0.0,0.0,0.0,0.0,0.0,0.0,0.4689955935892812,0.13557012980474029
mouvement,lemma,9.0,0.0,0.0,1.0,0.0,0.0,0.0,0.0,0.0,0.0,0.0,10.0,0.9,0.0,0.0,0.1,0.0,0.0,0.0,0.0,0.0,0.0,0.0,0.4689955935892812,0.13557012980474029
protester,lemma,26.0,0.0,0.0,0.0,1.0,1.0,0.0,0.0,0.0,0.0,0.0,28.0,0.9285714285714286,0.0,0.0,0.0,0.03571428571428571,0.03571428571428571,0.0,0.0,0.0,0.0,0.0,0.4426608980694471,0.12795769561816497
macron,word,10.0,0.0,1.0,0.0,0.0,0.0,0.0,0.0,0.0,0.0,0.0,11.0,0.9090909090909091,0.0,0.09090909090909091,0.0,0.0,0.0,0.0,0.0,0.0,0.0,0.0,0.4394969869215134,0.1270431201917023
désaccord,word,10.0,1.0,0.0,0.0,0.0,0.0,0.0,0.0,0.0,0.0,0.0,11.0,0.9090909090909091,0.09090909090909091,0.0,0.0,0.0,0.0,0.0,0.0,0.0,0.0,0.0,0.4394969869215134,0.1270431201917023
emmanuel,lemma,10.0,0.0,1.0,0.0,0.0,0.0,0.0,0.0,0.0,0.0,0.0,11.0,0.9090909090909091,0.0,0.09090909090909091,0.0,0.0,0.0,0.0,0.0,0.0,0.0,0.0,0.4394969869215134,0.1270431201917023
emmanuel,word,10.0,0.0,1.0,0.0,0.0,0.0,0.0,0.0,0.0,0.0,0.0,11.0,0.9090909090909091,0.0,0.09090909090909091,0.0,0.0,0.0,0.0,0.0,0.0,0.0,0.0,0.4394969869215134,0.1270431201917023
réfugier,lemma,1.0,0.0,0.0,10.0,0.0,0.0,0.0,0.0,0.0,0.0,0.0,11.0,0.09090909090909091,0.0,0.0,0.9090909090909091,0.0,0.0,0.0,0.0,0.0,0.0,0.0,0.4394969869215134,0.1270431201917023
macron,lemma,10.0,0.0,1.0,0.0,0.0,0.0,0.0,0.0,0.0,0.0,0.0,11.0,0.9090909090909091,0.0,0.09090909090909091,0.0,0.0,0.0,0.0,0.0,0.0,0.0,0.0,0.4394969869215134,0.1270431201917023
surprise,word,0.0,0.0,2.0,1.0,39.0,0.0,0.0,0.0,0.0,0.0,0.0,42.0,0.0,0.0,0.047619047619047616,0.023809523809523808,0.9285714285714286,0.0,0.0,0.0,0.0,0.0,0.0,0.4368248862161963,0.12627070986541591
surprise,lemma,0.0,0.0,2.0,1.0,41.0,0.0,0.0,0.0,0.0,0.0,0.0,44.0,0.0,0.0,0.045454545454545456,0.022727272727272728,0.9318181818181818,0.0,0.0,0.0,0.0,0.0,0.0,0.4217127052431739,0.12190230989716469
injuste,word,11.0,0.0,0.0,0.0,0.0,1.0,0.0,0.0,0.0,0.0,0.0,12.0,0.9166666666666666,0.0,0.0,0.0,0.0,0.08333333333333333,0.0,0.0,0.0,0.0,0.0,0.41381685030363374,0.11961989596043529
conflit,word,11.0,0.0,0.0,1.0,0.0,0.0,0.0,0.0,0.0,0.0,0.0,12.0,0.9166666666666666,0.0,0.0,0.08333333333333333,0.0,0.0,0.0,0.0,0.0,0.0,0.0,0.41381685030363374,0.11961989596043529
désaccord,lemma,11.0,1.0,0.0,0.0,0.0,0.0,0.0,0.0,0.0,0.0,0.0,12.0,0.9166666666666666,0.08333333333333333,0.0,0.0,0.0,0.0,0.0,0.0,0.0,0.0,0.0,0.41381685030363374,0.11961989596043529
dirigeant,lemma,11.0,0.0,0.0,0.0,0.0,0.0,1.0,0.0,0.0,0.0,0.0,12.0,0.9166666666666666,0.0,0.0,0.0,0.0,0.0,0.08333333333333333,0.0,0.0,0.0,0.0,0.41381685030363374,0.11961989596043529
rire,word,2.0,0.0,23.0,0.0,0.0,0.0,0.0,0.0,0.0,0.0,0.0,25.0,0.08,0.0,0.92,0.0,0.0,0.0,0.0,0.0,0.0,0.0,0.0,0.4021791902022728,0.11625585776448877
mere,lemma,12.0,1.0,0.0,0.0,0.0,0.0,0.0,0.0,0.0,0.0,0.0,13.0,0.9230769230769231,0.07692307692307693,0.0,0.0,0.0,0.0,0.0,0.0,0.0,0.0,0.0,0.39124356362925566,0.1130947527684823
routes,word,12.0,0.0,0.0,1.0,0.0,0.0,0.0,0.0,0.0,0.0,0.0,13.0,0.9230769230769231,0.0,0.0,0.07692307692307693,0.0,0.0,0.0,0.0,0.0,0.0,0.0,0.39124356362925566,0.1130947527684823
injuste,lemma,13.0,0.0,0.0,0.0,0.0,1.0,0.0,0.0,0.0,0.0,0.0,14.0,0.9285714285714286,0.0,0.0,0.0,0.0,0.07142857142857142,0.0,0.0,0.0,0.0,0.0,0.37123232664087563,0.10731020802403013
étonnant,word,1.0,0.0,0.0,0.0,14.0,0.0,0.0,0.0,0.0,0.0,0.0,15.0,0.06666666666666667,0.0,0.0,0.0,0.9333333333333333,0.0,0.0,0.0,0.0,0.0,0.0,0.35335933502142136,0.10214375480577151
décision,lemma,16.0,0.0,1.0,0.0,0.0,0.0,0.0,0.0,0.0,0.0,0.0,17.0,0.9411764705882353,0.0,0.058823529411764705,0.0,0.0,0.0,0.0,0.0,0.0,0.0,0.0,0.3227569588973982,0.09329768426656608
protestation,lemma,16.0,0.0,0.0,1.0,0.0,0.0,0.0,0.0,0.0,0.0,0.0,17.0,0.9411764705882353,0.0,0.0,0.058823529411764705,0.0,0.0,0.0,0.0,0.0,0.0,0.0,0.3227569588973982,0.09329768426656608
rir,lemma,1.0,0.0,16.0,0.0,0.0,0.0,0.0,0.0,0.0,0.0,0.0,17.0,0.058823529411764705,0.0,0.9411764705882353,0.0,0.0,0.0,0.0,0.0,0.0,0.0,0.0,0.3227569588973982,0.09329768426656608
inquiet,lemma,0.0,0.0,0.0,50.0,0.0,3.0,0.0,0.0,0.0,0.0,0.0,53.0,0.0,0.0,0.0,0.9433962264150944,0.0,0.05660377358490566,0.0,0.0,0.0,0.0,0.0,0.3138129641688651,0.09071228998377456
accuse,word,18.0,0.0,0.0,1.0,0.0,0.0,0.0,0.0,0.0,0.0,0.0,19.0,0.9473684210526315,0.0,0.0,0.05263157894736842,0.0,0.0,0.0,0.0,0.0,0.0,0.0,0.2974722489192896,0.08598876396824595
triste,word,0.0,0.0,0.0,0.0,1.0,20.0,0.0,0.0,0.0,0.0,0.0,21.0,0.0,0.0,0.0,0.0,0.047619047619047616,0.9523809523809523,0.0,0.0,0.0,0.0,0.0,0.2761954276479391,0.07983838332284628
manifestations,word,62.0,0.0,0.0,3.0,0.0,0.0,0.0,0.0,0.0,0.0,0.0,65.0,0.9538461538461539,0.0,0.0,0.046153846153846156,0.0,0.0,0.0,0.0,0.0,0.0,0.0,0.26982844770307396,0.07799791337091436
accuser,lemma,79.0,0.0,0.0,2.0,0.0,0.0,0.0,0.0,1.0,0.0,0.0,82.0,0.9634146341463414,0.0,0.0,0.024390243902439025,0.0,0.0,0.0,0.0,0.012195121951219513,0.0,0.0,0.26000713747185045,0.07515891803471164
accusent,word,22.0,0.0,0.0,1.0,0.0,0.0,0.0,0.0,0.0,0.0,0.0,23.0,0.9565217391304348,0.0,0.0,0.043478260869565216,0.0,0.0,0.0,0.0,0.0,0.0,0.0,0.2580186686648155,0.07458412164436755
manifestation,lemma,69.0,0.0,0.0,3.0,0.0,0.0,0.0,0.0,0.0,0.0,0.0,72.0,0.9583333333333334,0.0,0.0,0.041666666666666664,0.0,0.0,0.0,0.0,0.0,0.0,0.0,0.24988229283318544,0.07223218157774035
étonnant,lemma,1.0,0.0,0.0,0.0,24.0,0.0,0.0,0.0,0.0,0.0,0.0,25.0,0.04,0.0,0.0,0.0,0.96,0.0,0.0,0.0,0.0,0.0,0.0,0.24229218908241482,0.07003814955528909
plaisir,word,0.0,0.0,26.0,0.0,0.0,1.0,0.0,0.0,0.0,0.0,0.0,27.0,0.0,0.0,0.9629629629629629,0.0,0.0,0.037037037037037035,0.0,0.0,0.0,0.0,0.0,0.228538143953528,0.06606233888893903
plaisir,lemma,0.0,0.0,26.0,0.0,0.0,1.0,0.0,0.0,0.0,0.0,0.0,27.0,0.0,0.0,0.9629629629629629,0.0,0.0,0.037037037037037035,0.0,0.0,0.0,0.0,0.0,0.228538143953528,0.06606233888893903
triste,lemma,0.0,0.0,0.0,0.0,1.0,28.0,0.0,0.0,0.0,0.0,0.0,29.0,0.0,0.0,0.0,0.0,0.034482758620689655,0.9655172413793104,0.0,0.0,0.0,0.0,0.0,0.21639693245126462,0.06255274169474852
inquiète,word,0.0,0.0,0.0,30.0,0.0,1.0,0.0,0.0,0.0,0.0,0.0,31.0,0.0,0.0,0.0,0.967741935483871,0.0,0.03225806451612903,0.0,0.0,0.0,0.0,0.0,0.205592508185083,0.05942956267077996
dangereux,lemma,1.0,0.0,0.0,42.0,0.0,0.0,0.0,0.0,0.0,0.0,0.0,43.0,0.023255813953488372,0.0,0.0,0.9767441860465116,0.0,0.0,0.0,0.0,0.0,0.0,0.0,0.15935006268563445,0.04606249819396747
peur,lemma,1.0,0.0,0.0,133.0,0.0,1.0,0.0,0.0,0.0,0.0,0.0,135.0,0.007407407407407408,0.0,0.0,0.9851851851851852,0.0,0.007407407407407408,0.0,0.0,0.0,0.0,0.0,0.1260558642978071,0.03643831651959685
peur,word,1.0,0.0,0.0,133.0,0.0,1.0,0.0,0.0,0.0,0.0,0.0,135.0,0.007407407407407408,0.0,0.0,0.9851851851851852,0.0,0.007407407407407408,0.0,0.0,0.0,0.0,0.0,0.1260558642978071,0.03643831651959685
dangereux,word,1.0,0.0,0.0,57.0,0.0,0.0,0.0,0.0,0.0,0.0,0.0,58.0,0.017241379310344827,0.0,0.0,0.9827586206896551,0.0,0.0,0.0,0.0,0.0,0.0,0.0,0.12565805017256743,0.03632332244857764
embêtant,lemma,0.0,0.0,0.0,0.0,0.0,4.0,0.0,0.0,0.0,0.0,0.0,4.0,0.0,0.0,0.0,0.0,0.0,1.0,0.0,0.0,0.0,0.0,0.0,-0.0,-0.0
polémique,lemma,4.0,0.0,0.0,0.0,0.0,0.0,0.0,0.0,0.0,0.0,0.0,4.0,1.0,0.0,0.0,0.0,0.0,0.0,0.0,0.0,0.0,0.0,0.0,-0.0,-0.0
polémique,word,4.0,0.0,0.0,0.0,0.0,0.0,0.0,0.0,0.0,0.0,0.0,4.0,1.0,0.0,0.0,0.0,0.0,0.0,0.0,0.0,0.0,0.0,0.0,-0.0,-0.0
tiré,word,0.0,0.0,0.0,4.0,0.0,0.0,0.0,0.0,0.0,0.0,0.0,4.0,0.0,0.0,0.0,1.0,0.0,0.0,0.0,0.0,0.0,0.0,0.0,-0.0,-0.0
embêtant,word,0.0,0.0,0.0,0.0,0.0,4.0,0.0,0.0,0.0,0.0,0.0,4.0,0.0,0.0,0.0,0.0,0.0,1.0,0.0,0.0,0.0,0.0,0.0,-0.0,-0.0
profondément,lemma,3.0,0.0,0.0,0.0,0.0,0.0,0.0,0.0,0.0,0.0,0.0,3.0,1.0,0.0,0.0,0.0,0.0,0.0,0.0,0.0,0.0,0.0,0.0,-0.0,-0.0
judiciaire,word,3.0,0.0,0.0,0.0,0.0,0.0,0.0,0.0,0.0,0.0,0.0,3.0,1.0,0.0,0.0,0.0,0.0,0.0,0.0,0.0,0.0,0.0,0.0,-0.0,-0.0
covid,word,0.0,0.0,0.0,4.0,0.0,0.0,0.0,0.0,0.0,0.0,0.0,4.0,0.0,0.0,0.0,1.0,0.0,0.0,0.0,0.0,0.0,0.0,0.0,-0.0,-0.0
corée,word,0.0,0.0,0.0,4.0,0.0,0.0,0.0,0.0,0.0,0.0,0.0,4.0,0.0,0.0,0.0,1.0,0.0,0.0,0.0,0.0,0.0,0.0,0.0,-0.0,-0.0
emporte,word,3.0,0.0,0.0,0.0,0.0,0.0,0.0,0.0,0.0,0.0,0.0,3.0,1.0,0.0,0.0,0.0,0.0,0.0,0.0,0.0,0.0,0.0,0.0,-0.0,-0.0
ete,lemma,4.0,0.0,0.0,0.0,0.0,0.0,0.0,0.0,0.0,0.0,0.0,4.0,1.0,0.0,0.0,0.0,0.0,0.0,0.0,0.0,0.0,0.0,0.0,-0.0,-0.0
projet,word,3.0,0.0,0.0,0.0,0.0,0.0,0.0,0.0,0.0,0.0,0.0,3.0,1.0,0.0,0.0,0.0,0.0,0.0,0.0,0.0,0.0,0.0,0.0,-0.0,-0.0
humanitaire,lemma,0.0,0.0,0.0,5.0,0.0,0.0,0.0,0.0,0.0,0.0,0.0,5.0,0.0,0.0,0.0,1.0,0.0,0.0,0.0,0.0,0.0,0.0,0.0,-0.0,-0.0
humanitaire,word,0.0,0.0,0.0,4.0,0.0,0.0,0.0,0.0,0.0,0.0,0.0,4.0,0.0,0.0,0.0,1.0,0.0,0.0,0.0,0.0,0.0,0.0,0.0,-0.0,-0.0
projet,lemma,3.0,0.0,0.0,0.0,0.0,0.0,0.0,0.0,0.0,0.0,0.0,3.0,1.0,0.0,0.0,0.0,0.0,0.0,0.0,0.0,0.0,0.0,0.0,-0.0,-0.0
gâteau,lemma,0.0,0.0,5.0,0.0,0.0,0.0,0.0,0.0,0.0,0.0,0.0,5.0,0.0,0.0,1.0,0.0,0.0,0.0,0.0,0.0,0.0,0.0,0.0,-0.0,-0.0
gâteau,word,0.0,0.0,4.0,0.0,0.0,0.0,0.0,0.0,0.0,0.0,0.0,4.0,0.0,0.0,1.0,0.0,0.0,0.0,0.0,0.0,0.0,0.0,0.0,-0.0,-0.0
habitant,lemma,0.0,0.0,0.0,6.0,0.0,0.0,0.0,0.0,0.0,0.0,0.0,6.0,0.0,0.0,0.0,1.0,0.0,0.0,0.0,0.0,0.0,0.0,0.0,-0.0,-0.0
encourager,word,0.0,0.0,5.0,0.0,0.0,0.0,0.0,0.0,0.0,0.0,0.0,5.0,0.0,0.0,1.0,0.0,0.0,0.0,0.0,0.0,0.0,0.0,0.0,-0.0,-0.0
habitation,lemma,0.0,0.0,0.0,6.0,0.0,0.0,0.0,0.0,0.0,0.0,0.0,6.0,0.0,0.0,0.0,1.0,0.0,0.0,0.0,0.0,0.0,0.0,0.0,-0.0,-0.0
habitations,word,0.0,0.0,0.0,6.0,0.0,0.0,0.0,0.0,0.0,0.0,0.0,6.0,0.0,0.0,0.0,1.0,0.0,0.0,0.0,0.0,0.0,0.0,0.0,-0.0,-0.0
frapper,lemma,0.0,0.0,0.0,4.0,0.0,0.0,0.0,0.0,0.0,0.0,0.0,4.0,0.0,0.0,0.0,1.0,0.0,0.0,0.0,0.0,0.0,0.0,0.0,-0.0,-0.0
frein,lemma,0.0,0.0,0.0,3.0,0.0,0.0,0.0,0.0,0.0,0.0,0.0,3.0,0.0,0.0,0.0,1.0,0.0,0.0,0.0,0.0,0.0,0.0,0.0,-0.0,-0.0
corée,lemma,0.0,0.0,0.0,4.0,0.0,0.0,0.0,0.0,0.0,0.0,0.0,4.0,0.0,0.0,0.0,1.0,0.0,0.0,0.0,0.0,0.0,0.0,0.0,-0.0,-0.0
profondément,word,3.0,0.0,0.0,0.0,0.0,0.0,0.0,0.0,0.0,0.0,0.0,3.0,1.0,0.0,0.0,0.0,0.0,0.0,0.0,0.0,0.0,0.0,0.0,-0.0,-0.0
désespérer,lemma,0.0,0.0,0.0,0.0,0.0,3.0,0.0,0.0,0.0,0.0,0.0,3.0,0.0,0.0,0.0,0.0,0.0,1.0,0.0,0.0,0.0,0.0,0.0,-0.0,-0.0
détresse,lemma,0.0,0.0,0.0,4.0,0.0,0.0,0.0,0.0,0.0,0.0,0.0,4.0,0.0,0.0,0.0,1.0,0.0,0.0,0.0,0.0,0.0,0.0,0.0,-0.0,-0.0
détresse,word,0.0,0.0,0.0,4.0,0.0,0.0,0.0,0.0,0.0,0.0,0.0,4.0,0.0,0.0,0.0,1.0,0.0,0.0,0.0,0.0,0.0,0.0,0.0,-0.0,-0.0
habitants,word,0.0,0.0,0.0,6.0,0.0,0.0,0.0,0.0,0.0,0.0,0.0,6.0,0.0,0.0,0.0,1.0,0.0,0.0,0.0,0.0,0.0,0.0,0.0,-0.0,-0.0
craignaient,word,0.0,0.0,0.0,3.0,0.0,0.0,0.0,0.0,0.0,0.0,0.0,3.0,0.0,0.0,0.0,1.0,0.0,0.0,0.0,0.0,0.0,0.0,0.0,-0.0,-0.0
craignaient,lemma,0.0,0.0,0.0,3.0,0.0,0.0,0.0,0.0,0.0,0.0,0.0,3.0,0.0,0.0,0.0,1.0,0.0,0.0,0.0,0.0,0.0,0.0,0.0,-0.0,-0.0
prestigieux,word,0.0,0.0,0.0,0.0,0.0,0.0,3.0,0.0,0.0,0.0,0.0,3.0,0.0,0.0,0.0,0.0,0.0,0.0,1.0,0.0,0.0,0.0,0.0,-0.0,-0.0
poutine,word,6.0,0.0,0.0,0.0,0.0,0.0,0.0,0.0,0.0,0.0,0.0,6.0,1.0,0.0,0.0,0.0,0.0,0.0,0.0,0.0,0.0,0.0,0.0,-0.0,-0.0
fuite,lemma,0.0,0.0,0.0,5.0,0.0,0.0,0.0,0.0,0.0,0.0,0.0,5.0,0.0,0.0,0.0,1.0,0.0,0.0,0.0,0.0,0.0,0.0,0.0,-0.0,-0.0
fuite,word,0.0,0.0,0.0,5.0,0.0,0.0,0.0,0.0,0.0,0.0,0.0,5.0,0.0,0.0,0.0,1.0,0.0,0.0,0.0,0.0,0.0,0.0,0.0,-0.0,-0.0
furieux,lemma,4.0,0.0,0.0,0.0,0.0,0.0,0.0,0.0,0.0,0.0,0.0,4.0,1.0,0.0,0.0,0.0,0.0,0.0,0.0,0.0,0.0,0.0,0.0,-0.0,-0.0
furieux,word,3.0,0.0,0.0,0.0,0.0,0.0,0.0,0.0,0.0,0.0,0.0,3.0,1.0,0.0,0.0,0.0,0.0,0.0,0.0,0.0,0.0,0.0,0.0,-0.0,-0.0
effrayer,lemma,0.0,0.0,0.0,11.0,0.0,0.0,0.0,0.0,0.0,0.0,0.0,11.0,0.0,0.0,0.0,1.0,0.0,0.0,0.0,0.0,0.0,0.0,0.0,-0.0,-0.0
poursuivre,lemma,3.0,0.0,0.0,0.0,0.0,0.0,0.0,0.0,0.0,0.0,0.0,3.0,1.0,0.0,0.0,0.0,0.0,0.0,0.0,0.0,0.0,0.0,0.0,-0.0,-0.0
pourraient,word,0.0,0.0,0.0,4.0,0.0,0.0,0.0,0.0,0.0,0.0,0.0,4.0,0.0,0.0,0.0,1.0,0.0,0.0,0.0,0.0,0.0,0.0,0.0,-0.0,-0.0
frite,lemma,0.0,0.0,3.0,0.0,0.0,0.0,0.0,0.0,0.0,0.0,0.0,3.0,0.0,0.0,1.0,0.0,0.0,0.0,0.0,0.0,0.0,0.0,0.0,-0.0,-0.0
frites,word,0.0,0.0,3.0,0.0,0.0,0.0,0.0,0.0,0.0,0.0,0.0,3.0,0.0,0.0,1.0,0.0,0.0,0.0,0.0,0.0,0.0,0.0,0.0,-0.0,-0.0
ftg,lemma,11.0,0.0,0.0,0.0,0.0,0.0,0.0,0.0,0.0,0.0,0.0,11.0,1.0,0.0,0.0,0.0,0.0,0.0,0.0,0.0,0.0,0.0,0.0,-0.0,-0.0
ftg,word,11.0,0.0,0.0,0.0,0.0,0.0,0.0,0.0,0.0,0.0,0.0,11.0,1.0,0.0,0.0,0.0,0.0,0.0,0.0,0.0,0.0,0.0,0.0,-0.0,-0.0
fui,word,0.0,0.0,0.0,13.0,0.0,0.0,0.0,0.0,0.0,0.0,0.0,13.0,0.0,0.0,0.0,1.0,0.0,0.0,0.0,0.0,0.0,0.0,0.0,-0.0,-0.0
crise,word,0.0,0.0,0.0,4.0,0.0,0.0,0.0,0.0,0.0,0.0,0.0,4.0,0.0,0.0,0.0,1.0,0.0,0.0,0.0,0.0,0.0,0.0,0.0,-0.0,-0.0
crise,lemma,0.0,0.0,0.0,4.0,0.0,0.0,0.0,0.0,0.0,0.0,0.0,4.0,0.0,0.0,0.0,1.0,0.0,0.0,0.0,0.0,0.0,0.0,0.0,-0.0,-0.0
poutine,lemma,6.0,0.0,0.0,0.0,0.0,0.0,0.0,0.0,0.0,0.0,0.0,6.0,1.0,0.0,0.0,0.0,0.0,0.0,0.0,0.0,0.0,0.0,0.0,-0.0,-0.0
manifester,lemma,35.0,0.0,0.0,0.0,0.0,0.0,0.0,0.0,0.0,0.0,0.0,35.0,1.0,0.0,0.0,0.0,0.0,0.0,0.0,0.0,0.0,0.0,0.0,-0.0,-0.0
manifester,word,15.0,0.0,0.0,0.0,0.0,0.0,0.0,0.0,0.0,0.0,0.0,15.0,1.0,0.0,0.0,0.0,0.0,0.0,0.0,0.0,0.0,0.0,0.0,-0.0,-0.0
manifesté,word,16.0,0.0,0.0,0.0,0.0,0.0,0.0,0.0,0.0,0.0,0.0,16.0,1.0,0.0,0.0,0.0,0.0,0.0,0.0,0.0,0.0,0.0,0.0,-0.0,-0.0
manipuler,lemma,3.0,0.0,0.0,0.0,0.0,0.0,0.0,0.0,0.0,0.0,0.0,3.0,1.0,0.0,0.0,0.0,0.0,0.0,0.0,0.0,0.0,0.0,0.0,-0.0,-0.0
effrayants,word,0.0,0.0,0.0,5.0,0.0,0.0,0.0,0.0,0.0,0.0,0.0,5.0,0.0,0.0,0.0,1.0,0.0,0.0,0.0,0.0,0.0,0.0,0.0,-0.0,-0.0
honte,word,0.0,0.0,0.0,0.0,0.0,0.0,0.0,0.0,11.0,0.0,0.0,11.0,0.0,0.0,0.0,0.0,0.0,0.0,0.0,0.0,1.0,0.0,0.0,-0.0,-0.0
effrayé,word,0.0,0.0,0.0,4.0,0.0,0.0,0.0,0.0,0.0,0.0,0.0,4.0,0.0,0.0,0.0,1.0,0.0,0.0,0.0,0.0,0.0,0.0,0.0,-0.0,-0.0
corruption,word,12.0,0.0,0.0,0.0,0.0,0.0,0.0,0.0,0.0,0.0,0.0,12.0,1.0,0.0,0.0,0.0,0.0,0.0,0.0,0.0,0.0,0.0,0.0,-0.0,-0.0
possible,lemma,0.0,0.0,0.0,3.0,0.0,0.0,0.0,0.0,0.0,0.0,0.0,3.0,0.0,0.0,0.0,1.0,0.0,0.0,0.0,0.0,0.0,0.0,0.0,-0.0,-0.0
potentiellement,word,4.0,0.0,0.0,0.0,0.0,0.0,0.0,0.0,0.0,0.0,0.0,4.0,1.0,0.0,0.0,0.0,0.0,0.0,0.0,0.0,0.0,0.0,0.0,-0.0,-0.0
attaquent,word,0.0,0.0,0.0,5.0,0.0,0.0,0.0,0.0,0.0,0.0,0.0,5.0,0.0,0.0,0.0,1.0,0.0,0.0,0.0,0.0,0.0,0.0,0.0,-0.0,-0.0
potentiellement,lemma,4.0,0.0,0.0,0.0,0.0,0.0,0.0,0.0,0.0,0.0,0.0,4.0,1.0,0.0,0.0,0.0,0.0,0.0,0.0,0.0,0.0,0.0,0.0,-0.0,-0.0
potentielle,word,0.0,0.0,0.0,3.0,0.0,0.0,0.0,0.0,0.0,0.0,0.0,3.0,0.0,0.0,0.0,1.0,0.0,0.0,0.0,0.0,0.0,0.0,0.0,-0.0,-0.0
potentielle,lemma,0.0,0.0,0.0,3.0,0.0,0.0,0.0,0.0,0.0,0.0,0.0,3.0,0.0,0.0,0.0,1.0,0.0,0.0,0.0,0.0,0.0,0.0,0.0,-0.0,-0.0
tranquille,word,7.0,0.0,0.0,0.0,0.0,0.0,0.0,0.0,0.0,0.0,0.0,7.0,1.0,0.0,0.0,0.0,0.0,0.0,0.0,0.0,0.0,0.0,0.0,-0.0,-0.0
armés,word,0.0,0.0,0.0,3.0,0.0,0.0,0.0,0.0,0.0,0.0,0.0,3.0,0.0,0.0,0.0,1.0,0.0,0.0,0.0,0.0,0.0,0.0,0.0,-0.0,-0.0
arrete,lemma,7.0,0.0,0.0,0.0,0.0,0.0,0.0,0.0,0.0,0.0,0.0,7.0,1.0,0.0,0.0,0.0,0.0,0.0,0.0,0.0,0.0,0.0,0.0,-0.0,-0.0
arrete,word,7.0,0.0,0.0,0.0,0.0,0.0,0.0,0.0,0.0,0.0,0.0,7.0,1.0,0.0,0.0,0.0,0.0,0.0,0.0,0.0,0.0,0.0,0.0,-0.0,-0.0
corruption,lemma,12.0,0.0,0.0,0.0,0.0,0.0,0.0,0.0,0.0,0.0,0.0,12.0,1.0,0.0,0.0,0.0,0.0,0.0,0.0,0.0,0.0,0.0,0.0,-0.0,-0.0
heureuses,word,0.0,0.0,3.0,0.0,0.0,0.0,0.0,0.0,0.0,0.0,0.0,3.0,0.0,0.0,1.0,0.0,0.0,0.0,0.0,0.0,0.0,0.0,0.0,-0.0,-0.0
heureux,lemma,0.0,0.0,36.0,0.0,0.0,0.0,0.0,0.0,0.0,0.0,0.0,36.0,0.0,0.0,1.0,0.0,0.0,0.0,0.0,0.0,0.0,0.0,0.0,-0.0,-0.0
heureux,word,0.0,0.0,27.0,0.0,0.0,0.0,0.0,0.0,0.0,0.0,0.0,27.0,0.0,0.0,1.0,0.0,0.0,0.0,0.0,0.0,0.0,0.0,0.0,-0.0,-0.0
historique,lemma,0.0,0.0,3.0,0.0,0.0,0.0,0.0,0.0,0.0,0.0,0.0,3.0,0.0,0.0,1.0,0.0,0.0,0.0,0.0,0.0,0.0,0.0,0.0,-0.0,-0.0
historique,word,0.0,0.0,3.0,0.0,0.0,0.0,0.0,0.0,0.0,0.0,0.0,3.0,0.0,0.0,1.0,0.0,0.0,0.0,0.0,0.0,0.0,0.0,0.0,-0.0,-0.0
effrayant,lemma,0.0,0.0,0.0,6.0,0.0,0.0,0.0,0.0,0.0,0.0,0.0,6.0,0.0,0.0,0.0,1.0,0.0,0.0,0.0,0.0,0.0,0.0,0.0,-0.0,-0.0
effrayant,word,0.0,0.0,0.0,4.0,0.0,0.0,0.0,0.0,0.0,0.0,0.0,4.0,0.0,0.0,0.0,1.0,0.0,0.0,0.0,0.0,0.0,0.0,0.0,-0.0,-0.0
dispute,lemma,3.0,0.0,0.0,0.0,0.0,0.0,0.0,0.0,0.0,0.0,0.0,3.0,1.0,0.0,0.0,0.0,0.0,0.0,0.0,0.0,0.0,0.0,0.0,-0.0,-0.0
tendues,word,6.0,0.0,0.0,0.0,0.0,0.0,0.0,0.0,0.0,0.0,0.0,6.0,1.0,0.0,0.0,0.0,0.0,0.0,0.0,0.0,0.0,0.0,0.0,-0.0,-0.0
lait,word,3.0,0.0,0.0,0.0,0.0,0.0,0.0,0.0,0.0,0.0,0.0,3.0,1.0,0.0,0.0,0.0,0.0,0.0,0.0,0.0,0.0,0.0,0.0,-0.0,-0.0
mur,lemma,0.0,0.0,0.0,4.0,0.0,0.0,0.0,0.0,0.0,0.0,0.0,4.0,0.0,0.0,0.0,1.0,0.0,0.0,0.0,0.0,0.0,0.0,0.0,-0.0,-0.0
muslim,lemma,3.0,0.0,0.0,0.0,0.0,0.0,0.0,0.0,0.0,0.0,0.0,3.0,1.0,0.0,0.0,0.0,0.0,0.0,0.0,0.0,0.0,0.0,0.0,-0.0,-0.0
muslim,word,3.0,0.0,0.0,0.0,0.0,0.0,0.0,0.0,0.0,0.0,0.0,3.0,1.0,0.0,0.0,0.0,0.0,0.0,0.0,0.0,0.0,0.0,0.0,-0.0,-0.0
déçue,lemma,0.0,0.0,0.0,0.0,0.0,4.0,0.0,0.0,0.0,0.0,0.0,4.0,0.0,0.0,0.0,0.0,0.0,1.0,0.0,0.0,0.0,0.0,0.0,-0.0,-0.0
déçue,word,0.0,0.0,0.0,0.0,0.0,6.0,0.0,0.0,0.0,0.0,0.0,6.0,0.0,0.0,0.0,0.0,0.0,1.0,0.0,0.0,0.0,0.0,0.0,-0.0,-0.0
déçus,word,0.0,0.0,0.0,0.0,0.0,4.0,0.0,0.0,0.0,0.0,0.0,4.0,0.0,0.0,0.0,0.0,0.0,1.0,0.0,0.0,0.0,0.0,0.0,-0.0,-0.0
dîner,lemma,0.0,0.0,4.0,0.0,0.0,0.0,0.0,0.0,0.0,0.0,0.0,4.0,0.0,0.0,1.0,0.0,0.0,0.0,0.0,0.0,0.0,0.0,0.0,-0.0,-0.0
lancé,word,3.0,0.0,0.0,0.0,0.0,0.0,0.0,0.0,0.0,0.0,0.0,3.0,1.0,0.0,0.0,0.0,0.0,0.0,0.0,0.0,0.0,0.0,0.0,-0.0,-0.0
fake,word,6.0,0.0,0.0,0.0,0.0,0.0,0.0,0.0,0.0,0.0,0.0,6.0,1.0,0.0,0.0,0.0,0.0,0.0,0.0,0.0,0.0,0.0,0.0,-0.0,-0.0
fake,lemma,6.0,0.0,0.0,0.0,0.0,0.0,0.0,0.0,0.0,0.0,0.0,6.0,1.0,0.0,0.0,0.0,0.0,0.0,0.0,0.0,0.0,0.0,0.0,-0.0,-0.0
préoccuper,word,4.0,0.0,0.0,0.0,0.0,0.0,0.0,0.0,0.0,0.0,0.0,4.0,1.0,0.0,0.0,0.0,0.0,0.0,0.0,0.0,0.0,0.0,0.0,-0.0,-0.0
surprenant,lemma,0.0,0.0,0.0,0.0,9.0,0.0,0.0,0.0,0.0,0.0,0.0,9.0,0.0,0.0,0.0,0.0,1.0,0.0,0.0,0.0,0.0,0.0,0.0,-0.0,-0.0
surprenant,word,0.0,0.0,0.0,0.0,4.0,0.0,0.0,0.0,0.0,0.0,0.0,4.0,0.0,0.0,0.0,0.0,1.0,0.0,0.0,0.0,0.0,0.0,0.0,-0.0,-0.0
surprenante,word,0.0,0.0,0.0,0.0,4.0,0.0,0.0,0.0,0.0,0.0,0.0,4.0,0.0,0.0,0.0,0.0,1.0,0.0,0.0,0.0,0.0,0.0,0.0,-0.0,-0.0
surprendre,lemma,0.0,0.0,0.0,0.0,10.0,0.0,0.0,0.0,0.0,0.0,0.0,10.0,0.0,0.0,0.0,0.0,1.0,0.0,0.0,0.0,0.0,0.0,0.0,-0.0,-0.0
surprendre,word,0.0,0.0,0.0,0.0,3.0,0.0,0.0,0.0,0.0,0.0,0.0,3.0,0.0,0.0,0.0,0.0,1.0,0.0,0.0,0.0,0.0,0.0,0.0,-0.0,-0.0
heureusement,word,0.0,0.0,17.0,0.0,0.0,0.0,0.0,0.0,0.0,0.0,0.0,17.0,0.0,0.0,1.0,0.0,0.0,0.0,0.0,0.0,0.0,0.0,0.0,-0.0,-0.0
joie,word,0.0,0.0,18.0,0.0,0.0,0.0,0.0,0.0,0.0,0.0,0.0,18.0,0.0,0.0,1.0,0.0,0.0,0.0,0.0,0.0,0.0,0.0,0.0,-0.0,-0.0
bloquer,word,5.0,0.0,0.0,0.0,0.0,0.0,0.0,0.0,0.0,0.0,0.0,5.0,1.0,0.0,0.0,0.0,0.0,0.0,0.0,0.0,0.0,0.0,0.0,-0.0,-0.0
joie,lemma,0.0,0.0,18.0,0.0,0.0,0.0,0.0,0.0,0.0,0.0,0.0,18.0,0.0,0.0,1.0,0.0,0.0,0.0,0.0,0.0,0.0,0.0,0.0,-0.0,-0.0
degouter,lemma,0.0,4.0,0.0,0.0,0.0,0.0,0.0,0.0,0.0,0.0,0.0,4.0,0.0,1.0,0.0,0.0,0.0,0.0,0.0,0.0,0.0,0.0,0.0,-0.0,-0.0
stresser,lemma,0.0,0.0,0.0,4.0,0.0,0.0,0.0,0.0,0.0,0.0,0.0,4.0,0.0,0.0,0.0,1.0,0.0,0.0,0.0,0.0,0.0,0.0,0.0,-0.0,-0.0
stressé,word,0.0,0.0,0.0,3.0,0.0,0.0,0.0,0.0,0.0,0.0,0.0,3.0,0.0,0.0,0.0,1.0,0.0,0.0,0.0,0.0,0.0,0.0,0.0,-0.0,-0.0
disputent,word,3.0,0.0,0.0,0.0,0.0,0.0,0.0,0.0,0.0,0.0,0.0,3.0,1.0,0.0,0.0,0.0,0.0,0.0,0.0,0.0,0.0,0.0,0.0,-0.0,-0.0
heureuse,word,0.0,0.0,6.0,0.0,0.0,0.0,0.0,0.0,0.0,0.0,0.0,6.0,0.0,0.0,1.0,0.0,0.0,0.0,0.0,0.0,0.0,0.0,0.0,-0.0,-0.0
heureusement,lemma,0.0,0.0,17.0,0.0,0.0,0.0,0.0,0.0,0.0,0.0,0.0,17.0,0.0,0.0,1.0,0.0,0.0,0.0,0.0,0.0,0.0,0.0,0.0,-0.0,-0.0
bloquent,word,4.0,0.0,0.0,0.0,0.0,0.0,0.0,0.0,0.0,0.0,0.0,4.0,1.0,0.0,0.0,0.0,0.0,0.0,0.0,0.0,0.0,0.0,0.0,-0.0,-0.0
terrorisme,lemma,0.0,0.0,0.0,3.0,0.0,0.0,0.0,0.0,0.0,0.0,0.0,3.0,0.0,0.0,0.0,1.0,0.0,0.0,0.0,0.0,0.0,0.0,0.0,-0.0,-0.0
terrorisme,word,0.0,0.0,0.0,3.0,0.0,0.0,0.0,0.0,0.0,0.0,0.0,3.0,0.0,0.0,0.0,1.0,0.0,0.0,0.0,0.0,0.0,0.0,0.0,-0.0,-0.0
terroriste,word,0.0,0.0,0.0,3.0,0.0,0.0,0.0,0.0,0.0,0.0,0.0,3.0,0.0,0.0,0.0,1.0,0.0,0.0,0.0,0.0,0.0,0.0,0.0,-0.0,-0.0
tg,lemma,22.0,0.0,0.0,0.0,0.0,0.0,0.0,0.0,0.0,0.0,0.0,22.0,1.0,0.0,0.0,0.0,0.0,0.0,0.0,0.0,0.0,0.0,0.0,-0.0,-0.0
tg,word,22.0,0.0,0.0,0.0,0.0,0.0,0.0,0.0,0.0,0.0,0.0,22.0,1.0,0.0,0.0,0.0,0.0,0.0,0.0,0.0,0.0,0.0,0.0,-0.0,-0.0
attendait,word,0.0,0.0,0.0,0.0,3.0,0.0,0.0,0.0,0.0,0.0,0.0,3.0,0.0,0.0,0.0,0.0,1.0,0.0,0.0,0.0,0.0,0.0,0.0,-0.0,-0.0
attrister,lemma,0.0,0.0,0.0,0.0,0.0,3.0,0.0,0.0,0.0,0.0,0.0,3.0,0.0,0.0,0.0,0.0,0.0,1.0,0.0,0.0,0.0,0.0,0.0,-0.0,-0.0
deuil,word,0.0,0.0,0.0,0.0,0.0,4.0,0.0,0.0,0.0,0.0,0.0,4.0,0.0,0.0,0.0,0.0,0.0,1.0,0.0,0.0,0.0,0.0,0.0,-0.0,-0.0
dîner,word,0.0,0.0,3.0,0.0,0.0,0.0,0.0,0.0,0.0,0.0,0.0,3.0,0.0,0.0,1.0,0.0,0.0,0.0,0.0,0.0,0.0,0.0,0.0,-0.0,-0.0
taxes,word,4.0,0.0,0.0,0.0,0.0,0.0,0.0,0.0,0.0,0.0,0.0,4.0,1.0,0.0,0.0,0.0,0.0,0.0,0.0,0.0,0.0,0.0,0.0,-0.0,-0.0
deuil,lemma,0.0,0.0,0.0,0.0,0.0,4.0,0.0,0.0,0.0,0.0,0.0,4.0,0.0,0.0,0.0,0.0,0.0,1.0,0.0,0.0,0.0,0.0,0.0,-0.0,-0.0
etes,word,4.0,0.0,0.0,0.0,0.0,0.0,0.0,0.0,0.0,0.0,0.0,4.0,1.0,0.0,0.0,0.0,0.0,0.0,0.0,0.0,0.0,0.0,0.0,-0.0,-0.0
craint,word,0.0,0.0,0.0,8.0,0.0,0.0,0.0,0.0,0.0,0.0,0.0,8.0,0.0,0.0,0.0,1.0,0.0,0.0,0.0,0.0,0.0,0.0,0.0,-0.0,-0.0
tension,lemma,9.0,0.0,0.0,0.0,0.0,0.0,0.0,0.0,0.0,0.0,0.0,9.0,1.0,0.0,0.0,0.0,0.0,0.0,0.0,0.0,0.0,0.0,0.0,-0.0,-0.0
tensions,word,9.0,0.0,0.0,0.0,0.0,0.0,0.0,0.0,0.0,0.0,0.0,9.0,1.0,0.0,0.0,0.0,0.0,0.0,0.0,0.0,0.0,0.0,0.0,-0.0,-0.0
terribles,word,0.0,0.0,0.0,4.0,0.0,0.0,0.0,0.0,0.0,0.0,0.0,4.0,0.0,0.0,0.0,1.0,0.0,0.0,0.0,0.0,0.0,0.0,0.0,-0.0,-0.0
hont,lemma,0.0,0.0,0.0,0.0,0.0,0.0,0.0,0.0,8.0,0.0,0.0,8.0,0.0,0.0,0.0,0.0,0.0,0.0,0.0,0.0,1.0,0.0,0.0,-0.0,-0.0
honte,lemma,0.0,0.0,0.0,0.0,0.0,0.0,0.0,0.0,3.0,0.0,0.0,3.0,0.0,0.0,0.0,0.0,0.0,0.0,0.0,0.0,1.0,0.0,0.0,-0.0,-0.0
taxe,lemma,4.0,0.0,0.0,0.0,0.0,0.0,0.0,0.0,0.0,0.0,0.0,4.0,1.0,0.0,0.0,0.0,0.0,0.0,0.0,0.0,0.0,0.0,0.0,-0.0,-0.0
justice,word,6.0,0.0,0.0,0.0,0.0,0.0,0.0,0.0,0.0,0.0,0.0,6.0,1.0,0.0,0.0,0.0,0.0,0.0,0.0,0.0,0.0,0.0,0.0,-0.0,-0.0
effets,word,0.0,0.0,0.0,3.0,0.0,0.0,0.0,0.0,0.0,0.0,0.0,3.0,0.0,0.0,0.0,1.0,0.0,0.0,0.0,0.0,0.0,0.0,0.0,-0.0,-0.0
effondrer,word,0.0,0.0,0.0,5.0,0.0,0.0,0.0,0.0,0.0,0.0,0.0,5.0,0.0,0.0,0.0,1.0,0.0,0.0,0.0,0.0,0.0,0.0,0.0,-0.0,-0.0
banal,lemma,0.0,0.0,0.0,0.0,3.0,0.0,0.0,0.0,0.0,0.0,0.0,3.0,0.0,0.0,0.0,0.0,1.0,0.0,0.0,0.0,0.0,0.0,0.0,-0.0,-0.0
banal,word,0.0,0.0,0.0,0.0,3.0,0.0,0.0,0.0,0.0,0.0,0.0,3.0,0.0,0.0,0.0,0.0,1.0,0.0,0.0,0.0,0.0,0.0,0.0,-0.0,-0.0
bangladesh,lemma,0.0,0.0,0.0,6.0,0.0,0.0,0.0,0.0,0.0,0.0,0.0,6.0,0.0,0.0,0.0,1.0,0.0,0.0,0.0,0.0,0.0,0.0,0.0,-0.0,-0.0
bangladesh,word,0.0,0.0,0.0,6.0,0.0,0.0,0.0,0.0,0.0,0.0,0.0,6.0,0.0,0.0,0.0,1.0,0.0,0.0,0.0,0.0,0.0,0.0,0.0,-0.0,-0.0
sévir,lemma,0.0,0.0,0.0,3.0,0.0,0.0,0.0,0.0,0.0,0.0,0.0,3.0,0.0,0.0,0.0,1.0,0.0,0.0,0.0,0.0,0.0,0.0,0.0,-0.0,-0.0
manifestent,word,15.0,0.0,0.0,0.0,0.0,0.0,0.0,0.0,0.0,0.0,0.0,15.0,1.0,0.0,0.0,0.0,0.0,0.0,0.0,0.0,0.0,0.0,0.0,-0.0,-0.0
déçu,lemma,0.0,0.0,0.0,0.0,0.0,6.0,0.0,0.0,0.0,0.0,0.0,6.0,0.0,0.0,0.0,0.0,0.0,1.0,0.0,0.0,0.0,0.0,0.0,-0.0,-0.0
déçu,word,0.0,0.0,0.0,0.0,0.0,5.0,0.0,0.0,0.0,0.0,0.0,5.0,0.0,0.0,0.0,0.0,0.0,1.0,0.0,0.0,0.0,0.0,0.0,-0.0,-0.0
justice,lemma,6.0,0.0,0.0,0.0,0.0,0.0,0.0,0.0,0.0,0.0,0.0,6.0,1.0,0.0,0.0,0.0,0.0,0.0,0.0,0.0,0.0,0.0,0.0,-0.0,-0.0
prises,word,4.0,0.0,0.0,0.0,0.0,0.0,0.0,0.0,0.0,0.0,0.0,4.0,1.0,0.0,0.0,0.0,0.0,0.0,0.0,0.0,0.0,0.0,0.0,-0.0,-0.0
parti,lemma,4.0,0.0,0.0,0.0,0.0,0.0,0.0,0.0,0.0,0.0,0.0,4.0,1.0,0.0,0.0,0.0,0.0,0.0,0.0,0.0,0.0,0.0,0.0,-0.0,-0.0
avis,lemma,5.0,0.0,0.0,0.0,0.0,0.0,0.0,0.0,0.0,0.0,0.0,5.0,1.0,0.0,0.0,0.0,0.0,0.0,0.0,0.0,0.0,0.0,0.0,-0.0,-0.0
avis,word,6.0,0.0,0.0,0.0,0.0,0.0,0.0,0.0,0.0,0.0,0.0,6.0,1.0,0.0,0.0,0.0,0.0,0.0,0.0,0.0,0.0,0.0,0.0,-0.0,-0.0
manifeste,word,4.0,0.0,0.0,0.0,0.0,0.0,0.0,0.0,0.0,0.0,0.0,4.0,1.0,0.0,0.0,0.0,0.0,0.0,0.0,0.0,0.0,0.0,0.0,-0.0,-0.0
manifestent,lemma,15.0,0.0,0.0,0.0,0.0,0.0,0.0,0.0,0.0,0.0,0.0,15.0,1.0,0.0,0.0,0.0,0.0,0.0,0.0,0.0,0.0,0.0,0.0,-0.0,-0.0
sévit,word,0.0,0.0,0.0,3.0,0.0,0.0,0.0,0.0,0.0,0.0,0.0,3.0,0.0,0.0,0.0,1.0,0.0,0.0,0.0,0.0,0.0,0.0,0.0,-0.0,-0.0
énerv,lemma,5.0,0.0,0.0,0.0,0.0,0.0,0.0,0.0,0.0,0.0,0.0,5.0,1.0,0.0,0.0,0.0,0.0,0.0,0.0,0.0,0.0,0.0,0.0,-0.0,-0.0
énerve,word,5.0,0.0,0.0,0.0,0.0,0.0,0.0,0.0,0.0,0.0,0.0,5.0,1.0,0.0,0.0,0.0,0.0,0.0,0.0,0.0,0.0,0.0,0.0,-0.0,-0.0
énerver,lemma,3.0,0.0,0.0,0.0,0.0,0.0,0.0,0.0,0.0,0.0,0.0,3.0,1.0,0.0,0.0,0.0,0.0,0.0,0.0,0.0,0.0,0.0,0.0,-0.0,-0.0
pk,lemma,4.0,0.0,0.0,0.0,0.0,0.0,0.0,0.0,0.0,0.0,0.0,4.0,1.0,0.0,0.0,0.0,0.0,0.0,0.0,0.0,0.0,0.0,0.0,-0.0,-0.0
abdelaziz,lemma,4.0,0.0,0.0,0.0,0.0,0.0,0.0,0.0,0.0,0.0,0.0,4.0,1.0,0.0,0.0,0.0,0.0,0.0,0.0,0.0,0.0,0.0,0.0,-0.0,-0.0
affrontements,word,4.0,0.0,0.0,0.0,0.0,0.0,0.0,0.0,0.0,0.0,0.0,4.0,1.0,0.0,0.0,0.0,0.0,0.0,0.0,0.0,0.0,0.0,0.0,-0.0,-0.0
affrontement,lemma,4.0,0.0,0.0,0.0,0.0,0.0,0.0,0.0,0.0,0.0,0.0,4.0,1.0,0.0,0.0,0.0,0.0,0.0,0.0,0.0,0.0,0.0,0.0,-0.0,-0.0
abri,word,0.0,0.0,0.0,4.0,0.0,0.0,0.0,0.0,0.0,0.0,0.0,4.0,0.0,0.0,0.0,1.0,0.0,0.0,0.0,0.0,0.0,0.0,0.0,-0.0,-0.0
craindre,lemma,0.0,0.0,0.0,20.0,0.0,0.0,0.0,0.0,0.0,0.0,0.0,20.0,0.0,0.0,0.0,1.0,0.0,0.0,0.0,0.0,0.0,0.0,0.0,-0.0,-0.0
accusait,word,4.0,0.0,0.0,0.0,0.0,0.0,0.0,0.0,0.0,0.0,0.0,4.0,1.0,0.0,0.0,0.0,0.0,0.0,0.0,0.0,0.0,0.0,0.0,-0.0,-0.0
accus,lemma,4.0,0.0,0.0,0.0,0.0,0.0,0.0,0.0,0.0,0.0,0.0,4.0,1.0,0.0,0.0,0.0,0.0,0.0,0.0,0.0,0.0,0.0,0.0,-0.0,-0.0
abdelaziz,word,4.0,0.0,0.0,0.0,0.0,0.0,0.0,0.0,0.0,0.0,0.0,4.0,1.0,0.0,0.0,0.0,0.0,0.0,0.0,0.0,0.0,0.0,0.0,-0.0,-0.0
fâcher,lemma,3.0,0.0,0.0,0.0,0.0,0.0,0.0,0.0,0.0,0.0,0.0,3.0,1.0,0.0,0.0,0.0,0.0,0.0,0.0,0.0,0.0,0.0,0.0,-0.0,-0.0
fâché,lemma,5.0,0.0,0.0,0.0,0.0,0.0,0.0,0.0,0.0,0.0,0.0,5.0,1.0,0.0,0.0,0.0,0.0,0.0,0.0,0.0,0.0,0.0,0.0,-0.0,-0.0
fâchés,word,5.0,0.0,0.0,0.0,0.0,0.0,0.0,0.0,0.0,0.0,0.0,5.0,1.0,0.0,0.0,0.0,0.0,0.0,0.0,0.0,0.0,0.0,0.0,-0.0,-0.0
affoler,lemma,0.0,0.0,0.0,3.0,0.0,0.0,0.0,0.0,0.0,0.0,0.0,3.0,0.0,0.0,0.0,1.0,0.0,0.0,0.0,0.0,0.0,0.0,0.0,-0.0,-0.0
fête,lemma,0.0,0.0,32.0,0.0,0.0,0.0,0.0,0.0,0.0,0.0,0.0,32.0,0.0,0.0,1.0,0.0,0.0,0.0,0.0,0.0,0.0,0.0,0.0,-0.0,-0.0
abri,lemma,0.0,0.0,0.0,4.0,0.0,0.0,0.0,0.0,0.0,0.0,0.0,4.0,0.0,0.0,0.0,1.0,0.0,0.0,0.0,0.0,0.0,0.0,0.0,-0.0,-0.0
ambiance,word,0.0,0.0,5.0,0.0,0.0,0.0,0.0,0.0,0.0,0.0,0.0,5.0,0.0,0.0,1.0,0.0,0.0,0.0,0.0,0.0,0.0,0.0,0.0,-0.0,-0.0
dangereuses,word,0.0,0.0,0.0,11.0,0.0,0.0,0.0,0.0,0.0,0.0,0.0,11.0,0.0,0.0,0.0,1.0,0.0,0.0,0.0,0.0,0.0,0.0,0.0,-0.0,-0.0
dangereuse,word,0.0,0.0,0.0,15.0,0.0,0.0,0.0,0.0,0.0,0.0,0.0,15.0,0.0,0.0,0.0,1.0,0.0,0.0,0.0,0.0,0.0,0.0,0.0,-0.0,-0.0
vidéo,word,3.0,0.0,0.0,0.0,0.0,0.0,0.0,0.0,0.0,0.0,0.0,3.0,1.0,0.0,0.0,0.0,0.0,0.0,0.0,0.0,0.0,0.0,0.0,-0.0,-0.0
dangereuse,lemma,0.0,0.0,0.0,5.0,0.0,0.0,0.0,0.0,0.0,0.0,0.0,5.0,0.0,0.0,0.0,1.0,0.0,0.0,0.0,0.0,0.0,0.0,0.0,-0.0,-0.0
dangereu,lemma,0.0,0.0,0.0,36.0,0.0,0.0,0.0,0.0,0.0,0.0,0.0,36.0,0.0,0.0,0.0,1.0,0.0,0.0,0.0,0.0,0.0,0.0,0.0,-0.0,-0.0
danger,word,0.0,0.0,0.0,34.0,0.0,0.0,0.0,0.0,0.0,0.0,0.0,34.0,0.0,0.0,0.0,1.0,0.0,0.0,0.0,0.0,0.0,0.0,0.0,-0.0,-0.0
virus,lemma,0.0,0.0,0.0,4.0,0.0,0.0,0.0,0.0,0.0,0.0,0.0,4.0,0.0,0.0,0.0,1.0,0.0,0.0,0.0,0.0,0.0,0.0,0.0,-0.0,-0.0
pk,word,4.0,0.0,0.0,0.0,0.0,0.0,0.0,0.0,0.0,0.0,0.0,4.0,1.0,0.0,0.0,0.0,0.0,0.0,0.0,0.0,0.0,0.0,0.0,-0.0,-0.0
gueul,lemma,5.0,0.0,0.0,0.0,0.0,0.0,0.0,0.0,0.0,0.0,0.0,5.0,1.0,0.0,0.0,0.0,0.0,0.0,0.0,0.0,0.0,0.0,0.0,-0.0,-0.0
danger,lemma,0.0,0.0,0.0,36.0,0.0,0.0,0.0,0.0,0.0,0.0,0.0,36.0,0.0,0.0,0.0,1.0,0.0,0.0,0.0,0.0,0.0,0.0,0.0,-0.0,-0.0
personnelles,word,4.0,0.0,0.0,0.0,0.0,0.0,0.0,0.0,0.0,0.0,0.0,4.0,1.0,0.0,0.0,0.0,0.0,0.0,0.0,0.0,0.0,0.0,0.0,-0.0,-0.0
personnel,lemma,6.0,0.0,0.0,0.0,0.0,0.0,0.0,0.0,0.0,0.0,0.0,6.0,1.0,0.0,0.0,0.0,0.0,0.0,0.0,0.0,0.0,0.0,0.0,-0.0,-0.0
personnage,word,0.0,0.0,0.0,0.0,3.0,0.0,0.0,0.0,0.0,0.0,0.0,3.0,0.0,0.0,0.0,0.0,1.0,0.0,0.0,0.0,0.0,0.0,0.0,-0.0,-0.0
personnage,lemma,0.0,0.0,0.0,0.0,3.0,0.0,0.0,0.0,0.0,0.0,0.0,3.0,0.0,0.0,0.0,0.0,1.0,0.0,0.0,0.0,0.0,0.0,0.0,-0.0,-0.0
danse,word,0.0,0.0,7.0,0.0,0.0,0.0,0.0,0.0,0.0,0.0,0.0,7.0,0.0,0.0,1.0,0.0,0.0,0.0,0.0,0.0,0.0,0.0,0.0,-0.0,-0.0
danse,lemma,0.0,0.0,7.0,0.0,0.0,0.0,0.0,0.0,0.0,0.0,0.0,7.0,0.0,0.0,1.0,0.0,0.0,0.0,0.0,0.0,0.0,0.0,0.0,-0.0,-0.0
virus,word,0.0,0.0,0.0,4.0,0.0,0.0,0.0,0.0,0.0,0.0,0.0,4.0,0.0,0.0,0.0,1.0,0.0,0.0,0.0,0.0,0.0,0.0,0.0,-0.0,-0.0
étonnement,word,0.0,0.0,0.0,0.0,4.0,0.0,0.0,0.0,0.0,0.0,0.0,4.0,0.0,0.0,0.0,0.0,1.0,0.0,0.0,0.0,0.0,0.0,0.0,-0.0,-0.0
étonner,lemma,0.0,0.0,0.0,0.0,17.0,0.0,0.0,0.0,0.0,0.0,0.0,17.0,0.0,0.0,0.0,0.0,1.0,0.0,0.0,0.0,0.0,0.0,0.0,-0.0,-0.0
étonné,word,0.0,0.0,0.0,0.0,7.0,0.0,0.0,0.0,0.0,0.0,0.0,7.0,0.0,0.0,0.0,0.0,1.0,0.0,0.0,0.0,0.0,0.0,0.0,-0.0,-0.0
écoles,word,0.0,0.0,0.0,4.0,0.0,0.0,0.0,0.0,0.0,0.0,0.0,4.0,0.0,0.0,0.0,1.0,0.0,0.0,0.0,0.0,0.0,0.0,0.0,-0.0,-0.0
agréable,word,0.0,0.0,4.0,0.0,0.0,0.0,0.0,0.0,0.0,0.0,0.0,4.0,0.0,0.0,1.0,0.0,0.0,0.0,0.0,0.0,0.0,0.0,0.0,-0.0,-0.0
actes,word,4.0,0.0,0.0,0.0,0.0,0.0,0.0,0.0,0.0,0.0,0.0,4.0,1.0,0.0,0.0,0.0,0.0,0.0,0.0,0.0,0.0,0.0,0.0,-0.0,-0.0
agréable,lemma,0.0,0.0,4.0,0.0,0.0,0.0,0.0,0.0,0.0,0.0,0.0,4.0,0.0,0.0,1.0,0.0,0.0,0.0,0.0,0.0,0.0,0.0,0.0,-0.0,-0.0
accusés,word,6.0,0.0,0.0,0.0,0.0,0.0,0.0,0.0,0.0,0.0,0.0,6.0,1.0,0.0,0.0,0.0,0.0,0.0,0.0,0.0,0.0,0.0,0.0,-0.0,-0.0
fête,word,0.0,0.0,30.0,0.0,0.0,0.0,0.0,0.0,0.0,0.0,0.0,30.0,0.0,0.0,1.0,0.0,0.0,0.0,0.0,0.0,0.0,0.0,0.0,-0.0,-0.0
épidémies,word,0.0,0.0,0.0,3.0,0.0,0.0,0.0,0.0,0.0,0.0,0.0,3.0,0.0,0.0,0.0,1.0,0.0,0.0,0.0,0.0,0.0,0.0,0.0,-0.0,-0.0
étonn,lemma,0.0,0.0,0.0,0.0,6.0,0.0,0.0,0.0,0.0,0.0,0.0,6.0,0.0,0.0,0.0,0.0,1.0,0.0,0.0,0.0,0.0,0.0,0.0,-0.0,-0.0
étonnante,word,0.0,0.0,0.0,0.0,10.0,0.0,0.0,0.0,0.0,0.0,0.0,10.0,0.0,0.0,0.0,0.0,1.0,0.0,0.0,0.0,0.0,0.0,0.0,-0.0,-0.0
étonne,word,0.0,0.0,0.0,0.0,6.0,0.0,0.0,0.0,0.0,0.0,0.0,6.0,0.0,0.0,0.0,0.0,1.0,0.0,0.0,0.0,0.0,0.0,0.0,-0.0,-0.0
accusant,word,4.0,0.0,0.0,0.0,0.0,0.0,0.0,0.0,0.0,0.0,0.0,4.0,1.0,0.0,0.0,0.0,0.0,0.0,0.0,0.0,0.0,0.0,0.0,-0.0,-0.0
amuser,word,0.0,0.0,12.0,0.0,0.0,0.0,0.0,0.0,0.0,0.0,0.0,12.0,0.0,0.0,1.0,0.0,0.0,0.0,0.0,0.0,0.0,0.0,0.0,-0.0,-0.0
accuser,word,4.0,0.0,0.0,0.0,0.0,0.0,0.0,0.0,0.0,0.0,0.0,4.0,1.0,0.0,0.0,0.0,0.0,0.0,0.0,0.0,0.0,0.0,0.0,-0.0,-0.0
amuser,lemma,0.0,0.0,21.0,0.0,0.0,0.0,0.0,0.0,0.0,0.0,0.0,21.0,0.0,0.0,1.0,0.0,0.0,0.0,0.0,0.0,0.0,0.0,0.0,-0.0,-0.0
amusé,word,0.0,0.0,3.0,0.0,0.0,0.0,0.0,0.0,0.0,0.0,0.0,3.0,0.0,0.0,1.0,0.0,0.0,0.0,0.0,0.0,0.0,0.0,0.0,-0.0,-0.0
adorer,lemma,0.0,0.0,3.0,0.0,0.0,0.0,0.0,0.0,0.0,0.0,0.0,3.0,0.0,0.0,1.0,0.0,0.0,0.0,0.0,0.0,0.0,0.0,0.0,-0.0,-0.0
adore,word,0.0,0.0,3.0,0.0,0.0,0.0,0.0,0.0,0.0,0.0,0.0,3.0,0.0,0.0,1.0,0.0,0.0,0.0,0.0,0.0,0.0,0.0,0.0,-0.0,-0.0
admirer,word,0.0,0.0,0.0,0.0,0.0,0.0,3.0,0.0,0.0,0.0,0.0,3.0,0.0,0.0,0.0,0.0,0.0,0.0,1.0,0.0,0.0,0.0,0.0,-0.0,-0.0
étonnés,word,0.0,0.0,0.0,0.0,6.0,0.0,0.0,0.0,0.0,0.0,0.0,6.0,0.0,0.0,0.0,0.0,1.0,0.0,0.0,0.0,0.0,0.0,0.0,-0.0,-0.0
étrange,lemma,0.0,0.0,0.0,0.0,10.0,0.0,0.0,0.0,0.0,0.0,0.0,10.0,0.0,0.0,0.0,0.0,1.0,0.0,0.0,0.0,0.0,0.0,0.0,-0.0,-0.0
étrange,word,0.0,0.0,0.0,0.0,8.0,0.0,0.0,0.0,0.0,0.0,0.0,8.0,0.0,0.0,0.0,0.0,1.0,0.0,0.0,0.0,0.0,0.0,0.0,-0.0,-0.0
évacuer,lemma,0.0,0.0,0.0,3.0,0.0,0.0,0.0,0.0,0.0,0.0,0.0,3.0,0.0,0.0,0.0,1.0,0.0,0.0,0.0,0.0,0.0,0.0,0.0,-0.0,-0.0
évacuer,word,0.0,0.0,0.0,3.0,0.0,0.0,0.0,0.0,0.0,0.0,0.0,3.0,0.0,0.0,0.0,1.0,0.0,0.0,0.0,0.0,0.0,0.0,0.0,-0.0,-0.0
étonnement,lemma,0.0,0.0,0.0,0.0,4.0,0.0,0.0,0.0,0.0,0.0,0.0,4.0,0.0,0.0,0.0,0.0,1.0,0.0,0.0,0.0,0.0,0.0,0.0,-0.0,-0.0
marre,lemma,7.0,0.0,0.0,0.0,0.0,0.0,0.0,0.0,0.0,0.0,0.0,7.0,1.0,0.0,0.0,0.0,0.0,0.0,0.0,0.0,0.0,0.0,0.0,-0.0,-0.0
actions,word,5.0,0.0,0.0,0.0,0.0,0.0,0.0,0.0,0.0,0.0,0.0,5.0,1.0,0.0,0.0,0.0,0.0,0.0,0.0,0.0,0.0,0.0,0.0,-0.0,-0.0
marrantes,word,0.0,0.0,3.0,0.0,0.0,0.0,0.0,0.0,0.0,0.0,0.0,3.0,0.0,0.0,1.0,0.0,0.0,0.0,0.0,0.0,0.0,0.0,0.0,-0.0,-0.0
affrontent,word,3.0,0.0,0.0,0.0,0.0,0.0,0.0,0.0,0.0,0.0,0.0,3.0,1.0,0.0,0.0,0.0,0.0,0.0,0.0,0.0,0.0,0.0,0.0,-0.0,-0.0
amusent,word,0.0,0.0,6.0,0.0,0.0,0.0,0.0,0.0,0.0,0.0,0.0,6.0,0.0,0.0,1.0,0.0,0.0,0.0,0.0,0.0,0.0,0.0,0.0,-0.0,-0.0
alarmant,lemma,0.0,0.0,0.0,4.0,0.0,0.0,0.0,0.0,0.0,0.0,0.0,4.0,0.0,0.0,0.0,1.0,0.0,0.0,0.0,0.0,0.0,0.0,0.0,-0.0,-0.0
alerte,lemma,0.0,0.0,0.0,3.0,0.0,0.0,0.0,0.0,0.0,0.0,0.0,3.0,0.0,0.0,0.0,1.0,0.0,0.0,0.0,0.0,0.0,0.0,0.0,-0.0,-0.0
amusent,lemma,0.0,0.0,5.0,0.0,0.0,0.0,0.0,0.0,0.0,0.0,0.0,5.0,0.0,0.0,1.0,0.0,0.0,0.0,0.0,0.0,0.0,0.0,0.0,-0.0,-0.0
menacent,word,0.0,0.0,0.0,8.0,0.0,0.0,0.0,0.0,0.0,0.0,0.0,8.0,0.0,0.0,0.0,1.0,0.0,0.0,0.0,0.0,0.0,0.0,0.0,-0.0,-0.0
marre,word,7.0,0.0,0.0,0.0,0.0,0.0,0.0,0.0,0.0,0.0,0.0,7.0,1.0,0.0,0.0,0.0,0.0,0.0,0.0,0.0,0.0,0.0,0.0,-0.0,-0.0
menaçante,word,0.0,0.0,0.0,4.0,0.0,0.0,0.0,0.0,0.0,0.0,0.0,4.0,0.0,0.0,0.0,1.0,0.0,0.0,0.0,0.0,0.0,0.0,0.0,-0.0,-0.0
critiquent,word,10.0,0.0,0.0,0.0,0.0,0.0,0.0,0.0,0.0,0.0,0.0,10.0,1.0,0.0,0.0,0.0,0.0,0.0,0.0,0.0,0.0,0.0,0.0,-0.0,-0.0
mentir,word,7.0,0.0,0.0,0.0,0.0,0.0,0.0,0.0,0.0,0.0,0.0,7.0,1.0,0.0,0.0,0.0,0.0,0.0,0.0,0.0,0.0,0.0,0.0,-0.0,-0.0
tristes,word,0.0,0.0,0.0,0.0,0.0,8.0,0.0,0.0,0.0,0.0,0.0,8.0,0.0,0.0,0.0,0.0,0.0,1.0,0.0,0.0,0.0,0.0,0.0,-0.0,-0.0
tristesse,lemma,0.0,0.0,0.0,0.0,0.0,10.0,0.0,0.0,0.0,0.0,0.0,10.0,0.0,0.0,0.0,0.0,0.0,1.0,0.0,0.0,0.0,0.0,0.0,-0.0,-0.0
tristesse,word,0.0,0.0,0.0,0.0,0.0,10.0,0.0,0.0,0.0,0.0,0.0,10.0,0.0,0.0,0.0,0.0,0.0,1.0,0.0,0.0,0.0,0.0,0.0,-0.0,-0.0
critique,word,8.0,0.0,0.0,0.0,0.0,0.0,0.0,0.0,0.0,0.0,0.0,8.0,1.0,0.0,0.0,0.0,0.0,0.0,0.0,0.0,0.0,0.0,0.0,-0.0,-0.0
judiciaire,lemma,3.0,0.0,0.0,0.0,0.0,0.0,0.0,0.0,0.0,0.0,0.0,3.0,1.0,0.0,0.0,0.0,0.0,0.0,0.0,0.0,0.0,0.0,0.0,-0.0,-0.0
ambiance,lemma,0.0,0.0,5.0,0.0,0.0,0.0,0.0,0.0,0.0,0.0,0.0,5.0,0.0,0.0,1.0,0.0,0.0,0.0,0.0,0.0,0.0,0.0,0.0,-0.0,-0.0
exiger,lemma,4.0,0.0,0.0,0.0,0.0,0.0,0.0,0.0,0.0,0.0,0.0,4.0,1.0,0.0,0.0,0.0,0.0,0.0,0.0,0.0,0.0,0.0,0.0,-0.0,-0.0
menacée,word,0.0,0.0,0.0,3.0,0.0,0.0,0.0,0.0,0.0,0.0,0.0,3.0,0.0,0.0,0.0,1.0,0.0,0.0,0.0,0.0,0.0,0.0,0.0,-0.0,-0.0
exceptionnelle,lemma,0.0,0.0,0.0,0.0,3.0,0.0,0.0,0.0,0.0,0.0,0.0,3.0,0.0,0.0,0.0,0.0,1.0,0.0,0.0,0.0,0.0,0.0,0.0,-0.0,-0.0
grommèle,lemma,3.0,0.0,0.0,0.0,0.0,0.0,0.0,0.0,0.0,0.0,0.0,3.0,1.0,0.0,0.0,0.0,0.0,0.0,0.0,0.0,0.0,0.0,0.0,-0.0,-0.0
grommèle,word,3.0,0.0,0.0,0.0,0.0,0.0,0.0,0.0,0.0,0.0,0.0,3.0,1.0,0.0,0.0,0.0,0.0,0.0,0.0,0.0,0.0,0.0,0.0,-0.0,-0.0
groupes,word,0.0,0.0,0.0,4.0,0.0,0.0,0.0,0.0,0.0,0.0,0.0,4.0,0.0,0.0,0.0,1.0,0.0,0.0,0.0,0.0,0.0,0.0,0.0,-0.0,-0.0
grèv,lemma,12.0,0.0,0.0,0.0,0.0,0.0,0.0,0.0,0.0,0.0,0.0,12.0,1.0,0.0,0.0,0.0,0.0,0.0,0.0,0.0,0.0,0.0,0.0,-0.0,-0.0
grève,lemma,27.0,0.0,0.0,0.0,0.0,0.0,0.0,0.0,0.0,0.0,0.0,27.0,1.0,0.0,0.0,0.0,0.0,0.0,0.0,0.0,0.0,0.0,0.0,-0.0,-0.0
exploser,word,0.0,0.0,0.0,3.0,0.0,0.0,0.0,0.0,0.0,0.0,0.0,3.0,0.0,0.0,0.0,1.0,0.0,0.0,0.0,0.0,0.0,0.0,0.0,-0.0,-0.0
craindre,word,0.0,0.0,0.0,4.0,0.0,0.0,0.0,0.0,0.0,0.0,0.0,4.0,0.0,0.0,0.0,1.0,0.0,0.0,0.0,0.0,0.0,0.0,0.0,-0.0,-0.0
manifestation,word,7.0,0.0,0.0,0.0,0.0,0.0,0.0,0.0,0.0,0.0,0.0,7.0,1.0,0.0,0.0,0.0,0.0,0.0,0.0,0.0,0.0,0.0,0.0,-0.0,-0.0
manifeste,lemma,4.0,0.0,0.0,0.0,0.0,0.0,0.0,0.0,0.0,0.0,0.0,4.0,1.0,0.0,0.0,0.0,0.0,0.0,0.0,0.0,0.0,0.0,0.0,-0.0,-0.0
truquer,lemma,7.0,0.0,0.0,0.0,0.0,0.0,0.0,0.0,0.0,0.0,0.0,7.0,1.0,0.0,0.0,0.0,0.0,0.0,0.0,0.0,0.0,0.0,0.0,-0.0,-0.0
truqué,word,4.0,0.0,0.0,0.0,0.0,0.0,0.0,0.0,0.0,0.0,0.0,4.0,1.0,0.0,0.0,0.0,0.0,0.0,0.0,0.0,0.0,0.0,0.0,-0.0,-0.0
falsifier,lemma,5.0,0.0,0.0,0.0,0.0,0.0,0.0,0.0,0.0,0.0,0.0,5.0,1.0,0.0,0.0,0.0,0.0,0.0,0.0,0.0,0.0,0.0,0.0,-0.0,-0.0
craignent,word,0.0,0.0,0.0,19.0,0.0,0.0,0.0,0.0,0.0,0.0,0.0,19.0,0.0,0.0,0.0,1.0,0.0,0.0,0.0,0.0,0.0,0.0,0.0,-0.0,-0.0
mere,word,11.0,0.0,0.0,0.0,0.0,0.0,0.0,0.0,0.0,0.0,0.0,11.0,1.0,0.0,0.0,0.0,0.0,0.0,0.0,0.0,0.0,0.0,0.0,-0.0,-0.0
menaçante,lemma,0.0,0.0,0.0,3.0,0.0,0.0,0.0,0.0,0.0,0.0,0.0,3.0,0.0,0.0,0.0,1.0,0.0,0.0,0.0,0.0,0.0,0.0,0.0,-0.0,-0.0
critiquée,word,12.0,0.0,0.0,0.0,0.0,0.0,0.0,0.0,0.0,0.0,0.0,12.0,1.0,0.0,0.0,0.0,0.0,0.0,0.0,0.0,0.0,0.0,0.0,-0.0,-0.0
critiqué,word,19.0,0.0,0.0,0.0,0.0,0.0,0.0,0.0,0.0,0.0,0.0,19.0,1.0,0.0,0.0,0.0,0.0,0.0,0.0,0.0,0.0,0.0,0.0,-0.0,-0.0
ministres,word,4.0,0.0,0.0,0.0,0.0,0.0,0.0,0.0,0.0,0.0,0.0,4.0,1.0,0.0,0.0,0.0,0.0,0.0,0.0,0.0,0.0,0.0,0.0,-0.0,-0.0
mise,word,4.0,0.0,0.0,0.0,0.0,0.0,0.0,0.0,0.0,0.0,0.0,4.0,1.0,0.0,0.0,0.0,0.0,0.0,0.0,0.0,0.0,0.0,0.0,-0.0,-0.0
critiquer,word,8.0,0.0,0.0,0.0,0.0,0.0,0.0,0.0,0.0,0.0,0.0,8.0,1.0,0.0,0.0,0.0,0.0,0.0,0.0,0.0,0.0,0.0,0.0,-0.0,-0.0
menacés,word,0.0,0.0,0.0,6.0,0.0,0.0,0.0,0.0,0.0,0.0,0.0,6.0,0.0,0.0,0.0,1.0,0.0,0.0,0.0,0.0,0.0,0.0,0.0,-0.0,-0.0
menaçait,word,0.0,0.0,0.0,4.0,0.0,0.0,0.0,0.0,0.0,0.0,0.0,4.0,0.0,0.0,0.0,1.0,0.0,0.0,0.0,0.0,0.0,0.0,0.0,-0.0,-0.0
menaçant,lemma,0.0,0.0,0.0,3.0,0.0,0.0,0.0,0.0,0.0,0.0,0.0,3.0,0.0,0.0,0.0,1.0,0.0,0.0,0.0,0.0,0.0,0.0,0.0,-0.0,-0.0
critiquer,lemma,55.0,0.0,0.0,0.0,0.0,0.0,0.0,0.0,0.0,0.0,0.0,55.0,1.0,0.0,0.0,0.0,0.0,0.0,0.0,0.0,0.0,0.0,0.0,-0.0,-0.0
critiqués,word,7.0,0.0,0.0,0.0,0.0,0.0,0.0,0.0,0.0,0.0,0.0,7.0,1.0,0.0,0.0,0.0,0.0,0.0,0.0,0.0,0.0,0.0,0.0,-0.0,-0.0
union,lemma,3.0,0.0,0.0,0.0,0.0,0.0,0.0,0.0,0.0,0.0,0.0,3.0,1.0,0.0,0.0,0.0,0.0,0.0,0.0,0.0,0.0,0.0,0.0,-0.0,-0.0
union,word,3.0,0.0,0.0,0.0,0.0,0.0,0.0,0.0,0.0,0.0,0.0,3.0,1.0,0.0,0.0,0.0,0.0,0.0,0.0,0.0,0.0,0.0,0.0,-0.0,-0.0
plaisanterie,word,0.0,0.0,3.0,0.0,0.0,0.0,0.0,0.0,0.0,0.0,0.0,3.0,0.0,0.0,1.0,0.0,0.0,0.0,0.0,0.0,0.0,0.0,0.0,-0.0,-0.0
utilisateur,lemma,3.0,0.0,0.0,0.0,0.0,0.0,0.0,0.0,0.0,0.0,0.0,3.0,1.0,0.0,0.0,0.0,0.0,0.0,0.0,0.0,0.0,0.0,0.0,-0.0,-0.0
amus,lemma,0.0,0.0,11.0,0.0,0.0,0.0,0.0,0.0,0.0,0.0,0.0,11.0,0.0,0.0,1.0,0.0,0.0,0.0,0.0,0.0,0.0,0.0,0.0,-0.0,-0.0
plaisanterie,lemma,0.0,0.0,3.0,0.0,0.0,0.0,0.0,0.0,0.0,0.0,0.0,3.0,0.0,0.0,1.0,0.0,0.0,0.0,0.0,0.0,0.0,0.0,0.0,-0.0,-0.0
agir,word,5.0,0.0,0.0,0.0,0.0,0.0,0.0,0.0,0.0,0.0,0.0,5.0,1.0,0.0,0.0,0.0,0.0,0.0,0.0,0.0,0.0,0.0,0.0,-0.0,-0.0
amusante,word,0.0,0.0,3.0,0.0,0.0,0.0,0.0,0.0,0.0,0.0,0.0,3.0,0.0,0.0,1.0,0.0,0.0,0.0,0.0,0.0,0.0,0.0,0.0,-0.0,-0.0
grève,word,35.0,0.0,0.0,0.0,0.0,0.0,0.0,0.0,0.0,0.0,0.0,35.0,1.0,0.0,0.0,0.0,0.0,0.0,0.0,0.0,0.0,0.0,0.0,-0.0,-0.0
admiration,lemma,0.0,0.0,0.0,0.0,0.0,0.0,3.0,0.0,0.0,0.0,0.0,3.0,0.0,0.0,0.0,0.0,0.0,0.0,1.0,0.0,0.0,0.0,0.0,-0.0,-0.0
admiration,word,0.0,0.0,0.0,0.0,0.0,0.0,3.0,0.0,0.0,0.0,0.0,3.0,0.0,0.0,0.0,0.0,0.0,0.0,1.0,0.0,0.0,0.0,0.0,-0.0,-0.0
admirer,lemma,0.0,0.0,0.0,0.0,0.0,0.0,6.0,0.0,0.0,0.0,0.0,6.0,0.0,0.0,0.0,0.0,0.0,0.0,1.0,0.0,0.0,0.0,0.0,-0.0,-0.0
vladimir,lemma,7.0,0.0,0.0,0.0,0.0,0.0,0.0,0.0,0.0,0.0,0.0,7.0,1.0,0.0,0.0,0.0,0.0,0.0,0.0,0.0,0.0,0.0,0.0,-0.0,-0.0
vladimir,word,7.0,0.0,0.0,0.0,0.0,0.0,0.0,0.0,0.0,0.0,0.0,7.0,1.0,0.0,0.0,0.0,0.0,0.0,0.0,0.0,0.0,0.0,0.0,-0.0,-0.0
alerte,word,0.0,0.0,0.0,3.0,0.0,0.0,0.0,0.0,0.0,0.0,0.0,3.0,0.0,0.0,0.0,1.0,0.0,0.0,0.0,0.0,0.0,0.0,0.0,-0.0,-0.0
affrontés,word,3.0,0.0,0.0,0.0,0.0,0.0,0.0,0.0,0.0,0.0,0.0,3.0,1.0,0.0,0.0,0.0,0.0,0.0,0.0,0.0,0.0,0.0,0.0,-0.0,-0.0
vs,word,11.0,0.0,0.0,0.0,0.0,0.0,0.0,0.0,0.0,0.0,0.0,11.0,1.0,0.0,0.0,0.0,0.0,0.0,0.0,0.0,0.0,0.0,0.0,-0.0,-0.0
amuse,word,0.0,0.0,12.0,0.0,0.0,0.0,0.0,0.0,0.0,0.0,0.0,12.0,0.0,0.0,1.0,0.0,0.0,0.0,0.0,0.0,0.0,0.0,0.0,-0.0,-0.0
grèves,word,5.0,0.0,0.0,0.0,0.0,0.0,0.0,0.0,0.0,0.0,0.0,5.0,1.0,0.0,0.0,0.0,0.0,0.0,0.0,0.0,0.0,0.0,0.0,-0.0,-0.0
parti,word,4.0,0.0,0.0,0.0,0.0,0.0,0.0,0.0,0.0,0.0,0.0,4.0,1.0,0.0,0.0,0.0,0.0,0.0,0.0,0.0,0.0,0.0,0.0,-0.0,-0.0
glace,word,0.0,0.0,0.0,3.0,0.0,0.0,0.0,0.0,0.0,0.0,0.0,3.0,0.0,0.0,0.0,1.0,0.0,0.0,0.0,0.0,0.0,0.0,0.0,-0.0,-0.0
plainte,word,8.0,0.0,0.0,0.0,0.0,0.0,0.0,0.0,0.0,0.0,0.0,8.0,1.0,0.0,0.0,0.0,0.0,0.0,0.0,0.0,0.0,0.0,0.0,-0.0,-0.0
plainte,lemma,9.0,0.0,0.0,0.0,0.0,0.0,0.0,0.0,0.0,0.0,0.0,9.0,1.0,0.0,0.0,0.0,0.0,0.0,0.0,0.0,0.0,0.0,0.0,-0.0,-0.0
gouvernements,word,3.0,0.0,0.0,0.0,0.0,0.0,0.0,0.0,0.0,0.0,0.0,3.0,1.0,0.0,0.0,0.0,0.0,0.0,0.0,0.0,0.0,0.0,0.0,-0.0,-0.0
plaignent,word,4.0,0.0,0.0,0.0,0.0,0.0,0.0,0.0,0.0,0.0,0.0,4.0,1.0,0.0,0.0,0.0,0.0,0.0,0.0,0.0,0.0,0.0,0.0,-0.0,-0.0
cyclone,lemma,0.0,0.0,0.0,6.0,0.0,0.0,0.0,0.0,0.0,0.0,0.0,6.0,0.0,0.0,0.0,1.0,0.0,0.0,0.0,0.0,0.0,0.0,0.0,-0.0,-0.0
pleure,word,0.0,0.0,0.0,0.0,0.0,5.0,0.0,0.0,0.0,0.0,0.0,5.0,0.0,0.0,0.0,0.0,0.0,1.0,0.0,0.0,0.0,0.0,0.0,-0.0,-0.0
utilisateurs,word,3.0,0.0,0.0,0.0,0.0,0.0,0.0,0.0,0.0,0.0,0.0,3.0,1.0,0.0,0.0,0.0,0.0,0.0,0.0,0.0,0.0,0.0,0.0,-0.0,-0.0
plaisante,word,0.0,0.0,7.0,0.0,0.0,0.0,0.0,0.0,0.0,0.0,0.0,7.0,0.0,0.0,1.0,0.0,0.0,0.0,0.0,0.0,0.0,0.0,0.0,-0.0,-0.0
angoisse,lemma,0.0,0.0,0.0,6.0,0.0,0.0,0.0,0.0,0.0,0.0,0.0,6.0,0.0,0.0,0.0,1.0,0.0,0.0,0.0,0.0,0.0,0.0,0.0,-0.0,-0.0
angoisse,word,0.0,0.0,0.0,3.0,0.0,0.0,0.0,0.0,0.0,0.0,0.0,3.0,0.0,0.0,0.0,1.0,0.0,0.0,0.0,0.0,0.0,0.0,0.0,-0.0,-0.0
plaisante,lemma,0.0,0.0,7.0,0.0,0.0,0.0,0.0,0.0,0.0,0.0,0.0,7.0,0.0,0.0,1.0,0.0,0.0,0.0,0.0,0.0,0.0,0.0,0.0,-0.0,-0.0
côté,word,0.0,0.0,0.0,6.0,0.0,0.0,0.0,0.0,0.0,0.0,0.0,6.0,0.0,0.0,0.0,1.0,0.0,0.0,0.0,0.0,0.0,0.0,0.0,-0.0,-0.0
cyclones,word,0.0,0.0,0.0,4.0,0.0,0.0,0.0,0.0,0.0,0.0,0.0,4.0,0.0,0.0,0.0,1.0,0.0,0.0,0.0,0.0,0.0,0.0,0.0,-0.0,-0.0
appelé,word,7.0,0.0,0.0,0.0,0.0,0.0,0.0,0.0,0.0,0.0,0.0,7.0,1.0,0.0,0.0,0.0,0.0,0.0,0.0,0.0,0.0,0.0,0.0,-0.0,-0.0
craignent,lemma,0.0,0.0,0.0,14.0,0.0,0.0,0.0,0.0,0.0,0.0,0.0,14.0,0.0,0.0,0.0,1.0,0.0,0.0,0.0,0.0,0.0,0.0,0.0,-0.0,-0.0
payé,word,3.0,0.0,0.0,0.0,0.0,0.0,0.0,0.0,0.0,0.0,0.0,3.0,1.0,0.0,0.0,0.0,0.0,0.0,0.0,0.0,0.0,0.0,0.0,-0.0,-0.0
lutte,lemma,6.0,0.0,0.0,0.0,0.0,0.0,0.0,0.0,0.0,0.0,0.0,6.0,1.0,0.0,0.0,0.0,0.0,0.0,0.0,0.0,0.0,0.0,0.0,-0.0,-0.0
défiler,lemma,3.0,0.0,0.0,0.0,0.0,0.0,0.0,0.0,0.0,0.0,0.0,3.0,1.0,0.0,0.0,0.0,0.0,0.0,0.0,0.0,0.0,0.0,0.0,-0.0,-0.0
ntm,lemma,3.0,0.0,0.0,0.0,0.0,0.0,0.0,0.0,0.0,0.0,0.0,3.0,1.0,0.0,0.0,0.0,0.0,0.0,0.0,0.0,0.0,0.0,0.0,-0.0,-0.0
ntm,word,3.0,0.0,0.0,0.0,0.0,0.0,0.0,0.0,0.0,0.0,0.0,3.0,1.0,0.0,0.0,0.0,0.0,0.0,0.0,0.0,0.0,0.0,0.0,-0.0,-0.0
nucléaire,lemma,0.0,0.0,0.0,5.0,0.0,0.0,0.0,0.0,0.0,0.0,0.0,5.0,0.0,0.0,0.0,1.0,0.0,0.0,0.0,0.0,0.0,0.0,0.0,-0.0,-0.0
nucléaire,word,0.0,0.0,0.0,4.0,0.0,0.0,0.0,0.0,0.0,0.0,0.0,4.0,0.0,0.0,0.0,1.0,0.0,0.0,0.0,0.0,0.0,0.0,0.0,-0.0,-0.0
régime,word,6.0,0.0,0.0,0.0,0.0,0.0,0.0,0.0,0.0,0.0,0.0,6.0,1.0,0.0,0.0,0.0,0.0,0.0,0.0,0.0,0.0,0.0,0.0,-0.0,-0.0
régner,lemma,3.0,0.0,0.0,0.0,0.0,0.0,0.0,0.0,0.0,0.0,0.0,3.0,1.0,0.0,0.0,0.0,0.0,0.0,0.0,0.0,0.0,0.0,0.0,-0.0,-0.0
falsifié,word,4.0,0.0,0.0,0.0,0.0,0.0,0.0,0.0,0.0,0.0,0.0,4.0,1.0,0.0,0.0,0.0,0.0,0.0,0.0,0.0,0.0,0.0,0.0,-0.0,-0.0
réjouit,word,0.0,0.0,5.0,0.0,0.0,0.0,0.0,0.0,0.0,0.0,0.0,5.0,0.0,0.0,1.0,0.0,0.0,0.0,0.0,0.0,0.0,0.0,0.0,-0.0,-0.0
entreprise,word,3.0,0.0,0.0,0.0,0.0,0.0,0.0,0.0,0.0,0.0,0.0,3.0,1.0,0.0,0.0,0.0,0.0,0.0,0.0,0.0,0.0,0.0,0.0,-0.0,-0.0
entreprise,lemma,7.0,0.0,0.0,0.0,0.0,0.0,0.0,0.0,0.0,0.0,0.0,7.0,1.0,0.0,0.0,0.0,0.0,0.0,0.0,0.0,0.0,0.0,0.0,-0.0,-0.0
refuge,word,0.0,0.0,0.0,9.0,0.0,0.0,0.0,0.0,0.0,0.0,0.0,9.0,0.0,0.0,0.0,1.0,0.0,0.0,0.0,0.0,0.0,0.0,0.0,-0.0,-0.0
carburants,word,5.0,0.0,0.0,0.0,0.0,0.0,0.0,0.0,0.0,0.0,0.0,5.0,1.0,0.0,0.0,0.0,0.0,0.0,0.0,0.0,0.0,0.0,0.0,-0.0,-0.0
réclamer,lemma,40.0,0.0,0.0,0.0,0.0,0.0,0.0,0.0,0.0,0.0,0.0,40.0,1.0,0.0,0.0,0.0,0.0,0.0,0.0,0.0,0.0,0.0,0.0,-0.0,-0.0
réclamer,word,15.0,0.0,0.0,0.0,0.0,0.0,0.0,0.0,0.0,0.0,0.0,15.0,1.0,0.0,0.0,0.0,0.0,0.0,0.0,0.0,0.0,0.0,0.0,-0.0,-0.0
réclamé,word,4.0,0.0,0.0,0.0,0.0,0.0,0.0,0.0,0.0,0.0,0.0,4.0,1.0,0.0,0.0,0.0,0.0,0.0,0.0,0.0,0.0,0.0,0.0,-0.0,-0.0
réforme,lemma,6.0,0.0,0.0,0.0,0.0,0.0,0.0,0.0,0.0,0.0,0.0,6.0,1.0,0.0,0.0,0.0,0.0,0.0,0.0,0.0,0.0,0.0,0.0,-0.0,-0.0
réjouir,lemma,0.0,0.0,8.0,0.0,0.0,0.0,0.0,0.0,0.0,0.0,0.0,8.0,0.0,0.0,1.0,0.0,0.0,0.0,0.0,0.0,0.0,0.0,0.0,-0.0,-0.0
ronds-points,word,3.0,0.0,0.0,0.0,0.0,0.0,0.0,0.0,0.0,0.0,0.0,3.0,1.0,0.0,0.0,0.0,0.0,0.0,0.0,0.0,0.0,0.0,0.0,-0.0,-0.0
rapportent,word,0.0,0.0,0.0,4.0,0.0,0.0,0.0,0.0,0.0,0.0,0.0,4.0,0.0,0.0,0.0,1.0,0.0,0.0,0.0,0.0,0.0,0.0,0.0,-0.0,-0.0
raciste,word,4.0,0.0,0.0,0.0,0.0,0.0,0.0,0.0,0.0,0.0,0.0,4.0,1.0,0.0,0.0,0.0,0.0,0.0,0.0,0.0,0.0,0.0,0.0,-0.0,-0.0
oppose,word,3.0,0.0,0.0,0.0,0.0,0.0,0.0,0.0,0.0,0.0,0.0,3.0,1.0,0.0,0.0,0.0,0.0,0.0,0.0,0.0,0.0,0.0,0.0,-0.0,-0.0
raciste,lemma,5.0,0.0,0.0,0.0,0.0,0.0,0.0,0.0,0.0,0.0,0.0,5.0,1.0,0.0,0.0,0.0,0.0,0.0,0.0,0.0,0.0,0.0,0.0,-0.0,-0.0
entraîner,lemma,0.0,0.0,0.0,3.0,0.0,0.0,0.0,0.0,0.0,0.0,0.0,3.0,0.0,0.0,0.0,1.0,0.0,0.0,0.0,0.0,0.0,0.0,0.0,-0.0,-0.0
enthousiasme,word,0.0,0.0,8.0,0.0,0.0,0.0,0.0,0.0,0.0,0.0,0.0,8.0,0.0,0.0,1.0,0.0,0.0,0.0,0.0,0.0,0.0,0.0,0.0,-0.0,-0.0
risque,word,0.0,0.0,0.0,7.0,0.0,0.0,0.0,0.0,0.0,0.0,0.0,7.0,0.0,0.0,0.0,1.0,0.0,0.0,0.0,0.0,0.0,0.0,0.0,-0.0,-0.0
lutte,word,6.0,0.0,0.0,0.0,0.0,0.0,0.0,0.0,0.0,0.0,0.0,6.0,1.0,0.0,0.0,0.0,0.0,0.0,0.0,0.0,0.0,0.0,0.0,-0.0,-0.0
nuire,lemma,5.0,0.0,0.0,0.0,0.0,0.0,0.0,0.0,0.0,0.0,0.0,5.0,1.0,0.0,0.0,0.0,0.0,0.0,0.0,0.0,0.0,0.0,0.0,-0.0,-0.0
nuire,word,4.0,0.0,0.0,0.0,0.0,0.0,0.0,0.0,0.0,0.0,0.0,4.0,1.0,0.0,0.0,0.0,0.0,0.0,0.0,0.0,0.0,0.0,0.0,-0.0,-0.0
nuisance,lemma,3.0,0.0,0.0,0.0,0.0,0.0,0.0,0.0,0.0,0.0,0.0,3.0,1.0,0.0,0.0,0.0,0.0,0.0,0.0,0.0,0.0,0.0,0.0,-0.0,-0.0
nuisances,word,3.0,0.0,0.0,0.0,0.0,0.0,0.0,0.0,0.0,0.0,0.0,3.0,1.0,0.0,0.0,0.0,0.0,0.0,0.0,0.0,0.0,0.0,0.0,-0.0,-0.0
enthousiasme,lemma,0.0,0.0,4.0,0.0,0.0,0.0,0.0,0.0,0.0,0.0,0.0,4.0,0.0,0.0,1.0,0.0,0.0,0.0,0.0,0.0,0.0,0.0,0.0,-0.0,-0.0
enthousiasm,lemma,0.0,0.0,4.0,0.0,0.0,0.0,0.0,0.0,0.0,0.0,0.0,4.0,0.0,0.0,1.0,0.0,0.0,0.0,0.0,0.0,0.0,0.0,0.0,-0.0,-0.0
ravir,lemma,0.0,0.0,8.0,0.0,0.0,0.0,0.0,0.0,0.0,0.0,0.0,8.0,0.0,0.0,1.0,0.0,0.0,0.0,0.0,0.0,0.0,0.0,0.0,-0.0,-0.0
originale,word,0.0,0.0,0.0,0.0,3.0,0.0,0.0,0.0,0.0,0.0,0.0,3.0,0.0,0.0,0.0,0.0,1.0,0.0,0.0,0.0,0.0,0.0,0.0,-0.0,-0.0
original,lemma,0.0,0.0,0.0,0.0,3.0,0.0,0.0,0.0,0.0,0.0,0.0,3.0,0.0,0.0,0.0,0.0,1.0,0.0,0.0,0.0,0.0,0.0,0.0,-0.0,-0.0
risquer,lemma,0.0,0.0,0.0,6.0,0.0,0.0,0.0,0.0,0.0,0.0,0.0,6.0,0.0,0.0,0.0,1.0,0.0,0.0,0.0,0.0,0.0,0.0,0.0,-0.0,-0.0
découvert,word,0.0,0.0,0.0,0.0,14.0,0.0,0.0,0.0,0.0,0.0,0.0,14.0,0.0,0.0,0.0,0.0,1.0,0.0,0.0,0.0,0.0,0.0,0.0,-0.0,-0.0
rebeller,lemma,3.0,0.0,0.0,0.0,0.0,0.0,0.0,0.0,0.0,0.0,0.0,3.0,1.0,0.0,0.0,0.0,0.0,0.0,0.0,0.0,0.0,0.0,0.0,-0.0,-0.0
impôt,lemma,3.0,0.0,0.0,0.0,0.0,0.0,0.0,0.0,0.0,0.0,0.0,3.0,1.0,0.0,0.0,0.0,0.0,0.0,0.0,0.0,0.0,0.0,0.0,-0.0,-0.0
inaction,lemma,4.0,0.0,0.0,0.0,0.0,0.0,0.0,0.0,0.0,0.0,0.0,4.0,1.0,0.0,0.0,0.0,0.0,0.0,0.0,0.0,0.0,0.0,0.0,-0.0,-0.0
inaction,word,4.0,0.0,0.0,0.0,0.0,0.0,0.0,0.0,0.0,0.0,0.0,4.0,1.0,0.0,0.0,0.0,0.0,0.0,0.0,0.0,0.0,0.0,0.0,-0.0,-0.0
inattendu,lemma,0.0,0.0,0.0,0.0,3.0,0.0,0.0,0.0,0.0,0.0,0.0,3.0,0.0,0.0,0.0,0.0,1.0,0.0,0.0,0.0,0.0,0.0,0.0,-0.0,-0.0
pénible,word,0.0,0.0,0.0,0.0,0.0,3.0,0.0,0.0,0.0,0.0,0.0,3.0,0.0,0.0,0.0,0.0,0.0,1.0,0.0,0.0,0.0,0.0,0.0,-0.0,-0.0
incroyable,word,0.0,0.0,0.0,0.0,5.0,0.0,0.0,0.0,0.0,0.0,0.0,5.0,0.0,0.0,0.0,0.0,1.0,0.0,0.0,0.0,0.0,0.0,0.0,-0.0,-0.0
réforme,word,4.0,0.0,0.0,0.0,0.0,0.0,0.0,0.0,0.0,0.0,0.0,4.0,1.0,0.0,0.0,0.0,0.0,0.0,0.0,0.0,0.0,0.0,0.0,-0.0,-0.0
noël,lemma,0.0,0.0,3.0,0.0,0.0,0.0,0.0,0.0,0.0,0.0,0.0,3.0,0.0,0.0,1.0,0.0,0.0,0.0,0.0,0.0,0.0,0.0,0.0,-0.0,-0.0
noël,word,0.0,0.0,3.0,0.0,0.0,0.0,0.0,0.0,0.0,0.0,0.0,3.0,0.0,0.0,1.0,0.0,0.0,0.0,0.0,0.0,0.0,0.0,0.0,-0.0,-0.0
pénible,lemma,0.0,0.0,0.0,0.0,0.0,3.0,0.0,0.0,0.0,0.0,0.0,3.0,0.0,0.0,0.0,0.0,0.0,1.0,0.0,0.0,0.0,0.0,0.0,-0.0,-0.0
péages,word,4.0,0.0,0.0,0.0,0.0,0.0,0.0,0.0,0.0,0.0,0.0,4.0,1.0,0.0,0.0,0.0,0.0,0.0,0.0,0.0,0.0,0.0,0.0,-0.0,-0.0
péage,lemma,4.0,0.0,0.0,0.0,0.0,0.0,0.0,0.0,0.0,0.0,0.0,4.0,1.0,0.0,0.0,0.0,0.0,0.0,0.0,0.0,0.0,0.0,0.0,-0.0,-0.0
décisions,word,8.0,0.0,0.0,0.0,0.0,0.0,0.0,0.0,0.0,0.0,0.0,8.0,1.0,0.0,0.0,0.0,0.0,0.0,0.0,0.0,0.0,0.0,0.0,-0.0,-0.0
putain,word,3.0,0.0,0.0,0.0,0.0,0.0,0.0,0.0,0.0,0.0,0.0,3.0,1.0,0.0,0.0,0.0,0.0,0.0,0.0,0.0,0.0,0.0,0.0,-0.0,-0.0
news,word,6.0,0.0,0.0,0.0,0.0,0.0,0.0,0.0,0.0,0.0,0.0,6.0,1.0,0.0,0.0,0.0,0.0,0.0,0.0,0.0,0.0,0.0,0.0,-0.0,-0.0
nicolás,lemma,3.0,0.0,0.0,0.0,0.0,0.0,0.0,0.0,0.0,0.0,0.0,3.0,1.0,0.0,0.0,0.0,0.0,0.0,0.0,0.0,0.0,0.0,0.0,-0.0,-0.0
nord,word,0.0,0.0,0.0,3.0,0.0,0.0,0.0,0.0,0.0,0.0,0.0,3.0,0.0,0.0,0.0,1.0,0.0,0.0,0.0,0.0,0.0,0.0,0.0,-0.0,-0.0
refuge,lemma,0.0,0.0,0.0,9.0,0.0,0.0,0.0,0.0,0.0,0.0,0.0,9.0,0.0,0.0,0.0,1.0,0.0,0.0,0.0,0.0,0.0,0.0,0.0,-0.0,-0.0
redouter,lemma,0.0,0.0,0.0,6.0,0.0,0.0,0.0,0.0,0.0,0.0,0.0,6.0,0.0,0.0,0.0,1.0,0.0,0.0,0.0,0.0,0.0,0.0,0.0,-0.0,-0.0
régime,lemma,6.0,0.0,0.0,0.0,0.0,0.0,0.0,0.0,0.0,0.0,0.0,6.0,1.0,0.0,0.0,0.0,0.0,0.0,0.0,0.0,0.0,0.0,0.0,-0.0,-0.0
russe,lemma,3.0,0.0,0.0,0.0,0.0,0.0,0.0,0.0,0.0,0.0,0.0,3.0,1.0,0.0,0.0,0.0,0.0,0.0,0.0,0.0,0.0,0.0,0.0,-0.0,-0.0
râler,lemma,4.0,0.0,0.0,0.0,0.0,0.0,0.0,0.0,0.0,0.0,0.0,4.0,1.0,0.0,0.0,0.0,0.0,0.0,0.0,0.0,0.0,0.0,0.0,-0.0,-0.0
râler,word,4.0,0.0,0.0,0.0,0.0,0.0,0.0,0.0,0.0,0.0,0.0,4.0,1.0,0.0,0.0,0.0,0.0,0.0,0.0,0.0,0.0,0.0,0.0,-0.0,-0.0
réclamaient,word,4.0,0.0,0.0,0.0,0.0,0.0,0.0,0.0,0.0,0.0,0.0,4.0,1.0,0.0,0.0,0.0,0.0,0.0,0.0,0.0,0.0,0.0,0.0,-0.0,-0.0
réclamait,word,4.0,0.0,0.0,0.0,0.0,0.0,0.0,0.0,0.0,0.0,0.0,4.0,1.0,0.0,0.0,0.0,0.0,0.0,0.0,0.0,0.0,0.0,0.0,-0.0,-0.0
accusée,word,8.0,0.0,0.0,0.0,0.0,0.0,0.0,0.0,0.0,0.0,0.0,8.0,1.0,0.0,0.0,0.0,0.0,0.0,0.0,0.0,0.0,0.0,0.0,-0.0,-0.0
réclame,word,12.0,0.0,0.0,0.0,0.0,0.0,0.0,0.0,0.0,0.0,0.0,12.0,1.0,0.0,0.0,0.0,0.0,0.0,0.0,0.0,0.0,0.0,0.0,-0.0,-0.0
réclament,word,10.0,0.0,0.0,0.0,0.0,0.0,0.0,0.0,0.0,0.0,0.0,10.0,1.0,0.0,0.0,0.0,0.0,0.0,0.0,0.0,0.0,0.0,0.0,-0.0,-0.0
centrale,lemma,0.0,0.0,0.0,3.0,0.0,0.0,0.0,0.0,0.0,0.0,0.0,3.0,0.0,0.0,0.0,1.0,0.0,0.0,0.0,0.0,0.0,0.0,0.0,-0.0,-0.0
redoute,word,0.0,0.0,0.0,6.0,0.0,0.0,0.0,0.0,0.0,0.0,0.0,6.0,0.0,0.0,0.0,1.0,0.0,0.0,0.0,0.0,0.0,0.0,0.0,-0.0,-0.0
changement,word,3.0,0.0,0.0,0.0,0.0,0.0,0.0,0.0,0.0,0.0,0.0,3.0,1.0,0.0,0.0,0.0,0.0,0.0,0.0,0.0,0.0,0.0,0.0,-0.0,-0.0
redoute,lemma,0.0,0.0,0.0,6.0,0.0,0.0,0.0,0.0,0.0,0.0,0.0,6.0,0.0,0.0,0.0,1.0,0.0,0.0,0.0,0.0,0.0,0.0,0.0,-0.0,-0.0
chauffer,lemma,3.0,0.0,0.0,0.0,0.0,0.0,0.0,0.0,0.0,0.0,0.0,3.0,1.0,0.0,0.0,0.0,0.0,0.0,0.0,0.0,0.0,0.0,0.0,-0.0,-0.0
reconnaitre,word,4.0,0.0,0.0,0.0,0.0,0.0,0.0,0.0,0.0,0.0,0.0,4.0,1.0,0.0,0.0,0.0,0.0,0.0,0.0,0.0,0.0,0.0,0.0,-0.0,-0.0
reconnaitre,lemma,4.0,0.0,0.0,0.0,0.0,0.0,0.0,0.0,0.0,0.0,0.0,4.0,1.0,0.0,0.0,0.0,0.0,0.0,0.0,0.0,0.0,0.0,0.0,-0.0,-0.0
réclame,lemma,12.0,0.0,0.0,0.0,0.0,0.0,0.0,0.0,0.0,0.0,0.0,12.0,1.0,0.0,0.0,0.0,0.0,0.0,0.0,0.0,0.0,0.0,0.0,-0.0,-0.0
chier,word,3.0,0.0,0.0,0.0,0.0,0.0,0.0,0.0,0.0,0.0,0.0,3.0,1.0,0.0,0.0,0.0,0.0,0.0,0.0,0.0,0.0,0.0,0.0,-0.0,-0.0
chinois,lemma,0.0,0.0,0.0,3.0,0.0,0.0,0.0,0.0,0.0,0.0,0.0,3.0,0.0,0.0,0.0,1.0,0.0,0.0,0.0,0.0,0.0,0.0,0.0,-0.0,-0.0
chinois,word,0.0,0.0,0.0,3.0,0.0,0.0,0.0,0.0,0.0,0.0,0.0,3.0,0.0,0.0,0.0,1.0,0.0,0.0,0.0,0.0,0.0,0.0,0.0,-0.0,-0.0
chocolat,lemma,0.0,0.0,4.0,0.0,0.0,0.0,0.0,0.0,0.0,0.0,0.0,4.0,0.0,0.0,1.0,0.0,0.0,0.0,0.0,0.0,0.0,0.0,0.0,-0.0,-0.0
chocolat,word,0.0,0.0,4.0,0.0,0.0,0.0,0.0,0.0,0.0,0.0,0.0,4.0,0.0,0.0,1.0,0.0,0.0,0.0,0.0,0.0,0.0,0.0,0.0,-0.0,-0.0
reprochaient,word,4.0,0.0,0.0,0.0,0.0,0.0,0.0,0.0,0.0,0.0,0.0,4.0,1.0,0.0,0.0,0.0,0.0,0.0,0.0,0.0,0.0,0.0,0.0,-0.0,-0.0
reproche,lemma,13.0,0.0,0.0,0.0,0.0,0.0,0.0,0.0,0.0,0.0,0.0,13.0,1.0,0.0,0.0,0.0,0.0,0.0,0.0,0.0,0.0,0.0,0.0,-0.0,-0.0
reproche,word,11.0,0.0,0.0,0.0,0.0,0.0,0.0,0.0,0.0,0.0,0.0,11.0,1.0,0.0,0.0,0.0,0.0,0.0,0.0,0.0,0.0,0.0,0.0,-0.0,-0.0
ravi,lemma,0.0,0.0,4.0,0.0,0.0,0.0,0.0,0.0,0.0,0.0,0.0,4.0,0.0,0.0,1.0,0.0,0.0,0.0,0.0,0.0,0.0,0.0,0.0,-0.0,-0.0
reprocher,lemma,15.0,0.0,0.0,0.0,0.0,0.0,0.0,0.0,0.0,0.0,0.0,15.0,1.0,0.0,0.0,0.0,0.0,0.0,0.0,0.0,0.0,0.0,0.0,-0.0,-0.0
interdir,lemma,4.0,0.0,0.0,0.0,0.0,0.0,0.0,0.0,0.0,0.0,0.0,4.0,1.0,0.0,0.0,0.0,0.0,0.0,0.0,0.0,0.0,0.0,0.0,-0.0,-0.0
interdiction,lemma,3.0,0.0,0.0,0.0,0.0,0.0,0.0,0.0,0.0,0.0,0.0,3.0,1.0,0.0,0.0,0.0,0.0,0.0,0.0,0.0,0.0,0.0,0.0,-0.0,-0.0
revendication,lemma,5.0,0.0,0.0,0.0,0.0,0.0,0.0,0.0,0.0,0.0,0.0,5.0,1.0,0.0,0.0,0.0,0.0,0.0,0.0,0.0,0.0,0.0,0.0,-0.0,-0.0
iront,word,0.0,0.0,0.0,3.0,0.0,0.0,0.0,0.0,0.0,0.0,0.0,3.0,0.0,0.0,0.0,1.0,0.0,0.0,0.0,0.0,0.0,0.0,0.0,-0.0,-0.0
j'ai,word,4.0,0.0,0.0,0.0,0.0,0.0,0.0,0.0,0.0,0.0,0.0,4.0,1.0,0.0,0.0,0.0,0.0,0.0,0.0,0.0,0.0,0.0,0.0,-0.0,-0.0
jaloux,lemma,0.0,0.0,0.0,0.0,0.0,0.0,0.0,0.0,0.0,0.0,7.0,7.0,0.0,0.0,0.0,0.0,0.0,0.0,0.0,0.0,0.0,0.0,1.0,-0.0,-0.0
inspirer,lemma,0.0,0.0,0.0,0.0,0.0,0.0,4.0,0.0,0.0,0.0,0.0,4.0,0.0,0.0,0.0,0.0,0.0,0.0,1.0,0.0,0.0,0.0,0.0,-0.0,-0.0
insolites,word,0.0,0.0,0.0,0.0,3.0,0.0,0.0,0.0,0.0,0.0,0.0,3.0,0.0,0.0,0.0,0.0,1.0,0.0,0.0,0.0,0.0,0.0,0.0,-0.0,-0.0
reprochent,word,11.0,0.0,0.0,0.0,0.0,0.0,0.0,0.0,0.0,0.0,0.0,11.0,1.0,0.0,0.0,0.0,0.0,0.0,0.0,0.0,0.0,0.0,0.0,-0.0,-0.0
inquiétudes,word,0.0,0.0,0.0,6.0,0.0,0.0,0.0,0.0,0.0,0.0,0.0,6.0,0.0,0.0,0.0,1.0,0.0,0.0,0.0,0.0,0.0,0.0,0.0,-0.0,-0.0
inquiétude,word,0.0,0.0,0.0,5.0,0.0,0.0,0.0,0.0,0.0,0.0,0.0,5.0,0.0,0.0,0.0,1.0,0.0,0.0,0.0,0.0,0.0,0.0,0.0,-0.0,-0.0
relations,word,7.0,0.0,0.0,0.0,0.0,0.0,0.0,0.0,0.0,0.0,0.0,7.0,1.0,0.0,0.0,0.0,0.0,0.0,0.0,0.0,0.0,0.0,0.0,-0.0,-0.0
relation,lemma,7.0,0.0,0.0,0.0,0.0,0.0,0.0,0.0,0.0,0.0,0.0,7.0,1.0,0.0,0.0,0.0,0.0,0.0,0.0,0.0,0.0,0.0,0.0,-0.0,-0.0
chômage,lemma,3.0,0.0,0.0,0.0,0.0,0.0,0.0,0.0,0.0,0.0,0.0,3.0,1.0,0.0,0.0,0.0,0.0,0.0,0.0,0.0,0.0,0.0,0.0,-0.0,-0.0
colèr,lemma,12.0,0.0,0.0,0.0,0.0,0.0,0.0,0.0,0.0,0.0,0.0,12.0,1.0,0.0,0.0,0.0,0.0,0.0,0.0,0.0,0.0,0.0,0.0,-0.0,-0.0
colère,lemma,42.0,0.0,0.0,0.0,0.0,0.0,0.0,0.0,0.0,0.0,0.0,42.0,1.0,0.0,0.0,0.0,0.0,0.0,0.0,0.0,0.0,0.0,0.0,-0.0,-0.0
colère,word,54.0,0.0,0.0,0.0,0.0,0.0,0.0,0.0,0.0,0.0,0.0,54.0,1.0,0.0,0.0,0.0,0.0,0.0,0.0,0.0,0.0,0.0,0.0,-0.0,-0.0
chier,lemma,3.0,0.0,0.0,0.0,0.0,0.0,0.0,0.0,0.0,0.0,0.0,3.0,1.0,0.0,0.0,0.0,0.0,0.0,0.0,0.0,0.0,0.0,0.0,-0.0,-0.0
chouette,word,0.0,0.0,3.0,0.0,0.0,0.0,0.0,0.0,0.0,0.0,0.0,3.0,0.0,0.0,1.0,0.0,0.0,0.0,0.0,0.0,0.0,0.0,0.0,-0.0,-0.0
christ,lemma,3.0,0.0,0.0,0.0,0.0,0.0,0.0,0.0,0.0,0.0,0.0,3.0,1.0,0.0,0.0,0.0,0.0,0.0,0.0,0.0,0.0,0.0,0.0,-0.0,-0.0
christ,word,3.0,0.0,0.0,0.0,0.0,0.0,0.0,0.0,0.0,0.0,0.0,3.0,1.0,0.0,0.0,0.0,0.0,0.0,0.0,0.0,0.0,0.0,0.0,-0.0,-0.0
ri,word,0.0,0.0,3.0,0.0,0.0,0.0,0.0,0.0,0.0,0.0,0.0,3.0,0.0,0.0,1.0,0.0,0.0,0.0,0.0,0.0,0.0,0.0,0.0,-0.0,-0.0
riant,word,0.0,0.0,3.0,0.0,0.0,0.0,0.0,0.0,0.0,0.0,0.0,3.0,0.0,0.0,1.0,0.0,0.0,0.0,0.0,0.0,0.0,0.0,0.0,-0.0,-0.0
interdire,word,4.0,0.0,0.0,0.0,0.0,0.0,0.0,0.0,0.0,0.0,0.0,4.0,1.0,0.0,0.0,0.0,0.0,0.0,0.0,0.0,0.0,0.0,0.0,-0.0,-0.0
rigol,lemma,0.0,0.0,4.0,0.0,0.0,0.0,0.0,0.0,0.0,0.0,0.0,4.0,0.0,0.0,1.0,0.0,0.0,0.0,0.0,0.0,0.0,0.0,0.0,-0.0,-0.0
revendications,word,4.0,0.0,0.0,0.0,0.0,0.0,0.0,0.0,0.0,0.0,0.0,4.0,1.0,0.0,0.0,0.0,0.0,0.0,0.0,0.0,0.0,0.0,0.0,-0.0,-0.0
revendique,word,3.0,0.0,0.0,0.0,0.0,0.0,0.0,0.0,0.0,0.0,0.0,3.0,1.0,0.0,0.0,0.0,0.0,0.0,0.0,0.0,0.0,0.0,0.0,-0.0,-0.0
chouette,lemma,0.0,0.0,3.0,0.0,0.0,0.0,0.0,0.0,0.0,0.0,0.0,3.0,0.0,0.0,1.0,0.0,0.0,0.0,0.0,0.0,0.0,0.0,0.0,-0.0,-0.0
fier,lemma,0.0,0.0,0.0,0.0,0.0,0.0,0.0,0.0,0.0,17.0,0.0,17.0,0.0,0.0,0.0,0.0,0.0,0.0,0.0,0.0,0.0,1.0,0.0,-0.0,-0.0
fier,word,0.0,0.0,0.0,0.0,0.0,0.0,0.0,0.0,0.0,7.0,0.0,7.0,0.0,0.0,0.0,0.0,0.0,0.0,0.0,0.0,0.0,1.0,0.0,-0.0,-0.0
fierter,lemma,0.0,0.0,0.0,0.0,0.0,0.0,0.0,0.0,0.0,3.0,0.0,3.0,0.0,0.0,0.0,0.0,0.0,0.0,0.0,0.0,0.0,1.0,0.0,-0.0,-0.0
fierté,lemma,0.0,0.0,0.0,0.0,0.0,0.0,0.0,0.0,0.0,5.0,0.0,5.0,0.0,0.0,0.0,0.0,0.0,0.0,0.0,0.0,0.0,1.0,0.0,-0.0,-0.0
fierté,word,0.0,0.0,0.0,0.0,0.0,0.0,0.0,0.0,0.0,8.0,0.0,8.0,0.0,0.0,0.0,0.0,0.0,0.0,0.0,0.0,0.0,1.0,0.0,-0.0,-0.0
internautes,word,3.0,0.0,0.0,0.0,0.0,0.0,0.0,0.0,0.0,0.0,0.0,3.0,1.0,0.0,0.0,0.0,0.0,0.0,0.0,0.0,0.0,0.0,0.0,-0.0,-0.0
rigoler,lemma,0.0,0.0,6.0,0.0,0.0,0.0,0.0,0.0,0.0,0.0,0.0,6.0,0.0,0.0,1.0,0.0,0.0,0.0,0.0,0.0,0.0,0.0,0.0,-0.0,-0.0
injustices,word,8.0,0.0,0.0,0.0,0.0,0.0,0.0,0.0,0.0,0.0,0.0,8.0,1.0,0.0,0.0,0.0,0.0,0.0,0.0,0.0,0.0,0.0,0.0,-0.0,-0.0
remette,word,0.0,0.0,0.0,4.0,0.0,0.0,0.0,0.0,0.0,0.0,0.0,4.0,0.0,0.0,0.0,1.0,0.0,0.0,0.0,0.0,0.0,0.0,0.0,-0.0,-0.0
inquiets,word,0.0,0.0,0.0,14.0,0.0,0.0,0.0,0.0,0.0,0.0,0.0,14.0,0.0,0.0,0.0,1.0,0.0,0.0,0.0,0.0,0.0,0.0,0.0,-0.0,-0.0
faux,lemma,6.0,0.0,0.0,0.0,0.0,0.0,0.0,0.0,0.0,0.0,0.0,6.0,1.0,0.0,0.0,0.0,0.0,0.0,0.0,0.0,0.0,0.0,0.0,-0.0,-0.0
favoriser,lemma,5.0,0.0,0.0,0.0,0.0,0.0,0.0,0.0,0.0,0.0,0.0,5.0,1.0,0.0,0.0,0.0,0.0,0.0,0.0,0.0,0.0,0.0,0.0,-0.0,-0.0
risques,word,0.0,0.0,0.0,7.0,0.0,0.0,0.0,0.0,0.0,0.0,0.0,7.0,0.0,0.0,0.0,1.0,0.0,0.0,0.0,0.0,0.0,0.0,0.0,-0.0,-0.0
internaute,lemma,3.0,0.0,0.0,0.0,0.0,0.0,0.0,0.0,0.0,0.0,0.0,3.0,1.0,0.0,0.0,0.0,0.0,0.0,0.0,0.0,0.0,0.0,0.0,-0.0,-0.0
ravie,word,0.0,0.0,5.0,0.0,0.0,0.0,0.0,0.0,0.0,0.0,0.0,5.0,0.0,0.0,1.0,0.0,0.0,0.0,0.0,0.0,0.0,0.0,0.0,-0.0,-0.0
ravi,word,0.0,0.0,4.0,0.0,0.0,0.0,0.0,0.0,0.0,0.0,0.0,4.0,0.0,0.0,1.0,0.0,0.0,0.0,0.0,0.0,0.0,0.0,0.0,-0.0,-0.0
rompre,lemma,3.0,0.0,0.0,0.0,0.0,0.0,0.0,0.0,0.0,0.0,0.0,3.0,1.0,0.0,0.0,0.0,0.0,0.0,0.0,0.0,0.0,0.0,0.0,-0.0,-0.0
rompu,word,3.0,0.0,0.0,0.0,0.0,0.0,0.0,0.0,0.0,0.0,0.0,3.0,1.0,0.0,0.0,0.0,0.0,0.0,0.0,0.0,0.0,0.0,0.0,-0.0,-0.0
inquiet,word,0.0,0.0,0.0,6.0,0.0,0.0,0.0,0.0,0.0,0.0,0.0,6.0,0.0,0.0,0.0,1.0,0.0,0.0,0.0,0.0,0.0,0.0,0.0,-0.0,-0.0
insolite,word,0.0,0.0,0.0,0.0,4.0,0.0,0.0,0.0,0.0,0.0,0.0,4.0,0.0,0.0,0.0,0.0,1.0,0.0,0.0,0.0,0.0,0.0,0.0,-0.0,-0.0
insolite,lemma,0.0,0.0,0.0,0.0,7.0,0.0,0.0,0.0,0.0,0.0,0.0,7.0,0.0,0.0,0.0,0.0,1.0,0.0,0.0,0.0,0.0,0.0,0.0,-0.0,-0.0
rigolé,word,0.0,0.0,3.0,0.0,0.0,0.0,0.0,0.0,0.0,0.0,0.0,3.0,0.0,0.0,1.0,0.0,0.0,0.0,0.0,0.0,0.0,0.0,0.0,-0.0,-0.0
inégalités,word,9.0,0.0,0.0,0.0,0.0,0.0,0.0,0.0,0.0,0.0,0.0,9.0,1.0,0.0,0.0,0.0,0.0,0.0,0.0,0.0,0.0,0.0,0.0,-0.0,-0.0
risque,lemma,0.0,0.0,0.0,14.0,0.0,0.0,0.0,0.0,0.0,0.0,0.0,14.0,0.0,0.0,0.0,1.0,0.0,0.0,0.0,0.0,0.0,0.0,0.0,-0.0,-0.0
inégalité,lemma,9.0,0.0,0.0,0.0,0.0,0.0,0.0,0.0,0.0,0.0,0.0,9.0,1.0,0.0,0.0,0.0,0.0,0.0,0.0,0.0,0.0,0.0,0.0,-0.0,-0.0
inédite,word,0.0,0.0,0.0,0.0,4.0,0.0,0.0,0.0,0.0,0.0,0.0,4.0,0.0,0.0,0.0,0.0,1.0,0.0,0.0,0.0,0.0,0.0,0.0,-0.0,-0.0
inédit,lemma,0.0,0.0,0.0,0.0,5.0,0.0,0.0,0.0,0.0,0.0,0.0,5.0,0.0,0.0,0.0,0.0,1.0,0.0,0.0,0.0,0.0,0.0,0.0,-0.0,-0.0
intriguer,lemma,0.0,0.0,0.0,0.0,3.0,0.0,0.0,0.0,0.0,0.0,0.0,3.0,0.0,0.0,0.0,0.0,1.0,0.0,0.0,0.0,0.0,0.0,0.0,-0.0,-0.0
inquiètent,word,0.0,0.0,0.0,14.0,0.0,0.0,0.0,0.0,0.0,0.0,0.0,14.0,0.0,0.0,0.0,1.0,0.0,0.0,0.0,0.0,0.0,0.0,0.0,-0.0,-0.0
inquiétant,lemma,0.0,0.0,0.0,4.0,0.0,0.0,0.0,0.0,0.0,0.0,0.0,4.0,0.0,0.0,0.0,1.0,0.0,0.0,0.0,0.0,0.0,0.0,0.0,-0.0,-0.0
inquiétant,word,0.0,0.0,0.0,6.0,0.0,0.0,0.0,0.0,0.0,0.0,0.0,6.0,0.0,0.0,0.0,1.0,0.0,0.0,0.0,0.0,0.0,0.0,0.0,-0.0,-0.0
inquiétante,lemma,0.0,0.0,0.0,3.0,0.0,0.0,0.0,0.0,0.0,0.0,0.0,3.0,0.0,0.0,0.0,1.0,0.0,0.0,0.0,0.0,0.0,0.0,0.0,-0.0,-0.0
inquiétantes,word,0.0,0.0,0.0,3.0,0.0,0.0,0.0,0.0,0.0,0.0,0.0,3.0,0.0,0.0,0.0,1.0,0.0,0.0,0.0,0.0,0.0,0.0,0.0,-0.0,-0.0
inquiéter,lemma,0.0,0.0,0.0,22.0,0.0,0.0,0.0,0.0,0.0,0.0,0.0,22.0,0.0,0.0,0.0,1.0,0.0,0.0,0.0,0.0,0.0,0.0,0.0,-0.0,-0.0
inquiétude,lemma,0.0,0.0,0.0,11.0,0.0,0.0,0.0,0.0,0.0,0.0,0.0,11.0,0.0,0.0,0.0,1.0,0.0,0.0,0.0,0.0,0.0,0.0,0.0,-0.0,-0.0
rigolo,lemma,0.0,0.0,5.0,0.0,0.0,0.0,0.0,0.0,0.0,0.0,0.0,5.0,0.0,0.0,1.0,0.0,0.0,0.0,0.0,0.0,0.0,0.0,0.0,-0.0,-0.0
favoriser,word,4.0,0.0,0.0,0.0,0.0,0.0,0.0,0.0,0.0,0.0,0.0,4.0,1.0,0.0,0.0,0.0,0.0,0.0,0.0,0.0,0.0,0.0,0.0,-0.0,-0.0
introduire,lemma,0.0,0.0,0.0,3.0,0.0,0.0,0.0,0.0,0.0,0.0,0.0,3.0,0.0,0.0,0.0,1.0,0.0,0.0,0.0,0.0,0.0,0.0,0.0,-0.0,-0.0
conversation,word,0.0,0.0,3.0,0.0,0.0,0.0,0.0,0.0,0.0,0.0,0.0,3.0,0.0,0.0,1.0,0.0,0.0,0.0,0.0,0.0,0.0,0.0,0.0,-0.0,-0.0
bombardements,word,0.0,0.0,0.0,5.0,0.0,0.0,0.0,0.0,0.0,0.0,0.0,5.0,0.0,0.0,0.0,1.0,0.0,0.0,0.0,0.0,0.0,0.0,0.0,-0.0,-0.0
conversation,lemma,0.0,0.0,3.0,0.0,0.0,0.0,0.0,0.0,0.0,0.0,0.0,3.0,0.0,0.0,1.0,0.0,0.0,0.0,0.0,0.0,0.0,0.0,0.0,-0.0,-0.0
contester,lemma,8.0,0.0,0.0,0.0,0.0,0.0,0.0,0.0,0.0,0.0,0.0,8.0,1.0,0.0,0.0,0.0,0.0,0.0,0.0,0.0,0.0,0.0,0.0,-0.0,-0.0
formidable,lemma,0.0,0.0,0.0,0.0,0.0,0.0,3.0,0.0,0.0,0.0,0.0,3.0,0.0,0.0,0.0,0.0,0.0,0.0,1.0,0.0,0.0,0.0,0.0,-0.0,-0.0
formidable,word,0.0,0.0,0.0,0.0,0.0,0.0,3.0,0.0,0.0,0.0,0.0,3.0,0.0,0.0,0.0,0.0,0.0,0.0,1.0,0.0,0.0,0.0,0.0,-0.0,-0.0
contestation,word,8.0,0.0,0.0,0.0,0.0,0.0,0.0,0.0,0.0,0.0,0.0,8.0,1.0,0.0,0.0,0.0,0.0,0.0,0.0,0.0,0.0,0.0,0.0,-0.0,-0.0
contestation,lemma,9.0,0.0,0.0,0.0,0.0,0.0,0.0,0.0,0.0,0.0,0.0,9.0,1.0,0.0,0.0,0.0,0.0,0.0,0.0,0.0,0.0,0.0,0.0,-0.0,-0.0
nicolás,word,3.0,0.0,0.0,0.0,0.0,0.0,0.0,0.0,0.0,0.0,0.0,3.0,1.0,0.0,0.0,0.0,0.0,0.0,0.0,0.0,0.0,0.0,0.0,-0.0,-0.0
protestent,word,4.0,0.0,0.0,0.0,0.0,0.0,0.0,0.0,0.0,0.0,0.0,4.0,1.0,0.0,0.0,0.0,0.0,0.0,0.0,0.0,0.0,0.0,0.0,-0.0,-0.0
icône,lemma,0.0,0.0,0.0,0.0,0.0,0.0,3.0,0.0,0.0,0.0,0.0,3.0,0.0,0.0,0.0,0.0,0.0,0.0,1.0,0.0,0.0,0.0,0.0,-0.0,-0.0
dénoncer,word,8.0,0.0,0.0,0.0,0.0,0.0,0.0,0.0,0.0,0.0,0.0,8.0,1.0,0.0,0.0,0.0,0.0,0.0,0.0,0.0,0.0,0.0,0.0,-0.0,-0.0
dénonçaient,word,4.0,0.0,0.0,0.0,0.0,0.0,0.0,0.0,0.0,0.0,0.0,4.0,1.0,0.0,0.0,0.0,0.0,0.0,0.0,0.0,0.0,0.0,0.0,-0.0,-0.0
départ,lemma,8.0,0.0,0.0,0.0,0.0,0.0,0.0,0.0,0.0,0.0,0.0,8.0,1.0,0.0,0.0,0.0,0.0,0.0,0.0,0.0,0.0,0.0,0.0,-0.0,-0.0
départ,word,8.0,0.0,0.0,0.0,0.0,0.0,0.0,0.0,0.0,0.0,0.0,8.0,1.0,0.0,0.0,0.0,0.0,0.0,0.0,0.0,0.0,0.0,0.0,-0.0,-0.0
dépression,lemma,0.0,0.0,0.0,0.0,0.0,7.0,0.0,0.0,0.0,0.0,0.0,7.0,0.0,0.0,0.0,0.0,0.0,1.0,0.0,0.0,0.0,0.0,0.0,-0.0,-0.0
dépression,word,0.0,0.0,0.0,0.0,0.0,6.0,0.0,0.0,0.0,0.0,0.0,6.0,0.0,0.0,0.0,0.0,0.0,1.0,0.0,0.0,0.0,0.0,0.0,-0.0,-0.0
protestation,word,8.0,0.0,0.0,0.0,0.0,0.0,0.0,0.0,0.0,0.0,0.0,8.0,1.0,0.0,0.0,0.0,0.0,0.0,0.0,0.0,0.0,0.0,0.0,-0.0,-0.0
protester,word,18.0,0.0,0.0,0.0,0.0,0.0,0.0,0.0,0.0,0.0,0.0,18.0,1.0,0.0,0.0,0.0,0.0,0.0,0.0,0.0,0.0,0.0,0.0,-0.0,-0.0
contente,word,0.0,0.0,10.0,0.0,0.0,0.0,0.0,0.0,0.0,0.0,0.0,10.0,0.0,0.0,1.0,0.0,0.0,0.0,0.0,0.0,0.0,0.0,0.0,-0.0,-0.0
content,word,0.0,0.0,4.0,0.0,0.0,0.0,0.0,0.0,0.0,0.0,0.0,4.0,0.0,0.0,1.0,0.0,0.0,0.0,0.0,0.0,0.0,0.0,0.0,-0.0,-0.0
souffrent,word,0.0,0.0,0.0,0.0,0.0,3.0,0.0,0.0,0.0,0.0,0.0,3.0,0.0,0.0,0.0,0.0,0.0,1.0,0.0,0.0,0.0,0.0,0.0,-0.0,-0.0
content,lemma,0.0,0.0,30.0,0.0,0.0,0.0,0.0,0.0,0.0,0.0,0.0,30.0,0.0,0.0,1.0,0.0,0.0,0.0,0.0,0.0,0.0,0.0,0.0,-0.0,-0.0
diriger,lemma,4.0,0.0,0.0,0.0,0.0,0.0,0.0,0.0,0.0,0.0,0.0,4.0,1.0,0.0,0.0,0.0,0.0,0.0,0.0,0.0,0.0,0.0,0.0,-0.0,-0.0
soulever,lemma,3.0,0.0,0.0,0.0,0.0,0.0,0.0,0.0,0.0,0.0,0.0,3.0,1.0,0.0,0.0,0.0,0.0,0.0,0.0,0.0,0.0,0.0,0.0,-0.0,-0.0
bombe,word,0.0,0.0,0.0,5.0,0.0,0.0,0.0,0.0,0.0,0.0,0.0,5.0,0.0,0.0,0.0,1.0,0.0,0.0,0.0,0.0,0.0,0.0,0.0,-0.0,-0.0
bonheur,lemma,0.0,0.0,14.0,0.0,0.0,0.0,0.0,0.0,0.0,0.0,0.0,14.0,0.0,0.0,1.0,0.0,0.0,0.0,0.0,0.0,0.0,0.0,0.0,-0.0,-0.0
puni,word,0.0,0.0,0.0,3.0,0.0,0.0,0.0,0.0,0.0,0.0,0.0,3.0,0.0,0.0,0.0,1.0,0.0,0.0,0.0,0.0,0.0,0.0,0.0,-0.0,-0.0
bons,word,0.0,0.0,3.0,0.0,0.0,0.0,0.0,0.0,0.0,0.0,0.0,3.0,0.0,0.0,1.0,0.0,0.0,0.0,0.0,0.0,0.0,0.0,0.0,-0.0,-0.0
dirigeants,word,8.0,0.0,0.0,0.0,0.0,0.0,0.0,0.0,0.0,0.0,0.0,8.0,1.0,0.0,0.0,0.0,0.0,0.0,0.0,0.0,0.0,0.0,0.0,-0.0,-0.0
différentes,word,3.0,0.0,0.0,0.0,0.0,0.0,0.0,0.0,0.0,0.0,0.0,3.0,1.0,0.0,0.0,0.0,0.0,0.0,0.0,0.0,0.0,0.0,0.0,-0.0,-0.0
bouteflika,lemma,4.0,0.0,0.0,0.0,0.0,0.0,0.0,0.0,0.0,0.0,0.0,4.0,1.0,0.0,0.0,0.0,0.0,0.0,0.0,0.0,0.0,0.0,0.0,-0.0,-0.0
bouteflika,word,4.0,0.0,0.0,0.0,0.0,0.0,0.0,0.0,0.0,0.0,0.0,4.0,1.0,0.0,0.0,0.0,0.0,0.0,0.0,0.0,0.0,0.0,0.0,-0.0,-0.0
icône,word,0.0,0.0,0.0,0.0,0.0,0.0,3.0,0.0,0.0,0.0,0.0,3.0,0.0,0.0,0.0,0.0,0.0,0.0,1.0,0.0,0.0,0.0,0.0,-0.0,-0.0
idol,lemma,0.0,0.0,0.0,0.0,0.0,0.0,4.0,0.0,0.0,0.0,0.0,4.0,0.0,0.0,0.0,0.0,0.0,0.0,1.0,0.0,0.0,0.0,0.0,-0.0,-0.0
idole,word,0.0,0.0,0.0,0.0,0.0,0.0,4.0,0.0,0.0,0.0,0.0,4.0,0.0,0.0,0.0,0.0,0.0,0.0,1.0,0.0,0.0,0.0,0.0,-0.0,-0.0
illégal,lemma,3.0,0.0,0.0,0.0,0.0,0.0,0.0,0.0,0.0,0.0,0.0,3.0,1.0,0.0,0.0,0.0,0.0,0.0,0.0,0.0,0.0,0.0,0.0,-0.0,-0.0
bonheur,word,0.0,0.0,14.0,0.0,0.0,0.0,0.0,0.0,0.0,0.0,0.0,14.0,0.0,0.0,1.0,0.0,0.0,0.0,0.0,0.0,0.0,0.0,0.0,-0.0,-0.0
jaloux,word,0.0,0.0,0.0,0.0,0.0,0.0,0.0,0.0,0.0,0.0,5.0,5.0,0.0,0.0,0.0,0.0,0.0,0.0,0.0,0.0,0.0,0.0,1.0,-0.0,-0.0
fausses,word,4.0,0.0,0.0,0.0,0.0,0.0,0.0,0.0,0.0,0.0,0.0,4.0,1.0,0.0,0.0,0.0,0.0,0.0,0.0,0.0,0.0,0.0,0.0,-0.0,-0.0
blague,lemma,0.0,0.0,6.0,0.0,0.0,0.0,0.0,0.0,0.0,0.0,0.0,6.0,0.0,0.0,1.0,0.0,0.0,0.0,0.0,0.0,0.0,0.0,0.0,-0.0,-0.0
blagues,word,0.0,0.0,5.0,0.0,0.0,0.0,0.0,0.0,0.0,0.0,0.0,5.0,0.0,0.0,1.0,0.0,0.0,0.0,0.0,0.0,0.0,0.0,0.0,-0.0,-0.0
sécheresse,lemma,0.0,0.0,0.0,7.0,0.0,0.0,0.0,0.0,0.0,0.0,0.0,7.0,0.0,0.0,0.0,1.0,0.0,0.0,0.0,0.0,0.0,0.0,0.0,-0.0,-0.0
sécheresse,word,0.0,0.0,0.0,7.0,0.0,0.0,0.0,0.0,0.0,0.0,0.0,7.0,0.0,0.0,0.0,1.0,0.0,0.0,0.0,0.0,0.0,0.0,0.0,-0.0,-0.0
sécurité,lemma,0.0,0.0,0.0,6.0,0.0,0.0,0.0,0.0,0.0,0.0,0.0,6.0,0.0,0.0,0.0,1.0,0.0,0.0,0.0,0.0,0.0,0.0,0.0,-0.0,-0.0
sécurité,word,0.0,0.0,0.0,6.0,0.0,0.0,0.0,0.0,0.0,0.0,0.0,6.0,0.0,0.0,0.0,1.0,0.0,0.0,0.0,0.0,0.0,0.0,0.0,-0.0,-0.0
bloquant,word,4.0,0.0,0.0,0.0,0.0,0.0,0.0,0.0,0.0,0.0,0.0,4.0,1.0,0.0,0.0,0.0,0.0,0.0,0.0,0.0,0.0,0.0,0.0,-0.0,-0.0
bah,lemma,4.0,0.0,0.0,0.0,0.0,0.0,0.0,0.0,0.0,0.0,0.0,4.0,1.0,0.0,0.0,0.0,0.0,0.0,0.0,0.0,0.0,0.0,0.0,-0.0,-0.0
bah,word,4.0,0.0,0.0,0.0,0.0,0.0,0.0,0.0,0.0,0.0,0.0,4.0,1.0,0.0,0.0,0.0,0.0,0.0,0.0,0.0,0.0,0.0,0.0,-0.0,-0.0
baise,word,4.0,0.0,0.0,0.0,0.0,0.0,0.0,0.0,0.0,0.0,0.0,4.0,1.0,0.0,0.0,0.0,0.0,0.0,0.0,0.0,0.0,0.0,0.0,-0.0,-0.0
surpris,lemma,0.0,0.0,0.0,0.0,8.0,0.0,0.0,0.0,0.0,0.0,0.0,8.0,0.0,0.0,0.0,0.0,1.0,0.0,0.0,0.0,0.0,0.0,0.0,-0.0,-0.0
surpris,word,0.0,0.0,0.0,0.0,11.0,0.0,0.0,0.0,0.0,0.0,0.0,11.0,0.0,0.0,0.0,0.0,1.0,0.0,0.0,0.0,0.0,0.0,0.0,-0.0,-0.0
fasse,word,3.0,0.0,0.0,0.0,0.0,0.0,0.0,0.0,0.0,0.0,0.0,3.0,1.0,0.0,0.0,0.0,0.0,0.0,0.0,0.0,0.0,0.0,0.0,-0.0,-0.0
surprises,word,0.0,0.0,0.0,0.0,5.0,0.0,0.0,0.0,0.0,0.0,0.0,5.0,0.0,0.0,0.0,0.0,1.0,0.0,0.0,0.0,0.0,0.0,0.0,-0.0,-0.0
sympa,lemma,0.0,0.0,4.0,0.0,0.0,0.0,0.0,0.0,0.0,0.0,0.0,4.0,0.0,0.0,1.0,0.0,0.0,0.0,0.0,0.0,0.0,0.0,0.0,-0.0,-0.0
sympa,word,0.0,0.0,3.0,0.0,0.0,0.0,0.0,0.0,0.0,0.0,0.0,3.0,0.0,0.0,1.0,0.0,0.0,0.0,0.0,0.0,0.0,0.0,0.0,-0.0,-0.0
séparer,lemma,0.0,0.0,0.0,0.0,0.0,3.0,0.0,0.0,0.0,0.0,0.0,3.0,0.0,0.0,0.0,0.0,0.0,1.0,0.0,0.0,0.0,0.0,0.0,-0.0,-0.0
déloyal,lemma,4.0,0.0,0.0,0.0,0.0,0.0,0.0,0.0,0.0,0.0,0.0,4.0,1.0,0.0,0.0,0.0,0.0,0.0,0.0,0.0,0.0,0.0,0.0,-0.0,-0.0
déloyale,word,4.0,0.0,0.0,0.0,0.0,0.0,0.0,0.0,0.0,0.0,0.0,4.0,1.0,0.0,0.0,0.0,0.0,0.0,0.0,0.0,0.0,0.0,0.0,-0.0,-0.0
démission,lemma,4.0,0.0,0.0,0.0,0.0,0.0,0.0,0.0,0.0,0.0,0.0,4.0,1.0,0.0,0.0,0.0,0.0,0.0,0.0,0.0,0.0,0.0,0.0,-0.0,-0.0
démission,word,4.0,0.0,0.0,0.0,0.0,0.0,0.0,0.0,0.0,0.0,0.0,4.0,1.0,0.0,0.0,0.0,0.0,0.0,0.0,0.0,0.0,0.0,0.0,-0.0,-0.0
dénonce,lemma,5.0,0.0,0.0,0.0,0.0,0.0,0.0,0.0,0.0,0.0,0.0,5.0,1.0,0.0,0.0,0.0,0.0,0.0,0.0,0.0,0.0,0.0,0.0,-0.0,-0.0
dénonce,word,5.0,0.0,0.0,0.0,0.0,0.0,0.0,0.0,0.0,0.0,0.0,5.0,1.0,0.0,0.0,0.0,0.0,0.0,0.0,0.0,0.0,0.0,0.0,-0.0,-0.0
dénoncent,word,6.0,0.0,0.0,0.0,0.0,0.0,0.0,0.0,0.0,0.0,0.0,6.0,1.0,0.0,0.0,0.0,0.0,0.0,0.0,0.0,0.0,0.0,0.0,-0.0,-0.0
dénoncer,lemma,26.0,0.0,0.0,0.0,0.0,0.0,0.0,0.0,0.0,0.0,0.0,26.0,1.0,0.0,0.0,0.0,0.0,0.0,0.0,0.0,0.0,0.0,0.0,-0.0,-0.0
janvier,lemma,5.0,0.0,0.0,0.0,0.0,0.0,0.0,0.0,0.0,0.0,0.0,5.0,1.0,0.0,0.0,0.0,0.0,0.0,0.0,0.0,0.0,0.0,0.0,-0.0,-0.0
mécontentement,lemma,16.0,0.0,0.0,0.0,0.0,0.0,0.0,0.0,0.0,0.0,0.0,16.0,1.0,0.0,0.0,0.0,0.0,0.0,0.0,0.0,0.0,0.0,0.0,-0.0,-0.0
mécontentement,word,14.0,0.0,0.0,0.0,0.0,0.0,0.0,0.0,0.0,0.0,0.0,14.0,1.0,0.0,0.0,0.0,0.0,0.0,0.0,0.0,0.0,0.0,0.0,-0.0,-0.0
mécontentements,word,3.0,0.0,0.0,0.0,0.0,0.0,0.0,0.0,0.0,0.0,0.0,3.0,1.0,0.0,0.0,0.0,0.0,0.0,0.0,0.0,0.0,0.0,0.0,-0.0,-0.0
mécontents,word,8.0,0.0,0.0,0.0,0.0,0.0,0.0,0.0,0.0,0.0,0.0,8.0,1.0,0.0,0.0,0.0,0.0,0.0,0.0,0.0,0.0,0.0,0.0,-0.0,-0.0
dégoûter,lemma,0.0,3.0,0.0,0.0,0.0,0.0,0.0,0.0,0.0,0.0,0.0,3.0,0.0,1.0,0.0,0.0,0.0,0.0,0.0,0.0,0.0,0.0,0.0,-0.0,-0.0
délicieux,lemma,0.0,0.0,3.0,0.0,0.0,0.0,0.0,0.0,0.0,0.0,0.0,3.0,0.0,0.0,1.0,0.0,0.0,0.0,0.0,0.0,0.0,0.0,0.0,-0.0,-0.0
délicieux,word,0.0,0.0,3.0,0.0,0.0,0.0,0.0,0.0,0.0,0.0,0.0,3.0,0.0,0.0,1.0,0.0,0.0,0.0,0.0,0.0,0.0,0.0,0.0,-0.0,-0.0
souriant,word,0.0,0.0,4.0,0.0,0.0,0.0,0.0,0.0,0.0,0.0,0.0,4.0,0.0,0.0,1.0,0.0,0.0,0.0,0.0,0.0,0.0,0.0,0.0,-0.0,-0.0
janvier,word,5.0,0.0,0.0,0.0,0.0,0.0,0.0,0.0,0.0,0.0,0.0,5.0,1.0,0.0,0.0,0.0,0.0,0.0,0.0,0.0,0.0,0.0,0.0,-0.0,-0.0
mécontent,lemma,10.0,0.0,0.0,0.0,0.0,0.0,0.0,0.0,0.0,0.0,0.0,10.0,1.0,0.0,0.0,0.0,0.0,0.0,0.0,0.0,0.0,0.0,0.0,-0.0,-0.0
société,word,7.0,0.0,0.0,0.0,0.0,0.0,0.0,0.0,0.0,0.0,0.0,7.0,1.0,0.0,0.0,0.0,0.0,0.0,0.0,0.0,0.0,0.0,0.0,-0.0,-0.0
brice,lemma,5.0,0.0,0.0,0.0,0.0,0.0,0.0,0.0,0.0,0.0,0.0,5.0,1.0,0.0,0.0,0.0,0.0,0.0,0.0,0.0,0.0,0.0,0.0,-0.0,-0.0
brice,word,5.0,0.0,0.0,0.0,0.0,0.0,0.0,0.0,0.0,0.0,0.0,5.0,1.0,0.0,0.0,0.0,0.0,0.0,0.0,0.0,0.0,0.0,0.0,-0.0,-0.0
cadeaux,word,0.0,0.0,5.0,0.0,0.0,0.0,0.0,0.0,0.0,0.0,0.0,5.0,0.0,0.0,1.0,0.0,0.0,0.0,0.0,0.0,0.0,0.0,0.0,-0.0,-0.0
caisse,lemma,3.0,0.0,0.0,0.0,0.0,0.0,0.0,0.0,0.0,0.0,0.0,3.0,1.0,0.0,0.0,0.0,0.0,0.0,0.0,0.0,0.0,0.0,0.0,-0.0,-0.0
caisses,word,3.0,0.0,0.0,0.0,0.0,0.0,0.0,0.0,0.0,0.0,0.0,3.0,1.0,0.0,0.0,0.0,0.0,0.0,0.0,0.0,0.0,0.0,0.0,-0.0,-0.0
satisfaire,word,0.0,0.0,4.0,0.0,0.0,0.0,0.0,0.0,0.0,0.0,0.0,4.0,0.0,0.0,1.0,0.0,0.0,0.0,0.0,0.0,0.0,0.0,0.0,-0.0,-0.0
scandale,lemma,5.0,0.0,0.0,0.0,0.0,0.0,0.0,0.0,0.0,0.0,0.0,5.0,1.0,0.0,0.0,0.0,0.0,0.0,0.0,0.0,0.0,0.0,0.0,-0.0,-0.0
sonores,word,3.0,0.0,0.0,0.0,0.0,0.0,0.0,0.0,0.0,0.0,0.0,3.0,1.0,0.0,0.0,0.0,0.0,0.0,0.0,0.0,0.0,0.0,0.0,-0.0,-0.0
pêcheur,lemma,3.0,0.0,0.0,0.0,0.0,0.0,0.0,0.0,0.0,0.0,0.0,3.0,1.0,0.0,0.0,0.0,0.0,0.0,0.0,0.0,0.0,0.0,0.0,-0.0,-0.0
injustice,lemma,15.0,0.0,0.0,0.0,0.0,0.0,0.0,0.0,0.0,0.0,0.0,15.0,1.0,0.0,0.0,0.0,0.0,0.0,0.0,0.0,0.0,0.0,0.0,-0.0,-0.0
injustice,word,7.0,0.0,0.0,0.0,0.0,0.0,0.0,0.0,0.0,0.0,0.0,7.0,1.0,0.0,0.0,0.0,0.0,0.0,0.0,0.0,0.0,0.0,0.0,-0.0,-0.0
confisquer,lemma,0.0,0.0,0.0,0.0,0.0,3.0,0.0,0.0,0.0,0.0,0.0,3.0,0.0,0.0,0.0,0.0,0.0,1.0,0.0,0.0,0.0,0.0,0.0,-0.0,-0.0
concurrence,word,4.0,0.0,0.0,0.0,0.0,0.0,0.0,0.0,0.0,0.0,0.0,4.0,1.0,0.0,0.0,0.0,0.0,0.0,0.0,0.0,0.0,0.0,0.0,-0.0,-0.0
révoltée,word,3.0,0.0,0.0,0.0,0.0,0.0,0.0,0.0,0.0,0.0,0.0,3.0,1.0,0.0,0.0,0.0,0.0,0.0,0.0,0.0,0.0,0.0,0.0,-0.0,-0.0
concurrence,lemma,4.0,0.0,0.0,0.0,0.0,0.0,0.0,0.0,0.0,0.0,0.0,4.0,1.0,0.0,0.0,0.0,0.0,0.0,0.0,0.0,0.0,0.0,0.0,-0.0,-0.0
satisfaire,lemma,0.0,0.0,7.0,0.0,0.0,0.0,0.0,0.0,0.0,0.0,0.0,7.0,0.0,0.0,1.0,0.0,0.0,0.0,0.0,0.0,0.0,0.0,0.0,-0.0,-0.0
indigner,lemma,3.0,0.0,0.0,0.0,0.0,0.0,0.0,0.0,0.0,0.0,0.0,3.0,1.0,0.0,0.0,0.0,0.0,0.0,0.0,0.0,0.0,0.0,0.0,-0.0,-0.0
scandale,word,5.0,0.0,0.0,0.0,0.0,0.0,0.0,0.0,0.0,0.0,0.0,5.0,1.0,0.0,0.0,0.0,0.0,0.0,0.0,0.0,0.0,0.0,0.0,-0.0,-0.0
niqu,lemma,5.0,0.0,0.0,0.0,0.0,0.0,0.0,0.0,0.0,0.0,0.0,5.0,1.0,0.0,0.0,0.0,0.0,0.0,0.0,0.0,0.0,0.0,0.0,-0.0,-0.0
nique,word,5.0,0.0,0.0,0.0,0.0,0.0,0.0,0.0,0.0,0.0,0.0,5.0,1.0,0.0,0.0,0.0,0.0,0.0,0.0,0.0,0.0,0.0,0.0,-0.0,-0.0
noirs,word,6.0,0.0,0.0,0.0,0.0,0.0,0.0,0.0,0.0,0.0,0.0,6.0,1.0,0.0,0.0,0.0,0.0,0.0,0.0,0.0,0.0,0.0,0.0,-0.0,-0.0
nord,lemma,0.0,0.0,0.0,3.0,0.0,0.0,0.0,0.0,0.0,0.0,0.0,3.0,0.0,0.0,0.0,1.0,0.0,0.0,0.0,0.0,0.0,0.0,0.0,-0.0,-0.0
putain,lemma,3.0,0.0,0.0,0.0,0.0,0.0,0.0,0.0,0.0,0.0,0.0,3.0,1.0,0.0,0.0,0.0,0.0,0.0,0.0,0.0,0.0,0.0,0.0,-0.0,-0.0
commun,word,0.0,0.0,0.0,0.0,5.0,0.0,0.0,0.0,0.0,0.0,0.0,5.0,0.0,0.0,0.0,0.0,1.0,0.0,0.0,0.0,0.0,0.0,0.0,-0.0,-0.0
catégoriquement,lemma,3.0,0.0,0.0,0.0,0.0,0.0,0.0,0.0,0.0,0.0,0.0,3.0,1.0,0.0,0.0,0.0,0.0,0.0,0.0,0.0,0.0,0.0,0.0,-0.0,-0.0
catégoriquement,word,3.0,0.0,0.0,0.0,0.0,0.0,0.0,0.0,0.0,0.0,0.0,3.0,1.0,0.0,0.0,0.0,0.0,0.0,0.0,0.0,0.0,0.0,0.0,-0.0,-0.0
société,lemma,7.0,0.0,0.0,0.0,0.0,0.0,0.0,0.0,0.0,0.0,0.0,7.0,1.0,0.0,0.0,0.0,0.0,0.0,0.0,0.0,0.0,0.0,0.0,-0.0,-0.0
commises,word,3.0,0.0,0.0,0.0,0.0,0.0,0.0,0.0,0.0,0.0,0.0,3.0,1.0,0.0,0.0,0.0,0.0,0.0,0.0,0.0,0.0,0.0,0.0,-0.0,-0.0
méfier,word,0.0,0.0,0.0,3.0,0.0,0.0,0.0,0.0,0.0,0.0,0.0,3.0,0.0,0.0,0.0,1.0,0.0,0.0,0.0,0.0,0.0,0.0,0.0,-0.0,-0.0
mêler,lemma,3.0,0.0,0.0,0.0,0.0,0.0,0.0,0.0,0.0,0.0,0.0,3.0,1.0,0.0,0.0,0.0,0.0,0.0,0.0,0.0,0.0,0.0,0.0,-0.0,-0.0
sensible,lemma,0.0,0.0,0.0,3.0,0.0,0.0,0.0,0.0,0.0,0.0,0.0,3.0,0.0,0.0,0.0,1.0,0.0,0.0,0.0,0.0,0.0,0.0,0.0,-0.0,-0.0
sensibles,word,0.0,0.0,0.0,3.0,0.0,0.0,0.0,0.0,0.0,0.0,0.0,3.0,0.0,0.0,0.0,1.0,0.0,0.0,0.0,0.0,0.0,0.0,0.0,-0.0,-0.0
pêcheurs,word,3.0,0.0,0.0,0.0,0.0,0.0,0.0,0.0,0.0,0.0,0.0,3.0,1.0,0.0,0.0,0.0,0.0,0.0,0.0,0.0,0.0,0.0,0.0,-0.0,-0.0
siffler,lemma,4.0,0.0,0.0,0.0,0.0,0.0,0.0,0.0,0.0,0.0,0.0,4.0,1.0,0.0,0.0,0.0,0.0,0.0,0.0,0.0,0.0,0.0,0.0,-0.0,-0.0
site,lemma,0.0,0.0,0.0,3.0,0.0,0.0,0.0,0.0,0.0,0.0,0.0,3.0,0.0,0.0,0.0,1.0,0.0,0.0,0.0,0.0,0.0,0.0,0.0,-0.0,-0.0
sites,word,0.0,0.0,0.0,3.0,0.0,0.0,0.0,0.0,0.0,0.0,0.0,3.0,0.0,0.0,0.0,1.0,0.0,0.0,0.0,0.0,0.0,0.0,0.0,-0.0,-0.0
commun,lemma,0.0,0.0,0.0,0.0,5.0,0.0,0.0,0.0,0.0,0.0,0.0,5.0,0.0,0.0,0.0,0.0,1.0,0.0,0.0,0.0,0.0,0.0,0.0,-0.0,-0.0
méfiance,word,0.0,0.0,0.0,5.0,0.0,0.0,0.0,0.0,0.0,0.0,0.0,5.0,0.0,0.0,0.0,1.0,0.0,0.0,0.0,0.0,0.0,0.0,0.0,-0.0,-0.0
diesel,lemma,4.0,0.0,0.0,0.0,0.0,0.0,0.0,0.0,0.0,0.0,0.0,4.0,1.0,0.0,0.0,0.0,0.0,0.0,0.0,0.0,0.0,0.0,0.0,-0.0,-0.0
dictateur,word,6.0,0.0,0.0,0.0,0.0,0.0,0.0,0.0,0.0,0.0,0.0,6.0,1.0,0.0,0.0,0.0,0.0,0.0,0.0,0.0,0.0,0.0,0.0,-0.0,-0.0
dictateur,lemma,6.0,0.0,0.0,0.0,0.0,0.0,0.0,0.0,0.0,0.0,0.0,6.0,1.0,0.0,0.0,0.0,0.0,0.0,0.0,0.0,0.0,0.0,0.0,-0.0,-0.0
panique,word,0.0,0.0,0.0,11.0,0.0,0.0,0.0,0.0,0.0,0.0,0.0,11.0,0.0,0.0,0.0,1.0,0.0,0.0,0.0,0.0,0.0,0.0,0.0,-0.0,-0.0
maladies,word,0.0,0.0,0.0,6.0,0.0,0.0,0.0,0.0,0.0,0.0,0.0,6.0,0.0,0.0,0.0,1.0,0.0,0.0,0.0,0.0,0.0,0.0,0.0,-0.0,-0.0
malheureusement,lemma,0.0,0.0,0.0,0.0,0.0,6.0,0.0,0.0,0.0,0.0,0.0,6.0,0.0,0.0,0.0,0.0,0.0,1.0,0.0,0.0,0.0,0.0,0.0,-0.0,-0.0
malheureusement,word,0.0,0.0,0.0,0.0,0.0,6.0,0.0,0.0,0.0,0.0,0.0,6.0,0.0,0.0,0.0,0.0,0.0,1.0,0.0,0.0,0.0,0.0,0.0,-0.0,-0.0
indépendance,lemma,4.0,0.0,0.0,0.0,0.0,0.0,0.0,0.0,0.0,0.0,0.0,4.0,1.0,0.0,0.0,0.0,0.0,0.0,0.0,0.0,0.0,0.0,0.0,-0.0,-0.0
bloqué,word,5.0,0.0,0.0,0.0,0.0,0.0,0.0,0.0,0.0,0.0,0.0,5.0,1.0,0.0,0.0,0.0,0.0,0.0,0.0,0.0,0.0,0.0,0.0,-0.0,-0.0
panique,lemma,0.0,0.0,0.0,11.0,0.0,0.0,0.0,0.0,0.0,0.0,0.0,11.0,0.0,0.0,0.0,1.0,0.0,0.0,0.0,0.0,0.0,0.0,0.0,-0.0,-0.0
contents,word,0.0,0.0,16.0,0.0,0.0,0.0,0.0,0.0,0.0,0.0,0.0,16.0,0.0,0.0,1.0,0.0,0.0,0.0,0.0,0.0,0.0,0.0,0.0,-0.0,-0.0
maduro,lemma,4.0,0.0,0.0,0.0,0.0,0.0,0.0,0.0,0.0,0.0,0.0,4.0,1.0,0.0,0.0,0.0,0.0,0.0,0.0,0.0,0.0,0.0,0.0,-0.0,-0.0
maduro,word,4.0,0.0,0.0,0.0,0.0,0.0,0.0,0.0,0.0,0.0,0.0,4.0,1.0,0.0,0.0,0.0,0.0,0.0,0.0,0.0,0.0,0.0,0.0,-0.0,-0.0
magasin,lemma,0.0,0.0,0.0,3.0,0.0,0.0,0.0,0.0,0.0,0.0,0.0,3.0,0.0,0.0,0.0,1.0,0.0,0.0,0.0,0.0,0.0,0.0,0.0,-0.0,-0.0
magique,lemma,0.0,0.0,0.0,0.0,4.0,0.0,0.0,0.0,0.0,0.0,0.0,4.0,0.0,0.0,0.0,0.0,1.0,0.0,0.0,0.0,0.0,0.0,0.0,-0.0,-0.0
magique,word,0.0,0.0,0.0,0.0,3.0,0.0,0.0,0.0,0.0,0.0,0.0,3.0,0.0,0.0,0.0,0.0,1.0,0.0,0.0,0.0,0.0,0.0,0.0,-0.0,-0.0
sonore,lemma,3.0,0.0,0.0,0.0,0.0,0.0,0.0,0.0,0.0,0.0,0.0,3.0,1.0,0.0,0.0,0.0,0.0,0.0,0.0,0.0,0.0,0.0,0.0,-0.0,-0.0
malheureux,lemma,0.0,0.0,0.0,0.0,0.0,3.0,0.0,0.0,0.0,0.0,0.0,3.0,0.0,0.0,0.0,0.0,0.0,1.0,0.0,0.0,0.0,0.0,0.0,-0.0,-0.0
indépendance,word,5.0,0.0,0.0,0.0,0.0,0.0,0.0,0.0,0.0,0.0,0.0,5.0,1.0,0.0,0.0,0.0,0.0,0.0,0.0,0.0,0.0,0.0,0.0,-0.0,-0.0
information,lemma,4.0,0.0,0.0,0.0,0.0,0.0,0.0,0.0,0.0,0.0,0.0,4.0,1.0,0.0,0.0,0.0,0.0,0.0,0.0,0.0,0.0,0.0,0.0,-0.0,-0.0
informations,word,4.0,0.0,0.0,0.0,0.0,0.0,0.0,0.0,0.0,0.0,0.0,4.0,1.0,0.0,0.0,0.0,0.0,0.0,0.0,0.0,0.0,0.0,0.0,-0.0,-0.0
r,word,3.0,0.0,0.0,0.0,0.0,0.0,0.0,0.0,0.0,0.0,0.0,3.0,1.0,0.0,0.0,0.0,0.0,0.0,0.0,0.0,0.0,0.0,0.0,-0.0,-0.0
initiative,lemma,3.0,0.0,0.0,0.0,0.0,0.0,0.0,0.0,0.0,0.0,0.0,3.0,1.0,0.0,0.0,0.0,0.0,0.0,0.0,0.0,0.0,0.0,0.0,-0.0,-0.0
méfier,lemma,0.0,0.0,0.0,7.0,0.0,0.0,0.0,0.0,0.0,0.0,0.0,7.0,0.0,0.0,0.0,1.0,0.0,0.0,0.0,0.0,0.0,0.0,0.0,-0.0,-0.0
bombardement,lemma,0.0,0.0,0.0,5.0,0.0,0.0,0.0,0.0,0.0,0.0,0.0,5.0,0.0,0.0,0.0,1.0,0.0,0.0,0.0,0.0,0.0,0.0,0.0,-0.0,-0.0
r,lemma,4.0,0.0,0.0,0.0,0.0,0.0,0.0,0.0,0.0,0.0,0.0,4.0,1.0,0.0,0.0,0.0,0.0,0.0,0.0,0.0,0.0,0.0,0.0,-0.0,-0.0
querelle,lemma,3.0,0.0,0.0,0.0,0.0,0.0,0.0,0.0,0.0,0.0,0.0,3.0,1.0,0.0,0.0,0.0,0.0,0.0,0.0,0.0,0.0,0.0,0.0,-0.0,-0.0
méfiance,lemma,0.0,0.0,0.0,5.0,0.0,0.0,0.0,0.0,0.0,0.0,0.0,5.0,0.0,0.0,0.0,1.0,0.0,0.0,0.0,0.0,0.0,0.0,0.0,-0.0,-0.0
fondation,lemma,3.0,0.0,0.0,0.0,0.0,0.0,0.0,0.0,0.0,0.0,0.0,3.0,1.0,0.0,0.0,0.0,0.0,0.0,0.0,0.0,0.0,0.0,0.0,-0.0,-0.0
fondations,word,3.0,0.0,0.0,0.0,0.0,0.0,0.0,0.0,0.0,0.0,0.0,3.0,1.0,0.0,0.0,0.0,0.0,0.0,0.0,0.0,0.0,0.0,0.0,-0.0,-0.0
connasse,lemma,3.0,0.0,0.0,0.0,0.0,0.0,0.0,0.0,0.0,0.0,0.0,3.0,1.0,0.0,0.0,0.0,0.0,0.0,0.0,0.0,0.0,0.0,0.0,-0.0,-0.0
manifestaient,word,3.0,0.0,0.0,0.0,0.0,0.0,0.0,0.0,0.0,0.0,0.0,3.0,1.0,0.0,0.0,0.0,0.0,0.0,0.0,0.0,0.0,0.0,0.0,-0.0,-0.0
ours,word,0.0,0.0,0.0,4.0,0.0,0.0,0.0,0.0,0.0,0.0,0.0,4.0,0.0,0.0,0.0,1.0,0.0,0.0,0.0,0.0,0.0,0.0,0.0,-0.0,-0.0
ours,lemma,0.0,0.0,0.0,4.0,0.0,0.0,0.0,0.0,0.0,0.0,0.0,4.0,0.0,0.0,0.0,1.0,0.0,0.0,0.0,0.0,0.0,0.0,0.0,-0.0,-0.0
drole,lemma,0.0,0.0,3.0,0.0,0.0,0.0,0.0,0.0,0.0,0.0,0.0,3.0,0.0,0.0,1.0,0.0,0.0,0.0,0.0,0.0,0.0,0.0,0.0,-0.0,-0.0
dommage,word,0.0,0.0,0.0,0.0,0.0,3.0,0.0,0.0,0.0,0.0,0.0,3.0,0.0,0.0,0.0,0.0,0.0,1.0,0.0,0.0,0.0,0.0,0.0,-0.0,-0.0
diesel,word,4.0,0.0,0.0,0.0,0.0,0.0,0.0,0.0,0.0,0.0,0.0,4.0,1.0,0.0,0.0,0.0,0.0,0.0,0.0,0.0,0.0,0.0,0.0,-0.0,-0.0
fière,word,0.0,0.0,0.0,0.0,0.0,0.0,0.0,0.0,0.0,8.0,0.0,8.0,0.0,0.0,0.0,0.0,0.0,0.0,0.0,0.0,0.0,1.0,0.0,-0.0,-0.0
