backend,surface_lower,lemma,surface_lemma_count,dominant_mode,surface_count,surface_dominant_emotion,surface_entropy,surface_normalized_entropy,lemma_count,lemma_dominant_emotion,lemma_entropy,lemma_normalized_entropy,delta_entropy,dominant_emotion_changed,surface_share_in_lemma,granularity_class
spacy,blague,blague,1,Suggérée,6,Colère,1.7925,0.8962,6,Joie,-0.0,0.0,-1.7925,True,0.1667,lemma_reveals_family
spacy,voient,voir,3,Suggérée,3,Colère,0.9183,0.9183,29,Colère,2.7091,0.8546,1.7908,False,0.1034,lemma_dilutes_surface
spacy,attendait,attendre,3,Suggérée,3,Surprise,-0.0,0.0,10,Surprise,1.6855,0.8427,1.6855,False,0.3,lemma_dilutes_surface
spacy,plaignent,plaindre,3,Comportementale,3,Colère,-0.0,0.0,9,Colère,1.6577,0.8289,1.6577,False,0.3333,lemma_dilutes_surface
spacy,volé,voler,3,Suggérée,4,Colère,0.8113,0.8113,8,Colère,2.4056,0.9306,1.5943,False,0.375,lemma_dilutes_surface
spacy,porté,porter,4,Comportementale,4,Colère,-0.0,0.0,10,Colère,1.571,0.7855,1.571,False,0.4,lemma_dilutes_surface
spacy,sert,servir,2,Montrée,3,Colère,-0.0,0.0,5,Colère,1.5219,0.9602,1.5219,False,0.4,lemma_dilutes_surface
spacy,crient,crier,3,Comportementale,3,Peur,0.9183,0.9183,19,Peur,2.3135,0.8241,1.3952,False,0.1579,lemma_dilutes_surface
spacy,news,new,2,Suggérée,3,Colère,-0.0,0.0,7,Joie,1.3788,0.8699,1.3788,True,0.2857,lemma_dilutes_surface
spacy,savoir,savoir,5,Montrée,5,Colère,-0.0,0.0,10,Colère,1.3568,0.6784,1.3568,False,0.5,lemma_dilutes_surface
spacy,imposer,imposer,3,Suggérée,3,Peur,0.9183,0.9183,6,Peur,2.2516,0.9697,1.3333,False,0.5,lemma_dilutes_surface
spacy,prestigieux,prestigieux,3,Désignée,3,Admiration,-0.0,0.0,6,Admiration,1.2516,0.7897,1.2516,False,0.5,lemma_dilutes_surface
spacy,trouver,trouver,6,Suggérée,6,Peur,1.2516,0.7897,14,Peur,2.4956,0.889,1.244,False,0.4286,lemma_dilutes_surface
spacy,attaquent,attaquer,3,Suggérée,3,Peur,-0.0,0.0,24,Peur,1.1964,0.7549,1.1964,False,0.125,lemma_dilutes_surface
spacy,croire,croire,5,Suggérée,5,Surprise,0.7219,0.7219,13,Surprise,1.892,0.8148,1.1701,False,0.3846,lemma_dilutes_surface
spacy,arrivent,arriver,3,Suggérée,3,Tristesse,0.9183,0.9183,10,Surprise,2.0464,0.8814,1.1281,True,0.3,lemma_dilutes_surface
spacy,trouvé,trouver,5,Suggérée,5,Joie,1.371,0.865,14,Peur,2.4956,0.889,1.1246,True,0.3571,lemma_dilutes_surface
spacy,pleure,pleurer,5,Comportementale,5,Tristesse,-0.0,0.0,45,Tristesse,1.1245,0.7095,1.1245,False,0.1111,lemma_dilutes_surface
spacy,voit,voir,3,Suggérée,3,Colère,1.585,1.0,29,Colère,2.7091,0.8546,1.1241,False,0.1034,lemma_dilutes_surface
spacy,continue,continuer,3,Suggérée,4,Colère,0.8113,0.8113,6,Colère,1.9183,0.9591,1.107,False,0.5,lemma_dilutes_surface
spacy,mortes,mort,4,Suggérée,4,Peur,1.0,1.0,28,Tristesse,2.1017,0.7487,1.1017,True,0.1429,lemma_dilutes_surface
spacy,réussir,réussir,3,Suggérée,3,Colère,1.585,1.0,19,Joie,2.6498,0.9439,1.0648,True,0.1579,lemma_dilutes_surface
spacy,révoltée,révolter,3,Comportementale,3,Colère,-0.0,0.0,8,Colère,1.0613,0.6696,1.0613,False,0.375,lemma_dilutes_surface
spacy,joué,jouer,3,Suggérée,3,Joie,0.9183,0.9183,9,Joie,1.9749,0.9875,1.0566,False,0.3333,lemma_dilutes_surface
spacy,passe,passer,5,Montrée,5,Peur,0.971,0.971,14,Peur,2.0202,0.8701,1.0492,False,0.3571,lemma_dilutes_surface
spacy,malades,malade,3,Suggérée,3,Peur,0.9183,0.9183,10,Peur,1.961,0.8445,1.0427,False,0.3,lemma_dilutes_surface
spacy,noire,noir,3,Suggérée,4,Joie,1.5,0.9464,10,Colère,2.5219,0.9756,1.0219,True,0.3,lemma_dilutes_surface
spacy,noir,noir,5,Suggérée,5,Colère,1.5219,0.9602,10,Colère,2.5219,0.9756,1.0,False,0.5,lemma_dilutes_surface
spacy,violents,violent,3,Suggérée,3,Peur,-0.0,0.0,13,Peur,0.9913,0.6254,0.9913,False,0.2308,lemma_dilutes_surface
spacy,petite,petit,4,Suggérée,4,Joie,0.8113,0.8113,16,Joie,1.7947,0.773,0.9834,False,0.25,lemma_dilutes_surface
spacy,grands,grand,3,Suggérée,3,Fierté,1.585,1.0,25,Joie,2.5125,0.895,0.9275,True,0.12,lemma_dilutes_surface
spacy,folle,fou,3,Suggérée,4,Joie,1.5,0.9464,23,Colère,2.4013,0.8553,0.9013,True,0.1304,lemma_dilutes_surface
spacy,arrêté,arrêter,5,Comportementale,5,Colère,0.7219,0.7219,21,Colère,1.6005,0.8002,0.8786,False,0.2381,lemma_dilutes_surface
spacy,effondrer,effondrer,3,Suggérée,3,Peur,-0.0,0.0,7,Peur,0.8631,0.8631,0.8631,False,0.4286,lemma_dilutes_surface
spacy,pensé,penser,3,Suggérée,3,Dégoût,1.585,1.0,9,Colère,2.4194,0.9359,0.8344,True,0.3333,lemma_dilutes_surface
spacy,main,main,3,Comportementale,3,Joie,0.9183,0.9183,8,Joie,1.75,0.875,0.8317,False,0.375,lemma_dilutes_surface
spacy,perdu,perdu,5,Suggérée,12,Tristesse,1.5511,0.7755,5,Tristesse,0.7219,0.7219,-0.8292,False,1.0,lemma_reveals_family
spacy,voler,voler,3,Suggérée,3,Colère,1.585,1.0,8,Colère,2.4056,0.9306,0.8206,False,0.375,lemma_dilutes_surface
spacy,crie,crier,1,Montrée,4,Colère,1.5,0.9464,19,Peur,2.3135,0.8241,0.8135,True,0.0526,lemma_dilutes_surface
spacy,animaux,animal,3,Suggérée,3,Peur,-0.0,0.0,4,Peur,0.8113,0.8113,0.8113,False,0.75,lemma_dilutes_surface
spacy,drole,drole,3,Désignée,4,Joie,0.8113,0.8113,3,Joie,-0.0,0.0,-0.8113,False,1.0,lemma_reveals_family
spacy,dommage,dommage,3,Suggérée,3,Tristesse,-0.0,0.0,4,Tristesse,0.8113,0.8113,0.8113,False,0.75,lemma_dilutes_surface
spacy,accident,accident,3,Suggérée,3,Peur,-0.0,0.0,4,Peur,0.8113,0.8113,0.8113,False,0.75,lemma_dilutes_surface
spacy,reçu,recevoir,6,Suggérée,6,Fierté,1.0,1.0,8,Fierté,1.8113,0.9056,0.8113,False,0.75,lemma_dilutes_surface
spacy,tiré,tirer,3,Suggérée,3,Peur,-0.0,0.0,4,Peur,0.8113,0.8113,0.8113,False,0.75,lemma_dilutes_surface
spacy,mis,mettre,5,Comportementale,5,Tristesse,0.971,0.971,16,Colère,1.7806,0.8903,0.8096,True,0.3125,lemma_dilutes_surface
spacy,morts,mort,7,Suggérée,8,Tristesse,1.2988,0.8194,28,Tristesse,2.1017,0.7487,0.8029,False,0.25,lemma_dilutes_surface
spacy,vivent,vivre,4,Suggérée,4,Tristesse,1.5,0.9464,12,Tristesse,2.2842,0.8836,0.7842,False,0.3333,lemma_dilutes_surface
spacy,vécue,vivre,4,Suggérée,4,Tristesse,1.5,0.9464,12,Tristesse,2.2842,0.8836,0.7842,False,0.3333,lemma_dilutes_surface
spacy,bonne,bon,14,Suggérée,14,Joie,0.9464,0.5971,43,Joie,1.7293,0.616,0.7829,False,0.3256,lemma_dilutes_surface
spacy,coups,coup,11,Suggérée,11,Peur,1.5726,0.9922,19,Colère,2.3546,0.9109,0.782,True,0.5789,lemma_dilutes_surface
spacy,jours,jour,4,Suggérée,4,Joie,1.5,0.9464,9,Joie,2.281,0.8824,0.781,False,0.4444,lemma_dilutes_surface
spacy,tendues,tendre,6,Suggérée,6,Colère,-0.0,0.0,13,Colère,0.7732,0.4879,0.7732,False,0.4615,lemma_dilutes_surface
spacy,attendre,attendre,3,Suggérée,3,Joie,0.9183,0.9183,10,Surprise,1.6855,0.8427,0.7672,True,0.3,lemma_dilutes_surface
spacy,grande,grand,8,Suggérée,8,Joie,1.75,0.875,25,Joie,2.5125,0.895,0.7625,False,0.32,lemma_dilutes_surface
spacy,choquée,choquer,3,Désignée,3,Surprise,0.9183,0.9183,50,Surprise,1.6617,0.8309,0.7434,False,0.06,lemma_dilutes_surface
spacy,effondrée,effondrer,1,Désignée,3,Peur,1.585,1.0,7,Peur,0.8631,0.8631,-0.7219,False,0.1429,lemma_reveals_family
spacy,rigole,rigol,4,Comportementale,5,Joie,0.7219,0.7219,4,Joie,-0.0,0.0,-0.7219,False,1.0,lemma_reveals_family
spacy,pauvre,pauvre,5,Montrée,5,Tristesse,0.7219,0.7219,11,Tristesse,1.4354,0.9056,0.7135,False,0.4545,lemma_dilutes_surface
spacy,pris,prendre,7,Suggérée,7,Peur,1.3788,0.8699,22,Peur,2.0876,0.8076,0.7088,False,0.3182,lemma_dilutes_surface
spacy,choqués,choquer,5,Désignée,5,Surprise,0.971,0.971,50,Surprise,1.6617,0.8309,0.6907,False,0.1,lemma_dilutes_surface
spacy,choquant,choquer,5,Désignée,5,Colère,0.971,0.971,50,Surprise,1.6617,0.8309,0.6907,True,0.1,lemma_dilutes_surface
spacy,quelle,quel,1,Montrée,4,Joie,1.5,0.9464,4,Joie,0.8113,0.8113,-0.6887,False,0.25,lemma_reveals_family
spacy,oeil,oeil,6,Suggérée,6,Colère,1.7925,0.8962,16,Surprise,2.4772,0.8824,0.6847,True,0.375,lemma_dilutes_surface
spacy,new,new,5,Suggérée,5,Joie,0.7219,0.7219,7,Joie,1.3788,0.8699,0.6569,False,0.7143,lemma_dilutes_surface
spacy,perdre,perdre,3,Suggérée,3,Peur,0.9183,0.9183,14,Tristesse,1.5744,0.7872,0.6561,True,0.2143,lemma_dilutes_surface
spacy,perdrait,perdre,3,Suggérée,3,Tristesse,0.9183,0.9183,14,Tristesse,1.5744,0.7872,0.6561,False,0.2143,lemma_dilutes_surface
spacy,rendre,rendre,5,Comportementale,5,Tristesse,0.971,0.971,12,Tristesse,1.6258,0.8129,0.6548,False,0.4167,lemma_dilutes_surface
spacy,encourager,encourager,4,Suggérée,4,Joie,-0.0,0.0,6,Joie,0.65,0.65,0.65,False,0.6667,lemma_dilutes_surface
spacy,déçus,décevoir,4,Désignée,4,Tristesse,-0.0,0.0,6,Tristesse,0.65,0.65,0.65,False,0.6667,lemma_dilutes_surface
spacy,oppose,opposer,1,Comportementale,3,Colère,-0.0,0.0,6,Colère,0.65,0.65,0.65,False,0.1667,lemma_dilutes_surface
spacy,regarde,regarder,4,Montrée,5,Colère,0.7219,0.7219,5,Colère,1.371,0.865,0.6491,False,0.8,lemma_dilutes_surface
spacy,embête,embêter,1,Montrée,6,Tristesse,1.4591,0.9206,4,Tristesse,0.8113,0.8113,-0.6478,False,0.25,lemma_reveals_family
spacy,agression,agression,3,Suggérée,3,Tristesse,0.9183,0.9183,8,Peur,1.5613,0.9851,0.643,True,0.375,lemma_dilutes_surface
spacy,remporter,remporter,8,Suggérée,8,Joie,0.8113,0.8113,29,Joie,1.4542,0.7271,0.6429,False,0.2759,lemma_dilutes_surface
spacy,souriant,sourire,4,Comportementale,4,Joie,-0.0,0.0,17,Joie,0.6402,0.4039,0.6402,False,0.2353,lemma_dilutes_surface
spacy,pleurer,pleurer,19,Comportementale,19,Tristesse,0.4855,0.4855,45,Tristesse,1.1245,0.7095,0.639,False,0.4222,lemma_dilutes_surface
spacy,enfermés,enfermer,3,Suggérée,3,Peur,0.9183,0.9183,7,Tristesse,1.5567,0.9821,0.6384,True,0.4286,lemma_dilutes_surface
spacy,enfermer,enfermer,3,Comportementale,3,Tristesse,0.9183,0.9183,7,Tristesse,1.5567,0.9821,0.6384,False,0.4286,lemma_dilutes_surface
spacy,faudrait,falloir,4,Suggérée,4,Tristesse,1.5,0.9464,17,Colère,2.1334,0.9188,0.6334,True,0.2353,lemma_dilutes_surface
spacy,prendre,prendre,6,Suggérée,6,Colère,1.4591,0.9206,22,Peur,2.0876,0.8076,0.6285,True,0.2727,lemma_dilutes_surface
spacy,amusante,amusant,3,Désignée,3,Joie,-0.0,0.0,13,Joie,0.6194,0.6194,0.6194,False,0.2308,lemma_dilutes_surface
spacy,arrêter,arrêter,9,Montrée,9,Colère,0.9864,0.6224,21,Colère,1.6005,0.8002,0.6141,False,0.4286,lemma_dilutes_surface
spacy,fous,fou,6,Suggérée,6,Peur,1.7925,0.8962,23,Colère,2.4013,0.8553,0.6088,True,0.2609,lemma_dilutes_surface
spacy,entrez,entrer,2,Suggérée,3,Joie,0.9183,0.9183,5,Colère,1.5219,0.9602,0.6036,True,0.4,lemma_dilutes_surface
spacy,filles,fille,3,Suggérée,3,Tristesse,0.9183,0.9183,5,Surprise,1.5219,0.9602,0.6036,True,0.6,lemma_dilutes_surface
spacy,subissent,subir,3,Désignée,3,Tristesse,-0.0,0.0,7,Tristesse,0.5917,0.5917,0.5917,False,0.4286,lemma_dilutes_surface
spacy,critique,critique,8,Comportementale,8,Colère,-0.0,0.0,14,Colère,0.5917,0.5917,0.5917,False,0.5714,lemma_dilutes_surface
spacy,voir,voir,11,Suggérée,11,Colère,2.1181,0.9122,29,Colère,2.7091,0.8546,0.591,False,0.3793,lemma_dilutes_surface
spacy,danseuse,danseur,4,Suggérée,5,Joie,1.371,0.865,10,Joie,1.961,0.8445,0.59,False,0.4,lemma_dilutes_surface
spacy,point,point,4,Montrée,4,Surprise,1.0,1.0,6,Colère,1.585,1.0,0.585,True,0.6667,lemma_dilutes_surface
spacy,baissant,baisser,3,Comportementale,3,Peur,0.9183,0.9183,4,Peur,1.5,0.9464,0.5817,False,0.75,lemma_dilutes_surface
spacy,rate,rat,3,Suggérée,3,Tristesse,0.9183,0.9183,4,Tristesse,1.5,0.9464,0.5817,False,0.75,lemma_dilutes_surface
spacy,torturés,torturer,3,Suggérée,3,Peur,0.9183,0.9183,4,Peur,1.5,0.9464,0.5817,False,0.75,lemma_dilutes_surface
spacy,ose,ose,3,Suggérée,4,Embarras,1.5,0.9464,3,Embarras,0.9183,0.9183,-0.5817,False,1.0,lemma_reveals_family
spacy,sais,savoir,1,Suggérée,5,Colère,1.9219,0.961,10,Colère,1.3568,0.6784,-0.5651,False,0.1,lemma_reveals_family
spacy,quitté,quitter,4,Comportementale,5,Peur,1.371,0.865,16,Peur,0.8113,0.8113,-0.5597,False,0.25,lemma_reveals_family
spacy,place,place,4,Comportementale,4,Colère,0.8113,0.8113,5,Colère,1.371,0.865,0.5597,False,0.8,lemma_dilutes_surface
spacy,mots,mot,4,Suggérée,4,Joie,1.5,0.9464,9,Joie,2.0588,0.8867,0.5588,False,0.4444,lemma_dilutes_surface
spacy,sent,sentir,3,Suggérée,4,Joie,1.5,0.9464,9,Joie,2.0588,0.8867,0.5588,False,0.3333,lemma_dilutes_surface
spacy,battre,battre,2,Suggérée,5,Colère,1.9219,0.961,5,Colère,1.371,0.865,-0.5509,False,0.4,lemma_reveals_family
spacy,arrive,arriver,4,Montrée,4,Surprise,1.5,0.9464,10,Surprise,2.0464,0.8814,0.5464,False,0.4,lemma_dilutes_surface
spacy,tranquille,tranquille,7,Montrée,7,Colère,-0.0,0.0,8,Colère,0.5436,0.5436,0.5436,False,0.875,lemma_dilutes_surface
spacy,enfuir,enfuir,3,Comportementale,3,Peur,-0.0,0.0,8,Peur,0.5436,0.5436,0.5436,False,0.375,lemma_dilutes_surface
spacy,mauvais,mauvais,7,Suggérée,7,Colère,1.1488,0.7248,21,Colère,1.6909,0.8455,0.5421,False,0.3333,lemma_dilutes_surface
spacy,demander,demander,3,Suggérée,3,Colère,0.9183,0.9183,6,Colère,1.4591,0.9206,0.5408,False,0.5,lemma_dilutes_surface
spacy,mot,mot,5,Comportementale,5,Joie,1.5219,0.9602,9,Joie,2.0588,0.8867,0.5369,False,0.5556,lemma_dilutes_surface
spacy,remportée,remporter,3,Suggérée,3,Joie,0.9183,0.9183,29,Joie,1.4542,0.7271,0.5359,False,0.1034,lemma_dilutes_surface
spacy,fou,fou,14,Montrée,14,Colère,1.8703,0.8055,23,Colère,2.4013,0.8553,0.531,False,0.6087,lemma_dilutes_surface
spacy,menacent,menacer,7,Désignée,7,Peur,-0.0,0.0,67,Peur,0.5276,0.5276,0.5276,False,0.1045,lemma_dilutes_surface
spacy,menaçait,menacer,4,Désignée,4,Peur,-0.0,0.0,67,Peur,0.5276,0.5276,0.5276,False,0.0597,lemma_dilutes_surface
spacy,menacée,menacer,3,Désignée,3,Peur,-0.0,0.0,67,Peur,0.5276,0.5276,0.5276,False,0.0448,lemma_dilutes_surface
spacy,menacés,menacer,6,Désignée,6,Peur,-0.0,0.0,67,Peur,0.5276,0.5276,0.5276,False,0.0896,lemma_dilutes_surface
spacy,heure,heure,4,Suggérée,4,Joie,1.0,1.0,5,Joie,1.5219,0.9602,0.5219,False,0.8,lemma_dilutes_surface
spacy,aucune,aucun,4,Suggérée,4,Colère,1.0,1.0,5,Colère,1.5219,0.9602,0.5219,False,0.8,lemma_dilutes_surface
spacy,piles,pile,8,Montrée,8,Peur,1.0,1.0,10,Peur,1.5219,0.9602,0.5219,False,0.8,lemma_dilutes_surface
spacy,yeux,oeil,10,Comportementale,10,Surprise,1.961,0.8445,16,Surprise,2.4772,0.8824,0.5162,False,0.625,lemma_dilutes_surface
spacy,grandes,grand,4,Suggérée,4,Colère,2.0,1.0,25,Joie,2.5125,0.895,0.5125,True,0.16,lemma_dilutes_surface
spacy,difficiles,difficile,10,Suggérée,10,Peur,1.5219,0.9602,27,Tristesse,2.0265,0.7839,0.5046,True,0.3704,lemma_dilutes_surface
spacy,gueule,gueul,5,Montrée,9,Colère,0.5033,0.5033,5,Colère,-0.0,0.0,-0.5033,False,1.0,lemma_reveals_family
spacy,laissez,laisser,2,Suggérée,3,Colère,0.9183,0.9183,12,Colère,1.4183,0.7091,0.5,False,0.1667,lemma_dilutes_surface
spacy,violent,violent,1,Suggérée,9,Peur,0.5033,0.5033,13,Peur,0.9913,0.6254,0.488,False,0.0769,lemma_dilutes_surface
spacy,violent,violer,8,Suggérée,9,Peur,0.5033,0.5033,9,Peur,0.9864,0.6224,0.4831,False,0.8889,lemma_dilutes_surface
spacy,senti,sentir,3,Comportementale,3,Peur,1.585,1.0,9,Joie,2.0588,0.8867,0.4738,True,0.3333,lemma_dilutes_surface
spacy,affrontés,affronter,3,Comportementale,3,Colère,-0.0,0.0,10,Colère,0.469,0.469,0.469,False,0.3,lemma_dilutes_surface
spacy,vs,v,9,Montrée,9,Colère,-0.0,0.0,10,Colère,0.469,0.469,0.469,False,0.9,backend_artifact
spacy,incroyable,incroyable,7,Désignée,7,Surprise,-0.0,0.0,10,Surprise,0.469,0.469,0.469,False,0.7,lemma_dilutes_surface
spacy,affrontent,affronter,3,Comportementale,3,Colère,-0.0,0.0,10,Colère,0.469,0.469,0.469,False,0.3,lemma_dilutes_surface
spacy,records,record,5,Suggérée,5,Fierté,1.5219,0.9602,21,Fierté,1.9814,0.9907,0.4595,False,0.2381,lemma_dilutes_surface
spacy,jouer,jouer,5,Montrée,5,Colère,1.5219,0.9602,9,Joie,1.9749,0.9875,0.453,True,0.5556,lemma_dilutes_surface
spacy,gronder,gronder,3,Suggérée,3,Colère,0.9183,0.9183,5,Colère,1.371,0.865,0.4527,False,0.6,lemma_dilutes_surface
spacy,mariés,marier,1,Suggérée,3,Tristesse,0.9183,0.9183,5,Joie,1.371,0.865,0.4527,True,0.2,lemma_dilutes_surface
spacy,harceler,harceler,3,Suggérée,3,Colère,0.9183,0.9183,10,Tristesse,1.371,0.865,0.4527,True,0.3,lemma_dilutes_surface
spacy,graves,grave,7,Suggérée,7,Colère,1.3788,0.8699,36,Peur,1.8307,0.7884,0.4519,True,0.1944,lemma_dilutes_surface
spacy,affronter,affronter,3,Comportementale,3,Colère,0.9183,0.9183,10,Colère,0.469,0.469,-0.4493,False,0.3,lemma_reveals_family
spacy,incroyables,incroyable,3,Désignée,3,Surprise,0.9183,0.9183,10,Surprise,0.469,0.469,-0.4493,False,0.3,lemma_reveals_family
spacy,impressionné,impressionner,4,Désignée,4,Admiration,1.5,0.9464,23,Surprise,1.946,0.8381,0.446,True,0.1739,lemma_dilutes_surface
spacy,marrantes,marrant,3,Désignée,3,Joie,-0.0,0.0,11,Joie,0.4395,0.4395,0.4395,False,0.2727,lemma_dilutes_surface
spacy,aimerais,aimer,4,Montrée,5,Colère,1.9219,0.961,19,Tristesse,2.3598,0.9129,0.4379,True,0.2105,lemma_dilutes_surface
spacy,respecter,respecter,5,Suggérée,5,Colère,0.7219,0.7219,10,Colère,1.1568,0.7298,0.4349,False,0.5,lemma_dilutes_surface
spacy,renvoyé,renvoyer,5,Suggérée,5,Tristesse,0.971,0.971,8,Peur,1.4056,0.8869,0.4346,True,0.625,lemma_dilutes_surface
spacy,croit,croire,1,Montrée,6,Colère,1.4591,0.9206,13,Surprise,1.892,0.8148,0.4329,True,0.0769,lemma_dilutes_surface
spacy,protestent,protester,4,Comportementale,4,Colère,-0.0,0.0,29,Colère,0.431,0.2719,0.431,False,0.1379,lemma_dilutes_surface
spacy,protester,protester,18,Comportementale,18,Colère,-0.0,0.0,29,Colère,0.431,0.2719,0.431,False,0.6207,lemma_dilutes_surface
spacy,partir,partir,5,Suggérée,5,Tristesse,0.7219,0.7219,7,Tristesse,1.1488,0.7248,0.4269,False,0.7143,lemma_dilutes_surface
spacy,belle,bel,5,Suggérée,5,Joie,0.7219,0.7219,7,Joie,1.1488,0.7248,0.4269,False,0.7143,lemma_dilutes_surface
spacy,prend,prendre,7,Suggérée,7,Colère,1.6645,0.8322,22,Peur,2.0876,0.8076,0.4231,True,0.3182,lemma_dilutes_surface
spacy,important,important,4,Suggérée,4,Fierté,1.5,0.9464,5,Fierté,1.9219,0.961,0.4219,False,0.8,lemma_dilutes_surface
spacy,battu,battu,4,Suggérée,4,Joie,1.5,0.9464,5,Joie,1.9219,0.961,0.4219,False,0.8,lemma_dilutes_surface
spacy,blague,blagu,5,Montrée,6,Colère,1.7925,0.8962,5,Colère,1.371,0.865,-0.4215,False,1.0,lemma_reveals_family
spacy,conflits,conflit,4,Suggérée,4,Colère,0.8113,0.8113,13,Colère,0.3912,0.3912,-0.4201,False,0.3077,lemma_reveals_family
spacy,devenir,devenir,4,Suggérée,4,Joie,1.5,0.9464,6,Joie,1.9183,0.9591,0.4183,False,0.6667,lemma_dilutes_surface
spacy,travailler,travailler,10,Comportementale,10,Colère,0.469,0.469,11,Colère,0.8659,0.5463,0.3969,False,0.9091,lemma_dilutes_surface
spacy,dur,dur,10,Suggérée,10,Tristesse,1.1568,0.7298,12,Tristesse,1.5511,0.7755,0.3943,False,0.8333,lemma_dilutes_surface
spacy,réussi,réussir,13,Suggérée,13,Joie,2.2578,0.9724,19,Joie,2.6498,0.9439,0.392,False,0.6842,lemma_dilutes_surface
spacy,cru,croire,4,Suggérée,4,Colère,1.5,0.9464,13,Surprise,1.892,0.8148,0.392,True,0.3077,lemma_dilutes_surface
spacy,conflit,conflit,9,Comportementale,9,Colère,-0.0,0.0,13,Colère,0.3912,0.3912,0.3912,False,0.6923,lemma_dilutes_surface
spacy,mere,mere,11,Montrée,11,Colère,-0.0,0.0,13,Colère,0.3912,0.3912,0.3912,False,0.8462,lemma_dilutes_surface
spacy,empêcher,empêcher,5,Suggérée,5,Joie,1.5219,0.9602,8,Peur,1.9056,0.9528,0.3837,True,0.625,lemma_dilutes_surface
spacy,danseurs,danseur,3,Suggérée,3,Admiration,1.585,1.0,10,Joie,1.961,0.8445,0.376,True,0.3,lemma_dilutes_surface
spacy,danseur,danseur,3,Suggérée,3,Joie,1.585,1.0,10,Joie,1.961,0.8445,0.376,False,0.3,lemma_dilutes_surface
spacy,riant,rire,3,Comportementale,3,Joie,-0.0,0.0,14,Joie,0.3712,0.3712,0.3712,False,0.2143,lemma_dilutes_surface
spacy,rit,rire,4,Comportementale,4,Joie,-0.0,0.0,14,Joie,0.3712,0.3712,0.3712,False,0.2857,lemma_dilutes_surface
spacy,insultent,insulter,3,Suggérée,3,Colère,1.585,1.0,23,Colère,1.2145,0.7663,-0.3705,False,0.1304,lemma_reveals_family
spacy,histoire,histoire,6,Suggérée,6,Fierté,1.585,1.0,7,Fierté,1.9502,0.9751,0.3652,False,0.8571,lemma_dilutes_surface
spacy,parle,parle,5,Montrée,8,Colère,2.1556,0.9284,6,Colère,1.7925,0.8962,-0.3631,False,0.8333,lemma_reveals_family
spacy,vivre,vivre,4,Suggérée,5,Colère,1.9219,0.961,12,Tristesse,2.2842,0.8836,0.3623,True,0.3333,lemma_dilutes_surface
spacy,premier,premier,4,Suggérée,4,Colère,2.0,1.0,19,Joie,2.3598,0.9129,0.3598,True,0.2105,lemma_dilutes_surface
spacy,aime,aimer,4,Suggérée,4,Colère,2.0,1.0,19,Tristesse,2.3598,0.9129,0.3598,True,0.2105,lemma_dilutes_surface
spacy,aimer,aimer,4,Suggérée,4,Colère,2.0,1.0,19,Tristesse,2.3598,0.9129,0.3598,True,0.2105,lemma_dilutes_surface
spacy,jour,jour,5,Suggérée,5,Joie,1.9219,0.961,9,Joie,2.281,0.8824,0.3591,False,0.5556,lemma_dilutes_surface
spacy,laisser,laisser,8,Suggérée,8,Colère,1.0613,0.6696,12,Colère,1.4183,0.7091,0.357,False,0.6667,lemma_dilutes_surface
spacy,tuer,tuer,7,Suggérée,7,Colère,1.3788,0.8699,30,Peur,1.7311,0.8656,0.3523,True,0.2333,lemma_dilutes_surface
spacy,grosse,gros,16,Montrée,16,Colère,1.1982,0.756,44,Colère,1.5492,0.6672,0.351,False,0.3636,lemma_dilutes_surface
spacy,porter,porter,5,Comportementale,5,Colère,1.9219,0.961,10,Colère,1.571,0.7855,-0.3509,False,0.5,lemma_reveals_family
spacy,drôles,drôle,5,Suggérée,5,Surprise,0.971,0.971,47,Surprise,1.3148,0.6574,0.3438,False,0.1064,lemma_dilutes_surface
spacy,suffit,suffire,6,Suggérée,7,Colère,1.1488,0.7248,8,Colère,0.8113,0.8113,-0.3375,False,0.75,lemma_reveals_family
spacy,refuse,refuser,9,Comportementale,9,Colère,-0.0,0.0,16,Colère,0.3373,0.3373,0.3373,False,0.5625,lemma_dilutes_surface
spacy,refusé,refuser,3,Comportementale,3,Colère,-0.0,0.0,16,Colère,0.3373,0.3373,0.3373,False,0.1875,lemma_dilutes_surface
spacy,battre,battr,3,Comportementale,5,Colère,1.9219,0.961,3,Embarras,1.585,1.0,-0.3369,True,1.0,lemma_reveals_family
spacy,prestigieuse,prestigieux,3,Suggérée,3,Admiration,1.585,1.0,6,Admiration,1.2516,0.7897,-0.3334,False,0.5,lemma_reveals_family
spacy,arraché,arracher,3,Suggérée,3,Colère,1.585,1.0,6,Colère,1.9183,0.9591,0.3333,False,0.5,lemma_dilutes_surface
spacy,mettre,mettre,7,Comportementale,7,Colère,1.4488,0.9141,16,Colère,1.7806,0.8903,0.3318,False,0.4375,lemma_dilutes_surface
spacy,réfugier,réfugier,7,Comportementale,7,Peur,0.5917,0.5917,10,Peur,0.9219,0.5817,0.3302,False,0.7,lemma_dilutes_surface
spacy,impressionnant,impressionner,11,Désignée,11,Surprise,1.6172,0.8086,23,Surprise,1.946,0.8381,0.3288,False,0.4783,lemma_dilutes_surface
spacy,subir,subir,3,Désignée,3,Tristesse,0.9183,0.9183,7,Tristesse,0.5917,0.5917,-0.3266,False,0.4286,lemma_reveals_family
spacy,critiques,critique,6,Comportementale,6,Colère,0.9183,0.9183,14,Colère,0.5917,0.5917,-0.3266,False,0.4286,lemma_reveals_family
spacy,tués,tuer,8,Suggérée,8,Peur,1.4056,0.8869,30,Peur,1.7311,0.8656,0.3255,False,0.2667,lemma_dilutes_surface
spacy,guerres,guerre,3,Suggérée,3,Colère,1.585,1.0,37,Peur,1.273,0.8032,-0.312,True,0.0811,lemma_reveals_family
spacy,gagnera,gagner,4,Comportementale,4,Fierté,1.0,1.0,31,Joie,1.3054,0.6527,0.3054,True,0.129,lemma_dilutes_surface
spacy,bon,bon,25,Suggérée,25,Joie,2.0317,0.7237,43,Joie,1.7293,0.616,-0.3024,False,0.5814,lemma_reveals_family
spacy,inquiet,inquiet,6,Désignée,6,Peur,-0.0,0.0,56,Peur,0.3014,0.3014,0.3014,False,0.1071,lemma_dilutes_surface
spacy,inquiets,inquiet,14,Désignée,14,Peur,-0.0,0.0,56,Peur,0.3014,0.3014,0.3014,False,0.25,lemma_dilutes_surface
spacy,meilleure,meilleur,5,Suggérée,5,Joie,0.971,0.971,16,Fierté,1.2718,0.8024,0.3008,True,0.3125,lemma_dilutes_surface
spacy,horribles,horrible,3,Désignée,3,Dégoût,1.585,1.0,15,Peur,1.2867,0.8118,-0.2983,True,0.2,lemma_reveals_family
spacy,accusés,accuser,6,Comportementale,6,Colère,-0.0,0.0,69,Colère,0.2979,0.188,0.2979,False,0.087,lemma_dilutes_surface
spacy,accusait,accuser,4,Comportementale,4,Colère,-0.0,0.0,69,Colère,0.2979,0.188,0.2979,False,0.058,lemma_dilutes_surface
spacy,accusée,accuser,6,Comportementale,6,Colère,-0.0,0.0,69,Colère,0.2979,0.188,0.2979,False,0.087,lemma_dilutes_surface
spacy,accusant,accuser,4,Comportementale,4,Colère,-0.0,0.0,69,Colère,0.2979,0.188,0.2979,False,0.058,lemma_dilutes_surface
spacy,accuser,accuser,3,Comportementale,3,Colère,-0.0,0.0,69,Colère,0.2979,0.188,0.2979,False,0.0435,lemma_dilutes_surface
spacy,insulté,insulter,6,Désignée,6,Embarras,0.9183,0.9183,23,Colère,1.2145,0.7663,0.2962,True,0.2609,lemma_dilutes_surface
spacy,rendu,rendre,5,Suggérée,5,Admiration,1.9219,0.961,12,Tristesse,1.6258,0.8129,-0.2961,True,0.4167,lemma_reveals_family
spacy,petits,petit,4,Suggérée,4,Joie,1.5,0.9464,16,Joie,1.7947,0.773,0.2947,False,0.25,lemma_dilutes_surface
spacy,disparu,disparaître,2,Suggérée,6,Peur,1.7925,0.8962,4,Tristesse,1.5,0.9464,-0.2925,True,0.5,lemma_reveals_family
spacy,protesté,protester,5,Comportementale,5,Colère,0.7219,0.7219,29,Colère,0.431,0.2719,-0.2909,False,0.1724,lemma_reveals_family
spacy,difficile,difficile,17,Suggérée,17,Tristesse,1.736,0.7477,27,Tristesse,2.0265,0.7839,0.2905,False,0.6296,lemma_dilutes_surface
spacy,fuient,fuir,17,Comportementale,17,Peur,0.5226,0.5226,52,Peur,0.2352,0.2352,-0.2874,False,0.3269,lemma_reveals_family
spacy,horrible,horrible,12,Désignée,12,Peur,1.0,1.0,15,Peur,1.2867,0.8118,0.2867,False,0.8,lemma_dilutes_surface
spacy,souffrent,souffrir,3,Désignée,3,Tristesse,-0.0,0.0,20,Tristesse,0.2864,0.2864,0.2864,False,0.15,lemma_dilutes_surface
spacy,rues,rue,4,Comportementale,4,Colère,0.8113,0.8113,11,Colère,1.0958,0.6914,0.2845,False,0.3636,lemma_dilutes_surface
spacy,menaçant,menacer,4,Désignée,4,Peur,0.8113,0.8113,67,Peur,0.5276,0.5276,-0.2837,False,0.0597,lemma_reveals_family
spacy,exploits,exploit,5,Suggérée,5,Admiration,1.9219,0.961,19,Admiration,1.6393,0.8197,-0.2826,False,0.2632,lemma_reveals_family
spacy,parler,parler,11,Montrée,11,Colère,1.6729,0.7205,14,Colère,1.9502,0.7544,0.2773,False,0.7857,lemma_dilutes_surface
spacy,championne,champion,8,Suggérée,8,Fierté,1.0,1.0,16,Fierté,1.2718,0.8024,0.2718,False,0.5,lemma_dilutes_surface
spacy,insulter,insulter,11,Comportementale,11,Colère,0.9457,0.9457,23,Colère,1.2145,0.7663,0.2688,False,0.4783,lemma_dilutes_surface
spacy,violentes,violent,6,Suggérée,6,Peur,1.2516,0.7897,13,Peur,0.9913,0.6254,-0.2603,False,0.4615,lemma_reveals_family
spacy,juive,juif,4,Montrée,4,Colère,1.5,0.9464,8,Colère,1.75,0.875,0.25,False,0.5,lemma_dilutes_surface
spacy,famille,famille,6,Suggérée,6,Joie,1.2516,0.7897,8,Joie,1.5,0.9464,0.2484,False,0.75,lemma_dilutes_surface
spacy,victimes,victime,16,Suggérée,16,Colère,1.5613,0.9851,36,Tristesse,1.8071,0.9035,0.2458,True,0.4444,lemma_dilutes_surface
spacy,mourir,mourir,6,Suggérée,6,Peur,1.0,1.0,19,Peur,1.2448,0.7854,0.2448,False,0.3158,lemma_dilutes_surface
spacy,étonnante,étonnant,10,Désignée,10,Surprise,-0.0,0.0,25,Surprise,0.2423,0.2423,0.2423,False,0.4,lemma_dilutes_surface
spacy,attaquer,attaquer,8,Suggérée,8,Peur,0.9544,0.9544,24,Peur,1.1964,0.7549,0.242,False,0.3333,lemma_dilutes_surface
spacy,mort,mort,17,Suggérée,17,Tristesse,2.3433,0.8347,28,Tristesse,2.1017,0.7487,-0.2416,False,0.6071,lemma_reveals_family
spacy,tué,tué,1,Montrée,13,Colère,1.8262,0.9131,3,Colère,1.585,1.0,-0.2412,False,0.3333,lemma_reveals_family
spacy,respecté,respecter,3,Suggérée,3,Admiration,0.9183,0.9183,10,Colère,1.1568,0.7298,0.2385,True,0.3,lemma_dilutes_surface
spacy,fui,fuir,13,Comportementale,13,Peur,-0.0,0.0,52,Peur,0.2352,0.2352,0.2352,False,0.25,lemma_dilutes_surface
spacy,fuir,fuir,22,Comportementale,22,Peur,-0.0,0.0,52,Peur,0.2352,0.2352,0.2352,False,0.4231,lemma_dilutes_surface
spacy,fort,fort,5,Suggérée,5,Peur,1.9219,0.961,8,Colère,2.1556,0.9284,0.2337,True,0.625,lemma_dilutes_surface
spacy,mauvaise,mauvais,6,Suggérée,6,Tristesse,1.4591,0.9206,21,Colère,1.6909,0.8455,0.2318,True,0.2857,lemma_dilutes_surface
spacy,champion,champion,4,Suggérée,4,Fierté,1.5,0.9464,16,Fierté,1.2718,0.8024,-0.2282,False,0.25,lemma_reveals_family
spacy,insulte,insulter,1,Comportementale,9,Colère,0.9911,0.9911,23,Colère,1.2145,0.7663,0.2234,False,0.0435,lemma_dilutes_surface
spacy,attaques,attaque,5,Suggérée,5,Peur,1.371,0.865,7,Peur,1.1488,0.7248,-0.2222,False,0.7143,lemma_reveals_family
spacy,mariage,mariage,5,Suggérée,7,Joie,1.1488,0.7248,5,Joie,1.371,0.865,0.2222,False,1.0,lemma_dilutes_surface
spacy,tristes,triste,7,Désignée,7,Tristesse,-0.0,0.0,29,Tristesse,0.2164,0.2164,0.2164,False,0.2414,lemma_dilutes_surface
spacy,mauvaises,mauvais,8,Suggérée,8,Colère,1.9056,0.9528,21,Colère,1.6909,0.8455,-0.2147,False,0.381,lemma_reveals_family
spacy,venir,venir,6,Suggérée,6,Colère,2.585,1.0,10,Colère,2.371,0.9172,-0.214,False,0.6,lemma_reveals_family
spacy,réduites,réduire,2,Suggérée,3,Colère,1.585,1.0,5,Tristesse,1.371,0.865,-0.214,True,0.4,lemma_reveals_family
spacy,tête,tête,4,Comportementale,4,Colère,2.0,1.0,6,Peur,1.7925,0.8962,-0.2075,True,0.6667,lemma_reveals_family
spacy,seul,seul,4,Suggérée,4,Colère,2.0,1.0,6,Tristesse,1.7925,0.8962,-0.2075,True,0.6667,lemma_reveals_family
spacy,parle,parler,2,Suggérée,8,Colère,2.1556,0.9284,14,Colère,1.9502,0.7544,-0.2054,False,0.1429,lemma_reveals_family
spacy,rejetés,rejeter,4,Suggérée,4,Tristesse,1.5,0.9464,8,Tristesse,1.2988,0.8194,-0.2012,False,0.5,lemma_reveals_family
spacy,nouvelle,nouveau,5,Suggérée,5,Joie,0.7219,0.7219,10,Joie,0.9219,0.5817,0.2,False,0.5,lemma_dilutes_surface
spacy,accusé,accuser,23,Comportementale,24,Colère,0.4972,0.3137,69,Colère,0.2979,0.188,-0.1993,False,0.3333,lemma_reveals_family
spacy,coup,coup,8,Suggérée,8,Joie,2.1556,0.9284,19,Colère,2.3546,0.9109,0.199,True,0.4211,lemma_dilutes_surface
spacy,dansé,danser,3,Suggérée,7,Joie,0.8631,0.8631,8,Joie,1.0613,0.6696,0.1982,False,0.375,lemma_dilutes_surface
spacy,première,premier,13,Suggérée,13,Joie,2.162,0.9311,19,Joie,2.3598,0.9129,0.1978,False,0.6842,lemma_dilutes_surface
spacy,pleuré,pleurer,11,Comportementale,11,Tristesse,1.3222,0.8342,45,Tristesse,1.1245,0.7095,-0.1977,False,0.2444,lemma_reveals_family
spacy,photos,photo,5,Montrée,5,Colère,0.7219,0.7219,6,Colère,0.9183,0.9183,0.1964,False,0.8333,lemma_dilutes_surface
spacy,angoissé,angoisser,3,Désignée,3,Peur,0.9183,0.9183,5,Peur,0.7219,0.7219,-0.1964,False,0.6,lemma_reveals_family
spacy,gagnent,gagner,4,Suggérée,4,Joie,1.5,0.9464,31,Joie,1.3054,0.6527,-0.1946,False,0.129,lemma_reveals_family
spacy,menacé,menacer,10,Désignée,10,Peur,0.7219,0.7219,67,Peur,0.5276,0.5276,-0.1943,False,0.1493,lemma_reveals_family
spacy,amusant,amusant,8,Désignée,8,Joie,0.8113,0.8113,13,Joie,0.6194,0.6194,-0.1919,False,0.6154,lemma_reveals_family
spacy,manifestation,manifestation,7,Comportementale,7,Colère,-0.0,0.0,70,Colère,0.1872,0.1872,0.1872,False,0.1,lemma_dilutes_surface
spacy,sourire,sourire,9,Comportementale,12,Joie,0.8167,0.5153,17,Joie,0.6402,0.4039,-0.1765,False,0.5294,lemma_reveals_family
spacy,insultes,insulte,16,Désignée,16,Embarras,0.8684,0.5479,24,Embarras,1.0434,0.6583,0.175,False,0.6667,lemma_dilutes_surface
spacy,menace,menacer,21,Désignée,21,Peur,0.7025,0.7025,67,Peur,0.5276,0.5276,-0.1749,False,0.3134,lemma_reveals_family
spacy,mains,main,5,Comportementale,5,Joie,1.9219,0.961,8,Joie,1.75,0.875,-0.1719,False,0.625,lemma_reveals_family
spacy,maison,maison,6,Suggérée,6,Peur,1.9183,0.9591,8,Peur,1.75,0.875,-0.1683,False,0.75,lemma_reveals_family
spacy,malade,malade,7,Suggérée,7,Peur,2.1281,0.9165,10,Peur,1.961,0.8445,-0.1671,False,0.7,lemma_reveals_family
spacy,souvenir,souvenir,6,Suggérée,6,Joie,0.65,0.65,8,Joie,0.8113,0.8113,0.1613,False,0.75,lemma_dilutes_surface
spacy,opposent,opposer,4,Comportementale,4,Colère,0.8113,0.8113,6,Colère,0.65,0.65,-0.1613,False,0.6667,lemma_reveals_family
spacy,manger,manger,4,Suggérée,4,Colère,2.0,1.0,7,Tristesse,1.8424,0.9212,-0.1576,True,0.5714,lemma_reveals_family
spacy,exploit,exploit,14,Suggérée,14,Admiration,1.4838,0.7419,19,Admiration,1.6393,0.8197,0.1555,False,0.7368,lemma_dilutes_surface
spacy,pleurant,pleurer,5,Comportementale,5,Peur,0.971,0.971,45,Tristesse,1.1245,0.7095,0.1535,True,0.1111,lemma_dilutes_surface
spacy,pauvres,pauvre,6,Suggérée,6,Colère,1.585,1.0,11,Tristesse,1.4354,0.9056,-0.1496,True,0.5455,lemma_reveals_family
spacy,gueule,gueule,4,Montrée,9,Colère,0.5033,0.5033,6,Colère,0.65,0.65,0.1467,False,0.6667,lemma_dilutes_surface
spacy,danser,danser,3,Comportementale,3,Joie,0.9183,0.9183,8,Joie,1.0613,0.6696,0.143,False,0.375,lemma_dilutes_surface
spacy,impressionnante,impressionnant,3,Désignée,3,Admiration,1.585,1.0,7,Admiration,1.4488,0.9141,-0.1362,False,0.4286,lemma_reveals_family
spacy,meurent,mourir,7,Suggérée,7,Peur,1.3788,0.8699,19,Peur,1.2448,0.7854,-0.134,False,0.3684,lemma_reveals_family
spacy,victime,victime,20,Suggérée,20,Tristesse,1.6751,0.8376,36,Tristesse,1.8071,0.9035,0.132,False,0.5556,lemma_dilutes_surface
spacy,casse,casser,10,Montrée,10,Colère,0.8813,0.8813,14,Colère,0.7496,0.7496,-0.1317,False,0.7143,lemma_reveals_family
spacy,détruire,détruire,5,Suggérée,5,Peur,1.371,0.865,8,Peur,1.5,0.9464,0.129,False,0.625,lemma_dilutes_surface
spacy,souffrir,souffrir,12,Désignée,12,Tristesse,0.4138,0.4138,20,Tristesse,0.2864,0.2864,-0.1274,False,0.6,lemma_reveals_family
spacy,idée,idée,10,Suggérée,11,Joie,1.3093,0.8261,11,Joie,1.4354,0.9056,0.1261,False,0.9091,lemma_dilutes_surface
spacy,disparu,disparu,4,Suggérée,6,Peur,1.7925,0.8962,6,Peur,1.9183,0.9591,0.1258,False,0.6667,lemma_dilutes_surface
spacy,cacher,cacher,5,Suggérée,5,Colère,0.971,0.971,11,Peur,0.8454,0.8454,-0.1256,True,0.4545,lemma_reveals_family
spacy,moquer,moquer,5,Suggérée,5,Embarras,1.371,0.865,6,Embarras,1.2516,0.7897,-0.1194,False,0.8333,lemma_reveals_family
spacy,violence,violence,12,Suggérée,12,Peur,1.2807,0.808,27,Peur,1.3992,0.8828,0.1185,False,0.4444,lemma_dilutes_surface
spacy,gagné,gagner,20,Suggérée,20,Joie,1.1884,0.7498,31,Joie,1.3054,0.6527,0.117,False,0.6452,lemma_dilutes_surface
spacy,inquiète,inquiet,35,Désignée,36,Peur,0.4138,0.4138,56,Peur,0.3014,0.3014,-0.1124,False,0.625,lemma_reveals_family
spacy,étonnant,étonnant,15,Désignée,15,Surprise,0.3534,0.3534,25,Surprise,0.2423,0.2423,-0.1111,False,0.6,lemma_reveals_family
spacy,moment,moment,5,Suggérée,5,Joie,0.971,0.971,7,Joie,0.8631,0.8631,-0.1079,False,0.7143,lemma_reveals_family
spacy,ronds,rond,3,Comportementale,3,Colère,0.9183,0.9183,4,Colère,0.8113,0.8113,-0.107,False,0.75,lemma_reveals_family
spacy,arabe,arabe,3,Montrée,3,Dégoût,0.9183,0.9183,4,Dégoût,0.8113,0.8113,-0.107,False,0.75,lemma_reveals_family
spacy,amis,ami,4,Suggérée,4,Joie,0.8113,0.8113,6,Joie,0.9183,0.9183,0.107,False,0.6667,lemma_dilutes_surface
spacy,mobilisent,mobiliser,3,Comportementale,3,Colère,0.9183,0.9183,4,Colère,0.8113,0.8113,-0.107,False,0.75,lemma_reveals_family
spacy,droit,droit,3,Suggérée,3,Colère,0.9183,0.9183,4,Colère,0.8113,0.8113,-0.107,False,0.75,lemma_reveals_family
spacy,préoccupations,préoccupation,3,Désignée,3,Tristesse,0.9183,0.9183,4,Tristesse,0.8113,0.8113,-0.107,False,0.75,lemma_reveals_family
spacy,euros,euro,3,Suggérée,3,Joie,0.9183,0.9183,4,Joie,0.8113,0.8113,-0.107,False,0.75,lemma_reveals_family
spacy,quel,quel,3,Montrée,3,Joie,0.9183,0.9183,4,Joie,0.8113,0.8113,-0.107,False,0.75,lemma_reveals_family
spacy,crié,crier,9,Comportementale,9,Peur,2.4194,0.9359,19,Peur,2.3135,0.8241,-0.1059,False,0.4737,lemma_reveals_family
spacy,marrant,marrant,8,Désignée,8,Joie,0.5436,0.5436,11,Joie,0.4395,0.4395,-0.1041,False,0.7273,lemma_reveals_family
spacy,persécutés,persécuté,6,Suggérée,6,Peur,1.2516,0.7897,7,Peur,1.1488,0.7248,-0.1028,False,0.8571,lemma_reveals_family
spacy,sourire,sourir,3,Comportementale,12,Joie,0.8167,0.5153,3,Joie,0.9183,0.9183,0.1016,False,1.0,lemma_dilutes_surface
spacy,passer,passer,5,Suggérée,5,Joie,1.9219,0.961,14,Peur,2.0202,0.8701,0.0983,True,0.3571,dominant_emotion_shift
spacy,tué,tuer,12,Suggérée,13,Colère,1.8262,0.9131,30,Peur,1.7311,0.8656,-0.0951,True,0.4,dominant_emotion_shift
spacy,faut,falloir,11,Montrée,11,Joie,2.0404,0.8787,17,Colère,2.1334,0.9188,0.093,True,0.6471,dominant_emotion_shift
spacy,attentats,attentat,11,Suggérée,11,Peur,1.0958,0.6914,12,Peur,1.1887,0.75,0.0929,False,0.9167,specificity_preserved
spacy,cauchemar,cauchemar,4,Désignée,4,Peur,0.8113,0.8113,5,Peur,0.7219,0.7219,-0.0894,False,0.8,specificity_preserved
spacy,meilleur,meilleur,10,Suggérée,10,Fierté,1.361,0.8587,16,Fierté,1.2718,0.8024,-0.0892,False,0.625,specificity_preserved
spacy,con,con,7,Montrée,7,Colère,0.5917,0.5917,9,Colère,0.5033,0.5033,-0.0884,False,0.7778,specificity_preserved
spacy,sexuelles,sexuel,5,Suggérée,5,Peur,1.371,0.865,6,Peur,1.4591,0.9206,0.0881,False,0.8333,specificity_preserved
spacy,cris,cri,3,Comportementale,3,Colère,1.585,1.0,4,Peur,1.5,0.9464,-0.085,True,0.75,dominant_emotion_shift
spacy,pauvreté,pauvreter,3,Suggérée,4,Peur,1.5,0.9464,3,Colère,1.585,1.0,0.085,True,1.0,dominant_emotion_shift
spacy,excellent,excellent,3,Montrée,3,Admiration,1.585,1.0,4,Admiration,1.5,0.9464,-0.085,False,0.75,specificity_preserved
spacy,sortir,sortir,3,Suggérée,3,Colère,1.585,1.0,4,Colère,1.5,0.9464,-0.085,False,0.75,specificity_preserved
spacy,arme,arme,3,Suggérée,3,Colère,1.585,1.0,4,Peur,1.5,0.9464,-0.085,True,0.75,dominant_emotion_shift
spacy,crie,crie,3,Comportementale,4,Colère,1.5,0.9464,3,Colère,1.585,1.0,0.085,False,1.0,specificity_preserved
spacy,stage,stage,3,Suggérée,3,Joie,1.585,1.0,4,Joie,1.5,0.9464,-0.085,False,0.75,specificity_preserved
spacy,quelle,quell,3,Montrée,4,Joie,1.5,0.9464,3,Admiration,1.585,1.0,0.085,True,1.0,dominant_emotion_shift
spacy,avouait,avouer,3,Suggérée,3,Culpabilité,0.9183,0.9183,4,Culpabilité,1.0,1.0,0.0817,False,0.75,specificity_preserved
spacy,exceptionnel,exceptionnel,4,Désignée,4,Admiration,1.0,1.0,6,Surprise,0.9183,0.9183,-0.0817,True,0.6667,dominant_emotion_shift
spacy,frustrant,frustrer,4,Désignée,4,Colère,1.0,1.0,6,Tristesse,0.9183,0.9183,-0.0817,True,0.6667,dominant_emotion_shift
spacy,cher,cher,10,Suggérée,10,Colère,1.571,0.7855,11,Colère,1.4911,0.7456,-0.0799,False,0.9091,specificity_preserved
spacy,sais,sai,4,Montrée,5,Colère,1.9219,0.961,4,Colère,2.0,1.0,0.0781,False,1.0,specificity_preserved
spacy,chose,chose,10,Suggérée,10,Colère,2.0464,0.8814,11,Colère,1.9717,0.8492,-0.0747,False,0.9091,specificity_preserved
spacy,violente,violent,3,Suggérée,3,Peur,0.9183,0.9183,13,Peur,0.9913,0.6254,0.073,False,0.2308,specificity_preserved
spacy,plaint,plaindre,3,Comportementale,3,Colère,1.585,1.0,9,Colère,1.6577,0.8289,0.0727,False,0.3333,specificity_preserved
spacy,échapper,échapper,5,Comportementale,5,Peur,0.7219,0.7219,6,Peur,0.65,0.65,-0.0719,False,0.8333,specificity_preserved
spacy,descendus,descendre,4,Comportementale,4,Colère,0.8113,0.8113,10,Colère,0.8813,0.8813,0.07,False,0.4,specificity_preserved
spacy,choqué,choquer,30,Désignée,30,Surprise,1.7283,0.8641,50,Surprise,1.6617,0.8309,-0.0666,False,0.6,specificity_preserved
spacy,grand,grand,10,Suggérée,10,Joie,2.4464,0.9464,25,Joie,2.5125,0.895,0.0661,False,0.4,specificity_preserved
spacy,chassés,chasser,5,Suggérée,5,Peur,1.371,0.865,9,Peur,1.4355,0.9057,0.0645,False,0.5556,specificity_preserved
spacy,réveille,réveiller,1,Comportementale,3,Colère,1.585,1.0,5,Colère,1.5219,0.9602,-0.0631,False,0.2,specificity_preserved
spacy,émerveillée,émerveiller,5,Désignée,5,Admiration,1.5219,0.9602,6,Admiration,1.4591,0.9206,-0.0628,False,0.8333,specificity_preserved
spacy,croit,croit,5,Suggérée,6,Colère,1.4591,0.9206,5,Colère,1.5219,0.9602,0.0628,False,1.0,specificity_preserved
spacy,agressés,agresser,4,Suggérée,4,Peur,1.5,0.9464,8,Colère,1.5613,0.9851,0.0613,True,0.5,dominant_emotion_shift
spacy,guerre,guerre,34,Suggérée,34,Peur,1.2141,0.766,37,Peur,1.273,0.8032,0.0589,False,0.9189,specificity_preserved
spacy,peine,peine,8,Suggérée,8,Colère,1.8113,0.9056,9,Tristesse,1.7527,0.8764,-0.0586,True,0.8889,dominant_emotion_shift
spacy,violences,violence,15,Suggérée,15,Peur,1.4566,0.919,27,Peur,1.3992,0.8828,-0.0574,False,0.5556,specificity_preserved
spacy,agressées,agressé,4,Suggérée,7,Tristesse,1.5567,0.9821,4,Peur,1.5,0.9464,-0.0567,True,1.0,dominant_emotion_shift
spacy,crasseuse,crasseuse,6,Montrée,7,Dégoût,0.8631,0.8631,6,Dégoût,0.9183,0.9183,0.0552,False,1.0,specificity_preserved
spacy,crasseuse,crasseux,1,Montrée,7,Dégoût,0.8631,0.8631,3,Dégoût,0.9183,0.9183,0.0552,False,0.3333,specificity_preserved
spacy,effondrés,effondrer,2,Suggérée,3,Peur,0.9183,0.9183,7,Peur,0.8631,0.8631,-0.0552,False,0.2857,specificity_preserved
spacy,morts,mourir,1,Suggérée,8,Tristesse,1.2988,0.8194,19,Peur,1.2448,0.7854,-0.054,True,0.0526,dominant_emotion_shift
spacy,rue,rue,7,Comportementale,7,Colère,1.1488,0.7248,11,Colère,1.0958,0.6914,-0.053,False,0.6364,specificity_preserved
spacy,excuse,excuse,2,Désignée,3,Embarras,0.9183,0.9183,5,Culpabilité,0.971,0.971,0.0527,True,0.4,dominant_emotion_shift
spacy,plaît,plaire,3,Suggérée,3,Colère,0.9183,0.9183,5,Joie,0.971,0.971,0.0527,True,0.6,dominant_emotion_shift
spacy,famine,famine,5,Suggérée,5,Peur,0.971,0.971,6,Peur,0.9183,0.9183,-0.0527,False,0.8333,specificity_preserved
spacy,excuses,excuse,3,Suggérée,3,Culpabilité,0.9183,0.9183,5,Culpabilité,0.971,0.971,0.0527,False,0.6,specificity_preserved
spacy,catastrophes,catastrophe,3,Suggérée,3,Peur,0.9183,0.9183,5,Peur,0.971,0.971,0.0527,False,0.6,specificity_preserved
spacy,insulte,insulte,8,Comportementale,9,Colère,0.9911,0.9911,24,Embarras,1.0434,0.6583,0.0523,True,0.3333,dominant_emotion_shift
spacy,dansé,dansé,4,Comportementale,7,Joie,0.8631,0.8631,4,Joie,0.8113,0.8113,-0.0518,False,1.0,specificity_preserved
spacy,triste,triste,22,Désignée,22,Tristesse,0.2668,0.2668,29,Tristesse,0.2164,0.2164,-0.0504,False,0.7586,specificity_preserved
spacy,énorme,énorme,6,Désignée,6,Admiration,1.7925,0.8962,7,Admiration,1.8424,0.9212,0.0499,False,0.8571,specificity_preserved
spacy,quitter,quitter,9,Comportementale,9,Peur,0.7642,0.7642,16,Peur,0.8113,0.8113,0.0471,False,0.5625,specificity_preserved
spacy,petit,petit,8,Suggérée,8,Joie,1.75,0.875,16,Joie,1.7947,0.773,0.0447,False,0.5,specificity_preserved
spacy,attaqué,attaquer,11,Comportementale,11,Colère,1.2407,0.7828,24,Peur,1.1964,0.7549,-0.0443,True,0.4583,dominant_emotion_shift
spacy,grave,grave,29,Suggérée,29,Peur,1.7865,0.7694,36,Peur,1.8307,0.7884,0.0442,False,0.8056,specificity_preserved
spacy,injuste,injuste,12,Suggérée,12,Colère,0.4138,0.4138,14,Colère,0.3712,0.3712,-0.0426,False,0.8571,specificity_preserved
spacy,rire,rire,2,Comportementale,24,Joie,0.4138,0.4138,14,Joie,0.3712,0.3712,-0.0426,False,0.1429,specificity_preserved
spacy,pays,pays,8,Suggérée,9,Peur,2.1972,0.9463,8,Peur,2.1556,0.9284,-0.0416,False,1.0,specificity_preserved
spacy,vu,voir,8,Suggérée,8,Peur,2.75,0.9796,29,Colère,2.7091,0.8546,-0.0409,True,0.2759,dominant_emotion_shift
spacy,douée,douer,9,Suggérée,9,Joie,1.5305,0.9656,10,Joie,1.571,0.9912,0.0405,False,0.9,specificity_preserved
spacy,agressions,agression,5,Suggérée,5,Embarras,1.5219,0.9602,8,Peur,1.5613,0.9851,0.0394,True,0.625,dominant_emotion_shift
spacy,tendue,tendre,4,Désignée,4,Colère,0.8113,0.8113,13,Colère,0.7732,0.4879,-0.0381,False,0.3077,specificity_preserved
spacy,descendues,descendre,3,Comportementale,3,Colère,0.9183,0.9183,10,Colère,0.8813,0.8813,-0.037,False,0.3,specificity_preserved
spacy,traité,traiter,8,Désignée,8,Embarras,0.9544,0.9544,9,Embarras,0.9183,0.9183,-0.0361,False,0.8889,specificity_preserved
spacy,problème,problème,2,Montrée,3,Colère,0.9183,0.9183,8,Colère,0.9544,0.9544,0.0361,False,0.25,specificity_preserved
spacy,problèmes,problème,6,Suggérée,6,Colère,0.9183,0.9183,8,Colère,0.9544,0.9544,0.0361,False,0.75,specificity_preserved
spacy,accusent,accuser,21,Comportementale,22,Colère,0.2668,0.2668,69,Colère,0.2979,0.188,0.0311,False,0.3043,specificity_preserved
spacy,honneur,honneur,7,Désignée,7,Fierté,1.8424,0.9212,8,Admiration,1.8113,0.9056,-0.0311,True,0.875,dominant_emotion_shift
spacy,applaudi,applaudi,4,Comportementale,5,Admiration,0.971,0.971,4,Admiration,1.0,1.0,0.029,False,1.0,specificity_preserved
spacy,faute,faute,5,Désignée,5,Culpabilité,0.971,0.971,6,Colère,1.0,1.0,0.029,True,0.8333,dominant_emotion_shift
spacy,drôle,drôle,42,Suggérée,42,Surprise,1.3437,0.6719,47,Surprise,1.3148,0.6574,-0.0289,False,0.8936,specificity_preserved
spacy,rire,rir,22,Comportementale,24,Joie,0.4138,0.4138,22,Joie,0.4395,0.4395,0.0257,False,1.0,specificity_preserved
spacy,désaccord,désaccord,11,Suggérée,11,Colère,0.4395,0.4395,12,Colère,0.4138,0.4138,-0.0257,False,0.9167,specificity_preserved
spacy,menacer,menacer,9,Désignée,9,Peur,0.5033,0.5033,67,Peur,0.5276,0.5276,0.0243,False,0.1343,specificity_preserved
spacy,impressionner,impressionner,5,Désignée,5,Fierté,1.9219,0.961,23,Surprise,1.946,0.8381,0.0241,True,0.2174,dominant_emotion_shift
spacy,perdu,perdre,7,Suggérée,12,Tristesse,1.5511,0.7755,14,Tristesse,1.5744,0.7872,0.0233,False,0.5,specificity_preserved
spacy,lève,lever,4,Comportementale,4,Colère,1.5,0.9464,5,Colère,1.5219,0.9602,0.0219,False,0.8,specificity_preserved
spacy,espionner,espionner,4,Suggérée,4,Colère,1.5,0.9464,5,Colère,1.5219,0.9602,0.0219,False,0.8,specificity_preserved
spacy,soeur,soeur,4,Suggérée,4,Joie,1.5,0.9464,5,Colère,1.5219,0.9602,0.0219,True,0.8,dominant_emotion_shift
spacy,remporté,remporter,11,Suggérée,11,Joie,1.4354,0.9056,29,Joie,1.4542,0.7271,0.0188,False,0.3793,specificity_preserved
spacy,remporte,remporter,7,Suggérée,9,Joie,1.4355,0.9057,29,Joie,1.4542,0.7271,0.0187,False,0.2414,specificity_preserved
spacy,manifestations,manifestation,63,Comportementale,63,Colère,0.2031,0.2031,70,Colère,0.1872,0.1872,-0.0159,False,0.9,specificity_preserved
spacy,arrête,arrêter,2,Montrée,3,Colère,1.585,1.0,21,Colère,1.6005,0.8002,0.0155,False,0.0952,specificity_preserved
spacy,dormir,dormir,7,Suggérée,7,Tristesse,0.9852,0.9852,8,Peur,1.0,1.0,0.0148,True,0.875,dominant_emotion_shift
spacy,enfants,enfant,7,Suggérée,7,Peur,0.9852,0.9852,8,Joie,1.0,1.0,0.0148,True,0.875,dominant_emotion_shift
spacy,olympiques,olympique,5,Suggérée,5,Joie,0.971,0.971,7,Joie,0.9852,0.9852,0.0142,False,0.7143,specificity_preserved
spacy,merde,merd,4,Montrée,16,Colère,0.9887,0.9887,4,Colère,1.0,1.0,0.0113,False,1.0,specificity_preserved
spacy,gros,gros,28,Montrée,28,Dégoût,1.5604,0.7802,44,Colère,1.5492,0.6672,-0.0112,True,0.6364,dominant_emotion_shift
spacy,travail,travail,9,Suggérée,9,Colère,1.8366,0.9183,10,Colère,1.8464,0.9232,0.0098,False,0.9,specificity_preserved
spacy,terrible,terrible,15,Désignée,15,Tristesse,1.2729,0.8031,17,Peur,1.2639,0.7975,-0.009,True,0.8824,dominant_emotion_shift
spacy,agressées,agresser,3,Suggérée,7,Tristesse,1.5567,0.9821,8,Colère,1.5613,0.9851,0.0046,True,0.375,dominant_emotion_shift
spacy,record,record,16,Suggérée,16,Admiration,1.9772,0.9886,21,Fierté,1.9814,0.9907,0.0042,True,0.7619,dominant_emotion_shift
spacy,nouveau,nouveau,3,Suggérée,3,Joie,0.9183,0.9183,10,Joie,0.9219,0.5817,0.0036,False,0.3,specificity_preserved
spacy,merde,merde,12,Montrée,16,Colère,0.9887,0.9887,14,Colère,0.9852,0.9852,-0.0035,False,0.8571,specificity_preserved
spacy,hommage,hommage,31,Comportementale,31,Tristesse,0.9992,0.9992,33,Tristesse,0.9993,0.9993,0.0001,False,0.9394,specificity_preserved
spacy,relations,relation,3,Comportementale,3,Colère,-0.0,0.0,3,Colère,-0.0,0.0,0.0,False,1.0,specificity_preserved
spacy,regrette,regretter,8,Désignée,8,Tristesse,0.5436,0.5436,8,Tristesse,0.5436,0.5436,0.0,False,1.0,specificity_preserved
spacy,réclamait,réclamer,4,Comportementale,4,Colère,-0.0,0.0,39,Colère,-0.0,0.0,0.0,False,0.1026,specificity_preserved
spacy,réclamaient,réclamer,4,Comportementale,4,Colère,-0.0,0.0,39,Colère,-0.0,0.0,0.0,False,0.1026,specificity_preserved
spacy,râler,râler,4,Comportementale,4,Colère,-0.0,0.0,4,Colère,-0.0,0.0,0.0,False,1.0,specificity_preserved
spacy,rupture,rupture,3,Suggérée,3,Peur,1.585,1.0,3,Peur,1.585,1.0,0.0,False,1.0,specificity_preserved
spacy,consterné,consterner,3,Désignée,3,Tristesse,0.9183,0.9183,3,Tristesse,0.9183,0.9183,0.0,False,1.0,specificity_preserved
spacy,conséquences,conséquence,3,Suggérée,3,Peur,0.9183,0.9183,3,Peur,0.9183,0.9183,0.0,False,1.0,specificity_preserved
spacy,content,content,4,Désignée,4,Joie,-0.0,0.0,30,Joie,-0.0,0.0,0.0,False,0.1333,specificity_preserved
spacy,contente,content,10,Désignée,10,Joie,-0.0,0.0,30,Joie,-0.0,0.0,0.0,False,0.3333,specificity_preserved
spacy,contents,content,16,Désignée,16,Joie,-0.0,0.0,30,Joie,-0.0,0.0,0.0,False,0.5333,specificity_preserved
spacy,scandale,scandale,5,Désignée,5,Colère,-0.0,0.0,5,Colère,-0.0,0.0,0.0,False,1.0,specificity_preserved
spacy,contestation,contestation,8,Comportementale,8,Colère,-0.0,0.0,9,Colère,-0.0,0.0,0.0,False,0.8889,specificity_preserved
spacy,contre,contre,12,Comportementale,12,Colère,1.4183,0.7091,12,Colère,1.4183,0.7091,0.0,False,1.0,specificity_preserved
spacy,chienne,chienne,3,Montrée,3,Dégoût,0.9183,0.9183,3,Dégoût,0.9183,0.9183,0.0,False,1.0,specificity_preserved
spacy,santé,santé,3,Suggérée,3,Peur,0.9183,0.9183,3,Peur,0.9183,0.9183,0.0,False,1.0,specificity_preserved
spacy,chier,chier,3,Montrée,3,Colère,-0.0,0.0,3,Colère,-0.0,0.0,0.0,False,1.0,specificity_preserved
spacy,routes,route,10,Comportementale,10,Colère,-0.0,0.0,10,Colère,-0.0,0.0,0.0,False,1.0,specificity_preserved
spacy,combats,combat,3,Suggérée,3,Peur,0.9183,0.9183,3,Peur,0.9183,0.9183,0.0,False,1.0,specificity_preserved
spacy,colère,colèr,53,Désignée,54,Colère,-0.0,0.0,53,Colère,-0.0,0.0,0.0,False,1.0,specificity_preserved
spacy,comment,comment,4,Montrée,4,Colère,2.0,1.0,4,Colère,2.0,1.0,0.0,False,1.0,specificity_preserved
spacy,commettre,commettre,3,Comportementale,3,Colère,0.9183,0.9183,3,Colère,0.9183,0.9183,0.0,False,1.0,specificity_preserved
spacy,ca,ca,7,Montrée,7,Colère,1.1488,0.7248,7,Colère,1.1488,0.7248,0.0,False,1.0,specificity_preserved
spacy,coeur,coeur,3,Montrée,3,Joie,1.585,1.0,3,Joie,1.585,1.0,0.0,False,1.0,specificity_preserved
spacy,cadeaux,cadeal,3,Suggérée,5,Joie,-0.0,0.0,3,Joie,-0.0,0.0,0.0,False,1.0,specificity_preserved
spacy,cadeaux,cadeau,2,Suggérée,5,Joie,-0.0,0.0,4,Joie,-0.0,0.0,0.0,False,0.5,specificity_preserved
spacy,carrément,carrémer,4,Montrée,4,Colère,2.0,1.0,4,Colère,2.0,1.0,0.0,False,1.0,specificity_preserved
spacy,cible,cible,3,Suggérée,3,Embarras,1.585,1.0,3,Embarras,1.585,1.0,0.0,False,1.0,specificity_preserved
spacy,réclament,réclamer,10,Comportementale,10,Colère,-0.0,0.0,39,Colère,-0.0,0.0,0.0,False,0.2564,specificity_preserved
spacy,réclamer,réclamer,14,Comportementale,14,Colère,-0.0,0.0,39,Colère,-0.0,0.0,0.0,False,0.359,specificity_preserved
spacy,risque,risque,7,Désignée,7,Peur,-0.0,0.0,14,Peur,-0.0,0.0,0.0,False,0.5,specificity_preserved
spacy,chouette,chouette,3,Montrée,3,Joie,-0.0,0.0,3,Joie,-0.0,0.0,0.0,False,1.0,specificity_preserved
spacy,récompense,récompense,8,Suggérée,8,Fierté,1.0,1.0,8,Fierté,1.0,1.0,0.0,False,1.0,specificity_preserved
spacy,récupérer,récupérer,3,Suggérée,3,Fierté,1.585,1.0,3,Fierté,1.585,1.0,0.0,False,1.0,specificity_preserved
spacy,réjouit,réjouir,5,Comportementale,5,Joie,-0.0,0.0,8,Joie,-0.0,0.0,0.0,False,0.625,specificity_preserved
spacy,réclame,réclame,12,Comportementale,12,Colère,-0.0,0.0,12,Colère,-0.0,0.0,0.0,False,1.0,specificity_preserved
spacy,rétorque,rétorqu,4,Comportementale,4,Colère,1.0,1.0,4,Colère,1.0,1.0,0.0,False,1.0,specificity_preserved
spacy,revendications,revendication,4,Comportementale,4,Colère,-0.0,0.0,4,Colère,-0.0,0.0,0.0,False,1.0,specificity_preserved
spacy,revendique,revendique,3,Comportementale,3,Colère,-0.0,0.0,3,Colère,-0.0,0.0,0.0,False,1.0,specificity_preserved
spacy,ri,ri,3,Comportementale,3,Joie,-0.0,0.0,3,Joie,-0.0,0.0,0.0,False,1.0,specificity_preserved
spacy,rien,rien,34,Montrée,34,Colère,2.1565,0.7682,34,Colère,2.1565,0.7682,0.0,False,1.0,specificity_preserved
spacy,rigolé,rigoler,3,Comportementale,3,Joie,-0.0,0.0,6,Joie,-0.0,0.0,0.0,False,0.5,specificity_preserved
spacy,risques,risque,7,Désignée,7,Peur,-0.0,0.0,14,Peur,-0.0,0.0,0.0,False,0.5,specificity_preserved
spacy,réclamé,réclamer,4,Comportementale,4,Colère,-0.0,0.0,39,Colère,-0.0,0.0,0.0,False,0.1026,specificity_preserved
spacy,commun,commun,5,Suggérée,5,Surprise,-0.0,0.0,5,Surprise,-0.0,0.0,0.0,False,1.0,specificity_preserved
spacy,complètement,complètement,3,Suggérée,3,Colère,1.585,1.0,3,Colère,1.585,1.0,0.0,False,1.0,specificity_preserved
spacy,condamné,condamné,3,Suggérée,4,Colère,1.5,0.9464,4,Tristesse,1.5,0.9464,0.0,True,0.75,dominant_emotion_shift
spacy,conditions,condition,4,Suggérée,4,Colère,1.5,0.9464,4,Colère,1.5,0.9464,0.0,False,1.0,specificity_preserved
spacy,confiance,confiance,7,Suggérée,7,Joie,2.2359,0.963,7,Joie,2.2359,0.963,0.0,False,1.0,specificity_preserved
spacy,putain,putain,3,Montrée,3,Colère,-0.0,0.0,3,Colère,-0.0,0.0,0.0,False,1.0,specificity_preserved
spacy,pute,pute,15,Montrée,15,Colère,0.9183,0.9183,15,Colère,0.9183,0.9183,0.0,False,1.0,specificity_preserved
spacy,pyjama,pyjama,3,Suggérée,3,Joie,-0.0,0.0,3,Joie,-0.0,0.0,0.0,False,1.0,specificity_preserved
spacy,pénible,pénible,3,Désignée,3,Tristesse,-0.0,0.0,3,Tristesse,-0.0,0.0,0.0,False,1.0,specificity_preserved
spacy,question,question,3,Suggérée,3,Colère,0.9183,0.9183,3,Colère,0.9183,0.9183,0.0,False,1.0,specificity_preserved
spacy,quittent,quitter,3,Comportementale,4,Peur,0.8113,0.8113,16,Peur,0.8113,0.8113,0.0,False,0.1875,specificity_preserved
spacy,crise,crise,4,Suggérée,4,Peur,1.5,0.9464,4,Peur,1.5,0.9464,0.0,False,1.0,specificity_preserved
spacy,critiquent,critiquer,10,Comportementale,10,Colère,-0.0,0.0,55,Colère,-0.0,0.0,0.0,False,0.1818,specificity_preserved
spacy,satisfaire,satisfaire,4,Désignée,4,Joie,-0.0,0.0,6,Joie,-0.0,0.0,0.0,False,0.6667,specificity_preserved
spacy,critiqué,critiquer,18,Comportementale,19,Colère,-0.0,0.0,55,Colère,-0.0,0.0,0.0,False,0.3273,specificity_preserved
spacy,critiquée,critiquer,12,Comportementale,12,Colère,-0.0,0.0,55,Colère,-0.0,0.0,0.0,False,0.2182,specificity_preserved
spacy,critiqués,critiquer,6,Comportementale,6,Colère,-0.0,0.0,55,Colère,-0.0,0.0,0.0,False,0.1091,specificity_preserved
spacy,cool,cool,7,Désignée,7,Admiration,1.3788,0.8699,7,Admiration,1.3788,0.8699,0.0,False,1.0,specificity_preserved
spacy,corps,corps,3,Suggérée,3,Dégoût,1.585,1.0,3,Dégoût,1.585,1.0,0.0,False,1.0,specificity_preserved
spacy,corruption,corruption,5,Suggérée,5,Colère,-0.0,0.0,5,Colère,-0.0,0.0,0.0,False,1.0,specificity_preserved
spacy,couilles,couille,6,Montrée,6,Colère,0.65,0.65,6,Colère,0.65,0.65,0.0,False,1.0,specificity_preserved
spacy,couleurs,couleur,3,Comportementale,3,Fierté,1.585,1.0,3,Fierté,1.585,1.0,0.0,False,1.0,specificity_preserved
spacy,prison,prison,4,Suggérée,4,Peur,0.8113,0.8113,4,Peur,0.8113,0.8113,0.0,False,1.0,specificity_preserved
spacy,prix,prix,19,Suggérée,19,Fierté,2.0043,0.8632,19,Fierté,2.0043,0.8632,0.0,False,1.0,specificity_preserved
spacy,protestation,protestation,8,Comportementale,8,Colère,-0.0,0.0,16,Colère,-0.0,0.0,0.0,False,0.5,specificity_preserved
spacy,protestations,protestation,8,Comportementale,8,Colère,-0.0,0.0,16,Colère,-0.0,0.0,0.0,False,0.5,specificity_preserved
spacy,proteste,protest,4,Montrée,4,Colère,0.8113,0.8113,4,Colère,0.8113,0.8113,0.0,False,1.0,specificity_preserved
spacy,plaisante,plaisante,7,Désignée,7,Joie,-0.0,0.0,7,Joie,-0.0,0.0,0.0,False,1.0,specificity_preserved
spacy,critiquer,critiquer,8,Comportementale,8,Colère,-0.0,0.0,55,Colère,-0.0,0.0,0.0,False,0.1455,specificity_preserved
spacy,choc,choc,4,Désignée,4,Surprise,1.5,0.9464,4,Surprise,1.5,0.9464,0.0,False,1.0,specificity_preserved
spacy,choquantes,choquante,14,Désignée,14,Surprise,1.4926,0.9417,14,Surprise,1.4926,0.9417,0.0,False,1.0,specificity_preserved
spacy,repas,repas,5,Suggérée,5,Joie,0.7219,0.7219,5,Joie,0.7219,0.7219,0.0,False,1.0,specificity_preserved
spacy,reprochaient,reprochaient,4,Comportementale,4,Colère,-0.0,0.0,4,Colère,-0.0,0.0,0.0,False,1.0,specificity_preserved
spacy,reproche,reproche,11,Comportementale,11,Colère,-0.0,0.0,13,Colère,-0.0,0.0,0.0,False,0.8462,specificity_preserved
spacy,reprochent,reprocher,11,Comportementale,11,Colère,-0.0,0.0,12,Colère,-0.0,0.0,0.0,False,0.9167,specificity_preserved
spacy,r,r,3,Suggérée,3,Colère,-0.0,0.0,4,Colère,-0.0,0.0,0.0,False,0.75,specificity_preserved
spacy,rage,rage,5,Suggérée,5,Peur,1.371,0.865,5,Peur,1.371,0.865,0.0,False,1.0,specificity_preserved
spacy,raison,raison,3,Suggérée,3,Fierté,-0.0,0.0,3,Fierté,-0.0,0.0,0.0,False,1.0,specificity_preserved
spacy,rare,rare,3,Suggérée,3,Surprise,0.9183,0.9183,3,Surprise,0.9183,0.9183,0.0,False,1.0,specificity_preserved
spacy,ravi,ravi,4,Désignée,4,Joie,-0.0,0.0,4,Joie,-0.0,0.0,0.0,False,1.0,specificity_preserved
spacy,ravie,ravir,5,Désignée,5,Joie,-0.0,0.0,8,Joie,-0.0,0.0,0.0,False,0.625,specificity_preserved
spacy,redoute,redoute,5,Désignée,5,Peur,-0.0,0.0,5,Peur,-0.0,0.0,0.0,False,1.0,specificity_preserved
spacy,craindre,craindre,4,Désignée,4,Peur,-0.0,0.0,15,Peur,-0.0,0.0,0.0,False,0.2667,specificity_preserved
spacy,refuge,refuge,8,Comportementale,9,Peur,-0.0,0.0,8,Peur,-0.0,0.0,0.0,False,1.0,specificity_preserved
spacy,protéger,protéger,24,Suggérée,24,Peur,0.2499,0.2499,24,Peur,0.2499,0.2499,0.0,False,1.0,specificity_preserved
spacy,précipite,précipiter,3,Comportementale,3,Joie,0.9183,0.9183,3,Joie,0.9183,0.9183,0.0,False,1.0,specificity_preserved
spacy,puissante,puissant,3,Suggérée,3,Peur,0.9183,0.9183,6,Peur,0.9183,0.9183,0.0,False,0.5,specificity_preserved
spacy,puissants,puissant,3,Suggérée,3,Peur,0.9183,0.9183,6,Peur,0.9183,0.9183,0.0,False,0.5,specificity_preserved
spacy,pure,pur,3,Montrée,3,Colère,0.9183,0.9183,3,Colère,0.9183,0.9183,0.0,False,1.0,specificity_preserved
spacy,coupable,coupable,4,Désignée,4,Culpabilité,0.8113,0.8113,4,Culpabilité,0.8113,0.8113,0.0,False,1.0,specificity_preserved
spacy,coupe,coupe,3,Suggérée,3,Joie,1.585,1.0,3,Joie,1.585,1.0,0.0,False,1.0,specificity_preserved
spacy,cour,cour,3,Suggérée,3,Dégoût,1.585,1.0,3,Dégoût,1.585,1.0,0.0,False,1.0,specificity_preserved
spacy,courir,courir,3,Suggérée,3,Colère,1.585,1.0,3,Colère,1.585,1.0,0.0,False,1.0,specificity_preserved
spacy,course,course,3,Suggérée,3,Fierté,1.585,1.0,3,Fierté,1.585,1.0,0.0,False,1.0,specificity_preserved
spacy,cp,cp,7,Montrée,7,Colère,1.9502,0.9751,7,Colère,1.9502,0.9751,0.0,False,1.0,specificity_preserved
spacy,craignaient,craignaient,3,Désignée,3,Peur,-0.0,0.0,3,Peur,-0.0,0.0,0.0,False,1.0,specificity_preserved
spacy,craignent,craignent,19,Désignée,19,Peur,-0.0,0.0,19,Peur,-0.0,0.0,0.0,False,1.0,specificity_preserved
spacy,redoutent,redouter,3,Désignée,3,Peur,-0.0,0.0,6,Peur,-0.0,0.0,0.0,False,0.5,specificity_preserved
spacy,argent,argent,17,Suggérée,17,Colère,2.2784,0.8116,17,Colère,2.2784,0.8116,0.0,False,1.0,specificity_preserved
spacy,arrete,arrete,7,Montrée,7,Colère,-0.0,0.0,7,Colère,-0.0,0.0,0.0,False,1.0,specificity_preserved
spacy,ailey,ailey,6,Suggérée,6,Joie,0.9183,0.9183,6,Joie,0.9183,0.9183,0.0,False,1.0,specificity_preserved
spacy,ailleurs,ailleurs,5,Montrée,5,Colère,1.5219,0.9602,5,Colère,1.5219,0.9602,0.0,False,1.0,specificity_preserved
spacy,air,air,7,Suggérée,7,Joie,1.8424,0.9212,7,Joie,1.8424,0.9212,0.0,False,1.0,specificity_preserved
spacy,augmentation,augmentation,4,Suggérée,4,Colère,0.8113,0.8113,4,Colère,0.8113,0.8113,0.0,False,1.0,specificity_preserved
spacy,avant,avant,6,Suggérée,6,Surprise,2.2516,0.9697,6,Surprise,2.2516,0.9697,0.0,False,1.0,specificity_preserved
spacy,avis,avis,5,Montrée,7,Colère,-0.0,0.0,5,Colère,-0.0,0.0,0.0,False,1.0,specificity_preserved
spacy,amusent,amuser,2,Désignée,4,Joie,-0.0,0.0,25,Joie,-0.0,0.0,0.0,False,0.08,specificity_preserved
spacy,amuser,amuser,12,Comportementale,12,Joie,-0.0,0.0,25,Joie,-0.0,0.0,0.0,False,0.48,specificity_preserved
spacy,amusé,amuser,3,Désignée,3,Joie,-0.0,0.0,25,Joie,-0.0,0.0,0.0,False,0.12,specificity_preserved
spacy,anglais,anglais,5,Suggérée,5,Tristesse,0.971,0.971,5,Tristesse,0.971,0.971,0.0,False,1.0,specificity_preserved
spacy,angoisse,angoisse,4,Désignée,4,Peur,-0.0,0.0,6,Peur,-0.0,0.0,0.0,False,0.6667,specificity_preserved
spacy,blessés,blessé,3,Suggérée,3,Peur,0.9183,0.9183,3,Peur,0.9183,0.9183,0.0,False,1.0,specificity_preserved
spacy,unique,unique,5,Suggérée,5,Fierté,1.9219,0.961,5,Fierté,1.9219,0.961,0.0,False,1.0,specificity_preserved
spacy,vache,vache,3,Suggérée,3,Dégoût,1.585,1.0,3,Dégoût,1.585,1.0,0.0,False,1.0,specificity_preserved
spacy,venger,venger,7,Comportementale,7,Colère,0.8631,0.8631,7,Colère,0.8631,0.8631,0.0,False,1.0,specificity_preserved
spacy,tg,tg,22,Montrée,22,Colère,-0.0,0.0,22,Colère,-0.0,0.0,0.0,False,1.0,specificity_preserved
spacy,timidement,timidement,4,Désignée,4,Embarras,1.0,1.0,4,Embarras,1.0,1.0,0.0,False,1.0,specificity_preserved
spacy,toit,toit,3,Suggérée,3,Peur,0.9183,0.9183,3,Peur,0.9183,0.9183,0.0,False,1.0,specificity_preserved
spacy,tombe,tombe,4,Montrée,4,Embarras,2.0,1.0,4,Embarras,2.0,1.0,0.0,False,1.0,specificity_preserved
spacy,tomber,tomber,4,Suggérée,4,Tristesse,0.8113,0.8113,4,Tristesse,0.8113,0.8113,0.0,False,1.0,specificity_preserved
spacy,train,train,3,Suggérée,3,Embarras,1.585,1.0,3,Embarras,1.585,1.0,0.0,False,1.0,specificity_preserved
spacy,travers,travers,3,Suggérée,3,Joie,0.9183,0.9183,3,Joie,0.9183,0.9183,0.0,False,1.0,specificity_preserved
spacy,tribunal,tribunal,3,Suggérée,3,Colère,1.585,1.0,3,Colère,1.585,1.0,0.0,False,1.0,specificity_preserved
spacy,surprises,surpris,5,Désignée,5,Surprise,-0.0,0.0,16,Surprise,-0.0,0.0,0.0,False,0.3125,specificity_preserved
spacy,surtout,surtout,4,Montrée,4,Colère,1.5,0.9464,4,Colère,1.5,0.9464,0.0,False,1.0,specificity_preserved
spacy,sympa,sympa,3,Désignée,3,Joie,-0.0,0.0,4,Joie,-0.0,0.0,0.0,False,0.75,specificity_preserved
spacy,téléphone,téléphone,3,Suggérée,3,Peur,0.9183,0.9183,3,Peur,0.9183,0.9183,0.0,False,1.0,specificity_preserved
spacy,immense,immense,5,Suggérée,5,Peur,1.9219,0.961,5,Peur,1.9219,0.961,0.0,False,1.0,specificity_preserved
spacy,génial,génial,16,Désignée,16,Joie,1.5016,0.7508,16,Joie,1.5016,0.7508,0.0,False,1.0,specificity_preserved
spacy,habits,habit,3,Suggérée,3,Colère,1.585,1.0,3,Colère,1.585,1.0,0.0,False,1.0,specificity_preserved
spacy,accord,accord,21,Suggérée,21,Colère,0.7229,0.4561,21,Colère,0.7229,0.4561,0.0,False,1.0,specificity_preserved
spacy,agréable,agréable,4,Désignée,4,Joie,-0.0,0.0,4,Joie,-0.0,0.0,0.0,False,1.0,specificity_preserved
spacy,ah,ah,5,Montrée,5,Surprise,0.7219,0.7219,5,Surprise,0.7219,0.7219,0.0,False,1.0,specificity_preserved
spacy,aide,aide,3,Suggérée,3,Peur,0.9183,0.9183,3,Peur,0.9183,0.9183,0.0,False,1.0,specificity_preserved
spacy,élue,élire,4,Suggérée,4,Fierté,1.0,1.0,4,Fierté,1.0,1.0,0.0,False,1.0,specificity_preserved
spacy,émotion,émotion,4,Suggérée,4,Joie,1.5,0.9464,4,Joie,1.5,0.9464,0.0,False,1.0,specificity_preserved
spacy,émue,ému,3,Désignée,3,Joie,0.9183,0.9183,3,Joie,0.9183,0.9183,0.0,False,1.0,specificity_preserved
spacy,énerve,énerv,4,Comportementale,5,Colère,-0.0,0.0,4,Colère,-0.0,0.0,0.0,False,1.0,specificity_preserved
spacy,énerve,énerver,1,Désignée,5,Colère,-0.0,0.0,4,Colère,-0.0,0.0,0.0,False,0.25,specificity_preserved
spacy,vrai,vrai,5,Suggérée,5,Admiration,2.3219,1.0,5,Admiration,2.3219,1.0,0.0,False,1.0,specificity_preserved
spacy,école,école,8,Suggérée,8,Peur,1.8113,0.9056,8,Peur,1.8113,0.9056,0.0,False,1.0,specificity_preserved
spacy,accuse,accus,19,Comportementale,19,Colère,0.2975,0.2975,19,Colère,0.2975,0.2975,0.0,False,1.0,specificity_preserved
spacy,admiration,admiration,3,Désignée,3,Admiration,-0.0,0.0,3,Admiration,-0.0,0.0,0.0,False,1.0,specificity_preserved
spacy,admirer,admirer,3,Désignée,3,Admiration,-0.0,0.0,6,Admiration,-0.0,0.0,0.0,False,0.5,specificity_preserved
spacy,affaires,affaire,3,Montrée,3,Colère,0.9183,0.9183,3,Colère,0.9183,0.9183,0.0,False,1.0,specificity_preserved
spacy,affrontements,affrontement,4,Comportementale,4,Colère,-0.0,0.0,4,Colère,-0.0,0.0,0.0,False,1.0,specificity_preserved
spacy,abri,abri,3,Comportementale,3,Peur,-0.0,0.0,3,Peur,-0.0,0.0,0.0,False,1.0,specificity_preserved
spacy,état,état,3,Suggérée,3,Colère,0.9183,0.9183,3,Colère,0.9183,0.9183,0.0,False,1.0,specificity_preserved
spacy,étonne,étonner,5,Désignée,6,Surprise,-0.0,0.0,20,Surprise,-0.0,0.0,0.0,False,0.25,specificity_preserved
spacy,étonnement,étonnement,4,Désignée,4,Surprise,-0.0,0.0,4,Surprise,-0.0,0.0,0.0,False,1.0,specificity_preserved
spacy,étonné,étonner,7,Désignée,7,Surprise,-0.0,0.0,20,Surprise,-0.0,0.0,0.0,False,0.35,specificity_preserved
spacy,étonnés,étonner,5,Désignée,5,Surprise,-0.0,0.0,20,Surprise,-0.0,0.0,0.0,False,0.25,specificity_preserved
spacy,étrange,étrange,8,Désignée,8,Surprise,-0.0,0.0,10,Surprise,-0.0,0.0,0.0,False,0.8,specificity_preserved
spacy,vexé,vexé,4,Désignée,4,Embarras,1.0,1.0,4,Embarras,1.0,1.0,0.0,False,1.0,specificity_preserved
spacy,victoire,victoire,17,Suggérée,17,Joie,0.6723,0.6723,17,Joie,0.6723,0.6723,0.0,False,1.0,specificity_preserved
spacy,vie,vie,28,Suggérée,28,Joie,1.8064,0.9032,28,Joie,1.8064,0.9032,0.0,False,1.0,specificity_preserved
spacy,échec,échec,3,Suggérée,3,Tristesse,0.9183,0.9183,3,Tristesse,0.9183,0.9183,0.0,False,1.0,specificity_preserved
spacy,succès,succès,3,Suggérée,3,Joie,0.9183,0.9183,3,Joie,0.9183,0.9183,0.0,False,1.0,specificity_preserved
spacy,suicider,suicider,3,Comportementale,3,Tristesse,0.9183,0.9183,3,Tristesse,0.9183,0.9183,0.0,False,1.0,specificity_preserved
spacy,suivie,suivie,4,Suggérée,4,Admiration,2.0,1.0,4,Admiration,2.0,1.0,0.0,False,1.0,specificity_preserved
spacy,super,super,10,Désignée,10,Joie,1.4855,0.9372,10,Joie,1.4855,0.9372,0.0,False,1.0,specificity_preserved
spacy,surprenant,surprenant,4,Désignée,4,Surprise,-0.0,0.0,9,Surprise,-0.0,0.0,0.0,False,0.4444,specificity_preserved
spacy,surprenante,surprenant,4,Désignée,4,Surprise,-0.0,0.0,9,Surprise,-0.0,0.0,0.0,False,0.4444,specificity_preserved
spacy,surpris,surpris,11,Désignée,11,Surprise,-0.0,0.0,16,Surprise,-0.0,0.0,0.0,False,0.6875,specificity_preserved
spacy,surprise,surprise,41,Désignée,41,Surprise,0.4448,0.2807,41,Surprise,0.4448,0.2807,0.0,False,1.0,specificity_preserved
spacy,sexuellement,sexuellement,3,Suggérée,3,Tristesse,0.9183,0.9183,3,Tristesse,0.9183,0.9183,0.0,False,1.0,specificity_preserved
spacy,silence,silence,9,Comportementale,9,Tristesse,2.0588,0.8867,9,Tristesse,2.0588,0.8867,0.0,False,1.0,specificity_preserved
spacy,soleil,soleil,4,Suggérée,4,Tristesse,1.5,0.9464,4,Tristesse,1.5,0.9464,0.0,False,1.0,specificity_preserved
spacy,soupire,soupire,7,Comportementale,7,Tristesse,1.6645,0.8322,7,Tristesse,1.6645,0.8322,0.0,False,1.0,specificity_preserved
spacy,réussite,réussite,3,Suggérée,3,Fierté,1.585,1.0,3,Fierté,1.585,1.0,0.0,False,1.0,specificity_preserved
spacy,sécheresse,sécheresse,6,Suggérée,6,Peur,-0.0,0.0,6,Peur,-0.0,0.0,0.0,False,1.0,specificity_preserved
spacy,rêve,rêve,12,Suggérée,12,Joie,1.585,0.6826,12,Joie,1.585,0.6826,0.0,False,1.0,specificity_preserved
spacy,cause,cause,4,Suggérée,4,Joie,1.5,0.9464,4,Joie,1.5,0.9464,0.0,False,1.0,specificity_preserved
spacy,champs,champ,3,Suggérée,3,Colère,1.585,1.0,3,Colère,1.585,1.0,0.0,False,1.0,specificity_preserved
spacy,chance,chance,13,Suggérée,13,Joie,1.6692,0.8346,13,Joie,1.6692,0.8346,0.0,False,1.0,specificity_preserved
spacy,chien,chien,5,Montrée,5,Colère,1.5219,0.9602,5,Colère,1.5219,0.9602,0.0,False,1.0,specificity_preserved
spacy,blagues,blague,5,Désignée,5,Joie,-0.0,0.0,6,Joie,-0.0,0.0,0.0,False,0.8333,specificity_preserved
spacy,plaisir,plaisir,26,Désignée,26,Joie,-0.0,0.0,26,Joie,-0.0,0.0,0.0,False,1.0,specificity_preserved
spacy,bloquant,bloquer,4,Comportementale,4,Colère,-0.0,0.0,20,Colère,-0.0,0.0,0.0,False,0.2,specificity_preserved
spacy,bloquent,bloquer,4,Comportementale,4,Colère,-0.0,0.0,20,Colère,-0.0,0.0,0.0,False,0.2,specificity_preserved
spacy,bloquer,bloquer,5,Comportementale,5,Colère,-0.0,0.0,20,Colère,-0.0,0.0,0.0,False,0.25,specificity_preserved
spacy,bloqué,bloquer,5,Comportementale,5,Colère,-0.0,0.0,20,Colère,-0.0,0.0,0.0,False,0.25,specificity_preserved
spacy,rêver,rêver,3,Suggérée,3,Joie,0.9183,0.9183,3,Joie,0.9183,0.9183,0.0,False,1.0,specificity_preserved
spacy,sacré,sacrer,3,Montrée,3,Admiration,0.9183,0.9183,3,Admiration,0.9183,0.9183,0.0,False,1.0,specificity_preserved
spacy,sale,sale,9,Montrée,9,Dégoût,0.9911,0.9911,9,Dégoût,0.9911,0.9911,0.0,False,1.0,specificity_preserved
spacy,révolte,révolte,9,Comportementale,9,Colère,0.5033,0.5033,9,Colère,0.5033,0.5033,0.0,False,1.0,specificity_preserved
spacy,sécurité,sécurité,4,Suggérée,4,Peur,-0.0,0.0,4,Peur,-0.0,0.0,0.0,False,1.0,specificity_preserved
spacy,sûr,sûr,8,Montrée,8,Joie,1.0613,0.6696,8,Joie,1.0613,0.6696,0.0,False,1.0,specificity_preserved
spacy,beau,beau,14,Suggérée,14,Joie,1.2871,0.812,14,Joie,1.2871,0.812,0.0,False,1.0,specificity_preserved
spacy,beaucoup,beaucoup,7,Suggérée,7,Colère,2.2359,0.963,7,Colère,2.2359,0.963,0.0,False,1.0,specificity_preserved
spacy,beaux,beal,3,Suggérée,3,Joie,-0.0,0.0,3,Joie,-0.0,0.0,0.0,False,1.0,specificity_preserved
spacy,billes,bille,4,Suggérée,4,Tristesse,1.5,0.9464,4,Tristesse,1.5,0.9464,0.0,False,1.0,specificity_preserved
spacy,assez,assez,26,Suggérée,26,Colère,0.9294,0.5864,26,Colère,0.9294,0.5864,0.0,False,1.0,specificity_preserved
spacy,tas,tas,5,Montrée,5,Dégoût,1.9219,0.961,5,Dégoût,1.9219,0.961,0.0,False,1.0,specificity_preserved
spacy,tellement,tellement,3,Montrée,3,Admiration,1.585,1.0,3,Admiration,1.585,1.0,0.0,False,1.0,specificity_preserved
spacy,temps,temps,9,Suggérée,9,Joie,2.1133,0.9101,9,Joie,2.1133,0.9101,0.0,False,1.0,specificity_preserved
spacy,tempête,tempête,3,Suggérée,3,Peur,0.9183,0.9183,3,Peur,0.9183,0.9183,0.0,False,1.0,specificity_preserved
spacy,tensions,tension,9,Désignée,9,Colère,-0.0,0.0,9,Colère,-0.0,0.0,0.0,False,1.0,specificity_preserved
spacy,terrorisme,terrorisme,3,Suggérée,3,Peur,-0.0,0.0,3,Peur,-0.0,0.0,0.0,False,1.0,specificity_preserved
spacy,terroristes,terroriste,7,Suggérée,7,Colère,1.4488,0.9141,7,Colère,1.4488,0.9141,0.0,False,1.0,specificity_preserved
spacy,bande,bande,11,Montrée,11,Colère,0.994,0.994,11,Colère,0.994,0.994,0.0,False,1.0,specificity_preserved
spacy,star,star,8,Suggérée,8,Admiration,1.75,0.875,8,Admiration,1.75,0.875,0.0,False,1.0,specificity_preserved
spacy,stop,stop,7,Montrée,7,Colère,0.5917,0.5917,7,Colère,0.5917,0.5917,0.0,False,1.0,specificity_preserved
spacy,stressé,stresser,3,Désignée,3,Peur,-0.0,0.0,4,Peur,-0.0,0.0,0.0,False,0.75,specificity_preserved
spacy,bombardements,bombardement,3,Suggérée,3,Peur,-0.0,0.0,4,Peur,-0.0,0.0,0.0,False,0.75,specificity_preserved
spacy,bonbons,bonbon,3,Montrée,3,Surprise,0.9183,0.9183,3,Surprise,0.9183,0.9183,0.0,False,1.0,specificity_preserved
spacy,bonheur,bonheur,14,Désignée,14,Joie,-0.0,0.0,14,Joie,-0.0,0.0,0.0,False,1.0,specificity_preserved
spacy,bouche,bouche,4,Comportementale,4,Admiration,2.0,1.0,4,Admiration,2.0,1.0,0.0,False,1.0,specificity_preserved
spacy,boum,boum,3,Montrée,3,Peur,0.9183,0.9183,3,Peur,0.9183,0.9183,0.0,False,1.0,specificity_preserved
spacy,bravo,bravo,5,Montrée,5,Fierté,1.371,0.865,5,Fierté,1.371,0.865,0.0,False,1.0,specificity_preserved
spacy,brice,brice,5,Montrée,5,Colère,-0.0,0.0,5,Colère,-0.0,0.0,0.0,False,1.0,specificity_preserved
spacy,bée,bée,3,Comportementale,3,Admiration,1.585,1.0,3,Admiration,1.585,1.0,0.0,False,1.0,specificity_preserved
spacy,aïe,aïe,3,Montrée,3,Colère,1.585,1.0,3,Colère,1.585,1.0,0.0,False,1.0,specificity_preserved
spacy,bah,bah,4,Montrée,4,Colère,-0.0,0.0,4,Colère,-0.0,0.0,0.0,False,1.0,specificity_preserved
spacy,banal,banal,3,Suggérée,3,Surprise,-0.0,0.0,3,Surprise,-0.0,0.0,0.0,False,1.0,specificity_preserved
spacy,spectaculaire,spectaculaire,7,Désignée,7,Admiration,0.9852,0.9852,7,Admiration,0.9852,0.9852,0.0,False,1.0,specificity_preserved
spacy,frappé,frappé,3,Suggérée,3,Peur,0.9183,0.9183,3,Peur,0.9183,0.9183,0.0,False,1.0,specificity_preserved
spacy,exceptionnelle,exceptionnelle,4,Désignée,4,Surprise,0.8113,0.8113,4,Surprise,0.8113,0.8113,0.0,False,1.0,specificity_preserved
spacy,exclame,exclame,4,Comportementale,4,Joie,1.0,1.0,4,Joie,1.0,1.0,0.0,False,1.0,specificity_preserved
spacy,longtemps,longtemps,4,Suggérée,4,Fierté,2.0,1.0,4,Fierté,2.0,1.0,0.0,False,1.0,specificity_preserved
spacy,lutte,lutte,5,Comportementale,5,Colère,-0.0,0.0,5,Colère,-0.0,0.0,0.0,False,1.0,specificity_preserved
spacy,légende,légend,3,Suggérée,3,Admiration,0.9183,0.9183,3,Admiration,0.9183,0.9183,0.0,False,1.0,specificity_preserved
spacy,magique,magique,3,Désignée,3,Surprise,-0.0,0.0,4,Surprise,-0.0,0.0,0.0,False,0.75,specificity_preserved
spacy,jaloux,jaloux,5,Désignée,5,Jalousie,-0.0,0.0,7,Jalousie,-0.0,0.0,0.0,False,0.7143,specificity_preserved
spacy,jamais,jamais,29,Suggérée,29,Tristesse,2.5999,0.8666,29,Tristesse,2.5999,0.8666,0.0,False,1.0,specificity_preserved
spacy,jeux,jeu,3,Suggérée,3,Joie,0.9183,0.9183,3,Joie,0.9183,0.9183,0.0,False,1.0,specificity_preserved
spacy,joie,joie,16,Désignée,16,Joie,-0.0,0.0,16,Joie,-0.0,0.0,0.0,False,1.0,specificity_preserved
spacy,jolies,jolie,3,Suggérée,3,Colère,1.585,1.0,3,Colère,1.585,1.0,0.0,False,1.0,specificity_preserved
spacy,fuite,fuite,5,Comportementale,5,Peur,-0.0,0.0,5,Peur,-0.0,0.0,0.0,False,1.0,specificity_preserved
spacy,danger,danger,33,Désignée,33,Peur,-0.0,0.0,35,Peur,-0.0,0.0,0.0,False,0.9429,specificity_preserved
spacy,fâchés,fâché,5,Désignée,5,Colère,-0.0,0.0,5,Colère,-0.0,0.0,0.0,False,1.0,specificity_preserved
spacy,fête,fête,30,Comportementale,30,Joie,-0.0,0.0,32,Joie,-0.0,0.0,0.0,False,0.9375,specificity_preserved
spacy,fêter,fêter,5,Comportementale,5,Joie,0.971,0.971,5,Joie,0.971,0.971,0.0,False,1.0,specificity_preserved
spacy,gagne,gagne,6,Suggérée,6,Fierté,1.0,1.0,6,Fierté,1.0,1.0,0.0,False,1.0,specificity_preserved
spacy,gens,gens,10,Suggérée,10,Colère,1.2955,0.8173,10,Colère,1.2955,0.8173,0.0,False,1.0,specificity_preserved
spacy,ferme,ferme,9,Montrée,9,Colère,1.4466,0.7233,9,Colère,1.4466,0.7233,0.0,False,1.0,specificity_preserved
spacy,feu,feu,3,Suggérée,3,Colère,1.585,1.0,3,Colère,1.585,1.0,0.0,False,1.0,specificity_preserved
spacy,fier,fier,8,Désignée,8,Fierté,-0.0,0.0,18,Fierté,-0.0,0.0,0.0,False,0.4444,specificity_preserved
spacy,fierté,fierter,7,Désignée,7,Fierté,-0.0,0.0,7,Fierté,-0.0,0.0,0.0,False,1.0,specificity_preserved
spacy,joyeux,joyeux,3,Désignée,3,Joie,-0.0,0.0,4,Joie,-0.0,0.0,0.0,False,0.75,specificity_preserved
spacy,julien,julien,7,Montrée,7,Colère,1.1488,0.7248,7,Colère,1.1488,0.7248,0.0,False,1.0,specificity_preserved
spacy,juste,juste,29,Montrée,29,Colère,1.6894,0.7276,29,Colère,1.6894,0.7276,0.0,False,1.0,specificity_preserved
spacy,laisse,laisse,6,Suggérée,6,Colère,0.9183,0.9183,6,Colère,0.9183,0.9183,0.0,False,1.0,specificity_preserved
spacy,inquiétant,inquiéter,6,Désignée,6,Peur,-0.0,0.0,24,Peur,-0.0,0.0,0.0,False,0.25,specificity_preserved
spacy,furieux,furieux,3,Désignée,3,Colère,-0.0,0.0,5,Colère,-0.0,0.0,0.0,False,0.6,specificity_preserved
spacy,meme,meme,4,Montrée,4,Colère,0.8113,0.8113,4,Colère,0.8113,0.8113,0.0,False,1.0,specificity_preserved
spacy,menaces,menace,7,Désignée,7,Peur,0.5917,0.5917,7,Peur,0.5917,0.5917,0.0,False,1.0,specificity_preserved
spacy,malgré,malgré,4,Montrée,4,Tristesse,0.8113,0.8113,4,Tristesse,0.8113,0.8113,0.0,False,1.0,specificity_preserved
spacy,malheur,malheur,15,Désignée,15,Tristesse,0.9183,0.9183,15,Tristesse,0.9183,0.9183,0.0,False,1.0,specificity_preserved
spacy,malheureusement,malheureusement,7,Désignée,7,Tristesse,-0.0,0.0,7,Tristesse,-0.0,0.0,0.0,False,1.0,specificity_preserved
spacy,maltraités,maltraité,5,Suggérée,5,Tristesse,1.371,0.865,5,Tristesse,1.371,0.865,0.0,False,1.0,specificity_preserved
spacy,manifestaient,manifester,3,Comportementale,3,Colère,-0.0,0.0,20,Colère,-0.0,0.0,0.0,False,0.15,specificity_preserved
spacy,explosé,exploser,5,Montrée,5,Admiration,2.3219,1.0,5,Admiration,2.3219,1.0,0.0,False,1.0,specificity_preserved
spacy,expulser,expulser,4,Comportementale,4,Colère,0.8113,0.8113,4,Colère,0.8113,0.8113,0.0,False,1.0,specificity_preserved
spacy,facile,facile,3,Suggérée,3,Tristesse,0.9183,0.9183,3,Tristesse,0.9183,0.9183,0.0,False,1.0,specificity_preserved
spacy,facilement,facilement,3,Suggérée,3,Embarras,1.585,1.0,3,Embarras,1.585,1.0,0.0,False,1.0,specificity_preserved
spacy,fake,fake,3,Suggérée,3,Colère,-0.0,0.0,3,Colère,-0.0,0.0,0.0,False,1.0,specificity_preserved
spacy,fausses,faux,3,Suggérée,3,Colère,-0.0,0.0,4,Colère,-0.0,0.0,0.0,False,0.75,specificity_preserved
spacy,formidable,formidable,3,Désignée,3,Admiration,-0.0,0.0,3,Admiration,-0.0,0.0,0.0,False,1.0,specificity_preserved
spacy,manifeste,manifeste,4,Comportementale,4,Colère,-0.0,0.0,4,Colère,-0.0,0.0,0.0,False,1.0,specificity_preserved
spacy,manifestent,manifestent,15,Comportementale,15,Colère,-0.0,0.0,15,Colère,-0.0,0.0,0.0,False,1.0,specificity_preserved
spacy,manifester,manifester,15,Comportementale,15,Colère,-0.0,0.0,20,Colère,-0.0,0.0,0.0,False,0.75,specificity_preserved
spacy,manifesté,manifester,1,Comportementale,16,Colère,-0.0,0.0,20,Colère,-0.0,0.0,0.0,False,0.05,specificity_preserved
spacy,manifesté,manifesté,15,Comportementale,16,Colère,-0.0,0.0,15,Colère,-0.0,0.0,0.0,False,1.0,specificity_preserved
spacy,lancé,lancer,3,Comportementale,3,Colère,-0.0,0.0,3,Colère,-0.0,0.0,0.0,False,1.0,specificity_preserved
spacy,langue,langue,5,Suggérée,5,Colère,1.5219,0.9602,5,Colère,1.5219,0.9602,0.0,False,1.0,specificity_preserved
spacy,larmes,larme,7,Comportementale,7,Tristesse,0.5917,0.5917,7,Tristesse,0.5917,0.5917,0.0,False,1.0,specificity_preserved
spacy,lettre,lettre,3,Suggérée,3,Joie,-0.0,0.0,3,Joie,-0.0,0.0,0.0,False,1.0,specificity_preserved
spacy,liberté,liberté,3,Suggérée,3,Joie,0.9183,0.9183,3,Joie,0.9183,0.9183,0.0,False,1.0,specificity_preserved
spacy,loin,loin,4,Suggérée,4,Colère,1.5,0.9464,4,Colère,1.5,0.9464,0.0,False,1.0,specificity_preserved
spacy,fière,fier,8,Désignée,8,Fierté,-0.0,0.0,18,Fierté,-0.0,0.0,0.0,False,0.4444,specificity_preserved
spacy,fières,fière,3,Désignée,3,Fierté,0.9183,0.9183,3,Fierté,0.9183,0.9183,0.0,False,1.0,specificity_preserved
spacy,fois,fois,12,Suggérée,12,Joie,1.65,0.825,12,Joie,1.65,0.825,0.0,False,1.0,specificity_preserved
spacy,encore,encore,12,Suggérée,12,Peur,2.4591,0.9513,12,Peur,2.4591,0.9513,0.0,False,1.0,specificity_preserved
spacy,heureuses,heureux,3,Désignée,3,Joie,-0.0,0.0,35,Joie,-0.0,0.0,0.0,False,0.0857,specificity_preserved
spacy,gouine,gouine,6,Montrée,6,Colère,1.0,1.0,6,Colère,1.0,1.0,0.0,False,1.0,specificity_preserved
spacy,graisse,graisse,3,Montrée,3,Dégoût,0.9183,0.9183,3,Dégoût,0.9183,0.9183,0.0,False,1.0,specificity_preserved
spacy,hors,hors,6,Suggérée,6,Surprise,-0.0,0.0,6,Surprise,-0.0,0.0,0.0,False,1.0,specificity_preserved
spacy,humeur,humeur,4,Désignée,4,Colère,1.0,1.0,4,Colère,1.0,1.0,0.0,False,1.0,specificity_preserved
spacy,humiliations,humiliation,4,Désignée,4,Embarras,0.8113,0.8113,4,Embarras,0.8113,0.8113,0.0,False,1.0,specificity_preserved
spacy,héros,héros,6,Suggérée,6,Admiration,0.65,0.65,6,Admiration,0.65,0.65,0.0,False,1.0,specificity_preserved
spacy,icône,icône,3,Suggérée,3,Admiration,-0.0,0.0,3,Admiration,-0.0,0.0,0.0,False,1.0,specificity_preserved
spacy,alarme,alarme,3,Comportementale,3,Peur,0.9183,0.9183,3,Peur,0.9183,0.9183,0.0,False,1.0,specificity_preserved
spacy,alerte,alerte,3,Comportementale,3,Peur,-0.0,0.0,3,Peur,-0.0,0.0,0.0,False,1.0,specificity_preserved
spacy,alvin,alvin,6,Suggérée,6,Joie,0.9183,0.9183,6,Joie,0.9183,0.9183,0.0,False,1.0,specificity_preserved
spacy,amour,amour,8,Suggérée,8,Joie,1.0613,0.6696,8,Joie,1.0613,0.6696,0.0,False,1.0,specificity_preserved
spacy,amuse,amus,9,Comportementale,13,Joie,-0.0,0.0,9,Joie,-0.0,0.0,0.0,False,1.0,specificity_preserved
spacy,inquiétantes,inquiétante,3,Désignée,3,Peur,-0.0,0.0,5,Peur,-0.0,0.0,0.0,False,0.6,specificity_preserved
spacy,voix,voix,6,Suggérée,6,Peur,1.7925,0.8962,6,Peur,1.7925,0.8962,0.0,False,1.0,specificity_preserved
spacy,vite,vite,8,Suggérée,8,Embarras,2.25,0.969,8,Embarras,2.25,0.969,0.0,False,1.0,specificity_preserved
spacy,tristesse,tristesse,10,Désignée,10,Tristesse,-0.0,0.0,10,Tristesse,-0.0,0.0,0.0,False,1.0,specificity_preserved
spacy,trois,trois,3,Suggérée,3,Colère,1.585,1.0,3,Colère,1.585,1.0,0.0,False,1.0,specificity_preserved
spacy,troupe,troupe,9,Suggérée,9,Joie,0.7642,0.7642,9,Joie,0.7642,0.7642,0.0,False,1.0,specificity_preserved
spacy,trésor,trésor,3,Suggérée,3,Fierté,0.9183,0.9183,3,Fierté,0.9183,0.9183,0.0,False,1.0,specificity_preserved
spacy,ans,an,7,Suggérée,7,Colère,2.2359,0.963,7,Colère,2.2359,0.963,0.0,False,1.0,backend_artifact
spacy,appelé,appeler,5,Comportementale,5,Colère,-0.0,0.0,6,Colère,-0.0,0.0,0.0,False,0.8333,specificity_preserved
spacy,york,york,5,Suggérée,5,Joie,0.7219,0.7219,5,Joie,0.7219,0.7219,0.0,False,1.0,specificity_preserved
spacy,évacuer,évacuer,3,Comportementale,3,Peur,-0.0,0.0,3,Peur,-0.0,0.0,0.0,False,1.0,specificity_preserved
spacy,vraiment,vraiment,10,Montrée,10,Tristesse,2.3219,0.8982,10,Tristesse,2.3219,0.8982,0.0,False,1.0,specificity_preserved
spacy,aise,aise,9,Désignée,9,Embarras,1.3516,0.8528,9,Embarras,1.3516,0.8528,0.0,False,1.0,specificity_preserved
spacy,viens,viens,3,Montrée,3,Joie,0.9183,0.9183,3,Joie,0.9183,0.9183,0.0,False,1.0,specificity_preserved
spacy,idole,idol,4,Suggérée,4,Admiration,-0.0,0.0,4,Admiration,-0.0,0.0,0.0,False,1.0,specificity_preserved
spacy,amuse,amuser,4,Désignée,13,Joie,-0.0,0.0,25,Joie,-0.0,0.0,0.0,False,0.16,specificity_preserved
spacy,inquiétude,inquiétude,5,Désignée,5,Peur,-0.0,0.0,11,Peur,-0.0,0.0,0.0,False,0.4545,specificity_preserved
spacy,inquiétudes,inquiétude,6,Désignée,6,Peur,-0.0,0.0,11,Peur,-0.0,0.0,0.0,False,0.5455,specificity_preserved
spacy,insiste,insister,3,Comportementale,3,Colère,1.585,1.0,3,Colère,1.585,1.0,0.0,False,1.0,specificity_preserved
spacy,insolite,insolite,4,Désignée,4,Surprise,-0.0,0.0,7,Surprise,-0.0,0.0,0.0,False,0.5714,specificity_preserved
spacy,insolites,insolite,3,Désignée,3,Surprise,-0.0,0.0,7,Surprise,-0.0,0.0,0.0,False,0.4286,specificity_preserved
spacy,interdire,interdir,3,Comportementale,3,Colère,-0.0,0.0,3,Colère,-0.0,0.0,0.0,False,1.0,specificity_preserved
spacy,inédite,inédit,4,Suggérée,4,Surprise,-0.0,0.0,5,Surprise,-0.0,0.0,0.0,False,0.8,specificity_preserved
spacy,inégalités,inégalité,6,Suggérée,6,Colère,-0.0,0.0,6,Colère,-0.0,0.0,0.0,False,1.0,specificity_preserved
spacy,importe,importer,4,Suggérée,4,Colère,1.5,0.9464,4,Colère,1.5,0.9464,0.0,False,1.0,specificity_preserved
spacy,impose,impos,5,Suggérée,5,Colère,1.5219,0.9602,5,Colère,1.5219,0.9602,0.0,False,1.0,specificity_preserved
spacy,grogné,grogner,4,Comportementale,4,Colère,0.8113,0.8113,4,Colère,0.8113,0.8113,0.0,False,1.0,specificity_preserved
spacy,grève,grever,24,Comportementale,35,Colère,-0.0,0.0,24,Colère,-0.0,0.0,0.0,False,1.0,specificity_preserved
spacy,grève,grèv,5,Comportementale,35,Colère,-0.0,0.0,5,Colère,-0.0,0.0,0.0,False,1.0,specificity_preserved
spacy,heureusement,heureusement,18,Désignée,18,Joie,-0.0,0.0,18,Joie,-0.0,0.0,0.0,False,1.0,specificity_preserved
spacy,grèves,grève,5,Comportementale,5,Colère,-0.0,0.0,11,Colère,-0.0,0.0,0.0,False,0.4545,specificity_preserved
spacy,frrrintek,frrrintek,10,Montrée,10,Joie,1.761,0.8805,10,Joie,1.761,0.8805,0.0,False,1.0,specificity_preserved
spacy,ftg,ftg,11,Montrée,11,Colère,-0.0,0.0,11,Colère,-0.0,0.0,0.0,False,1.0,specificity_preserved
spacy,injustice,injustice,7,Suggérée,7,Colère,-0.0,0.0,12,Colère,-0.0,0.0,0.0,False,0.5833,specificity_preserved
spacy,injustices,injustice,5,Suggérée,5,Colère,-0.0,0.0,12,Colère,-0.0,0.0,0.0,False,0.4167,specificity_preserved
spacy,inquiètent,inquiéter,13,Désignée,13,Peur,-0.0,0.0,24,Peur,-0.0,0.0,0.0,False,0.5417,specificity_preserved
spacy,heureux,heureux,27,Désignée,27,Joie,-0.0,0.0,35,Joie,-0.0,0.0,0.0,False,0.7714,specificity_preserved
spacy,honte,hont,8,Désignée,10,Embarras,-0.0,0.0,8,Embarras,-0.0,0.0,0.0,False,1.0,specificity_preserved
spacy,harcelé,harcelé,4,Suggérée,4,Tristesse,0.8113,0.8113,4,Tristesse,0.8113,0.8113,0.0,False,1.0,specificity_preserved
spacy,harcèlement,harcèlemer,5,Suggérée,5,Peur,1.371,0.865,5,Peur,1.371,0.865,0.0,False,1.0,specificity_preserved
spacy,hasard,hasard,7,Suggérée,7,Surprise,-0.0,0.0,7,Surprise,-0.0,0.0,0.0,False,1.0,specificity_preserved
spacy,hausse,hausse,6,Suggérée,6,Colère,0.65,0.65,6,Colère,0.65,0.65,0.0,False,1.0,specificity_preserved
spacy,hein,hein,3,Montrée,3,Surprise,0.9183,0.9183,3,Surprise,0.9183,0.9183,0.0,False,1.0,specificity_preserved
spacy,heureuse,heureux,5,Désignée,5,Joie,-0.0,0.0,35,Joie,-0.0,0.0,0.0,False,0.1429,specificity_preserved
spacy,grève,grève,6,Comportementale,35,Colère,-0.0,0.0,11,Colère,-0.0,0.0,0.0,False,0.5455,specificity_preserved
spacy,pavé,pavé,3,Montrée,3,Tristesse,0.9183,0.9183,3,Tristesse,0.9183,0.9183,0.0,False,1.0,specificity_preserved
spacy,pd,pd,5,Montrée,5,Colère,1.371,0.865,5,Colère,1.371,0.865,0.0,False,1.0,specificity_preserved
spacy,osent,oser,3,Comportementale,3,Embarras,0.9183,0.9183,3,Embarras,0.9183,0.9183,0.0,False,1.0,specificity_preserved
spacy,ours,ours,3,Suggérée,3,Peur,-0.0,0.0,3,Peur,-0.0,0.0,0.0,False,1.0,specificity_preserved
spacy,ouvert,ouvrir,2,Suggérée,3,Colère,1.585,1.0,3,Colère,1.585,1.0,0.0,False,0.6667,specificity_preserved
spacy,paix,paix,3,Suggérée,3,Colère,0.9183,0.9183,3,Colère,0.9183,0.9183,0.0,False,1.0,specificity_preserved
spacy,panique,panique,11,Désignée,11,Peur,-0.0,0.0,11,Peur,-0.0,0.0,0.0,False,1.0,specificity_preserved
spacy,drame,drame,3,Désignée,3,Colère,1.585,1.0,3,Colère,1.585,1.0,0.0,False,1.0,specificity_preserved
spacy,décourage,décourage,3,Désignée,3,Tristesse,0.9183,0.9183,3,Tristesse,0.9183,0.9183,0.0,False,1.0,specificity_preserved
spacy,découvert,découvrir,14,Suggérée,14,Surprise,-0.0,0.0,26,Surprise,-0.0,0.0,0.0,False,0.5385,specificity_preserved
spacy,découverte,découverte,5,Suggérée,5,Surprise,-0.0,0.0,5,Surprise,-0.0,0.0,0.0,False,1.0,specificity_preserved
spacy,découvre,découvrir,6,Suggérée,6,Surprise,-0.0,0.0,26,Surprise,-0.0,0.0,0.0,False,0.2308,specificity_preserved
spacy,demande,demande,7,Suggérée,7,Colère,1.9502,0.9751,7,Colère,1.9502,0.9751,0.0,False,1.0,specificity_preserved
spacy,effets,effet,3,Suggérée,3,Peur,-0.0,0.0,3,Peur,-0.0,0.0,0.0,False,1.0,specificity_preserved
spacy,papa,papa,3,Suggérée,3,Tristesse,0.9183,0.9183,3,Tristesse,0.9183,0.9183,0.0,False,1.0,specificity_preserved
spacy,pardon,pardon,5,Montrée,5,Tristesse,1.9219,0.961,5,Tristesse,1.9219,0.961,0.0,False,1.0,specificity_preserved
spacy,parents,parent,5,Suggérée,5,Joie,1.5219,0.9602,5,Joie,1.5219,0.9602,0.0,False,1.0,specificity_preserved
spacy,paris,paris,3,Suggérée,3,Joie,0.9183,0.9183,3,Joie,0.9183,0.9183,0.0,False,1.0,specificity_preserved
spacy,partager,partager,3,Suggérée,3,Colère,0.9183,0.9183,3,Colère,0.9183,0.9183,0.0,False,1.0,specificity_preserved
spacy,nom,nom,3,Montrée,3,Colère,1.585,1.0,3,Colère,1.585,1.0,0.0,False,1.0,specificity_preserved
spacy,normal,normal,9,Suggérée,9,Embarras,2.7255,0.9708,9,Embarras,2.7255,0.9708,0.0,False,1.0,specificity_preserved
spacy,noël,noël,3,Suggérée,3,Joie,-0.0,0.0,3,Joie,-0.0,0.0,0.0,False,1.0,specificity_preserved
spacy,ntm,ntm,3,Comportementale,3,Colère,-0.0,0.0,3,Colère,-0.0,0.0,0.0,False,1.0,specificity_preserved
spacy,dénonçaient,dénoncer,4,Comportementale,4,Colère,-0.0,0.0,26,Colère,-0.0,0.0,0.0,False,0.1538,specificity_preserved
spacy,dépression,dépression,4,Désignée,4,Tristesse,-0.0,0.0,5,Tristesse,-0.0,0.0,0.0,False,0.8,specificity_preserved
spacy,dérange,dérange,9,Désignée,9,Tristesse,0.5033,0.5033,9,Tristesse,0.5033,0.5033,0.0,False,1.0,specificity_preserved
spacy,détresse,détresse,4,Désignée,4,Peur,-0.0,0.0,4,Peur,-0.0,0.0,0.0,False,1.0,specificity_preserved
spacy,détruites,détruite,4,Suggérée,4,Peur,1.0,1.0,4,Peur,1.0,1.0,0.0,False,1.0,specificity_preserved
spacy,paniqué,paniquer,2,Désignée,3,Peur,0.9183,0.9183,3,Peur,0.9183,0.9183,0.0,False,0.6667,specificity_preserved
spacy,pollution,pollution,3,Suggérée,3,Peur,0.9183,0.9183,3,Peur,0.9183,0.9183,0.0,False,1.0,specificity_preserved
spacy,polémique,polémique,4,Suggérée,4,Colère,-0.0,0.0,4,Colère,-0.0,0.0,0.0,False,1.0,specificity_preserved
spacy,porc,porc,9,Montrée,9,Dégoût,1.2244,0.7725,9,Dégoût,1.2244,0.7725,0.0,False,1.0,specificity_preserved
spacy,pourquoi,pourquoi,9,Montrée,9,Colère,1.2244,0.7725,9,Colère,1.2244,0.7725,0.0,False,1.0,specificity_preserved
spacy,pourtant,pourtant,12,Montrée,12,Surprise,0.8167,0.5153,12,Surprise,0.8167,0.5153,0.0,False,1.0,specificity_preserved
spacy,persécutions,persécution,3,Désignée,3,Peur,0.9183,0.9183,3,Peur,0.9183,0.9183,0.0,False,1.0,specificity_preserved
spacy,cul,cul,3,Montrée,3,Colère,0.9183,0.9183,3,Colère,0.9183,0.9183,0.0,False,1.0,specificity_preserved
spacy,célébrer,célébrer,5,Comportementale,5,Joie,-0.0,0.0,5,Joie,-0.0,0.0,0.0,False,1.0,specificity_preserved
spacy,célébré,célébré,5,Comportementale,5,Joie,0.7219,0.7219,5,Joie,0.7219,0.7219,0.0,False,1.0,specificity_preserved
spacy,dangereuse,dangereux,13,Désignée,13,Peur,-0.0,0.0,13,Peur,-0.0,0.0,0.0,False,1.0,specificity_preserved
spacy,dangereuses,dangereuse,11,Désignée,11,Peur,-0.0,0.0,11,Peur,-0.0,0.0,0.0,False,1.0,specificity_preserved
spacy,dangereux,dangereu,56,Désignée,56,Peur,-0.0,0.0,56,Peur,-0.0,0.0,0.0,False,1.0,specificity_preserved
spacy,danse,danse,6,Suggérée,6,Joie,-0.0,0.0,6,Joie,-0.0,0.0,0.0,False,1.0,specificity_preserved
spacy,cu,cu,3,Montrée,3,Dégoût,0.9183,0.9183,3,Dégoût,0.9183,0.9183,0.0,False,1.0,specificity_preserved
spacy,peu,peu,8,Montrée,8,Colère,1.9056,0.9528,8,Colère,1.9056,0.9528,0.0,False,1.0,specificity_preserved
spacy,peur,peur,131,Désignée,131,Peur,0.0647,0.0647,131,Peur,0.0647,0.0647,0.0,False,1.0,specificity_preserved
spacy,pierre,pierre,5,Montrée,5,Colère,-0.0,0.0,5,Colère,-0.0,0.0,0.0,False,1.0,specificity_preserved
spacy,pk,pk,4,Montrée,4,Colère,-0.0,0.0,4,Colère,-0.0,0.0,0.0,False,1.0,specificity_preserved
spacy,plainte,plainte,8,Comportementale,8,Colère,-0.0,0.0,9,Colère,-0.0,0.0,0.0,False,0.8889,specificity_preserved
spacy,partout,partout,3,Suggérée,3,Fierté,1.585,1.0,3,Fierté,1.585,1.0,0.0,False,1.0,specificity_preserved
spacy,party,party,3,Suggérée,3,Joie,-0.0,0.0,3,Joie,-0.0,0.0,0.0,False,1.0,specificity_preserved
spacy,paul,paul,7,Montrée,7,Colère,0.8631,0.8631,7,Colère,0.8631,0.8631,0.0,False,1.0,specificity_preserved
spacy,deuil,deuil,4,Comportementale,4,Tristesse,-0.0,0.0,4,Tristesse,-0.0,0.0,0.0,False,1.0,specificity_preserved
spacy,deux,deux,11,Suggérée,11,Joie,2.2313,0.961,11,Joie,2.2313,0.961,0.0,False,1.0,specificity_preserved
spacy,deuxième,deuxième,4,Suggérée,4,Fierté,1.0,1.0,4,Fierté,1.0,1.0,0.0,False,1.0,specificity_preserved
spacy,dictature,dictature,6,Suggérée,6,Peur,1.2516,0.7897,6,Peur,1.2516,0.7897,0.0,False,1.0,specificity_preserved
spacy,discriminer,discriminer,3,Suggérée,3,Colère,1.585,1.0,3,Colère,1.585,1.0,0.0,False,1.0,specificity_preserved
spacy,croisière,croisière,4,Suggérée,4,Joie,0.8113,0.8113,4,Joie,0.8113,0.8113,0.0,False,1.0,specificity_preserved
spacy,craint,craindre,8,Désignée,8,Peur,-0.0,0.0,15,Peur,-0.0,0.0,0.0,False,0.5333,specificity_preserved
spacy,emporte,emporter,3,Comportementale,3,Colère,-0.0,0.0,4,Colère,-0.0,0.0,0.0,False,0.75,specificity_preserved
spacy,emprisonné,emprisonner,4,Suggérée,4,Peur,1.0,1.0,4,Peur,1.0,1.0,0.0,False,1.0,specificity_preserved
spacy,défendre,défendre,5,Comportementale,5,Peur,0.7219,0.7219,5,Peur,0.7219,0.7219,0.0,False,1.0,specificity_preserved
spacy,dégoût,dégoût,3,Désignée,3,Dégoût,0.9183,0.9183,3,Dégoût,0.9183,0.9183,0.0,False,1.0,specificity_preserved
spacy,déjà,déjà,20,Montrée,20,Surprise,1.9232,0.8283,20,Surprise,1.9232,0.8283,0.0,False,1.0,specificity_preserved
spacy,dénonce,dénonce,5,Comportementale,5,Colère,-0.0,0.0,5,Colère,-0.0,0.0,0.0,False,1.0,specificity_preserved
spacy,dénoncent,dénoncer,6,Comportementale,6,Colère,-0.0,0.0,26,Colère,-0.0,0.0,0.0,False,0.2308,specificity_preserved
spacy,dénoncer,dénoncer,8,Comportementale,8,Colère,-0.0,0.0,26,Colère,-0.0,0.0,0.0,False,0.3077,specificity_preserved
spacy,moqueries,moquerie,5,Suggérée,5,Embarras,0.7219,0.7219,5,Embarras,0.7219,0.7219,0.0,False,1.0,specificity_preserved
spacy,mouvement,mouvement,5,Comportementale,5,Colère,-0.0,0.0,6,Colère,-0.0,0.0,0.0,False,0.8333,specificity_preserved
spacy,muslim,muslim,3,Montrée,3,Colère,-0.0,0.0,3,Colère,-0.0,0.0,0.0,False,1.0,specificity_preserved
spacy,menaçante,menaçante,4,Désignée,4,Peur,-0.0,0.0,4,Peur,-0.0,0.0,0.0,False,1.0,specificity_preserved
spacy,mentir,mentir,4,Suggérée,4,Colère,-0.0,0.0,4,Colère,-0.0,0.0,0.0,False,1.0,specificity_preserved
spacy,déçu,déçu,5,Désignée,5,Tristesse,-0.0,0.0,5,Tristesse,-0.0,0.0,0.0,False,1.0,specificity_preserved
spacy,merveilleux,merveilleux,7,Désignée,7,Admiration,1.1488,0.7248,7,Admiration,1.1488,0.7248,0.0,False,1.0,specificity_preserved
spacy,mieux,mieux,8,Suggérée,8,Fierté,1.8113,0.9056,8,Fierté,1.8113,0.9056,0.0,False,1.0,specificity_preserved
spacy,millions,million,3,Suggérée,3,Joie,0.9183,0.9183,3,Joie,0.9183,0.9183,0.0,False,1.0,specificity_preserved
spacy,minable,minable,3,Désignée,3,Culpabilité,1.585,1.0,3,Culpabilité,1.585,1.0,0.0,False,1.0,specificity_preserved
spacy,misère,misère,3,Désignée,3,Tristesse,-0.0,0.0,3,Tristesse,-0.0,0.0,0.0,False,1.0,specificity_preserved
spacy,marre,marre,7,Désignée,7,Colère,-0.0,0.0,7,Colère,-0.0,0.0,0.0,False,1.0,specificity_preserved
spacy,maîtrise,maîtrise,3,Suggérée,3,Colère,1.585,1.0,3,Colère,1.585,1.0,0.0,False,1.0,specificity_preserved
spacy,enfin,enfin,3,Montrée,3,Colère,1.585,1.0,3,Colère,1.585,1.0,0.0,False,1.0,specificity_preserved
spacy,enthousiasme,enthousiasme,4,Désignée,8,Joie,-0.0,0.0,4,Joie,-0.0,0.0,0.0,False,1.0,specificity_preserved
spacy,enthousiasme,enthousiasmer,3,Désignée,8,Joie,-0.0,0.0,3,Joie,-0.0,0.0,0.0,False,1.0,specificity_preserved
spacy,envie,envie,3,Suggérée,3,Admiration,1.585,1.0,3,Admiration,1.585,1.0,0.0,False,1.0,specificity_preserved
spacy,etes,ete,4,Montrée,4,Colère,-0.0,0.0,4,Colère,-0.0,0.0,0.0,False,1.0,specificity_preserved
spacy,dîner,dîner,3,Suggérée,3,Joie,-0.0,0.0,3,Joie,-0.0,0.0,0.0,False,1.0,specificity_preserved
spacy,eau,eau,4,Suggérée,4,Peur,1.0,1.0,4,Peur,1.0,1.0,0.0,False,1.0,specificity_preserved
spacy,merci,merci,11,Montrée,11,Joie,1.3222,0.8342,11,Joie,1.3222,0.8342,0.0,False,1.0,specificity_preserved
spacy,déçue,déçue,6,Désignée,6,Tristesse,-0.0,0.0,6,Tristesse,-0.0,0.0,0.0,False,1.0,specificity_preserved
spacy,disputent,disputer,3,Comportementale,3,Colère,-0.0,0.0,7,Colère,-0.0,0.0,0.0,False,0.4286,specificity_preserved
spacy,nuage,nuage,3,Suggérée,3,Joie,0.9183,0.9183,3,Joie,0.9183,0.9183,0.0,False,1.0,specificity_preserved
spacy,négatives,négative,4,Suggérée,4,Embarras,1.0,1.0,4,Embarras,1.0,1.0,0.0,False,1.0,specificity_preserved
spacy,occasion,occasion,7,Suggérée,7,Joie,1.8424,0.9212,7,Joie,1.8424,0.9212,0.0,False,1.0,specificity_preserved
spacy,offert,offrir,3,Suggérée,3,Joie,-0.0,0.0,5,Joie,-0.0,0.0,0.0,False,0.6,specificity_preserved
spacy,oh,oh,18,Montrée,18,Surprise,1.4628,0.7314,18,Surprise,1.4628,0.7314,0.0,False,1.0,specificity_preserved
spacy,originale,original,3,Suggérée,3,Surprise,-0.0,0.0,3,Surprise,-0.0,0.0,0.0,False,1.0,specificity_preserved
spacy,mystérieux,mystérieux,3,Suggérée,3,Peur,0.9183,0.9183,3,Peur,0.9183,0.9183,0.0,False,1.0,specificity_preserved
spacy,mère,mère,3,Montrée,3,Colère,-0.0,0.0,3,Colère,-0.0,0.0,0.0,False,1.0,specificity_preserved
spacy,mécontentement,mécontentement,15,Désignée,15,Colère,-0.0,0.0,18,Colère,-0.0,0.0,0.0,False,0.8333,specificity_preserved
spacy,mécontentements,mécontentement,3,Désignée,3,Colère,-0.0,0.0,18,Colère,-0.0,0.0,0.0,False,0.1667,specificity_preserved
spacy,mécontents,mécontent,8,Désignée,8,Colère,-0.0,0.0,10,Colère,-0.0,0.0,0.0,False,0.8,specificity_preserved
spacy,médaille,médaill,6,Suggérée,10,Fierté,1.0,1.0,6,Fierté,1.0,1.0,0.0,False,1.0,specificity_preserved
spacy,emploi,emploi,3,Suggérée,3,Colère,1.585,1.0,3,Colère,1.585,1.0,0.0,False,1.0,specificity_preserved
spacy,méfiance,méfiance,5,Désignée,5,Peur,-0.0,0.0,5,Peur,-0.0,0.0,0.0,False,1.0,specificity_preserved
spacy,méfier,méfier,3,Comportementale,3,Peur,-0.0,0.0,7,Peur,-0.0,0.0,0.0,False,0.4286,specificity_preserved
spacy,national,national,3,Suggérée,3,Fierté,0.9183,0.9183,3,Fierté,0.9183,0.9183,0.0,False,1.0,specificity_preserved
spacy,nique,niqu,5,Montrée,5,Colère,-0.0,0.0,5,Colère,-0.0,0.0,0.0,False,1.0,specificity_preserved
spacy,nobel,nobel,4,Suggérée,4,Fierté,1.0,1.0,4,Fierté,1.0,1.0,0.0,False,1.0,specificity_preserved
spacy,monde,monde,16,Suggérée,16,Joie,1.7169,0.7394,16,Joie,1.7169,0.7394,0.0,False,1.0,specificity_preserved
spacy,mondiale,mondial,3,Suggérée,3,Fierté,1.585,1.0,3,Fierté,1.585,1.0,0.0,False,1.0,specificity_preserved
spacy,montre,montre,3,Montrée,3,Dégoût,0.9183,0.9183,3,Dégoût,0.9183,0.9183,0.0,False,1.0,specificity_preserved
spacy,effrayant,effrayer,3,Désignée,3,Peur,-0.0,0.0,11,Peur,-0.0,0.0,0.0,False,0.2727,specificity_preserved
spacy,effrayants,effrayant,5,Désignée,5,Peur,-0.0,0.0,6,Peur,-0.0,0.0,0.0,False,0.8333,specificity_preserved
spacy,effrayé,effrayer,5,Désignée,5,Peur,-0.0,0.0,11,Peur,-0.0,0.0,0.0,False,0.4545,specificity_preserved
spacy,eh,eh,4,Montrée,4,Surprise,0.8113,0.8113,4,Surprise,0.8113,0.8113,0.0,False,1.0,specificity_preserved
spacy,embêtant,embêtant,4,Désignée,4,Tristesse,-0.0,0.0,4,Tristesse,-0.0,0.0,0.0,False,1.0,specificity_preserved
spacy,embête,embête,5,Désignée,6,Tristesse,1.4591,0.9206,6,Tristesse,1.4591,0.9206,0.0,False,0.8333,specificity_preserved
spacy,médaille,médaille,4,Suggérée,10,Fierté,1.0,1.0,6,Fierté,1.0,1.0,0.0,False,0.6667,specificity_preserved
stanza,vs,voir,2,Montrée,9,Colère,-0.0,0.0,32,Colère,2.637,0.8319,2.637,False,0.0625,lemma_dilutes_surface
stanza,savoir,savoir,5,Montrée,5,Colère,-0.0,0.0,14,Colère,1.9502,0.7544,1.9502,False,0.3571,lemma_dilutes_surface
stanza,voient,voir,3,Suggérée,3,Colère,0.9183,0.9183,32,Colère,2.637,0.8319,1.7187,False,0.0938,lemma_dilutes_surface
stanza,plaignent,plaindre,3,Comportementale,3,Colère,-0.0,0.0,9,Colère,1.6577,0.8289,1.6577,False,0.3333,lemma_dilutes_surface
stanza,blagues,blague,5,Désignée,5,Joie,-0.0,0.0,11,Joie,1.6172,0.8086,1.6172,False,0.4545,lemma_dilutes_surface
stanza,porté,porter,4,Comportementale,4,Colère,-0.0,0.0,10,Colère,1.571,0.7855,1.571,False,0.4,lemma_dilutes_surface
stanza,attendait,attendre,3,Suggérée,3,Surprise,-0.0,0.0,12,Surprise,1.5511,0.7755,1.5511,False,0.25,lemma_dilutes_surface
stanza,viens,venir,2,Suggérée,3,Joie,0.9183,0.9183,12,Joie,2.3554,0.9112,1.4371,False,0.1667,lemma_dilutes_surface
stanza,news,new,3,Suggérée,3,Colère,-0.0,0.0,8,Joie,1.4056,0.8869,1.4056,True,0.375,lemma_dilutes_surface
stanza,lancé,lancer,3,Comportementale,3,Colère,-0.0,0.0,5,Colère,1.371,0.865,1.371,False,0.6,lemma_dilutes_surface
stanza,crient,crier,3,Comportementale,3,Peur,0.9183,0.9183,22,Peur,2.2713,0.8091,1.353,False,0.1364,lemma_dilutes_surface
stanza,sert,servir,3,Montrée,3,Colère,-0.0,0.0,8,Colère,1.2988,0.8194,1.2988,False,0.375,lemma_dilutes_surface
stanza,trouver,trouver,6,Suggérée,6,Peur,1.2516,0.7897,14,Peur,2.4956,0.889,1.244,False,0.4286,lemma_dilutes_surface
stanza,croire,croire,5,Suggérée,5,Surprise,0.7219,0.7219,19,Colère,1.9291,0.8308,1.2072,True,0.2632,lemma_dilutes_surface
stanza,imposer,imposer,3,Suggérée,3,Peur,0.9183,0.9183,11,Peur,2.1181,0.9122,1.1998,False,0.2727,lemma_dilutes_surface
stanza,attaquent,attaquer,3,Suggérée,3,Peur,-0.0,0.0,24,Peur,1.1964,0.7549,1.1964,False,0.125,lemma_dilutes_surface
stanza,beaux,beau,3,Suggérée,3,Joie,-0.0,0.0,24,Joie,1.1582,0.7308,1.1582,False,0.125,lemma_dilutes_surface
stanza,effondrer,effondrer,3,Suggérée,3,Peur,-0.0,0.0,10,Peur,1.1568,0.7298,1.1568,False,0.3,lemma_dilutes_surface
stanza,interdire,interdire,3,Comportementale,3,Colère,-0.0,0.0,7,Colère,1.1488,0.7248,1.1488,False,0.4286,lemma_dilutes_surface
stanza,révoltée,révolter,3,Comportementale,3,Colère,-0.0,0.0,7,Colère,1.1488,0.7248,1.1488,False,0.4286,lemma_dilutes_surface
stanza,prestigieux,prestigieux,3,Désignée,3,Admiration,-0.0,0.0,7,Admiration,1.1488,0.7248,1.1488,False,0.4286,lemma_dilutes_surface
stanza,arrivent,arriver,3,Suggérée,3,Tristesse,0.9183,0.9183,10,Surprise,2.0464,0.8814,1.1281,True,0.3,lemma_dilutes_surface
stanza,trouvé,trouver,5,Suggérée,5,Joie,1.371,0.865,14,Peur,2.4956,0.889,1.1246,True,0.3571,lemma_dilutes_surface
stanza,pleure,pleurer,5,Comportementale,5,Tristesse,-0.0,0.0,45,Tristesse,1.1245,0.7095,1.1245,False,0.1111,lemma_dilutes_surface
stanza,mortes,mort,4,Suggérée,4,Peur,1.0,1.0,28,Tristesse,2.1017,0.7487,1.1017,True,0.1429,lemma_dilutes_surface
stanza,réussir,réussir,3,Suggérée,3,Colère,1.585,1.0,19,Joie,2.6498,0.9439,1.0648,True,0.1579,lemma_dilutes_surface
stanza,joué,jouer,3,Suggérée,3,Joie,0.9183,0.9183,9,Joie,1.9749,0.9875,1.0566,False,0.3333,lemma_dilutes_surface
stanza,voit,voir,3,Suggérée,3,Colère,1.585,1.0,32,Colère,2.637,0.8319,1.052,False,0.0938,lemma_dilutes_surface
stanza,passe,passer,5,Montrée,5,Peur,0.971,0.971,14,Peur,2.0202,0.8701,1.0492,False,0.3571,lemma_dilutes_surface
stanza,malades,malade,3,Suggérée,3,Peur,0.9183,0.9183,10,Peur,1.961,0.8445,1.0427,False,0.3,lemma_dilutes_surface
stanza,continue,continuer,4,Suggérée,4,Colère,0.8113,0.8113,7,Colère,1.8424,0.9212,1.0311,False,0.5714,lemma_dilutes_surface
stanza,montre,montrer,2,Montrée,3,Dégoût,0.9183,0.9183,5,Fierté,1.9219,0.961,1.0036,True,0.4,lemma_dilutes_surface
stanza,tiré,tirer,3,Suggérée,3,Peur,-0.0,0.0,6,Joie,1.0,1.0,1.0,True,0.5,lemma_dilutes_surface
stanza,danse,danser,1,Suggérée,6,Joie,-0.0,0.0,13,Joie,0.9913,0.6254,0.9913,False,0.0769,lemma_dilutes_surface
stanza,petite,petit,4,Suggérée,4,Joie,0.8113,0.8113,16,Joie,1.7947,0.773,0.9834,False,0.25,lemma_dilutes_surface
stanza,noire,noir,4,Suggérée,4,Joie,1.5,0.9464,11,Tristesse,2.4817,0.9601,0.9817,True,0.3636,lemma_dilutes_surface
stanza,demander,demander,3,Suggérée,3,Colère,0.9183,0.9183,13,Colère,1.8843,0.9422,0.966,False,0.2308,lemma_dilutes_surface
stanza,noir,noir,5,Suggérée,5,Colère,1.5219,0.9602,11,Tristesse,2.4817,0.9601,0.9598,True,0.4545,lemma_dilutes_surface
stanza,volé,voler,4,Suggérée,4,Colère,0.8113,0.8113,8,Colère,1.75,0.875,0.9387,False,0.5,lemma_dilutes_surface
stanza,partir,partir,5,Suggérée,5,Tristesse,0.7219,0.7219,9,Tristesse,1.6577,0.8289,0.9358,False,0.5556,lemma_dilutes_surface
stanza,grands,grand,3,Suggérée,3,Fierté,1.585,1.0,25,Joie,2.5125,0.895,0.9275,True,0.12,lemma_dilutes_surface
stanza,rendre,rendre,5,Comportementale,5,Tristesse,0.971,0.971,13,Tristesse,1.892,0.8148,0.921,False,0.3846,lemma_dilutes_surface
stanza,violents,violent,3,Suggérée,3,Peur,-0.0,0.0,21,Peur,0.8929,0.5634,0.8929,False,0.1429,lemma_dilutes_surface
stanza,folle,fou,4,Suggérée,4,Joie,1.5,0.9464,24,Colère,2.3699,0.8442,0.8699,True,0.1667,lemma_dilutes_surface
stanza,pensé,penser,3,Suggérée,3,Dégoût,1.585,1.0,10,Colère,2.4464,0.9464,0.8614,True,0.3,lemma_dilutes_surface
stanza,tomber,tomber,4,Suggérée,4,Tristesse,0.8113,0.8113,7,Tristesse,1.6645,0.8322,0.8532,False,0.5714,lemma_dilutes_surface
stanza,arrêté,arrêter,5,Comportementale,5,Colère,0.7219,0.7219,22,Colère,1.5633,0.7816,0.8414,False,0.2273,lemma_dilutes_surface
stanza,main,main,3,Comportementale,3,Joie,0.9183,0.9183,8,Joie,1.75,0.875,0.8317,False,0.375,lemma_dilutes_surface
stanza,battu,battre,4,Suggérée,4,Joie,1.5,0.9464,13,Colère,2.3158,0.8959,0.8158,True,0.3077,lemma_dilutes_surface
stanza,amusant,amuser,2,Comportementale,8,Joie,0.8113,0.8113,37,Joie,-0.0,0.0,-0.8113,False,0.0541,lemma_reveals_family
stanza,reçu,recevoir,6,Suggérée,6,Fierté,1.0,1.0,8,Fierté,1.8113,0.9056,0.8113,False,0.75,lemma_dilutes_surface
stanza,accident,accident,3,Suggérée,3,Peur,-0.0,0.0,4,Peur,0.8113,0.8113,0.8113,False,0.75,lemma_dilutes_surface
stanza,dommage,dommage,3,Suggérée,3,Tristesse,-0.0,0.0,4,Tristesse,0.8113,0.8113,0.8113,False,0.75,lemma_dilutes_surface
stanza,animaux,animal,3,Suggérée,3,Peur,-0.0,0.0,4,Peur,0.8113,0.8113,0.8113,False,0.75,lemma_dilutes_surface
stanza,morts,mort,7,Suggérée,8,Tristesse,1.2988,0.8194,28,Tristesse,2.1017,0.7487,0.8029,False,0.25,lemma_dilutes_surface
stanza,mis,mettre,5,Comportementale,5,Tristesse,0.971,0.971,18,Colère,1.7652,0.8826,0.7942,True,0.2778,lemma_dilutes_surface
stanza,vécue,vivre,4,Suggérée,4,Tristesse,1.5,0.9464,13,Tristesse,2.2878,0.885,0.7878,False,0.3077,lemma_dilutes_surface
stanza,vivent,vivre,4,Suggérée,4,Tristesse,1.5,0.9464,13,Tristesse,2.2878,0.885,0.7878,False,0.3077,lemma_dilutes_surface
stanza,sent,sentir,4,Suggérée,4,Joie,1.5,0.9464,12,Joie,2.2842,0.8836,0.7842,False,0.3333,lemma_dilutes_surface
stanza,bonne,bon,14,Suggérée,14,Joie,0.9464,0.5971,43,Joie,1.7293,0.616,0.7829,False,0.3256,lemma_dilutes_surface
stanza,coups,coup,11,Suggérée,11,Peur,1.5726,0.9922,19,Colère,2.3546,0.9109,0.782,True,0.5789,lemma_dilutes_surface
stanza,jours,jour,4,Suggérée,4,Joie,1.5,0.9464,9,Joie,2.281,0.8824,0.781,False,0.4444,lemma_dilutes_surface
stanza,crie,crier,4,Comportementale,4,Colère,1.5,0.9464,22,Peur,2.2713,0.8091,0.7713,True,0.1818,lemma_dilutes_surface
stanza,choquée,choquer,3,Désignée,3,Surprise,0.9183,0.9183,45,Surprise,1.6815,0.8407,0.7632,False,0.0667,lemma_dilutes_surface
stanza,grande,grand,8,Suggérée,8,Joie,1.75,0.875,25,Joie,2.5125,0.895,0.7625,False,0.32,lemma_dilutes_surface
stanza,quel,quel,3,Montrée,3,Joie,0.9183,0.9183,7,Joie,1.6645,0.8322,0.7462,False,0.4286,lemma_dilutes_surface
stanza,pauvre,pauvre,5,Montrée,5,Tristesse,0.7219,0.7219,11,Tristesse,1.4354,0.9056,0.7135,False,0.4545,lemma_dilutes_surface
stanza,choqués,choquer,5,Désignée,5,Surprise,0.971,0.971,45,Surprise,1.6815,0.8407,0.7105,False,0.1111,lemma_dilutes_surface
stanza,pris,prendre,7,Suggérée,7,Peur,1.3788,0.8699,22,Peur,2.0876,0.8076,0.7088,False,0.3182,lemma_dilutes_surface
stanza,senti,sentir,3,Comportementale,3,Peur,1.585,1.0,12,Joie,2.2842,0.8836,0.6992,True,0.25,lemma_dilutes_surface
stanza,moquer,moquer,5,Suggérée,5,Embarras,1.371,0.865,9,Embarras,2.0588,0.8867,0.6878,False,0.5556,lemma_dilutes_surface
stanza,amusante,amusant,3,Désignée,3,Joie,-0.0,0.0,11,Joie,0.684,0.684,0.684,False,0.2727,lemma_dilutes_surface
stanza,new,new,5,Suggérée,5,Joie,0.7219,0.7219,8,Joie,1.4056,0.8869,0.6837,False,0.625,lemma_dilutes_surface
stanza,harcelé,harceler,4,Suggérée,4,Tristesse,0.8113,0.8113,14,Tristesse,1.4838,0.7419,0.6725,False,0.2857,lemma_dilutes_surface
stanza,raconte,raconter,2,Montrée,3,Colère,1.585,1.0,3,Colère,0.9183,0.9183,-0.6667,False,0.6667,lemma_reveals_family
stanza,danseur,danseur,3,Suggérée,3,Joie,1.585,1.0,6,Joie,2.2516,0.9697,0.6666,False,0.5,lemma_dilutes_surface
stanza,danseurs,danseur,3,Suggérée,3,Admiration,1.585,1.0,6,Joie,2.2516,0.9697,0.6666,True,0.5,lemma_dilutes_surface
stanza,devenir,devenir,4,Suggérée,4,Joie,1.5,0.9464,8,Joie,2.1556,0.9284,0.6556,False,0.5,lemma_dilutes_surface
stanza,encourager,encourager,4,Suggérée,4,Joie,-0.0,0.0,6,Joie,0.65,0.65,0.65,False,0.6667,lemma_dilutes_surface
stanza,arrete,arreter,5,Montrée,7,Colère,-0.0,0.0,6,Colère,0.65,0.65,0.65,False,0.8333,lemma_dilutes_surface
stanza,revendique,revendiquer,3,Comportementale,3,Colère,-0.0,0.0,6,Colère,0.65,0.65,0.65,False,0.5,lemma_dilutes_surface
stanza,oeil,œil,6,Suggérée,6,Colère,1.7925,0.8962,17,Colère,2.4419,0.8698,0.6494,False,0.3529,lemma_dilutes_surface
stanza,agression,agression,3,Suggérée,3,Tristesse,0.9183,0.9183,8,Peur,1.5613,0.9851,0.643,True,0.375,lemma_dilutes_surface
stanza,fières,fier,3,Désignée,3,Fierté,0.9183,0.9183,21,Fierté,0.2762,0.2762,-0.6421,False,0.1429,lemma_reveals_family
stanza,pleurer,pleurer,19,Comportementale,19,Tristesse,0.4855,0.4855,45,Tristesse,1.1245,0.7095,0.639,False,0.4222,lemma_dilutes_surface
stanza,enfermés,enfermer,3,Suggérée,3,Peur,0.9183,0.9183,7,Tristesse,1.5567,0.9821,0.6384,True,0.4286,lemma_dilutes_surface
stanza,enfermer,enfermer,3,Comportementale,3,Tristesse,0.9183,0.9183,7,Tristesse,1.5567,0.9821,0.6384,False,0.4286,lemma_dilutes_surface
stanza,remporter,remporter,8,Suggérée,8,Joie,0.8113,0.8113,31,Joie,1.4474,0.7237,0.6361,False,0.2581,lemma_dilutes_surface
stanza,faudrait,falloir,4,Suggérée,4,Tristesse,1.5,0.9464,17,Colère,2.1334,0.9188,0.6334,True,0.2353,lemma_dilutes_surface
stanza,attendre,attendre,3,Suggérée,3,Joie,0.9183,0.9183,12,Surprise,1.5511,0.7755,0.6328,True,0.25,lemma_dilutes_surface
stanza,prendre,prendre,6,Suggérée,6,Colère,1.4591,0.9206,22,Peur,2.0876,0.8076,0.6285,True,0.2727,lemma_dilutes_surface
stanza,filles,fille,3,Suggérée,3,Tristesse,0.9183,0.9183,5,Surprise,1.5219,0.9602,0.6036,True,0.6,lemma_dilutes_surface
stanza,impose,imposer,5,Suggérée,5,Colère,1.5219,0.9602,11,Peur,2.1181,0.9122,0.5962,True,0.4545,lemma_dilutes_surface
stanza,critique,critique,8,Comportementale,8,Colère,-0.0,0.0,14,Colère,0.5917,0.5917,0.5917,False,0.5714,lemma_dilutes_surface
stanza,protester,protester,18,Comportementale,18,Colère,-0.0,0.0,33,Colère,0.5836,0.2918,0.5836,False,0.5455,lemma_dilutes_surface
stanza,protestent,protester,4,Comportementale,4,Colère,-0.0,0.0,33,Colère,0.5836,0.2918,0.5836,False,0.1212,lemma_dilutes_surface
stanza,baissant,baisser,3,Comportementale,3,Peur,0.9183,0.9183,4,Peur,1.5,0.9464,0.5817,False,0.75,lemma_dilutes_surface
stanza,rate,rater,3,Suggérée,3,Tristesse,0.9183,0.9183,4,Tristesse,1.5,0.9464,0.5817,False,0.75,lemma_dilutes_surface
stanza,gronder,gronder,3,Suggérée,3,Colère,0.9183,0.9183,4,Colère,1.5,0.9464,0.5817,False,0.75,lemma_dilutes_surface
stanza,torturés,torturer,3,Suggérée,3,Peur,0.9183,0.9183,4,Peur,1.5,0.9464,0.5817,False,0.75,lemma_dilutes_surface
stanza,perdre,perdre,3,Suggérée,3,Peur,0.9183,0.9183,17,Tristesse,1.4969,0.7485,0.5786,True,0.1765,lemma_dilutes_surface
stanza,fous,fou,6,Suggérée,6,Peur,1.7925,0.8962,24,Colère,2.3699,0.8442,0.5774,True,0.25,lemma_dilutes_surface
stanza,arrêter,arrêter,9,Montrée,9,Colère,0.9864,0.6224,22,Colère,1.5633,0.7816,0.5769,False,0.4091,lemma_dilutes_surface
stanza,harceler,harceler,3,Suggérée,3,Colère,0.9183,0.9183,14,Tristesse,1.4838,0.7419,0.5655,True,0.2143,lemma_dilutes_surface
stanza,danseuse,danseuse,4,Suggérée,5,Joie,1.371,0.865,4,Joie,0.8113,0.8113,-0.5597,False,1.0,lemma_reveals_family
stanza,place,place,4,Comportementale,4,Colère,0.8113,0.8113,5,Colère,1.371,0.865,0.5597,False,0.8,lemma_dilutes_surface
stanza,mots,mot,4,Suggérée,4,Joie,1.5,0.9464,9,Joie,2.0588,0.8867,0.5588,False,0.4444,lemma_dilutes_surface
stanza,impressionné,impressionner,4,Désignée,4,Admiration,1.5,0.9464,12,Admiration,2.0546,0.8849,0.5546,False,0.3333,lemma_dilutes_surface
stanza,arrive,arriver,4,Montrée,4,Surprise,1.5,0.9464,10,Surprise,2.0464,0.8814,0.5464,False,0.4,lemma_dilutes_surface
stanza,tranquille,tranquille,7,Montrée,7,Colère,-0.0,0.0,8,Colère,0.5436,0.5436,0.5436,False,0.875,lemma_dilutes_surface
stanza,oppose,opposer,3,Comportementale,3,Colère,-0.0,0.0,8,Colère,0.5436,0.5436,0.5436,False,0.375,lemma_dilutes_surface
stanza,mauvais,mauvais,7,Suggérée,7,Colère,1.1488,0.7248,21,Colère,1.6909,0.8455,0.5421,False,0.3333,lemma_dilutes_surface
stanza,entrez,entrer,3,Suggérée,3,Joie,0.9183,0.9183,6,Joie,1.4591,0.9206,0.5408,False,0.5,lemma_dilutes_surface
stanza,maison,maison,5,Suggérée,6,Peur,1.9183,0.9591,7,Peur,1.3788,0.8699,-0.5395,False,0.7143,lemma_reveals_family
stanza,mot,mot,5,Comportementale,5,Joie,1.5219,0.9602,9,Joie,2.0588,0.8867,0.5369,False,0.5556,lemma_dilutes_surface
stanza,rit,rire,4,Comportementale,4,Joie,-0.0,0.0,32,Joie,0.535,0.3375,0.535,False,0.125,lemma_dilutes_surface
stanza,regarde,regarder,5,Montrée,5,Colère,0.7219,0.7219,6,Colère,1.2516,0.7897,0.5297,False,0.8333,lemma_dilutes_surface
stanza,remportée,remporter,3,Suggérée,3,Joie,0.9183,0.9183,31,Joie,1.4474,0.7237,0.5291,False,0.0968,lemma_dilutes_surface
stanza,piles,pile,8,Suggérée,8,Peur,1.0,1.0,10,Peur,1.5219,0.9602,0.5219,False,0.8,lemma_dilutes_surface
stanza,heure,heure,4,Suggérée,4,Joie,1.0,1.0,5,Joie,1.5219,0.9602,0.5219,False,0.8,lemma_dilutes_surface
stanza,aucune,aucun,4,Suggérée,4,Colère,1.0,1.0,5,Colère,1.5219,0.9602,0.5219,False,0.8,lemma_dilutes_surface
stanza,voir,voir,11,Suggérée,11,Colère,2.1181,0.9122,32,Colère,2.637,0.8319,0.5189,False,0.3438,lemma_dilutes_surface
stanza,grandes,grand,4,Suggérée,4,Colère,2.0,1.0,25,Joie,2.5125,0.895,0.5125,True,0.16,lemma_dilutes_surface
stanza,difficiles,difficile,10,Suggérée,10,Peur,1.5219,0.9602,27,Tristesse,2.0265,0.7839,0.5046,True,0.3704,lemma_dilutes_surface
stanza,enfuir,enfuir,3,Comportementale,3,Peur,-0.0,0.0,9,Peur,0.5033,0.5033,0.5033,False,0.3333,lemma_dilutes_surface
stanza,subissent,subir,3,Désignée,3,Tristesse,-0.0,0.0,9,Tristesse,0.5033,0.5033,0.5033,False,0.3333,lemma_dilutes_surface
stanza,fou,fou,14,Montrée,14,Colère,1.8703,0.8055,24,Colère,2.3699,0.8442,0.4996,False,0.5833,lemma_dilutes_surface
stanza,yeux,œil,10,Suggérée,10,Surprise,1.961,0.8445,17,Colère,2.4419,0.8698,0.4809,True,0.5882,lemma_dilutes_surface
stanza,parler,parler,11,Montrée,11,Colère,1.6729,0.7205,21,Colère,2.1533,0.7178,0.4804,False,0.5238,lemma_dilutes_surface
stanza,choquant,choquant,5,Désignée,5,Colère,0.971,0.971,21,Surprise,1.4412,0.9093,0.4702,True,0.2381,lemma_dilutes_surface
stanza,croit,croire,6,Montrée,6,Colère,1.4591,0.9206,19,Colère,1.9291,0.8308,0.47,False,0.3158,lemma_dilutes_surface
stanza,affrontent,affronter,3,Comportementale,3,Colère,-0.0,0.0,10,Colère,0.469,0.469,0.469,False,0.3,lemma_dilutes_surface
stanza,incroyable,incroyable,7,Désignée,7,Surprise,-0.0,0.0,10,Surprise,0.469,0.469,0.469,False,0.7,lemma_dilutes_surface
stanza,affrontés,affronter,3,Comportementale,3,Colère,-0.0,0.0,10,Colère,0.469,0.469,0.469,False,0.3,lemma_dilutes_surface
stanza,célébrer,célébrer,5,Comportementale,5,Joie,-0.0,0.0,10,Joie,0.469,0.469,0.469,False,0.5,lemma_dilutes_surface
stanza,ferme,fermer,3,Montrée,9,Colère,1.4466,0.7233,7,Colère,0.9852,0.9852,-0.4614,False,0.4286,lemma_reveals_family
stanza,records,record,5,Suggérée,5,Fierté,1.5219,0.9602,21,Fierté,1.9814,0.9907,0.4595,False,0.2381,lemma_dilutes_surface
stanza,vexé,vexer,4,Désignée,4,Embarras,1.0,1.0,6,Tristesse,1.4591,0.9206,0.4591,True,0.6667,lemma_dilutes_surface
stanza,vexe,vexer,2,Désignée,4,Colère,1.0,1.0,6,Tristesse,1.4591,0.9206,0.4591,True,0.3333,lemma_dilutes_surface
stanza,détruites,détruire,4,Suggérée,4,Peur,1.0,1.0,12,Peur,1.4591,0.9206,0.4591,False,0.3333,lemma_dilutes_surface
stanza,jouer,jouer,5,Montrée,5,Colère,1.5219,0.9602,9,Joie,1.9749,0.9875,0.453,True,0.5556,lemma_dilutes_surface
stanza,mariés,marier,1,Suggérée,3,Tristesse,0.9183,0.9183,5,Joie,1.371,0.865,0.4527,True,0.2,lemma_dilutes_surface
stanza,rêver,rêver,3,Suggérée,3,Joie,0.9183,0.9183,5,Joie,1.371,0.865,0.4527,False,0.6,lemma_dilutes_surface
stanza,blessés,blessé,3,Suggérée,3,Peur,0.9183,0.9183,5,Peur,1.371,0.865,0.4527,False,0.6,lemma_dilutes_surface
stanza,graves,grave,7,Suggérée,7,Colère,1.3788,0.8699,36,Peur,1.8307,0.7884,0.4519,True,0.1944,lemma_dilutes_surface
stanza,incroyables,incroyable,3,Désignée,3,Surprise,0.9183,0.9183,10,Surprise,0.469,0.469,-0.4493,False,0.3,lemma_reveals_family
stanza,affronter,affronter,3,Comportementale,3,Colère,0.9183,0.9183,10,Colère,0.469,0.469,-0.4493,False,0.3,lemma_reveals_family
stanza,aimerais,aimer,5,Montrée,5,Colère,1.9219,0.961,21,Colère,2.3671,0.9157,0.4452,False,0.2381,lemma_dilutes_surface
stanza,laissez,laisser,3,Montrée,3,Colère,0.9183,0.9183,19,Colère,1.3605,0.6803,0.4422,False,0.1579,lemma_dilutes_surface
stanza,laisse,laisser,6,Montrée,6,Colère,0.9183,0.9183,19,Colère,1.3605,0.6803,0.4422,False,0.3158,lemma_dilutes_surface
stanza,marrantes,marrant,3,Désignée,3,Joie,-0.0,0.0,11,Joie,0.4395,0.4395,0.4395,False,0.2727,lemma_dilutes_surface
stanza,belle,beau,5,Suggérée,5,Joie,0.7219,0.7219,24,Joie,1.1582,0.7308,0.4363,False,0.2083,lemma_dilutes_surface
stanza,prestigieuse,prestigieux,3,Suggérée,3,Admiration,1.585,1.0,7,Admiration,1.1488,0.7248,-0.4362,False,0.4286,lemma_reveals_family
stanza,respecter,respecter,5,Suggérée,5,Colère,0.7219,0.7219,10,Colère,1.1568,0.7298,0.4349,False,0.5,lemma_dilutes_surface
stanza,renvoyé,renvoyer,5,Suggérée,5,Tristesse,0.971,0.971,8,Peur,1.4056,0.8869,0.4346,True,0.625,lemma_dilutes_surface
stanza,cru,croire,4,Montrée,4,Colère,1.5,0.9464,19,Colère,1.9291,0.8308,0.4291,False,0.2105,lemma_dilutes_surface
stanza,effondrée,effondrer,3,Suggérée,3,Peur,1.585,1.0,10,Peur,1.1568,0.7298,-0.4282,False,0.3,lemma_reveals_family
stanza,julien,julien,5,Montrée,7,Colère,1.1488,0.7248,5,Colère,0.7219,0.7219,-0.4269,False,1.0,lemma_reveals_family
stanza,prend,prendre,7,Suggérée,7,Colère,1.6645,0.8322,22,Peur,2.0876,0.8076,0.4231,True,0.3182,lemma_dilutes_surface
stanza,important,important,4,Suggérée,4,Fierté,1.5,0.9464,5,Fierté,1.9219,0.961,0.4219,False,0.8,lemma_dilutes_surface
stanza,conflits,conflit,4,Comportementale,4,Colère,0.8113,0.8113,13,Colère,0.3912,0.3912,-0.4201,False,0.3077,lemma_reveals_family
stanza,menaçait,menacer,4,Désignée,4,Peur,-0.0,0.0,47,Peur,0.4199,0.4199,0.4199,False,0.0851,lemma_dilutes_surface
stanza,menacés,menacer,6,Désignée,6,Peur,-0.0,0.0,47,Peur,0.4199,0.4199,0.4199,False,0.1277,lemma_dilutes_surface
stanza,menacée,menacer,3,Désignée,3,Peur,-0.0,0.0,47,Peur,0.4199,0.4199,0.4199,False,0.0638,lemma_dilutes_surface
stanza,menacent,menacer,7,Désignée,7,Peur,-0.0,0.0,47,Peur,0.4199,0.4199,0.4199,False,0.1489,lemma_dilutes_surface
stanza,subir,subir,3,Désignée,3,Tristesse,0.9183,0.9183,9,Tristesse,0.5033,0.5033,-0.415,False,0.3333,lemma_reveals_family
stanza,feu,feu,3,Suggérée,3,Colère,1.585,1.0,4,Colère,2.0,1.0,0.415,False,0.75,lemma_dilutes_surface
stanza,courir,courir,3,Suggérée,3,Colère,1.585,1.0,4,Colère,2.0,1.0,0.415,False,0.75,lemma_dilutes_surface
stanza,inquiète,inquiet,23,Désignée,36,Peur,0.4138,0.4138,44,Peur,-0.0,0.0,-0.4138,False,0.5227,lemma_reveals_family
stanza,tendues,tendu,6,Suggérée,6,Colère,-0.0,0.0,12,Colère,0.4138,0.4138,0.4138,False,0.5,lemma_dilutes_surface
stanza,surprises,surprise,5,Désignée,5,Surprise,-0.0,0.0,46,Surprise,0.4077,0.2572,0.4077,False,0.1087,lemma_dilutes_surface
stanza,inquiétant,inquiéter,6,Désignée,6,Peur,-0.0,0.0,37,Peur,0.406,0.406,0.406,False,0.1622,lemma_dilutes_surface
stanza,inquiètent,inquiéter,13,Désignée,13,Peur,-0.0,0.0,37,Peur,0.406,0.406,0.406,False,0.3514,lemma_dilutes_surface
stanza,tendue,tendu,4,Désignée,4,Colère,0.8113,0.8113,12,Colère,0.4138,0.4138,-0.3975,False,0.3333,lemma_reveals_family
stanza,travailler,travailler,10,Comportementale,10,Colère,0.469,0.469,11,Colère,0.8659,0.5463,0.3969,False,0.9091,lemma_dilutes_surface
stanza,dur,dur,10,Suggérée,10,Tristesse,1.1568,0.7298,12,Tristesse,1.5511,0.7755,0.3943,False,0.8333,lemma_dilutes_surface
stanza,battre,battre,5,Comportementale,5,Colère,1.9219,0.961,13,Colère,2.3158,0.8959,0.3939,False,0.3846,lemma_dilutes_surface
stanza,réussi,réussir,13,Suggérée,13,Joie,2.2578,0.9724,19,Joie,2.6498,0.9439,0.392,False,0.6842,lemma_dilutes_surface
stanza,menaçant,menacer,4,Désignée,4,Peur,0.8113,0.8113,47,Peur,0.4199,0.4199,-0.3914,False,0.0851,lemma_reveals_family
stanza,conflit,conflit,9,Comportementale,9,Colère,-0.0,0.0,13,Colère,0.3912,0.3912,0.3912,False,0.6923,lemma_dilutes_surface
stanza,mere,mere,11,Montrée,11,Colère,-0.0,0.0,13,Colère,0.3912,0.3912,0.3912,False,0.8462,lemma_dilutes_surface
stanza,violent,violent,9,Suggérée,9,Peur,0.5033,0.5033,21,Peur,0.8929,0.5634,0.3896,False,0.4286,lemma_dilutes_surface
stanza,empêcher,empêcher,5,Suggérée,5,Joie,1.5219,0.9602,8,Peur,1.9056,0.9528,0.3837,True,0.625,lemma_dilutes_surface
stanza,osent,oser,3,Comportementale,3,Embarras,0.9183,0.9183,8,Embarras,1.2988,0.8194,0.3805,False,0.375,lemma_dilutes_surface
stanza,premier,premier,4,Suggérée,4,Colère,2.0,1.0,18,Joie,2.3774,0.9197,0.3774,True,0.2222,lemma_dilutes_surface
stanza,aimer,aimer,4,Suggérée,4,Colère,2.0,1.0,21,Colère,2.3671,0.9157,0.3671,False,0.1905,lemma_dilutes_surface
stanza,aime,aimer,4,Suggérée,4,Colère,2.0,1.0,21,Colère,2.3671,0.9157,0.3671,False,0.1905,lemma_dilutes_surface
stanza,vivre,vivre,5,Suggérée,5,Colère,1.9219,0.961,13,Tristesse,2.2878,0.885,0.3659,True,0.3846,lemma_dilutes_surface
stanza,insultent,insulter,3,Suggérée,3,Colère,1.585,1.0,22,Embarras,1.2197,0.7696,-0.3653,True,0.1364,lemma_reveals_family
stanza,histoire,histoire,6,Suggérée,6,Fierté,1.585,1.0,7,Fierté,1.9502,0.9751,0.3652,False,0.8571,lemma_dilutes_surface
stanza,jour,jour,5,Suggérée,5,Joie,1.9219,0.961,9,Joie,2.281,0.8824,0.3591,False,0.5556,lemma_dilutes_surface
stanza,violentes,violent,6,Suggérée,6,Peur,1.2516,0.7897,21,Peur,0.8929,0.5634,-0.3587,False,0.2857,lemma_reveals_family
stanza,porter,porter,5,Comportementale,5,Colère,1.9219,0.961,10,Colère,1.571,0.7855,-0.3509,False,0.5,lemma_reveals_family
stanza,ferme,ferme,6,Montrée,9,Colère,1.4466,0.7233,6,Colère,1.7925,0.8962,0.3459,False,1.0,lemma_dilutes_surface
stanza,exceptionnelle,exceptionnel,4,Désignée,4,Surprise,0.8113,0.8113,10,Surprise,1.1568,0.7298,0.3455,False,0.4,lemma_dilutes_surface
stanza,drôles,drôle,5,Suggérée,5,Surprise,0.971,0.971,47,Surprise,1.3148,0.6574,0.3438,False,0.1064,lemma_dilutes_surface
stanza,juive,juif,4,Montrée,4,Colère,1.5,0.9464,7,Colère,1.8424,0.9212,0.3424,False,0.5714,lemma_dilutes_surface
stanza,tuer,tuer,7,Suggérée,7,Colère,1.3788,0.8699,34,Colère,1.7178,0.8589,0.339,False,0.2059,lemma_dilutes_surface
stanza,refuse,refuser,9,Comportementale,9,Colère,-0.0,0.0,16,Colère,0.3373,0.3373,0.3373,False,0.5625,lemma_dilutes_surface
stanza,refusé,refuser,3,Comportementale,3,Colère,-0.0,0.0,16,Colère,0.3373,0.3373,0.3373,False,0.1875,lemma_dilutes_surface
stanza,tombe,tomber,3,Montrée,4,Embarras,2.0,1.0,7,Tristesse,1.6645,0.8322,-0.3355,True,0.4286,lemma_reveals_family
stanza,grosse,gros,16,Montrée,16,Colère,1.1982,0.756,46,Colère,1.5328,0.6602,0.3346,False,0.3478,lemma_dilutes_surface
stanza,arraché,arracher,3,Suggérée,3,Colère,1.585,1.0,6,Colère,1.9183,0.9591,0.3333,False,0.5,lemma_dilutes_surface
stanza,critiques,critique,6,Comportementale,6,Colère,0.9183,0.9183,14,Colère,0.5917,0.5917,-0.3266,False,0.4286,lemma_reveals_family
stanza,déçu,décevoir,5,Désignée,5,Tristesse,-0.0,0.0,17,Tristesse,0.3228,0.3228,0.3228,False,0.2941,lemma_dilutes_surface
stanza,déçue,décevoir,6,Désignée,6,Tristesse,-0.0,0.0,17,Tristesse,0.3228,0.3228,0.3228,False,0.3529,lemma_dilutes_surface
stanza,déçus,décevoir,4,Désignée,4,Tristesse,-0.0,0.0,17,Tristesse,0.3228,0.3228,0.3228,False,0.2353,lemma_dilutes_surface
stanza,suivie,suivre,4,Suggérée,4,Admiration,2.0,1.0,5,Admiration,2.3219,1.0,0.3219,False,0.8,lemma_dilutes_surface
stanza,quitté,quitter,5,Comportementale,5,Peur,1.371,0.865,18,Peur,1.0529,0.6643,-0.3181,False,0.2778,lemma_reveals_family
stanza,mettre,mettre,7,Comportementale,7,Colère,1.4488,0.9141,18,Colère,1.7652,0.8826,0.3164,False,0.3889,lemma_dilutes_surface
stanza,tués,tuer,8,Suggérée,8,Peur,1.4056,0.8869,34,Colère,1.7178,0.8589,0.3122,True,0.2353,lemma_dilutes_surface
stanza,guerres,guerre,3,Suggérée,3,Colère,1.585,1.0,37,Peur,1.273,0.8032,-0.312,True,0.0811,lemma_reveals_family
stanza,bon,bon,25,Suggérée,25,Joie,2.0317,0.7237,43,Joie,1.7293,0.616,-0.3024,False,0.5814,lemma_reveals_family
stanza,menacé,menacer,10,Désignée,10,Peur,0.7219,0.7219,47,Peur,0.4199,0.4199,-0.302,False,0.2128,lemma_reveals_family
stanza,insulté,insulter,6,Désignée,6,Embarras,0.9183,0.9183,22,Embarras,1.2197,0.7696,0.3014,False,0.2727,lemma_dilutes_surface
stanza,meilleure,meilleur,5,Suggérée,5,Joie,0.971,0.971,16,Fierté,1.2718,0.8024,0.3008,True,0.3125,lemma_dilutes_surface
stanza,laisser,laisser,8,Suggérée,8,Colère,1.0613,0.6696,19,Colère,1.3605,0.6803,0.2992,False,0.4211,lemma_dilutes_surface
stanza,accusés,accuser,6,Comportementale,6,Colère,-0.0,0.0,90,Colère,0.2984,0.1882,0.2984,False,0.0667,lemma_dilutes_surface
stanza,accusée,accuser,6,Comportementale,6,Colère,-0.0,0.0,90,Colère,0.2984,0.1882,0.2984,False,0.0667,lemma_dilutes_surface
stanza,accuser,accuser,3,Comportementale,3,Colère,-0.0,0.0,90,Colère,0.2984,0.1882,0.2984,False,0.0333,lemma_dilutes_surface
stanza,accusant,accuser,4,Comportementale,4,Colère,-0.0,0.0,90,Colère,0.2984,0.1882,0.2984,False,0.0444,lemma_dilutes_surface
stanza,accusait,accuser,4,Comportementale,4,Colère,-0.0,0.0,90,Colère,0.2984,0.1882,0.2984,False,0.0444,lemma_dilutes_surface
stanza,horribles,horrible,3,Désignée,3,Dégoût,1.585,1.0,15,Peur,1.2867,0.8118,-0.2983,True,0.2,lemma_reveals_family
stanza,petits,petit,4,Suggérée,4,Joie,1.5,0.9464,16,Joie,1.7947,0.773,0.2947,False,0.25,lemma_dilutes_surface
stanza,fuient,fuir,17,Comportementale,17,Peur,0.5226,0.5226,53,Peur,0.2318,0.2318,-0.2908,False,0.3208,lemma_reveals_family
stanza,difficile,difficile,17,Suggérée,17,Tristesse,1.736,0.7477,27,Tristesse,2.0265,0.7839,0.2905,False,0.6296,lemma_dilutes_surface
stanza,quitter,quitter,9,Comportementale,9,Peur,0.7642,0.7642,18,Peur,1.0529,0.6643,0.2887,False,0.5,lemma_dilutes_surface
stanza,horrible,horrible,12,Désignée,12,Peur,1.0,1.0,15,Peur,1.2867,0.8118,0.2867,False,0.8,lemma_dilutes_surface
stanza,souffrent,souffrir,3,Désignée,3,Tristesse,-0.0,0.0,20,Tristesse,0.2864,0.2864,0.2864,False,0.15,lemma_dilutes_surface
stanza,rues,rue,4,Comportementale,4,Colère,0.8113,0.8113,11,Colère,1.0958,0.6914,0.2845,False,0.3636,lemma_dilutes_surface
stanza,exploits,exploit,5,Suggérée,5,Admiration,1.9219,0.961,19,Admiration,1.6393,0.8197,-0.2826,False,0.2632,lemma_reveals_family
stanza,fière,fier,8,Désignée,8,Fierté,-0.0,0.0,21,Fierté,0.2762,0.2762,0.2762,False,0.381,lemma_dilutes_surface
stanza,fier,fier,8,Désignée,8,Fierté,-0.0,0.0,21,Fierté,0.2762,0.2762,0.2762,False,0.381,lemma_dilutes_surface
stanza,gagnera,gagner,4,Comportementale,4,Fierté,1.0,1.0,37,Joie,1.2759,0.6379,0.2759,True,0.1081,lemma_dilutes_surface
stanza,gagne,gagner,6,Suggérée,6,Fierté,1.0,1.0,37,Joie,1.2759,0.6379,0.2759,True,0.1622,lemma_dilutes_surface
stanza,rejetés,rejeter,4,Suggérée,4,Tristesse,1.5,0.9464,9,Tristesse,1.2244,0.7725,-0.2756,False,0.4444,lemma_reveals_family
stanza,insulter,insulter,11,Comportementale,11,Colère,0.9457,0.9457,22,Embarras,1.2197,0.7696,0.274,True,0.5,lemma_dilutes_surface
stanza,frappé,frapper,3,Suggérée,3,Peur,0.9183,0.9183,6,Peur,0.65,0.65,-0.2683,False,0.5,lemma_reveals_family
stanza,opposent,opposer,4,Comportementale,4,Colère,0.8113,0.8113,8,Colère,0.5436,0.5436,-0.2677,False,0.5,lemma_reveals_family
stanza,célébré,célébrer,5,Suggérée,5,Joie,0.7219,0.7219,10,Joie,0.469,0.469,-0.2529,False,0.5,lemma_reveals_family
stanza,famille,famille,6,Suggérée,6,Joie,1.2516,0.7897,8,Joie,1.5,0.9464,0.2484,False,0.75,lemma_dilutes_surface
stanza,victimes,victime,16,Suggérée,16,Colère,1.5613,0.9851,36,Tristesse,1.8071,0.9035,0.2458,True,0.4444,lemma_dilutes_surface
stanza,mourir,mourir,6,Suggérée,6,Peur,1.0,1.0,19,Peur,1.2448,0.7854,0.2448,False,0.3158,lemma_dilutes_surface
stanza,étonnante,étonnant,10,Désignée,10,Surprise,-0.0,0.0,25,Surprise,0.2423,0.2423,0.2423,False,0.4,lemma_dilutes_surface
stanza,attaquer,attaquer,8,Suggérée,8,Peur,0.9544,0.9544,24,Peur,1.1964,0.7549,0.242,False,0.3333,lemma_dilutes_surface
stanza,quittent,quitter,4,Comportementale,4,Peur,0.8113,0.8113,18,Peur,1.0529,0.6643,0.2416,False,0.2222,lemma_dilutes_surface
stanza,mort,mort,17,Suggérée,17,Tristesse,2.3433,0.8347,28,Tristesse,2.1017,0.7487,-0.2416,False,0.6071,lemma_reveals_family
stanza,respecté,respecter,3,Suggérée,3,Admiration,0.9183,0.9183,10,Colère,1.1568,0.7298,0.2385,True,0.3,lemma_dilutes_surface
stanza,effondrés,effondrer,3,Suggérée,3,Peur,0.9183,0.9183,10,Peur,1.1568,0.7298,0.2385,False,0.3,lemma_dilutes_surface
stanza,fort,fort,5,Suggérée,5,Peur,1.9219,0.961,8,Colère,2.1556,0.9284,0.2337,True,0.625,lemma_dilutes_surface
stanza,mauvaise,mauvais,6,Suggérée,6,Tristesse,1.4591,0.9206,21,Colère,1.6909,0.8455,0.2318,True,0.2857,lemma_dilutes_surface
stanza,fui,fuir,13,Comportementale,13,Peur,-0.0,0.0,53,Peur,0.2318,0.2318,0.2318,False,0.2453,lemma_dilutes_surface
stanza,fuir,fuir,22,Comportementale,22,Peur,-0.0,0.0,53,Peur,0.2318,0.2318,0.2318,False,0.4151,lemma_dilutes_surface
stanza,venir,venir,6,Suggérée,6,Colère,2.585,1.0,12,Joie,2.3554,0.9112,-0.2296,True,0.5,lemma_reveals_family
stanza,proteste,protester,4,Comportementale,4,Colère,0.8113,0.8113,33,Colère,0.5836,0.2918,-0.2277,False,0.1212,lemma_reveals_family
stanza,gagnent,gagner,4,Suggérée,4,Joie,1.5,0.9464,37,Joie,1.2759,0.6379,-0.2241,False,0.1081,lemma_reveals_family
stanza,attaques,attaque,5,Suggérée,5,Peur,1.371,0.865,7,Peur,1.1488,0.7248,-0.2222,False,0.7143,lemma_reveals_family
stanza,embête,embêter,6,Désignée,6,Tristesse,1.4591,0.9206,11,Tristesse,1.2407,0.7828,-0.2184,False,0.5455,lemma_reveals_family
stanza,tristes,triste,7,Désignée,7,Tristesse,-0.0,0.0,29,Tristesse,0.2164,0.2164,0.2164,False,0.2414,lemma_dilutes_surface
stanza,première,premier,12,Suggérée,13,Joie,2.162,0.9311,18,Joie,2.3774,0.9197,0.2154,False,0.6667,lemma_dilutes_surface
stanza,mauvaises,mauvais,8,Suggérée,8,Colère,1.9056,0.9528,21,Colère,1.6909,0.8455,-0.2147,False,0.381,lemma_reveals_family
stanza,insultes,insulte,16,Désignée,16,Embarras,0.8684,0.5479,25,Embarras,1.0783,0.6803,0.2099,False,0.64,lemma_dilutes_surface
stanza,seul,seul,4,Suggérée,4,Colère,2.0,1.0,6,Tristesse,1.7925,0.8962,-0.2075,True,0.6667,lemma_reveals_family
stanza,tête,tête,4,Comportementale,4,Colère,2.0,1.0,6,Peur,1.7925,0.8962,-0.2075,True,0.6667,lemma_reveals_family
stanza,ose,oser,4,Suggérée,4,Embarras,1.5,0.9464,8,Embarras,1.2988,0.8194,-0.2012,False,0.5,lemma_reveals_family
stanza,coup,coup,8,Suggérée,8,Joie,2.1556,0.9284,19,Colère,2.3546,0.9109,0.199,True,0.4211,lemma_dilutes_surface
stanza,accusé,accuser,24,Comportementale,24,Colère,0.4972,0.3137,90,Colère,0.2984,0.1882,-0.1988,False,0.2667,lemma_reveals_family
stanza,pleuré,pleurer,11,Comportementale,11,Tristesse,1.3222,0.8342,45,Tristesse,1.1245,0.7095,-0.1977,False,0.2444,lemma_reveals_family
stanza,casse,casser,7,Montrée,10,Colère,0.8813,0.8813,11,Colère,0.684,0.684,-0.1973,False,0.6364,lemma_reveals_family
stanza,nouveau,nouveau,3,Suggérée,3,Joie,0.9183,0.9183,5,Joie,0.7219,0.7219,-0.1964,False,0.6,lemma_reveals_family
stanza,photos,photo,5,Montrée,5,Colère,0.7219,0.7219,6,Colère,0.9183,0.9183,0.1964,False,0.8333,lemma_dilutes_surface
stanza,mobilisent,mobiliser,3,Comportementale,3,Colère,0.9183,0.9183,5,Colère,0.7219,0.7219,-0.1964,False,0.6,lemma_reveals_family
stanza,manifestation,manifestation,7,Comportementale,7,Colère,-0.0,0.0,70,Colère,0.1872,0.1872,0.1872,False,0.1,lemma_dilutes_surface
stanza,sourire,sourire,12,Comportementale,12,Joie,0.8167,0.5153,16,Joie,0.9934,0.4967,0.1767,False,0.75,lemma_dilutes_surface
stanza,blague,blague,6,Montrée,6,Colère,1.7925,0.8962,11,Joie,1.6172,0.8086,-0.1753,True,0.5455,lemma_reveals_family
stanza,mains,main,5,Comportementale,5,Joie,1.9219,0.961,8,Joie,1.75,0.875,-0.1719,False,0.625,lemma_reveals_family
stanza,malade,malade,7,Suggérée,7,Peur,2.1281,0.9165,10,Peur,1.961,0.8445,-0.1671,False,0.7,lemma_reveals_family
stanza,voler,voler,3,Suggérée,3,Colère,1.585,1.0,8,Colère,1.75,0.875,0.165,False,0.375,lemma_dilutes_surface
stanza,quelle,quel,4,Montrée,4,Joie,1.5,0.9464,7,Joie,1.6645,0.8322,0.1645,False,0.5714,lemma_dilutes_surface
stanza,souvenir,souvenir,6,Suggérée,6,Joie,0.65,0.65,8,Joie,0.8113,0.8113,0.1613,False,0.75,lemma_dilutes_surface
stanza,cacher,cacher,5,Suggérée,5,Colère,0.971,0.971,12,Peur,0.8113,0.8113,-0.1597,True,0.4167,lemma_reveals_family
stanza,manger,manger,4,Suggérée,4,Colère,2.0,1.0,7,Tristesse,1.8424,0.9212,-0.1576,True,0.5714,lemma_reveals_family
stanza,exceptionnel,exceptionnel,4,Désignée,4,Admiration,1.0,1.0,10,Surprise,1.1568,0.7298,0.1568,True,0.4,lemma_dilutes_surface
stanza,persécutés,persécuter,6,Suggérée,6,Peur,1.2516,0.7897,11,Peur,1.0958,0.6914,-0.1558,False,0.5455,lemma_reveals_family
stanza,exploit,exploit,14,Suggérée,14,Admiration,1.4838,0.7419,19,Admiration,1.6393,0.8197,0.1555,False,0.7368,lemma_dilutes_surface
stanza,pleurant,pleurer,5,Comportementale,5,Peur,0.971,0.971,45,Tristesse,1.1245,0.7095,0.1535,True,0.1111,lemma_dilutes_surface
stanza,pauvres,pauvre,6,Suggérée,6,Colère,1.585,1.0,11,Tristesse,1.4354,0.9056,-0.1496,True,0.5455,lemma_reveals_family
stanza,crié,crier,9,Comportementale,9,Peur,2.4194,0.9359,22,Peur,2.2713,0.8091,-0.1481,False,0.4091,lemma_reveals_family
stanza,protesté,protester,5,Comportementale,5,Colère,0.7219,0.7219,33,Colère,0.5836,0.2918,-0.1383,False,0.1515,lemma_reveals_family
stanza,meurent,mourir,7,Suggérée,7,Peur,1.3788,0.8699,19,Peur,1.2448,0.7854,-0.134,False,0.3684,lemma_reveals_family
stanza,impressionner,impressionner,5,Désignée,5,Fierté,1.9219,0.961,12,Admiration,2.0546,0.8849,0.1327,True,0.4167,lemma_dilutes_surface
stanza,victime,victime,20,Suggérée,20,Tristesse,1.6751,0.8376,36,Tristesse,1.8071,0.9035,0.132,False,0.5556,lemma_dilutes_surface
stanza,échapper,échapper,5,Comportementale,5,Peur,0.7219,0.7219,7,Peur,0.5917,0.5917,-0.1302,False,0.7143,lemma_reveals_family
stanza,beau,beau,14,Suggérée,14,Joie,1.2871,0.812,24,Joie,1.1582,0.7308,-0.1289,False,0.5833,lemma_reveals_family
stanza,dansé,danser,7,Suggérée,7,Joie,0.8631,0.8631,13,Joie,0.9913,0.6254,0.1282,False,0.5385,lemma_dilutes_surface
stanza,souffrir,souffrir,12,Désignée,12,Tristesse,0.4138,0.4138,20,Tristesse,0.2864,0.2864,-0.1274,False,0.6,lemma_reveals_family
stanza,amusant,amusant,6,Désignée,8,Joie,0.8113,0.8113,11,Joie,0.684,0.684,-0.1273,False,0.5455,lemma_reveals_family
stanza,réveille,réveiller,2,Comportementale,3,Colère,1.585,1.0,6,Colère,1.4591,0.9206,-0.1259,False,0.3333,lemma_reveals_family
stanza,réduites,réduire,3,Suggérée,3,Colère,1.585,1.0,6,Tristesse,1.4591,0.9206,-0.1259,True,0.5,lemma_reveals_family
stanza,rire,rire,24,Comportementale,24,Joie,0.4138,0.4138,32,Joie,0.535,0.3375,0.1212,False,0.75,lemma_dilutes_surface
stanza,violence,violence,12,Suggérée,12,Peur,1.2807,0.808,27,Peur,1.3992,0.8828,0.1185,False,0.4444,lemma_dilutes_surface
stanza,chassés,chasser,5,Suggérée,5,Peur,1.371,0.865,10,Peur,1.4855,0.9372,0.1145,False,0.5,lemma_dilutes_surface
stanza,vu,voir,8,Suggérée,8,Peur,2.75,0.9796,32,Colère,2.637,0.8319,-0.113,True,0.25,lemma_reveals_family
stanza,étonnant,étonnant,15,Désignée,15,Surprise,0.3534,0.3534,25,Surprise,0.2423,0.2423,-0.1111,False,0.6,lemma_reveals_family
stanza,tué,tuer,13,Suggérée,13,Colère,1.8262,0.9131,34,Colère,1.7178,0.8589,-0.1084,False,0.3824,lemma_reveals_family
stanza,moment,moment,5,Suggérée,5,Joie,0.971,0.971,7,Joie,0.8631,0.8631,-0.1079,False,0.7143,lemma_reveals_family
stanza,décourage,décourager,3,Désignée,3,Tristesse,0.9183,0.9183,4,Tristesse,0.8113,0.8113,-0.107,False,0.75,lemma_reveals_family
stanza,état,état,3,Suggérée,3,Colère,0.9183,0.9183,4,Colère,0.8113,0.8113,-0.107,False,0.75,lemma_reveals_family
stanza,aide,aider,1,Suggérée,3,Peur,0.9183,0.9183,4,Joie,0.8113,0.8113,-0.107,True,0.25,lemma_reveals_family
stanza,arabe,arabe,3,Montrée,3,Dégoût,0.9183,0.9183,4,Dégoût,0.8113,0.8113,-0.107,False,0.75,lemma_reveals_family
stanza,droit,droit,3,Suggérée,3,Colère,0.9183,0.9183,4,Colère,0.8113,0.8113,-0.107,False,0.75,lemma_reveals_family
stanza,paniqué,paniquer,3,Désignée,3,Peur,0.9183,0.9183,4,Peur,0.8113,0.8113,-0.107,False,0.75,lemma_reveals_family
stanza,amis,ami,4,Suggérée,4,Joie,0.8113,0.8113,6,Joie,0.9183,0.9183,0.107,False,0.6667,lemma_dilutes_surface
stanza,euros,euro,3,Suggérée,3,Joie,0.9183,0.9183,4,Joie,0.8113,0.8113,-0.107,False,0.75,lemma_reveals_family
stanza,préoccupations,préoccupation,3,Désignée,3,Tristesse,0.9183,0.9183,4,Tristesse,0.8113,0.8113,-0.107,False,0.75,lemma_reveals_family
stanza,angoissé,angoisser,3,Désignée,3,Peur,0.9183,0.9183,4,Peur,0.8113,0.8113,-0.107,False,0.75,lemma_reveals_family
stanza,désolée,désolé,3,Montrée,3,Embarras,0.9183,0.9183,4,Embarras,0.8113,0.8113,-0.107,False,0.75,lemma_reveals_family
stanza,marrant,marrant,8,Désignée,8,Joie,0.5436,0.5436,11,Joie,0.4395,0.4395,-0.1041,False,0.7273,lemma_reveals_family
stanza,passer,passer,5,Suggérée,5,Joie,1.9219,0.961,14,Peur,2.0202,0.8701,0.0983,True,0.3571,dominant_emotion_shift
stanza,champion,champion,4,Suggérée,4,Fierté,1.5,0.9464,8,Fierté,1.4056,0.8869,-0.0944,False,0.5,specificity_preserved
stanza,faut,falloir,11,Montrée,11,Joie,2.0404,0.8787,17,Colère,2.1334,0.9188,0.093,True,0.6471,dominant_emotion_shift
stanza,attentats,attentat,11,Suggérée,11,Peur,1.0958,0.6914,12,Peur,1.1887,0.75,0.0929,False,0.9167,specificity_preserved
stanza,cauchemar,cauchemar,4,Désignée,4,Peur,0.8113,0.8113,5,Peur,0.7219,0.7219,-0.0894,False,0.8,specificity_preserved
stanza,meilleur,meilleur,10,Suggérée,10,Fierté,1.361,0.8587,16,Fierté,1.2718,0.8024,-0.0892,False,0.625,specificity_preserved
stanza,réfugier,réfugier,7,Comportementale,7,Peur,0.5917,0.5917,9,Peur,0.5033,0.5033,-0.0884,False,0.7778,specificity_preserved
stanza,sexuelles,sexuel,5,Suggérée,5,Peur,1.371,0.865,6,Peur,1.4591,0.9206,0.0881,False,0.8333,specificity_preserved
stanza,détruire,détruire,5,Suggérée,5,Peur,1.371,0.865,12,Peur,1.4591,0.9206,0.0881,False,0.4167,specificity_preserved
stanza,gagné,gagner,20,Suggérée,20,Joie,1.1884,0.7498,37,Joie,1.2759,0.6379,0.0875,False,0.5405,specificity_preserved
stanza,insulte,insulte,9,Comportementale,9,Colère,0.9911,0.9911,25,Embarras,1.0783,0.6803,0.0872,True,0.36,dominant_emotion_shift
stanza,vrai,vrai,5,Suggérée,5,Admiration,2.3219,1.0,7,Fierté,2.2359,0.963,-0.086,True,0.7143,dominant_emotion_shift
stanza,soupire,soupirer,7,Comportementale,7,Tristesse,1.6645,0.8322,8,Tristesse,1.75,0.875,0.0855,False,0.875,specificity_preserved
stanza,menaces,menace,7,Désignée,7,Peur,0.5917,0.5917,28,Peur,0.6769,0.6769,0.0852,False,0.25,specificity_preserved
stanza,agressés,agresser,4,Suggérée,4,Peur,1.5,0.9464,12,Colère,1.585,1.0,0.085,True,0.3333,dominant_emotion_shift
stanza,arme,arme,3,Suggérée,3,Colère,1.585,1.0,4,Peur,1.5,0.9464,-0.085,True,0.75,dominant_emotion_shift
stanza,sortir,sortir,3,Suggérée,3,Colère,1.585,1.0,8,Colère,1.5,0.9464,-0.085,False,0.375,specificity_preserved
stanza,jolies,joli,3,Suggérée,3,Colère,1.585,1.0,4,Joie,1.5,0.9464,-0.085,True,0.75,dominant_emotion_shift
stanza,excellent,excellent,3,Montrée,3,Admiration,1.585,1.0,4,Admiration,1.5,0.9464,-0.085,False,0.75,specificity_preserved
stanza,stage,stage,3,Suggérée,3,Joie,1.585,1.0,4,Joie,1.5,0.9464,-0.085,False,0.75,specificity_preserved
stanza,cris,cri,3,Comportementale,3,Colère,1.585,1.0,4,Peur,1.5,0.9464,-0.085,True,0.75,dominant_emotion_shift
stanza,menacer,menacer,9,Désignée,9,Peur,0.5033,0.5033,47,Peur,0.4199,0.4199,-0.0834,False,0.1915,specificity_preserved
stanza,avouait,avouer,3,Suggérée,3,Culpabilité,0.9183,0.9183,4,Culpabilité,1.0,1.0,0.0817,False,0.75,specificity_preserved
stanza,cher,cher,10,Suggérée,10,Colère,1.571,0.7855,11,Colère,1.4911,0.7456,-0.0799,False,0.9091,specificity_preserved
stanza,idée,idée,11,Suggérée,11,Joie,1.3093,0.8261,12,Joie,1.3844,0.8735,0.0751,False,0.9167,specificity_preserved
stanza,chose,chose,10,Suggérée,10,Colère,2.0464,0.8814,11,Colère,1.9717,0.8492,-0.0747,False,0.9091,specificity_preserved
stanza,danser,danser,3,Comportementale,3,Joie,0.9183,0.9183,13,Joie,0.9913,0.6254,0.073,False,0.2308,specificity_preserved
stanza,plaint,plaindre,3,Comportementale,3,Colère,1.585,1.0,9,Colère,1.6577,0.8289,0.0727,False,0.3333,specificity_preserved
stanza,maltraités,maltraiter,5,Suggérée,5,Tristesse,1.371,0.865,8,Tristesse,1.2988,0.8194,-0.0722,False,0.625,specificity_preserved
stanza,descendus,descendre,4,Comportementale,4,Colère,0.8113,0.8113,10,Colère,0.8813,0.8813,0.07,False,0.4,specificity_preserved
stanza,grand,grand,10,Suggérée,10,Joie,2.4464,0.9464,25,Joie,2.5125,0.895,0.0661,False,0.4,specificity_preserved
stanza,demande,demander,7,Suggérée,7,Colère,1.9502,0.9751,13,Colère,1.8843,0.9422,-0.0659,False,0.5385,specificity_preserved
stanza,guerre,guerre,34,Suggérée,34,Peur,1.2141,0.766,37,Peur,1.273,0.8032,0.0589,False,0.9189,specificity_preserved
stanza,peine,peine,8,Suggérée,8,Colère,1.8113,0.9056,9,Tristesse,1.7527,0.8764,-0.0586,True,0.8889,dominant_emotion_shift
stanza,violences,violence,15,Suggérée,15,Peur,1.4566,0.919,27,Peur,1.3992,0.8828,-0.0574,False,0.5556,specificity_preserved
stanza,plaît,plaire,3,Suggérée,3,Colère,0.9183,0.9183,7,Joie,0.8631,0.8631,-0.0552,True,0.4286,dominant_emotion_shift
stanza,crasseuse,crasseuse,3,Montrée,7,Dégoût,0.8631,0.8631,3,Dégoût,0.9183,0.9183,0.0552,False,1.0,specificity_preserved
stanza,crasseuse,crasseux,4,Montrée,7,Dégoût,0.8631,0.8631,6,Dégoût,0.9183,0.9183,0.0552,False,0.6667,specificity_preserved
stanza,perdu,perdre,12,Suggérée,12,Tristesse,1.5511,0.7755,17,Tristesse,1.4969,0.7485,-0.0542,False,0.7059,specificity_preserved
stanza,morts,mourir,1,Suggérée,8,Tristesse,1.2988,0.8194,19,Peur,1.2448,0.7854,-0.054,True,0.0526,dominant_emotion_shift
stanza,rue,rue,7,Comportementale,7,Colère,1.1488,0.7248,11,Colère,1.0958,0.6914,-0.053,False,0.6364,specificity_preserved
stanza,famine,famine,5,Suggérée,5,Peur,0.971,0.971,6,Peur,0.9183,0.9183,-0.0527,False,0.8333,specificity_preserved
stanza,catastrophes,catastrophe,3,Suggérée,3,Peur,0.9183,0.9183,5,Peur,0.971,0.971,0.0527,False,0.6,specificity_preserved
stanza,puissante,puissant,2,Suggérée,3,Peur,0.9183,0.9183,5,Peur,0.971,0.971,0.0527,False,0.4,specificity_preserved
stanza,puissants,puissant,3,Suggérée,3,Peur,0.9183,0.9183,5,Peur,0.971,0.971,0.0527,False,0.6,specificity_preserved
stanza,choquantes,choquant,14,Désignée,14,Surprise,1.4926,0.9417,21,Surprise,1.4412,0.9093,-0.0514,False,0.6667,specificity_preserved
stanza,triste,triste,22,Désignée,22,Tristesse,0.2668,0.2668,29,Tristesse,0.2164,0.2164,-0.0504,False,0.7586,specificity_preserved
stanza,énorme,énorme,6,Désignée,6,Admiration,1.7925,0.8962,7,Admiration,1.8424,0.9212,0.0499,False,0.8571,specificity_preserved
stanza,choqué,choquer,30,Désignée,30,Surprise,1.7283,0.8641,45,Surprise,1.6815,0.8407,-0.0468,False,0.6667,specificity_preserved
stanza,petit,petit,8,Suggérée,8,Joie,1.75,0.875,16,Joie,1.7947,0.773,0.0447,False,0.5,specificity_preserved
stanza,attaqué,attaquer,11,Comportementale,11,Colère,1.2407,0.7828,24,Peur,1.1964,0.7549,-0.0443,True,0.4583,dominant_emotion_shift
stanza,grave,grave,29,Suggérée,29,Peur,1.7865,0.7694,36,Peur,1.8307,0.7884,0.0442,False,0.8056,specificity_preserved
stanza,injuste,injuste,12,Suggérée,12,Colère,0.4138,0.4138,14,Colère,0.3712,0.3712,-0.0426,False,0.8571,specificity_preserved
stanza,condamné,condamner,4,Suggérée,4,Colère,1.5,0.9464,6,Colère,1.4591,0.9206,-0.0409,False,0.6667,specificity_preserved
stanza,douée,doué,9,Suggérée,9,Joie,1.5305,0.9656,10,Joie,1.571,0.9912,0.0405,False,0.9,specificity_preserved
stanza,regrette,regretter,8,Désignée,8,Tristesse,0.5436,0.5436,9,Tristesse,0.5033,0.5033,-0.0403,False,0.8889,specificity_preserved
stanza,agressions,agression,5,Suggérée,5,Embarras,1.5219,0.9602,8,Peur,1.5613,0.9851,0.0394,True,0.625,dominant_emotion_shift
stanza,impressionnant,impressionnant,11,Désignée,11,Surprise,1.6172,0.8086,21,Admiration,1.58,0.79,-0.0372,True,0.5238,dominant_emotion_shift
stanza,surprise,surprise,41,Désignée,41,Surprise,0.4448,0.2807,46,Surprise,0.4077,0.2572,-0.0371,False,0.8913,specificity_preserved
stanza,casse,casse,3,Montrée,10,Colère,0.8813,0.8813,3,Colère,0.9183,0.9183,0.037,False,1.0,specificity_preserved
stanza,descendues,descendre,3,Comportementale,3,Colère,0.9183,0.9183,10,Colère,0.8813,0.8813,-0.037,False,0.3,specificity_preserved
stanza,dérange,déranger,9,Désignée,9,Tristesse,0.5033,0.5033,10,Tristesse,0.469,0.469,-0.0343,False,0.9,specificity_preserved
stanza,accusent,accuser,22,Comportementale,22,Colère,0.2668,0.2668,90,Colère,0.2984,0.1882,0.0316,False,0.2444,specificity_preserved
stanza,honneur,honneur,7,Désignée,7,Fierté,1.8424,0.9212,8,Admiration,1.8113,0.9056,-0.0311,True,0.875,dominant_emotion_shift
stanza,rendu,rendre,5,Suggérée,5,Admiration,1.9219,0.961,13,Tristesse,1.892,0.8148,-0.0299,True,0.3846,dominant_emotion_shift
stanza,négatives,négatif,4,Suggérée,4,Embarras,1.0,1.0,5,Tristesse,0.971,0.971,-0.029,True,0.8,dominant_emotion_shift
stanza,applaudi,applaudir,5,Comportementale,5,Admiration,0.971,0.971,6,Admiration,1.0,1.0,0.029,False,0.8333,specificity_preserved
stanza,rétorque,rétorquer,4,Comportementale,4,Colère,1.0,1.0,5,Colère,0.971,0.971,-0.029,False,0.8,specificity_preserved
stanza,exclame,exclamer,4,Comportementale,4,Joie,1.0,1.0,5,Joie,0.971,0.971,-0.029,False,0.8,specificity_preserved
stanza,faute,faute,5,Désignée,5,Culpabilité,0.971,0.971,6,Colère,1.0,1.0,0.029,True,0.8333,dominant_emotion_shift
stanza,drôle,drôle,42,Suggérée,42,Surprise,1.3437,0.6719,47,Surprise,1.3148,0.6574,-0.0289,False,0.8936,specificity_preserved
stanza,agressées,agresser,7,Suggérée,7,Tristesse,1.5567,0.9821,12,Colère,1.585,1.0,0.0283,True,0.5833,dominant_emotion_shift
stanza,sais,savoir,5,Montrée,5,Colère,1.9219,0.961,14,Colère,1.9502,0.7544,0.0283,False,0.3571,specificity_preserved
stanza,gros,gros,28,Montrée,28,Dégoût,1.5604,0.7802,46,Colère,1.5328,0.6602,-0.0276,True,0.6087,dominant_emotion_shift
stanza,désaccord,désaccord,11,Suggérée,11,Colère,0.4395,0.4395,12,Colère,0.4138,0.4138,-0.0257,False,0.9167,specificity_preserved
stanza,menace,menace,21,Désignée,21,Peur,0.7025,0.7025,28,Peur,0.6769,0.6769,-0.0256,False,0.75,specificity_preserved
stanza,violente,violent,3,Suggérée,3,Peur,0.9183,0.9183,21,Peur,0.8929,0.5634,-0.0254,False,0.1429,specificity_preserved
stanza,espionner,espionner,4,Suggérée,4,Colère,1.5,0.9464,5,Colère,1.5219,0.9602,0.0219,False,0.8,specificity_preserved
stanza,émerveillée,émerveiller,5,Désignée,5,Admiration,1.5219,0.9602,8,Admiration,1.5,0.9464,-0.0219,False,0.625,specificity_preserved
stanza,soeur,soeur,4,Suggérée,4,Joie,1.5,0.9464,5,Colère,1.5219,0.9602,0.0219,True,0.8,dominant_emotion_shift
stanza,lève,lever,4,Comportementale,4,Colère,1.5,0.9464,5,Colère,1.5219,0.9602,0.0219,False,0.8,specificity_preserved
stanza,arrête,arrêter,3,Montrée,3,Colère,1.585,1.0,22,Colère,1.5633,0.7816,-0.0217,False,0.1364,specificity_preserved
stanza,disparu,disparaître,6,Suggérée,6,Peur,1.7925,0.8962,8,Peur,1.8113,0.9056,0.0188,False,0.75,specificity_preserved
stanza,manifestations,manifestation,63,Comportementale,63,Colère,0.2031,0.2031,70,Colère,0.1872,0.1872,-0.0159,False,0.9,specificity_preserved
stanza,dormir,dormir,7,Suggérée,7,Tristesse,0.9852,0.9852,8,Peur,1.0,1.0,0.0148,True,0.875,dominant_emotion_shift
stanza,enfants,enfant,7,Suggérée,7,Peur,0.9852,0.9852,8,Joie,1.0,1.0,0.0148,True,0.875,dominant_emotion_shift
stanza,protéger,protéger,24,Suggérée,24,Peur,0.2499,0.2499,26,Peur,0.2352,0.2352,-0.0147,False,0.9231,specificity_preserved
stanza,olympiques,olympique,5,Suggérée,5,Joie,0.971,0.971,7,Joie,0.9852,0.9852,0.0142,False,0.7143,specificity_preserved
stanza,remporté,remporter,11,Suggérée,11,Joie,1.4354,0.9056,31,Joie,1.4474,0.7237,0.012,False,0.3548,specificity_preserved
stanza,remporte,remporter,9,Suggérée,9,Joie,1.4355,0.9057,31,Joie,1.4474,0.7237,0.0119,False,0.2903,specificity_preserved
stanza,travail,travail,9,Suggérée,9,Colère,1.8366,0.9183,10,Colère,1.8464,0.9232,0.0098,False,0.9,specificity_preserved
stanza,terrible,terrible,15,Désignée,15,Tristesse,1.2729,0.8031,17,Peur,1.2639,0.7975,-0.009,True,0.8824,dominant_emotion_shift
stanza,inquiète,inquiéter,13,Désignée,36,Peur,0.4138,0.4138,37,Peur,0.406,0.406,-0.0078,False,0.3514,specificity_preserved
stanza,impressionnante,impressionnant,3,Désignée,3,Admiration,1.585,1.0,21,Admiration,1.58,0.79,-0.005,False,0.1429,specificity_preserved
stanza,record,record,16,Suggérée,16,Admiration,1.9772,0.9886,21,Fierté,1.9814,0.9907,0.0042,True,0.7619,dominant_emotion_shift
stanza,merde,merde,16,Montrée,16,Colère,0.9887,0.9887,18,Colère,0.9911,0.9911,0.0024,False,0.8889,specificity_preserved
stanza,parle,parler,8,Montrée,8,Colère,2.1556,0.9284,21,Colère,2.1533,0.7178,-0.0023,False,0.381,specificity_preserved
stanza,accuse,accuser,19,Comportementale,19,Colère,0.2975,0.2975,90,Colère,0.2984,0.1882,0.0009,False,0.2111,specificity_preserved
stanza,hommage,hommage,31,Comportementale,31,Tristesse,0.9992,0.9992,33,Tristesse,0.9993,0.9993,0.0001,False,0.9394,specificity_preserved
stanza,bloquant,bloquant,4,Comportementale,4,Colère,-0.0,0.0,4,Colère,-0.0,0.0,0.0,False,1.0,specificity_preserved
stanza,détresse,détresse,4,Désignée,4,Peur,-0.0,0.0,4,Peur,-0.0,0.0,0.0,False,1.0,specificity_preserved
stanza,dîner,dîner,3,Suggérée,3,Joie,-0.0,0.0,3,Joie,-0.0,0.0,0.0,False,1.0,specificity_preserved
stanza,eh,eh,4,Montrée,4,Surprise,0.8113,0.8113,4,Surprise,0.8113,0.8113,0.0,False,1.0,specificity_preserved
stanza,disputent,disputer,3,Comportementale,3,Colère,-0.0,0.0,8,Colère,-0.0,0.0,0.0,False,0.375,specificity_preserved
stanza,dénoncer,dénoncer,8,Comportementale,8,Colère,-0.0,0.0,31,Colère,-0.0,0.0,0.0,False,0.2581,specificity_preserved
stanza,eau,eau,4,Suggérée,4,Peur,1.0,1.0,4,Peur,1.0,1.0,0.0,False,1.0,specificity_preserved
stanza,dépression,dépression,4,Désignée,4,Tristesse,-0.0,0.0,5,Tristesse,-0.0,0.0,0.0,False,0.8,specificity_preserved
stanza,plaisir,plaisir,26,Désignée,26,Joie,-0.0,0.0,26,Joie,-0.0,0.0,0.0,False,1.0,specificity_preserved
stanza,gouine,gouine,6,Montrée,6,Colère,1.0,1.0,6,Colère,1.0,1.0,0.0,False,1.0,specificity_preserved
stanza,graisse,graisse,3,Montrée,3,Dégoût,0.9183,0.9183,3,Dégoût,0.9183,0.9183,0.0,False,1.0,specificity_preserved
stanza,plaisante,plaisant,7,Désignée,7,Joie,-0.0,0.0,8,Joie,-0.0,0.0,0.0,False,0.875,specificity_preserved
stanza,plainte,plainte,8,Comportementale,8,Colère,-0.0,0.0,9,Colère,-0.0,0.0,0.0,False,0.8889,specificity_preserved
stanza,danger,danger,33,Désignée,33,Peur,-0.0,0.0,35,Peur,-0.0,0.0,0.0,False,0.9429,specificity_preserved
stanza,dangereuse,dangereux,13,Désignée,13,Peur,-0.0,0.0,80,Peur,-0.0,0.0,0.0,False,0.1625,specificity_preserved
stanza,dangereuses,dangereux,11,Désignée,11,Peur,-0.0,0.0,80,Peur,-0.0,0.0,0.0,False,0.1375,specificity_preserved
stanza,dangereux,dangereux,56,Désignée,56,Peur,-0.0,0.0,80,Peur,-0.0,0.0,0.0,False,0.7,specificity_preserved
stanza,danse,danse,5,Suggérée,6,Joie,-0.0,0.0,5,Joie,-0.0,0.0,0.0,False,1.0,specificity_preserved
stanza,problèmes,problème,6,Suggérée,6,Colère,0.9183,0.9183,9,Colère,0.9183,0.9183,0.0,False,0.6667,specificity_preserved
stanza,effets,effet,3,Suggérée,3,Peur,-0.0,0.0,3,Peur,-0.0,0.0,0.0,False,1.0,specificity_preserved
stanza,gloire,gloire,4,Suggérée,4,Fierté,1.0,1.0,4,Fierté,1.0,1.0,0.0,False,1.0,specificity_preserved
stanza,bloquent,bloquer,4,Comportementale,4,Colère,-0.0,0.0,17,Colère,-0.0,0.0,0.0,False,0.2353,specificity_preserved
stanza,fois,fois,12,Suggérée,12,Joie,1.65,0.825,12,Joie,1.65,0.825,0.0,False,1.0,specificity_preserved
stanza,formidable,formidable,3,Désignée,3,Admiration,-0.0,0.0,3,Admiration,-0.0,0.0,0.0,False,1.0,specificity_preserved
stanza,foutre,foutrer,3,Montrée,3,Colère,0.9183,0.9183,3,Colère,0.9183,0.9183,0.0,False,1.0,specificity_preserved
stanza,embêtant,embêtant,4,Désignée,4,Tristesse,-0.0,0.0,4,Tristesse,-0.0,0.0,0.0,False,1.0,specificity_preserved
stanza,rage,rage,5,Suggérée,5,Peur,1.371,0.865,5,Peur,1.371,0.865,0.0,False,1.0,specificity_preserved
stanza,raison,raison,3,Suggérée,3,Fierté,-0.0,0.0,3,Fierté,-0.0,0.0,0.0,False,1.0,specificity_preserved
stanza,rare,rare,3,Suggérée,3,Surprise,0.9183,0.9183,3,Surprise,0.9183,0.9183,0.0,False,1.0,specificity_preserved
stanza,ravi,ravi,4,Désignée,4,Joie,-0.0,0.0,6,Joie,-0.0,0.0,0.0,False,0.6667,specificity_preserved
stanza,dénonçaient,dénoncer,4,Comportementale,4,Colère,-0.0,0.0,31,Colère,-0.0,0.0,0.0,False,0.129,specificity_preserved
stanza,problème,problème,3,Montrée,3,Colère,0.9183,0.9183,9,Colère,0.9183,0.9183,0.0,False,0.3333,specificity_preserved
stanza,prix,prix,19,Suggérée,19,Fierté,2.0043,0.8632,19,Fierté,2.0043,0.8632,0.0,False,1.0,specificity_preserved
stanza,ravie,ravir,5,Désignée,5,Joie,-0.0,0.0,6,Joie,-0.0,0.0,0.0,False,0.8333,specificity_preserved
stanza,bravo,bravo,5,Montrée,5,Fierté,1.371,0.865,5,Fierté,1.371,0.865,0.0,False,1.0,specificity_preserved
stanza,redoute,redoute,5,Désignée,5,Peur,-0.0,0.0,5,Peur,-0.0,0.0,0.0,False,1.0,specificity_preserved
stanza,redoutent,redouter,3,Désignée,3,Peur,-0.0,0.0,7,Peur,-0.0,0.0,0.0,False,0.4286,specificity_preserved
stanza,refuge,refuge,9,Comportementale,9,Peur,-0.0,0.0,9,Peur,-0.0,0.0,0.0,False,1.0,specificity_preserved
stanza,banal,banal,3,Suggérée,3,Surprise,-0.0,0.0,3,Surprise,-0.0,0.0,0.0,False,1.0,specificity_preserved
stanza,bande,bande,11,Montrée,11,Colère,0.994,0.994,11,Colère,0.994,0.994,0.0,False,1.0,specificity_preserved
stanza,beaucoup,beaucoup,7,Suggérée,7,Colère,2.2359,0.963,7,Colère,2.2359,0.963,0.0,False,1.0,specificity_preserved
stanza,protestation,protestation,8,Comportementale,8,Colère,-0.0,0.0,16,Colère,-0.0,0.0,0.0,False,0.5,specificity_preserved
stanza,pollution,pollution,3,Suggérée,3,Peur,0.9183,0.9183,3,Peur,0.9183,0.9183,0.0,False,1.0,specificity_preserved
stanza,boum,boum,3,Montrée,3,Peur,0.9183,0.9183,3,Peur,0.9183,0.9183,0.0,False,1.0,specificity_preserved
stanza,pourquoi,pourquoi,9,Montrée,9,Colère,1.2244,0.7725,9,Colère,1.2244,0.7725,0.0,False,1.0,specificity_preserved
stanza,bombardements,bombardement,3,Suggérée,3,Peur,-0.0,0.0,4,Peur,-0.0,0.0,0.0,False,0.75,specificity_preserved
stanza,bonbons,bonbon,3,Montrée,3,Surprise,0.9183,0.9183,3,Surprise,0.9183,0.9183,0.0,False,1.0,specificity_preserved
stanza,question,question,3,Suggérée,3,Colère,0.9183,0.9183,3,Colère,0.9183,0.9183,0.0,False,1.0,specificity_preserved
stanza,bonheur,bonheur,14,Désignée,14,Joie,-0.0,0.0,14,Joie,-0.0,0.0,0.0,False,1.0,specificity_preserved
stanza,bouche,bouche,4,Comportementale,4,Admiration,2.0,1.0,4,Admiration,2.0,1.0,0.0,False,1.0,specificity_preserved
stanza,putain,putain,3,Montrée,3,Colère,-0.0,0.0,3,Colère,-0.0,0.0,0.0,False,1.0,specificity_preserved
stanza,pute,pute,15,Montrée,15,Colère,0.9183,0.9183,15,Colère,0.9183,0.9183,0.0,False,1.0,specificity_preserved
stanza,pyjama,pyjama,3,Suggérée,3,Joie,-0.0,0.0,3,Joie,-0.0,0.0,0.0,False,1.0,specificity_preserved
stanza,pénible,pénible,3,Désignée,3,Tristesse,-0.0,0.0,3,Tristesse,-0.0,0.0,0.0,False,1.0,specificity_preserved
stanza,protestations,protestation,8,Comportementale,8,Colère,-0.0,0.0,16,Colère,-0.0,0.0,0.0,False,0.5,specificity_preserved
stanza,rupture,rupture,3,Suggérée,3,Peur,1.585,1.0,3,Peur,1.585,1.0,0.0,False,1.0,specificity_preserved
stanza,râler,râler,4,Comportementale,4,Colère,-0.0,0.0,6,Colère,-0.0,0.0,0.0,False,0.6667,specificity_preserved
stanza,réclamaient,réclamer,4,Comportementale,4,Colère,-0.0,0.0,51,Colère,-0.0,0.0,0.0,False,0.0784,specificity_preserved
stanza,billes,bille,4,Suggérée,4,Tristesse,1.5,0.9464,4,Tristesse,1.5,0.9464,0.0,False,1.0,specificity_preserved
stanza,précipite,précipiter,3,Comportementale,3,Joie,0.9183,0.9183,3,Joie,0.9183,0.9183,0.0,False,1.0,specificity_preserved
stanza,discriminer,discriminer,3,Suggérée,3,Colère,1.585,1.0,3,Colère,1.585,1.0,0.0,False,1.0,specificity_preserved
stanza,cadeaux,cadeau,5,Suggérée,5,Joie,-0.0,0.0,7,Joie,-0.0,0.0,0.0,False,0.7143,specificity_preserved
stanza,pure,pur,3,Montrée,3,Colère,0.9183,0.9183,3,Colère,0.9183,0.9183,0.0,False,1.0,specificity_preserved
stanza,bloquer,bloquer,5,Comportementale,5,Colère,-0.0,0.0,17,Colère,-0.0,0.0,0.0,False,0.2941,specificity_preserved
stanza,bloqué,bloquer,5,Comportementale,5,Colère,-0.0,0.0,17,Colère,-0.0,0.0,0.0,False,0.2941,specificity_preserved
stanza,prison,prison,4,Suggérée,4,Peur,0.8113,0.8113,4,Peur,0.8113,0.8113,0.0,False,1.0,specificity_preserved
stanza,relations,relation,3,Comportementale,3,Colère,-0.0,0.0,3,Colère,-0.0,0.0,0.0,False,1.0,specificity_preserved
stanza,repas,repas,5,Suggérée,5,Joie,0.7219,0.7219,5,Joie,0.7219,0.7219,0.0,False,1.0,specificity_preserved
stanza,bée,bé,3,Comportementale,3,Admiration,1.585,1.0,3,Admiration,1.585,1.0,0.0,False,1.0,backend_artifact
stanza,reprochaient,reprocher,4,Comportementale,4,Colère,-0.0,0.0,28,Colère,-0.0,0.0,0.0,False,0.1429,specificity_preserved
stanza,reproche,reprocher,11,Comportementale,11,Colère,-0.0,0.0,28,Colère,-0.0,0.0,0.0,False,0.3929,specificity_preserved
stanza,reprochent,reprocher,11,Comportementale,11,Colère,-0.0,0.0,28,Colère,-0.0,0.0,0.0,False,0.3929,specificity_preserved
stanza,r,r,3,Suggérée,3,Colère,-0.0,0.0,3,Colère,-0.0,0.0,0.0,False,1.0,specificity_preserved
stanza,brice,brice,5,Montrée,5,Colère,-0.0,0.0,5,Colère,-0.0,0.0,0.0,False,1.0,specificity_preserved
stanza,carrément,carrément,4,Montrée,4,Colère,2.0,1.0,4,Colère,2.0,1.0,0.0,False,1.0,specificity_preserved
stanza,dénoncent,dénoncer,6,Comportementale,6,Colère,-0.0,0.0,31,Colère,-0.0,0.0,0.0,False,0.1935,specificity_preserved
stanza,pourtant,pourtant,12,Montrée,12,Surprise,0.8167,0.5153,12,Surprise,0.8167,0.5153,0.0,False,1.0,specificity_preserved
stanza,ca,ça,7,Montrée,7,Colère,1.1488,0.7248,7,Colère,1.1488,0.7248,0.0,False,1.0,stopword_leakage
stanza,amusé,amuser,3,Désignée,3,Joie,-0.0,0.0,37,Joie,-0.0,0.0,0.0,False,0.0811,specificity_preserved
stanza,surpris,surprendre,11,Désignée,11,Surprise,-0.0,0.0,14,Surprise,-0.0,0.0,0.0,False,0.7857,specificity_preserved
stanza,surtout,surtout,4,Montrée,4,Colère,1.5,0.9464,4,Colère,1.5,0.9464,0.0,False,1.0,specificity_preserved
stanza,sympa,sympa,3,Désignée,3,Joie,-0.0,0.0,4,Joie,-0.0,0.0,0.0,False,0.75,specificity_preserved
stanza,sécheresse,sécheresse,6,Suggérée,6,Peur,-0.0,0.0,6,Peur,-0.0,0.0,0.0,False,1.0,specificity_preserved
stanza,sécurité,sécurité,4,Suggérée,4,Peur,-0.0,0.0,4,Peur,-0.0,0.0,0.0,False,1.0,specificity_preserved
stanza,agace,agacer,3,Montrée,3,Colère,-0.0,0.0,5,Colère,-0.0,0.0,0.0,False,0.6,specificity_preserved
stanza,agréable,agréable,4,Désignée,4,Joie,-0.0,0.0,4,Joie,-0.0,0.0,0.0,False,1.0,specificity_preserved
stanza,ah,ah,5,Montrée,5,Surprise,0.7219,0.7219,5,Surprise,0.7219,0.7219,0.0,False,1.0,specificity_preserved
stanza,ailey,ailey,6,Suggérée,6,Joie,0.9183,0.9183,6,Joie,0.9183,0.9183,0.0,False,1.0,specificity_preserved
stanza,ailleurs,ailleurs,5,Montrée,5,Colère,1.5219,0.9602,5,Colère,1.5219,0.9602,0.0,False,1.0,specificity_preserved
stanza,unique,unique,5,Suggérée,5,Fierté,1.9219,0.961,5,Fierté,1.9219,0.961,0.0,False,1.0,specificity_preserved
stanza,vache,vache,3,Suggérée,3,Dégoût,1.585,1.0,3,Dégoût,1.585,1.0,0.0,False,1.0,specificity_preserved
stanza,point,point,4,Montrée,4,Surprise,1.0,1.0,4,Surprise,1.0,1.0,0.0,False,1.0,specificity_preserved
stanza,terroristes,terroriste,7,Suggérée,7,Colère,1.4488,0.9141,7,Colère,1.4488,0.9141,0.0,False,1.0,specificity_preserved
stanza,tg,tg,22,Montrée,22,Colère,-0.0,0.0,22,Colère,-0.0,0.0,0.0,False,1.0,specificity_preserved
stanza,ans,an,7,Suggérée,7,Colère,2.2359,0.963,7,Colère,2.2359,0.963,0.0,False,1.0,backend_artifact
stanza,appelé,appeler,5,Comportementale,5,Colère,-0.0,0.0,6,Colère,-0.0,0.0,0.0,False,0.8333,specificity_preserved
stanza,argent,argent,17,Suggérée,17,Colère,2.2784,0.8116,17,Colère,2.2784,0.8116,0.0,False,1.0,specificity_preserved
stanza,travers,travers,3,Suggérée,3,Joie,0.9183,0.9183,3,Joie,0.9183,0.9183,0.0,False,1.0,specificity_preserved
stanza,tribunal,tribunal,3,Suggérée,3,Colère,1.585,1.0,3,Colère,1.585,1.0,0.0,False,1.0,specificity_preserved
stanza,tristesse,tristesse,10,Désignée,10,Tristesse,-0.0,0.0,10,Tristesse,-0.0,0.0,0.0,False,1.0,specificity_preserved
stanza,trois,trois,3,Suggérée,3,Colère,1.585,1.0,3,Colère,1.585,1.0,0.0,False,1.0,specificity_preserved
stanza,troupe,troupe,9,Suggérée,9,Joie,0.7642,0.7642,9,Joie,0.7642,0.7642,0.0,False,1.0,specificity_preserved
stanza,air,air,7,Comportementale,7,Joie,1.8424,0.9212,7,Joie,1.8424,0.9212,0.0,False,1.0,specificity_preserved
stanza,aise,aise,9,Désignée,9,Embarras,1.3516,0.8528,9,Embarras,1.3516,0.8528,0.0,False,1.0,specificity_preserved
stanza,alarme,alarme,3,Comportementale,3,Peur,0.9183,0.9183,3,Peur,0.9183,0.9183,0.0,False,1.0,specificity_preserved
stanza,timidement,timidement,4,Comportementale,4,Embarras,1.0,1.0,4,Embarras,1.0,1.0,0.0,False,1.0,specificity_preserved
stanza,angoisse,angoisse,4,Désignée,4,Peur,-0.0,0.0,6,Peur,-0.0,0.0,0.0,False,0.6667,specificity_preserved
stanza,trésor,trésor,3,Suggérée,3,Fierté,0.9183,0.9183,3,Fierté,0.9183,0.9183,0.0,False,1.0,specificity_preserved
stanza,téléphone,téléphone,3,Suggérée,3,Peur,0.9183,0.9183,3,Peur,0.9183,0.9183,0.0,False,1.0,specificity_preserved
stanza,effrayant,effrayant,3,Désignée,3,Peur,-0.0,0.0,9,Peur,-0.0,0.0,0.0,False,0.3333,specificity_preserved
stanza,effrayants,effrayant,5,Désignée,5,Peur,-0.0,0.0,9,Peur,-0.0,0.0,0.0,False,0.5556,specificity_preserved
stanza,effrayé,effrayer,5,Désignée,5,Peur,-0.0,0.0,10,Peur,-0.0,0.0,0.0,False,0.5,specificity_preserved
stanza,venger,venger,7,Comportementale,7,Colère,0.8631,0.8631,7,Colère,0.8631,0.8631,0.0,False,1.0,specificity_preserved
stanza,étonnement,étonnement,4,Désignée,4,Surprise,-0.0,0.0,4,Surprise,-0.0,0.0,0.0,False,1.0,specificity_preserved
stanza,étonné,étonner,7,Désignée,7,Surprise,-0.0,0.0,23,Surprise,-0.0,0.0,0.0,False,0.3043,specificity_preserved
stanza,victoire,victoire,17,Suggérée,17,Joie,0.6723,0.6723,17,Joie,0.6723,0.6723,0.0,False,1.0,specificity_preserved
stanza,vie,vie,28,Suggérée,28,Joie,1.8064,0.9032,28,Joie,1.8064,0.9032,0.0,False,1.0,specificity_preserved
stanza,vraiment,vraiment,10,Montrée,10,Tristesse,2.3219,0.8982,10,Tristesse,2.3219,0.8982,0.0,False,1.0,specificity_preserved
stanza,affrontements,affrontement,4,Comportementale,4,Colère,-0.0,0.0,4,Colère,-0.0,0.0,0.0,False,1.0,specificity_preserved
stanza,étrange,étrange,8,Désignée,8,Surprise,-0.0,0.0,10,Surprise,-0.0,0.0,0.0,False,0.8,specificity_preserved
stanza,adore,adorer,3,Suggérée,3,Joie,-0.0,0.0,3,Joie,-0.0,0.0,0.0,False,1.0,specificity_preserved
stanza,étonne,étonner,6,Désignée,6,Surprise,-0.0,0.0,23,Surprise,-0.0,0.0,0.0,False,0.2609,specificity_preserved
stanza,york,york,5,Suggérée,5,Joie,0.7219,0.7219,5,Joie,0.7219,0.7219,0.0,False,1.0,specificity_preserved
stanza,évacuer,évacuer,3,Comportementale,3,Peur,-0.0,0.0,3,Peur,-0.0,0.0,0.0,False,1.0,specificity_preserved
stanza,échec,échec,3,Suggérée,3,Tristesse,0.9183,0.9183,3,Tristesse,0.9183,0.9183,0.0,False,1.0,specificity_preserved
stanza,école,école,8,Suggérée,8,Peur,1.8113,0.9056,8,Peur,1.8113,0.9056,0.0,False,1.0,specificity_preserved
stanza,élue,élire,4,Suggérée,4,Fierté,1.0,1.0,4,Fierté,1.0,1.0,0.0,False,1.0,specificity_preserved
stanza,émotion,émotion,4,Suggérée,4,Joie,1.5,0.9464,4,Joie,1.5,0.9464,0.0,False,1.0,specificity_preserved
stanza,découvert,découvrir,14,Suggérée,14,Surprise,-0.0,0.0,26,Surprise,-0.0,0.0,0.0,False,0.5385,specificity_preserved
stanza,découverte,découverte,5,Suggérée,5,Surprise,-0.0,0.0,5,Surprise,-0.0,0.0,0.0,False,1.0,specificity_preserved
stanza,découvre,découvrir,6,Suggérée,6,Surprise,-0.0,0.0,26,Surprise,-0.0,0.0,0.0,False,0.2308,specificity_preserved
stanza,défendre,défendre,5,Comportementale,5,Peur,0.7219,0.7219,5,Peur,0.7219,0.7219,0.0,False,1.0,specificity_preserved
stanza,étonnés,étonner,5,Désignée,5,Surprise,-0.0,0.0,23,Surprise,-0.0,0.0,0.0,False,0.2174,specificity_preserved
stanza,affaires,affaire,3,Montrée,3,Colère,0.9183,0.9183,3,Colère,0.9183,0.9183,0.0,False,1.0,specificity_preserved
stanza,sale,sale,9,Montrée,9,Dégoût,0.9911,0.9911,9,Dégoût,0.9911,0.9911,0.0,False,1.0,specificity_preserved
stanza,santé,santé,3,Suggérée,3,Peur,0.9183,0.9183,3,Peur,0.9183,0.9183,0.0,False,1.0,specificity_preserved
stanza,satisfaire,satisfaire,4,Désignée,4,Joie,-0.0,0.0,4,Joie,-0.0,0.0,0.0,False,1.0,specificity_preserved
stanza,scandale,scandale,5,Désignée,5,Colère,-0.0,0.0,5,Colère,-0.0,0.0,0.0,False,1.0,specificity_preserved
stanza,réclamait,réclamer,4,Comportementale,4,Colère,-0.0,0.0,51,Colère,-0.0,0.0,0.0,False,0.0784,specificity_preserved
stanza,réclame,réclamer,12,Comportementale,12,Colère,-0.0,0.0,51,Colère,-0.0,0.0,0.0,False,0.2353,specificity_preserved
stanza,réclament,réclamer,10,Comportementale,10,Colère,-0.0,0.0,51,Colère,-0.0,0.0,0.0,False,0.1961,specificity_preserved
stanza,réclamer,réclamer,14,Comportementale,14,Colère,-0.0,0.0,51,Colère,-0.0,0.0,0.0,False,0.2745,specificity_preserved
stanza,réclamé,réclamer,4,Comportementale,4,Colère,-0.0,0.0,51,Colère,-0.0,0.0,0.0,False,0.0784,specificity_preserved
stanza,récompense,récompense,8,Suggérée,8,Fierté,1.0,1.0,8,Fierté,1.0,1.0,0.0,False,1.0,specificity_preserved
stanza,récupérer,récupérer,3,Suggérée,3,Fierté,1.585,1.0,3,Fierté,1.585,1.0,0.0,False,1.0,specificity_preserved
stanza,réjouit,réjouir,5,Comportementale,5,Joie,-0.0,0.0,7,Joie,-0.0,0.0,0.0,False,0.7143,specificity_preserved
stanza,souriant,souriant,3,Comportementale,4,Joie,-0.0,0.0,3,Joie,-0.0,0.0,0.0,False,1.0,specificity_preserved
stanza,alerte,alerte,3,Comportementale,3,Peur,-0.0,0.0,3,Peur,-0.0,0.0,0.0,False,1.0,specificity_preserved
stanza,frrrintek,frrrintek,10,Montrée,10,Joie,1.761,0.8805,10,Joie,1.761,0.8805,0.0,False,1.0,specificity_preserved
stanza,frustrant,frustrant,4,Désignée,4,Colère,1.0,1.0,4,Colère,1.0,1.0,0.0,False,1.0,specificity_preserved
stanza,augmentation,augmentation,4,Suggérée,4,Colère,0.8113,0.8113,4,Colère,0.8113,0.8113,0.0,False,1.0,specificity_preserved
stanza,revendications,revendication,4,Comportementale,4,Colère,-0.0,0.0,4,Colère,-0.0,0.0,0.0,False,1.0,specificity_preserved
stanza,ri,ri,3,Comportementale,3,Joie,-0.0,0.0,3,Joie,-0.0,0.0,0.0,False,1.0,specificity_preserved
stanza,riant,riant,3,Comportementale,3,Joie,-0.0,0.0,4,Joie,-0.0,0.0,0.0,False,0.75,specificity_preserved
stanza,rien,rien,34,Montrée,34,Colère,2.1565,0.7682,34,Colère,2.1565,0.7682,0.0,False,1.0,specificity_preserved
stanza,rigole,rigole,5,Comportementale,5,Joie,0.7219,0.7219,5,Joie,0.7219,0.7219,0.0,False,1.0,specificity_preserved
stanza,rigolé,rigoler,3,Comportementale,3,Joie,-0.0,0.0,6,Joie,-0.0,0.0,0.0,False,0.5,specificity_preserved
stanza,risque,risque,7,Désignée,7,Peur,-0.0,0.0,14,Peur,-0.0,0.0,0.0,False,0.5,specificity_preserved
stanza,risques,risque,7,Désignée,7,Peur,-0.0,0.0,14,Peur,-0.0,0.0,0.0,False,0.5,specificity_preserved
stanza,routes,route,10,Comportementale,10,Colère,-0.0,0.0,10,Colère,-0.0,0.0,0.0,False,1.0,specificity_preserved
stanza,etes,être,2,Montrée,4,Colère,-0.0,0.0,6,Colère,-0.0,0.0,0.0,False,0.3333,stopword_leakage
stanza,spectaculaire,spectaculaire,7,Désignée,7,Admiration,0.9852,0.9852,7,Admiration,0.9852,0.9852,0.0,False,1.0,specificity_preserved
stanza,suicider,suicider,3,Comportementale,3,Tristesse,0.9183,0.9183,3,Tristesse,0.9183,0.9183,0.0,False,1.0,specificity_preserved
stanza,super,super,10,Désignée,10,Joie,1.4855,0.9372,10,Joie,1.4855,0.9372,0.0,False,1.0,specificity_preserved
stanza,surprenant,surprenant,4,Désignée,4,Surprise,-0.0,0.0,9,Surprise,-0.0,0.0,0.0,False,0.4444,specificity_preserved
stanza,surprenante,surprenant,4,Désignée,4,Surprise,-0.0,0.0,9,Surprise,-0.0,0.0,0.0,False,0.4444,specificity_preserved
stanza,sexuellement,sexuellement,3,Suggérée,3,Tristesse,0.9183,0.9183,3,Tristesse,0.9183,0.9183,0.0,False,1.0,specificity_preserved
stanza,silence,silence,9,Comportementale,9,Tristesse,2.0588,0.8867,9,Tristesse,2.0588,0.8867,0.0,False,1.0,specificity_preserved
stanza,soleil,soleil,4,Suggérée,4,Tristesse,1.5,0.9464,4,Tristesse,1.5,0.9464,0.0,False,1.0,specificity_preserved
stanza,sûr,sûr,8,Montrée,8,Joie,1.0613,0.6696,8,Joie,1.0613,0.6696,0.0,False,1.0,specificity_preserved
stanza,tas,tas,5,Montrée,5,Dégoût,1.9219,0.961,5,Dégoût,1.9219,0.961,0.0,False,1.0,specificity_preserved
stanza,tellement,tellement,3,Montrée,3,Admiration,1.585,1.0,3,Admiration,1.585,1.0,0.0,False,1.0,specificity_preserved
stanza,temps,temps,9,Suggérée,9,Joie,2.1133,0.9101,9,Joie,2.1133,0.9101,0.0,False,1.0,specificity_preserved
stanza,tempête,tempête,3,Suggérée,3,Peur,0.9183,0.9183,3,Peur,0.9183,0.9183,0.0,False,1.0,specificity_preserved
stanza,tensions,tension,9,Désignée,9,Colère,-0.0,0.0,9,Colère,-0.0,0.0,0.0,False,1.0,specificity_preserved
stanza,suffit,suffire,7,Suggérée,7,Colère,1.1488,0.7248,7,Colère,1.1488,0.7248,0.0,False,1.0,specificity_preserved
stanza,star,star,8,Suggérée,8,Admiration,1.75,0.875,8,Admiration,1.75,0.875,0.0,False,1.0,specificity_preserved
stanza,avance,avancer,4,Comportementale,4,Dégoût,2.0,1.0,4,Dégoût,2.0,1.0,0.0,False,1.0,specificity_preserved
stanza,avant,avant,6,Suggérée,6,Surprise,2.2516,0.9697,6,Surprise,2.2516,0.9697,0.0,False,1.0,specificity_preserved
stanza,avis,avis,7,Montrée,7,Colère,-0.0,0.0,7,Colère,-0.0,0.0,0.0,False,1.0,specificity_preserved
stanza,aïe,aïe,3,Montrée,3,Colère,1.585,1.0,3,Colère,1.585,1.0,0.0,False,1.0,specificity_preserved
stanza,bah,bah,4,Montrée,4,Colère,-0.0,0.0,4,Colère,-0.0,0.0,0.0,False,1.0,specificity_preserved
stanza,réussite,réussite,3,Suggérée,3,Fierté,1.585,1.0,3,Fierté,1.585,1.0,0.0,False,1.0,specificity_preserved
stanza,révolte,révolte,9,Comportementale,9,Colère,0.5033,0.5033,9,Colère,0.5033,0.5033,0.0,False,1.0,specificity_preserved
stanza,rêve,rêve,12,Suggérée,12,Joie,1.585,0.6826,12,Joie,1.585,0.6826,0.0,False,1.0,specificity_preserved
stanza,assez,assez,26,Suggérée,26,Colère,0.9294,0.5864,26,Colère,0.9294,0.5864,0.0,False,1.0,specificity_preserved
stanza,stop,stop,7,Montrée,7,Colère,0.5917,0.5917,7,Colère,0.5917,0.5917,0.0,False,1.0,specificity_preserved
stanza,stressé,stresser,3,Désignée,3,Peur,-0.0,0.0,4,Peur,-0.0,0.0,0.0,False,0.75,specificity_preserved
stanza,succès,succès,3,Suggérée,3,Joie,0.9183,0.9183,3,Joie,0.9183,0.9183,0.0,False,1.0,specificity_preserved
stanza,terrorisme,terrorisme,3,Suggérée,3,Peur,-0.0,0.0,3,Peur,-0.0,0.0,0.0,False,1.0,specificity_preserved
stanza,inquiétudes,inquiétude,6,Désignée,6,Peur,-0.0,0.0,11,Peur,-0.0,0.0,0.0,False,0.5455,specificity_preserved
stanza,insiste,insister,3,Comportementale,3,Colère,1.585,1.0,3,Colère,1.585,1.0,0.0,False,1.0,specificity_preserved
stanza,insolite,insolite,4,Désignée,4,Surprise,-0.0,0.0,7,Surprise,-0.0,0.0,0.0,False,0.5714,specificity_preserved
stanza,liberté,liberté,3,Suggérée,3,Joie,0.9183,0.9183,3,Joie,0.9183,0.9183,0.0,False,1.0,specificity_preserved
stanza,loin,loin,4,Suggérée,4,Colère,1.5,0.9464,4,Colère,1.5,0.9464,0.0,False,1.0,specificity_preserved
stanza,longtemps,longtemps,4,Suggérée,4,Fierté,2.0,1.0,4,Fierté,2.0,1.0,0.0,False,1.0,specificity_preserved
stanza,lutte,lutte,5,Comportementale,5,Colère,-0.0,0.0,5,Colère,-0.0,0.0,0.0,False,1.0,specificity_preserved
stanza,légende,légende,3,Suggérée,3,Admiration,0.9183,0.9183,3,Admiration,0.9183,0.9183,0.0,False,1.0,specificity_preserved
stanza,magique,magique,3,Désignée,3,Surprise,-0.0,0.0,4,Surprise,-0.0,0.0,0.0,False,0.75,specificity_preserved
stanza,course,course,3,Suggérée,3,Fierté,1.585,1.0,3,Fierté,1.585,1.0,0.0,False,1.0,specificity_preserved
stanza,cp,cp,7,Montrée,7,Colère,1.9502,0.9751,7,Colère,1.9502,0.9751,0.0,False,1.0,specificity_preserved
stanza,craignaient,craindre,3,Désignée,3,Peur,-0.0,0.0,38,Peur,-0.0,0.0,0.0,False,0.0789,specificity_preserved
stanza,paix,paix,3,Suggérée,3,Colère,0.9183,0.9183,3,Colère,0.9183,0.9183,0.0,False,1.0,specificity_preserved
stanza,icône,icône,3,Suggérée,3,Admiration,-0.0,0.0,3,Admiration,-0.0,0.0,0.0,False,1.0,specificity_preserved
stanza,idole,idole,4,Suggérée,4,Admiration,-0.0,0.0,4,Admiration,-0.0,0.0,0.0,False,1.0,specificity_preserved
stanza,immense,immense,5,Suggérée,5,Peur,1.9219,0.961,5,Peur,1.9219,0.961,0.0,False,1.0,specificity_preserved
stanza,importe,importer,4,Suggérée,4,Colère,1.5,0.9464,4,Colère,1.5,0.9464,0.0,False,1.0,specificity_preserved
stanza,crise,crise,4,Suggérée,4,Peur,1.5,0.9464,4,Peur,1.5,0.9464,0.0,False,1.0,specificity_preserved
stanza,inédite,inédit,4,Suggérée,4,Surprise,-0.0,0.0,5,Surprise,-0.0,0.0,0.0,False,0.8,specificity_preserved
stanza,inégalités,inégalité,6,Suggérée,6,Colère,-0.0,0.0,6,Colère,-0.0,0.0,0.0,False,1.0,specificity_preserved
stanza,jaloux,jalou,5,Désignée,5,Jalousie,-0.0,0.0,5,Jalousie,-0.0,0.0,0.0,False,1.0,specificity_preserved
stanza,jamais,jamais,29,Suggérée,29,Tristesse,2.5999,0.8666,29,Tristesse,2.5999,0.8666,0.0,False,1.0,specificity_preserved
stanza,injustice,injustice,7,Suggérée,7,Colère,-0.0,0.0,12,Colère,-0.0,0.0,0.0,False,0.5833,specificity_preserved
stanza,injustices,injustice,5,Suggérée,5,Colère,-0.0,0.0,12,Colère,-0.0,0.0,0.0,False,0.4167,specificity_preserved
stanza,inquiet,inquiet,6,Désignée,6,Peur,-0.0,0.0,44,Peur,-0.0,0.0,0.0,False,0.1364,specificity_preserved
stanza,inquiets,inquiet,14,Désignée,14,Peur,-0.0,0.0,44,Peur,-0.0,0.0,0.0,False,0.3182,specificity_preserved
stanza,craignent,craindre,19,Désignée,19,Peur,-0.0,0.0,38,Peur,-0.0,0.0,0.0,False,0.5,specificity_preserved
stanza,gens,gens,10,Suggérée,10,Colère,1.2955,0.8173,10,Colère,1.2955,0.8173,0.0,False,1.0,specificity_preserved
stanza,fabuleux,fabuleux,3,Désignée,3,Admiration,1.585,1.0,3,Admiration,1.585,1.0,0.0,False,1.0,specificity_preserved
stanza,facile,facile,3,Suggérée,3,Tristesse,0.9183,0.9183,3,Tristesse,0.9183,0.9183,0.0,False,1.0,specificity_preserved
stanza,deux,deux,11,Suggérée,11,Joie,2.2313,0.961,11,Joie,2.2313,0.961,0.0,False,1.0,specificity_preserved
stanza,deuxième,deuxième,4,Suggérée,4,Fierté,1.0,1.0,4,Fierté,1.0,1.0,0.0,False,1.0,specificity_preserved
stanza,dictature,dictature,6,Suggérée,6,Peur,1.2516,0.7897,6,Peur,1.2516,0.7897,0.0,False,1.0,specificity_preserved
stanza,contente,content,10,Désignée,10,Joie,-0.0,0.0,32,Joie,-0.0,0.0,0.0,False,0.3125,specificity_preserved
stanza,contents,content,16,Désignée,16,Joie,-0.0,0.0,32,Joie,-0.0,0.0,0.0,False,0.5,specificity_preserved
stanza,contestation,contestation,8,Comportementale,8,Colère,-0.0,0.0,9,Colère,-0.0,0.0,0.0,False,0.8889,specificity_preserved
stanza,jeux,jeu,3,Suggérée,3,Joie,0.9183,0.9183,3,Joie,0.9183,0.9183,0.0,False,1.0,specificity_preserved
stanza,joie,joie,16,Désignée,16,Joie,-0.0,0.0,16,Joie,-0.0,0.0,0.0,False,1.0,specificity_preserved
stanza,joyeux,joyeux,3,Désignée,3,Joie,-0.0,0.0,4,Joie,-0.0,0.0,0.0,False,0.75,specificity_preserved
stanza,juste,juste,29,Montrée,29,Colère,1.6894,0.7276,29,Colère,1.6894,0.7276,0.0,False,1.0,specificity_preserved
stanza,inquiétude,inquiétude,5,Désignée,5,Peur,-0.0,0.0,11,Peur,-0.0,0.0,0.0,False,0.4545,specificity_preserved
stanza,larmes,larme,7,Comportementale,7,Tristesse,0.5917,0.5917,7,Tristesse,0.5917,0.5917,0.0,False,1.0,specificity_preserved
stanza,lettre,lettre,3,Suggérée,3,Joie,-0.0,0.0,3,Joie,-0.0,0.0,0.0,False,1.0,specificity_preserved
stanza,craindre,craindre,4,Désignée,4,Peur,-0.0,0.0,38,Peur,-0.0,0.0,0.0,False,0.1053,specificity_preserved
stanza,craint,craindre,8,Désignée,8,Peur,-0.0,0.0,38,Peur,-0.0,0.0,0.0,False,0.2105,specificity_preserved
stanza,drame,drame,3,Désignée,3,Colère,1.585,1.0,3,Colère,1.585,1.0,0.0,False,1.0,specificity_preserved
stanza,drole,drole,4,Désignée,4,Joie,0.8113,0.8113,4,Joie,0.8113,0.8113,0.0,False,1.0,specificity_preserved
stanza,facilement,facilement,3,Suggérée,3,Embarras,1.585,1.0,3,Embarras,1.585,1.0,0.0,False,1.0,specificity_preserved
stanza,fake,fake,3,Suggérée,3,Colère,-0.0,0.0,3,Colère,-0.0,0.0,0.0,False,1.0,specificity_preserved
stanza,fausses,faux,3,Suggérée,3,Colère,-0.0,0.0,4,Colère,-0.0,0.0,0.0,False,0.75,specificity_preserved
stanza,harcèlement,harcèlement,5,Suggérée,5,Peur,1.371,0.865,5,Peur,1.371,0.865,0.0,False,1.0,specificity_preserved
stanza,hasard,hasard,7,Suggérée,7,Surprise,-0.0,0.0,7,Surprise,-0.0,0.0,0.0,False,1.0,specificity_preserved
stanza,hausse,hausse,6,Suggérée,6,Colère,0.65,0.65,6,Colère,0.65,0.65,0.0,False,1.0,specificity_preserved
stanza,inquiétantes,inquiétant,3,Désignée,3,Peur,-0.0,0.0,5,Peur,-0.0,0.0,0.0,False,0.6,specificity_preserved
stanza,langue,langue,5,Suggérée,5,Colère,1.5219,0.9602,5,Colère,1.5219,0.9602,0.0,False,1.0,specificity_preserved
stanza,accord,accord,21,Suggérée,21,Colère,0.7229,0.4561,21,Colère,0.7229,0.4561,0.0,False,1.0,specificity_preserved
stanza,abri,abri,3,Comportementale,3,Peur,-0.0,0.0,3,Peur,-0.0,0.0,0.0,False,1.0,specificity_preserved
stanza,deuil,deuil,4,Comportementale,4,Tristesse,-0.0,0.0,4,Tristesse,-0.0,0.0,0.0,False,1.0,specificity_preserved
stanza,grogné,grogner,4,Comportementale,4,Colère,0.8113,0.8113,4,Colère,0.8113,0.8113,0.0,False,1.0,specificity_preserved
stanza,grève,grève,35,Comportementale,35,Colère,-0.0,0.0,40,Colère,-0.0,0.0,0.0,False,0.875,specificity_preserved
stanza,grèves,grève,5,Comportementale,5,Colère,-0.0,0.0,40,Colère,-0.0,0.0,0.0,False,0.125,specificity_preserved
stanza,gueule,gueule,9,Montrée,9,Colère,0.5033,0.5033,9,Colère,0.5033,0.5033,0.0,False,1.0,specificity_preserved
stanza,toit,toit,3,Suggérée,3,Peur,0.9183,0.9183,3,Peur,0.9183,0.9183,0.0,False,1.0,specificity_preserved
stanza,train,train,3,Suggérée,3,Embarras,1.585,1.0,3,Embarras,1.585,1.0,0.0,False,1.0,specificity_preserved
stanza,traité,traité,8,Désignée,8,Embarras,0.9544,0.9544,8,Embarras,0.9544,0.9544,0.0,False,1.0,specificity_preserved
stanza,ftg,ftg,11,Montrée,11,Colère,-0.0,0.0,11,Colère,-0.0,0.0,0.0,False,1.0,specificity_preserved
stanza,fuite,fuite,5,Comportementale,5,Peur,-0.0,0.0,5,Peur,-0.0,0.0,0.0,False,1.0,specificity_preserved
stanza,honte,honte,10,Désignée,10,Embarras,-0.0,0.0,10,Embarras,-0.0,0.0,0.0,False,1.0,specificity_preserved
stanza,dégoût,dégoût,3,Désignée,3,Dégoût,0.9183,0.9183,3,Dégoût,0.9183,0.9183,0.0,False,1.0,specificity_preserved
stanza,déjà,déjà,20,Montrée,20,Surprise,1.9232,0.8283,20,Surprise,1.9232,0.8283,0.0,False,1.0,specificity_preserved
stanza,dénonce,dénoncer,5,Comportementale,5,Colère,-0.0,0.0,31,Colère,-0.0,0.0,0.0,False,0.1613,specificity_preserved
stanza,vite,vite,8,Comportementale,8,Embarras,2.25,0.969,8,Embarras,2.25,0.969,0.0,False,1.0,specificity_preserved
stanza,voix,voix,6,Comportementale,6,Peur,1.7925,0.8962,6,Peur,1.7925,0.8962,0.0,False,1.0,specificity_preserved
stanza,émue,émouer,3,Désignée,3,Joie,0.9183,0.9183,3,Joie,0.9183,0.9183,0.0,False,1.0,specificity_preserved
stanza,énerve,énerver,3,Comportementale,5,Colère,-0.0,0.0,4,Colère,-0.0,0.0,0.0,False,0.75,specificity_preserved
stanza,amuser,amuser,12,Comportementale,12,Joie,-0.0,0.0,37,Joie,-0.0,0.0,0.0,False,0.3243,specificity_preserved
stanza,amusent,amuser,4,Comportementale,4,Joie,-0.0,0.0,37,Joie,-0.0,0.0,0.0,False,0.1081,specificity_preserved
stanza,amuse,amuser,13,Comportementale,13,Joie,-0.0,0.0,37,Joie,-0.0,0.0,0.0,False,0.3514,specificity_preserved
stanza,amour,amour,8,Suggérée,8,Joie,1.0613,0.6696,8,Joie,1.0613,0.6696,0.0,False,1.0,specificity_preserved
stanza,alvin,alvin,6,Suggérée,6,Joie,0.9183,0.9183,6,Joie,0.9183,0.9183,0.0,False,1.0,specificity_preserved
stanza,vs,vs,6,Montrée,9,Colère,-0.0,0.0,6,Colère,-0.0,0.0,0.0,False,1.0,specificity_preserved
stanza,furieux,furieux,3,Désignée,3,Colère,-0.0,0.0,5,Colère,-0.0,0.0,0.0,False,0.6,specificity_preserved
stanza,hors,hors,6,Suggérée,6,Surprise,-0.0,0.0,6,Surprise,-0.0,0.0,0.0,False,1.0,specificity_preserved
stanza,humeur,humeur,4,Désignée,4,Colère,1.0,1.0,4,Colère,1.0,1.0,0.0,False,1.0,specificity_preserved
stanza,critiquent,critiquer,10,Comportementale,10,Colère,-0.0,0.0,56,Colère,-0.0,0.0,0.0,False,0.1786,specificity_preserved
stanza,critiquer,critiquer,8,Comportementale,8,Colère,-0.0,0.0,56,Colère,-0.0,0.0,0.0,False,0.1429,specificity_preserved
stanza,critiqué,critiquer,19,Comportementale,19,Colère,-0.0,0.0,56,Colère,-0.0,0.0,0.0,False,0.3393,specificity_preserved
stanza,insolites,insolite,3,Désignée,3,Surprise,-0.0,0.0,7,Surprise,-0.0,0.0,0.0,False,0.4286,specificity_preserved
stanza,coupable,coupable,4,Désignée,4,Culpabilité,0.8113,0.8113,4,Culpabilité,0.8113,0.8113,0.0,False,1.0,specificity_preserved
stanza,cour,cour,3,Suggérée,3,Dégoût,1.585,1.0,3,Dégoût,1.585,1.0,0.0,False,1.0,specificity_preserved
stanza,critiquée,critiquer,12,Comportementale,12,Colère,-0.0,0.0,56,Colère,-0.0,0.0,0.0,False,0.2143,specificity_preserved
stanza,critiqués,critiquer,6,Comportementale,6,Colère,-0.0,0.0,56,Colère,-0.0,0.0,0.0,False,0.1071,specificity_preserved
stanza,croisière,croisière,4,Suggérée,4,Joie,0.8113,0.8113,4,Joie,0.8113,0.8113,0.0,False,1.0,specificity_preserved
stanza,cu,cu,3,Montrée,3,Dégoût,0.9183,0.9183,3,Dégoût,0.9183,0.9183,0.0,False,1.0,specificity_preserved
stanza,cul,cul,3,Montrée,3,Colère,0.9183,0.9183,3,Colère,0.9183,0.9183,0.0,False,1.0,specificity_preserved
stanza,admiration,admiration,3,Désignée,3,Admiration,-0.0,0.0,3,Admiration,-0.0,0.0,0.0,False,1.0,specificity_preserved
stanza,héros,héros,6,Suggérée,6,Admiration,0.65,0.65,6,Admiration,0.65,0.65,0.0,False,1.0,specificity_preserved
stanza,génial,génial,16,Désignée,16,Joie,1.5016,0.7508,16,Joie,1.5016,0.7508,0.0,False,1.0,specificity_preserved
stanza,habits,habit,3,Suggérée,3,Colère,1.585,1.0,3,Colère,1.585,1.0,0.0,False,1.0,specificity_preserved
stanza,fâchés,fâcher,5,Désignée,5,Colère,-0.0,0.0,7,Colère,-0.0,0.0,0.0,False,0.7143,specificity_preserved
stanza,fête,fête,30,Comportementale,30,Joie,-0.0,0.0,32,Joie,-0.0,0.0,0.0,False,0.9375,specificity_preserved
stanza,fêter,fêter,5,Comportementale,5,Joie,0.971,0.971,5,Joie,0.971,0.971,0.0,False,1.0,specificity_preserved
stanza,hein,hein,3,Montrée,3,Surprise,0.9183,0.9183,3,Surprise,0.9183,0.9183,0.0,False,1.0,specificity_preserved
stanza,heureuse,heureux,5,Désignée,5,Joie,-0.0,0.0,35,Joie,-0.0,0.0,0.0,False,0.1429,specificity_preserved
stanza,heureusement,heureusement,18,Désignée,18,Joie,-0.0,0.0,18,Joie,-0.0,0.0,0.0,False,1.0,specificity_preserved
stanza,heureuses,heureux,3,Désignée,3,Joie,-0.0,0.0,35,Joie,-0.0,0.0,0.0,False,0.0857,specificity_preserved
stanza,heureux,heureux,27,Désignée,27,Joie,-0.0,0.0,35,Joie,-0.0,0.0,0.0,False,0.7714,specificity_preserved
stanza,homme,homme,4,Suggérée,4,Colère,1.5,0.9464,4,Colère,1.5,0.9464,0.0,False,1.0,specificity_preserved
stanza,admirer,admirer,3,Désignée,3,Admiration,-0.0,0.0,7,Admiration,-0.0,0.0,0.0,False,0.4286,specificity_preserved
stanza,humiliations,humiliation,4,Désignée,4,Embarras,0.8113,0.8113,4,Embarras,0.8113,0.8113,0.0,False,1.0,specificity_preserved
stanza,partager,partager,3,Suggérée,3,Colère,0.9183,0.9183,3,Colère,0.9183,0.9183,0.0,False,1.0,specificity_preserved
stanza,partout,partout,3,Suggérée,3,Fierté,1.585,1.0,3,Fierté,1.585,1.0,0.0,False,1.0,specificity_preserved
stanza,party,party,3,Suggérée,3,Joie,-0.0,0.0,3,Joie,-0.0,0.0,0.0,False,1.0,specificity_preserved
stanza,paul,paul,7,Montrée,7,Colère,0.8631,0.8631,7,Colère,0.8631,0.8631,0.0,False,1.0,specificity_preserved
stanza,nobel,nobel,4,Suggérée,4,Fierté,1.0,1.0,4,Fierté,1.0,1.0,0.0,False,1.0,specificity_preserved
stanza,nom,nom,3,Montrée,3,Colère,1.585,1.0,3,Colère,1.585,1.0,0.0,False,1.0,specificity_preserved
stanza,normal,normal,9,Suggérée,9,Embarras,2.7255,0.9708,9,Embarras,2.7255,0.9708,0.0,False,1.0,specificity_preserved
stanza,nouvelle,nouveau,1,Suggérée,5,Joie,0.7219,0.7219,5,Joie,0.7219,0.7219,0.0,False,0.2,specificity_preserved
stanza,nouvelle,nouvelle,4,Suggérée,5,Joie,0.7219,0.7219,5,Joie,0.7219,0.7219,0.0,False,0.8,specificity_preserved
stanza,noël,noël,3,Suggérée,3,Joie,-0.0,0.0,3,Joie,-0.0,0.0,0.0,False,1.0,specificity_preserved
stanza,cause,cause,4,Suggérée,4,Joie,1.5,0.9464,4,Joie,1.5,0.9464,0.0,False,1.0,specificity_preserved
stanza,championne,championne,8,Suggérée,8,Fierté,1.0,1.0,8,Fierté,1.0,1.0,0.0,False,1.0,specificity_preserved
stanza,chouette,chouette,3,Montrée,3,Joie,-0.0,0.0,3,Joie,-0.0,0.0,0.0,False,1.0,specificity_preserved
stanza,chance,chance,13,Suggérée,13,Joie,1.6692,0.8346,13,Joie,1.6692,0.8346,0.0,False,1.0,specificity_preserved
stanza,oh,oh,18,Montrée,18,Surprise,1.4628,0.7314,18,Surprise,1.4628,0.7314,0.0,False,1.0,specificity_preserved
stanza,originale,original,3,Suggérée,3,Surprise,-0.0,0.0,3,Surprise,-0.0,0.0,0.0,False,1.0,specificity_preserved
stanza,moqueries,moquerie,5,Suggérée,5,Embarras,0.7219,0.7219,5,Embarras,0.7219,0.7219,0.0,False,1.0,specificity_preserved
stanza,mouvement,mouvement,5,Comportementale,5,Colère,-0.0,0.0,6,Colère,-0.0,0.0,0.0,False,0.8333,specificity_preserved
stanza,muslim,muslim,3,Montrée,3,Colère,-0.0,0.0,3,Colère,-0.0,0.0,0.0,False,1.0,specificity_preserved
stanza,mystérieux,mystérieux,3,Suggérée,3,Peur,0.9183,0.9183,3,Peur,0.9183,0.9183,0.0,False,1.0,specificity_preserved
stanza,mère,mère,3,Montrée,3,Colère,-0.0,0.0,3,Colère,-0.0,0.0,0.0,False,1.0,specificity_preserved
stanza,mécontentement,mécontentement,15,Désignée,15,Colère,-0.0,0.0,18,Colère,-0.0,0.0,0.0,False,0.8333,specificity_preserved
stanza,mécontentements,mécontentement,3,Désignée,3,Colère,-0.0,0.0,18,Colère,-0.0,0.0,0.0,False,0.1667,specificity_preserved
stanza,papa,papa,3,Suggérée,3,Tristesse,0.9183,0.9183,3,Tristesse,0.9183,0.9183,0.0,False,1.0,specificity_preserved
stanza,pardon,pardon,5,Montrée,5,Tristesse,1.9219,0.961,5,Tristesse,1.9219,0.961,0.0,False,1.0,specificity_preserved
stanza,parents,parent,5,Suggérée,5,Joie,1.5219,0.9602,5,Joie,1.5219,0.9602,0.0,False,1.0,specificity_preserved
stanza,champs,champ,3,Suggérée,3,Colère,1.585,1.0,3,Colère,1.585,1.0,0.0,False,1.0,specificity_preserved
stanza,polémique,polémique,4,Suggérée,4,Colère,-0.0,0.0,4,Colère,-0.0,0.0,0.0,False,1.0,specificity_preserved
stanza,porc,porc,9,Montrée,9,Dégoût,1.2244,0.7725,9,Dégoût,1.2244,0.7725,0.0,False,1.0,specificity_preserved
stanza,pk,pk,4,Montrée,4,Colère,-0.0,0.0,4,Colère,-0.0,0.0,0.0,False,1.0,specificity_preserved
stanza,pauvreté,pauvreté,4,Suggérée,4,Peur,1.5,0.9464,4,Peur,1.5,0.9464,0.0,False,1.0,specificity_preserved
stanza,pavé,pavé,3,Montrée,3,Tristesse,0.9183,0.9183,3,Tristesse,0.9183,0.9183,0.0,False,1.0,specificity_preserved
stanza,pays,pays,9,Suggérée,9,Peur,2.1972,0.9463,9,Peur,2.1972,0.9463,0.0,False,1.0,specificity_preserved
stanza,pd,pd,5,Montrée,5,Colère,1.371,0.865,5,Colère,1.371,0.865,0.0,False,1.0,specificity_preserved
stanza,chienne,chienne,3,Montrée,3,Dégoût,0.9183,0.9183,3,Dégoût,0.9183,0.9183,0.0,False,1.0,specificity_preserved
stanza,chier,chier,3,Montrée,3,Colère,-0.0,0.0,3,Colère,-0.0,0.0,0.0,False,1.0,specificity_preserved
stanza,choc,choc,4,Désignée,4,Surprise,1.5,0.9464,4,Surprise,1.5,0.9464,0.0,False,1.0,specificity_preserved
stanza,perdrait,pordre,3,Suggérée,3,Tristesse,0.9183,0.9183,3,Tristesse,0.9183,0.9183,0.0,False,1.0,specificity_preserved
stanza,persécutions,persécution,3,Désignée,3,Peur,0.9183,0.9183,3,Peur,0.9183,0.9183,0.0,False,1.0,specificity_preserved
stanza,peu,peu,8,Montrée,8,Colère,1.9056,0.9528,8,Colère,1.9056,0.9528,0.0,False,1.0,specificity_preserved
stanza,pierre,pierre,5,Montrée,5,Colère,-0.0,0.0,5,Colère,-0.0,0.0,0.0,False,1.0,specificity_preserved
stanza,chien,chien,5,Montrée,5,Colère,1.5219,0.9602,5,Colère,1.5219,0.9602,0.0,False,1.0,specificity_preserved
stanza,ours,ours,3,Suggérée,3,Peur,-0.0,0.0,3,Peur,-0.0,0.0,0.0,False,1.0,specificity_preserved
stanza,ouvert,ouvrir,2,Suggérée,3,Colère,1.585,1.0,3,Colère,1.585,1.0,0.0,False,0.6667,specificity_preserved
stanza,anglais,anglais,5,Suggérée,5,Tristesse,0.971,0.971,5,Tristesse,0.971,0.971,0.0,False,1.0,specificity_preserved
stanza,panique,panique,11,Désignée,11,Peur,-0.0,0.0,11,Peur,-0.0,0.0,0.0,False,1.0,specificity_preserved
stanza,emploi,emploi,3,Suggérée,3,Colère,1.585,1.0,3,Colère,1.585,1.0,0.0,False,1.0,specificity_preserved
stanza,emporte,emporter,3,Comportementale,3,Colère,-0.0,0.0,4,Colère,-0.0,0.0,0.0,False,0.75,specificity_preserved
stanza,emprisonné,emprisonner,4,Suggérée,4,Peur,1.0,1.0,4,Peur,1.0,1.0,0.0,False,1.0,specificity_preserved
stanza,encore,encore,12,Suggérée,12,Peur,2.4591,0.9513,12,Peur,2.4591,0.9513,0.0,False,1.0,specificity_preserved
stanza,enfin,enfin,3,Montrée,3,Colère,1.585,1.0,3,Colère,1.585,1.0,0.0,False,1.0,specificity_preserved
stanza,ensemble,ensemble,3,Suggérée,3,Joie,0.9183,0.9183,3,Joie,0.9183,0.9183,0.0,False,1.0,specificity_preserved
stanza,enthousiasme,enthousiasme,8,Désignée,8,Joie,-0.0,0.0,8,Joie,-0.0,0.0,0.0,False,1.0,specificity_preserved
stanza,envie,envie,3,Suggérée,3,Admiration,1.585,1.0,3,Admiration,1.585,1.0,0.0,False,1.0,specificity_preserved
stanza,peur,peur,131,Désignée,131,Peur,0.0647,0.0647,131,Peur,0.0647,0.0647,0.0,False,1.0,specificity_preserved
stanza,coeur,coeur,3,Montrée,3,Joie,1.585,1.0,3,Joie,1.585,1.0,0.0,False,1.0,specificity_preserved
stanza,colère,colère,54,Désignée,54,Colère,-0.0,0.0,54,Colère,-0.0,0.0,0.0,False,1.0,specificity_preserved
stanza,contre,contre,12,Comportementale,12,Colère,1.4183,0.7091,12,Colère,1.4183,0.7091,0.0,False,1.0,specificity_preserved
stanza,cool,cool,7,Désignée,7,Admiration,1.3788,0.8699,7,Admiration,1.3788,0.8699,0.0,False,1.0,specificity_preserved
stanza,corps,corps,3,Suggérée,3,Dégoût,1.585,1.0,3,Dégoût,1.585,1.0,0.0,False,1.0,specificity_preserved
stanza,corruption,corruption,5,Suggérée,5,Colère,-0.0,0.0,5,Colère,-0.0,0.0,0.0,False,1.0,specificity_preserved
stanza,couilles,couille,6,Montrée,6,Colère,0.65,0.65,6,Colère,0.65,0.65,0.0,False,1.0,specificity_preserved
stanza,couleurs,couleur,3,Comportementale,3,Fierté,1.585,1.0,3,Fierté,1.585,1.0,0.0,False,1.0,specificity_preserved
stanza,manifestent,manifester,15,Comportementale,15,Colère,-0.0,0.0,50,Colère,-0.0,0.0,0.0,False,0.3,specificity_preserved
stanza,manifester,manifester,15,Comportementale,15,Colère,-0.0,0.0,50,Colère,-0.0,0.0,0.0,False,0.3,specificity_preserved
stanza,manifesté,manifester,16,Comportementale,16,Colère,-0.0,0.0,50,Colère,-0.0,0.0,0.0,False,0.32,specificity_preserved
stanza,mariage,mariage,7,Suggérée,7,Joie,1.1488,0.7248,7,Joie,1.1488,0.7248,0.0,False,1.0,specificity_preserved
stanza,marre,marre,7,Désignée,7,Colère,-0.0,0.0,7,Colère,-0.0,0.0,0.0,False,1.0,specificity_preserved
stanza,paris,paris,3,Suggérée,3,Joie,0.9183,0.9183,3,Joie,0.9183,0.9183,0.0,False,1.0,specificity_preserved
stanza,misère,misère,3,Désignée,3,Tristesse,-0.0,0.0,3,Tristesse,-0.0,0.0,0.0,False,1.0,specificity_preserved
stanza,malgré,malgré,4,Montrée,4,Tristesse,0.8113,0.8113,4,Tristesse,0.8113,0.8113,0.0,False,1.0,specificity_preserved
stanza,malheur,malheur,15,Désignée,15,Tristesse,0.9183,0.9183,15,Tristesse,0.9183,0.9183,0.0,False,1.0,specificity_preserved
stanza,malheureusement,malheureusement,7,Désignée,7,Tristesse,-0.0,0.0,7,Tristesse,-0.0,0.0,0.0,False,1.0,specificity_preserved
stanza,manifestaient,manifester,3,Comportementale,3,Colère,-0.0,0.0,50,Colère,-0.0,0.0,0.0,False,0.06,specificity_preserved
stanza,manifeste,manifeste,4,Comportementale,4,Colère,-0.0,0.0,4,Colère,-0.0,0.0,0.0,False,1.0,specificity_preserved
stanza,consterné,consterner,3,Désignée,3,Tristesse,0.9183,0.9183,3,Tristesse,0.9183,0.9183,0.0,False,1.0,specificity_preserved
stanza,conséquences,conséquence,3,Suggérée,3,Peur,0.9183,0.9183,3,Peur,0.9183,0.9183,0.0,False,1.0,specificity_preserved
stanza,content,content,4,Désignée,4,Joie,-0.0,0.0,32,Joie,-0.0,0.0,0.0,False,0.125,specificity_preserved
stanza,fierté,fierté,7,Désignée,7,Fierté,-0.0,0.0,7,Fierté,-0.0,0.0,0.0,False,1.0,specificity_preserved
stanza,excuses,excuse,3,Suggérée,3,Culpabilité,0.9183,0.9183,3,Culpabilité,0.9183,0.9183,0.0,False,1.0,specificity_preserved
stanza,explosé,exploser,5,Montrée,5,Admiration,2.3219,1.0,5,Admiration,2.3219,1.0,0.0,False,1.0,specificity_preserved
stanza,expulser,expulser,4,Suggérée,4,Colère,0.8113,0.8113,4,Colère,0.8113,0.8113,0.0,False,1.0,specificity_preserved
stanza,minable,minable,3,Désignée,3,Culpabilité,1.585,1.0,3,Culpabilité,1.585,1.0,0.0,False,1.0,specificity_preserved
stanza,nique,nique,4,Montrée,5,Colère,-0.0,0.0,4,Colère,-0.0,0.0,0.0,False,1.0,specificity_preserved
stanza,combats,combat,3,Suggérée,3,Peur,0.9183,0.9183,3,Peur,0.9183,0.9183,0.0,False,1.0,specificity_preserved
stanza,comment,comment,4,Montrée,4,Colère,2.0,1.0,4,Colère,2.0,1.0,0.0,False,1.0,specificity_preserved
stanza,commettre,commettre,3,Comportementale,3,Colère,0.9183,0.9183,3,Colère,0.9183,0.9183,0.0,False,1.0,specificity_preserved
stanza,commun,commun,5,Suggérée,5,Surprise,-0.0,0.0,5,Surprise,-0.0,0.0,0.0,False,1.0,specificity_preserved
stanza,complètement,complètement,3,Suggérée,3,Colère,1.585,1.0,3,Colère,1.585,1.0,0.0,False,1.0,specificity_preserved
stanza,con,con,7,Montrée,7,Colère,0.5917,0.5917,7,Colère,0.5917,0.5917,0.0,False,1.0,specificity_preserved
stanza,conditions,condition,4,Suggérée,4,Colère,1.5,0.9464,4,Colère,1.5,0.9464,0.0,False,1.0,specificity_preserved
stanza,confiance,confiance,7,Suggérée,7,Joie,2.2359,0.963,7,Joie,2.2359,0.963,0.0,False,1.0,specificity_preserved
stanza,millions,million,3,Suggérée,3,Joie,0.9183,0.9183,3,Joie,0.9183,0.9183,0.0,False,1.0,specificity_preserved
stanza,ntm,ntm,3,Comportementale,3,Colère,-0.0,0.0,3,Colère,-0.0,0.0,0.0,False,1.0,specificity_preserved
stanza,nuage,nuage,3,Suggérée,3,Joie,0.9183,0.9183,3,Joie,0.9183,0.9183,0.0,False,1.0,specificity_preserved
stanza,occasion,occasion,7,Suggérée,7,Joie,1.8424,0.9212,7,Joie,1.8424,0.9212,0.0,False,1.0,specificity_preserved
stanza,cible,cible,3,Suggérée,3,Embarras,1.585,1.0,3,Embarras,1.585,1.0,0.0,False,1.0,specificity_preserved
stanza,monde,monde,16,Suggérée,16,Joie,1.7169,0.7394,16,Joie,1.7169,0.7394,0.0,False,1.0,specificity_preserved
stanza,mondiale,mondial,3,Suggérée,3,Fierté,1.585,1.0,3,Fierté,1.585,1.0,0.0,False,1.0,specificity_preserved
stanza,meme,même,4,Montrée,4,Colère,0.8113,0.8113,4,Colère,0.8113,0.8113,0.0,False,1.0,stopword_leakage
stanza,menaçante,menaçant,4,Désignée,4,Peur,-0.0,0.0,4,Peur,-0.0,0.0,0.0,False,1.0,specificity_preserved
stanza,mentir,mentir,4,Suggérée,4,Colère,-0.0,0.0,5,Colère,-0.0,0.0,0.0,False,0.8,specificity_preserved
stanza,merci,merci,11,Montrée,11,Joie,1.3222,0.8342,11,Joie,1.3222,0.8342,0.0,False,1.0,specificity_preserved
stanza,merveilleux,merveilleux,7,Désignée,7,Admiration,1.1488,0.7248,7,Admiration,1.1488,0.7248,0.0,False,1.0,specificity_preserved
stanza,mieux,mieux,8,Suggérée,8,Fierté,1.8113,0.9056,8,Fierté,1.8113,0.9056,0.0,False,1.0,specificity_preserved
stanza,mécontents,mécontent,8,Désignée,8,Colère,-0.0,0.0,10,Colère,-0.0,0.0,0.0,False,0.8,specificity_preserved
stanza,médaille,médaille,10,Suggérée,10,Fierté,1.0,1.0,12,Fierté,1.0,1.0,0.0,False,0.8333,specificity_preserved
stanza,méfiance,méfiance,5,Désignée,5,Peur,-0.0,0.0,5,Peur,-0.0,0.0,0.0,False,1.0,specificity_preserved
stanza,méfier,méfier,3,Comportementale,3,Peur,-0.0,0.0,5,Peur,-0.0,0.0,0.0,False,0.6,specificity_preserved
stanza,national,national,3,Suggérée,3,Fierté,0.9183,0.9183,3,Fierté,0.9183,0.9183,0.0,False,1.0,specificity_preserved
stanza,offert,offrir,3,Suggérée,3,Joie,-0.0,0.0,5,Joie,-0.0,0.0,0.0,False,0.6,specificity_preserved
