source_file,text_span,mode,emotion,marker_type,marker_value,type
CyberAggAdo,pk vous insulter Paul ?,Comportementale,Colère,word,pk,SitEmo
CyberAggAdo,pk vous insulter Paul ?,Comportementale,Colère,word,insulter,SitEmo
CyberAggAdo,pk vous insulter Paul ?,Comportementale,Colère,word,paul,SitEmo
CyberAggAdo,pk vous insulter Paul ?,Comportementale,Colère,punctuation,?,SitEmo
CyberAggAdo,il est gros,Suggérée,Dégoût,word,gros,SitEmo
CyberAggAdo,il est gros,Suggérée,Colère,word,gros,SitEmo
CyberAggAdo,Mais frere t casiment aussi obèse que lui gros chien,Montrée,Colère,word,frere,SitEmo
CyberAggAdo,Mais frere t casiment aussi obèse que lui gros chien,Montrée,Colère,word,casiment,SitEmo
CyberAggAdo,Mais frere t casiment aussi obèse que lui gros chien,Montrée,Colère,word,obèse,SitEmo
CyberAggAdo,Mais frere t casiment aussi obèse que lui gros chien,Montrée,Colère,word,gros,SitEmo
CyberAggAdo,Mais frere t casiment aussi obèse que lui gros chien,Montrée,Colère,word,chien,SitEmo
CyberAggAdo,gros chien,Montrée,Dégoût,word,gros,SitEmo
CyberAggAdo,gros chien,Montrée,Dégoût,word,chien,SitEmo
CyberAggAdo,bah alors on a les nerfs?,Comportementale,Colère,word,bah,SitEmo
CyberAggAdo,bah alors on a les nerfs?,Comportementale,Colère,word,nerfs,SitEmo
CyberAggAdo,bah alors on a les nerfs?,Comportementale,Colère,punctuation,?,SitEmo
CyberAggAdo,c pas cool,Montrée,Colère,word,cool,SitEmo
CyberAggAdo,vous faites pitié,Montrée,Colère,word,pitié,SitEmo
CyberAggAdo,tg,Montrée,Colère,word,tg,SitEmo
CyberAggAdo,raconte pas ta vie,Montrée,Colère,word,raconte,SitEmo
CyberAggAdo,raconte pas ta vie,Montrée,Colère,word,vie,SitEmo
CyberAggAdo,mais on t'as meme pas parler a toi,Montrée,Colère,word,t'as,SitEmo
CyberAggAdo,mais on t'as meme pas parler a toi,Montrée,Colère,word,meme,SitEmo
CyberAggAdo,mais on t'as meme pas parler a toi,Montrée,Colère,word,parler,SitEmo
CyberAggAdo,mais on t'as meme pas parler a toi,Montrée,Colère,punctuation,',SitEmo
CyberAggAdo,t insulte Paul,Comportementale,Colère,word,insulte,SitEmo
CyberAggAdo,t insulte Paul,Comportementale,Colère,word,paul,SitEmo
CyberAggAdo,vu comme il est gros,Montrée,Dégoût,word,vu,SitEmo
CyberAggAdo,vu comme il est gros,Montrée,Dégoût,word,gros,SitEmo
CyberAggAdo,mskn,Désignée,Tristesse,word,mskn,SitEmo
CyberAggAdo,il a pas d ami,Suggérée,Tristesse,word,ami,SitEmo
CyberAggAdo,c ta mere que je paye julien,Montrée,Colère,word,mere,SitEmo
CyberAggAdo,c ta mere que je paye julien,Montrée,Colère,word,paye,SitEmo
CyberAggAdo,c ta mere que je paye julien,Montrée,Colère,word,julien,SitEmo
CyberAggAdo,drôle,Désignée,Joie,word,drôle,SitEmo
CyberAggAdo,trop marrant,Désignée,Joie,word,marrant,SitEmo
CyberAggAdo,drole,Désignée,Joie,word,drole,SitEmo
CyberAggAdo,vous etes des gamins,Montrée,Colère,word,etes,SitEmo
CyberAggAdo,vous etes des gamins,Montrée,Colère,word,gamins,SitEmo
CyberAggAdo,personne t'as demandé ton avis,Montrée,Colère,word,t'as,SitEmo
CyberAggAdo,personne t'as demandé ton avis,Montrée,Colère,word,demandé,SitEmo
CyberAggAdo,personne t'as demandé ton avis,Montrée,Colère,word,avis,SitEmo
CyberAggAdo,personne t'as demandé ton avis,Montrée,Colère,punctuation,',SitEmo
CyberAggAdo,seulement si tu accepte de faire mes devoirs jusqu'a la fin de l annee ou sinon tout le lycée la verra,Suggérée,Peur,word,seulement,SitEmo
CyberAggAdo,seulement si tu accepte de faire mes devoirs jusqu'a la fin de l annee ou sinon tout le lycée la verra,Suggérée,Peur,word,accepte,SitEmo
CyberAggAdo,seulement si tu accepte de faire mes devoirs jusqu'a la fin de l annee ou sinon tout le lycée la verra,Suggérée,Peur,word,devoirs,SitEmo
CyberAggAdo,seulement si tu accepte de faire mes devoirs jusqu'a la fin de l annee ou sinon tout le lycée la verra,Suggérée,Peur,word,jusqu'a,SitEmo
CyberAggAdo,seulement si tu accepte de faire mes devoirs jusqu'a la fin de l annee ou sinon tout le lycée la verra,Suggérée,Peur,word,fin,SitEmo
CyberAggAdo,seulement si tu accepte de faire mes devoirs jusqu'a la fin de l annee ou sinon tout le lycée la verra,Suggérée,Peur,word,annee,SitEmo
CyberAggAdo,seulement si tu accepte de faire mes devoirs jusqu'a la fin de l annee ou sinon tout le lycée la verra,Suggérée,Peur,word,sinon,SitEmo
CyberAggAdo,seulement si tu accepte de faire mes devoirs jusqu'a la fin de l annee ou sinon tout le lycée la verra,Suggérée,Peur,word,lycée,SitEmo
CyberAggAdo,seulement si tu accepte de faire mes devoirs jusqu'a la fin de l annee ou sinon tout le lycée la verra,Suggérée,Peur,word,verra,SitEmo
CyberAggAdo,seulement si tu accepte de faire mes devoirs jusqu'a la fin de l annee ou sinon tout le lycée la verra,Suggérée,Peur,punctuation,',SitEmo
CyberAggAdo,brice ferme la,Comportementale,Colère,word,brice,SitEmo
CyberAggAdo,brice ferme la,Comportementale,Colère,word,ferme,SitEmo
CyberAggAdo,!,Montrée,Colère,punctuation,!,SitEmo
CyberAggAdo,T'es malade toi !,Montrée,Colère,word,t'es,SitEmo
CyberAggAdo,T'es malade toi !,Montrée,Colère,word,malade,SitEmo
CyberAggAdo,T'es malade toi !,Montrée,Colère,punctuation,',SitEmo
CyberAggAdo,T'es malade toi !,Montrée,Colère,punctuation,!,SitEmo
CyberAggAdo,t expert en informatique pour savoir j ai combien de moyenne ?,Montrée,Colère,word,expert,SitEmo
CyberAggAdo,t expert en informatique pour savoir j ai combien de moyenne ?,Montrée,Colère,word,informatique,SitEmo
CyberAggAdo,t expert en informatique pour savoir j ai combien de moyenne ?,Montrée,Colère,word,savoir,SitEmo
CyberAggAdo,t expert en informatique pour savoir j ai combien de moyenne ?,Montrée,Colère,word,combien,SitEmo
CyberAggAdo,t expert en informatique pour savoir j ai combien de moyenne ?,Montrée,Colère,word,moyenne,SitEmo
CyberAggAdo,t expert en informatique pour savoir j ai combien de moyenne ?,Montrée,Colère,punctuation,?,SitEmo
CyberAggAdo,raconter de la merde,Montrée,Colère,word,raconter,SitEmo
CyberAggAdo,raconter de la merde,Montrée,Colère,word,merde,SitEmo
CyberAggAdo,tellement t'as r a dire,Suggérée,Colère,word,tellement,SitEmo
CyberAggAdo,tellement t'as r a dire,Suggérée,Colère,word,t'as,SitEmo
CyberAggAdo,tellement t'as r a dire,Suggérée,Colère,word,r,SitEmo
CyberAggAdo,tellement t'as r a dire,Suggérée,Colère,punctuation,',SitEmo
CyberAggAdo,au pire vos gueule,Montrée,Colère,word,pire,SitEmo
CyberAggAdo,au pire vos gueule,Montrée,Colère,word,gueule,SitEmo
CyberAggAdo,tdc,Montrée,Colère,word,tdc,SitEmo
CyberAggAdo,cassez pas la tete,Suggérée,Colère,word,cassez,SitEmo
CyberAggAdo,cassez pas la tete,Suggérée,Colère,word,tete,SitEmo
CyberAggAdo,bande de brut,Montrée,Colère,word,bande,SitEmo
CyberAggAdo,bande de brut,Montrée,Colère,word,brut,SitEmo
CyberAggAdo,faut le brusquer un peu le paul peut être ça lui fera commencer un régime mdr,Montrée,Colère,word,faut,SitEmo
CyberAggAdo,faut le brusquer un peu le paul peut être ça lui fera commencer un régime mdr,Montrée,Colère,word,brusquer,SitEmo
CyberAggAdo,faut le brusquer un peu le paul peut être ça lui fera commencer un régime mdr,Montrée,Colère,word,peu,SitEmo
CyberAggAdo,faut le brusquer un peu le paul peut être ça lui fera commencer un régime mdr,Montrée,Colère,word,paul,SitEmo
CyberAggAdo,faut le brusquer un peu le paul peut être ça lui fera commencer un régime mdr,Montrée,Colère,word,fera,SitEmo
CyberAggAdo,faut le brusquer un peu le paul peut être ça lui fera commencer un régime mdr,Montrée,Colère,word,commencer,SitEmo
CyberAggAdo,faut le brusquer un peu le paul peut être ça lui fera commencer un régime mdr,Montrée,Colère,word,régime,SitEmo
CyberAggAdo,faut le brusquer un peu le paul peut être ça lui fera commencer un régime mdr,Montrée,Colère,word,mdr,SitEmo
CyberAggAdo,on va se battre,Comportementale,Colère,word,battre,SitEmo
CyberAggAdo,pourquoi tu cherche les problème,Montrée,Colère,word,pourquoi,SitEmo
CyberAggAdo,pourquoi tu cherche les problème,Montrée,Colère,word,cherche,SitEmo
CyberAggAdo,pourquoi tu cherche les problème,Montrée,Colère,word,problème,SitEmo
CyberAggAdo,drole,Désignée,Joie,word,drole,SitEmo
CyberAggAdo,sa change quoi a ta vie ????,Montrée,Colère,word,change,SitEmo
CyberAggAdo,sa change quoi a ta vie ????,Montrée,Colère,word,vie,SitEmo
CyberAggAdo,sa change quoi a ta vie ????,Montrée,Colère,punctuation,?,SitEmo
CyberAggAdo,sa change quoi a ta vie ????,Montrée,Colère,punctuation,?,SitEmo
CyberAggAdo,sa change quoi a ta vie ????,Montrée,Colère,punctuation,?,SitEmo
CyberAggAdo,sa change quoi a ta vie ????,Montrée,Colère,punctuation,?,SitEmo
CyberAggAdo,fermé ta gueule,Montrée,Colère,word,fermé,SitEmo
CyberAggAdo,fermé ta gueule,Montrée,Colère,word,gueule,SitEmo
CyberAggAdo,t'inquiète,Désignée,Tristesse,word,t'inquiète,SitEmo
CyberAggAdo,t'inquiète,Désignée,Tristesse,punctuation,',SitEmo
CyberAggAdo,mais ferme la pierre etles autres la,Montrée,Colère,word,ferme,SitEmo
CyberAggAdo,mais ferme la pierre etles autres la,Montrée,Colère,word,pierre,SitEmo
CyberAggAdo,mais ferme la pierre etles autres la,Montrée,Colère,word,etles,SitEmo
CyberAggAdo,vous avez autant pas de vie,Montrée,Colère,word,autant,SitEmo
CyberAggAdo,vous avez autant pas de vie,Montrée,Colère,word,vie,SitEmo
CyberAggAdo,vous melez de la sienne,Suggérée,Colère,word,melez,SitEmo
CyberAggAdo,vous melez de la sienne,Suggérée,Colère,word,sienne,SitEmo
CyberAggAdo,gros con,Montrée,Colère,word,gros,SitEmo
CyberAggAdo,gros con,Montrée,Colère,word,con,SitEmo
CyberAggAdo,sous merde,Montrée,Colère,word,merde,SitEmo
CyberAggAdo,sous merde,Montrée,Dégoût,word,merde,SitEmo
CyberAggAdo,on a besoin de 2 pokeflute pour te réveiller,Montrée,Dégoût,word,besoin,SitEmo
CyberAggAdo,on a besoin de 2 pokeflute pour te réveiller,Montrée,Dégoût,word,pokeflute,SitEmo
CyberAggAdo,on a besoin de 2 pokeflute pour te réveiller,Montrée,Dégoût,word,réveiller,SitEmo
CyberAggAdo,tg,Montrée,Colère,word,tg,SitEmo
CyberAggAdo,mais arrêtetu,Montrée,Colère,word,arrêtetu,SitEmo
CyberAggAdo,mdrrrrrr,Désignée,Joie,word,mdrrrrrr,SitEmo
CyberAggAdo,quand tu ressemble a rien,Montrée,Colère,word,ressemble,SitEmo
CyberAggAdo,arrete d'insulter,Comportementale,Colère,word,arrete,SitEmo
CyberAggAdo,arrete d'insulter,Comportementale,Colère,word,d'insulter,SitEmo
CyberAggAdo,arrete d'insulter,Comportementale,Colère,punctuation,',SitEmo
CyberAggAdo,wsh dosez,Montrée,Colère,word,wsh,SitEmo
CyberAggAdo,wsh dosez,Montrée,Colère,word,dosez,SitEmo
CyberAggAdo,Laisse tomber,Suggérée,Tristesse,word,laisse,SitEmo
CyberAggAdo,Laisse tomber,Suggérée,Tristesse,word,tomber,SitEmo
CyberAggAdo,Ils sont cons ils entendent rien..,Montrée,Colère,word,cons,SitEmo
CyberAggAdo,Ils sont cons ils entendent rien..,Montrée,Colère,word,entendent,SitEmo
CyberAggAdo,Ils sont cons ils entendent rien..,Montrée,Colère,punctuation,.,SitEmo
CyberAggAdo,Ils sont cons ils entendent rien..,Montrée,Colère,punctuation,.,SitEmo
CyberAggAdo,t'aimerais bien qu'on te le fasse?,Montrée,Colère,word,t'aimerais,SitEmo
CyberAggAdo,t'aimerais bien qu'on te le fasse?,Montrée,Colère,word,qu'on,SitEmo
CyberAggAdo,t'aimerais bien qu'on te le fasse?,Montrée,Colère,word,fasse,SitEmo
CyberAggAdo,t'aimerais bien qu'on te le fasse?,Montrée,Colère,punctuation,',SitEmo
CyberAggAdo,t'aimerais bien qu'on te le fasse?,Montrée,Colère,punctuation,',SitEmo
CyberAggAdo,t'aimerais bien qu'on te le fasse?,Montrée,Colère,punctuation,?,SitEmo
CyberAggAdo,t con,Montrée,Colère,word,con,SitEmo
CyberAggAdo,Mais putain,Montrée,Colère,word,putain,SitEmo
CyberAggAdo,c'est quoi ton problème !,Montrée,Colère,word,c'est,SitEmo
CyberAggAdo,c'est quoi ton problème !,Montrée,Colère,word,problème,SitEmo
CyberAggAdo,c'est quoi ton problème !,Montrée,Colère,punctuation,',SitEmo
CyberAggAdo,c'est quoi ton problème !,Montrée,Colère,punctuation,!,SitEmo
CyberAggAdo,gros tat,Montrée,Colère,word,gros,SitEmo
CyberAggAdo,gros tat,Montrée,Dégoût,word,gros,SitEmo
CyberAggAdo,gros tat,Montrée,Colère,word,tat,SitEmo
CyberAggAdo,gros tat,Montrée,Dégoût,word,tat,SitEmo
CyberAggAdo,je veux rayer les sous merde de la carte,Montrée,Colère,word,rayer,SitEmo
CyberAggAdo,je veux rayer les sous merde de la carte,Montrée,Dégoût,word,rayer,SitEmo
CyberAggAdo,je veux rayer les sous merde de la carte,Montrée,Colère,word,merde,SitEmo
CyberAggAdo,je veux rayer les sous merde de la carte,Montrée,Dégoût,word,merde,SitEmo
CyberAggAdo,je veux rayer les sous merde de la carte,Montrée,Colère,word,carte,SitEmo
CyberAggAdo,je veux rayer les sous merde de la carte,Montrée,Dégoût,word,carte,SitEmo
CyberAggAdo,tg,Montrée,Colère,word,tg,SitEmo
CyberAggAdo,ignore leporte pleinte,Suggérée,Colère,word,ignore,SitEmo
CyberAggAdo,ignore leporte pleinte,Suggérée,Colère,word,leporte,SitEmo
CyberAggAdo,ignore leporte pleinte,Suggérée,Colère,word,pleinte,SitEmo
CyberAggAdo,..,Montrée,Colère,punctuation,.,SitEmo
CyberAggAdo,..,Montrée,Colère,punctuation,.,SitEmo
CyberAggAdo,un gros tas de graisse arabe,Montrée,Dégoût,word,gros,SitEmo
CyberAggAdo,un gros tas de graisse arabe,Montrée,Dégoût,word,tas,SitEmo
CyberAggAdo,un gros tas de graisse arabe,Montrée,Dégoût,word,graisse,SitEmo
CyberAggAdo,un gros tas de graisse arabe,Montrée,Dégoût,word,arabe,SitEmo
CyberAggAdo,bah si bah les couilles supprime la vidéo mon con,Montrée,Colère,word,bah,SitEmo
CyberAggAdo,bah si bah les couilles supprime la vidéo mon con,Montrée,Colère,word,bah,SitEmo
CyberAggAdo,bah si bah les couilles supprime la vidéo mon con,Montrée,Colère,word,couilles,SitEmo
CyberAggAdo,bah si bah les couilles supprime la vidéo mon con,Montrée,Colère,word,supprime,SitEmo
CyberAggAdo,bah si bah les couilles supprime la vidéo mon con,Montrée,Colère,word,vidéo,SitEmo
CyberAggAdo,bah si bah les couilles supprime la vidéo mon con,Montrée,Colère,word,con,SitEmo
CyberAggAdo,porter pleinte carremenent ?,Montrée,Surprise,word,porter,SitEmo
CyberAggAdo,porter pleinte carremenent ?,Montrée,Surprise,word,pleinte,SitEmo
CyberAggAdo,porter pleinte carremenent ?,Montrée,Surprise,word,carremenent,SitEmo
CyberAggAdo,porter pleinte carremenent ?,Montrée,Surprise,punctuation,?,SitEmo
CyberAggAdo,j ai tue ta mere ou quoi,Montrée,Colère,word,tue,SitEmo
CyberAggAdo,j ai tue ta mere ou quoi,Montrée,Colère,word,mere,SitEmo
CyberAggAdo,t'inquiète,Désignée,Tristesse,word,t'inquiète,SitEmo
CyberAggAdo,t'inquiète,Désignée,Tristesse,punctuation,',SitEmo
CyberAggAdo,sale bagraa,Montrée,Colère,word,sale,SitEmo
CyberAggAdo,sale bagraa,Montrée,Dégoût,word,sale,SitEmo
CyberAggAdo,sale bagraa,Montrée,Colère,word,bagraa,SitEmo
CyberAggAdo,sale bagraa,Montrée,Dégoût,word,bagraa,SitEmo
CyberAggAdo,arrete Julien avec ton gros crane,Montrée,Colère,word,arrete,SitEmo
CyberAggAdo,arrete Julien avec ton gros crane,Montrée,Colère,word,julien,SitEmo
CyberAggAdo,arrete Julien avec ton gros crane,Montrée,Colère,word,gros,SitEmo
CyberAggAdo,arrete Julien avec ton gros crane,Montrée,Colère,word,crane,SitEmo
CyberAggAdo,je vais vraient porter plainte si ça continue,Comportementale,Colère,word,vraient,SitEmo
CyberAggAdo,je vais vraient porter plainte si ça continue,Comportementale,Colère,word,porter,SitEmo
CyberAggAdo,je vais vraient porter plainte si ça continue,Comportementale,Colère,word,plainte,SitEmo
CyberAggAdo,je vais vraient porter plainte si ça continue,Comportementale,Colère,word,continue,SitEmo
CyberAggAdo,Vous êtes même pas foutu d'arrêter une blague,Montrée,Colère,word,foutu,SitEmo
CyberAggAdo,Vous êtes même pas foutu d'arrêter une blague,Montrée,Colère,word,d'arrêter,SitEmo
CyberAggAdo,Vous êtes même pas foutu d'arrêter une blague,Montrée,Colère,word,blague,SitEmo
CyberAggAdo,Vous êtes même pas foutu d'arrêter une blague,Montrée,Colère,punctuation,',SitEmo
CyberAggAdo,gros porc de service,Montrée,Dégoût,word,gros,SitEmo
CyberAggAdo,gros porc de service,Montrée,Dégoût,word,porc,SitEmo
CyberAggAdo,gros porc de service,Montrée,Dégoût,word,service,SitEmo
CyberAggAdo,appart insulter les gens sur leur poids et sur leur religions vous savez faire quoi les gars,Montrée,Colère,word,appart,SitEmo
CyberAggAdo,appart insulter les gens sur leur poids et sur leur religions vous savez faire quoi les gars,Montrée,Colère,word,insulter,SitEmo
CyberAggAdo,appart insulter les gens sur leur poids et sur leur religions vous savez faire quoi les gars,Montrée,Colère,word,gens,SitEmo
CyberAggAdo,appart insulter les gens sur leur poids et sur leur religions vous savez faire quoi les gars,Montrée,Colère,word,poids,SitEmo
CyberAggAdo,appart insulter les gens sur leur poids et sur leur religions vous savez faire quoi les gars,Montrée,Colère,word,religions,SitEmo
CyberAggAdo,appart insulter les gens sur leur poids et sur leur religions vous savez faire quoi les gars,Montrée,Colère,word,savez,SitEmo
CyberAggAdo,appart insulter les gens sur leur poids et sur leur religions vous savez faire quoi les gars,Montrée,Colère,word,gars,SitEmo
CyberAggAdo,profiter de la vie,Désignée,Joie,word,profiter,SitEmo
CyberAggAdo,profiter de la vie,Désignée,Joie,word,vie,SitEmo
CyberAggAdo,c votre probleme,Montrée,Colère,word,probleme,SitEmo
CyberAggAdo,laisse Selena tranquille,Suggérée,Colère,word,laisse,SitEmo
CyberAggAdo,laisse Selena tranquille,Suggérée,Colère,word,selena,SitEmo
CyberAggAdo,laisse Selena tranquille,Suggérée,Colère,word,tranquille,SitEmo
CyberAggAdo,en quoi c amusant,Montrée,Colère,word,amusant,SitEmo
CyberAggAdo,brice tu te croit marrant,Montrée,Colère,word,brice,SitEmo
CyberAggAdo,brice tu te croit marrant,Montrée,Colère,word,croit,SitEmo
CyberAggAdo,brice tu te croit marrant,Montrée,Colère,word,marrant,SitEmo
CyberAggAdo,Elle se mêle de chose qui la regarde pas,Suggérée,Colère,word,mêle,SitEmo
CyberAggAdo,Elle se mêle de chose qui la regarde pas,Suggérée,Colère,word,chose,SitEmo
CyberAggAdo,Elle se mêle de chose qui la regarde pas,Suggérée,Colère,word,regarde,SitEmo
CyberAggAdo,tu me diras si c amusant,Montrée,Colère,word,diras,SitEmo
CyberAggAdo,tu me diras si c amusant,Montrée,Colère,word,amusant,SitEmo
CyberAggAdo,mon con,Montrée,Colère,word,con,SitEmo
CyberAggAdo,MAis arrete de faire genre brice !,Montrée,Colère,word,arrete,SitEmo
CyberAggAdo,MAis arrete de faire genre brice !,Montrée,Colère,word,genre,SitEmo
CyberAggAdo,MAis arrete de faire genre brice !,Montrée,Colère,word,brice,SitEmo
CyberAggAdo,MAis arrete de faire genre brice !,Montrée,Colère,punctuation,!,SitEmo
CyberAggAdo,t vraiment con,Montrée,Colère,word,vraiment,SitEmo
CyberAggAdo,t vraiment con,Montrée,Colère,word,con,SitEmo
CyberAggAdo,sa m'aurait pas plu,Désignée,Colère,word,m'aurait,SitEmo
CyberAggAdo,sa m'aurait pas plu,Désignée,Colère,word,plu,SitEmo
CyberAggAdo,sa m'aurait pas plu,Désignée,Colère,punctuation,',SitEmo
CyberAggAdo,je te jure je vais te casser la gueule,Comportementale,Colère,word,jure,SitEmo
CyberAggAdo,je te jure je vais te casser la gueule,Comportementale,Colère,word,casser,SitEmo
CyberAggAdo,je te jure je vais te casser la gueule,Comportementale,Colère,word,gueule,SitEmo
CyberAggAdo,casser la gueule,Montrée,Colère,word,casser,SitEmo
CyberAggAdo,casser la gueule,Montrée,Colère,word,gueule,SitEmo
CyberAggAdo,laisser le tranquille,Montrée,Colère,word,laisser,SitEmo
CyberAggAdo,laisser le tranquille,Montrée,Colère,word,tranquille,SitEmo
CyberAggAdo,STOP AU HARCELEMENT,Montrée,Colère,word,stop,SitEmo
CyberAggAdo,STOP AU HARCELEMENT,Montrée,Colère,word,harcelement,SitEmo
CyberAggAdo,vous etes tous inferieur a nous enfaite,Montrée,Colère,word,etes,SitEmo
CyberAggAdo,vous etes tous inferieur a nous enfaite,Montrée,Colère,word,inferieur,SitEmo
CyberAggAdo,vous etes tous inferieur a nous enfaite,Montrée,Colère,word,enfaite,SitEmo
CyberAggAdo,ca va chauffer,Suggérée,Colère,word,ca,SitEmo
CyberAggAdo,ca va chauffer,Suggérée,Colère,word,chauffer,SitEmo
CyberAggAdo,stoppppp,Montrée,Colère,word,stoppppp,SitEmo
CyberAggAdo,ce gros porc de paul,Montrée,Dégoût,word,gros,SitEmo
CyberAggAdo,ce gros porc de paul,Montrée,Colère,word,gros,SitEmo
CyberAggAdo,ce gros porc de paul,Montrée,Dégoût,word,porc,SitEmo
CyberAggAdo,ce gros porc de paul,Montrée,Colère,word,porc,SitEmo
CyberAggAdo,ce gros porc de paul,Montrée,Dégoût,word,paul,SitEmo
CyberAggAdo,ce gros porc de paul,Montrée,Colère,word,paul,SitEmo
CyberAggAdo,gros porc,Montrée,Colère,word,gros,SitEmo
CyberAggAdo,gros porc,Montrée,Dégoût,word,gros,SitEmo
CyberAggAdo,gros porc,Montrée,Colère,word,porc,SitEmo
CyberAggAdo,gros porc,Montrée,Dégoût,word,porc,SitEmo
CyberAggAdo,le mec voit que par sa bouffe,Suggérée,Dégoût,word,mec,SitEmo
CyberAggAdo,le mec voit que par sa bouffe,Suggérée,Dégoût,word,voit,SitEmo
CyberAggAdo,le mec voit que par sa bouffe,Suggérée,Dégoût,word,bouffe,SitEmo
CyberAggAdo,????,Montrée,Surprise,punctuation,?,SitEmo
CyberAggAdo,????,Montrée,Surprise,punctuation,?,SitEmo
CyberAggAdo,????,Montrée,Surprise,punctuation,?,SitEmo
CyberAggAdo,????,Montrée,Surprise,punctuation,?,SitEmo
CyberAggAdo,pierre tu me casse les couilles,Montrée,Colère,word,pierre,SitEmo
CyberAggAdo,pierre tu me casse les couilles,Montrée,Colère,word,casse,SitEmo
CyberAggAdo,pierre tu me casse les couilles,Montrée,Colère,word,couilles,SitEmo
CyberAggAdo,nique t'as mere,Montrée,Colère,word,nique,SitEmo
CyberAggAdo,nique t'as mere,Montrée,Colère,word,t'as,SitEmo
CyberAggAdo,nique t'as mere,Montrée,Colère,word,mere,SitEmo
CyberAggAdo,nique t'as mere,Montrée,Colère,punctuation,',SitEmo
CyberAggAdo,je nique deja la tienne,Montrée,Colère,word,nique,SitEmo
CyberAggAdo,je nique deja la tienne,Montrée,Colère,word,deja,SitEmo
CyberAggAdo,je nique deja la tienne,Montrée,Colère,word,tienne,SitEmo
CyberAggAdo,la vie de ma mere,Montrée,Colère,word,vie,SitEmo
CyberAggAdo,la vie de ma mere,Montrée,Colère,word,mere,SitEmo
CyberAggAdo,juste arrete vous faites chauffer,Comportementale,Colère,word,juste,SitEmo
CyberAggAdo,juste arrete vous faites chauffer,Comportementale,Colère,word,arrete,SitEmo
CyberAggAdo,juste arrete vous faites chauffer,Comportementale,Colère,word,chauffer,SitEmo
CyberAggAdo,en écran sa insulte mais quand sa va devoir khallas sa va bégayer,Comportementale,Colère,word,écran,SitEmo
CyberAggAdo,en écran sa insulte mais quand sa va devoir khallas sa va bégayer,Comportementale,Colère,word,insulte,SitEmo
CyberAggAdo,en écran sa insulte mais quand sa va devoir khallas sa va bégayer,Comportementale,Colère,word,khallas,SitEmo
CyberAggAdo,en écran sa insulte mais quand sa va devoir khallas sa va bégayer,Comportementale,Colère,word,bégayer,SitEmo
CyberAggAdo,bégayer,Désignée,Embarras,word,bégayer,SitEmo
CyberAggAdo,je te hagar,Comportementale,Colère,word,hagar,SitEmo
CyberAggAdo,tu parle t'as la nom de cailloux ca veut faire l arabe mtn,Montrée,Dégoût,word,parle,SitEmo
CyberAggAdo,tu parle t'as la nom de cailloux ca veut faire l arabe mtn,Montrée,Colère,word,parle,SitEmo
CyberAggAdo,tu parle t'as la nom de cailloux ca veut faire l arabe mtn,Montrée,Dégoût,word,t'as,SitEmo
CyberAggAdo,tu parle t'as la nom de cailloux ca veut faire l arabe mtn,Montrée,Colère,word,t'as,SitEmo
CyberAggAdo,tu parle t'as la nom de cailloux ca veut faire l arabe mtn,Montrée,Dégoût,word,nom,SitEmo
CyberAggAdo,tu parle t'as la nom de cailloux ca veut faire l arabe mtn,Montrée,Colère,word,nom,SitEmo
CyberAggAdo,tu parle t'as la nom de cailloux ca veut faire l arabe mtn,Montrée,Dégoût,word,cailloux,SitEmo
CyberAggAdo,tu parle t'as la nom de cailloux ca veut faire l arabe mtn,Montrée,Colère,word,cailloux,SitEmo
CyberAggAdo,tu parle t'as la nom de cailloux ca veut faire l arabe mtn,Montrée,Dégoût,word,ca,SitEmo
CyberAggAdo,tu parle t'as la nom de cailloux ca veut faire l arabe mtn,Montrée,Colère,word,ca,SitEmo
CyberAggAdo,tu parle t'as la nom de cailloux ca veut faire l arabe mtn,Montrée,Dégoût,word,arabe,SitEmo
CyberAggAdo,tu parle t'as la nom de cailloux ca veut faire l arabe mtn,Montrée,Colère,word,arabe,SitEmo
CyberAggAdo,tu parle t'as la nom de cailloux ca veut faire l arabe mtn,Montrée,Dégoût,word,mtn,SitEmo
CyberAggAdo,tu parle t'as la nom de cailloux ca veut faire l arabe mtn,Montrée,Colère,word,mtn,SitEmo
CyberAggAdo,tu parle t'as la nom de cailloux ca veut faire l arabe mtn,Montrée,Dégoût,punctuation,',SitEmo
CyberAggAdo,tu parle t'as la nom de cailloux ca veut faire l arabe mtn,Montrée,Colère,punctuation,',SitEmo
CyberAggAdo,bande d'hypocrytes,Montrée,Colère,word,bande,SitEmo
CyberAggAdo,bande d'hypocrytes,Montrée,Colère,word,d'hypocrytes,SitEmo
CyberAggAdo,bande d'hypocrytes,Montrée,Colère,punctuation,',SitEmo
CyberAggAdo,Continue de jouer brice.,Montrée,Colère,word,continue,SitEmo
CyberAggAdo,Continue de jouer brice.,Montrée,Colère,word,jouer,SitEmo
CyberAggAdo,Continue de jouer brice.,Montrée,Colère,word,brice,SitEmo
CyberAggAdo,Continue de jouer brice.,Montrée,Colère,punctuation,.,SitEmo
CyberAggAdo,tg,Montrée,Colère,word,tg,SitEmo
CyberAggAdo,tas de graisse,Montrée,Dégoût,word,tas,SitEmo
CyberAggAdo,tas de graisse,Montrée,Colère,word,tas,SitEmo
CyberAggAdo,tas de graisse,Montrée,Dégoût,word,graisse,SitEmo
CyberAggAdo,tas de graisse,Montrée,Colère,word,graisse,SitEmo
CyberAggAdo,tu fait chier,Montrée,Colère,word,chier,SitEmo
CyberAggAdo,tg,Montrée,Colère,word,tg,SitEmo
CyberAggAdo,a part te branler tu sais faire quoi,Montrée,Dégoût,word,part,SitEmo
CyberAggAdo,a part te branler tu sais faire quoi,Montrée,Dégoût,word,branler,SitEmo
CyberAggAdo,a part te branler tu sais faire quoi,Montrée,Dégoût,word,sais,SitEmo
CyberAggAdo,nique toi,Montrée,Colère,word,nique,SitEmo
CyberAggAdo,!,Montrée,Colère,punctuation,!,SitEmo
CyberAggAdo,J'ai jamais rien demander à personne moi !,Montrée,Colère,word,j'ai,SitEmo
CyberAggAdo,J'ai jamais rien demander à personne moi !,Montrée,Colère,word,demander,SitEmo
CyberAggAdo,J'ai jamais rien demander à personne moi !,Montrée,Colère,punctuation,',SitEmo
CyberAggAdo,J'ai jamais rien demander à personne moi !,Montrée,Colère,punctuation,!,SitEmo
CyberAggAdo,baise ta mere,Montrée,Colère,word,baise,SitEmo
CyberAggAdo,baise ta mere,Montrée,Colère,word,mere,SitEmo
CyberAggAdo,mais les gars pk vous voulez pas arrêter ?,Montrée,Colère,word,gars,SitEmo
CyberAggAdo,mais les gars pk vous voulez pas arrêter ?,Montrée,Colère,word,pk,SitEmo
CyberAggAdo,mais les gars pk vous voulez pas arrêter ?,Montrée,Colère,word,arrêter,SitEmo
CyberAggAdo,mais les gars pk vous voulez pas arrêter ?,Montrée,Colère,punctuation,?,SitEmo
CyberAggAdo,drôle,Désignée,Joie,word,drôle,SitEmo
CyberAggAdo,il a que ce qu'il mérite,Suggérée,Colère,word,qu'il,SitEmo
CyberAggAdo,il a que ce qu'il mérite,Suggérée,Colère,word,mérite,SitEmo
CyberAggAdo,il a que ce qu'il mérite,Suggérée,Colère,punctuation,',SitEmo
CyberAggAdo,putain,Montrée,Colère,word,putain,SitEmo
CyberAggAdo,je t'ai rien fait,Suggérée,Tristesse,word,t'ai,SitEmo
CyberAggAdo,je t'ai rien fait,Suggérée,Tristesse,punctuation,',SitEmo
CyberAggAdo,!,Montrée,Colère,punctuation,!,SitEmo
CyberAggAdo,bloque,Comportementale,Colère,word,bloque,SitEmo
CyberAggAdo,la honte,Désignée,Embarras,word,honte,SitEmo
CyberAggAdo,pk la violence ca sert a quoi,Montrée,Colère,word,pk,SitEmo
CyberAggAdo,pk la violence ca sert a quoi,Montrée,Colère,word,violence,SitEmo
CyberAggAdo,pk la violence ca sert a quoi,Montrée,Colère,word,ca,SitEmo
CyberAggAdo,pk la violence ca sert a quoi,Montrée,Colère,word,sert,SitEmo
CyberAggAdo,et tu va faire quoi pierre,Montrée,Colère,word,pierre,SitEmo
CyberAggAdo,menacer,Comportementale,Colère,word,menacer,SitEmo
CyberAggAdo,nique ta mère,Montrée,Colère,word,nique,SitEmo
CyberAggAdo,nique ta mère,Montrée,Colère,word,mère,SitEmo
CyberAggAdo,calme toi,Comportementale,Colère,word,calme,SitEmo
CyberAggAdo,Mais il vous faut quoi pour vous faire comprendre que j'ai pas choisi d'être comme ça !,Montrée,Colère,word,faut,SitEmo
CyberAggAdo,Mais il vous faut quoi pour vous faire comprendre que j'ai pas choisi d'être comme ça !,Montrée,Colère,word,comprendre,SitEmo
CyberAggAdo,Mais il vous faut quoi pour vous faire comprendre que j'ai pas choisi d'être comme ça !,Montrée,Colère,word,j'ai,SitEmo
CyberAggAdo,Mais il vous faut quoi pour vous faire comprendre que j'ai pas choisi d'être comme ça !,Montrée,Colère,word,choisi,SitEmo
CyberAggAdo,Mais il vous faut quoi pour vous faire comprendre que j'ai pas choisi d'être comme ça !,Montrée,Colère,word,d'être,SitEmo
CyberAggAdo,Mais il vous faut quoi pour vous faire comprendre que j'ai pas choisi d'être comme ça !,Montrée,Colère,punctuation,',SitEmo
CyberAggAdo,Mais il vous faut quoi pour vous faire comprendre que j'ai pas choisi d'être comme ça !,Montrée,Colère,punctuation,',SitEmo
CyberAggAdo,Mais il vous faut quoi pour vous faire comprendre que j'ai pas choisi d'être comme ça !,Montrée,Colère,punctuation,!,SitEmo
CyberAggAdo,tg,Montrée,Colère,word,tg,SitEmo
CyberAggAdo,degeulasse,Désignée,Dégoût,word,degeulasse,SitEmo
CyberAggAdo,on est tous beau a notre maniere,Suggérée,Joie,word,beau,SitEmo
CyberAggAdo,on est tous beau a notre maniere,Suggérée,Joie,word,maniere,SitEmo
CyberAggAdo,alors Julien on se calme,Montrée,Colère,word,julien,SitEmo
CyberAggAdo,alors Julien on se calme,Montrée,Colère,word,calme,SitEmo
CyberAggAdo,chiebn,Montrée,Colère,word,chiebn,SitEmo
CyberAggAdo,tg,Montrée,Colère,word,tg,SitEmo
CyberAggAdo,à pas respecter le ramadan,Suggérée,Colère,word,respecter,SitEmo
CyberAggAdo,à pas respecter le ramadan,Suggérée,Dégoût,word,respecter,SitEmo
CyberAggAdo,à pas respecter le ramadan,Suggérée,Colère,word,ramadan,SitEmo
CyberAggAdo,à pas respecter le ramadan,Suggérée,Dégoût,word,ramadan,SitEmo
CyberAggAdo,juste pour son gros ventre,Montrée,Dégoût,word,juste,SitEmo
CyberAggAdo,juste pour son gros ventre,Montrée,Dégoût,word,gros,SitEmo
CyberAggAdo,juste pour son gros ventre,Montrée,Dégoût,word,ventre,SitEmo
CyberAggAdo,tg,Montrée,Colère,word,tg,SitEmo
CyberAggAdo,jaloux,Désignée,Jalousie,word,jaloux,SitEmo
CyberAggAdo,tg,Montrée,Colère,word,tg,SitEmo
CyberAggAdo,vos gueules tous,Montrée,Colère,word,gueules,SitEmo
CyberAggAdo,MAis je suis même pas muslim frr !,Montrée,Colère,word,muslim,SitEmo
CyberAggAdo,MAis je suis même pas muslim frr !,Montrée,Colère,word,frr,SitEmo
CyberAggAdo,MAis je suis même pas muslim frr !,Montrée,Colère,punctuation,!,SitEmo
CyberAggAdo,tema sa gueule,Montrée,Colère,word,tema,SitEmo
CyberAggAdo,tema sa gueule,Montrée,Dégoût,word,tema,SitEmo
CyberAggAdo,tema sa gueule,Montrée,Colère,word,gueule,SitEmo
CyberAggAdo,tema sa gueule,Montrée,Dégoût,word,gueule,SitEmo
CyberAggAdo,T'es arriéré ou quoi !,Montrée,Colère,word,t'es,SitEmo
CyberAggAdo,T'es arriéré ou quoi !,Montrée,Colère,word,arriéré,SitEmo
CyberAggAdo,T'es arriéré ou quoi !,Montrée,Colère,punctuation,',SitEmo
CyberAggAdo,T'es arriéré ou quoi !,Montrée,Colère,punctuation,!,SitEmo
CyberAggAdo,tjrs nous les muslim persecute on seras les juifs de demain ici !,Suggérée,Colère,word,tjrs,SitEmo
CyberAggAdo,tjrs nous les muslim persecute on seras les juifs de demain ici !,Suggérée,Colère,word,muslim,SitEmo
CyberAggAdo,tjrs nous les muslim persecute on seras les juifs de demain ici !,Suggérée,Colère,word,persecute,SitEmo
CyberAggAdo,tjrs nous les muslim persecute on seras les juifs de demain ici !,Suggérée,Colère,word,seras,SitEmo
CyberAggAdo,tjrs nous les muslim persecute on seras les juifs de demain ici !,Suggérée,Colère,word,juifs,SitEmo
CyberAggAdo,tjrs nous les muslim persecute on seras les juifs de demain ici !,Suggérée,Colère,word,demain,SitEmo
CyberAggAdo,tjrs nous les muslim persecute on seras les juifs de demain ici !,Suggérée,Colère,punctuation,!,SitEmo
CyberAggAdo,!,Montrée,Colère,punctuation,!,SitEmo
CyberAggAdo,q'un qinge supplement con,Montrée,Colère,word,q'un,SitEmo
CyberAggAdo,q'un qinge supplement con,Montrée,Colère,word,qinge,SitEmo
CyberAggAdo,q'un qinge supplement con,Montrée,Colère,word,supplement,SitEmo
CyberAggAdo,q'un qinge supplement con,Montrée,Colère,word,con,SitEmo
CyberAggAdo,q'un qinge supplement con,Montrée,Colère,punctuation,',SitEmo
CyberAggAdo,je le baise sa mère,Montrée,Colère,word,baise,SitEmo
CyberAggAdo,je le baise sa mère,Montrée,Colère,word,mère,SitEmo
CyberAggAdo,stop stop stop,Montrée,Colère,word,stop,SitEmo
CyberAggAdo,stop stop stop,Montrée,Colère,word,stop,SitEmo
CyberAggAdo,stop stop stop,Montrée,Colère,word,stop,SitEmo
CyberAggAdo,ferme ta gueule,Montrée,Colère,word,ferme,SitEmo
CyberAggAdo,ferme ta gueule,Montrée,Colère,word,gueule,SitEmo
CyberAggAdo,c eu qui casse les couilles,Montrée,Colère,word,casse,SitEmo
CyberAggAdo,c eu qui casse les couilles,Montrée,Colère,word,couilles,SitEmo
CyberAggAdo,tg,Montrée,Colère,word,tg,SitEmo
CyberAggAdo,gros porc,Montrée,Dégoût,word,gros,SitEmo
CyberAggAdo,gros porc,Montrée,Dégoût,word,porc,SitEmo
CyberAggAdo,se rebelle,Comportementale,Colère,word,rebelle,SitEmo
CyberAggAdo,tg,Montrée,Colère,word,tg,SitEmo
CyberAggAdo,tu ferme ta gueule,Montrée,Colère,word,ferme,SitEmo
CyberAggAdo,tu ferme ta gueule,Montrée,Colère,word,gueule,SitEmo
CyberAggAdo,se moquer,Comportementale,Dégoût,word,moquer,SitEmo
CyberAggAdo,le premier qui parle il baise sa mere,Montrée,Colère,word,premier,SitEmo
CyberAggAdo,le premier qui parle il baise sa mere,Montrée,Colère,word,parle,SitEmo
CyberAggAdo,le premier qui parle il baise sa mere,Montrée,Colère,word,baise,SitEmo
CyberAggAdo,le premier qui parle il baise sa mere,Montrée,Colère,word,mere,SitEmo
CyberAggAdo,sale clochard,Montrée,Dégoût,word,sale,SitEmo
CyberAggAdo,sale clochard,Montrée,Dégoût,word,clochard,SitEmo
CyberAggAdo,tu pollue l air,Montrée,Dégoût,word,pollue,SitEmo
CyberAggAdo,tu pollue l air,Montrée,Dégoût,word,air,SitEmo
CyberAggAdo,nique ta mere fdp,Montrée,Colère,word,nique,SitEmo
CyberAggAdo,nique ta mere fdp,Montrée,Colère,word,mere,SitEmo
CyberAggAdo,nique ta mere fdp,Montrée,Colère,word,fdp,SitEmo
CyberAggAdo,"il pu, il pète, il polue la planète",Montrée,Dégoût,word,pu,SitEmo
CyberAggAdo,"il pu, il pète, il polue la planète",Montrée,Dégoût,word,pète,SitEmo
CyberAggAdo,"il pu, il pète, il polue la planète",Montrée,Dégoût,word,polue,SitEmo
CyberAggAdo,"il pu, il pète, il polue la planète",Montrée,Dégoût,word,planète,SitEmo
CyberAggAdo,"il pu, il pète, il polue la planète",Montrée,Dégoût,punctuation,",",SitEmo
CyberAggAdo,"il pu, il pète, il polue la planète",Montrée,Dégoût,punctuation,",",SitEmo
CyberAggAdo,SI TES MUSLIM EXPLOSEEEEEE,Montrée,Colère,word,muslim,SitEmo
CyberAggAdo,SI TES MUSLIM EXPLOSEEEEEE,Montrée,Colère,word,exploseeeeee,SitEmo
CyberAggAdo,t'es pas foutu de voir,Montrée,Colère,word,t'es,SitEmo
CyberAggAdo,t'es pas foutu de voir,Montrée,Colère,word,foutu,SitEmo
CyberAggAdo,t'es pas foutu de voir,Montrée,Colère,word,voir,SitEmo
CyberAggAdo,t'es pas foutu de voir,Montrée,Colère,punctuation,',SitEmo
CyberAggAdo,bande de mongol,Montrée,Colère,word,bande,SitEmo
CyberAggAdo,bande de mongol,Montrée,Colère,word,mongol,SitEmo
CyberAggAdo,pierre tu veux le mettre dans ton lit paul ou quoi ?,Montrée,Colère,word,pierre,SitEmo
CyberAggAdo,pierre tu veux le mettre dans ton lit paul ou quoi ?,Montrée,Colère,word,mettre,SitEmo
CyberAggAdo,pierre tu veux le mettre dans ton lit paul ou quoi ?,Montrée,Colère,word,lit,SitEmo
CyberAggAdo,pierre tu veux le mettre dans ton lit paul ou quoi ?,Montrée,Colère,word,paul,SitEmo
CyberAggAdo,pierre tu veux le mettre dans ton lit paul ou quoi ?,Montrée,Colère,punctuation,?,SitEmo
CyberAggAdo,tg,Montrée,Colère,word,tg,SitEmo
CyberAggAdo,bien dit julien:'),Montrée,Joie,word,julien,SitEmo
CyberAggAdo,bien dit julien:'),Montrée,Joie,punctuation,:,SitEmo
CyberAggAdo,bien dit julien:'),Montrée,Joie,punctuation,',SitEmo
CyberAggAdo,bien dit julien:'),Montrée,Joie,punctuation,),SitEmo
CyberAggAdo,homophooooooobe,Montrée,Colère,word,homophooooooobe,SitEmo
CyberAggAdo,t'es obése,Montrée,Dégoût,word,t'es,SitEmo
CyberAggAdo,t'es obése,Montrée,Dégoût,word,obése,SitEmo
CyberAggAdo,t'es obése,Montrée,Dégoût,punctuation,',SitEmo
CyberAggAdo,c'est des cons,Montrée,Colère,word,c'est,SitEmo
CyberAggAdo,c'est des cons,Montrée,Colère,word,cons,SitEmo
CyberAggAdo,c'est des cons,Montrée,Colère,punctuation,',SitEmo
CyberAggAdo,tu te sentirais mieux,Désignée,Joie,word,sentirais,SitEmo
CyberAggAdo,tu te sentirais mieux,Désignée,Joie,word,mieux,SitEmo
CyberAggAdo,t pas drole,Montrée,Colère,word,drole,SitEmo
CyberAggAdo,drole,Désignée,Joie,word,drole,SitEmo
CyberAggAdo,casse pas la tete,Montrée,Colère,word,casse,SitEmo
CyberAggAdo,casse pas la tete,Montrée,Colère,word,tete,SitEmo
CyberAggAdo,bouffon,Montrée,Colère,word,bouffon,SitEmo
CyberAggAdo,pd,Montrée,Colère,word,pd,SitEmo
CyberAggAdo,desole,Désignée,Culpabilité,word,desole,SitEmo
CyberAggAdo,gros lard,Montrée,Colère,word,gros,SitEmo
CyberAggAdo,gros lard,Montrée,Dégoût,word,gros,SitEmo
CyberAggAdo,gros lard,Montrée,Colère,word,lard,SitEmo
CyberAggAdo,gros lard,Montrée,Dégoût,word,lard,SitEmo
CyberAggAdo,et tu le resteras a vie,Montrée,Colère,word,resteras,SitEmo
CyberAggAdo,et tu le resteras a vie,Montrée,Colère,word,vie,SitEmo
CyberAggAdo,il a cru il etait tibo inshape ou quoi,Montrée,Colère,word,cru,SitEmo
CyberAggAdo,il a cru il etait tibo inshape ou quoi,Montrée,Colère,word,etait,SitEmo
CyberAggAdo,il a cru il etait tibo inshape ou quoi,Montrée,Colère,word,tibo,SitEmo
CyberAggAdo,il a cru il etait tibo inshape ou quoi,Montrée,Colère,word,inshape,SitEmo
CyberAggAdo,ta mere une pute et elle le restera à vie,Montrée,Colère,word,mere,SitEmo
CyberAggAdo,ta mere une pute et elle le restera à vie,Montrée,Colère,word,pute,SitEmo
CyberAggAdo,ta mere une pute et elle le restera à vie,Montrée,Colère,word,restera,SitEmo
CyberAggAdo,ta mere une pute et elle le restera à vie,Montrée,Colère,word,vie,SitEmo
CyberAggAdo,gros con,Montrée,Dégoût,word,gros,SitEmo
CyberAggAdo,gros con,Montrée,Dégoût,word,con,SitEmo
CyberAggAdo,popopoooo,Montrée,Joie,word,popopoooo,SitEmo
CyberAggAdo,tg,Montrée,Colère,word,tg,SitEmo
CyberAggAdo,sale merde,Montrée,Colère,word,sale,SitEmo
CyberAggAdo,sale merde,Montrée,Dégoût,word,sale,SitEmo
CyberAggAdo,sale merde,Montrée,Colère,word,merde,SitEmo
CyberAggAdo,sale merde,Montrée,Dégoût,word,merde,SitEmo
CyberAggAdo,sale gros,Montrée,Dégoût,word,sale,SitEmo
CyberAggAdo,sale gros,Montrée,Colère,word,sale,SitEmo
CyberAggAdo,sale gros,Montrée,Dégoût,word,gros,SitEmo
CyberAggAdo,sale gros,Montrée,Colère,word,gros,SitEmo
CyberAggAdo,ta mere et ta soeur me kiffe,Montrée,Colère,word,mere,SitEmo
CyberAggAdo,ta mere et ta soeur me kiffe,Montrée,Colère,word,soeur,SitEmo
CyberAggAdo,ta mere et ta soeur me kiffe,Montrée,Colère,word,kiffe,SitEmo
CyberAggAdo,pd,Montrée,Colère,word,pd,SitEmo
CyberAggAdo,mais arrete avec cette violence,Montrée,Colère,word,arrete,SitEmo
CyberAggAdo,mais arrete avec cette violence,Montrée,Colère,word,violence,SitEmo
CyberAggAdo,STOPPPP,Montrée,Colère,word,stopppp,SitEmo
CyberAggAdo,je m'excuse,Comportementale,Culpabilité,word,m'excuse,SitEmo
CyberAggAdo,je m'excuse,Comportementale,Culpabilité,punctuation,',SitEmo
CyberAggAdo,te faire pousser quelques neuronnes julien.. Sérieux vous êtes même pas capable de voir que vous vous comportez comme des merde,Montrée,Colère,word,pousser,SitEmo
CyberAggAdo,te faire pousser quelques neuronnes julien.. Sérieux vous êtes même pas capable de voir que vous vous comportez comme des merde,Montrée,Dégoût,word,pousser,SitEmo
CyberAggAdo,te faire pousser quelques neuronnes julien.. Sérieux vous êtes même pas capable de voir que vous vous comportez comme des merde,Montrée,Colère,word,neuronnes,SitEmo
CyberAggAdo,te faire pousser quelques neuronnes julien.. Sérieux vous êtes même pas capable de voir que vous vous comportez comme des merde,Montrée,Dégoût,word,neuronnes,SitEmo
CyberAggAdo,te faire pousser quelques neuronnes julien.. Sérieux vous êtes même pas capable de voir que vous vous comportez comme des merde,Montrée,Colère,word,julien,SitEmo
CyberAggAdo,te faire pousser quelques neuronnes julien.. Sérieux vous êtes même pas capable de voir que vous vous comportez comme des merde,Montrée,Dégoût,word,julien,SitEmo
CyberAggAdo,te faire pousser quelques neuronnes julien.. Sérieux vous êtes même pas capable de voir que vous vous comportez comme des merde,Montrée,Colère,word,sérieux,SitEmo
CyberAggAdo,te faire pousser quelques neuronnes julien.. Sérieux vous êtes même pas capable de voir que vous vous comportez comme des merde,Montrée,Dégoût,word,sérieux,SitEmo
CyberAggAdo,te faire pousser quelques neuronnes julien.. Sérieux vous êtes même pas capable de voir que vous vous comportez comme des merde,Montrée,Colère,word,capable,SitEmo
CyberAggAdo,te faire pousser quelques neuronnes julien.. Sérieux vous êtes même pas capable de voir que vous vous comportez comme des merde,Montrée,Dégoût,word,capable,SitEmo
CyberAggAdo,te faire pousser quelques neuronnes julien.. Sérieux vous êtes même pas capable de voir que vous vous comportez comme des merde,Montrée,Colère,word,voir,SitEmo
CyberAggAdo,te faire pousser quelques neuronnes julien.. Sérieux vous êtes même pas capable de voir que vous vous comportez comme des merde,Montrée,Dégoût,word,voir,SitEmo
CyberAggAdo,te faire pousser quelques neuronnes julien.. Sérieux vous êtes même pas capable de voir que vous vous comportez comme des merde,Montrée,Colère,word,comportez,SitEmo
CyberAggAdo,te faire pousser quelques neuronnes julien.. Sérieux vous êtes même pas capable de voir que vous vous comportez comme des merde,Montrée,Dégoût,word,comportez,SitEmo
CyberAggAdo,te faire pousser quelques neuronnes julien.. Sérieux vous êtes même pas capable de voir que vous vous comportez comme des merde,Montrée,Colère,word,merde,SitEmo
CyberAggAdo,te faire pousser quelques neuronnes julien.. Sérieux vous êtes même pas capable de voir que vous vous comportez comme des merde,Montrée,Dégoût,word,merde,SitEmo
CyberAggAdo,te faire pousser quelques neuronnes julien.. Sérieux vous êtes même pas capable de voir que vous vous comportez comme des merde,Montrée,Colère,punctuation,.,SitEmo
CyberAggAdo,te faire pousser quelques neuronnes julien.. Sérieux vous êtes même pas capable de voir que vous vous comportez comme des merde,Montrée,Dégoût,punctuation,.,SitEmo
CyberAggAdo,te faire pousser quelques neuronnes julien.. Sérieux vous êtes même pas capable de voir que vous vous comportez comme des merde,Montrée,Colère,punctuation,.,SitEmo
CyberAggAdo,te faire pousser quelques neuronnes julien.. Sérieux vous êtes même pas capable de voir que vous vous comportez comme des merde,Montrée,Dégoût,punctuation,.,SitEmo
CyberAggAdo,d'avoir pensé qu'un jour paul ppourrait arreter d'être énorme,Montrée,Dégoût,word,d'avoir,SitEmo
CyberAggAdo,d'avoir pensé qu'un jour paul ppourrait arreter d'être énorme,Montrée,Dégoût,word,pensé,SitEmo
CyberAggAdo,d'avoir pensé qu'un jour paul ppourrait arreter d'être énorme,Montrée,Dégoût,word,qu'un,SitEmo
CyberAggAdo,d'avoir pensé qu'un jour paul ppourrait arreter d'être énorme,Montrée,Dégoût,word,jour,SitEmo
CyberAggAdo,d'avoir pensé qu'un jour paul ppourrait arreter d'être énorme,Montrée,Dégoût,word,paul,SitEmo
CyberAggAdo,d'avoir pensé qu'un jour paul ppourrait arreter d'être énorme,Montrée,Dégoût,word,ppourrait,SitEmo
CyberAggAdo,d'avoir pensé qu'un jour paul ppourrait arreter d'être énorme,Montrée,Dégoût,word,arreter,SitEmo
CyberAggAdo,d'avoir pensé qu'un jour paul ppourrait arreter d'être énorme,Montrée,Dégoût,word,d'être,SitEmo
CyberAggAdo,d'avoir pensé qu'un jour paul ppourrait arreter d'être énorme,Montrée,Dégoût,word,énorme,SitEmo
CyberAggAdo,d'avoir pensé qu'un jour paul ppourrait arreter d'être énorme,Montrée,Dégoût,punctuation,',SitEmo
CyberAggAdo,d'avoir pensé qu'un jour paul ppourrait arreter d'être énorme,Montrée,Dégoût,punctuation,',SitEmo
CyberAggAdo,d'avoir pensé qu'un jour paul ppourrait arreter d'être énorme,Montrée,Dégoût,punctuation,',SitEmo
CyberAggAdo,arrête de bouffer du gras,Montrée,Dégoût,word,arrête,SitEmo
CyberAggAdo,arrête de bouffer du gras,Montrée,Dégoût,word,bouffer,SitEmo
CyberAggAdo,arrête de bouffer du gras,Montrée,Dégoût,word,gras,SitEmo
CyberAggAdo,pardon,Désignée,Culpabilité,word,pardon,SitEmo
CyberAggAdo,merci,Désignée,Joie,word,merci,SitEmo
CyberAggAdo,tg,Montrée,Colère,word,tg,SitEmo
CyberAggAdo,Supprimes la vidéo Julien !,Montrée,Colère,word,supprimes,SitEmo
CyberAggAdo,Supprimes la vidéo Julien !,Montrée,Colère,word,vidéo,SitEmo
CyberAggAdo,Supprimes la vidéo Julien !,Montrée,Colère,word,julien,SitEmo
CyberAggAdo,Supprimes la vidéo Julien !,Montrée,Colère,punctuation,!,SitEmo
CyberAggAdo,Suprimmeeeeeeeeeeeeeeeee,Montrée,Colère,word,suprimmeeeeeeeeeeeeeeeee,SitEmo
CyberAggAdo,mais vos gueules,Montrée,Colère,word,gueules,SitEmo
CyberAggAdo,vsi brice on trouvera un autre moment ou ils seront pas la pour nous faire chier,Montrée,Colère,word,vsi,SitEmo
CyberAggAdo,vsi brice on trouvera un autre moment ou ils seront pas la pour nous faire chier,Montrée,Colère,word,brice,SitEmo
CyberAggAdo,vsi brice on trouvera un autre moment ou ils seront pas la pour nous faire chier,Montrée,Colère,word,trouvera,SitEmo
CyberAggAdo,vsi brice on trouvera un autre moment ou ils seront pas la pour nous faire chier,Montrée,Colère,word,moment,SitEmo
CyberAggAdo,vsi brice on trouvera un autre moment ou ils seront pas la pour nous faire chier,Montrée,Colère,word,chier,SitEmo
CyberAggAdo,mais stop,Montrée,Colère,word,stop,SitEmo
CyberAggAdo,pourquoi embête tu ma copine ?,Suggérée,Colère,word,pourquoi,SitEmo
CyberAggAdo,pourquoi embête tu ma copine ?,Suggérée,Colère,word,embête,SitEmo
CyberAggAdo,pourquoi embête tu ma copine ?,Suggérée,Colère,word,copine,SitEmo
CyberAggAdo,pourquoi embête tu ma copine ?,Suggérée,Colère,punctuation,?,SitEmo
CyberAggAdo,elle a r demande,Suggérée,Colère,word,r,SitEmo
CyberAggAdo,elle a r demande,Suggérée,Colère,word,demande,SitEmo
CyberAggAdo,marrant,Désignée,Joie,word,marrant,SitEmo
CyberAggAdo,ptn la maturite,Montrée,Colère,word,ptn,SitEmo
CyberAggAdo,ptn la maturite,Montrée,Colère,word,maturite,SitEmo
CyberAggAdo,rire,Désignée,Joie,word,rire,SitEmo
CyberAggAdo,rire,Désignée,Joie,word,rire,SitEmo
CyberAggAdo,marrant,Désignée,Joie,word,marrant,SitEmo
CyberAggAdo,remettez vous en question,Suggérée,Colère,word,remettez,SitEmo
CyberAggAdo,remettez vous en question,Suggérée,Colère,word,question,SitEmo
CyberAggAdo,s'étonner,Désignée,Surprise,word,s'étonner,SitEmo
CyberAggAdo,s'étonner,Désignée,Surprise,punctuation,',SitEmo
CyberAggAdo,on s'en fou de ton ptit frere le juif,Montrée,Dégoût,word,s'en,SitEmo
CyberAggAdo,on s'en fou de ton ptit frere le juif,Montrée,Dégoût,word,fou,SitEmo
CyberAggAdo,on s'en fou de ton ptit frere le juif,Montrée,Dégoût,word,ptit,SitEmo
CyberAggAdo,on s'en fou de ton ptit frere le juif,Montrée,Dégoût,word,frere,SitEmo
CyberAggAdo,on s'en fou de ton ptit frere le juif,Montrée,Dégoût,word,juif,SitEmo
CyberAggAdo,on s'en fou de ton ptit frere le juif,Montrée,Dégoût,punctuation,',SitEmo
CyberAggAdo,on s'en fout de savoir qui croit quoi,Montrée,Colère,word,s'en,SitEmo
CyberAggAdo,on s'en fout de savoir qui croit quoi,Montrée,Colère,word,fout,SitEmo
CyberAggAdo,on s'en fout de savoir qui croit quoi,Montrée,Colère,word,savoir,SitEmo
CyberAggAdo,on s'en fout de savoir qui croit quoi,Montrée,Colère,word,croit,SitEmo
CyberAggAdo,on s'en fout de savoir qui croit quoi,Montrée,Colère,punctuation,',SitEmo
CyberAggAdo,fiere,Désignée,Fierté,word,fiere,SitEmo
CyberAggAdo,Vs êtes complexés ou quoi pour lui parler comme ca,Montrée,Colère,word,vs,SitEmo
CyberAggAdo,Vs êtes complexés ou quoi pour lui parler comme ca,Montrée,Colère,word,complexés,SitEmo
CyberAggAdo,Vs êtes complexés ou quoi pour lui parler comme ca,Montrée,Colère,word,parler,SitEmo
CyberAggAdo,Vs êtes complexés ou quoi pour lui parler comme ca,Montrée,Colère,word,ca,SitEmo
CyberAggAdo,fière,Désignée,Fierté,word,fière,SitEmo
CyberAggAdo,Laisser la trkl nn vs avez pas une vie,Montrée,Colère,word,laisser,SitEmo
CyberAggAdo,Laisser la trkl nn vs avez pas une vie,Montrée,Colère,word,trkl,SitEmo
CyberAggAdo,Laisser la trkl nn vs avez pas une vie,Montrée,Colère,word,nn,SitEmo
CyberAggAdo,Laisser la trkl nn vs avez pas une vie,Montrée,Colère,word,vs,SitEmo
CyberAggAdo,Laisser la trkl nn vs avez pas une vie,Montrée,Colère,word,vie,SitEmo
CyberAggAdo,on s'en tape de ce que vous pensez,Montrée,Colère,word,s'en,SitEmo
CyberAggAdo,on s'en tape de ce que vous pensez,Montrée,Colère,word,tape,SitEmo
CyberAggAdo,on s'en tape de ce que vous pensez,Montrée,Colère,word,pensez,SitEmo
CyberAggAdo,on s'en tape de ce que vous pensez,Montrée,Colère,punctuation,',SitEmo
CyberAggAdo,grv on s'en fou,Montrée,Colère,word,grv,SitEmo
CyberAggAdo,grv on s'en fou,Montrée,Colère,word,s'en,SitEmo
CyberAggAdo,grv on s'en fou,Montrée,Colère,word,fou,SitEmo
CyberAggAdo,grv on s'en fou,Montrée,Colère,punctuation,',SitEmo
CyberAggAdo,elle s'en fou de ton avis,Suggérée,Colère,word,s'en,SitEmo
CyberAggAdo,elle s'en fou de ton avis,Suggérée,Colère,word,fou,SitEmo
CyberAggAdo,elle s'en fou de ton avis,Suggérée,Colère,word,avis,SitEmo
CyberAggAdo,elle s'en fou de ton avis,Suggérée,Colère,punctuation,',SitEmo
CyberAggAdo,laisse la tranquille,Montrée,Colère,word,laisse,SitEmo
CyberAggAdo,laisse la tranquille,Montrée,Colère,word,tranquille,SitEmo
CyberAggAdo,les moutons ça avance en troupeau,Montrée,Dégoût,word,moutons,SitEmo
CyberAggAdo,les moutons ça avance en troupeau,Montrée,Dégoût,word,avance,SitEmo
CyberAggAdo,les moutons ça avance en troupeau,Montrée,Dégoût,word,troupeau,SitEmo
CyberAggAdo,s'étonner,Désignée,Surprise,word,s'étonner,SitEmo
CyberAggAdo,s'étonner,Désignée,Surprise,punctuation,',SitEmo
CyberAggAdo,ca vous regarde pas,Montrée,Colère,word,ca,SitEmo
CyberAggAdo,ca vous regarde pas,Montrée,Colère,word,regarde,SitEmo
CyberAggAdo,ça n'a rien d'anormal ni choquant,Suggérée,Colère,word,n'a,SitEmo
CyberAggAdo,ça n'a rien d'anormal ni choquant,Suggérée,Colère,word,d'anormal,SitEmo
CyberAggAdo,ça n'a rien d'anormal ni choquant,Suggérée,Colère,word,choquant,SitEmo
CyberAggAdo,ça n'a rien d'anormal ni choquant,Suggérée,Colère,punctuation,',SitEmo
CyberAggAdo,ça n'a rien d'anormal ni choquant,Suggérée,Colère,punctuation,',SitEmo
CyberAggAdo,jaloux,Désignée,Jalousie,word,jaloux,SitEmo
CyberAggAdo,jaloux,Désignée,Jalousie,word,jaloux,SitEmo
CyberAggAdo,ça change quoi la religion à laquelle tu appartiens ?,Montrée,Colère,word,change,SitEmo
CyberAggAdo,ça change quoi la religion à laquelle tu appartiens ?,Montrée,Colère,word,religion,SitEmo
CyberAggAdo,ça change quoi la religion à laquelle tu appartiens ?,Montrée,Colère,word,appartiens,SitEmo
CyberAggAdo,ça change quoi la religion à laquelle tu appartiens ?,Montrée,Colère,punctuation,?,SitEmo
CyberAggAdo,ftg,Montrée,Colère,word,ftg,SitEmo
CyberAggAdo,"on t,as deja dit qu'on s'en foutais de ton avis",Montrée,Colère,word,deja,SitEmo
CyberAggAdo,"on t,as deja dit qu'on s'en foutais de ton avis",Montrée,Colère,word,qu'on,SitEmo
CyberAggAdo,"on t,as deja dit qu'on s'en foutais de ton avis",Montrée,Colère,word,s'en,SitEmo
CyberAggAdo,"on t,as deja dit qu'on s'en foutais de ton avis",Montrée,Colère,word,foutais,SitEmo
CyberAggAdo,"on t,as deja dit qu'on s'en foutais de ton avis",Montrée,Colère,word,avis,SitEmo
CyberAggAdo,"on t,as deja dit qu'on s'en foutais de ton avis",Montrée,Colère,punctuation,",",SitEmo
CyberAggAdo,"on t,as deja dit qu'on s'en foutais de ton avis",Montrée,Colère,punctuation,',SitEmo
CyberAggAdo,"on t,as deja dit qu'on s'en foutais de ton avis",Montrée,Colère,punctuation,',SitEmo
CyberAggAdo,trop tu parles,Montrée,Colère,word,parles,SitEmo
CyberAggAdo,"et toi ta religion ? on ne t'embête pas pour savoir ce en quoi tu crois, si ?",Montrée,Colère,word,religion,SitEmo
CyberAggAdo,"et toi ta religion ? on ne t'embête pas pour savoir ce en quoi tu crois, si ?",Montrée,Colère,word,t'embête,SitEmo
CyberAggAdo,"et toi ta religion ? on ne t'embête pas pour savoir ce en quoi tu crois, si ?",Montrée,Colère,word,savoir,SitEmo
CyberAggAdo,"et toi ta religion ? on ne t'embête pas pour savoir ce en quoi tu crois, si ?",Montrée,Colère,word,crois,SitEmo
CyberAggAdo,"et toi ta religion ? on ne t'embête pas pour savoir ce en quoi tu crois, si ?",Montrée,Colère,punctuation,?,SitEmo
CyberAggAdo,"et toi ta religion ? on ne t'embête pas pour savoir ce en quoi tu crois, si ?",Montrée,Colère,punctuation,',SitEmo
CyberAggAdo,"et toi ta religion ? on ne t'embête pas pour savoir ce en quoi tu crois, si ?",Montrée,Colère,punctuation,",",SitEmo
CyberAggAdo,"et toi ta religion ? on ne t'embête pas pour savoir ce en quoi tu crois, si ?",Montrée,Colère,punctuation,?,SitEmo
CyberAggAdo,on s'insulte,Comportementale,Colère,word,s'insulte,SitEmo
CyberAggAdo,on s'insulte,Comportementale,Colère,punctuation,',SitEmo
CyberAggAdo,allez pas nous sortir des on s'en fou de sa vie quand vous publiez des photos de vos vieilles soirées,Montrée,Colère,word,sortir,SitEmo
CyberAggAdo,allez pas nous sortir des on s'en fou de sa vie quand vous publiez des photos de vos vieilles soirées,Montrée,Colère,word,s'en,SitEmo
CyberAggAdo,allez pas nous sortir des on s'en fou de sa vie quand vous publiez des photos de vos vieilles soirées,Montrée,Colère,word,fou,SitEmo
CyberAggAdo,allez pas nous sortir des on s'en fou de sa vie quand vous publiez des photos de vos vieilles soirées,Montrée,Colère,word,vie,SitEmo
CyberAggAdo,allez pas nous sortir des on s'en fou de sa vie quand vous publiez des photos de vos vieilles soirées,Montrée,Colère,word,publiez,SitEmo
CyberAggAdo,allez pas nous sortir des on s'en fou de sa vie quand vous publiez des photos de vos vieilles soirées,Montrée,Colère,word,photos,SitEmo
CyberAggAdo,allez pas nous sortir des on s'en fou de sa vie quand vous publiez des photos de vos vieilles soirées,Montrée,Colère,word,vieilles,SitEmo
CyberAggAdo,allez pas nous sortir des on s'en fou de sa vie quand vous publiez des photos de vos vieilles soirées,Montrée,Colère,word,soirées,SitEmo
CyberAggAdo,allez pas nous sortir des on s'en fou de sa vie quand vous publiez des photos de vos vieilles soirées,Montrée,Colère,punctuation,',SitEmo
CyberAggAdo,"je ne te crie pas ""catho"" à la g si ?",Montrée,Colère,word,crie,SitEmo
CyberAggAdo,"je ne te crie pas ""catho"" à la g si ?",Montrée,Colère,word,catho,SitEmo
CyberAggAdo,"je ne te crie pas ""catho"" à la g si ?",Montrée,Colère,word,g,SitEmo
CyberAggAdo,"je ne te crie pas ""catho"" à la g si ?",Montrée,Colère,punctuation,"""",SitEmo
CyberAggAdo,"je ne te crie pas ""catho"" à la g si ?",Montrée,Colère,punctuation,"""",SitEmo
CyberAggAdo,"je ne te crie pas ""catho"" à la g si ?",Montrée,Colère,punctuation,?,SitEmo
CyberAggAdo,"il a vrmt un prblm t,es complexer par la tienne",Montrée,Colère,word,vrmt,SitEmo
CyberAggAdo,"il a vrmt un prblm t,es complexer par la tienne",Montrée,Colère,word,prblm,SitEmo
CyberAggAdo,"il a vrmt un prblm t,es complexer par la tienne",Montrée,Colère,word,complexer,SitEmo
CyberAggAdo,"il a vrmt un prblm t,es complexer par la tienne",Montrée,Colère,word,tienne,SitEmo
CyberAggAdo,"il a vrmt un prblm t,es complexer par la tienne",Montrée,Colère,punctuation,",",SitEmo
CyberAggAdo,allez vous faire foutre,Montrée,Colère,word,foutre,SitEmo
CyberAggAdo,ta craqé,Suggérée,Surprise,word,craqé,SitEmo
CyberAggAdo,kestu veux toi casse toi,Montrée,Colère,word,kestu,SitEmo
CyberAggAdo,kestu veux toi casse toi,Montrée,Colère,word,casse,SitEmo
CyberAggAdo,ftg,Montrée,Colère,word,ftg,SitEmo
CyberAggAdo,sympa,Désignée,Joie,word,sympa,SitEmo
CyberAggAdo,de la merde,Montrée,Colère,word,merde,SitEmo
CyberAggAdo,de la merde,Montrée,Dégoût,word,merde,SitEmo
CyberAggAdo,casse toi,Montrée,Colère,word,casse,SitEmo
CyberAggAdo,je veux pas faire bisous a un juif,Comportementale,Dégoût,word,bisous,SitEmo
CyberAggAdo,je veux pas faire bisous a un juif,Comportementale,Dégoût,word,juif,SitEmo
CyberAggAdo,vous êtes graves,Montrée,Colère,word,graves,SitEmo
CyberAggAdo,"je suis Justine et pas la juive, je suis une personne et pas quelqu'un à anéantir",Montrée,Peur,word,justine,SitEmo
CyberAggAdo,"je suis Justine et pas la juive, je suis une personne et pas quelqu'un à anéantir",Montrée,Tristesse,word,justine,SitEmo
CyberAggAdo,"je suis Justine et pas la juive, je suis une personne et pas quelqu'un à anéantir",Montrée,Peur,word,juive,SitEmo
CyberAggAdo,"je suis Justine et pas la juive, je suis une personne et pas quelqu'un à anéantir",Montrée,Tristesse,word,juive,SitEmo
CyberAggAdo,"je suis Justine et pas la juive, je suis une personne et pas quelqu'un à anéantir",Montrée,Peur,word,quelqu'un,SitEmo
CyberAggAdo,"je suis Justine et pas la juive, je suis une personne et pas quelqu'un à anéantir",Montrée,Tristesse,word,quelqu'un,SitEmo
CyberAggAdo,"je suis Justine et pas la juive, je suis une personne et pas quelqu'un à anéantir",Montrée,Peur,word,anéantir,SitEmo
CyberAggAdo,"je suis Justine et pas la juive, je suis une personne et pas quelqu'un à anéantir",Montrée,Tristesse,word,anéantir,SitEmo
CyberAggAdo,"je suis Justine et pas la juive, je suis une personne et pas quelqu'un à anéantir",Montrée,Peur,punctuation,",",SitEmo
CyberAggAdo,"je suis Justine et pas la juive, je suis une personne et pas quelqu'un à anéantir",Montrée,Tristesse,punctuation,",",SitEmo
CyberAggAdo,"je suis Justine et pas la juive, je suis une personne et pas quelqu'un à anéantir",Montrée,Peur,punctuation,',SitEmo
CyberAggAdo,"je suis Justine et pas la juive, je suis une personne et pas quelqu'un à anéantir",Montrée,Tristesse,punctuation,',SitEmo
CyberAggAdo,arrêter,Montrée,Colère,word,arrêter,SitEmo
CyberAggAdo,arrêter,Montrée,Dégoût,word,arrêter,SitEmo
CyberAggAdo,postez vos photos de merde ailleurs,Montrée,Colère,word,postez,SitEmo
CyberAggAdo,postez vos photos de merde ailleurs,Montrée,Dégoût,word,postez,SitEmo
CyberAggAdo,postez vos photos de merde ailleurs,Montrée,Colère,word,photos,SitEmo
CyberAggAdo,postez vos photos de merde ailleurs,Montrée,Dégoût,word,photos,SitEmo
CyberAggAdo,postez vos photos de merde ailleurs,Montrée,Colère,word,merde,SitEmo
CyberAggAdo,postez vos photos de merde ailleurs,Montrée,Dégoût,word,merde,SitEmo
CyberAggAdo,postez vos photos de merde ailleurs,Montrée,Colère,word,ailleurs,SitEmo
CyberAggAdo,postez vos photos de merde ailleurs,Montrée,Dégoût,word,ailleurs,SitEmo
CyberAggAdo,"mais ça te fait quoi que je sois juive, en quoi ça te dérange ?",Montrée,Colère,word,sois,SitEmo
CyberAggAdo,"mais ça te fait quoi que je sois juive, en quoi ça te dérange ?",Montrée,Colère,word,juive,SitEmo
CyberAggAdo,"mais ça te fait quoi que je sois juive, en quoi ça te dérange ?",Montrée,Colère,word,dérange,SitEmo
CyberAggAdo,"mais ça te fait quoi que je sois juive, en quoi ça te dérange ?",Montrée,Colère,punctuation,",",SitEmo
CyberAggAdo,"mais ça te fait quoi que je sois juive, en quoi ça te dérange ?",Montrée,Colère,punctuation,?,SitEmo
CyberAggAdo,bah regarde ailleurs alors,Montrée,Colère,word,bah,SitEmo
CyberAggAdo,bah regarde ailleurs alors,Montrée,Colère,word,regarde,SitEmo
CyberAggAdo,bah regarde ailleurs alors,Montrée,Colère,word,ailleurs,SitEmo
CyberAggAdo,on s'en bat les couilles et si tu t'en fous casse toi et arrete de parler,Montrée,Colère,word,s'en,SitEmo
CyberAggAdo,on s'en bat les couilles et si tu t'en fous casse toi et arrete de parler,Montrée,Colère,word,bat,SitEmo
CyberAggAdo,on s'en bat les couilles et si tu t'en fous casse toi et arrete de parler,Montrée,Colère,word,couilles,SitEmo
CyberAggAdo,on s'en bat les couilles et si tu t'en fous casse toi et arrete de parler,Montrée,Colère,word,t'en,SitEmo
CyberAggAdo,on s'en bat les couilles et si tu t'en fous casse toi et arrete de parler,Montrée,Colère,word,fous,SitEmo
CyberAggAdo,on s'en bat les couilles et si tu t'en fous casse toi et arrete de parler,Montrée,Colère,word,casse,SitEmo
CyberAggAdo,on s'en bat les couilles et si tu t'en fous casse toi et arrete de parler,Montrée,Colère,word,arrete,SitEmo
CyberAggAdo,on s'en bat les couilles et si tu t'en fous casse toi et arrete de parler,Montrée,Colère,word,parler,SitEmo
CyberAggAdo,on s'en bat les couilles et si tu t'en fous casse toi et arrete de parler,Montrée,Colère,punctuation,',SitEmo
CyberAggAdo,on s'en bat les couilles et si tu t'en fous casse toi et arrete de parler,Montrée,Colère,punctuation,',SitEmo
CyberAggAdo,toi quand tu poste des photos on donne pa s notre avis,Suggérée,Colère,word,poste,SitEmo
CyberAggAdo,toi quand tu poste des photos on donne pa s notre avis,Suggérée,Colère,word,photos,SitEmo
CyberAggAdo,toi quand tu poste des photos on donne pa s notre avis,Suggérée,Colère,word,donne,SitEmo
CyberAggAdo,toi quand tu poste des photos on donne pa s notre avis,Suggérée,Colère,word,pa,SitEmo
CyberAggAdo,toi quand tu poste des photos on donne pa s notre avis,Suggérée,Colère,word,avis,SitEmo
CyberAggAdo,va faire ta vie si t'en a une parce que j'ai des doutes,Montrée,Colère,word,vie,SitEmo
CyberAggAdo,va faire ta vie si t'en a une parce que j'ai des doutes,Montrée,Colère,word,t'en,SitEmo
CyberAggAdo,va faire ta vie si t'en a une parce que j'ai des doutes,Montrée,Colère,word,parce,SitEmo
CyberAggAdo,va faire ta vie si t'en a une parce que j'ai des doutes,Montrée,Colère,word,j'ai,SitEmo
CyberAggAdo,va faire ta vie si t'en a une parce que j'ai des doutes,Montrée,Colère,word,doutes,SitEmo
CyberAggAdo,va faire ta vie si t'en a une parce que j'ai des doutes,Montrée,Colère,punctuation,',SitEmo
CyberAggAdo,va faire ta vie si t'en a une parce que j'ai des doutes,Montrée,Colère,punctuation,',SitEmo
CyberAggAdo,ça vous fait quoi que je sois juive ?,Suggérée,Colère,word,sois,SitEmo
CyberAggAdo,ça vous fait quoi que je sois juive ?,Suggérée,Colère,word,juive,SitEmo
CyberAggAdo,ça vous fait quoi que je sois juive ?,Suggérée,Colère,punctuation,?,SitEmo
CyberAggAdo,on vs demande pas votre avis,Montrée,Colère,word,vs,SitEmo
CyberAggAdo,on vs demande pas votre avis,Montrée,Colère,word,demande,SitEmo
CyberAggAdo,on vs demande pas votre avis,Montrée,Colère,word,avis,SitEmo
CyberAggAdo,alors poste pas sur internet si l'avis des gens te derange,Montrée,Colère,word,poste,SitEmo
CyberAggAdo,alors poste pas sur internet si l'avis des gens te derange,Montrée,Colère,word,internet,SitEmo
CyberAggAdo,alors poste pas sur internet si l'avis des gens te derange,Montrée,Colère,word,l'avis,SitEmo
CyberAggAdo,alors poste pas sur internet si l'avis des gens te derange,Montrée,Colère,word,gens,SitEmo
CyberAggAdo,alors poste pas sur internet si l'avis des gens te derange,Montrée,Colère,word,derange,SitEmo
CyberAggAdo,alors poste pas sur internet si l'avis des gens te derange,Montrée,Colère,punctuation,',SitEmo
CyberAggAdo,on vous laisse tranquille alors fichez nous la paix,Montrée,Colère,word,laisse,SitEmo
CyberAggAdo,on vous laisse tranquille alors fichez nous la paix,Montrée,Colère,word,tranquille,SitEmo
CyberAggAdo,on vous laisse tranquille alors fichez nous la paix,Montrée,Colère,word,fichez,SitEmo
CyberAggAdo,on vous laisse tranquille alors fichez nous la paix,Montrée,Colère,word,paix,SitEmo
CyberAggAdo,fichez nous la paix,Comportementale,Colère,word,fichez,SitEmo
CyberAggAdo,fichez nous la paix,Comportementale,Colère,word,paix,SitEmo
CyberAggAdo,je préfère être différente que vous ressembler et être une bande de mouton a suivre une personne raciste,Suggérée,Colère,word,préfère,SitEmo
CyberAggAdo,je préfère être différente que vous ressembler et être une bande de mouton a suivre une personne raciste,Suggérée,Colère,word,différente,SitEmo
CyberAggAdo,je préfère être différente que vous ressembler et être une bande de mouton a suivre une personne raciste,Suggérée,Colère,word,ressembler,SitEmo
CyberAggAdo,je préfère être différente que vous ressembler et être une bande de mouton a suivre une personne raciste,Suggérée,Colère,word,bande,SitEmo
CyberAggAdo,je préfère être différente que vous ressembler et être une bande de mouton a suivre une personne raciste,Suggérée,Colère,word,mouton,SitEmo
CyberAggAdo,je préfère être différente que vous ressembler et être une bande de mouton a suivre une personne raciste,Suggérée,Colère,word,suivre,SitEmo
CyberAggAdo,je préfère être différente que vous ressembler et être une bande de mouton a suivre une personne raciste,Suggérée,Colère,word,raciste,SitEmo
CyberAggAdo,et alors qu'est-ce que ça peut te faire ?,Montrée,Colère,word,qu'est-ce,SitEmo
CyberAggAdo,et alors qu'est-ce que ça peut te faire ?,Montrée,Colère,punctuation,',SitEmo
CyberAggAdo,et alors qu'est-ce que ça peut te faire ?,Montrée,Colère,punctuation,-,SitEmo
CyberAggAdo,et alors qu'est-ce que ça peut te faire ?,Montrée,Colère,punctuation,?,SitEmo
CyberAggAdo,elle te gene en quoi la kipa ?,Montrée,Colère,word,gene,SitEmo
CyberAggAdo,elle te gene en quoi la kipa ?,Montrée,Colère,word,kipa,SitEmo
CyberAggAdo,elle te gene en quoi la kipa ?,Montrée,Colère,punctuation,?,SitEmo
CyberAggAdo,pourquoi tu embêtes les autres ?,Comportementale,Colère,word,pourquoi,SitEmo
CyberAggAdo,pourquoi tu embêtes les autres ?,Comportementale,Colère,word,embêtes,SitEmo
CyberAggAdo,pourquoi tu embêtes les autres ?,Comportementale,Colère,punctuation,?,SitEmo
CyberAggAdo,ET C4EST QUOI TON PRBLM AVEC LES JUIFS,Montrée,Colère,word,prblm,SitEmo
CyberAggAdo,ET C4EST QUOI TON PRBLM AVEC LES JUIFS,Montrée,Colère,word,juifs,SitEmo
CyberAggAdo,BAS LES COUILLES,Montrée,Colère,word,bas,SitEmo
CyberAggAdo,BAS LES COUILLES,Montrée,Dégoût,word,bas,SitEmo
CyberAggAdo,BAS LES COUILLES,Montrée,Colère,word,couilles,SitEmo
CyberAggAdo,BAS LES COUILLES,Montrée,Dégoût,word,couilles,SitEmo
CyberAggAdo,ptn d'arguments,Montrée,Colère,word,ptn,SitEmo
CyberAggAdo,ptn d'arguments,Montrée,Colère,word,d'arguments,SitEmo
CyberAggAdo,ptn d'arguments,Montrée,Colère,punctuation,',SitEmo
CyberAggAdo,decu,Désignée,Tristesse,word,decu,SitEmo
CyberAggAdo,deçu,Désignée,Tristesse,word,deçu,SitEmo
CyberAggAdo,waw bravo vous êtes allés a l'ecole,Suggérée,Colère,word,waw,SitEmo
CyberAggAdo,waw bravo vous êtes allés a l'ecole,Suggérée,Colère,word,bravo,SitEmo
CyberAggAdo,waw bravo vous êtes allés a l'ecole,Suggérée,Colère,word,allés,SitEmo
CyberAggAdo,waw bravo vous êtes allés a l'ecole,Suggérée,Colère,word,l'ecole,SitEmo
CyberAggAdo,waw bravo vous êtes allés a l'ecole,Suggérée,Colère,punctuation,',SitEmo
CyberAggAdo,dénigrer les gens,Comportementale,Colère,word,dénigrer,SitEmo
CyberAggAdo,dénigrer les gens,Comportementale,Dégoût,word,dénigrer,SitEmo
CyberAggAdo,dénigrer les gens,Comportementale,Colère,word,gens,SitEmo
CyberAggAdo,dénigrer les gens,Comportementale,Dégoût,word,gens,SitEmo
CyberAggAdo,sale chien,Montrée,Colère,word,sale,SitEmo
CyberAggAdo,sale chien,Montrée,Dégoût,word,sale,SitEmo
CyberAggAdo,sale chien,Montrée,Colère,word,chien,SitEmo
CyberAggAdo,sale chien,Montrée,Dégoût,word,chien,SitEmo
CyberAggAdo,baise toi,Montrée,Colère,word,baise,SitEmo
CyberAggAdo,tu te prend pour jsp qui,Montrée,Colère,word,prend,SitEmo
CyberAggAdo,tu te prend pour jsp qui,Montrée,Colère,word,jsp,SitEmo
CyberAggAdo,casse toi,Montrée,Colère,word,casse,SitEmo
CyberAggAdo,jaloux,Désignée,Jalousie,word,jaloux,SitEmo
CyberAggAdo,tu montre ton cu tassume,Montrée,Colère,word,montre,SitEmo
CyberAggAdo,tu montre ton cu tassume,Montrée,Dégoût,word,montre,SitEmo
CyberAggAdo,tu montre ton cu tassume,Montrée,Colère,word,cu,SitEmo
CyberAggAdo,tu montre ton cu tassume,Montrée,Dégoût,word,cu,SitEmo
CyberAggAdo,tu montre ton cu tassume,Montrée,Colère,word,tassume,SitEmo
CyberAggAdo,tu montre ton cu tassume,Montrée,Dégoût,word,tassume,SitEmo
CyberAggAdo,elle va aller porter plainte,Suggérée,Colère,word,porter,SitEmo
CyberAggAdo,elle va aller porter plainte,Suggérée,Colère,word,plainte,SitEmo
CyberAggAdo,on verra a la sorti,Suggérée,Colère,word,verra,SitEmo
CyberAggAdo,on verra a la sorti,Suggérée,Colère,word,sorti,SitEmo
CyberAggAdo,on va venir à plusieurs,Suggérée,Colère,word,venir,SitEmo
CyberAggAdo,on va venir à plusieurs,Suggérée,Colère,word,plusieurs,SitEmo
CyberAggAdo,ta guele,Montrée,Colère,word,guele,SitEmo
CyberAggAdo,on t'attendra a 2,Montrée,Colère,word,t'attendra,SitEmo
CyberAggAdo,on t'attendra a 2,Montrée,Colère,punctuation,',SitEmo
CyberAggAdo,on te ntm,Comportementale,Colère,word,ntm,SitEmo
CyberAggAdo,peur,Désignée,Peur,word,peur,SitEmo
CyberAggAdo,tg,Montrée,Colère,word,tg,SitEmo
CyberAggAdo,tu nike ta mere plutot,Montrée,Colère,word,nike,SitEmo
CyberAggAdo,tu nike ta mere plutot,Montrée,Colère,word,mere,SitEmo
CyberAggAdo,tu nike ta mere plutot,Montrée,Colère,word,plutot,SitEmo
CyberAggAdo,vs avez fini de parler pour rien ?,Montrée,Colère,word,vs,SitEmo
CyberAggAdo,vs avez fini de parler pour rien ?,Montrée,Colère,word,fini,SitEmo
CyberAggAdo,vs avez fini de parler pour rien ?,Montrée,Colère,word,parler,SitEmo
CyberAggAdo,vs avez fini de parler pour rien ?,Montrée,Colère,punctuation,?,SitEmo
CyberAggAdo,ooooh,Montrée,Colère,word,ooooh,SitEmo
CyberAggAdo,tu me chauffes,Comportementale,Colère,word,chauffes,SitEmo
CyberAggAdo,tu veux le meme sort?,Montrée,Colère,word,meme,SitEmo
CyberAggAdo,tu veux le meme sort?,Montrée,Colère,word,sort,SitEmo
CyberAggAdo,tu veux le meme sort?,Montrée,Colère,punctuation,?,SitEmo
CyberAggAdo,tg toi,Montrée,Colère,word,tg,SitEmo
CyberAggAdo,on voyait son cul,Montrée,Colère,word,voyait,SitEmo
CyberAggAdo,on voyait son cul,Montrée,Colère,word,cul,SitEmo
CyberAggAdo,elle vient m harceler apres la,Suggérée,Colère,word,vient,SitEmo
CyberAggAdo,elle vient m harceler apres la,Suggérée,Colère,word,harceler,SitEmo
CyberAggAdo,elle vient m harceler apres la,Suggérée,Colère,word,apres,SitEmo
CyberAggAdo,la plus grosse des pute,Montrée,Colère,word,grosse,SitEmo
CyberAggAdo,la plus grosse des pute,Montrée,Dégoût,word,grosse,SitEmo
CyberAggAdo,la plus grosse des pute,Montrée,Colère,word,pute,SitEmo
CyberAggAdo,la plus grosse des pute,Montrée,Dégoût,word,pute,SitEmo
CyberAggAdo,ftg,Montrée,Colère,word,ftg,SitEmo
CyberAggAdo,hypocrite,Montrée,Dégoût,word,hypocrite,SitEmo
CyberAggAdo,on te brule toi a leglise,Montrée,Colère,word,brule,SitEmo
CyberAggAdo,on te brule toi a leglise,Montrée,Colère,word,leglise,SitEmo
CyberAggAdo,"vs en avez pas marre, vs voulez pas vs re parler et mettre les choses a plat ?",Montrée,Colère,word,vs,SitEmo
CyberAggAdo,"vs en avez pas marre, vs voulez pas vs re parler et mettre les choses a plat ?",Montrée,Colère,word,marre,SitEmo
CyberAggAdo,"vs en avez pas marre, vs voulez pas vs re parler et mettre les choses a plat ?",Montrée,Colère,word,vs,SitEmo
CyberAggAdo,"vs en avez pas marre, vs voulez pas vs re parler et mettre les choses a plat ?",Montrée,Colère,word,vs,SitEmo
CyberAggAdo,"vs en avez pas marre, vs voulez pas vs re parler et mettre les choses a plat ?",Montrée,Colère,word,re,SitEmo
CyberAggAdo,"vs en avez pas marre, vs voulez pas vs re parler et mettre les choses a plat ?",Montrée,Colère,word,parler,SitEmo
CyberAggAdo,"vs en avez pas marre, vs voulez pas vs re parler et mettre les choses a plat ?",Montrée,Colère,word,mettre,SitEmo
CyberAggAdo,"vs en avez pas marre, vs voulez pas vs re parler et mettre les choses a plat ?",Montrée,Colère,word,choses,SitEmo
CyberAggAdo,"vs en avez pas marre, vs voulez pas vs re parler et mettre les choses a plat ?",Montrée,Colère,word,plat,SitEmo
CyberAggAdo,"vs en avez pas marre, vs voulez pas vs re parler et mettre les choses a plat ?",Montrée,Colère,punctuation,",",SitEmo
CyberAggAdo,"vs en avez pas marre, vs voulez pas vs re parler et mettre les choses a plat ?",Montrée,Colère,punctuation,?,SitEmo
CyberAggAdo,tu sers a rien,Montrée,Colère,word,sers,SitEmo
CyberAggAdo,mascarade,Montrée,Colère,word,mascarade,SitEmo
CyberAggAdo,mascarade,Montrée,Dégoût,word,mascarade,SitEmo
CyberAggAdo,tu fais la manche devant frr,Suggérée,Dégoût,word,manche,SitEmo
CyberAggAdo,tu fais la manche devant frr,Suggérée,Dégoût,word,devant,SitEmo
CyberAggAdo,tu fais la manche devant frr,Suggérée,Dégoût,word,frr,SitEmo
CyberAggAdo,la pute comme ta mere,Montrée,Colère,word,pute,SitEmo
CyberAggAdo,la pute comme ta mere,Montrée,Colère,word,mere,SitEmo
CyberAggAdo,d'harceler les gens,Suggérée,Colère,word,d'harceler,SitEmo
CyberAggAdo,d'harceler les gens,Suggérée,Colère,word,gens,SitEmo
CyberAggAdo,d'harceler les gens,Suggérée,Colère,punctuation,',SitEmo
CyberAggAdo,problemes de merde,Montrée,Colère,word,problemes,SitEmo
CyberAggAdo,problemes de merde,Montrée,Colère,word,merde,SitEmo
CyberAggAdo,la prochaine fois tu mettra un voile comme t es parents au lieu de nous faire cvhier,Montrée,Colère,word,prochaine,SitEmo
CyberAggAdo,la prochaine fois tu mettra un voile comme t es parents au lieu de nous faire cvhier,Montrée,Colère,word,fois,SitEmo
CyberAggAdo,la prochaine fois tu mettra un voile comme t es parents au lieu de nous faire cvhier,Montrée,Colère,word,mettra,SitEmo
CyberAggAdo,la prochaine fois tu mettra un voile comme t es parents au lieu de nous faire cvhier,Montrée,Colère,word,voile,SitEmo
CyberAggAdo,la prochaine fois tu mettra un voile comme t es parents au lieu de nous faire cvhier,Montrée,Colère,word,parents,SitEmo
CyberAggAdo,la prochaine fois tu mettra un voile comme t es parents au lieu de nous faire cvhier,Montrée,Colère,word,lieu,SitEmo
CyberAggAdo,la prochaine fois tu mettra un voile comme t es parents au lieu de nous faire cvhier,Montrée,Colère,word,cvhier,SitEmo
CyberAggAdo,arrete de faire la folle tu vas vrm le payer,Montrée,Colère,word,arrete,SitEmo
CyberAggAdo,arrete de faire la folle tu vas vrm le payer,Montrée,Colère,word,folle,SitEmo
CyberAggAdo,arrete de faire la folle tu vas vrm le payer,Montrée,Colère,word,vrm,SitEmo
CyberAggAdo,arrete de faire la folle tu vas vrm le payer,Montrée,Colère,word,payer,SitEmo
CyberAggAdo,sa sort des cour sa mes le voile mais a la plage sa montre son cu,Suggérée,Dégoût,word,sort,SitEmo
CyberAggAdo,sa sort des cour sa mes le voile mais a la plage sa montre son cu,Suggérée,Dégoût,word,cour,SitEmo
CyberAggAdo,sa sort des cour sa mes le voile mais a la plage sa montre son cu,Suggérée,Dégoût,word,voile,SitEmo
CyberAggAdo,sa sort des cour sa mes le voile mais a la plage sa montre son cu,Suggérée,Dégoût,word,plage,SitEmo
CyberAggAdo,sa sort des cour sa mes le voile mais a la plage sa montre son cu,Suggérée,Dégoût,word,montre,SitEmo
CyberAggAdo,sa sort des cour sa mes le voile mais a la plage sa montre son cu,Suggérée,Dégoût,word,cu,SitEmo
CyberAggAdo,ptdrrrrrr,Montrée,Joie,word,ptdrrrrrr,SitEmo
CyberAggAdo,mddddddr,Montrée,Joie,word,mddddddr,SitEmo
CyberAggAdo,ptddrrrr,Montrée,Joie,word,ptddrrrr,SitEmo
CyberAggAdo,tu vas trop loin la,Suggérée,Colère,word,loin,SitEmo
CyberAggAdo,ftg,Montrée,Colère,word,ftg,SitEmo
CyberAggAdo,rooohh,Montrée,Colère,word,rooohh,SitEmo
CyberAggAdo,tg,Montrée,Colère,word,tg,SitEmo
CyberAggAdo,la veriter blaisse tu te sens mal,Suggérée,Colère,word,veriter,SitEmo
CyberAggAdo,la veriter blaisse tu te sens mal,Suggérée,Colère,word,blaisse,SitEmo
CyberAggAdo,la veriter blaisse tu te sens mal,Suggérée,Colère,word,sens,SitEmo
CyberAggAdo,tg toi,Montrée,Colère,word,tg,SitEmo
CyberAggAdo,tu l'insulte,Comportementale,Colère,word,l'insulte,SitEmo
CyberAggAdo,tu l'insulte,Comportementale,Colère,punctuation,',SitEmo
CyberAggAdo,mes les toi ou je pense,Montrée,Colère,word,pense,SitEmo
CyberAggAdo,je vais pas le répeter,Montrée,Colère,word,répeter,SitEmo
CyberAggAdo,donc chute merci,Montrée,Colère,word,chute,SitEmo
CyberAggAdo,donc chute merci,Montrée,Colère,word,merci,SitEmo
CyberAggAdo,tu croit quoi,Montrée,Colère,word,croit,SitEmo
CyberAggAdo,expulser tous les arabes comme toi,Suggérée,Dégoût,word,expulser,SitEmo
CyberAggAdo,expulser tous les arabes comme toi,Suggérée,Dégoût,word,arabes,SitEmo
CyberAggAdo,parler pour rien la,Montrée,Colère,word,parler,SitEmo
CyberAggAdo,pleurer,Désignée,Tristesse,word,pleurer,SitEmo
CyberAggAdo,ftg,Montrée,Colère,word,ftg,SitEmo
CyberAggAdo,tu sers à r,Montrée,Colère,word,sers,SitEmo
CyberAggAdo,tu sers à r,Montrée,Colère,word,r,SitEmo
CyberAggAdo,t'es explosé,Montrée,Colère,word,t'es,SitEmo
CyberAggAdo,t'es explosé,Montrée,Dégoût,word,t'es,SitEmo
CyberAggAdo,t'es explosé,Montrée,Colère,word,explosé,SitEmo
CyberAggAdo,t'es explosé,Montrée,Dégoût,word,explosé,SitEmo
CyberAggAdo,t'es explosé,Montrée,Colère,punctuation,',SitEmo
CyberAggAdo,t'es explosé,Montrée,Dégoût,punctuation,',SitEmo
CyberAggAdo,jvais me suicider,Comportementale,Tristesse,word,jvais,SitEmo
CyberAggAdo,jvais me suicider,Comportementale,Peur,word,jvais,SitEmo
CyberAggAdo,jvais me suicider,Comportementale,Tristesse,word,suicider,SitEmo
CyberAggAdo,jvais me suicider,Comportementale,Peur,word,suicider,SitEmo
CyberAggAdo,tu vas voir si vous allez rien avoir,Montrée,Colère,word,voir,SitEmo
CyberAggAdo,ecrit francais et tu viendra me parler culture',Montrée,Colère,word,ecrit,SitEmo
CyberAggAdo,ecrit francais et tu viendra me parler culture',Montrée,Colère,word,francais,SitEmo
CyberAggAdo,ecrit francais et tu viendra me parler culture',Montrée,Colère,word,viendra,SitEmo
CyberAggAdo,ecrit francais et tu viendra me parler culture',Montrée,Colère,word,parler,SitEmo
CyberAggAdo,ecrit francais et tu viendra me parler culture',Montrée,Colère,word,culture,SitEmo
CyberAggAdo,ecrit francais et tu viendra me parler culture',Montrée,Colère,punctuation,',SitEmo
CyberAggAdo,ta bien ouvert ta guele pour rien,Montrée,Colère,word,ouvert,SitEmo
CyberAggAdo,ta bien ouvert ta guele pour rien,Montrée,Colère,word,guele,SitEmo
CyberAggAdo,crève,Montrée,Colère,word,crève,SitEmo
CyberAggAdo,vous irez en efer enfer*,Montrée,Colère,word,irez,SitEmo
CyberAggAdo,vous irez en efer enfer*,Montrée,Colère,word,efer,SitEmo
CyberAggAdo,vous irez en efer enfer*,Montrée,Colère,word,enfer,SitEmo
CyberAggAdo,vs etes serieux ?,Montrée,Colère,word,vs,SitEmo
CyberAggAdo,vs etes serieux ?,Montrée,Colère,word,etes,SitEmo
CyberAggAdo,vs etes serieux ?,Montrée,Colère,word,serieux,SitEmo
CyberAggAdo,vs etes serieux ?,Montrée,Colère,punctuation,?,SitEmo
CyberAggAdo,vs aimerais quon vs dises sa ?,Montrée,Colère,word,vs,SitEmo
CyberAggAdo,vs aimerais quon vs dises sa ?,Montrée,Colère,word,aimerais,SitEmo
CyberAggAdo,vs aimerais quon vs dises sa ?,Montrée,Colère,word,quon,SitEmo
CyberAggAdo,vs aimerais quon vs dises sa ?,Montrée,Colère,word,vs,SitEmo
CyberAggAdo,vs aimerais quon vs dises sa ?,Montrée,Colère,word,dises,SitEmo
CyberAggAdo,vs aimerais quon vs dises sa ?,Montrée,Colère,punctuation,?,SitEmo
CyberAggAdo,pure merde,Montrée,Colère,word,pure,SitEmo
CyberAggAdo,pure merde,Montrée,Dégoût,word,pure,SitEmo
CyberAggAdo,pure merde,Montrée,Colère,word,merde,SitEmo
CyberAggAdo,pure merde,Montrée,Dégoût,word,merde,SitEmo
CyberAggAdo,avec vos habits du bled la cassez vous,Montrée,Colère,word,habits,SitEmo
CyberAggAdo,avec vos habits du bled la cassez vous,Montrée,Colère,word,bled,SitEmo
CyberAggAdo,avec vos habits du bled la cassez vous,Montrée,Colère,word,cassez,SitEmo
CyberAggAdo,odeur infecte,Montrée,Dégoût,word,odeur,SitEmo
CyberAggAdo,odeur infecte,Montrée,Dégoût,word,infecte,SitEmo
CyberAggAdo,tg pierre,Montrée,Colère,word,tg,SitEmo
CyberAggAdo,tg pierre,Montrée,Colère,word,pierre,SitEmo
CyberAggAdo,me fais pas chier,Montrée,Colère,word,chier,SitEmo
CyberAggAdo,jmen blc de ta vie,Montrée,Colère,word,jmen,SitEmo
CyberAggAdo,jmen blc de ta vie,Montrée,Colère,word,blc,SitEmo
CyberAggAdo,jmen blc de ta vie,Montrée,Colère,word,vie,SitEmo
CyberAggAdo,ftg,Montrée,Colère,word,ftg,SitEmo
CyberAggAdo,ferme la,Montrée,Colère,word,ferme,SitEmo
CyberAggAdo,pk tu lui envoy un message si tu ten fou bien dit,Montrée,Colère,word,pk,SitEmo
CyberAggAdo,pk tu lui envoy un message si tu ten fou bien dit,Montrée,Colère,word,envoy,SitEmo
CyberAggAdo,pk tu lui envoy un message si tu ten fou bien dit,Montrée,Colère,word,message,SitEmo
CyberAggAdo,pk tu lui envoy un message si tu ten fou bien dit,Montrée,Colère,word,ten,SitEmo
CyberAggAdo,pk tu lui envoy un message si tu ten fou bien dit,Montrée,Colère,word,fou,SitEmo
CyberAggAdo,2 grosses merdes,Montrée,Colère,word,grosses,SitEmo
CyberAggAdo,2 grosses merdes,Montrée,Dégoût,word,grosses,SitEmo
CyberAggAdo,2 grosses merdes,Montrée,Colère,word,merdes,SitEmo
CyberAggAdo,2 grosses merdes,Montrée,Dégoût,word,merdes,SitEmo
CyberAggAdo,fermeras ta gueule,Montrée,Colère,word,fermeras,SitEmo
CyberAggAdo,fermeras ta gueule,Montrée,Colère,word,gueule,SitEmo
CyberAggAdo,tous repostez en story les photos de la negre,Comportementale,Colère,word,repostez,SitEmo
CyberAggAdo,tous repostez en story les photos de la negre,Comportementale,Colère,word,story,SitEmo
CyberAggAdo,tous repostez en story les photos de la negre,Comportementale,Colère,word,photos,SitEmo
CyberAggAdo,tous repostez en story les photos de la negre,Comportementale,Colère,word,negre,SitEmo
CyberAggAdo,la negre,Montrée,Dégoût,word,negre,SitEmo
CyberAggAdo,se marrer,Comportementale,Joie,word,marrer,SitEmo
CyberAggAdo,grosse pute,Montrée,Dégoût,word,grosse,SitEmo
CyberAggAdo,grosse pute,Montrée,Colère,word,grosse,SitEmo
CyberAggAdo,grosse pute,Montrée,Dégoût,word,pute,SitEmo
CyberAggAdo,grosse pute,Montrée,Colère,word,pute,SitEmo
CyberAggAdo,mdrrr,Montrée,Joie,word,mdrrr,SitEmo
CyberAggAdo,normal j'suis une star,Suggérée,Fierté,word,normal,SitEmo
CyberAggAdo,normal j'suis une star,Suggérée,Fierté,word,j'suis,SitEmo
CyberAggAdo,normal j'suis une star,Suggérée,Fierté,word,star,SitEmo
CyberAggAdo,normal j'suis une star,Suggérée,Fierté,punctuation,',SitEmo
CyberAggAdo,bon cest bon,Montrée,Colère,word,bon,SitEmo
CyberAggAdo,bon cest bon,Montrée,Colère,word,cest,SitEmo
CyberAggAdo,bon cest bon,Montrée,Colère,word,bon,SitEmo
CyberAggAdo,vs tourner en rond la depuis taleur,Suggérée,Colère,word,vs,SitEmo
CyberAggAdo,vs tourner en rond la depuis taleur,Suggérée,Colère,word,tourner,SitEmo
CyberAggAdo,vs tourner en rond la depuis taleur,Suggérée,Colère,word,rond,SitEmo
CyberAggAdo,vs tourner en rond la depuis taleur,Suggérée,Colère,word,taleur,SitEmo
CyberAggAdo,ose ouvrir sa bouche,Comportementale,Colère,word,ose,SitEmo
CyberAggAdo,ose ouvrir sa bouche,Comportementale,Colère,word,ouvrir,SitEmo
CyberAggAdo,ose ouvrir sa bouche,Comportementale,Colère,word,bouche,SitEmo
CyberAggAdo,suceuse,Montrée,Colère,word,suceuse,SitEmo
CyberAggAdo,suceuse,Montrée,Dégoût,word,suceuse,SitEmo
CyberAggAdo,jalouse,Désignée,Jalousie,word,jalouse,SitEmo
CyberAggAdo,insulter,Comportementale,Colère,word,insulter,SitEmo
CyberAggAdo,mdrr,Montrée,Joie,word,mdrr,SitEmo
CyberAggAdo,mdrr,Montrée,Joie,word,mdrr,SitEmo
CyberAggAdo,vos geule,Montrée,Colère,word,geule,SitEmo
CyberAggAdo,vas apprendre la langue de ton pays déjà,Montrée,Colère,word,apprendre,SitEmo
CyberAggAdo,vas apprendre la langue de ton pays déjà,Montrée,Colère,word,langue,SitEmo
CyberAggAdo,vas apprendre la langue de ton pays déjà,Montrée,Colère,word,pays,SitEmo
CyberAggAdo,vas apprendre la langue de ton pays déjà,Montrée,Colère,word,déjà,SitEmo
CyberAggAdo,maiis fatima t'as vu ton orthographe,Montrée,Colère,word,maiis,SitEmo
CyberAggAdo,maiis fatima t'as vu ton orthographe,Montrée,Colère,word,fatima,SitEmo
CyberAggAdo,maiis fatima t'as vu ton orthographe,Montrée,Colère,word,t'as,SitEmo
CyberAggAdo,maiis fatima t'as vu ton orthographe,Montrée,Colère,word,vu,SitEmo
CyberAggAdo,maiis fatima t'as vu ton orthographe,Montrée,Colère,word,orthographe,SitEmo
CyberAggAdo,maiis fatima t'as vu ton orthographe,Montrée,Colère,punctuation,',SitEmo
CyberAggAdo,t dans notre pays et tu parle,Montrée,Colère,word,pays,SitEmo
CyberAggAdo,t dans notre pays et tu parle,Montrée,Colère,word,parle,SitEmo
CyberAggAdo,vous etes des gros gamins,Montrée,Colère,word,etes,SitEmo
CyberAggAdo,vous etes des gros gamins,Montrée,Colère,word,gros,SitEmo
CyberAggAdo,vous etes des gros gamins,Montrée,Colère,word,gamins,SitEmo
CyberAggAdo,ooo,Montrée,Colère,word,ooo,SitEmo
CyberAggAdo,tg,Montrée,Colère,word,tg,SitEmo
CyberAggAdo,on va te ntm,Comportementale,Colère,word,ntm,SitEmo
CyberAggAdo,ntm,Montrée,Colère,word,ntm,SitEmo
CyberAggAdo,jaloux,Désignée,Jalousie,word,jaloux,SitEmo
CyberAggAdo,meme ton soutien se casse t'es seule,Suggérée,Tristesse,word,meme,SitEmo
CyberAggAdo,meme ton soutien se casse t'es seule,Suggérée,Tristesse,word,soutien,SitEmo
CyberAggAdo,meme ton soutien se casse t'es seule,Suggérée,Tristesse,word,casse,SitEmo
CyberAggAdo,meme ton soutien se casse t'es seule,Suggérée,Tristesse,word,t'es,SitEmo
CyberAggAdo,meme ton soutien se casse t'es seule,Suggérée,Tristesse,word,seule,SitEmo
CyberAggAdo,meme ton soutien se casse t'es seule,Suggérée,Tristesse,punctuation,',SitEmo
CyberAggAdo,jy peut rien,Suggérée,Tristesse,word,jy,SitEmo
CyberAggAdo,on te démarre,Comportementale,Colère,word,démarre,SitEmo
CyberAggAdo,mdrrrrr,Montrée,Joie,word,mdrrrrr,SitEmo
CyberAggAdo,mdrrrrrrrrrrrrrrrr,Désignée,Joie,word,mdrrrrrrrrrrrrrrrr,SitEmo
CyberAggAdo,retournez dans votre ferme traire vos meres,Montrée,Colère,word,retournez,SitEmo
CyberAggAdo,retournez dans votre ferme traire vos meres,Montrée,Dégoût,word,retournez,SitEmo
CyberAggAdo,retournez dans votre ferme traire vos meres,Montrée,Colère,word,ferme,SitEmo
CyberAggAdo,retournez dans votre ferme traire vos meres,Montrée,Dégoût,word,ferme,SitEmo
CyberAggAdo,retournez dans votre ferme traire vos meres,Montrée,Colère,word,traire,SitEmo
CyberAggAdo,retournez dans votre ferme traire vos meres,Montrée,Dégoût,word,traire,SitEmo
CyberAggAdo,retournez dans votre ferme traire vos meres,Montrée,Colère,word,meres,SitEmo
CyberAggAdo,retournez dans votre ferme traire vos meres,Montrée,Dégoût,word,meres,SitEmo
CyberAggAdo,t'as cru t'as dead ça?,Montrée,Colère,word,t'as,SitEmo
CyberAggAdo,t'as cru t'as dead ça?,Montrée,Colère,word,cru,SitEmo
CyberAggAdo,t'as cru t'as dead ça?,Montrée,Colère,word,t'as,SitEmo
CyberAggAdo,t'as cru t'as dead ça?,Montrée,Colère,word,dead,SitEmo
CyberAggAdo,t'as cru t'as dead ça?,Montrée,Colère,punctuation,',SitEmo
CyberAggAdo,t'as cru t'as dead ça?,Montrée,Colère,punctuation,',SitEmo
CyberAggAdo,t'as cru t'as dead ça?,Montrée,Colère,punctuation,?,SitEmo
CyberAggAdo,ptdrrrr,Montrée,Joie,word,ptdrrrr,SitEmo
CyberAggAdo,esclave,Montrée,Dégoût,word,esclave,SitEmo
CyberAggAdo,grosse pute,Montrée,Colère,word,grosse,SitEmo
CyberAggAdo,grosse pute,Montrée,Colère,word,pute,SitEmo
CyberAggAdo,dégeulasse,Désignée,Dégoût,word,dégeulasse,SitEmo
CyberAggAdo,bande de salopes,Montrée,Dégoût,word,bande,SitEmo
CyberAggAdo,bande de salopes,Montrée,Dégoût,word,salopes,SitEmo
CyberAggAdo,dégouteeee,Désignée,Dégoût,word,dégouteeee,SitEmo
CyberAggAdo,ça ne te regarde pas,Montrée,Colère,word,regarde,SitEmo
CyberAggAdo,je vois pas en quoi ça te concerne,Montrée,Colère,word,vois,SitEmo
CyberAggAdo,je vois pas en quoi ça te concerne,Montrée,Colère,word,concerne,SitEmo
CyberAggAdo,mais grave bande de lesbiennes,Montrée,Dégoût,word,grave,SitEmo
CyberAggAdo,mais grave bande de lesbiennes,Montrée,Dégoût,word,bande,SitEmo
CyberAggAdo,mais grave bande de lesbiennes,Montrée,Dégoût,word,lesbiennes,SitEmo
CyberAggAdo,degoutée,Désignée,Dégoût,word,degoutée,SitEmo
CyberAggAdo,aaaaah,Montrée,Dégoût,word,aaaaah,SitEmo
CyberAggAdo,olalala,Montrée,Dégoût,word,olalala,SitEmo
CyberAggAdo,dégoute,Désignée,Dégoût,word,dégoute,SitEmo
CyberAggAdo,degouter,Désignée,Dégoût,word,degouter,SitEmo
CyberAggAdo,bande de crasseuse,Montrée,Dégoût,word,bande,SitEmo
CyberAggAdo,bande de crasseuse,Montrée,Colère,word,bande,SitEmo
CyberAggAdo,bande de crasseuse,Montrée,Dégoût,word,crasseuse,SitEmo
CyberAggAdo,bande de crasseuse,Montrée,Colère,word,crasseuse,SitEmo
CyberAggAdo,grosse crasseuse,Montrée,Dégoût,word,grosse,SitEmo
CyberAggAdo,grosse crasseuse,Montrée,Colère,word,grosse,SitEmo
CyberAggAdo,grosse crasseuse,Montrée,Dégoût,word,crasseuse,SitEmo
CyberAggAdo,grosse crasseuse,Montrée,Colère,word,crasseuse,SitEmo
CyberAggAdo,degoutez,Désignée,Dégoût,word,degoutez,SitEmo
CyberAggAdo,putain,Montrée,Colère,word,putain,SitEmo
CyberAggAdo,laissez nous tranquille,Montrée,Colère,word,laissez,SitEmo
CyberAggAdo,laissez nous tranquille,Montrée,Colère,word,tranquille,SitEmo
CyberAggAdo,grosse pute,Montrée,Colère,word,grosse,SitEmo
CyberAggAdo,grosse pute,Montrée,Dégoût,word,grosse,SitEmo
CyberAggAdo,grosse pute,Montrée,Colère,word,pute,SitEmo
CyberAggAdo,grosse pute,Montrée,Dégoût,word,pute,SitEmo
CyberAggAdo,sal photo,Montrée,Dégoût,word,sal,SitEmo
CyberAggAdo,sal photo,Montrée,Dégoût,word,photo,SitEmo
CyberAggAdo,connasses,Montrée,Colère,word,connasses,SitEmo
CyberAggAdo,ftg grosse salope,Montrée,Colère,word,ftg,SitEmo
CyberAggAdo,ftg grosse salope,Montrée,Colère,word,grosse,SitEmo
CyberAggAdo,ftg grosse salope,Montrée,Colère,word,salope,SitEmo
CyberAggAdo,y a quoi ?,Montrée,Colère,punctuation,?,SitEmo
CyberAggAdo,burk,Montrée,Dégoût,word,burk,SitEmo
CyberAggAdo,degoute,Désignée,Dégoût,word,degoute,SitEmo
CyberAggAdo,mellez-vous de votre cul,Montrée,Colère,word,mellez-vous,SitEmo
CyberAggAdo,mellez-vous de votre cul,Montrée,Colère,word,cul,SitEmo
CyberAggAdo,mellez-vous de votre cul,Montrée,Colère,punctuation,-,SitEmo
CyberAggAdo,connasse,Montrée,Colère,word,connasse,SitEmo
CyberAggAdo,cul de crasseuse,Montrée,Dégoût,word,cul,SitEmo
CyberAggAdo,cul de crasseuse,Montrée,Dégoût,word,crasseuse,SitEmo
CyberAggAdo,on fait ce qu'on veut grosse chienne,Montrée,Colère,word,qu'on,SitEmo
CyberAggAdo,on fait ce qu'on veut grosse chienne,Montrée,Colère,word,grosse,SitEmo
CyberAggAdo,on fait ce qu'on veut grosse chienne,Montrée,Colère,word,chienne,SitEmo
CyberAggAdo,on fait ce qu'on veut grosse chienne,Montrée,Colère,punctuation,',SitEmo
CyberAggAdo,tg,Montrée,Colère,word,tg,SitEmo
CyberAggAdo,saloppe,Montrée,Colère,word,saloppe,SitEmo
CyberAggAdo,tg,Montrée,Colère,word,tg,SitEmo
CyberAggAdo,saloperie,Montrée,Dégoût,word,saloperie,SitEmo
CyberAggAdo,saloperie,Montrée,Colère,word,saloperie,SitEmo
CyberAggAdo,on dit que la vérité grosse pute,Montrée,Colère,word,vérité,SitEmo
CyberAggAdo,on dit que la vérité grosse pute,Montrée,Colère,word,grosse,SitEmo
CyberAggAdo,on dit que la vérité grosse pute,Montrée,Colère,word,pute,SitEmo
CyberAggAdo,chienne que tes ont aimes pas les lesbienne ici,Montrée,Dégoût,word,chienne,SitEmo
CyberAggAdo,chienne que tes ont aimes pas les lesbienne ici,Montrée,Dégoût,word,aimes,SitEmo
CyberAggAdo,chienne que tes ont aimes pas les lesbienne ici,Montrée,Dégoût,word,lesbienne,SitEmo
CyberAggAdo,grosse crasseuse,Montrée,Dégoût,word,grosse,SitEmo
CyberAggAdo,grosse crasseuse,Montrée,Dégoût,word,crasseuse,SitEmo
CyberAggAdo,crasseuse,Montrée,Dégoût,word,crasseuse,SitEmo
CyberAggAdo,degoute,Désignée,Dégoût,word,degoute,SitEmo
CyberAggAdo,burk,Montrée,Dégoût,word,burk,SitEmo
CyberAggAdo,bande de chienne,Montrée,Dégoût,word,bande,SitEmo
CyberAggAdo,bande de chienne,Montrée,Dégoût,word,chienne,SitEmo
CyberAggAdo,ça se voit vous êtes pas des potes si ça vous est jamais de réconforter votre pote,Suggérée,Colère,word,voit,SitEmo
CyberAggAdo,ça se voit vous êtes pas des potes si ça vous est jamais de réconforter votre pote,Suggérée,Tristesse,word,voit,SitEmo
CyberAggAdo,ça se voit vous êtes pas des potes si ça vous est jamais de réconforter votre pote,Suggérée,Colère,word,potes,SitEmo
CyberAggAdo,ça se voit vous êtes pas des potes si ça vous est jamais de réconforter votre pote,Suggérée,Tristesse,word,potes,SitEmo
CyberAggAdo,ça se voit vous êtes pas des potes si ça vous est jamais de réconforter votre pote,Suggérée,Colère,word,réconforter,SitEmo
CyberAggAdo,ça se voit vous êtes pas des potes si ça vous est jamais de réconforter votre pote,Suggérée,Tristesse,word,réconforter,SitEmo
CyberAggAdo,ça se voit vous êtes pas des potes si ça vous est jamais de réconforter votre pote,Suggérée,Colère,word,pote,SitEmo
CyberAggAdo,ça se voit vous êtes pas des potes si ça vous est jamais de réconforter votre pote,Suggérée,Tristesse,word,pote,SitEmo
CyberAggAdo,ftg,Montrée,Colère,word,ftg,SitEmo
CyberAggAdo,tais-toi et laisse-nous vivre,Montrée,Colère,word,tais-toi,SitEmo
CyberAggAdo,tais-toi et laisse-nous vivre,Montrée,Colère,word,laisse-nous,SitEmo
CyberAggAdo,tais-toi et laisse-nous vivre,Montrée,Colère,word,vivre,SitEmo
CyberAggAdo,tais-toi et laisse-nous vivre,Montrée,Colère,punctuation,-,SitEmo
CyberAggAdo,tais-toi et laisse-nous vivre,Montrée,Colère,punctuation,-,SitEmo
CyberAggAdo,c'est quoi le rapport entre être gouine et être une pute ?,Montrée,Colère,word,c'est,SitEmo
CyberAggAdo,c'est quoi le rapport entre être gouine et être une pute ?,Montrée,Colère,word,rapport,SitEmo
CyberAggAdo,c'est quoi le rapport entre être gouine et être une pute ?,Montrée,Colère,word,gouine,SitEmo
CyberAggAdo,c'est quoi le rapport entre être gouine et être une pute ?,Montrée,Colère,word,pute,SitEmo
CyberAggAdo,c'est quoi le rapport entre être gouine et être une pute ?,Montrée,Colère,punctuation,',SitEmo
CyberAggAdo,c'est quoi le rapport entre être gouine et être une pute ?,Montrée,Colère,punctuation,?,SitEmo
CyberAggAdo,pute,Montrée,Dégoût,word,pute,SitEmo
CyberAggAdo,gouine,Montrée,Dégoût,word,gouine,SitEmo
CyberAggAdo,ftg,Montrée,Colère,word,ftg,SitEmo
CyberAggAdo,degeulasse,Désignée,Dégoût,word,degeulasse,SitEmo
CyberAggAdo,vous me degouter,Désignée,Dégoût,word,degouter,SitEmo
CyberAggAdo,grosse pute,Montrée,Colère,word,grosse,SitEmo
CyberAggAdo,grosse pute,Montrée,Colère,word,pute,SitEmo
CyberAggAdo,ftg,Montrée,Colère,word,ftg,SitEmo
CyberAggAdo,gouine,Montrée,Colère,word,gouine,SitEmo
CyberAggAdo,gouine,Montrée,Dégoût,word,gouine,SitEmo
CyberAggAdo,sombre pute,Montrée,Colère,word,sombre,SitEmo
CyberAggAdo,sombre pute,Montrée,Dégoût,word,sombre,SitEmo
CyberAggAdo,sombre pute,Montrée,Colère,word,pute,SitEmo
CyberAggAdo,sombre pute,Montrée,Dégoût,word,pute,SitEmo
CyberAggAdo,on va dire a un gadjo de la violer sa va lui remettre les idée en place,Comportementale,Colère,word,gadjo,SitEmo
CyberAggAdo,on va dire a un gadjo de la violer sa va lui remettre les idée en place,Comportementale,Colère,word,violer,SitEmo
CyberAggAdo,on va dire a un gadjo de la violer sa va lui remettre les idée en place,Comportementale,Colère,word,remettre,SitEmo
CyberAggAdo,on va dire a un gadjo de la violer sa va lui remettre les idée en place,Comportementale,Colère,word,idée,SitEmo
CyberAggAdo,on va dire a un gadjo de la violer sa va lui remettre les idée en place,Comportementale,Colère,word,place,SitEmo
CyberAggAdo,t'as des problèmes,Montrée,Colère,word,t'as,SitEmo
CyberAggAdo,t'as des problèmes,Montrée,Colère,word,problèmes,SitEmo
CyberAggAdo,t'as des problèmes,Montrée,Colère,punctuation,',SitEmo
CyberAggAdo,tu te rends compte de ce que tu dis là ??,Montrée,Colère,word,rends,SitEmo
CyberAggAdo,tu te rends compte de ce que tu dis là ??,Montrée,Colère,word,compte,SitEmo
CyberAggAdo,tu te rends compte de ce que tu dis là ??,Montrée,Colère,punctuation,?,SitEmo
CyberAggAdo,tu te rends compte de ce que tu dis là ??,Montrée,Colère,punctuation,?,SitEmo
CyberAggAdo,ftg,Montrée,Colère,word,ftg,SitEmo
CyberAggAdo,kiffer,Désignée,Joie,word,kiffer,SitEmo
CyberAggAdo,ptdrrr,Montrée,Joie,word,ptdrrr,SitEmo
CyberAggAdo,ta channgé jte croyais pas comme sa quoi toiausssi,Suggérée,Dégoût,word,channgé,SitEmo
CyberAggAdo,ta channgé jte croyais pas comme sa quoi toiausssi,Suggérée,Dégoût,word,jte,SitEmo
CyberAggAdo,ta channgé jte croyais pas comme sa quoi toiausssi,Suggérée,Dégoût,word,croyais,SitEmo
CyberAggAdo,ta channgé jte croyais pas comme sa quoi toiausssi,Suggérée,Dégoût,word,toiausssi,SitEmo
CyberAggAdo,pd,Montrée,Colère,word,pd,SitEmo
CyberAggAdo,pd,Montrée,Dégoût,word,pd,SitEmo
CyberAggAdo,arrêter c'est exessif la,Montrée,Colère,word,arrêter,SitEmo
CyberAggAdo,arrêter c'est exessif la,Montrée,Colère,word,c'est,SitEmo
CyberAggAdo,arrêter c'est exessif la,Montrée,Colère,word,exessif,SitEmo
CyberAggAdo,arrêter c'est exessif la,Montrée,Colère,punctuation,',SitEmo
CyberAggAdo,vous aimeriez etre a sa place et qu'on vous dises la meme chose ?!,Montrée,Colère,word,aimeriez,SitEmo
CyberAggAdo,vous aimeriez etre a sa place et qu'on vous dises la meme chose ?!,Montrée,Colère,word,etre,SitEmo
CyberAggAdo,vous aimeriez etre a sa place et qu'on vous dises la meme chose ?!,Montrée,Colère,word,place,SitEmo
CyberAggAdo,vous aimeriez etre a sa place et qu'on vous dises la meme chose ?!,Montrée,Colère,word,qu'on,SitEmo
CyberAggAdo,vous aimeriez etre a sa place et qu'on vous dises la meme chose ?!,Montrée,Colère,word,dises,SitEmo
CyberAggAdo,vous aimeriez etre a sa place et qu'on vous dises la meme chose ?!,Montrée,Colère,word,meme,SitEmo
CyberAggAdo,vous aimeriez etre a sa place et qu'on vous dises la meme chose ?!,Montrée,Colère,word,chose,SitEmo
CyberAggAdo,vous aimeriez etre a sa place et qu'on vous dises la meme chose ?!,Montrée,Colère,punctuation,',SitEmo
CyberAggAdo,vous aimeriez etre a sa place et qu'on vous dises la meme chose ?!,Montrée,Colère,punctuation,?,SitEmo
CyberAggAdo,vous aimeriez etre a sa place et qu'on vous dises la meme chose ?!,Montrée,Colère,punctuation,!,SitEmo
CyberAggAdo,personne ne mérite ca,Suggérée,Tristesse,word,mérite,SitEmo
CyberAggAdo,personne ne mérite ca,Suggérée,Tristesse,word,ca,SitEmo
CyberAggAdo,allo le viol c'est pas une blague,Montrée,Colère,word,allo,SitEmo
CyberAggAdo,allo le viol c'est pas une blague,Montrée,Colère,word,viol,SitEmo
CyberAggAdo,allo le viol c'est pas une blague,Montrée,Colère,word,c'est,SitEmo
CyberAggAdo,allo le viol c'est pas une blague,Montrée,Colère,word,blague,SitEmo
CyberAggAdo,allo le viol c'est pas une blague,Montrée,Colère,punctuation,',SitEmo
CyberAggAdo,grosse bouffonne,Montrée,Colère,word,grosse,SitEmo
CyberAggAdo,grosse bouffonne,Montrée,Colère,word,bouffonne,SitEmo
CyberAggAdo,va falloir avoir des valeurs un peu là un minimum,Montrée,Colère,word,falloir,SitEmo
CyberAggAdo,va falloir avoir des valeurs un peu là un minimum,Montrée,Colère,word,valeurs,SitEmo
CyberAggAdo,va falloir avoir des valeurs un peu là un minimum,Montrée,Colère,word,peu,SitEmo
CyberAggAdo,va falloir avoir des valeurs un peu là un minimum,Montrée,Colère,word,minimum,SitEmo
CyberAggAdo,laissé la tranquille,Montrée,Colère,word,laissé,SitEmo
CyberAggAdo,laissé la tranquille,Montrée,Colère,word,tranquille,SitEmo
CyberAggAdo,elle a le droit d'aimer qui elle veut,Suggérée,Colère,word,droit,SitEmo
CyberAggAdo,elle a le droit d'aimer qui elle veut,Suggérée,Colère,word,d'aimer,SitEmo
CyberAggAdo,elle a le droit d'aimer qui elle veut,Suggérée,Colère,punctuation,',SitEmo
CyberAggAdo,c une blague,Montrée,Colère,word,blague,SitEmo
CyberAggAdo,c une blague,Montrée,Dégoût,word,blague,SitEmo
CyberAggAdo,mais grave,Montrée,Colère,word,grave,SitEmo
CyberAggAdo,que des traitres,Montrée,Colère,word,traitres,SitEmo
CyberAggAdo,que des traitres,Montrée,Dégoût,word,traitres,SitEmo
CyberAggAdo,"si vous ne disiez pas n'importe quoi aussi,  les gens seraient peut-êtr eun peu avec vous",Montrée,Colère,word,disiez,SitEmo
CyberAggAdo,"si vous ne disiez pas n'importe quoi aussi,  les gens seraient peut-êtr eun peu avec vous",Montrée,Colère,word,n'importe,SitEmo
CyberAggAdo,"si vous ne disiez pas n'importe quoi aussi,  les gens seraient peut-êtr eun peu avec vous",Montrée,Colère,word,gens,SitEmo
CyberAggAdo,"si vous ne disiez pas n'importe quoi aussi,  les gens seraient peut-êtr eun peu avec vous",Montrée,Colère,word,seraient,SitEmo
CyberAggAdo,"si vous ne disiez pas n'importe quoi aussi,  les gens seraient peut-êtr eun peu avec vous",Montrée,Colère,word,peut-êtr,SitEmo
CyberAggAdo,"si vous ne disiez pas n'importe quoi aussi,  les gens seraient peut-êtr eun peu avec vous",Montrée,Colère,word,eun,SitEmo
CyberAggAdo,"si vous ne disiez pas n'importe quoi aussi,  les gens seraient peut-êtr eun peu avec vous",Montrée,Colère,word,peu,SitEmo
CyberAggAdo,"si vous ne disiez pas n'importe quoi aussi,  les gens seraient peut-êtr eun peu avec vous",Montrée,Colère,punctuation,',SitEmo
CyberAggAdo,"si vous ne disiez pas n'importe quoi aussi,  les gens seraient peut-êtr eun peu avec vous",Montrée,Colère,punctuation,",",SitEmo
CyberAggAdo,"si vous ne disiez pas n'importe quoi aussi,  les gens seraient peut-êtr eun peu avec vous",Montrée,Colère,punctuation,-,SitEmo
CyberAggAdo,ptddddrrrrrrr,Montrée,Joie,word,ptddddrrrrrrr,SitEmo
CyberAggAdo,rien a foutre,Montrée,Colère,word,foutre,SitEmo
CyberAggAdo,rien a foutre,Montrée,Dégoût,word,foutre,SitEmo
CyberAggAdo,PAS DE GOUINE ICI,Montrée,Dégoût,word,gouine,SitEmo
CyberAggAdo,PAS DE GOUINE ICI,Montrée,Colère,word,gouine,SitEmo
CyberAggAdo,bande de crasseux,Montrée,Colère,word,bande,SitEmo
CyberAggAdo,bande de crasseux,Montrée,Dégoût,word,bande,SitEmo
CyberAggAdo,bande de crasseux,Montrée,Colère,word,crasseux,SitEmo
CyberAggAdo,bande de crasseux,Montrée,Dégoût,word,crasseux,SitEmo
CyberAggAdo,on va te degager de la classe,Comportementale,Colère,word,degager,SitEmo
CyberAggAdo,on va te degager de la classe,Comportementale,Colère,word,classe,SitEmo
CyberAggAdo,vous allez trop loin,Suggérée,Colère,word,loin,SitEmo
CyberAggAdo,vous méritez les deux connasses,Montrée,Colère,word,méritez,SitEmo
CyberAggAdo,vous méritez les deux connasses,Montrée,Colère,word,deux,SitEmo
CyberAggAdo,vous méritez les deux connasses,Montrée,Colère,word,connasses,SitEmo
CyberAggAdo,STOP LESBIENNES !!!!,Montrée,Colère,word,stop,SitEmo
CyberAggAdo,STOP LESBIENNES !!!!,Montrée,Dégoût,word,stop,SitEmo
CyberAggAdo,STOP LESBIENNES !!!!,Montrée,Colère,word,lesbiennes,SitEmo
CyberAggAdo,STOP LESBIENNES !!!!,Montrée,Dégoût,word,lesbiennes,SitEmo
CyberAggAdo,STOP LESBIENNES !!!!,Montrée,Colère,punctuation,!,SitEmo
CyberAggAdo,STOP LESBIENNES !!!!,Montrée,Dégoût,punctuation,!,SitEmo
CyberAggAdo,STOP LESBIENNES !!!!,Montrée,Colère,punctuation,!,SitEmo
CyberAggAdo,STOP LESBIENNES !!!!,Montrée,Dégoût,punctuation,!,SitEmo
CyberAggAdo,STOP LESBIENNES !!!!,Montrée,Colère,punctuation,!,SitEmo
CyberAggAdo,STOP LESBIENNES !!!!,Montrée,Dégoût,punctuation,!,SitEmo
CyberAggAdo,STOP LESBIENNES !!!!,Montrée,Colère,punctuation,!,SitEmo
CyberAggAdo,STOP LESBIENNES !!!!,Montrée,Dégoût,punctuation,!,SitEmo
CyberAggAdo,DEHORSSSSS,Montrée,Colère,word,dehorsssss,SitEmo
Albert_dataset,guerre; fait rage,Suggérée,Peur,word,guerre,SitEmo
Albert_dataset,guerre; fait rage,Suggérée,Peur,word,rage,SitEmo
Albert_dataset,guerre; fait rage,Suggérée,Peur,punctuation,;,SitEmo
Albert_dataset,rongée; guerre,Suggérée,Colère,word,rongée,SitEmo
Albert_dataset,rongée; guerre,Suggérée,Colère,word,guerre,SitEmo
Albert_dataset,rongée; guerre,Suggérée,Colère,punctuation,;,SitEmo
Albert_dataset,réclament,Comportementale,Colère,word,réclament,SitEmo
Albert_dataset,truquées,Suggérée,Colère,word,truquées,SitEmo
Albert_dataset,affrontés,Comportementale,Colère,word,affrontés,SitEmo
Albert_dataset,réclame,Comportementale,Colère,word,réclame,SitEmo
Albert_dataset,sans-abri,Suggérée,Tristesse,word,sans-abri,SitEmo
Albert_dataset,sans-abri,Suggérée,Tristesse,punctuation,-,SitEmo
Albert_dataset,détruites,Suggérée,Tristesse,word,détruites,SitEmo
Albert_dataset,redoute,Désignée,Peur,word,redoute,SitEmo
Albert_dataset,s'inquiète,Désignée,Peur,word,s'inquiète,SitEmo
Albert_dataset,s'inquiète,Désignée,Peur,punctuation,',SitEmo
Albert_dataset,craignent,Désignée,Peur,word,craignent,SitEmo
Albert_dataset,inquiétudes,Désignée,Peur,word,inquiétudes,SitEmo
Albert_dataset,danger,Suggérée,Peur,word,danger,SitEmo
Albert_dataset,mal intentionnées,Suggérée,Peur,word,intentionnées,SitEmo
Albert_dataset,dépendants,Suggérée,Peur,word,dépendants,SitEmo
Albert_dataset,les enfants qui possèdent un téléphone portable le sortent pendant les cours,Suggérée,Peur,word,enfants,SitEmo
Albert_dataset,les enfants qui possèdent un téléphone portable le sortent pendant les cours,Suggérée,Peur,word,possèdent,SitEmo
Albert_dataset,les enfants qui possèdent un téléphone portable le sortent pendant les cours,Suggérée,Peur,word,téléphone,SitEmo
Albert_dataset,les enfants qui possèdent un téléphone portable le sortent pendant les cours,Suggérée,Peur,word,portable,SitEmo
Albert_dataset,les enfants qui possèdent un téléphone portable le sortent pendant les cours,Suggérée,Peur,word,sortent,SitEmo
Albert_dataset,les enfants qui possèdent un téléphone portable le sortent pendant les cours,Suggérée,Peur,word,pendant,SitEmo
Albert_dataset,les enfants qui possèdent un téléphone portable le sortent pendant les cours,Suggérée,Peur,word,cours,SitEmo
Albert_dataset,colère,Désignée,Colère,word,colère,SitEmo
Albert_dataset,pas suffisamment cher,Suggérée,Colère,word,suffisamment,SitEmo
Albert_dataset,pas suffisamment cher,Suggérée,Colère,word,cher,SitEmo
Albert_dataset,protester,Comportementale,Colère,word,protester,SitEmo
Albert_dataset,pas acceptable,Suggérée,Colère,word,acceptable,SitEmo
Albert_dataset,ne pas être impliqué,Suggérée,Colère,word,impliqué,SitEmo
Albert_dataset,réclamer,Comportementale,Colère,word,réclamer,SitEmo
Albert_dataset,bloquant,Comportementale,Colère,word,bloquant,SitEmo
Albert_dataset,reprochaient,Comportementale,Colère,word,reprochaient,SitEmo
Albert_dataset,bloqué,Comportementale,Colère,word,bloqué,SitEmo
Albert_dataset,étonnante,Désignée,Surprise,word,étonnante,SitEmo
Albert_dataset,protesté,Comportementale,Colère,word,protesté,SitEmo
Albert_dataset,accusée,Suggérée,Colère,word,accusée,SitEmo
Albert_dataset,colère,Désignée,Colère,word,colère,SitEmo
Albert_dataset,jugé; ridicule,Suggérée,Colère,word,jugé,SitEmo
Albert_dataset,jugé; ridicule,Suggérée,Colère,word,ridicule,SitEmo
Albert_dataset,jugé; ridicule,Suggérée,Colère,punctuation,;,SitEmo
Albert_dataset,discriminer; terroristes,Suggérée,Colère,word,discriminer,SitEmo
Albert_dataset,discriminer; terroristes,Suggérée,Colère,word,terroristes,SitEmo
Albert_dataset,discriminer; terroristes,Suggérée,Colère,punctuation,;,SitEmo
Albert_dataset,dénoncent,Comportementale,Colère,word,dénoncent,SitEmo
Albert_dataset,s'inquiètent,Désignée,Peur,word,s'inquiètent,SitEmo
Albert_dataset,s'inquiètent,Désignée,Peur,punctuation,',SitEmo
Albert_dataset,guerre,Comportementale,Colère,word,guerre,SitEmo
Albert_dataset,manquer,Suggérée,Peur,word,manquer,SitEmo
Albert_dataset,guerre,Suggérée,Peur,word,guerre,SitEmo
Albert_dataset,admirable,Désignée,Admiration,word,admirable,SitEmo
Albert_dataset,exploit,Suggérée,Admiration,word,exploit,SitEmo
Albert_dataset,deuxième; exploit,Suggérée,Joie,word,deuxième,SitEmo
Albert_dataset,deuxième; exploit,Suggérée,Fierté,word,deuxième,SitEmo
Albert_dataset,deuxième; exploit,Suggérée,Joie,word,exploit,SitEmo
Albert_dataset,deuxième; exploit,Suggérée,Fierté,word,exploit,SitEmo
Albert_dataset,deuxième; exploit,Suggérée,Joie,punctuation,;,SitEmo
Albert_dataset,deuxième; exploit,Suggérée,Fierté,punctuation,;,SitEmo
Albert_dataset,fuir,Comportementale,Peur,word,fuir,SitEmo
Albert_dataset,inquiétant,Désignée,Peur,word,inquiétant,SitEmo
Albert_dataset,kidnappés,Suggérée,Peur,word,kidnappés,SitEmo
Albert_dataset,refuge,Comportementale,Peur,word,refuge,SitEmo
Albert_dataset,bombardées,Suggérée,Peur,word,bombardées,SitEmo
Albert_dataset,enlevés,Suggérée,Peur,word,enlevés,SitEmo
Albert_dataset,coqueluche,Désignée,Admiration,word,coqueluche,SitEmo
Albert_dataset,...,Montrée,Surprise,punctuation,…,SitEmo
Albert_dataset,!,Montrée,Surprise,punctuation,!,SitEmo
Albert_dataset,ravages,Suggérée,Tristesse,word,ravages,SitEmo
Albert_dataset,manifestent,Comportementale,Colère,word,manifestent,SitEmo
Albert_dataset,mécontentement,Désignée,Colère,word,mécontentement,SitEmo
Albert_dataset,contestation,Suggérée,Colère,word,contestation,SitEmo
Albert_dataset,rejoignent,Comportementale,Colère,word,rejoignent,SitEmo
Albert_dataset,grèves,Comportementale,Colère,word,grèves,SitEmo
Albert_dataset,réclamer,Comportementale,Colère,word,réclamer,SitEmo
Albert_dataset,grève,Comportementale,Colère,word,grève,SitEmo
Albert_dataset,fierté,Désignée,Fierté,word,fierté,SitEmo
Albert_dataset,victimes; harcèlement,Suggérée,Peur,word,victimes,SitEmo
Albert_dataset,victimes; harcèlement,Suggérée,Tristesse,word,victimes,SitEmo
Albert_dataset,victimes; harcèlement,Suggérée,Peur,word,harcèlement,SitEmo
Albert_dataset,victimes; harcèlement,Suggérée,Tristesse,word,harcèlement,SitEmo
Albert_dataset,victimes; harcèlement,Suggérée,Peur,punctuation,;,SitEmo
Albert_dataset,victimes; harcèlement,Suggérée,Tristesse,punctuation,;,SitEmo
Albert_dataset,accusé,Comportementale,Colère,word,accusé,SitEmo
Albert_dataset,influencé; fausses informations,Suggérée,Colère,word,influencé,SitEmo
Albert_dataset,influencé; fausses informations,Suggérée,Colère,word,fausses,SitEmo
Albert_dataset,influencé; fausses informations,Suggérée,Colère,word,informations,SitEmo
Albert_dataset,influencé; fausses informations,Suggérée,Colère,punctuation,;,SitEmo
Albert_dataset,victime; cyberharcèlement,Suggérée,Peur,word,victime,SitEmo
Albert_dataset,victime; cyberharcèlement,Suggérée,Tristesse,word,victime,SitEmo
Albert_dataset,victime; cyberharcèlement,Suggérée,Peur,word,cyberharcèlement,SitEmo
Albert_dataset,victime; cyberharcèlement,Suggérée,Tristesse,word,cyberharcèlement,SitEmo
Albert_dataset,victime; cyberharcèlement,Suggérée,Peur,punctuation,;,SitEmo
Albert_dataset,victime; cyberharcèlement,Suggérée,Tristesse,punctuation,;,SitEmo
Albert_dataset,catastrophiques,Suggérée,Peur,word,catastrophiques,SitEmo
Albert_dataset,déception,Désignée,Tristesse,word,déception,SitEmo
Albert_dataset,ne voulaient pas,Suggérée,Colère,word,voulaient,SitEmo
Albert_dataset,trop cher,Suggérée,Colère,word,cher,SitEmo
Albert_dataset,échec,Suggérée,Tristesse,word,échec,SitEmo
Albert_dataset,fête,Suggérée,Joie,word,fête,SitEmo
Albert_dataset,...,Montrée,Surprise,punctuation,…,SitEmo
Albert_dataset,enthousiasmante,Désignée,Joie,word,enthousiasmante,SitEmo
Albert_dataset,manifesté,Comportementale,Colère,word,manifesté,SitEmo
Albert_dataset,manifester,Comportementale,Colère,word,manifester,SitEmo
Albert_dataset,se rebeller,Comportementale,Colère,word,rebeller,SitEmo
Albert_dataset,réclamer,Comportementale,Colère,word,réclamer,SitEmo
Albert_dataset,dur,Suggérée,Colère,word,dur,SitEmo
Albert_dataset,échapper à la prison; corruption,Suggérée,Colère,word,échapper,SitEmo
Albert_dataset,échapper à la prison; corruption,Suggérée,Colère,word,prison,SitEmo
Albert_dataset,échapper à la prison; corruption,Suggérée,Colère,word,corruption,SitEmo
Albert_dataset,échapper à la prison; corruption,Suggérée,Colère,punctuation,;,SitEmo
Albert_dataset,reprochent,Comportementale,Colère,word,reprochent,SitEmo
Albert_dataset,fêter; victoire,Suggérée,Joie,word,fêter,SitEmo
Albert_dataset,fêter; victoire,Suggérée,Joie,word,victoire,SitEmo
Albert_dataset,fêter; victoire,Suggérée,Joie,punctuation,;,SitEmo
Albert_dataset,descendues,Comportementale,Joie,word,descendues,SitEmo
Albert_dataset,On pourrait croire qu'il s'agit d'un film comique,Montrée,Surprise,word,pourrait,SitEmo
Albert_dataset,On pourrait croire qu'il s'agit d'un film comique,Montrée,Surprise,word,croire,SitEmo
Albert_dataset,On pourrait croire qu'il s'agit d'un film comique,Montrée,Surprise,word,qu'il,SitEmo
Albert_dataset,On pourrait croire qu'il s'agit d'un film comique,Montrée,Surprise,word,s'agit,SitEmo
Albert_dataset,On pourrait croire qu'il s'agit d'un film comique,Montrée,Surprise,word,d'un,SitEmo
Albert_dataset,On pourrait croire qu'il s'agit d'un film comique,Montrée,Surprise,word,film,SitEmo
Albert_dataset,On pourrait croire qu'il s'agit d'un film comique,Montrée,Surprise,word,comique,SitEmo
Albert_dataset,On pourrait croire qu'il s'agit d'un film comique,Montrée,Surprise,punctuation,',SitEmo
Albert_dataset,On pourrait croire qu'il s'agit d'un film comique,Montrée,Surprise,punctuation,',SitEmo
Albert_dataset,On pourrait croire qu'il s'agit d'un film comique,Montrée,Surprise,punctuation,',SitEmo
Albert_dataset,...,Montrée,Surprise,punctuation,…,SitEmo
Albert_dataset,!,Montrée,Surprise,punctuation,!,SitEmo
Albert_dataset,effrayé,Désignée,Peur,word,effrayé,SitEmo
Albert_dataset,prendre la fuite,Comportementale,Peur,word,prendre,SitEmo
Albert_dataset,prendre la fuite,Comportementale,Peur,word,fuite,SitEmo
Albert_dataset,ri,Comportementale,Joie,word,ri,SitEmo
Albert_dataset,maladroit,Suggérée,Embarras,word,maladroit,SitEmo
Albert_dataset,remporté le titre,Suggérée,Joie,word,remporté,SitEmo
Albert_dataset,remporté le titre,Suggérée,Joie,word,titre,SitEmo
Albert_dataset,gagné,Suggérée,Joie,word,gagné,SitEmo
Albert_dataset,percuté,Suggérée,Peur,word,percuté,SitEmo
Albert_dataset,percuté,Suggérée,Surprise,word,percuté,SitEmo
Albert_dataset,effondrée,Suggérée,Peur,word,effondrée,SitEmo
Albert_dataset,effondrée,Suggérée,Surprise,word,effondrée,SitEmo
Albert_dataset,s'animent; carnaval,Suggérée,Joie,word,s'animent,SitEmo
Albert_dataset,s'animent; carnaval,Suggérée,Joie,word,carnaval,SitEmo
Albert_dataset,s'animent; carnaval,Suggérée,Joie,punctuation,',SitEmo
Albert_dataset,s'animent; carnaval,Suggérée,Joie,punctuation,;,SitEmo
Albert_dataset,insolite,Désignée,Surprise,word,insolite,SitEmo
Albert_dataset,accusé,Comportementale,Colère,word,accusé,SitEmo
Albert_dataset,fausses informations,Suggérée,Colère,word,fausses,SitEmo
Albert_dataset,fausses informations,Suggérée,Colère,word,informations,SitEmo
Albert_dataset,rire,Comportementale,Joie,word,rire,SitEmo
Albert_dataset,inquiète,Désignée,Peur,word,inquiète,SitEmo
Albert_dataset,peur,Désignée,Peur,word,peur,SitEmo
Albert_dataset,honneurs,Comportementale,Admiration,word,honneurs,SitEmo
Albert_dataset,fait face; sécheresse; pénurie d'eau,Suggérée,Peur,word,face,SitEmo
Albert_dataset,fait face; sécheresse; pénurie d'eau,Suggérée,Peur,word,sécheresse,SitEmo
Albert_dataset,fait face; sécheresse; pénurie d'eau,Suggérée,Peur,word,pénurie,SitEmo
Albert_dataset,fait face; sécheresse; pénurie d'eau,Suggérée,Peur,word,d'eau,SitEmo
Albert_dataset,fait face; sécheresse; pénurie d'eau,Suggérée,Peur,punctuation,;,SitEmo
Albert_dataset,fait face; sécheresse; pénurie d'eau,Suggérée,Peur,punctuation,;,SitEmo
Albert_dataset,fait face; sécheresse; pénurie d'eau,Suggérée,Peur,punctuation,',SitEmo
Albert_dataset,fuir,Comportementale,Peur,word,fuir,SitEmo
Albert_dataset,trouver refuge,Suggérée,Peur,word,trouver,SitEmo
Albert_dataset,trouver refuge,Suggérée,Peur,word,refuge,SitEmo
Albert_dataset,crise,Suggérée,Colère,word,crise,SitEmo
Albert_dataset,crise,Suggérée,Tristesse,word,crise,SitEmo
Albert_dataset,souffrir,Suggérée,Peur,word,souffrir,SitEmo
Albert_dataset,famine,Suggérée,Peur,word,famine,SitEmo
Albert_dataset,quitté le pays,Comportementale,Peur,word,quitté,SitEmo
Albert_dataset,quitté le pays,Comportementale,Peur,word,pays,SitEmo
Albert_dataset,accuse,Comportementale,Colère,word,accuse,SitEmo
Albert_dataset,immoralité,Suggérée,Colère,word,immoralité,SitEmo
Albert_dataset,se disputeront,Comportementale,Colère,word,disputeront,SitEmo
Albert_dataset,forcé,Suggérée,Colère,word,forcé,SitEmo
Albert_dataset,accuse,Comportementale,Colère,word,accuse,SitEmo
Albert_dataset,accusé,Comportementale,Colère,word,accusé,SitEmo
Albert_dataset,escroqués,Suggérée,Colère,word,escroqués,SitEmo
Albert_dataset,furieux,Désignée,Colère,word,furieux,SitEmo
Albert_dataset,choqué,Désignée,Surprise,word,choqué,SitEmo
Albert_dataset,truqué,Suggérée,Colère,word,truqué,SitEmo
Albert_dataset,falsifier,Suggérée,Colère,word,falsifier,SitEmo
Albert_dataset,dément,Comportementale,Colère,word,dément,SitEmo
Albert_dataset,reproche,Comportementale,Colère,word,reproche,SitEmo
Albert_dataset,particulières,Désignée,Surprise,word,particulières,SitEmo
Albert_dataset,explosion,Suggérée,Peur,word,explosion,SitEmo
Albert_dataset,explosion,Suggérée,Surprise,word,explosion,SitEmo
Albert_dataset,...,Montrée,Surprise,punctuation,…,SitEmo
Albert_dataset,!,Montrée,Surprise,punctuation,!,SitEmo
Albert_dataset,performance,Suggérée,Admiration,word,performance,SitEmo
Albert_dataset,imposé,Suggérée,Fierté,word,imposé,SitEmo
Albert_dataset,imposé,Suggérée,Joie,word,imposé,SitEmo
Albert_dataset,n'a pas réussi,Suggérée,Tristesse,word,n'a,SitEmo
Albert_dataset,n'a pas réussi,Suggérée,Tristesse,word,réussi,SitEmo
Albert_dataset,n'a pas réussi,Suggérée,Tristesse,punctuation,',SitEmo
Albert_dataset,...,Montrée,Surprise,punctuation,…,SitEmo
Albert_dataset,...,Montrée,Surprise,punctuation,…,SitEmo
Albert_dataset,révolte,Comportementale,Colère,word,révolte,SitEmo
Albert_dataset,revendications,Comportementale,Colère,word,revendications,SitEmo
Albert_dataset,surprise,Désignée,Surprise,word,surprise,SitEmo
Albert_dataset,victoire,Suggérée,Joie,word,victoire,SitEmo
Albert_dataset,victoire,Suggérée,Joie,word,victoire,SitEmo
Albert_dataset,s'étonne,Désignée,Surprise,word,s'étonne,SitEmo
Albert_dataset,s'étonne,Désignée,Surprise,punctuation,',SitEmo
Albert_dataset,tendues,Suggérée,Colère,word,tendues,SitEmo
Albert_dataset,accusés,Comportementale,Colère,word,accusés,SitEmo
Albert_dataset,détourné de l'argent,Suggérée,Colère,word,détourné,SitEmo
Albert_dataset,détourné de l'argent,Suggérée,Colère,word,l'argent,SitEmo
Albert_dataset,détourné de l'argent,Suggérée,Colère,punctuation,',SitEmo
Albert_dataset,malhonnêtes; volé,Suggérée,Colère,word,malhonnêtes,SitEmo
Albert_dataset,malhonnêtes; volé,Suggérée,Colère,word,volé,SitEmo
Albert_dataset,malhonnêtes; volé,Suggérée,Colère,punctuation,;,SitEmo
Albert_dataset,nuire,Suggérée,Colère,word,nuire,SitEmo
Albert_dataset,accusations,Comportementale,Colère,word,accusations,SitEmo
Albert_dataset,accusés,Comportementale,Colère,word,accusés,SitEmo
Albert_dataset,déclaré moins,Suggérée,Colère,word,déclaré,SitEmo
Albert_dataset,reproché,Comportementale,Colère,word,reproché,SitEmo
Albert_dataset,accusent,Comportementale,Colère,word,accusent,SitEmo
Albert_dataset,drôles,Suggérée,Surprise,word,drôles,SitEmo
Albert_dataset,n'étaient pas d'accord,Suggérée,Colère,word,n'étaient,SitEmo
Albert_dataset,n'étaient pas d'accord,Suggérée,Colère,word,d'accord,SitEmo
Albert_dataset,n'étaient pas d'accord,Suggérée,Colère,punctuation,',SitEmo
Albert_dataset,n'étaient pas d'accord,Suggérée,Colère,punctuation,',SitEmo
Albert_dataset,décidé de renvoyer,Suggérée,Colère,word,décidé,SitEmo
Albert_dataset,décidé de renvoyer,Suggérée,Colère,word,renvoyer,SitEmo
Albert_dataset,conflit,Désignée,Colère,word,conflit,SitEmo
Albert_dataset,colère,Désignée,Colère,word,colère,SitEmo
Albert_dataset,manifestation,Comportementale,Colère,word,manifestation,SitEmo
Albert_dataset,contrôler,Suggérée,Colère,word,contrôler,SitEmo
Albert_dataset,corruption,Suggérée,Colère,word,corruption,SitEmo
Albert_dataset,accusait,Comportementale,Colère,word,accusait,SitEmo
Albert_dataset,accusent,Comportementale,Colère,word,accusent,SitEmo
Albert_dataset,...,Montrée,Surprise,punctuation,…,SitEmo
Albert_dataset,!,Montrée,Surprise,punctuation,!,SitEmo
Albert_dataset,curieuse,Désignée,Surprise,word,curieuse,SitEmo
Albert_dataset,inquiète,Désignée,Peur,word,inquiète,SitEmo
Albert_dataset,menaçant,Désignée,Peur,word,menaçant,SitEmo
Albert_dataset,n’entend pas se laisser faire,Suggérée,Colère,word,entend,SitEmo
Albert_dataset,n’entend pas se laisser faire,Suggérée,Colère,word,laisser,SitEmo
Albert_dataset,menacé,Désignée,Peur,word,menacé,SitEmo
Albert_dataset,guerre nucléaire,Suggérée,Peur,word,guerre,SitEmo
Albert_dataset,guerre nucléaire,Suggérée,Peur,word,nucléaire,SitEmo
Albert_dataset,menacé,Comportementale,Colère,word,menacé,SitEmo
Albert_dataset,redoutent,Désignée,Peur,word,redoutent,SitEmo
Albert_dataset,record,Suggérée,Fierté,word,record,SitEmo
Albert_dataset,record,Suggérée,Joie,word,record,SitEmo
Albert_dataset,grève,Comportementale,Colère,word,grève,SitEmo
Albert_dataset,manifesté contre,Comportementale,Colère,word,manifesté,SitEmo
Albert_dataset,manifesté contre,Comportementale,Colère,word,contre,SitEmo
Albert_dataset,dénonçant,Suggérée,Colère,word,dénonçant,SitEmo
Albert_dataset,colère,Désignée,Colère,word,colère,SitEmo
Albert_dataset,mécontents,Désignée,Colère,word,mécontents,SitEmo
Albert_dataset,protester,Comportementale,Colère,word,protester,SitEmo
Albert_dataset,soulevés contre,Comportementale,Colère,word,soulevés,SitEmo
Albert_dataset,soulevés contre,Comportementale,Colère,word,contre,SitEmo
Albert_dataset,trop élevés,Suggérée,Colère,word,élevés,SitEmo
Albert_dataset,ne pas se préoccuper,Suggérée,Colère,word,préoccuper,SitEmo
Albert_dataset,réclamaient,Comportementale,Colère,word,réclamaient,SitEmo
Albert_dataset,lassée,Désignée,Dégoût,word,lassée,SitEmo
Albert_dataset,grèves,Comportementale,Colère,word,grèves,SitEmo
Albert_dataset,négociations,Comportementale,Colère,word,négociations,SitEmo
Albert_dataset,bloquer,Comportementale,Colère,word,bloquer,SitEmo
Albert_dataset,grève,Comportementale,Colère,word,grève,SitEmo
Albert_dataset,gain de cause,Suggérée,Joie,word,gain,SitEmo
Albert_dataset,gain de cause,Suggérée,Joie,word,cause,SitEmo
Albert_dataset,colère,Désignée,Colère,word,colère,SitEmo
Albert_dataset,accusait,Comportementale,Colère,word,accusait,SitEmo
Albert_dataset,installé des barrages,Comportementale,Colère,word,installé,SitEmo
Albert_dataset,installé des barrages,Comportementale,Colère,word,barrages,SitEmo
Albert_dataset,protesté,Comportementale,Colère,word,protesté,SitEmo
Albert_dataset,surprenante,Désignée,Surprise,word,surprenante,SitEmo
Albert_dataset,!,Montrée,Surprise,punctuation,!,SitEmo
Albert_dataset,ravir,Désignée,Joie,word,ravir,SitEmo
Albert_dataset,passionnée,Suggérée,Admiration,word,passionnée,SitEmo
Albert_dataset,...,Montrée,Surprise,punctuation,…,SitEmo
Albert_dataset,!,Montrée,Surprise,punctuation,!,SitEmo
Albert_dataset,désespéré,Montrée,Colère,word,désespéré,SitEmo
Albert_dataset,juste,Montrée,Colère,word,juste,SitEmo
Albert_dataset,rétorqué,Comportementale,Colère,word,rétorqué,SitEmo
Albert_dataset,découvre,Suggérée,Surprise,word,découvre,SitEmo
Albert_dataset,désespéré,Désignée,Tristesse,word,désespéré,SitEmo
Albert_dataset,offre,Suggérée,Joie,word,offre,SitEmo
Albert_dataset,charmé; cadeau,Suggérée,Joie,word,charmé,SitEmo
Albert_dataset,charmé; cadeau,Suggérée,Joie,word,cadeau,SitEmo
Albert_dataset,charmé; cadeau,Suggérée,Joie,punctuation,;,SitEmo
Albert_dataset,torturaient,Suggérée,Colère,word,torturaient,SitEmo
Albert_dataset,manifestations,Comportementale,Colère,word,manifestations,SitEmo
Albert_dataset,joviales,Désignée,Joie,word,joviales,SitEmo
Albert_dataset,choqué,Suggérée,Colère,word,choqué,SitEmo
Albert_dataset,choqué,Suggérée,Surprise,word,choqué,SitEmo
Albert_dataset,inégalités; injustices,Suggérée,Colère,word,inégalités,SitEmo
Albert_dataset,inégalités; injustices,Suggérée,Colère,word,injustices,SitEmo
Albert_dataset,inégalités; injustices,Suggérée,Colère,punctuation,;,SitEmo
Albert_dataset,hommage,Comportementale,Admiration,word,hommage,SitEmo
Albert_dataset,fêter,Suggérée,Surprise,word,fêter,SitEmo
Albert_dataset,!,Montrée,Surprise,punctuation,!,SitEmo
Albert_dataset,originale,Désignée,Surprise,word,originale,SitEmo
Albert_dataset,amusante,Désignée,Joie,word,amusante,SitEmo
Albert_dataset,...,Montrée,Surprise,punctuation,…,SitEmo
Albert_dataset,descendus,Suggérée,Colère,word,descendus,SitEmo
Albert_dataset,manifestations,Comportementale,Colère,word,manifestations,SitEmo
Albert_dataset,rappelé à l'ordre,Comportementale,Colère,word,rappelé,SitEmo
Albert_dataset,rappelé à l'ordre,Comportementale,Colère,word,l'ordre,SitEmo
Albert_dataset,rappelé à l'ordre,Comportementale,Colère,punctuation,',SitEmo
Albert_dataset,menace,Comportementale,Colère,word,menace,SitEmo
Albert_dataset,menace,Suggérée,Peur,word,menace,SitEmo
Albert_dataset,méfiance,Désignée,Peur,word,méfiance,SitEmo
Albert_dataset,menaces,Désignée,Peur,word,menaces,SitEmo
Albert_dataset,mentir,Suggérée,Colère,word,mentir,SitEmo
Albert_dataset,plaisent,Désignée,Joie,word,plaisent,SitEmo
Albert_dataset,ont accusé,Comportementale,Colère,word,accusé,SitEmo
Albert_dataset,fâché,Désignée,Colère,word,fâché,SitEmo
Albert_dataset,pas supporté,Suggérée,Colère,word,supporté,SitEmo
Albert_dataset,hué,Comportementale,Colère,word,hué,SitEmo
Albert_dataset,doigt d'honneur,Comportementale,Colère,word,doigt,SitEmo
Albert_dataset,doigt d'honneur,Comportementale,Colère,word,d'honneur,SitEmo
Albert_dataset,doigt d'honneur,Comportementale,Colère,punctuation,',SitEmo
Albert_dataset,"si vous ne m’aimez pas, je ne vous aime pas non plus !",Montrée,Colère,word,aimez,SitEmo
Albert_dataset,"si vous ne m’aimez pas, je ne vous aime pas non plus !",Montrée,Colère,word,aime,SitEmo
Albert_dataset,"si vous ne m’aimez pas, je ne vous aime pas non plus !",Montrée,Colère,punctuation,",",SitEmo
Albert_dataset,"si vous ne m’aimez pas, je ne vous aime pas non plus !",Montrée,Colère,punctuation,!,SitEmo
Albert_dataset,!,Montrée,Colère,punctuation,!,SitEmo
Albert_dataset,hué,Comportementale,Colère,word,hué,SitEmo
Albert_dataset,favorisé,Suggérée,Colère,word,favorisé,SitEmo
Albert_dataset,accusés,Comportementale,Colère,word,accusés,SitEmo
Albert_dataset,!,Montrée,Surprise,punctuation,!,SitEmo
Albert_dataset,s'amuser,Comportementale,Joie,word,s'amuser,SitEmo
Albert_dataset,s'amuser,Comportementale,Joie,punctuation,',SitEmo
Albert_dataset,plaisanterie,Suggérée,Joie,word,plaisanterie,SitEmo
Albert_dataset,surprise,Désignée,Surprise,word,surprise,SitEmo
Albert_dataset,découvert,Suggérée,Surprise,word,découvert,SitEmo
Albert_dataset,manifestent,Comportementale,Colère,word,manifestent,SitEmo
Albert_dataset,accusent,Comportementale,Peur,word,accusent,SitEmo
Albert_dataset,mécontentements,Désignée,Colère,word,mécontentements,SitEmo
Albert_dataset,coup d'État,Suggérée,Colère,word,coup,SitEmo
Albert_dataset,coup d'État,Suggérée,Colère,word,d'état,SitEmo
Albert_dataset,coup d'État,Suggérée,Colère,punctuation,',SitEmo
Albert_dataset,manifestations,Comportementale,Colère,word,manifestations,SitEmo
Albert_dataset,protestations,Comportementale,Colère,word,protestations,SitEmo
Albert_dataset,surprise,Désignée,Surprise,word,surprise,SitEmo
Albert_dataset,surprise,Désignée,Surprise,word,surprise,SitEmo
Albert_dataset,mobilisés; manifestations,Comportementale,Colère,word,mobilisés,SitEmo
Albert_dataset,mobilisés; manifestations,Comportementale,Colère,word,manifestations,SitEmo
Albert_dataset,mobilisés; manifestations,Comportementale,Colère,punctuation,;,SitEmo
Albert_dataset,ravi,Désignée,Joie,word,ravi,SitEmo
Albert_dataset,...,Montrée,Surprise,punctuation,…,SitEmo
Albert_dataset,!,Montrée,Surprise,punctuation,!,SitEmo
Albert_dataset,content,Désignée,Joie,word,content,SitEmo
Albert_dataset,hors norme,Suggérée,Surprise,word,hors,SitEmo
Albert_dataset,hors norme,Suggérée,Surprise,word,norme,SitEmo
Albert_dataset,!,Montrée,Surprise,punctuation,!,SitEmo
Albert_dataset,plaisir,Désignée,Joie,word,plaisir,SitEmo
Albert_dataset,découverte,Suggérée,Surprise,word,découverte,SitEmo
Albert_dataset,découvert,Suggérée,Surprise,word,découvert,SitEmo
Albert_dataset,ravagé; guerre,Suggérée,Tristesse,word,ravagé,SitEmo
Albert_dataset,ravagé; guerre,Suggérée,Tristesse,word,guerre,SitEmo
Albert_dataset,ravagé; guerre,Suggérée,Tristesse,punctuation,;,SitEmo
Albert_dataset,réclamaient,Comportementale,Colère,word,réclamaient,SitEmo
Albert_dataset,affolé,Désignée,Peur,word,affolé,SitEmo
Albert_dataset,piratés; volées,Suggérée,Peur,word,piratés,SitEmo
Albert_dataset,piratés; volées,Suggérée,Peur,word,volées,SitEmo
Albert_dataset,piratés; volées,Suggérée,Peur,punctuation,;,SitEmo
Albert_dataset,panique,Désignée,Peur,word,panique,SitEmo
Albert_dataset,panique,Désignée,Peur,word,panique,SitEmo
Albert_dataset,...,Montrée,Surprise,punctuation,…,SitEmo
Albert_dataset,ne plaît pas,Suggérée,Colère,word,plaît,SitEmo
Albert_dataset,humiliante,Désignée,Embarras,word,humiliante,SitEmo
Albert_dataset,humiliante,Désignée,Embarras,word,humiliante,SitEmo
Albert_dataset,inquiète,Désignée,Peur,word,inquiète,SitEmo
Albert_dataset,admirée,Désignée,Admiration,word,admirée,SitEmo
Albert_dataset,inquiète,Désignée,Peur,word,inquiète,SitEmo
Albert_dataset,injuste,Montrée,Colère,word,injuste,SitEmo
Albert_dataset,désapprouvent,Suggérée,Colère,word,désapprouvent,SitEmo
Albert_dataset,injuste,Montrée,Colère,word,injuste,SitEmo
Albert_dataset,!,Montrée,Surprise,punctuation,!,SitEmo
Albert_dataset,fuient,Comportementale,Peur,word,fuient,SitEmo
Albert_dataset,en danger,Suggérée,Peur,word,danger,SitEmo
Albert_dataset,attristant,Désignée,Tristesse,word,attristant,SitEmo
Albert_dataset,trouver refuge,Comportementale,Peur,word,trouver,SitEmo
Albert_dataset,trouver refuge,Comportementale,Peur,word,refuge,SitEmo
Albert_dataset,danger de mort; persécutée,Suggérée,Peur,word,danger,SitEmo
Albert_dataset,danger de mort; persécutée,Suggérée,Peur,word,mort,SitEmo
Albert_dataset,danger de mort; persécutée,Suggérée,Peur,word,persécutée,SitEmo
Albert_dataset,danger de mort; persécutée,Suggérée,Peur,punctuation,;,SitEmo
Albert_dataset,quitter,Comportementale,Peur,word,quitter,SitEmo
Albert_dataset,danger,Désignée,Peur,word,danger,SitEmo
Albert_dataset,guerre; rage,Suggérée,Peur,word,guerre,SitEmo
Albert_dataset,guerre; rage,Suggérée,Peur,word,rage,SitEmo
Albert_dataset,guerre; rage,Suggérée,Peur,punctuation,;,SitEmo
Albert_dataset,menace,Désignée,Peur,word,menace,SitEmo
Albert_dataset,persécutée,Suggérée,Peur,word,persécutée,SitEmo
Albert_dataset,terrorisme,Suggérée,Peur,word,terrorisme,SitEmo
Albert_dataset,sécheresse,Suggérée,Peur,word,sécheresse,SitEmo
Albert_dataset,famines,Suggérée,Peur,word,famines,SitEmo
Albert_dataset,...,Montrée,Surprise,punctuation,…,SitEmo
Albert_dataset,!,Montrée,Surprise,punctuation,!,SitEmo
Albert_dataset,chanceux,Désignée,Joie,word,chanceux,SitEmo
Albert_dataset,lettre d'amour,Suggérée,Joie,word,lettre,SitEmo
Albert_dataset,lettre d'amour,Suggérée,Joie,word,d'amour,SitEmo
Albert_dataset,lettre d'amour,Suggérée,Joie,punctuation,',SitEmo
Albert_dataset,surprise,Désignée,Surprise,word,surprise,SitEmo
Albert_dataset,!,Montrée,Surprise,punctuation,!,SitEmo
Albert_dataset,fuir,Désignée,Peur,word,fuir,SitEmo
Albert_dataset,ravagées,Suggérée,Tristesse,word,ravagées,SitEmo
Albert_dataset,mécontentements,Désignée,Colère,word,mécontentements,SitEmo
Albert_dataset,se soulève,Comportementale,Colère,word,soulève,SitEmo
Albert_dataset,mécontents,Désignée,Colère,word,mécontents,SitEmo
Albert_dataset,se soulève,Comportementale,Colère,word,soulève,SitEmo
Albert_dataset,manifestations,Comportementale,Colère,word,manifestations,SitEmo
Albert_dataset,incendiés,Comportementale,Colère,word,incendiés,SitEmo
Albert_dataset,pillées,Comportementale,Colère,word,pillées,SitEmo
Albert_dataset,mettent en place des trachées et des barricades dans les rues de Paris,Comportementale,Colère,word,mettent,SitEmo
Albert_dataset,mettent en place des trachées et des barricades dans les rues de Paris,Comportementale,Colère,word,place,SitEmo
Albert_dataset,mettent en place des trachées et des barricades dans les rues de Paris,Comportementale,Colère,word,trachées,SitEmo
Albert_dataset,mettent en place des trachées et des barricades dans les rues de Paris,Comportementale,Colère,word,barricades,SitEmo
Albert_dataset,mettent en place des trachées et des barricades dans les rues de Paris,Comportementale,Colère,word,rues,SitEmo
Albert_dataset,mettent en place des trachées et des barricades dans les rues de Paris,Comportementale,Colère,word,paris,SitEmo
Albert_dataset,craint,Désignée,Peur,word,craint,SitEmo
Albert_dataset,révolte,Comportementale,Colère,word,révolte,SitEmo
Albert_dataset,révolte,Suggérée,Peur,word,révolte,SitEmo
Albert_dataset,!,Montrée,Joie,punctuation,!,SitEmo
Albert_dataset,...,Montrée,Surprise,punctuation,…,SitEmo
Albert_dataset,!,Montrée,Surprise,punctuation,!,SitEmo
Albert_dataset,s'amuse,Comportementale,Joie,word,s'amuse,SitEmo
Albert_dataset,s'amuse,Comportementale,Joie,punctuation,',SitEmo
Albert_dataset,oppose,Comportementale,Colère,word,oppose,SitEmo
Albert_dataset,fan,Désignée,Admiration,word,fan,SitEmo
Albert_dataset,fan,Désignée,Admiration,word,fan,SitEmo
Albert_dataset,...,Montrée,Surprise,punctuation,…,SitEmo
Albert_dataset,...,Montrée,Surprise,punctuation,…,SitEmo
Albert_dataset,!,Montrée,Surprise,punctuation,!,SitEmo
Albert_dataset,hantée,Suggérée,Peur,word,hantée,SitEmo
Albert_dataset,quitté,Comportementale,Peur,word,quitté,SitEmo
Albert_dataset,étonnante,Désignée,Surprise,word,étonnante,SitEmo
Albert_dataset,...,Montrée,Surprise,punctuation,…,SitEmo
Albert_dataset,drôle,Suggérée,Surprise,word,drôle,SitEmo
Albert_dataset,mourir,Suggérée,Tristesse,word,mourir,SitEmo
Albert_dataset,!,Montrée,Joie,punctuation,!,SitEmo
Albert_dataset,!,Montrée,Surprise,punctuation,!,SitEmo
Albert_dataset,offert; préférés,Suggérée,Joie,word,offert,SitEmo
Albert_dataset,offert; préférés,Suggérée,Joie,word,préférés,SitEmo
Albert_dataset,offert; préférés,Suggérée,Joie,punctuation,;,SitEmo
Albert_dataset,fâchés,Désignée,Colère,word,fâchés,SitEmo
Albert_dataset,inquiétude,Désignée,Peur,word,inquiétude,SitEmo
Albert_dataset,menacer,Suggérée,Peur,word,menacer,SitEmo
Albert_dataset,désaccord,Suggérée,Colère,word,désaccord,SitEmo
Albert_dataset,inquiète,Désignée,Peur,word,inquiète,SitEmo
Albert_dataset,menacé; sanctions,Comportementale,Colère,word,menacé,SitEmo
Albert_dataset,menacé; sanctions,Comportementale,Colère,word,sanctions,SitEmo
Albert_dataset,menacé; sanctions,Comportementale,Colère,punctuation,;,SitEmo
Albert_dataset,drôle,Suggérée,Surprise,word,drôle,SitEmo
Albert_dataset,s'amusent,Comportementale,Joie,word,s'amusent,SitEmo
Albert_dataset,s'amusent,Comportementale,Joie,punctuation,',SitEmo
Albert_dataset,tué,Suggérée,Peur,word,tué,SitEmo
Albert_dataset,accusent,Comportementale,Colère,word,accusent,SitEmo
Albert_dataset,largué; rompu,Suggérée,Colère,word,largué,SitEmo
Albert_dataset,largué; rompu,Suggérée,Colère,word,rompu,SitEmo
Albert_dataset,largué; rompu,Suggérée,Colère,punctuation,;,SitEmo
Albert_dataset,touché des camions qui apportaient de l’aide humanitaire,Suggérée,Peur,word,touché,SitEmo
Albert_dataset,touché des camions qui apportaient de l’aide humanitaire,Suggérée,Peur,word,camions,SitEmo
Albert_dataset,touché des camions qui apportaient de l’aide humanitaire,Suggérée,Peur,word,apportaient,SitEmo
Albert_dataset,touché des camions qui apportaient de l’aide humanitaire,Suggérée,Peur,word,aide,SitEmo
Albert_dataset,touché des camions qui apportaient de l’aide humanitaire,Suggérée,Peur,word,humanitaire,SitEmo
Albert_dataset,!,Montrée,Surprise,punctuation,!,SitEmo
Albert_dataset,...,Montrée,Surprise,punctuation,…,SitEmo
Albert_dataset,...,Montrée,Surprise,punctuation,…,SitEmo
Albert_dataset,victimes; injustices,Suggérée,Colère,word,victimes,SitEmo
Albert_dataset,victimes; injustices,Suggérée,Colère,word,injustices,SitEmo
Albert_dataset,victimes; injustices,Suggérée,Colère,punctuation,;,SitEmo
Albert_dataset,humiliations,Désignée,Embarras,word,humiliations,SitEmo
Albert_dataset,humiliations,Désignée,Embarras,word,humiliations,SitEmo
Albert_dataset,qui n'a rien des,Montrée,Surprise,word,n'a,SitEmo
Albert_dataset,qui n'a rien des,Montrée,Surprise,punctuation,',SitEmo
Albert_dataset,exploit,Suggérée,Admiration,word,exploit,SitEmo
Albert_dataset,pourchassent,Suggérée,Peur,word,pourchassent,SitEmo
Albert_dataset,il se trouve qu,Montrée,Surprise,word,trouve,SitEmo
Albert_dataset,impressionant,Désignée,Surprise,word,impressionant,SitEmo
Albert_dataset,l'image que nous nous en faisons,Montrée,Surprise,word,l'image,SitEmo
Albert_dataset,l'image que nous nous en faisons,Montrée,Surprise,punctuation,',SitEmo
Albert_dataset,ce n'est pas toujours le cas,Suggérée,Surprise,word,n'est,SitEmo
Albert_dataset,ce n'est pas toujours le cas,Suggérée,Surprise,word,cas,SitEmo
Albert_dataset,ce n'est pas toujours le cas,Suggérée,Surprise,punctuation,',SitEmo
Albert_dataset,loin d,Montrée,Surprise,word,loin,SitEmo
Albert_dataset,!,Montrée,Surprise,punctuation,!,SitEmo
Albert_dataset,surgi,Suggérée,Surprise,word,surgi,SitEmo
Albert_dataset,drôle,Suggérée,Surprise,word,drôle,SitEmo
Albert_dataset,idole,Suggérée,Admiration,word,idole,SitEmo
Albert_dataset,expulser,Comportementale,Colère,word,expulser,SitEmo
Albert_dataset,remporté,Suggérée,Joie,word,remporté,SitEmo
Albert_dataset,remporté,Suggérée,Fierté,word,remporté,SitEmo
Albert_dataset,remporté; médaille d'or,Suggérée,Joie,word,remporté,SitEmo
Albert_dataset,remporté; médaille d'or,Suggérée,Fierté,word,remporté,SitEmo
Albert_dataset,remporté; médaille d'or,Suggérée,Joie,word,médaille,SitEmo
Albert_dataset,remporté; médaille d'or,Suggérée,Fierté,word,médaille,SitEmo
Albert_dataset,remporté; médaille d'or,Suggérée,Joie,word,d'or,SitEmo
Albert_dataset,remporté; médaille d'or,Suggérée,Fierté,word,d'or,SitEmo
Albert_dataset,remporté; médaille d'or,Suggérée,Joie,punctuation,;,SitEmo
Albert_dataset,remporté; médaille d'or,Suggérée,Fierté,punctuation,;,SitEmo
Albert_dataset,remporté; médaille d'or,Suggérée,Joie,punctuation,',SitEmo
Albert_dataset,remporté; médaille d'or,Suggérée,Fierté,punctuation,',SitEmo
Albert_dataset,remporté; médailles d'or,Suggérée,Joie,word,remporté,SitEmo
Albert_dataset,remporté; médailles d'or,Suggérée,Fierté,word,remporté,SitEmo
Albert_dataset,remporté; médailles d'or,Suggérée,Joie,word,médailles,SitEmo
Albert_dataset,remporté; médailles d'or,Suggérée,Fierté,word,médailles,SitEmo
Albert_dataset,remporté; médailles d'or,Suggérée,Joie,word,d'or,SitEmo
Albert_dataset,remporté; médailles d'or,Suggérée,Fierté,word,d'or,SitEmo
Albert_dataset,remporté; médailles d'or,Suggérée,Joie,punctuation,;,SitEmo
Albert_dataset,remporté; médailles d'or,Suggérée,Fierté,punctuation,;,SitEmo
Albert_dataset,remporté; médailles d'or,Suggérée,Joie,punctuation,',SitEmo
Albert_dataset,remporté; médailles d'or,Suggérée,Fierté,punctuation,',SitEmo
Albert_dataset,exploits,Suggérée,Fierté,word,exploits,SitEmo
Albert_dataset,exploits,Suggérée,Joie,word,exploits,SitEmo
Albert_dataset,exploits,Suggérée,Admiration,word,exploits,SitEmo
Albert_dataset,explosé,Montrée,Admiration,word,explosé,SitEmo
Albert_dataset,explosé; records,Suggérée,Joie,word,explosé,SitEmo
Albert_dataset,explosé; records,Suggérée,Fierté,word,explosé,SitEmo
Albert_dataset,explosé; records,Suggérée,Joie,word,records,SitEmo
Albert_dataset,explosé; records,Suggérée,Fierté,word,records,SitEmo
Albert_dataset,explosé; records,Suggérée,Joie,punctuation,;,SitEmo
Albert_dataset,explosé; records,Suggérée,Fierté,punctuation,;,SitEmo
Albert_dataset,battu le record du monde,Suggérée,Joie,word,battu,SitEmo
Albert_dataset,battu le record du monde,Suggérée,Fierté,word,battu,SitEmo
Albert_dataset,battu le record du monde,Suggérée,Joie,word,record,SitEmo
Albert_dataset,battu le record du monde,Suggérée,Fierté,word,record,SitEmo
Albert_dataset,battu le record du monde,Suggérée,Joie,word,monde,SitEmo
Albert_dataset,battu le record du monde,Suggérée,Fierté,word,monde,SitEmo
Albert_dataset,héros,Suggérée,Admiration,word,héros,SitEmo
Albert_dataset,accident,Suggérée,Peur,word,accident,SitEmo
Albert_dataset,vote,Comportementale,Peur,word,vote,SitEmo
Albert_dataset,fermeture,Comportementale,Peur,word,fermeture,SitEmo
Albert_dataset,accident,Suggérée,Peur,word,accident,SitEmo
Albert_dataset,danger,Désignée,Peur,word,danger,SitEmo
Albert_dataset,...,Montrée,Surprise,punctuation,…,SitEmo
Albert_dataset,!,Suggérée,Surprise,punctuation,!,SitEmo
Albert_dataset,heureux,Désignée,Joie,word,heureux,SitEmo
Albert_dataset,soumis,Suggérée,Peur,word,soumis,SitEmo
Albert_dataset,détruites,Suggérée,Tristesse,word,détruites,SitEmo
Albert_dataset,détruites,Suggérée,Peur,word,détruites,SitEmo
Albert_dataset,se félicite,Désignée,Joie,word,félicite,SitEmo
Albert_dataset,pas d'accord,Suggérée,Colère,word,d'accord,SitEmo
Albert_dataset,pas d'accord,Suggérée,Colère,punctuation,',SitEmo
Albert_dataset,discrimination,Suggérée,Colère,word,discrimination,SitEmo
Albert_dataset,vénère,Désignée,Admiration,word,vénère,SitEmo
Albert_dataset,...,Montrée,Surprise,punctuation,…,SitEmo
Albert_dataset,!,Montrée,Surprise,punctuation,!,SitEmo
Albert_dataset,incendie; menaçait,Suggérée,Peur,word,incendie,SitEmo
Albert_dataset,incendie; menaçait,Suggérée,Peur,word,menaçait,SitEmo
Albert_dataset,incendie; menaçait,Suggérée,Peur,punctuation,;,SitEmo
Albert_dataset,panique,Désignée,Peur,word,panique,SitEmo
Albert_dataset,craint,Désignée,Peur,word,craint,SitEmo
Albert_dataset,découvert; hasard,Suggérée,Surprise,word,découvert,SitEmo
Albert_dataset,découvert; hasard,Suggérée,Surprise,word,hasard,SitEmo
Albert_dataset,découvert; hasard,Suggérée,Surprise,punctuation,;,SitEmo
Albert_dataset,exceptionnel,Désignée,Admiration,word,exceptionnel,SitEmo
Albert_dataset,comblé,Désignée,Joie,word,comblé,SitEmo
Albert_dataset,heureux,Désignée,Joie,word,heureux,SitEmo
Albert_dataset,pas banal,Désignée,Surprise,word,banal,SitEmo
Albert_dataset,!,Montrée,Surprise,punctuation,!,SitEmo
Albert_dataset,étonnante,Désignée,Surprise,word,étonnante,SitEmo
Albert_dataset,heureuse,Désignée,Joie,word,heureuse,SitEmo
Albert_dataset,...,Montrée,Surprise,punctuation,…,SitEmo
Albert_dataset,...,Montrée,Surprise,punctuation,…,SitEmo
Albert_dataset,!,Montrée,Surprise,punctuation,!,SitEmo
Albert_dataset,insolite,Désignée,Surprise,word,insolite,SitEmo
Albert_dataset,insolite,Désignée,Surprise,word,insolite,SitEmo
Albert_dataset,protestations,Comportementale,Colère,word,protestations,SitEmo
Albert_dataset,inquiète,Désignée,Peur,word,inquiète,SitEmo
Albert_dataset,manifestation,Comportementale,Colère,word,manifestation,SitEmo
Albert_dataset,désaccord,Suggérée,Colère,word,désaccord,SitEmo
Albert_dataset,affrontés,Comportementale,Colère,word,affrontés,SitEmo
Albert_dataset,ruinée; guerre; famine,Suggérée,Peur,word,ruinée,SitEmo
Albert_dataset,ruinée; guerre; famine,Suggérée,Tristesse,word,ruinée,SitEmo
Albert_dataset,ruinée; guerre; famine,Suggérée,Peur,word,guerre,SitEmo
Albert_dataset,ruinée; guerre; famine,Suggérée,Tristesse,word,guerre,SitEmo
Albert_dataset,ruinée; guerre; famine,Suggérée,Peur,word,famine,SitEmo
Albert_dataset,ruinée; guerre; famine,Suggérée,Tristesse,word,famine,SitEmo
Albert_dataset,ruinée; guerre; famine,Suggérée,Peur,punctuation,;,SitEmo
Albert_dataset,ruinée; guerre; famine,Suggérée,Tristesse,punctuation,;,SitEmo
Albert_dataset,ruinée; guerre; famine,Suggérée,Peur,punctuation,;,SitEmo
Albert_dataset,ruinée; guerre; famine,Suggérée,Tristesse,punctuation,;,SitEmo
Albert_dataset,trésor national,Suggérée,Fierté,word,trésor,SitEmo
Albert_dataset,trésor national,Suggérée,Fierté,word,national,SitEmo
Albert_dataset,engouement,Désignée,Admiration,word,engouement,SitEmo
Albert_dataset,engouement,Désignée,Admiration,word,engouement,SitEmo
Albert_dataset,pourtant,Montrée,Surprise,word,pourtant,SitEmo
Albert_dataset,agaçant,Désignée,Colère,word,agaçant,SitEmo
Albert_dataset,énerve,Désignée,Colère,word,énerve,SitEmo
Albert_dataset,opposition,Comportementale,Colère,word,opposition,SitEmo
Albert_dataset,...,Montrée,Surprise,punctuation,…,SitEmo
Albert_dataset,!,Montrée,Surprise,punctuation,!,SitEmo
Albert_dataset,tempête,Suggérée,Peur,word,tempête,SitEmo
Albert_dataset,quitter leurs maisons; se mettre à l'abri,Comportementale,Peur,word,quitter,SitEmo
Albert_dataset,quitter leurs maisons; se mettre à l'abri,Comportementale,Peur,word,maisons,SitEmo
Albert_dataset,quitter leurs maisons; se mettre à l'abri,Comportementale,Peur,word,mettre,SitEmo
Albert_dataset,quitter leurs maisons; se mettre à l'abri,Comportementale,Peur,word,l'abri,SitEmo
Albert_dataset,quitter leurs maisons; se mettre à l'abri,Comportementale,Peur,punctuation,;,SitEmo
Albert_dataset,quitter leurs maisons; se mettre à l'abri,Comportementale,Peur,punctuation,',SitEmo
Albert_dataset,heureux,Désignée,Joie,word,heureux,SitEmo
Albert_dataset,!,Montrée,Surprise,punctuation,!,SitEmo
Albert_dataset,péril,Suggérée,Peur,word,péril,SitEmo
Albert_dataset,découvre,Suggérée,Surprise,word,découvre,SitEmo
Albert_dataset,étonnement,Désignée,Surprise,word,étonnement,SitEmo
Albert_dataset,insolite,Désignée,Surprise,word,insolite,SitEmo
Albert_dataset,se réfugier,Comportementale,Peur,word,réfugier,SitEmo
Albert_dataset,victimes; discriminations,Suggérée,Colère,word,victimes,SitEmo
Albert_dataset,victimes; discriminations,Suggérée,Tristesse,word,victimes,SitEmo
Albert_dataset,victimes; discriminations,Suggérée,Colère,word,discriminations,SitEmo
Albert_dataset,victimes; discriminations,Suggérée,Tristesse,word,discriminations,SitEmo
Albert_dataset,victimes; discriminations,Suggérée,Colère,punctuation,;,SitEmo
Albert_dataset,victimes; discriminations,Suggérée,Tristesse,punctuation,;,SitEmo
Albert_dataset,attaqué,Comportementale,Colère,word,attaqué,SitEmo
Albert_dataset,réclame,Comportementale,Colère,word,réclame,SitEmo
Albert_dataset,protester,Comportementale,Colère,word,protester,SitEmo
Albert_dataset,monopole,Suggérée,Colère,word,monopole,SitEmo
Albert_dataset,réclamer,Comportementale,Colère,word,réclamer,SitEmo
Albert_dataset,gênant,Désignée,Embarras,word,gênant,SitEmo
Albert_dataset,étonnante,Désignée,Surprise,word,étonnante,SitEmo
Albert_dataset,surprise,Désignée,Surprise,word,surprise,SitEmo
Albert_dataset,découvert,Suggérée,Surprise,word,découvert,SitEmo
Albert_dataset,...,Montrée,Surprise,punctuation,…,SitEmo
Albert_dataset,record,Suggérée,Joie,word,record,SitEmo
Albert_dataset,record,Suggérée,Fierté,word,record,SitEmo
Albert_dataset,fou,Suggérée,Admiration,word,fou,SitEmo
Albert_dataset,vengeance,Suggérée,Colère,word,vengeance,SitEmo
Albert_dataset,volé,Suggérée,Colère,word,volé,SitEmo
Albert_dataset,menacer,Désignée,Peur,word,menacer,SitEmo
Albert_dataset,ne sont pas d'accord,Suggérée,Colère,word,d'accord,SitEmo
Albert_dataset,ne sont pas d'accord,Suggérée,Colère,punctuation,',SitEmo
Albert_dataset,affrontés,Comportementale,Colère,word,affrontés,SitEmo
Albert_dataset,menacer,Désignée,Peur,word,menacer,SitEmo
Albert_dataset,menaces,Désignée,Peur,word,menaces,SitEmo
Albert_dataset,...,Montrée,Surprise,punctuation,…,SitEmo
Albert_dataset,étonnant,Désignée,Surprise,word,étonnant,SitEmo
Albert_dataset,Drôle,Suggérée,Surprise,word,drôle,SitEmo
Albert_dataset,mécontentement,Désignée,Colère,word,mécontentement,SitEmo
Albert_dataset,colère,Désignée,Colère,word,colère,SitEmo
Albert_dataset,icône,Suggérée,Admiration,word,icône,SitEmo
Albert_dataset,ne plaît pas,Désignée,Joie,word,plaît,SitEmo
Albert_dataset,sifflé,Comportementale,Colère,word,sifflé,SitEmo
Albert_dataset,fuir,Comportementale,Peur,word,fuir,SitEmo
Albert_dataset,menace,Désignée,Peur,word,menace,SitEmo
Albert_dataset,retiennent leur souffle,Désignée,Peur,word,retiennent,SitEmo
Albert_dataset,retiennent leur souffle,Désignée,Peur,word,souffle,SitEmo
Albert_dataset,éruption,Suggérée,Peur,word,éruption,SitEmo
Albert_dataset,agitation,Suggérée,Colère,word,agitation,SitEmo
Albert_dataset,réclament,Comportementale,Colère,word,réclament,SitEmo
Albert_dataset,interdire,Comportementale,Colère,word,interdire,SitEmo
Albert_dataset,illégal,Suggérée,Colère,word,illégal,SitEmo
Albert_dataset,défilé,Comportementale,Colère,word,défilé,SitEmo
Albert_dataset,manifestation,Comportementale,Colère,word,manifestation,SitEmo
Albert_dataset,réclame,Comportementale,Colère,word,réclame,SitEmo
Albert_dataset,méfiantes,Désignée,Peur,word,méfiantes,SitEmo
Albert_dataset,...,Montrée,Surprise,punctuation,…,SitEmo
Albert_dataset,!,Montrée,Surprise,punctuation,!,SitEmo
Albert_dataset,Intrigués,Désignée,Surprise,word,intrigués,SitEmo
Albert_dataset,rire,Comportementale,Joie,word,rire,SitEmo
Albert_dataset,représailles,Suggérée,Colère,word,représailles,SitEmo
Albert_dataset,se retirer,Comportementale,Colère,word,retirer,SitEmo
Albert_dataset,désaccords,Suggérée,Colère,word,désaccords,SitEmo
Albert_dataset,!,Montrée,Surprise,punctuation,!,SitEmo
Albert_dataset,étonnant,Désignée,Surprise,word,étonnant,SitEmo
Albert_dataset,stupéfaits,Désignée,Surprise,word,stupéfaits,SitEmo
Albert_dataset,inquiétude,Désignée,Peur,word,inquiétude,SitEmo
Albert_dataset,colère,Désignée,Colère,word,colère,SitEmo
Albert_dataset,inquiète,Désignée,Peur,word,inquiète,SitEmo
Albert_dataset,des effets préoccupants,Désignée,Peur,word,effets,SitEmo
Albert_dataset,des effets préoccupants,Désignée,Peur,word,préoccupants,SitEmo
Albert_dataset,préoccupant,Désignée,Peur,word,préoccupant,SitEmo
Albert_dataset,manifestations,Comportementale,Colère,word,manifestations,SitEmo
Albert_dataset,corruption,Suggérée,Colère,word,corruption,SitEmo
Albert_dataset,lutte contre,Comportementale,Colère,word,lutte,SitEmo
Albert_dataset,lutte contre,Comportementale,Colère,word,contre,SitEmo
Albert_dataset,découvert,Suggérée,Surprise,word,découvert,SitEmo
Albert_dataset,contre l'avis,Suggérée,Colère,word,contre,SitEmo
Albert_dataset,contre l'avis,Suggérée,Colère,word,l'avis,SitEmo
Albert_dataset,contre l'avis,Suggérée,Colère,punctuation,',SitEmo
Albert_dataset,refuse,Comportementale,Colère,word,refuse,SitEmo
Albert_dataset,réfugié,Comportementale,Peur,word,réfugié,SitEmo
Albert_dataset,terrorisé,Désignée,Peur,word,terrorisé,SitEmo
Albert_dataset,effrayer,Désignée,Peur,word,effrayer,SitEmo
Albert_dataset,Inquiet,Désignée,Peur,word,inquiet,SitEmo
Albert_dataset,fuir,Comportementale,Peur,word,fuir,SitEmo
Albert_dataset,quitter,Comportementale,Peur,word,quitter,SitEmo
Albert_dataset,menacés,Désignée,Peur,word,menacés,SitEmo
Albert_dataset,péril,Suggérée,Peur,word,péril,SitEmo
Albert_dataset,violences,Suggérée,Colère,word,violences,SitEmo
Albert_dataset,violences,Suggérée,Peur,word,violences,SitEmo
Albert_dataset,victimes; harcèlement,Suggérée,Colère,word,victimes,SitEmo
Albert_dataset,victimes; harcèlement,Suggérée,Peur,word,victimes,SitEmo
Albert_dataset,victimes; harcèlement,Suggérée,Colère,word,harcèlement,SitEmo
Albert_dataset,victimes; harcèlement,Suggérée,Peur,word,harcèlement,SitEmo
Albert_dataset,victimes; harcèlement,Suggérée,Colère,punctuation,;,SitEmo
Albert_dataset,victimes; harcèlement,Suggérée,Peur,punctuation,;,SitEmo
Albert_dataset,violences,Suggérée,Colère,word,violences,SitEmo
Albert_dataset,violences,Suggérée,Peur,word,violences,SitEmo
Albert_dataset,choquent,Désignée,Colère,word,choquent,SitEmo
Albert_dataset,surpris,Désignée,Surprise,word,surpris,SitEmo
Albert_dataset,...,Montrée,Surprise,punctuation,…,SitEmo
Albert_dataset,!,Montrée,Surprise,punctuation,!,SitEmo
Albert_dataset,fuir,Comportementale,Peur,word,fuir,SitEmo
Albert_dataset,voient d'un mauvais oeil; pas respectueux,Suggérée,Colère,word,voient,SitEmo
Albert_dataset,voient d'un mauvais oeil; pas respectueux,Suggérée,Colère,word,d'un,SitEmo
Albert_dataset,voient d'un mauvais oeil; pas respectueux,Suggérée,Colère,word,mauvais,SitEmo
Albert_dataset,voient d'un mauvais oeil; pas respectueux,Suggérée,Colère,word,oeil,SitEmo
Albert_dataset,voient d'un mauvais oeil; pas respectueux,Suggérée,Colère,word,respectueux,SitEmo
Albert_dataset,voient d'un mauvais oeil; pas respectueux,Suggérée,Colère,punctuation,',SitEmo
Albert_dataset,voient d'un mauvais oeil; pas respectueux,Suggérée,Colère,punctuation,;,SitEmo
Albert_dataset,farfelu,Suggérée,Surprise,word,farfelu,SitEmo
Albert_dataset,découvre; par hasard,Suggérée,Surprise,word,découvre,SitEmo
Albert_dataset,découvre; par hasard,Suggérée,Surprise,word,hasard,SitEmo
Albert_dataset,découvre; par hasard,Suggérée,Surprise,punctuation,;,SitEmo
Albert_dataset,exploit,Suggérée,Admiration,word,exploit,SitEmo
Albert_dataset,pulvérisé,Montrée,Surprise,word,pulvérisé,SitEmo
Albert_dataset,choqué,Suggérée,Colère,word,choqué,SitEmo
Albert_dataset,choqué,Suggérée,Surprise,word,choqué,SitEmo
Albert_dataset,réclamaient,Comportementale,Colère,word,réclamaient,SitEmo
Albert_dataset,accusant,Comportementale,Colère,word,accusant,SitEmo
Albert_dataset,dictateur,Suggérée,Colère,word,dictateur,SitEmo
Albert_dataset,manifestations,Comportementale,Colère,word,manifestations,SitEmo
Albert_dataset,joie,Désignée,Joie,word,joie,SitEmo
Albert_dataset,dansé ; fête,Comportementale,Joie,word,dansé,SitEmo
Albert_dataset,dansé ; fête,Comportementale,Joie,word,fête,SitEmo
Albert_dataset,dansé ; fête,Comportementale,Joie,punctuation,;,SitEmo
Albert_dataset,découvert,Suggérée,Surprise,word,découvert,SitEmo
Albert_dataset,menaçante,Désignée,Peur,word,menaçante,SitEmo
Albert_dataset,découvert,Suggérée,Surprise,word,découvert,SitEmo
Albert_dataset,improbable,Suggérée,Surprise,word,improbable,SitEmo
Albert_dataset,manifestations,Comportementale,Colère,word,manifestations,SitEmo
Albert_dataset,manifester,Comportementale,Colère,word,manifester,SitEmo
Albert_dataset,fuient,Comportementale,Peur,word,fuient,SitEmo
Albert_dataset,persécutés,Suggérée,Peur,word,persécutés,SitEmo
Albert_dataset,fuient,Comportementale,Peur,word,fuient,SitEmo
Albert_dataset,persécutés,Suggérée,Peur,word,persécutés,SitEmo
Albert_dataset,attaqué,Comportementale,Colère,word,attaqué,SitEmo
Albert_dataset,effrayés,Désignée,Peur,word,effrayés,SitEmo
Albert_dataset,fuir,Comportementale,Peur,word,fuir,SitEmo
Albert_dataset,accusée,Comportementale,Colère,word,accusée,SitEmo
Albert_dataset,ne pas agir,Suggérée,Colère,word,agir,SitEmo
Albert_dataset,cauchemar,Montrée,Peur,word,cauchemar,SitEmo
Albert_dataset,trouver refuge,Comportementale,Peur,word,trouver,SitEmo
Albert_dataset,trouver refuge,Comportementale,Peur,word,refuge,SitEmo
Albert_dataset,fui,Comportementale,Peur,word,fui,SitEmo
Albert_dataset,attaqué; tué; brûlé,Comportementale,Colère,word,attaqué,SitEmo
Albert_dataset,attaqué; tué; brûlé,Comportementale,Colère,word,tué,SitEmo
Albert_dataset,attaqué; tué; brûlé,Comportementale,Colère,word,brûlé,SitEmo
Albert_dataset,attaqué; tué; brûlé,Comportementale,Colère,punctuation,;,SitEmo
Albert_dataset,attaqué; tué; brûlé,Comportementale,Colère,punctuation,;,SitEmo
Albert_dataset,Heureusement,Montrée,Joie,word,heureusement,SitEmo
Albert_dataset,cédé,Suggérée,Peur,word,cédé,SitEmo
Albert_dataset,découvrent,Suggérée,Surprise,word,découvrent,SitEmo
Albert_dataset,combats,Comportementale,Tristesse,word,combats,SitEmo
Albert_dataset,combats sanglants,Suggérée,Peur,word,combats,SitEmo
Albert_dataset,combats sanglants,Suggérée,Peur,word,sanglants,SitEmo
Albert_dataset,!,Montrée,Surprise,punctuation,!,SitEmo
Albert_dataset,...,Montrée,Surprise,punctuation,…,SitEmo
Albert_dataset,!,Montrée,Surprise,punctuation,!,SitEmo
Albert_dataset,Drôle,Suggérée,Surprise,word,drôle,SitEmo
Albert_dataset,découvre; hasard,Suggérée,Surprise,word,découvre,SitEmo
Albert_dataset,découvre; hasard,Suggérée,Surprise,word,hasard,SitEmo
Albert_dataset,découvre; hasard,Suggérée,Surprise,punctuation,;,SitEmo
Albert_dataset,chassés; massacrés,Suggérée,Colère,word,chassés,SitEmo
Albert_dataset,chassés; massacrés,Suggérée,Peur,word,chassés,SitEmo
Albert_dataset,chassés; massacrés,Suggérée,Colère,word,massacrés,SitEmo
Albert_dataset,chassés; massacrés,Suggérée,Peur,word,massacrés,SitEmo
Albert_dataset,chassés; massacrés,Suggérée,Colère,punctuation,;,SitEmo
Albert_dataset,chassés; massacrés,Suggérée,Peur,punctuation,;,SitEmo
Albert_dataset,s'oppose,Comportementale,Colère,word,s'oppose,SitEmo
Albert_dataset,s'oppose,Comportementale,Colère,punctuation,',SitEmo
Albert_dataset,oppose,Comportementale,Colère,word,oppose,SitEmo
Albert_dataset,trop cher ; inutile,Suggérée,Colère,word,cher,SitEmo
Albert_dataset,trop cher ; inutile,Suggérée,Colère,word,inutile,SitEmo
Albert_dataset,trop cher ; inutile,Suggérée,Colère,punctuation,;,SitEmo
Albert_dataset,détruits,Suggérée,Colère,word,détruits,SitEmo
Albert_dataset,contestations,Comportementale,Colère,word,contestations,SitEmo
Albert_dataset,mécontents,Désignée,Colère,word,mécontents,SitEmo
Albert_dataset,étonnés,Désignée,Surprise,word,étonnés,SitEmo
Albert_dataset,ému,Suggérée,Tristesse,word,ému,SitEmo
Albert_dataset,inattendues,Suggérée,Surprise,word,inattendues,SitEmo
Albert_dataset,n'approuvent pas,Suggérée,Colère,word,n'approuvent,SitEmo
Albert_dataset,n'approuvent pas,Suggérée,Colère,punctuation,',SitEmo
Albert_dataset,danger,Désignée,Peur,word,danger,SitEmo
Albert_dataset,maladies,Suggérée,Peur,word,maladies,SitEmo
Albert_dataset,oblige; s'enrichir,Suggérée,Colère,word,oblige,SitEmo
Albert_dataset,oblige; s'enrichir,Suggérée,Colère,word,s'enrichir,SitEmo
Albert_dataset,oblige; s'enrichir,Suggérée,Colère,punctuation,;,SitEmo
Albert_dataset,oblige; s'enrichir,Suggérée,Colère,punctuation,',SitEmo
Albert_dataset,frayeur,Désignée,Peur,word,frayeur,SitEmo
Albert_dataset,se disputant,Comportementale,Colère,word,disputant,SitEmo
Albert_dataset,...,Montrée,Surprise,punctuation,…,SitEmo
Albert_dataset,...,Montrée,Surprise,punctuation,…,SitEmo
Albert_dataset,!,Montrée,Surprise,punctuation,!,SitEmo
Albert_dataset,étonnés,Désignée,Surprise,word,étonnés,SitEmo
Albert_dataset,surprenant,Désignée,Surprise,word,surprenant,SitEmo
Albert_dataset,fierté,Désignée,Fierté,word,fierté,SitEmo
Albert_dataset,...,Montrée,Surprise,punctuation,…,SitEmo
Albert_dataset,!,Montrée,Surprise,punctuation,!,SitEmo
Albert_dataset,étrange,Suggérée,Surprise,word,étrange,SitEmo
Albert_dataset,manifeste,Comportementale,Colère,word,manifeste,SitEmo
Albert_dataset,tiré,Comportementale,Peur,word,tiré,SitEmo
Albert_dataset,armé,Suggérée,Peur,word,armé,SitEmo
Albert_dataset,menaçait,Désignée,Peur,word,menaçait,SitEmo
Albert_dataset,tuer,Suggérée,Colère,word,tuer,SitEmo
Albert_dataset,meurtre,Suggérée,Colère,word,meurtre,SitEmo
Albert_dataset,raciste,Suggérée,Colère,word,raciste,SitEmo
Albert_dataset,accuse,Comportementale,Colère,word,accuse,SitEmo
Albert_dataset,accusent,Comportementale,Colère,word,accusent,SitEmo
Albert_dataset,manifesté,Comportementale,Colère,word,manifesté,SitEmo
Albert_dataset,...,Montrée,Surprise,punctuation,…,SitEmo
Albert_dataset,!,Montrée,Surprise,punctuation,!,SitEmo
Albert_dataset,expulser,Suggérée,Colère,word,expulser,SitEmo
Albert_dataset,hommage,Comportementale,Tristesse,word,hommage,SitEmo
Albert_dataset,hommage,Comportementale,Admiration,word,hommage,SitEmo
Albert_dataset,insolites,Désignée,Surprise,word,insolites,SitEmo
Albert_dataset,craignent,Désignée,Peur,word,craignent,SitEmo
Albert_dataset,s'est félicitée,Désignée,Joie,word,s'est,SitEmo
Albert_dataset,s'est félicitée,Désignée,Joie,word,félicitée,SitEmo
Albert_dataset,s'est félicitée,Désignée,Joie,punctuation,',SitEmo
Albert_dataset,menace,Désignée,Peur,word,menace,SitEmo
Albert_dataset,pas réalisable,Suggérée,Peur,word,réalisable,SitEmo
Albert_dataset,dangereuse,Désignée,Peur,word,dangereuse,SitEmo
Albert_dataset,drôles,Suggérée,Surprise,word,drôles,SitEmo
Albert_dataset,rêvé,Suggérée,Joie,word,rêvé,SitEmo
Albert_dataset,offert,Suggérée,Joie,word,offert,SitEmo
Albert_dataset,cadeau,Suggérée,Joie,word,cadeau,SitEmo
Albert_dataset,hommage,Comportementale,Tristesse,word,hommage,SitEmo
Albert_dataset,déloyale,Suggérée,Colère,word,déloyale,SitEmo
Albert_dataset,prendre tous; ne rien laisser,Suggérée,Colère,word,prendre,SitEmo
Albert_dataset,prendre tous; ne rien laisser,Suggérée,Colère,word,laisser,SitEmo
Albert_dataset,prendre tous; ne rien laisser,Suggérée,Colère,punctuation,;,SitEmo
Albert_dataset,critiquent,Comportementale,Colère,word,critiquent,SitEmo
Albert_dataset,arme,Suggérée,Colère,word,arme,SitEmo
Albert_dataset,critiquée,Comportementale,Colère,word,critiquée,SitEmo
Albert_dataset,accusent,Comportementale,Colère,word,accusent,SitEmo
Albert_dataset,accusent,Comportementale,Colère,word,accusent,SitEmo
Albert_dataset,espoir,Suggérée,Joie,word,espoir,SitEmo
Albert_dataset,...,Montrée,Surprise,punctuation,…,SitEmo
Albert_dataset,performance,Suggérée,Fierté,word,performance,SitEmo
Albert_dataset,...,Montrée,Surprise,punctuation,…,SitEmo
Albert_dataset,bonheur,Désignée,Joie,word,bonheur,SitEmo
Albert_dataset,gagné,Suggérée,Joie,word,gagné,SitEmo
Albert_dataset,remporter,Suggérée,Joie,word,remporter,SitEmo
Albert_dataset,relations tendues,Suggérée,Colère,word,relations,SitEmo
Albert_dataset,relations tendues,Suggérée,Colère,word,tendues,SitEmo
Albert_dataset,menace,Désignée,Peur,word,menace,SitEmo
Albert_dataset,ne s'entendent pas,Suggérée,Colère,word,s'entendent,SitEmo
Albert_dataset,ne s'entendent pas,Suggérée,Colère,punctuation,',SitEmo
Albert_dataset,honneur,Comportementale,Admiration,word,honneur,SitEmo
Albert_dataset,menaces,Désignée,Peur,word,menaces,SitEmo
Albert_dataset,critiques,Comportementale,Colère,word,critiques,SitEmo
Albert_dataset,mécontentement,Désignée,Colère,word,mécontentement,SitEmo
Albert_dataset,manifester,Comportementale,Colère,word,manifester,SitEmo
Albert_dataset,refuse,Comportementale,Colère,word,refuse,SitEmo
Albert_dataset,refusent,Comportementale,Colère,word,refusent,SitEmo
Albert_dataset,protestation,Comportementale,Colère,word,protestation,SitEmo
Albert_dataset,...,Montrée,Surprise,punctuation,…,SitEmo
Albert_dataset,réalisé,Suggérée,Surprise,word,réalisé,SitEmo
Albert_dataset,...,Montrée,Surprise,punctuation,…,SitEmo
Albert_dataset,enfuie,Comportementale,Peur,word,enfuie,SitEmo
Albert_dataset,se cache,Comportementale,Peur,word,cache,SitEmo
Albert_dataset,réclamé,Comportementale,Colère,word,réclamé,SitEmo
Albert_dataset,reprochait,Comportementale,Colère,word,reprochait,SitEmo
Albert_dataset,célébrer en famille,Suggérée,Joie,word,célébrer,SitEmo
Albert_dataset,célébrer en famille,Suggérée,Joie,word,famille,SitEmo
Albert_dataset,festivités,Suggérée,Joie,word,festivités,SitEmo
Albert_dataset,réclament,Comportementale,Colère,word,réclament,SitEmo
Albert_dataset,reprochent,Comportementale,Colère,word,reprochent,SitEmo
Albert_dataset,...,Montrée,Surprise,punctuation,…,SitEmo
Albert_dataset,!,Montrée,Surprise,punctuation,!,SitEmo
Albert_dataset,...,Montrée,Surprise,punctuation,…,SitEmo
Albert_dataset,!,Montrée,Surprise,punctuation,!,SitEmo
Albert_dataset,peur,Désignée,Peur,word,peur,SitEmo
Albert_dataset,voler,Suggérée,Peur,word,voler,SitEmo
Albert_dataset,mentir,Suggérée,Colère,word,mentir,SitEmo
Albert_dataset,accusent,Comportementale,Colère,word,accusent,SitEmo
Albert_dataset,accusé,Comportementale,Colère,word,accusé,SitEmo
Albert_dataset,cacher,Suggérée,Colère,word,cacher,SitEmo
Albert_dataset,accusent,Comportementale,Colère,word,accusent,SitEmo
Albert_dataset,accusent,Comportementale,Colère,word,accusent,SitEmo
Albert_dataset,apparition,Suggérée,Surprise,word,apparition,SitEmo
Albert_dataset,effraient,Désignée,Peur,word,effraient,SitEmo
Albert_dataset,se réjouissent,Désignée,Joie,word,réjouissent,SitEmo
Albert_dataset,...,Montrée,Surprise,punctuation,…,SitEmo
Albert_dataset,!,Montrée,Colère,punctuation,!,SitEmo
Albert_dataset,découvert,Suggérée,Surprise,word,découvert,SitEmo
Albert_dataset,inquiétée,Désignée,Peur,word,inquiétée,SitEmo
Albert_dataset,de plus en plus d'antiibiotiques existants ne parvenaient plus à lutter contre les bactéries responsables des maladies,Suggérée,Peur,word,d'antiibiotiques,SitEmo
Albert_dataset,de plus en plus d'antiibiotiques existants ne parvenaient plus à lutter contre les bactéries responsables des maladies,Suggérée,Peur,word,existants,SitEmo
Albert_dataset,de plus en plus d'antiibiotiques existants ne parvenaient plus à lutter contre les bactéries responsables des maladies,Suggérée,Peur,word,parvenaient,SitEmo
Albert_dataset,de plus en plus d'antiibiotiques existants ne parvenaient plus à lutter contre les bactéries responsables des maladies,Suggérée,Peur,word,lutter,SitEmo
Albert_dataset,de plus en plus d'antiibiotiques existants ne parvenaient plus à lutter contre les bactéries responsables des maladies,Suggérée,Peur,word,contre,SitEmo
Albert_dataset,de plus en plus d'antiibiotiques existants ne parvenaient plus à lutter contre les bactéries responsables des maladies,Suggérée,Peur,word,bactéries,SitEmo
Albert_dataset,de plus en plus d'antiibiotiques existants ne parvenaient plus à lutter contre les bactéries responsables des maladies,Suggérée,Peur,word,responsables,SitEmo
Albert_dataset,de plus en plus d'antiibiotiques existants ne parvenaient plus à lutter contre les bactéries responsables des maladies,Suggérée,Peur,word,maladies,SitEmo
Albert_dataset,de plus en plus d'antiibiotiques existants ne parvenaient plus à lutter contre les bactéries responsables des maladies,Suggérée,Peur,punctuation,',SitEmo
Albert_dataset,peur,Désignée,Peur,word,peur,SitEmo
Albert_dataset,hommage,Comportementale,Tristesse,word,hommage,SitEmo
Albert_dataset,hommage,Comportementale,Admiration,word,hommage,SitEmo
Albert_dataset,hommage,Comportementale,Tristesse,word,hommage,SitEmo
Albert_dataset,hommage,Comportementale,Admiration,word,hommage,SitEmo
Albert_dataset,funérailles,Suggérée,Tristesse,word,funérailles,SitEmo
Albert_dataset,menaces,Désignée,Peur,word,menaces,SitEmo
Albert_dataset,surprise,Désignée,Surprise,word,surprise,SitEmo
Albert_dataset,truqué,Suggérée,Colère,word,truqué,SitEmo
Albert_dataset,soupçonnent,Comportementale,Colère,word,soupçonnent,SitEmo
Albert_dataset,grève,Comportementale,Colère,word,grève,SitEmo
Albert_dataset,cesser le travail,Comportementale,Colère,word,cesser,SitEmo
Albert_dataset,cesser le travail,Comportementale,Colère,word,travail,SitEmo
Albert_dataset,protestent,Comportementale,Colère,word,protestent,SitEmo
Albert_dataset,grève,Comportementale,Colère,word,grève,SitEmo
Albert_dataset,manifesté,Comportementale,Colère,word,manifesté,SitEmo
Albert_dataset,protestent,Comportementale,Colère,word,protestent,SitEmo
Albert_dataset,mécontentements,Désignée,Colère,word,mécontentements,SitEmo
Albert_dataset,supprimer,Suggérée,Colère,word,supprimer,SitEmo
Albert_dataset,protester,Comportementale,Colère,word,protester,SitEmo
Albert_dataset,chers; mal entretenus; accidents,Suggérée,Colère,word,chers,SitEmo
Albert_dataset,chers; mal entretenus; accidents,Suggérée,Colère,word,entretenus,SitEmo
Albert_dataset,chers; mal entretenus; accidents,Suggérée,Colère,word,accidents,SitEmo
Albert_dataset,chers; mal entretenus; accidents,Suggérée,Colère,punctuation,;,SitEmo
Albert_dataset,chers; mal entretenus; accidents,Suggérée,Colère,punctuation,;,SitEmo
Albert_dataset,grève,Comportementale,Colère,word,grève,SitEmo
Albert_dataset,protestent,Comportementale,Colère,word,protestent,SitEmo
Albert_dataset,se plaignent,Comportementale,Colère,word,plaignent,SitEmo
Albert_dataset,...,Montrée,Surprise,punctuation,…,SitEmo
Albert_dataset,!,Montrée,Surprise,punctuation,!,SitEmo
Albert_dataset,étonnant,Désignée,Surprise,word,étonnant,SitEmo
Albert_dataset,drôle,Suggérée,Surprise,word,drôle,SitEmo
Albert_dataset,surprise,Suggérée,Surprise,word,surprise,SitEmo
Albert_dataset,...,Montrée,Surprise,punctuation,…,SitEmo
Albert_dataset,surprise,Désignée,Surprise,word,surprise,SitEmo
Albert_dataset,découvert,Suggérée,Surprise,word,découvert,SitEmo
Albert_dataset,occupées,Suggérée,Colère,word,occupées,SitEmo
Albert_dataset,tensions,Suggérée,Colère,word,tensions,SitEmo
Albert_dataset,persécutés,Suggérée,Colère,word,persécutés,SitEmo
Albert_dataset,persécutés,Suggérée,Peur,word,persécutés,SitEmo
Albert_dataset,rébellion,Suggérée,Colère,word,rébellion,SitEmo
Albert_dataset,oppresseur; les prive,Suggérée,Colère,word,oppresseur,SitEmo
Albert_dataset,oppresseur; les prive,Suggérée,Colère,word,prive,SitEmo
Albert_dataset,oppresseur; les prive,Suggérée,Colère,punctuation,;,SitEmo
Albert_dataset,guerre,Comportementale,Colère,word,guerre,SitEmo
Albert_dataset,apprécié,Désignée,Joie,word,apprécié,SitEmo
Albert_dataset,chassées,Suggérée,Peur,word,chassées,SitEmo
Albert_dataset,chassées,Suggérée,Colère,word,chassées,SitEmo
Albert_dataset,critiquent,Comportementale,Colère,word,critiquent,SitEmo
Albert_dataset,ils n'auront plus de clients,Suggérée,Colère,word,n'auront,SitEmo
Albert_dataset,ils n'auront plus de clients,Suggérée,Colère,word,clients,SitEmo
Albert_dataset,ils n'auront plus de clients,Suggérée,Colère,punctuation,',SitEmo
Albert_dataset,menacés,Désignée,Peur,word,menacés,SitEmo
Albert_dataset,contestée,Comportementale,Colère,word,contestée,SitEmo
Albert_dataset,craignent,Désignée,Peur,word,craignent,SitEmo
Albert_dataset,les ours ne s'attaquent à leurs troupeaux,Suggérée,Peur,word,ours,SitEmo
Albert_dataset,les ours ne s'attaquent à leurs troupeaux,Suggérée,Peur,word,s'attaquent,SitEmo
Albert_dataset,les ours ne s'attaquent à leurs troupeaux,Suggérée,Peur,word,troupeaux,SitEmo
Albert_dataset,les ours ne s'attaquent à leurs troupeaux,Suggérée,Peur,punctuation,',SitEmo
Albert_dataset,craint,Désignée,Peur,word,craint,SitEmo
Albert_dataset,réclamait,Comportementale,Colère,word,réclamait,SitEmo
Albert_dataset,craint,Désignée,Peur,word,craint,SitEmo
Albert_dataset,ils ne revendiquent un jour son trône,Suggérée,Peur,word,revendiquent,SitEmo
Albert_dataset,ils ne revendiquent un jour son trône,Suggérée,Peur,word,jour,SitEmo
Albert_dataset,ils ne revendiquent un jour son trône,Suggérée,Peur,word,trône,SitEmo
Albert_dataset,une lutte s'engage,Comportementale,Colère,word,lutte,SitEmo
Albert_dataset,une lutte s'engage,Comportementale,Colère,word,s'engage,SitEmo
Albert_dataset,une lutte s'engage,Comportementale,Colère,punctuation,',SitEmo
Albert_dataset,mécontentement,Désignée,Colère,word,mécontentement,SitEmo
Albert_dataset,avoir été condamné par le tribunal à régler une amende de 500 euros,Suggérée,Colère,word,condamné,SitEmo
Albert_dataset,avoir été condamné par le tribunal à régler une amende de 500 euros,Suggérée,Colère,word,tribunal,SitEmo
Albert_dataset,avoir été condamné par le tribunal à régler une amende de 500 euros,Suggérée,Colère,word,régler,SitEmo
Albert_dataset,avoir été condamné par le tribunal à régler une amende de 500 euros,Suggérée,Colère,word,amende,SitEmo
Albert_dataset,avoir été condamné par le tribunal à régler une amende de 500 euros,Suggérée,Colère,word,euros,SitEmo
Albert_dataset,se venger,Comportementale,Colère,word,venger,SitEmo
Albert_dataset,inquiets,Désignée,Peur,word,inquiets,SitEmo
Albert_dataset,...,Montrée,Surprise,punctuation,…,SitEmo
Albert_dataset,!,Montrée,Surprise,punctuation,!,SitEmo
Albert_dataset,menaçaient,Désignée,Peur,word,menaçaient,SitEmo
Albert_dataset,craintives,Désignée,Peur,word,craintives,SitEmo
Albert_dataset,surprise,Désignée,Surprise,word,surprise,SitEmo
Albert_dataset,n'a pas fait rire,Suggérée,Colère,word,n'a,SitEmo
Albert_dataset,n'a pas fait rire,Suggérée,Colère,word,rire,SitEmo
Albert_dataset,n'a pas fait rire,Suggérée,Colère,punctuation,',SitEmo
Albert_dataset,manifestations,Comportementale,Colère,word,manifestations,SitEmo
Albert_dataset,réclamait,Comportementale,Colère,word,réclamait,SitEmo
Albert_dataset,accusaient,Comportementale,Colère,word,accusaient,SitEmo
Albert_dataset,appelé à manifester,Comportementale,Colère,word,appelé,SitEmo
Albert_dataset,appelé à manifester,Comportementale,Colère,word,manifester,SitEmo
Albert_dataset,barrer les routes et les voies ferrés; bloquer,Comportementale,Colère,word,barrer,SitEmo
Albert_dataset,barrer les routes et les voies ferrés; bloquer,Comportementale,Colère,word,routes,SitEmo
Albert_dataset,barrer les routes et les voies ferrés; bloquer,Comportementale,Colère,word,voies,SitEmo
Albert_dataset,barrer les routes et les voies ferrés; bloquer,Comportementale,Colère,word,ferrés,SitEmo
Albert_dataset,barrer les routes et les voies ferrés; bloquer,Comportementale,Colère,word,bloquer,SitEmo
Albert_dataset,barrer les routes et les voies ferrés; bloquer,Comportementale,Colère,punctuation,;,SitEmo
Albert_dataset,surprise,Désignée,Surprise,word,surprise,SitEmo
Albert_dataset,...,Montrée,Surprise,punctuation,…,SitEmo
Albert_dataset,!,Montrée,Surprise,punctuation,!,SitEmo
Albert_dataset,malheureuse,Désignée,Tristesse,word,malheureuse,SitEmo
Albert_dataset,...,Montrée,Surprise,punctuation,…,SitEmo
Albert_dataset,se rebellent,Comportementale,Colère,word,rebellent,SitEmo
Albert_dataset,colère,Désignée,Colère,word,colère,SitEmo
Albert_dataset,se rebeller,Comportementale,Colère,word,rebeller,SitEmo
Albert_dataset,réclame,Comportementale,Colère,word,réclame,SitEmo
Albert_dataset,manifestations,Comportementale,Colère,word,manifestations,SitEmo
Albert_dataset,affrontements,Comportementale,Colère,word,affrontements,SitEmo
Albert_dataset,affrontements,Comportementale,Colère,word,affrontements,SitEmo
Albert_dataset,rejoignent cette immense contestation populaire,Comportementale,Colère,word,rejoignent,SitEmo
Albert_dataset,rejoignent cette immense contestation populaire,Comportementale,Colère,word,immense,SitEmo
Albert_dataset,rejoignent cette immense contestation populaire,Comportementale,Colère,word,contestation,SitEmo
Albert_dataset,rejoignent cette immense contestation populaire,Comportementale,Colère,word,populaire,SitEmo
Albert_dataset,réclamer,Comportementale,Colère,word,réclamer,SitEmo
Albert_dataset,contestation,Comportementale,Colère,word,contestation,SitEmo
Albert_dataset,se plaigent,Comportementale,Colère,word,plaigent,SitEmo
Albert_dataset,réclament,Comportementale,Colère,word,réclament,SitEmo
Albert_dataset,accusé,Comportementale,Colère,word,accusé,SitEmo
Albert_dataset,volé,Suggérée,Colère,word,volé,SitEmo
Albert_dataset,...,Montrée,Surprise,punctuation,…,SitEmo
Albert_dataset,!,Montrée,Surprise,punctuation,!,SitEmo
Albert_dataset,insuffisant,Suggérée,Colère,word,insuffisant,SitEmo
Albert_dataset,insuffisant,Suggérée,Tristesse,word,insuffisant,SitEmo
Albert_dataset,inquiète,Désignée,Peur,word,inquiète,SitEmo
Albert_dataset,manifesté,Comportementale,Colère,word,manifesté,SitEmo
Albert_dataset,brûlent,Comportementale,Colère,word,brûlent,SitEmo
Albert_dataset,désaccord,Suggérée,Colère,word,désaccord,SitEmo
Albert_dataset,plaintes,Comportementale,Colère,word,plaintes,SitEmo
Albert_dataset,mécontentement,Désignée,Colère,word,mécontentement,SitEmo
Albert_dataset,satisfait,Désignée,Joie,word,satisfait,SitEmo
Albert_dataset,ne participera pas,Suggérée,Tristesse,word,participera,SitEmo
Albert_dataset,admirable,Désignée,Admiration,word,admirable,SitEmo
Albert_dataset,remporte le gros lot,Suggérée,Joie,word,remporte,SitEmo
Albert_dataset,remporte le gros lot,Suggérée,Surprise,word,remporte,SitEmo
Albert_dataset,remporte le gros lot,Suggérée,Joie,word,gros,SitEmo
Albert_dataset,remporte le gros lot,Suggérée,Surprise,word,gros,SitEmo
Albert_dataset,remporte le gros lot,Suggérée,Joie,word,lot,SitEmo
Albert_dataset,remporte le gros lot,Suggérée,Surprise,word,lot,SitEmo
Albert_dataset,...,Montrée,Surprise,punctuation,…,SitEmo
Albert_dataset,!,Montrée,Surprise,punctuation,!,SitEmo
Albert_dataset,"aura remporté l'équivalent de 1,5 millions d'euros",Suggérée,Joie,word,remporté,SitEmo
Albert_dataset,"aura remporté l'équivalent de 1,5 millions d'euros",Suggérée,Joie,word,l'équivalent,SitEmo
Albert_dataset,"aura remporté l'équivalent de 1,5 millions d'euros",Suggérée,Joie,word,millions,SitEmo
Albert_dataset,"aura remporté l'équivalent de 1,5 millions d'euros",Suggérée,Joie,word,d'euros,SitEmo
Albert_dataset,"aura remporté l'équivalent de 1,5 millions d'euros",Suggérée,Joie,punctuation,',SitEmo
Albert_dataset,"aura remporté l'équivalent de 1,5 millions d'euros",Suggérée,Joie,punctuation,",",SitEmo
Albert_dataset,"aura remporté l'équivalent de 1,5 millions d'euros",Suggérée,Joie,punctuation,',SitEmo
Albert_dataset,remporte à nouveau,Suggérée,Surprise,word,remporte,SitEmo
Albert_dataset,remporte à nouveau,Suggérée,Joie,word,remporte,SitEmo
Albert_dataset,remporte à nouveau,Suggérée,Surprise,word,nouveau,SitEmo
Albert_dataset,remporte à nouveau,Suggérée,Joie,word,nouveau,SitEmo
Albert_dataset,...,Montrée,Surprise,punctuation,…,SitEmo
Albert_dataset,!,Montrée,Surprise,punctuation,!,SitEmo
Albert_dataset,n'ose plus mettre les pieds dans son jardin,Suggérée,Peur,word,n'ose,SitEmo
Albert_dataset,n'ose plus mettre les pieds dans son jardin,Suggérée,Peur,word,mettre,SitEmo
Albert_dataset,n'ose plus mettre les pieds dans son jardin,Suggérée,Peur,word,pieds,SitEmo
Albert_dataset,n'ose plus mettre les pieds dans son jardin,Suggérée,Peur,word,jardin,SitEmo
Albert_dataset,n'ose plus mettre les pieds dans son jardin,Suggérée,Peur,punctuation,',SitEmo
Albert_dataset,menaçante,Désignée,Peur,word,menaçante,SitEmo
Albert_dataset,hommage,Comportementale,Tristesse,word,hommage,SitEmo
Albert_dataset,hommage,Comportementale,Admiration,word,hommage,SitEmo
Albert_dataset,s'inquiète,Désignée,Peur,word,s'inquiète,SitEmo
Albert_dataset,s'inquiète,Désignée,Peur,punctuation,',SitEmo
Albert_dataset,inquiétante,Désignée,Peur,word,inquiétante,SitEmo
Albert_dataset,surprise,Désignée,Surprise,word,surprise,SitEmo
Albert_dataset,surprise,Désignée,Peur,word,surprise,SitEmo
Albert_dataset,...,Montrée,Surprise,punctuation,…,SitEmo
Albert_dataset,!,Montrée,Surprise,punctuation,!,SitEmo
Albert_dataset,...,Montrée,Surprise,punctuation,…,SitEmo
Albert_dataset,!,Montrée,Surprise,punctuation,!,SitEmo
Albert_dataset,découvrir; inconnu,Suggérée,Surprise,word,découvrir,SitEmo
Albert_dataset,découvrir; inconnu,Suggérée,Surprise,word,inconnu,SitEmo
Albert_dataset,découvrir; inconnu,Suggérée,Surprise,punctuation,;,SitEmo
Albert_dataset,craignent,Désignée,Peur,word,craignent,SitEmo
Albert_dataset,déforestation,Suggérée,Peur,word,déforestation,SitEmo
Albert_dataset,disputent,Comportementale,Colère,word,disputent,SitEmo
Albert_dataset,inattendus,Désignée,Surprise,word,inattendus,SitEmo
Albert_dataset,Paniqué,Désignée,Peur,word,paniqué,SitEmo
Albert_dataset,découvert,Suggérée,Surprise,word,découvert,SitEmo
Albert_dataset,effrayant,Désignée,Peur,word,effrayant,SitEmo
Albert_dataset,!,Montrée,Surprise,punctuation,!,SitEmo
Albert_dataset,souffrir; moqueries,Suggérée,Tristesse,word,souffrir,SitEmo
Albert_dataset,souffrir; moqueries,Suggérée,Tristesse,word,moqueries,SitEmo
Albert_dataset,souffrir; moqueries,Suggérée,Tristesse,punctuation,;,SitEmo
Albert_dataset,malheureuses,Désignée,Tristesse,word,malheureuses,SitEmo
Albert_dataset,n'aiment pas leur corps,Suggérée,Tristesse,word,n'aiment,SitEmo
Albert_dataset,n'aiment pas leur corps,Suggérée,Tristesse,word,corps,SitEmo
Albert_dataset,n'aiment pas leur corps,Suggérée,Tristesse,punctuation,',SitEmo
Albert_dataset,inhabituelle,Suggérée,Surprise,word,inhabituelle,SitEmo
Albert_dataset,amusé,Désignée,Joie,word,amusé,SitEmo
Albert_dataset,entament de grandes grèves,Comportementale,Colère,word,entament,SitEmo
Albert_dataset,entament de grandes grèves,Comportementale,Colère,word,grandes,SitEmo
Albert_dataset,entament de grandes grèves,Comportementale,Colère,word,grèves,SitEmo
Albert_dataset,réclamer,Comportementale,Colère,word,réclamer,SitEmo
Albert_dataset,drôle,Suggérée,Surprise,word,drôle,SitEmo
Albert_dataset,eu assez d'être réveillé chaque matin,Suggérée,Colère,word,assez,SitEmo
Albert_dataset,eu assez d'être réveillé chaque matin,Suggérée,Colère,word,d'être,SitEmo
Albert_dataset,eu assez d'être réveillé chaque matin,Suggérée,Colère,word,réveillé,SitEmo
Albert_dataset,eu assez d'être réveillé chaque matin,Suggérée,Colère,word,chaque,SitEmo
Albert_dataset,eu assez d'être réveillé chaque matin,Suggérée,Colère,word,matin,SitEmo
Albert_dataset,eu assez d'être réveillé chaque matin,Suggérée,Colère,punctuation,',SitEmo
Albert_dataset,l'indignation,Désignée,Colère,word,l'indignation,SitEmo
Albert_dataset,l'indignation,Désignée,Colère,punctuation,',SitEmo
Albert_dataset,l'indignation,Désignée,Colère,word,l'indignation,SitEmo
Albert_dataset,l'indignation,Désignée,Colère,punctuation,',SitEmo
Albert_dataset,détestait,Suggérée,Tristesse,word,détestait,SitEmo
Albert_dataset,ont pu assister à la retransmission du match,Suggérée,Joie,word,pu,SitEmo
Albert_dataset,ont pu assister à la retransmission du match,Suggérée,Joie,word,assister,SitEmo
Albert_dataset,ont pu assister à la retransmission du match,Suggérée,Joie,word,retransmission,SitEmo
Albert_dataset,ont pu assister à la retransmission du match,Suggérée,Joie,word,match,SitEmo
Albert_dataset,première fois; ont le droit,Suggérée,Joie,word,première,SitEmo
Albert_dataset,première fois; ont le droit,Suggérée,Joie,word,fois,SitEmo
Albert_dataset,première fois; ont le droit,Suggérée,Joie,word,droit,SitEmo
Albert_dataset,première fois; ont le droit,Suggérée,Joie,punctuation,;,SitEmo
Albert_dataset,angoisse,Désignée,Peur,word,angoisse,SitEmo
Albert_dataset,...,Montrée,Surprise,punctuation,…,SitEmo
Albert_dataset,!,Montrée,Surprise,punctuation,!,SitEmo
Albert_dataset,drôle,Suggérée,Surprise,word,drôle,SitEmo
Albert_dataset,célébré,Désignée,Joie,word,célébré,SitEmo
Albert_dataset,originale,Suggérée,Surprise,word,originale,SitEmo
Albert_dataset,a gagné 1500 dollars,Suggérée,Joie,word,gagné,SitEmo
Albert_dataset,a gagné 1500 dollars,Suggérée,Joie,word,dollars,SitEmo
Albert_dataset,redoute,Désignée,Peur,word,redoute,SitEmo
Albert_dataset,fâchés,Désignée,Colère,word,fâchés,SitEmo
Albert_dataset,mette un frein,Suggérée,Peur,word,mette,SitEmo
Albert_dataset,mette un frein,Suggérée,Peur,word,frein,SitEmo
Albert_dataset,tensions,Suggérée,Colère,word,tensions,SitEmo
Albert_dataset,ne s'entend pas du tout,Suggérée,Colère,word,s'entend,SitEmo
Albert_dataset,ne s'entend pas du tout,Suggérée,Colère,punctuation,',SitEmo
Albert_dataset,insultent,Comportementale,Colère,word,insultent,SitEmo
Albert_dataset,dément,Comportementale,Colère,word,dément,SitEmo
Albert_dataset,accuser,Comportementale,Colère,word,accuser,SitEmo
Albert_dataset,s'attaquer,Comportementale,Colère,word,s'attaquer,SitEmo
Albert_dataset,s'attaquer,Comportementale,Colère,punctuation,',SitEmo
Albert_dataset,attaques,Comportementale,Colère,word,attaques,SitEmo
Albert_dataset,cacher,Suggérée,Colère,word,cacher,SitEmo
Albert_dataset,effacé,Suggérée,Colère,word,effacé,SitEmo
Albert_dataset,cacher,Suggérée,Colère,word,cacher,SitEmo
Albert_dataset,agressées,Suggérée,Colère,word,agressées,SitEmo
Albert_dataset,accuser; déstabiliser,Suggérée,Colère,word,accuser,SitEmo
Albert_dataset,accuser; déstabiliser,Suggérée,Colère,word,déstabiliser,SitEmo
Albert_dataset,accuser; déstabiliser,Suggérée,Colère,punctuation,;,SitEmo
Albert_dataset,accuse,Comportementale,Colère,word,accuse,SitEmo
Albert_dataset,reproche,Comportementale,Colère,word,reproche,SitEmo
Albert_dataset,reproche,Comportementale,Colère,word,reproche,SitEmo
Albert_dataset,accuse,Comportementale,Colère,word,accuse,SitEmo
Albert_dataset,s'en prend,Comportementale,Colère,word,s'en,SitEmo
Albert_dataset,s'en prend,Comportementale,Colère,word,prend,SitEmo
Albert_dataset,s'en prend,Comportementale,Colère,punctuation,',SitEmo
Albert_dataset,surprise,Désignée,Surprise,word,surprise,SitEmo
Albert_dataset,...,Montrée,Surprise,punctuation,…,SitEmo
Albert_dataset,!,Montrée,Surprise,punctuation,!,SitEmo
Albert_dataset,désaccord,Suggérée,Colère,word,désaccord,SitEmo
Albert_dataset,désaccord,Suggérée,Colère,word,désaccord,SitEmo
Albert_dataset,déshonorant,Désignée,Embarras,word,déshonorant,SitEmo
Albert_dataset,refusent,Comportementale,Colère,word,refusent,SitEmo
Albert_dataset,Oups,Montrée,Surprise,word,oups,SitEmo
Albert_dataset,!,Montrée,Surprise,punctuation,!,SitEmo
Albert_dataset,agressif,Désignée,Colère,word,agressif,SitEmo
Albert_dataset,accuse,Comportementale,Colère,word,accuse,SitEmo
Albert_dataset,accusant,Comportementale,Colère,word,accusant,SitEmo
Albert_dataset,tendu,Suggérée,Colère,word,tendu,SitEmo
Albert_dataset,terroristes,Suggérée,Colère,word,terroristes,SitEmo
Albert_dataset,crimininels; trafiquants,Suggérée,Colère,word,crimininels,SitEmo
Albert_dataset,crimininels; trafiquants,Suggérée,Colère,word,trafiquants,SitEmo
Albert_dataset,crimininels; trafiquants,Suggérée,Colère,punctuation,;,SitEmo
Albert_dataset,relations  tendues,Comportementale,Colère,word,relations,SitEmo
Albert_dataset,relations  tendues,Comportementale,Colère,word,tendues,SitEmo
Albert_dataset,conflit,Suggérée,Colère,word,conflit,SitEmo
Albert_dataset,champagne a été servi,Suggérée,Joie,word,champagne,SitEmo
Albert_dataset,champagne a été servi,Suggérée,Joie,word,servi,SitEmo
Albert_dataset,célébrer,Comportementale,Joie,word,célébrer,SitEmo
Albert_dataset,évènement historique,Suggérée,Joie,word,évènement,SitEmo
Albert_dataset,évènement historique,Suggérée,Joie,word,historique,SitEmo
Albert_dataset,pour la première fois,Montrée,Joie,word,première,SitEmo
Albert_dataset,pour la première fois,Montrée,Admiration,word,première,SitEmo
Albert_dataset,pour la première fois,Montrée,Joie,word,fois,SitEmo
Albert_dataset,pour la première fois,Montrée,Admiration,word,fois,SitEmo
Albert_dataset,peur,Désignée,Peur,word,peur,SitEmo
Albert_dataset,menaçait,Désignée,Peur,word,menaçait,SitEmo
Albert_dataset,évacuer leurs maisons,Comportementale,Peur,word,évacuer,SitEmo
Albert_dataset,évacuer leurs maisons,Comportementale,Peur,word,maisons,SitEmo
Albert_dataset,se rompe; tsunami,Suggérée,Peur,word,rompe,SitEmo
Albert_dataset,se rompe; tsunami,Suggérée,Peur,word,tsunami,SitEmo
Albert_dataset,se rompe; tsunami,Suggérée,Peur,punctuation,;,SitEmo
Albert_dataset,craignaient,Désignée,Peur,word,craignaient,SitEmo
Albert_dataset,affront,Désignée,Embarras,word,affront,SitEmo
Albert_dataset,victoire,Suggérée,Joie,word,victoire,SitEmo
Albert_dataset,sont restés coincés dans une grotte,Suggérée,Peur,word,restés,SitEmo
Albert_dataset,sont restés coincés dans une grotte,Suggérée,Peur,word,coincés,SitEmo
Albert_dataset,sont restés coincés dans une grotte,Suggérée,Peur,word,grotte,SitEmo
Albert_dataset,...,Montrée,Surprise,punctuation,…,SitEmo
Albert_dataset,!,Montrée,Surprise,punctuation,!,SitEmo
Albert_dataset,...,Montrée,Surprise,punctuation,…,SitEmo
Albert_dataset,!,Montrée,Surprise,punctuation,!,SitEmo
Albert_dataset,originale,Suggérée,Surprise,word,originale,SitEmo
Albert_dataset,préfèrent garder leurs enfants en sécurité à la maison,Suggérée,Peur,word,préfèrent,SitEmo
Albert_dataset,préfèrent garder leurs enfants en sécurité à la maison,Suggérée,Peur,word,garder,SitEmo
Albert_dataset,préfèrent garder leurs enfants en sécurité à la maison,Suggérée,Peur,word,enfants,SitEmo
Albert_dataset,préfèrent garder leurs enfants en sécurité à la maison,Suggérée,Peur,word,sécurité,SitEmo
Albert_dataset,préfèrent garder leurs enfants en sécurité à la maison,Suggérée,Peur,word,maison,SitEmo
Albert_dataset,détruites; bombardement,Suggérée,Peur,word,détruites,SitEmo
Albert_dataset,détruites; bombardement,Suggérée,Peur,word,bombardement,SitEmo
Albert_dataset,détruites; bombardement,Suggérée,Peur,punctuation,;,SitEmo
Albert_dataset,plongée dans le noir,Suggérée,Surprise,word,plongée,SitEmo
Albert_dataset,plongée dans le noir,Suggérée,Surprise,word,noir,SitEmo
Albert_dataset,impressionants,Désignée,Admiration,word,impressionants,SitEmo
Albert_dataset,...,Montrée,Surprise,punctuation,…,SitEmo
Albert_dataset,!,Montrée,Surprise,punctuation,!,SitEmo
Albert_dataset,la surprise,Désignée,Surprise,word,surprise,SitEmo
Albert_dataset,s'amuser,Comportementale,Joie,word,s'amuser,SitEmo
Albert_dataset,s'amuser,Comportementale,Joie,punctuation,',SitEmo
Albert_dataset,détruits,Suggérée,Peur,word,détruits,SitEmo
Albert_dataset,...,Montrée,Surprise,punctuation,…,SitEmo
Albert_dataset,hilares,Désignée,Joie,word,hilares,SitEmo
Albert_dataset,peu ragoûtant,Suggérée,Dégoût,word,peu,SitEmo
Albert_dataset,peu ragoûtant,Suggérée,Dégoût,word,ragoûtant,SitEmo
Albert_dataset,drôle,Suggérée,Surprise,word,drôle,SitEmo
Albert_dataset,...,Montrée,Surprise,punctuation,…,SitEmo
Albert_dataset,!,Montrée,Surprise,punctuation,!,SitEmo
Albert_dataset,déposer une plainte; nuisances,Comportementale,Colère,word,déposer,SitEmo
Albert_dataset,déposer une plainte; nuisances,Comportementale,Colère,word,plainte,SitEmo
Albert_dataset,déposer une plainte; nuisances,Comportementale,Colère,word,nuisances,SitEmo
Albert_dataset,déposer une plainte; nuisances,Comportementale,Colère,punctuation,;,SitEmo
Albert_dataset,révolte,Comportementale,Colère,word,révolte,SitEmo
Albert_dataset,...,Montrée,Surprise,punctuation,…,SitEmo
Albert_dataset,!,Montrée,Surprise,punctuation,!,SitEmo
Albert_dataset,tués; défenses arrachées,Suggérée,Tristesse,word,tués,SitEmo
Albert_dataset,tués; défenses arrachées,Suggérée,Colère,word,tués,SitEmo
Albert_dataset,tués; défenses arrachées,Suggérée,Tristesse,word,défenses,SitEmo
Albert_dataset,tués; défenses arrachées,Suggérée,Colère,word,défenses,SitEmo
Albert_dataset,tués; défenses arrachées,Suggérée,Tristesse,word,arrachées,SitEmo
Albert_dataset,tués; défenses arrachées,Suggérée,Colère,word,arrachées,SitEmo
Albert_dataset,tués; défenses arrachées,Suggérée,Tristesse,punctuation,;,SitEmo
Albert_dataset,tués; défenses arrachées,Suggérée,Colère,punctuation,;,SitEmo
Albert_dataset,"morts, victimes de braconnage",Suggérée,Colère,word,morts,SitEmo
Albert_dataset,"morts, victimes de braconnage",Suggérée,Tristesse,word,morts,SitEmo
Albert_dataset,"morts, victimes de braconnage",Suggérée,Colère,word,victimes,SitEmo
Albert_dataset,"morts, victimes de braconnage",Suggérée,Tristesse,word,victimes,SitEmo
Albert_dataset,"morts, victimes de braconnage",Suggérée,Colère,word,braconnage,SitEmo
Albert_dataset,"morts, victimes de braconnage",Suggérée,Tristesse,word,braconnage,SitEmo
Albert_dataset,"morts, victimes de braconnage",Suggérée,Colère,punctuation,",",SitEmo
Albert_dataset,"morts, victimes de braconnage",Suggérée,Tristesse,punctuation,",",SitEmo
Albert_dataset,interdisant,Suggérée,Colère,word,interdisant,SitEmo
Albert_dataset,pleuraient; joie,Comportementale,Joie,word,pleuraient,SitEmo
Albert_dataset,pleuraient; joie,Comportementale,Joie,word,joie,SitEmo
Albert_dataset,pleuraient; joie,Comportementale,Joie,punctuation,;,SitEmo
Albert_dataset,revendiquaient,Comportementale,Colère,word,revendiquaient,SitEmo
Albert_dataset,décision historique,Suggérée,Joie,word,décision,SitEmo
Albert_dataset,décision historique,Suggérée,Joie,word,historique,SitEmo
Albert_dataset,joie,Désignée,Joie,word,joie,SitEmo
Albert_dataset,...,Montrée,Surprise,punctuation,…,SitEmo
Albert_dataset,!,Montrée,Surprise,punctuation,!,SitEmo
Albert_dataset,terminer leur course à pied,Comportementale,Peur,word,terminer,SitEmo
Albert_dataset,terminer leur course à pied,Comportementale,Peur,word,course,SitEmo
Albert_dataset,terminer leur course à pied,Comportementale,Peur,word,pied,SitEmo
Albert_dataset,se cacher,Comportementale,Peur,word,cacher,SitEmo
Albert_dataset,abandonner leur voiture,Comportementale,Peur,word,abandonner,SitEmo
Albert_dataset,abandonner leur voiture,Comportementale,Peur,word,voiture,SitEmo
Albert_dataset,pris la fuite,Comportementale,Peur,word,pris,SitEmo
Albert_dataset,pris la fuite,Comportementale,Peur,word,fuite,SitEmo
Albert_dataset,échapper à un contrôle routier,Comportementale,Peur,word,échapper,SitEmo
Albert_dataset,échapper à un contrôle routier,Comportementale,Peur,word,contrôle,SitEmo
Albert_dataset,échapper à un contrôle routier,Comportementale,Peur,word,routier,SitEmo
Albert_dataset,escaladé un mur,Comportementale,Peur,word,escaladé,SitEmo
Albert_dataset,escaladé un mur,Comportementale,Peur,word,mur,SitEmo
Albert_dataset,sauté,Comportementale,Peur,word,sauté,SitEmo
Albert_dataset,...,Montrée,Surprise,punctuation,…,SitEmo
Albert_dataset,!,Montrée,Surprise,punctuation,!,SitEmo
Albert_dataset,!,Montrée,Surprise,punctuation,!,SitEmo
Albert_dataset,...,Montrée,Surprise,punctuation,…,SitEmo
Albert_dataset,!,Montrée,Surprise,punctuation,!,SitEmo
Albert_dataset,!,Montrée,Surprise,punctuation,!,SitEmo
Albert_dataset,actionné l'alarme,Comportementale,Peur,word,actionné,SitEmo
Albert_dataset,actionné l'alarme,Comportementale,Peur,word,l'alarme,SitEmo
Albert_dataset,actionné l'alarme,Comportementale,Peur,punctuation,',SitEmo
Albert_dataset,un ours s’est introduit dans le véhicule,Suggérée,Peur,word,ours,SitEmo
Albert_dataset,un ours s’est introduit dans le véhicule,Suggérée,Peur,word,introduit,SitEmo
Albert_dataset,un ours s’est introduit dans le véhicule,Suggérée,Peur,word,véhicule,SitEmo
Albert_dataset,pris la fuite,Comportementale,Peur,word,pris,SitEmo
Albert_dataset,pris la fuite,Comportementale,Peur,word,fuite,SitEmo
Albert_dataset,détresse,Désignée,Peur,word,détresse,SitEmo
Albert_dataset,fuient,Comportementale,Peur,word,fuient,SitEmo
Albert_dataset,détresse,Désignée,Peur,word,détresse,SitEmo
Albert_dataset,exceptionnelle,Suggérée,Joie,word,exceptionnelle,SitEmo
Albert_dataset,sanglante,Suggérée,Peur,word,sanglante,SitEmo
Albert_dataset,terribles,Désignée,Peur,word,terribles,SitEmo
Albert_dataset,porté plainte,Comportementale,Colère,word,porté,SitEmo
Albert_dataset,porté plainte,Comportementale,Colère,word,plainte,SitEmo
Albert_dataset,s'affronter,Comportementale,Colère,word,s'affronter,SitEmo
Albert_dataset,s'affronter,Comportementale,Colère,punctuation,',SitEmo
Albert_dataset,menacer,Désignée,Peur,word,menacer,SitEmo
Albert_dataset,revendique,Comportementale,Colère,word,revendique,SitEmo
Albert_dataset,conflit,Comportementale,Colère,word,conflit,SitEmo
Albert_dataset,s'affronteront; conflits,Comportementale,Colère,word,s'affronteront,SitEmo
Albert_dataset,s'affronteront; conflits,Comportementale,Colère,word,conflits,SitEmo
Albert_dataset,s'affronteront; conflits,Comportementale,Colère,punctuation,',SitEmo
Albert_dataset,s'affronteront; conflits,Comportementale,Colère,punctuation,;,SitEmo
Albert_dataset,drôle,Suggérée,Surprise,word,drôle,SitEmo
Albert_dataset,...,Montrée,Surprise,punctuation,…,SitEmo
Albert_dataset,!,Montrée,Surprise,punctuation,!,SitEmo
Albert_dataset,a pris une gifle par les huit tentacules du poulpe,Suggérée,Surprise,word,pris,SitEmo
Albert_dataset,a pris une gifle par les huit tentacules du poulpe,Suggérée,Surprise,word,gifle,SitEmo
Albert_dataset,a pris une gifle par les huit tentacules du poulpe,Suggérée,Surprise,word,huit,SitEmo
Albert_dataset,a pris une gifle par les huit tentacules du poulpe,Suggérée,Surprise,word,tentacules,SitEmo
Albert_dataset,a pris une gifle par les huit tentacules du poulpe,Suggérée,Surprise,word,poulpe,SitEmo
Albert_dataset,...,Montrée,Surprise,punctuation,…,SitEmo
Albert_dataset,!,Montrée,Surprise,punctuation,!,SitEmo
Albert_dataset,alerte les gendarmes,Comportementale,Peur,word,alerte,SitEmo
Albert_dataset,alerte les gendarmes,Comportementale,Peur,word,gendarmes,SitEmo
Albert_dataset,réclamait,Comportementale,Colère,word,réclamait,SitEmo
Albert_dataset,...,Montrée,Surprise,punctuation,…,SitEmo
Albert_dataset,!,Montrée,Surprise,punctuation,!,SitEmo
Albert_dataset,inédite,Suggérée,Surprise,word,inédite,SitEmo
Albert_dataset,tensions,Désignée,Colère,word,tensions,SitEmo
Albert_dataset,réclame,Comportementale,Colère,word,réclame,SitEmo
Albert_dataset,conflit,Comportementale,Colère,word,conflit,SitEmo
Albert_dataset,!,Montrée,Surprise,punctuation,!,SitEmo
Albert_dataset,coups de fils intempestifs,Suggérée,Colère,word,coups,SitEmo
Albert_dataset,coups de fils intempestifs,Suggérée,Colère,word,fils,SitEmo
Albert_dataset,coups de fils intempestifs,Suggérée,Colère,word,intempestifs,SitEmo
Albert_dataset,barraient les routes,Comportementale,Colère,word,barraient,SitEmo
Albert_dataset,barraient les routes,Comportementale,Colère,word,routes,SitEmo
Albert_dataset,déversaient des litres de lait,Comportementale,Colère,word,déversaient,SitEmo
Albert_dataset,déversaient des litres de lait,Comportementale,Colère,word,litres,SitEmo
Albert_dataset,déversaient des litres de lait,Comportementale,Colère,word,lait,SitEmo
Albert_dataset,manifestent,Comportementale,Colère,word,manifestent,SitEmo
Albert_dataset,persécutions,Désignée,Peur,word,persécutions,SitEmo
Albert_dataset,persécutions,Désignée,Tristesse,word,persécutions,SitEmo
Albert_dataset,quittent la France,Comportementale,Peur,word,quittent,SitEmo
Albert_dataset,quittent la France,Comportementale,Peur,word,france,SitEmo
Albert_dataset,déchirée; guerre,Suggérée,Peur,word,déchirée,SitEmo
Albert_dataset,déchirée; guerre,Suggérée,Colère,word,déchirée,SitEmo
Albert_dataset,déchirée; guerre,Suggérée,Peur,word,guerre,SitEmo
Albert_dataset,déchirée; guerre,Suggérée,Colère,word,guerre,SitEmo
Albert_dataset,déchirée; guerre,Suggérée,Peur,punctuation,;,SitEmo
Albert_dataset,déchirée; guerre,Suggérée,Colère,punctuation,;,SitEmo
Albert_dataset,sidérés,Désignée,Surprise,word,sidérés,SitEmo
Albert_dataset,!,Montrée,Surprise,punctuation,!,SitEmo
Albert_dataset,...,Montrée,Surprise,punctuation,…,SitEmo
Albert_dataset,Dépressif,Désignée,Tristesse,word,dépressif,SitEmo
Albert_dataset,tensions,Désignée,Colère,word,tensions,SitEmo
Albert_dataset,n'ont aucune envie,Suggérée,Colère,word,n'ont,SitEmo
Albert_dataset,n'ont aucune envie,Suggérée,Colère,word,aucune,SitEmo
Albert_dataset,n'ont aucune envie,Suggérée,Colère,word,envie,SitEmo
Albert_dataset,n'ont aucune envie,Suggérée,Colère,punctuation,',SitEmo
Albert_dataset,n'est s'était pas revus,Suggérée,Joie,word,n'est,SitEmo
Albert_dataset,n'est s'était pas revus,Suggérée,Joie,word,s'était,SitEmo
Albert_dataset,n'est s'était pas revus,Suggérée,Joie,word,revus,SitEmo
Albert_dataset,n'est s'était pas revus,Suggérée,Joie,punctuation,',SitEmo
Albert_dataset,n'est s'était pas revus,Suggérée,Joie,punctuation,',SitEmo
Albert_dataset,"retrouver, éteindre et embrasser des membres de leur famille restés au Mexique",Suggérée,Joie,word,retrouver,SitEmo
Albert_dataset,"retrouver, éteindre et embrasser des membres de leur famille restés au Mexique",Suggérée,Joie,word,éteindre,SitEmo
Albert_dataset,"retrouver, éteindre et embrasser des membres de leur famille restés au Mexique",Suggérée,Joie,word,embrasser,SitEmo
Albert_dataset,"retrouver, éteindre et embrasser des membres de leur famille restés au Mexique",Suggérée,Joie,word,membres,SitEmo
Albert_dataset,"retrouver, éteindre et embrasser des membres de leur famille restés au Mexique",Suggérée,Joie,word,famille,SitEmo
Albert_dataset,"retrouver, éteindre et embrasser des membres de leur famille restés au Mexique",Suggérée,Joie,word,restés,SitEmo
Albert_dataset,"retrouver, éteindre et embrasser des membres de leur famille restés au Mexique",Suggérée,Joie,word,mexique,SitEmo
Albert_dataset,"retrouver, éteindre et embrasser des membres de leur famille restés au Mexique",Suggérée,Joie,punctuation,",",SitEmo
Albert_dataset,endeuillée,Désignée,Tristesse,word,endeuillée,SitEmo
Albert_dataset,rendait hommage,Comportementale,Tristesse,word,rendait,SitEmo
Albert_dataset,rendait hommage,Comportementale,Tristesse,word,hommage,SitEmo
Albert_dataset,drôle,Suggérée,Surprise,word,drôle,SitEmo
Albert_dataset,...,Montrée,Surprise,punctuation,…,SitEmo
Albert_dataset,!,Montrée,Surprise,punctuation,!,SitEmo
Albert_dataset,...,Montrée,Surprise,punctuation,…,SitEmo
Albert_dataset,!,Montrée,Surprise,punctuation,!,SitEmo
Albert_dataset,surprenant,Désignée,Surprise,word,surprenant,SitEmo
Albert_dataset,surpris,Désignée,Surprise,word,surpris,SitEmo
Albert_dataset,exceptionnel,Suggérée,Admiration,word,exceptionnel,SitEmo
Albert_dataset,beurk,Montrée,Dégoût,word,beurk,SitEmo
Albert_dataset,dégoût,Désignée,Dégoût,word,dégoût,SitEmo
Albert_dataset,!,Montrée,Dégoût,punctuation,!,SitEmo
Albert_dataset,dégoûtants,Désignée,Dégoût,word,dégoûtants,SitEmo
Albert_dataset,étonnant,Désignée,Surprise,word,étonnant,SitEmo
Albert_dataset,...,Montrée,Surprise,punctuation,…,SitEmo
Albert_dataset,!,Montrée,Surprise,punctuation,!,SitEmo
Albert_dataset,accusent,Comportementale,Colère,word,accusent,SitEmo
Albert_dataset,avoir fait tuer,Suggérée,Colère,word,tuer,SitEmo
Albert_dataset,avait fui,Comportementale,Peur,word,fui,SitEmo
Albert_dataset,drôle,Suggérée,Surprise,word,drôle,SitEmo
Albert_dataset,...,Montrée,Surprise,punctuation,…,SitEmo
Albert_dataset,!,Montrée,Surprise,punctuation,!,SitEmo
Albert_dataset,étrange,Suggérée,Surprise,word,étrange,SitEmo
Albert_dataset,en danger,Suggérée,Peur,word,danger,SitEmo
Albert_dataset,alarmant,Désignée,Peur,word,alarmant,SitEmo
Albert_dataset,alarmantes,Désignée,Peur,word,alarmantes,SitEmo
Albert_dataset,plus de la moitié des populations d’animaux ont disparu et de nombreuses espèces sont menacées,Suggérée,Peur,word,moitié,SitEmo
Albert_dataset,plus de la moitié des populations d’animaux ont disparu et de nombreuses espèces sont menacées,Suggérée,Peur,word,populations,SitEmo
Albert_dataset,plus de la moitié des populations d’animaux ont disparu et de nombreuses espèces sont menacées,Suggérée,Peur,word,animaux,SitEmo
Albert_dataset,plus de la moitié des populations d’animaux ont disparu et de nombreuses espèces sont menacées,Suggérée,Peur,word,disparu,SitEmo
Albert_dataset,plus de la moitié des populations d’animaux ont disparu et de nombreuses espèces sont menacées,Suggérée,Peur,word,nombreuses,SitEmo
Albert_dataset,plus de la moitié des populations d’animaux ont disparu et de nombreuses espèces sont menacées,Suggérée,Peur,word,espèces,SitEmo
Albert_dataset,plus de la moitié des populations d’animaux ont disparu et de nombreuses espèces sont menacées,Suggérée,Peur,word,menacées,SitEmo
Albert_dataset,ont applaudi,Comportementale,Joie,word,applaudi,SitEmo
Albert_dataset,ont applaudi,Comportementale,Admiration,word,applaudi,SitEmo
Albert_dataset,est applaudi,Comportementale,Admiration,word,applaudi,SitEmo
Albert_dataset,salué,Suggérée,Admiration,word,salué,SitEmo
Albert_dataset,colère,Désignée,Colère,word,colère,SitEmo
Albert_dataset,les prix ont augmenté,Suggérée,Colère,word,prix,SitEmo
Albert_dataset,les prix ont augmenté,Suggérée,Colère,word,augmenté,SitEmo
Albert_dataset,protestation; bloquant des routes,Comportementale,Colère,word,protestation,SitEmo
Albert_dataset,protestation; bloquant des routes,Comportementale,Colère,word,bloquant,SitEmo
Albert_dataset,protestation; bloquant des routes,Comportementale,Colère,word,routes,SitEmo
Albert_dataset,protestation; bloquant des routes,Comportementale,Colère,punctuation,;,SitEmo
Albert_dataset,colère,Désignée,Colère,word,colère,SitEmo
Albert_dataset,blocages des routes,Comportementale,Colère,word,blocages,SitEmo
Albert_dataset,blocages des routes,Comportementale,Colère,word,routes,SitEmo
Albert_dataset,mécontentement,Désignée,Colère,word,mécontentement,SitEmo
Albert_dataset,la forte hausse des prix,Suggérée,Colère,word,forte,SitEmo
Albert_dataset,la forte hausse des prix,Suggérée,Colère,word,hausse,SitEmo
Albert_dataset,la forte hausse des prix,Suggérée,Colère,word,prix,SitEmo
Albert_dataset,mécontents,Désignée,Colère,word,mécontents,SitEmo
Albert_dataset,!,Montrée,Surprise,punctuation,!,SitEmo
Albert_dataset,L'histoire aurait pu être inventée pour Halloween,Montrée,Surprise,word,l'histoire,SitEmo
Albert_dataset,L'histoire aurait pu être inventée pour Halloween,Montrée,Surprise,word,aurait,SitEmo
Albert_dataset,L'histoire aurait pu être inventée pour Halloween,Montrée,Surprise,word,pu,SitEmo
Albert_dataset,L'histoire aurait pu être inventée pour Halloween,Montrée,Surprise,word,inventée,SitEmo
Albert_dataset,L'histoire aurait pu être inventée pour Halloween,Montrée,Surprise,word,halloween,SitEmo
Albert_dataset,L'histoire aurait pu être inventée pour Halloween,Montrée,Surprise,punctuation,',SitEmo
Albert_dataset,Cela pourrait tenir du miracle religieux,Montrée,Surprise,word,pourrait,SitEmo
Albert_dataset,Cela pourrait tenir du miracle religieux,Montrée,Surprise,word,tenir,SitEmo
Albert_dataset,Cela pourrait tenir du miracle religieux,Montrée,Surprise,word,miracle,SitEmo
Albert_dataset,Cela pourrait tenir du miracle religieux,Montrée,Surprise,word,religieux,SitEmo
Albert_dataset,améliorer la vie,Suggérée,Joie,word,améliorer,SitEmo
Albert_dataset,améliorer la vie,Suggérée,Joie,word,vie,SitEmo
Albert_dataset,extraordinaire,Désignée,Admiration,word,extraordinaire,SitEmo
Albert_dataset,prouesse,Suggérée,Admiration,word,prouesse,SitEmo
Albert_dataset,surprise,Désignée,Surprise,word,surprise,SitEmo
Albert_dataset,hors du commun,Désignée,Surprise,word,hors,SitEmo
Albert_dataset,hors du commun,Désignée,Surprise,word,commun,SitEmo
Albert_dataset,...,Montrée,Surprise,punctuation,…,SitEmo
Albert_dataset,réclamait,Comportementale,Colère,word,réclamait,SitEmo
Albert_dataset,bonheur,Désignée,Joie,word,bonheur,SitEmo
Albert_dataset,s'opposent,Comportementale,Colère,word,s'opposent,SitEmo
Albert_dataset,s'opposent,Comportementale,Colère,punctuation,',SitEmo
Albert_dataset,s'affrontent,Comportementale,Colère,word,s'affrontent,SitEmo
Albert_dataset,s'affrontent,Comportementale,Colère,punctuation,',SitEmo
Albert_dataset,!,Montrée,Surprise,punctuation,!,SitEmo
Albert_dataset,inédite,Suggérée,Surprise,word,inédite,SitEmo
Albert_dataset,menacer,Désignée,Peur,word,menacer,SitEmo
Albert_dataset,encourageant,Désignée,Joie,word,encourageant,SitEmo
Albert_dataset,...,Montrée,Surprise,punctuation,…,SitEmo
Albert_dataset,!,Montrée,Surprise,punctuation,!,SitEmo
Albert_dataset,heureuses,Désignée,Joie,word,heureuses,SitEmo
Albert_dataset,terrible bilan,Suggérée,Tristesse,word,terrible,SitEmo
Albert_dataset,terrible bilan,Suggérée,Tristesse,word,bilan,SitEmo
Albert_dataset,découverte hors du commun,Suggérée,Surprise,word,découverte,SitEmo
Albert_dataset,découverte hors du commun,Suggérée,Surprise,word,hors,SitEmo
Albert_dataset,découverte hors du commun,Suggérée,Surprise,word,commun,SitEmo
Albert_dataset,...,Montrée,Surprise,punctuation,…,SitEmo
Albert_dataset,!,Montrée,Surprise,punctuation,!,SitEmo
Albert_dataset,critiqué,Comportementale,Colère,word,critiqué,SitEmo
Albert_dataset,amusé,Désignée,Joie,word,amusé,SitEmo
Albert_dataset,étonnante,Désignée,Surprise,word,étonnante,SitEmo
Albert_dataset,étrange,Désignée,Surprise,word,étrange,SitEmo
Albert_dataset,émerveillés,Désignée,Surprise,word,émerveillés,SitEmo
Albert_dataset,émerveillés; prouesse,Suggérée,Admiration,word,émerveillés,SitEmo
Albert_dataset,émerveillés; prouesse,Suggérée,Admiration,word,prouesse,SitEmo
Albert_dataset,émerveillés; prouesse,Suggérée,Admiration,punctuation,;,SitEmo
Albert_dataset,!,Montrée,Surprise,punctuation,!,SitEmo
Albert_dataset,...,Montrée,Surprise,punctuation,…,SitEmo
Albert_dataset,sous le coup de l'émotion,Suggérée,Joie,word,coup,SitEmo
Albert_dataset,sous le coup de l'émotion,Suggérée,Joie,word,l'émotion,SitEmo
Albert_dataset,sous le coup de l'émotion,Suggérée,Joie,punctuation,',SitEmo
Albert_dataset,Heureusement,Désignée,Joie,word,heureusement,SitEmo
Albert_dataset,bloquent,Comportementale,Colère,word,bloquent,SitEmo
Albert_dataset,manifestent,Comportementale,Colère,word,manifestent,SitEmo
Albert_dataset,mécontentement,Désignée,Colère,word,mécontentement,SitEmo
Albert_dataset,bloquer,Comportementale,Colère,word,bloquer,SitEmo
Albert_dataset,colère,Désignée,Colère,word,colère,SitEmo
Albert_dataset,la hausse des taxes sur le carburant,Suggérée,Colère,word,hausse,SitEmo
Albert_dataset,la hausse des taxes sur le carburant,Suggérée,Colère,word,taxes,SitEmo
Albert_dataset,la hausse des taxes sur le carburant,Suggérée,Colère,word,carburant,SitEmo
Albert_dataset,ne gagnent pas sufisamment d'argent pour pouvoir vivre dignement,Suggérée,Colère,word,gagnent,SitEmo
Albert_dataset,ne gagnent pas sufisamment d'argent pour pouvoir vivre dignement,Suggérée,Colère,word,sufisamment,SitEmo
Albert_dataset,ne gagnent pas sufisamment d'argent pour pouvoir vivre dignement,Suggérée,Colère,word,d'argent,SitEmo
Albert_dataset,ne gagnent pas sufisamment d'argent pour pouvoir vivre dignement,Suggérée,Colère,word,vivre,SitEmo
Albert_dataset,ne gagnent pas sufisamment d'argent pour pouvoir vivre dignement,Suggérée,Colère,word,dignement,SitEmo
Albert_dataset,ne gagnent pas sufisamment d'argent pour pouvoir vivre dignement,Suggérée,Colère,punctuation,',SitEmo
Albert_dataset,tenté d'incendier,Comportementale,Colère,word,tenté,SitEmo
Albert_dataset,tenté d'incendier,Comportementale,Colère,word,d'incendier,SitEmo
Albert_dataset,tenté d'incendier,Comportementale,Colère,punctuation,',SitEmo
Albert_dataset,manifestations; barrage,Comportementale,Colère,word,manifestations,SitEmo
Albert_dataset,manifestations; barrage,Comportementale,Colère,word,barrage,SitEmo
Albert_dataset,manifestations; barrage,Comportementale,Colère,punctuation,;,SitEmo
Albert_dataset,entamé leur propre mouvement,Comportementale,Colère,word,entamé,SitEmo
Albert_dataset,entamé leur propre mouvement,Comportementale,Colère,word,propre,SitEmo
Albert_dataset,entamé leur propre mouvement,Comportementale,Colère,word,mouvement,SitEmo
Albert_dataset,protester,Comportementale,Colère,word,protester,SitEmo
Albert_dataset,enfilé un gilet jaune,Comportementale,Colère,word,enfilé,SitEmo
Albert_dataset,enfilé un gilet jaune,Comportementale,Colère,word,gilet,SitEmo
Albert_dataset,enfilé un gilet jaune,Comportementale,Colère,word,jaune,SitEmo
Albert_dataset,mouvement de protestation,Comportementale,Colère,word,mouvement,SitEmo
Albert_dataset,mouvement de protestation,Comportementale,Colère,word,protestation,SitEmo
Albert_dataset,augmentation,Suggérée,Colère,word,augmentation,SitEmo
Albert_dataset,hausse,Suggérée,Colère,word,hausse,SitEmo
Albert_dataset,augmentation,Suggérée,Colère,word,augmentation,SitEmo
Albert_dataset,mouvements de blocage,Comportementale,Colère,word,mouvements,SitEmo
Albert_dataset,mouvements de blocage,Comportementale,Colère,word,blocage,SitEmo
Albert_dataset,revendique,Comportementale,Colère,word,revendique,SitEmo
Albert_dataset,revendications,Comportementale,Colère,word,revendications,SitEmo
Albert_dataset,lutte,Comportementale,Colère,word,lutte,SitEmo
Albert_dataset,lutte,Comportementale,Colère,word,lutte,SitEmo
Albert_dataset,revendications,Comportementale,Colère,word,revendications,SitEmo
Albert_dataset,réclamaient,Comportementale,Colère,word,réclamaient,SitEmo
Albert_dataset,colère,Désignée,Colère,word,colère,SitEmo
Albert_dataset,dénonçaient,Comportementale,Colère,word,dénonçaient,SitEmo
Albert_dataset,!,Montrée,Surprise,punctuation,!,SitEmo
Albert_dataset,peu banal,Suggérée,Surprise,word,peu,SitEmo
Albert_dataset,peu banal,Suggérée,Surprise,word,banal,SitEmo
Albert_dataset,...,Montrée,Surprise,punctuation,…,SitEmo
Albert_dataset,insolites,Désignée,Surprise,word,insolites,SitEmo
Albert_dataset,fascine,Suggérée,Admiration,word,fascine,SitEmo
Albert_dataset,...,Montrée,Surprise,punctuation,…,SitEmo
Albert_dataset,n'a rien de,Montrée,Surprise,word,n'a,SitEmo
Albert_dataset,n'a rien de,Montrée,Surprise,punctuation,',SitEmo
Albert_dataset,s'inquiètent,Désignée,Peur,word,s'inquiètent,SitEmo
Albert_dataset,s'inquiètent,Désignée,Peur,punctuation,',SitEmo
Albert_dataset,réduites; exploiter,Suggérée,Peur,word,réduites,SitEmo
Albert_dataset,réduites; exploiter,Suggérée,Peur,word,exploiter,SitEmo
Albert_dataset,réduites; exploiter,Suggérée,Peur,punctuation,;,SitEmo
Albert_dataset,craignent,Désignée,Peur,word,craignent,SitEmo
Albert_dataset,réclamé,Comportementale,Colère,word,réclamé,SitEmo
Albert_dataset,drôles,Suggérée,Surprise,word,drôles,SitEmo
Albert_dataset,!,Montrée,Surprise,punctuation,!,SitEmo
Albert_dataset,...,Montrée,Surprise,punctuation,…,SitEmo
Albert_dataset,...,Montrée,Surprise,punctuation,…,SitEmo
Albert_dataset,...,Montrée,Surprise,punctuation,…,SitEmo
Albert_dataset,!,Montrée,Surprise,punctuation,!,SitEmo
Albert_dataset,!,Montrée,Surprise,punctuation,!,SitEmo
Albert_dataset,déchiré; guerres,Suggérée,Peur,word,déchiré,SitEmo
Albert_dataset,déchiré; guerres,Suggérée,Peur,word,guerres,SitEmo
Albert_dataset,déchiré; guerres,Suggérée,Peur,punctuation,;,SitEmo
Albert_dataset,succès,Suggérée,Fierté,word,succès,SitEmo
Albert_dataset,succès,Suggérée,Joie,word,succès,SitEmo
Albert_dataset,guerres,Comportementale,Colère,word,guerres,SitEmo
Albert_dataset,violences,Suggérée,Peur,word,violences,SitEmo
Albert_dataset,fuir,Comportementale,Peur,word,fuir,SitEmo
Albert_dataset,hommage; tuées,Comportementale,Tristesse,word,hommage,SitEmo
Albert_dataset,hommage; tuées,Comportementale,Tristesse,word,tuées,SitEmo
Albert_dataset,hommage; tuées,Comportementale,Tristesse,punctuation,;,SitEmo
Albert_dataset,célébrer,Comportementale,Joie,word,célébrer,SitEmo
Albert_dataset,hommage,Comportementale,Tristesse,word,hommage,SitEmo
Albert_dataset,!,Montrée,Surprise,punctuation,!,SitEmo
Albert_dataset,manifeste,Comportementale,Colère,word,manifeste,SitEmo
Albert_dataset,réclame,Comportementale,Colère,word,réclame,SitEmo
Albert_dataset,Lassée,Désignée,Dégoût,word,lassée,SitEmo
Albert_dataset,manifestations,Comportementale,Colère,word,manifestations,SitEmo
Albert_dataset,dénonçaient,Comportementale,Colère,word,dénonçaient,SitEmo
Albert_dataset,colère,Désignée,Colère,word,colère,SitEmo
Albert_dataset,manifester,Comportementale,Colère,word,manifester,SitEmo
Albert_dataset,manifester,Comportementale,Colère,word,manifester,SitEmo
Albert_dataset,manifestations,Comportementale,Colère,word,manifestations,SitEmo
Albert_dataset,punir,Comportementale,Colère,word,punir,SitEmo
Albert_dataset,manifestent,Comportementale,Colère,word,manifestent,SitEmo
Albert_dataset,manifestent,Comportementale,Colère,word,manifestent,SitEmo
Albert_dataset,manifestations,Comportementale,Colère,word,manifestations,SitEmo
Albert_dataset,descendus dans la rue,Comportementale,Colère,word,descendus,SitEmo
Albert_dataset,descendus dans la rue,Comportementale,Colère,word,rue,SitEmo
Albert_dataset,protester,Comportementale,Colère,word,protester,SitEmo
Albert_dataset,menace,Désignée,Peur,word,menace,SitEmo
Albert_dataset,appelé à la démission,Comportementale,Colère,word,appelé,SitEmo
Albert_dataset,appelé à la démission,Comportementale,Colère,word,démission,SitEmo
Albert_dataset,insolites,Suggérée,Surprise,word,insolites,SitEmo
Albert_dataset,!,Montrée,Surprise,punctuation,!,SitEmo
Albert_dataset,peur,Désignée,Peur,word,peur,SitEmo
Albert_dataset,affolée,Désignée,Peur,word,affolée,SitEmo
Albert_dataset,peur,Désignée,Peur,word,peur,SitEmo
Albert_dataset,...,Montrée,Surprise,punctuation,…,SitEmo
Albert_dataset,surprise,Désignée,Surprise,word,surprise,SitEmo
Albert_dataset,!,Montrée,Surprise,punctuation,!,SitEmo
Albert_dataset,hors du commun,Suggérée,Surprise,word,hors,SitEmo
Albert_dataset,hors du commun,Suggérée,Surprise,word,commun,SitEmo
Albert_dataset,grève,Comportementale,Colère,word,grève,SitEmo
Albert_dataset,réclamer,Comportementale,Colère,word,réclamer,SitEmo
Albert_dataset,mouvement de grève,Comportementale,Colère,word,mouvement,SitEmo
Albert_dataset,mouvement de grève,Comportementale,Colère,word,grève,SitEmo
Albert_dataset,protesté,Comportementale,Colère,word,protesté,SitEmo
Albert_dataset,manifesté,Comportementale,Colère,word,manifesté,SitEmo
Albert_dataset,fuir la violence et la pauvreté,Comportementale,Peur,word,fuir,SitEmo
Albert_dataset,fuir la violence et la pauvreté,Comportementale,Peur,word,violence,SitEmo
Albert_dataset,fuir la violence et la pauvreté,Comportementale,Peur,word,pauvreté,SitEmo
Albert_dataset,quittent,Comportementale,Peur,word,quittent,SitEmo
Albert_dataset,fuir,Comportementale,Peur,word,fuir,SitEmo
Albert_dataset,...,Montrée,Surprise,punctuation,…,SitEmo
Albert_dataset,!,Montrée,Surprise,punctuation,!,SitEmo
Albert_dataset,!,Montrée,Surprise,punctuation,!,SitEmo
Albert_dataset,inédite,Suggérée,Surprise,word,inédite,SitEmo
Albert_dataset,panique,Désignée,Peur,word,panique,SitEmo
Albert_dataset,!,Montrée,Surprise,punctuation,!,SitEmo
Albert_dataset,...,Montrée,Surprise,punctuation,…,SitEmo
Albert_dataset,entrent en conflit,Comportementale,Colère,word,entrent,SitEmo
Albert_dataset,entrent en conflit,Comportementale,Colère,word,conflit,SitEmo
Albert_dataset,persécutées,Désignée,Colère,word,persécutées,SitEmo
Albert_dataset,persécutées,Désignée,Peur,word,persécutées,SitEmo
Albert_dataset,n'ont pas du tout de logement à elles,Suggérée,Tristesse,word,n'ont,SitEmo
Albert_dataset,n'ont pas du tout de logement à elles,Suggérée,Tristesse,word,logement,SitEmo
Albert_dataset,n'ont pas du tout de logement à elles,Suggérée,Tristesse,punctuation,',SitEmo
Albert_dataset,vivent dans la rue ou dans des hébergements temporaires,Suggérée,Tristesse,word,vivent,SitEmo
Albert_dataset,vivent dans la rue ou dans des hébergements temporaires,Suggérée,Tristesse,word,rue,SitEmo
Albert_dataset,vivent dans la rue ou dans des hébergements temporaires,Suggérée,Tristesse,word,hébergements,SitEmo
Albert_dataset,vivent dans la rue ou dans des hébergements temporaires,Suggérée,Tristesse,word,temporaires,SitEmo
Albert_dataset,vivent dans des conditions très difficiles,Suggérée,Tristesse,word,vivent,SitEmo
Albert_dataset,vivent dans des conditions très difficiles,Suggérée,Peur,word,vivent,SitEmo
Albert_dataset,vivent dans des conditions très difficiles,Suggérée,Tristesse,word,conditions,SitEmo
Albert_dataset,vivent dans des conditions très difficiles,Suggérée,Peur,word,conditions,SitEmo
Albert_dataset,vivent dans des conditions très difficiles,Suggérée,Tristesse,word,difficiles,SitEmo
Albert_dataset,vivent dans des conditions très difficiles,Suggérée,Peur,word,difficiles,SitEmo
Albert_dataset,des immeubles qui menacent de s'effondrer,Suggérée,Peur,word,immeubles,SitEmo
Albert_dataset,des immeubles qui menacent de s'effondrer,Suggérée,Peur,word,menacent,SitEmo
Albert_dataset,des immeubles qui menacent de s'effondrer,Suggérée,Peur,word,s'effondrer,SitEmo
Albert_dataset,des immeubles qui menacent de s'effondrer,Suggérée,Peur,punctuation,',SitEmo
Albert_dataset,menacent,Désignée,Peur,word,menacent,SitEmo
Albert_dataset,...,Montrée,Surprise,punctuation,…,SitEmo
Albert_dataset,!,Montrée,Surprise,punctuation,!,SitEmo
Albert_dataset,...,Montrée,Surprise,punctuation,…,SitEmo
Albert_dataset,!,Montrée,Surprise,punctuation,!,SitEmo
Albert_dataset,peu ragoûtant,Désignée,Dégoût,word,peu,SitEmo
Albert_dataset,peu ragoûtant,Désignée,Dégoût,word,ragoûtant,SitEmo
Albert_dataset,manifeste contre,Comportementale,Colère,word,manifeste,SitEmo
Albert_dataset,manifeste contre,Comportementale,Colère,word,contre,SitEmo
Albert_dataset,revendique,Comportementale,Colère,word,revendique,SitEmo
Albert_dataset,réclament,Comportementale,Colère,word,réclament,SitEmo
Albert_dataset,...,Montrée,Surprise,punctuation,…,SitEmo
Albert_dataset,!,Montrée,Surprise,punctuation,!,SitEmo
Albert_dataset,réclament,Comportementale,Colère,word,réclament,SitEmo
Albert_dataset,dénonçait,Comportementale,Colère,word,dénonçait,SitEmo
Albert_dataset,piètres conditions de travail,Suggérée,Colère,word,piètres,SitEmo
Albert_dataset,piètres conditions de travail,Suggérée,Colère,word,conditions,SitEmo
Albert_dataset,piètres conditions de travail,Suggérée,Colère,word,travail,SitEmo
Albert_dataset,pour la première fois,Suggérée,Joie,word,première,SitEmo
Albert_dataset,pour la première fois,Suggérée,Joie,word,fois,SitEmo
Albert_dataset,contestait,Comportementale,Colère,word,contestait,SitEmo
Albert_dataset,triché,Suggérée,Colère,word,triché,SitEmo
Albert_dataset,crise économique,Suggérée,Peur,word,crise,SitEmo
Albert_dataset,crise économique,Suggérée,Peur,word,économique,SitEmo
Albert_dataset,pénuries,Suggérée,Peur,word,pénuries,SitEmo
Albert_dataset,de plus en plus pauvres,Suggérée,Peur,word,pauvres,SitEmo
Albert_dataset,de plus en plus pauvres,Suggérée,Tristesse,word,pauvres,SitEmo
Albert_dataset,!,Montrée,Joie,punctuation,!,SitEmo
Albert_dataset,honneur,Désignée,Fierté,word,honneur,SitEmo
Albert_dataset,voir sa vache élue,Suggérée,Fierté,word,voir,SitEmo
Albert_dataset,voir sa vache élue,Suggérée,Joie,word,voir,SitEmo
Albert_dataset,voir sa vache élue,Suggérée,Fierté,word,vache,SitEmo
Albert_dataset,voir sa vache élue,Suggérée,Joie,word,vache,SitEmo
Albert_dataset,voir sa vache élue,Suggérée,Fierté,word,élue,SitEmo
Albert_dataset,voir sa vache élue,Suggérée,Joie,word,élue,SitEmo
Albert_dataset,insulté,Comportementale,Colère,word,insulté,SitEmo
Albert_dataset,!,Montrée,Surprise,punctuation,!,SitEmo
Albert_dataset,...,Montrée,Surprise,punctuation,…,SitEmo
Albert_dataset,intrigué,Suggérée,Surprise,word,intrigué,SitEmo
Albert_dataset,colère,Désignée,Colère,word,colère,SitEmo
Albert_dataset,colère,Désignée,Colère,word,colère,SitEmo
Albert_dataset,réclamées,Comportementale,Colère,word,réclamées,SitEmo
Albert_dataset,drôle,Suggérée,Surprise,word,drôle,SitEmo
Albert_dataset,...,Montrée,Surprise,punctuation,…,SitEmo
Albert_dataset,!,Montrée,Surprise,punctuation,!,SitEmo
Albert_dataset,offert,Suggérée,Joie,word,offert,SitEmo
Albert_dataset,déplorant une rupture,Suggérée,Tristesse,word,déplorant,SitEmo
Albert_dataset,déplorant une rupture,Suggérée,Tristesse,word,rupture,SitEmo
Albert_dataset,...,Montrée,Surprise,punctuation,…,SitEmo
Albert_dataset,!,Montrée,Surprise,punctuation,!,SitEmo
Albert_dataset,!,Montrée,Surprise,punctuation,!,SitEmo
Albert_dataset,...,Montrée,Surprise,punctuation,…,SitEmo
Albert_dataset,accuse,Comportementale,Colère,word,accuse,SitEmo
Albert_dataset,échoué,Suggérée,Colère,word,échoué,SitEmo
Albert_dataset,manifestations,Comportementale,Colère,word,manifestations,SitEmo
Albert_dataset,réclame,Comportementale,Colère,word,réclame,SitEmo
Albert_dataset,réclame,Comportementale,Colère,word,réclame,SitEmo
Albert_dataset,fuient,Comportementale,Peur,word,fuient,SitEmo
Albert_dataset,visité par des ours,Suggérée,Peur,word,visité,SitEmo
Albert_dataset,visité par des ours,Suggérée,Peur,word,ours,SitEmo
Albert_dataset,fuir,Comportementale,Peur,word,fuir,SitEmo
Albert_dataset,cachés,Comportementale,Peur,word,cachés,SitEmo
Albert_dataset,victime,Suggérée,Peur,word,victime,SitEmo
Albert_dataset,victime,Suggérée,Peur,word,victime,SitEmo
Albert_dataset,victime,Suggérée,Colère,word,victime,SitEmo
Albert_dataset,revendiquaient,Comportementale,Colère,word,revendiquaient,SitEmo
Albert_dataset,...,Montrée,Surprise,punctuation,…,SitEmo
Albert_dataset,!,Montrée,Surprise,punctuation,!,SitEmo
Albert_dataset,drôle,Suggérée,Surprise,word,drôle,SitEmo
Albert_dataset,impressionantes,Désignée,Admiration,word,impressionantes,SitEmo
Albert_dataset,spectaculaire,Désignée,Admiration,word,spectaculaire,SitEmo
Albert_dataset,vénérer,Désignée,Admiration,word,vénérer,SitEmo
Albert_dataset,majestueuses,Suggérée,Admiration,word,majestueuses,SitEmo
Albert_dataset,manifestations,Comportementale,Colère,word,manifestations,SitEmo
Albert_dataset,manifestent,Comportementale,Colère,word,manifestent,SitEmo
Albert_dataset,tensions,Suggérée,Colère,word,tensions,SitEmo
Albert_dataset,conflit,Désignée,Colère,word,conflit,SitEmo
Albert_dataset,accusait,Comportementale,Colère,word,accusait,SitEmo
Albert_dataset,inquiètent,Désignée,Peur,word,inquiètent,SitEmo
Albert_dataset,tensions,Suggérée,Colère,word,tensions,SitEmo
Albert_dataset,se disputent,Comportementale,Colère,word,disputent,SitEmo
Albert_dataset,abriter des terroristes,Suggérée,Colère,word,abriter,SitEmo
Albert_dataset,abriter des terroristes,Suggérée,Colère,word,terroristes,SitEmo
Albert_dataset,...,Montrée,Surprise,punctuation,…,SitEmo
Albert_dataset,!,Montrée,Surprise,punctuation,!,SitEmo
Albert_dataset,effrayants,Désignée,Peur,word,effrayants,SitEmo
Albert_dataset,alarmante,Désignée,Peur,word,alarmante,SitEmo
Albert_dataset,étranges,Suggérée,Surprise,word,étranges,SitEmo
Albert_dataset,alarmante,Désignée,Peur,word,alarmante,SitEmo
Albert_dataset,...,Montrée,Surprise,punctuation,…,SitEmo
Albert_dataset,!,Montrée,Surprise,punctuation,!,SitEmo
Albert_dataset,...,Montrée,Surprise,punctuation,…,SitEmo
Albert_dataset,!,Montrée,Surprise,punctuation,!,SitEmo
Albert_dataset,incroyable découverte,Suggérée,Surprise,word,incroyable,SitEmo
Albert_dataset,incroyable découverte,Suggérée,Surprise,word,découverte,SitEmo
Albert_dataset,étonnant,Désignée,Surprise,word,étonnant,SitEmo
Albert_dataset,défaillances,Suggérée,Colère,word,défaillances,SitEmo
Albert_dataset,accusé,Comportementale,Colère,word,accusé,SitEmo
Albert_dataset,honorer,Désignée,Admiration,word,honorer,SitEmo
Albert_dataset,hommage,Comportementale,Admiration,word,hommage,SitEmo
Albert_dataset,!,Montrée,Surprise,punctuation,!,SitEmo
Albert_dataset,...,Montrée,Surprise,punctuation,…,SitEmo
Albert_dataset,s'amuser,Comportementale,Joie,word,s'amuser,SitEmo
Albert_dataset,s'amuser,Comportementale,Joie,punctuation,',SitEmo
Albert_dataset,manifestations,Comportementale,Colère,word,manifestations,SitEmo
Albert_dataset,réclamer,Comportementale,Colère,word,réclamer,SitEmo
Albert_dataset,réclamer,Comportementale,Colère,word,réclamer,SitEmo
Albert_dataset,refusait,Comportementale,Colère,word,refusait,SitEmo
Albert_dataset,restait assise,Comportementale,Colère,word,restait,SitEmo
Albert_dataset,restait assise,Comportementale,Colère,word,assise,SitEmo
Albert_dataset,descendus dans la rue,Comportementale,Colère,word,descendus,SitEmo
Albert_dataset,descendus dans la rue,Comportementale,Colère,word,rue,SitEmo
Albert_dataset,réclamer,Comportementale,Colère,word,réclamer,SitEmo
Albert_dataset,réclamer,Comportementale,Colère,word,réclamer,SitEmo
Albert_dataset,exiger,Comportementale,Colère,word,exiger,SitEmo
Albert_dataset,manifestation,Comportementale,Colère,word,manifestation,SitEmo
Albert_dataset,déposé une plainte,Comportementale,Colère,word,déposé,SitEmo
Albert_dataset,déposé une plainte,Comportementale,Colère,word,plainte,SitEmo
Albert_dataset,inaction,Suggérée,Colère,word,inaction,SitEmo
Albert_dataset,menace,Désignée,Peur,word,menace,SitEmo
Albert_dataset,se mobilisent,Comportementale,Colère,word,mobilisent,SitEmo
Albert_dataset,grève,Comportementale,Colère,word,grève,SitEmo
Albert_dataset,porté plainte,Comportementale,Colère,word,porté,SitEmo
Albert_dataset,porté plainte,Comportementale,Colère,word,plainte,SitEmo
Albert_dataset,...,Montrée,Surprise,punctuation,…,SitEmo
Albert_dataset,!,Montrée,Surprise,punctuation,!,SitEmo
Albert_dataset,remporter un concours,Suggérée,Joie,word,remporter,SitEmo
Albert_dataset,remporter un concours,Suggérée,Joie,word,concours,SitEmo
Albert_dataset,inédit,Suggérée,Surprise,word,inédit,SitEmo
Albert_dataset,surprenante,Désignée,Surprise,word,surprenante,SitEmo
Albert_dataset,étonnante,Désignée,Surprise,word,étonnante,SitEmo
Albert_dataset,surprise,Désignée,Surprise,word,surprise,SitEmo
Albert_dataset,effrayer,Désignée,Peur,word,effrayer,SitEmo
Albert_dataset,étonnant,Désignée,Surprise,word,étonnant,SitEmo
Albert_dataset,intrigué,Désignée,Surprise,word,intrigué,SitEmo
Albert_dataset,peur,Désignée,Peur,word,peur,SitEmo
Albert_dataset,craignent,Désignée,Peur,word,craignent,SitEmo
Albert_dataset,effets secondaires,Suggérée,Peur,word,effets,SitEmo
Albert_dataset,effets secondaires,Suggérée,Peur,word,secondaires,SitEmo
Albert_dataset,panique,Désignée,Peur,word,panique,SitEmo
Albert_dataset,méfiance,Désignée,Peur,word,méfiance,SitEmo
Albert_dataset,surprise,Désignée,Surprise,word,surprise,SitEmo
Albert_dataset,...,Montrée,Surprise,punctuation,…,SitEmo
Albert_dataset,...,Montrée,Surprise,punctuation,…,SitEmo
Albert_dataset,!,Montrée,Surprise,punctuation,!,SitEmo
Albert_dataset,avouait avoir volé,Suggérée,Culpabilité,word,avouait,SitEmo
Albert_dataset,avouait avoir volé,Suggérée,Culpabilité,word,volé,SitEmo
Albert_dataset,présentait ses excuses,Suggérée,Culpabilité,word,présentait,SitEmo
Albert_dataset,présentait ses excuses,Suggérée,Culpabilité,word,excuses,SitEmo
Albert_dataset,intriguant,Désignée,Surprise,word,intriguant,SitEmo
Albert_dataset,descendue dans la rue; manifester son désaccord,Comportementale,Colère,word,descendue,SitEmo
Albert_dataset,descendue dans la rue; manifester son désaccord,Comportementale,Colère,word,rue,SitEmo
Albert_dataset,descendue dans la rue; manifester son désaccord,Comportementale,Colère,word,manifester,SitEmo
Albert_dataset,descendue dans la rue; manifester son désaccord,Comportementale,Colère,word,désaccord,SitEmo
Albert_dataset,descendue dans la rue; manifester son désaccord,Comportementale,Colère,punctuation,;,SitEmo
Albert_dataset,manifeste,Comportementale,Colère,word,manifeste,SitEmo
Albert_dataset,descendre,Comportementale,Colère,word,descendre,SitEmo
Albert_dataset,se joignent; contestation,Comportementale,Colère,word,joignent,SitEmo
Albert_dataset,se joignent; contestation,Comportementale,Colère,word,contestation,SitEmo
Albert_dataset,se joignent; contestation,Comportementale,Colère,punctuation,;,SitEmo
Albert_dataset,manifestations,Comportementale,Colère,word,manifestations,SitEmo
Albert_dataset,contesté,Comportementale,Colère,word,contesté,SitEmo
Albert_dataset,reprochent,Comportementale,Colère,word,reprochent,SitEmo
Albert_dataset,n'être plus en mesure,Suggérée,Colère,word,n'être,SitEmo
Albert_dataset,n'être plus en mesure,Suggérée,Colère,word,mesure,SitEmo
Albert_dataset,n'être plus en mesure,Suggérée,Colère,punctuation,',SitEmo
Albert_dataset,accusent,Comportementale,Colère,word,accusent,SitEmo
Albert_dataset,profiter de sa faiblessee,Suggérée,Colère,word,profiter,SitEmo
Albert_dataset,profiter de sa faiblessee,Suggérée,Colère,word,faiblessee,SitEmo
Albert_dataset,réclament,Comportementale,Colère,word,réclament,SitEmo
Albert_dataset,contestation,Suggérée,Colère,word,contestation,SitEmo
Albert_dataset,manifestations,Comportementale,Colère,word,manifestations,SitEmo
Albert_dataset,plus confiance,Suggérée,Colère,word,confiance,SitEmo
Albert_dataset,descendent dans les rues; fêter,Comportementale,Joie,word,descendent,SitEmo
Albert_dataset,descendent dans les rues; fêter,Comportementale,Joie,word,rues,SitEmo
Albert_dataset,descendent dans les rues; fêter,Comportementale,Joie,word,fêter,SitEmo
Albert_dataset,descendent dans les rues; fêter,Comportementale,Joie,punctuation,;,SitEmo
Albert_dataset,contestation,Comportementale,Colère,word,contestation,SitEmo
Albert_dataset,réclame,Comportementale,Colère,word,réclame,SitEmo
Albert_dataset,manifesté,Comportementale,Colère,word,manifesté,SitEmo
Albert_dataset,réclamer,Comportementale,Colère,word,réclamer,SitEmo
Albert_dataset,manifestations,Comportementale,Colère,word,manifestations,SitEmo
Albert_dataset,contrarie,Désignée,Colère,word,contrarie,SitEmo
Albert_dataset,entrer dans leur champs; piétiner; manger leurs récoltes,Suggérée,Colère,word,entrer,SitEmo
Albert_dataset,entrer dans leur champs; piétiner; manger leurs récoltes,Suggérée,Colère,word,champs,SitEmo
Albert_dataset,entrer dans leur champs; piétiner; manger leurs récoltes,Suggérée,Colère,word,piétiner,SitEmo
Albert_dataset,entrer dans leur champs; piétiner; manger leurs récoltes,Suggérée,Colère,word,manger,SitEmo
Albert_dataset,entrer dans leur champs; piétiner; manger leurs récoltes,Suggérée,Colère,word,récoltes,SitEmo
Albert_dataset,entrer dans leur champs; piétiner; manger leurs récoltes,Suggérée,Colère,punctuation,;,SitEmo
Albert_dataset,entrer dans leur champs; piétiner; manger leurs récoltes,Suggérée,Colère,punctuation,;,SitEmo
Albert_dataset,animal sacré,Suggérée,Admiration,word,animal,SitEmo
Albert_dataset,animal sacré,Suggérée,Admiration,word,sacré,SitEmo
Albert_dataset,accusés,Comportementale,Colère,word,accusés,SitEmo
Albert_dataset,torturés,Suggérée,Peur,word,torturés,SitEmo
Albert_dataset,deuil,Désignée,Tristesse,word,deuil,SitEmo
Albert_dataset,!,Montrée,Surprise,punctuation,!,SitEmo
Albert_dataset,...,Montrée,Surprise,punctuation,…,SitEmo
Albert_dataset,étonnant,Désignée,Surprise,word,étonnant,SitEmo
Albert_dataset,peur,Désignée,Peur,word,peur,SitEmo
Albert_dataset,créatures malfaisantes,Suggérée,Peur,word,créatures,SitEmo
Albert_dataset,créatures malfaisantes,Suggérée,Peur,word,malfaisantes,SitEmo
Albert_dataset,...,Montrée,Surprise,punctuation,…,SitEmo
Albert_dataset,!,Montrée,Joie,punctuation,!,SitEmo
Albert_dataset,!,Montrée,Surprise,punctuation,!,SitEmo
Albert_dataset,découvert,Suggérée,Surprise,word,découvert,SitEmo
Albert_dataset,réclamant,Comportementale,Colère,word,réclamant,SitEmo
Albert_dataset,offenses,Suggérée,Colère,word,offenses,SitEmo
Albert_dataset,chassait,Suggérée,Peur,word,chassait,SitEmo
Albert_dataset,chassait,Suggérée,Colère,word,chassait,SitEmo
Albert_dataset,étaient opposés,Suggérée,Colère,word,opposés,SitEmo
Albert_dataset,colonisation,Suggérée,Colère,word,colonisation,SitEmo
Albert_dataset,réclamé,Comportementale,Colère,word,réclamé,SitEmo
Albert_dataset,menace,Désignée,Peur,word,menace,SitEmo
Albert_dataset,attaques terroristes,Suggérée,Peur,word,attaques,SitEmo
Albert_dataset,attaques terroristes,Suggérée,Peur,word,terroristes,SitEmo
Albert_dataset,vive émotion,Suggérée,Tristesse,word,vive,SitEmo
Albert_dataset,vive émotion,Suggérée,Tristesse,word,émotion,SitEmo
Albert_dataset,surprises,Désignée,Surprise,word,surprises,SitEmo
Albert_dataset,...,Montrée,Surprise,punctuation,…,SitEmo
Albert_dataset,!,Montrée,Surprise,punctuation,!,SitEmo
Albert_dataset,...,Montrée,Surprise,punctuation,…,SitEmo
Albert_dataset,!,Montrée,Surprise,punctuation,!,SitEmo
Albert_dataset,une mésaventure que personne ne souhaiterait connaître,Suggérée,Peur,word,mésaventure,SitEmo
Albert_dataset,une mésaventure que personne ne souhaiterait connaître,Suggérée,Peur,word,souhaiterait,SitEmo
Albert_dataset,une mésaventure que personne ne souhaiterait connaître,Suggérée,Peur,word,connaître,SitEmo
Albert_dataset,...,Montrée,Surprise,punctuation,…,SitEmo
Albert_dataset,!,Montrée,Surprise,punctuation,!,SitEmo
Albert_dataset,graves nuisances,Suggérée,Colère,word,graves,SitEmo
Albert_dataset,graves nuisances,Suggérée,Colère,word,nuisances,SitEmo
Albert_dataset,réclamer,Comportementale,Colère,word,réclamer,SitEmo
Albert_dataset,se plaignent,Comportementale,Colère,word,plaignent,SitEmo
Albert_dataset,détresse,Désignée,Peur,word,détresse,SitEmo
Albert_dataset,dénoncé,Comportementale,Colère,word,dénoncé,SitEmo
Albert_dataset,ravagent,Suggérée,Colère,word,ravagent,SitEmo
Albert_dataset,conflit,Comportementale,Colère,word,conflit,SitEmo
Albert_dataset,espionner,Suggérée,Colère,word,espionner,SitEmo
Albert_dataset,accusée,Comportementale,Colère,word,accusée,SitEmo
Albert_dataset,...,Montrée,Surprise,punctuation,…,SitEmo
Albert_dataset,!,Montrée,Surprise,punctuation,!,SitEmo
Albert_dataset,entre dans l'histoire; prestigieuse récompense,Suggérée,Joie,word,l'histoire,SitEmo
Albert_dataset,entre dans l'histoire; prestigieuse récompense,Suggérée,Fierté,word,l'histoire,SitEmo
Albert_dataset,entre dans l'histoire; prestigieuse récompense,Suggérée,Joie,word,prestigieuse,SitEmo
Albert_dataset,entre dans l'histoire; prestigieuse récompense,Suggérée,Fierté,word,prestigieuse,SitEmo
Albert_dataset,entre dans l'histoire; prestigieuse récompense,Suggérée,Joie,word,récompense,SitEmo
Albert_dataset,entre dans l'histoire; prestigieuse récompense,Suggérée,Fierté,word,récompense,SitEmo
Albert_dataset,entre dans l'histoire; prestigieuse récompense,Suggérée,Joie,punctuation,',SitEmo
Albert_dataset,entre dans l'histoire; prestigieuse récompense,Suggérée,Fierté,punctuation,',SitEmo
Albert_dataset,entre dans l'histoire; prestigieuse récompense,Suggérée,Joie,punctuation,;,SitEmo
Albert_dataset,entre dans l'histoire; prestigieuse récompense,Suggérée,Fierté,punctuation,;,SitEmo
Albert_dataset,!,Montrée,Surprise,punctuation,!,SitEmo
Albert_dataset,...,Montrée,Surprise,punctuation,…,SitEmo
Albert_dataset,manifestent,Comportementale,Colère,word,manifestent,SitEmo
Albert_dataset,soulèvement,Suggérée,Colère,word,soulèvement,SitEmo
Albert_dataset,contestent,Comportementale,Colère,word,contestent,SitEmo
Albert_dataset,réclame,Comportementale,Colère,word,réclame,SitEmo
Albert_dataset,soulèvement,Suggérée,Colère,word,soulèvement,SitEmo
Albert_dataset,Passer d’un HLM à un immense domaine de plus de 600 hectares et d’une valeur de 56 millions d’euros,Suggérée,Joie,word,passer,SitEmo
Albert_dataset,Passer d’un HLM à un immense domaine de plus de 600 hectares et d’une valeur de 56 millions d’euros,Suggérée,Joie,word,hlm,SitEmo
Albert_dataset,Passer d’un HLM à un immense domaine de plus de 600 hectares et d’une valeur de 56 millions d’euros,Suggérée,Joie,word,immense,SitEmo
Albert_dataset,Passer d’un HLM à un immense domaine de plus de 600 hectares et d’une valeur de 56 millions d’euros,Suggérée,Joie,word,domaine,SitEmo
Albert_dataset,Passer d’un HLM à un immense domaine de plus de 600 hectares et d’une valeur de 56 millions d’euros,Suggérée,Joie,word,hectares,SitEmo
Albert_dataset,Passer d’un HLM à un immense domaine de plus de 600 hectares et d’une valeur de 56 millions d’euros,Suggérée,Joie,word,valeur,SitEmo
Albert_dataset,Passer d’un HLM à un immense domaine de plus de 600 hectares et d’une valeur de 56 millions d’euros,Suggérée,Joie,word,millions,SitEmo
Albert_dataset,Passer d’un HLM à un immense domaine de plus de 600 hectares et d’une valeur de 56 millions d’euros,Suggérée,Joie,word,euros,SitEmo
Albert_dataset,...,Montrée,Surprise,punctuation,…,SitEmo
Albert_dataset,!,Montrée,Surprise,punctuation,!,SitEmo
Albert_dataset,menaces,Désignée,Peur,word,menaces,SitEmo
Albert_dataset,tient du scénario de science-fiction,Montrée,Surprise,word,tient,SitEmo
Albert_dataset,tient du scénario de science-fiction,Montrée,Surprise,word,scénario,SitEmo
Albert_dataset,tient du scénario de science-fiction,Montrée,Surprise,word,science-fiction,SitEmo
Albert_dataset,tient du scénario de science-fiction,Montrée,Surprise,punctuation,-,SitEmo
Albert_dataset,manifesté,Comportementale,Colère,word,manifesté,SitEmo
Albert_dataset,demander,Comportementale,Colère,word,demander,SitEmo
Albert_dataset,manifestaient,Comportementale,Colère,word,manifestaient,SitEmo
Albert_dataset,abîment; pollution,Suggérée,Colère,word,abîment,SitEmo
Albert_dataset,abîment; pollution,Suggérée,Colère,word,pollution,SitEmo
Albert_dataset,abîment; pollution,Suggérée,Colère,punctuation,;,SitEmo
Albert_dataset,stupéfait,Désignée,Surprise,word,stupéfait,SitEmo
Albert_dataset,!,Montrée,Surprise,punctuation,!,SitEmo
Albert_dataset,légende,Suggérée,Admiration,word,légende,SitEmo
Albert_dataset,critiquée,Comportementale,Colère,word,critiquée,SitEmo
Albert_dataset,critiqué,Comportementale,Colère,word,critiqué,SitEmo
Albert_dataset,funérailles,Suggérée,Tristesse,word,funérailles,SitEmo
Albert_dataset,décriée,Comportementale,Colère,word,décriée,SitEmo
Albert_dataset,dangereux,Désignée,Peur,word,dangereux,SitEmo
Albert_dataset,manifestations,Comportementale,Colère,word,manifestations,SitEmo
Albert_dataset,réclame,Comportementale,Colère,word,réclame,SitEmo
Albert_dataset,protestations,Comportementale,Colère,word,protestations,SitEmo
Albert_dataset,appelé à faire grève,Comportementale,Colère,word,appelé,SitEmo
Albert_dataset,appelé à faire grève,Comportementale,Colère,word,grève,SitEmo
Albert_dataset,ériger des barricades,Comportementale,Colère,word,ériger,SitEmo
Albert_dataset,ériger des barricades,Comportementale,Colère,word,barricades,SitEmo
Albert_dataset,poursuivre les manifestations,Comportementale,Colère,word,poursuivre,SitEmo
Albert_dataset,poursuivre les manifestations,Comportementale,Colère,word,manifestations,SitEmo
Albert_dataset,!,Montrée,Surprise,punctuation,!,SitEmo
Albert_dataset,...,Montrée,Surprise,punctuation,…,SitEmo
Albert_dataset,subitement,Suggérée,Surprise,word,subitement,SitEmo
Albert_dataset,se plaignait,Comportementale,Colère,word,plaignait,SitEmo
Albert_dataset,bruit,Suggérée,Colère,word,bruit,SitEmo
Albert_dataset,remporter un procès,Suggérée,Joie,word,remporter,SitEmo
Albert_dataset,remporter un procès,Suggérée,Joie,word,procès,SitEmo
Albert_dataset,grand damn,Suggérée,Colère,word,grand,SitEmo
Albert_dataset,grand damn,Suggérée,Colère,word,damn,SitEmo
Albert_dataset,!,Montrée,Surprise,punctuation,!,SitEmo
Albert_dataset,...,Montrée,Surprise,punctuation,…,SitEmo
Albert_dataset,!,Montrée,Surprise,punctuation,!,SitEmo
Albert_dataset,!,Montrée,Surprise,punctuation,!,SitEmo
Albert_dataset,...,Montrée,Surprise,punctuation,…,SitEmo
Albert_dataset,refuse,Comportementale,Colère,word,refuse,SitEmo
Albert_dataset,s'attaquer,Comportementale,Colère,word,s'attaquer,SitEmo
Albert_dataset,s'attaquer,Comportementale,Colère,punctuation,',SitEmo
Albert_dataset,descendues dans les rues,Comportementale,Colère,word,descendues,SitEmo
Albert_dataset,descendues dans les rues,Comportementale,Colère,word,rues,SitEmo
Albert_dataset,protester; contre,Comportementale,Colère,word,protester,SitEmo
Albert_dataset,protester; contre,Comportementale,Colère,word,contre,SitEmo
Albert_dataset,protester; contre,Comportementale,Colère,punctuation,;,SitEmo
Albert_dataset,indignés,Suggérée,Colère,word,indignés,SitEmo
Albert_dataset,craignent,Comportementale,Peur,word,craignent,SitEmo
Albert_dataset,décide de leurs lois; remette en question leur autonomie,Suggérée,Peur,word,décide,SitEmo
Albert_dataset,décide de leurs lois; remette en question leur autonomie,Suggérée,Peur,word,lois,SitEmo
Albert_dataset,décide de leurs lois; remette en question leur autonomie,Suggérée,Peur,word,remette,SitEmo
Albert_dataset,décide de leurs lois; remette en question leur autonomie,Suggérée,Peur,word,question,SitEmo
Albert_dataset,décide de leurs lois; remette en question leur autonomie,Suggérée,Peur,word,autonomie,SitEmo
Albert_dataset,décide de leurs lois; remette en question leur autonomie,Suggérée,Peur,punctuation,;,SitEmo
Albert_dataset,réclamé,Comportementale,Colère,word,réclamé,SitEmo
Albert_dataset,!,Montrée,Surprise,punctuation,!,SitEmo
Albert_dataset,...,Montrée,Surprise,punctuation,…,SitEmo
Albert_dataset,unique,Suggérée,Fierté,word,unique,SitEmo
Albert_dataset,drôle,Suggérée,Surprise,word,drôle,SitEmo
Albert_dataset,...,Montrée,Surprise,punctuation,…,SitEmo
Albert_dataset,!,Montrée,Surprise,punctuation,!,SitEmo
Albert_dataset,!,Montrée,Surprise,punctuation,!,SitEmo
Albert_dataset,râler,Comportementale,Colère,word,râler,SitEmo
Albert_dataset,colère,Désignée,Colère,word,colère,SitEmo
Albert_dataset,danger,Désignée,Peur,word,danger,SitEmo
Albert_dataset,amuser,Désignée,Joie,word,amuser,SitEmo
Albert_dataset,!,Montrée,Surprise,punctuation,!,SitEmo
Albert_dataset,...,Montrée,Surprise,punctuation,…,SitEmo
Albert_dataset,manifestations,Comportementale,Colère,word,manifestations,SitEmo
Albert_dataset,défilent,Comportementale,Colère,word,défilent,SitEmo
Albert_dataset,refuse,Comportementale,Colère,word,refuse,SitEmo
Albert_dataset,se battre,Suggérée,Colère,word,battre,SitEmo
Albert_dataset,symbole,Suggérée,Admiration,word,symbole,SitEmo
Albert_dataset,boycotter,Comportementale,Colère,word,boycotter,SitEmo
Albert_dataset,protester,Comportementale,Colère,word,protester,SitEmo
Albert_dataset,manifestations,Comportementale,Colère,word,manifestations,SitEmo
Albert_dataset,hommage,Comportementale,Admiration,word,hommage,SitEmo
Albert_dataset,mouvement de lutte,Comportementale,Colère,word,mouvement,SitEmo
Albert_dataset,mouvement de lutte,Comportementale,Colère,word,lutte,SitEmo
Albert_dataset,...,Montrée,Surprise,punctuation,…,SitEmo
Albert_dataset,!,Montrée,Surprise,punctuation,!,SitEmo
Albert_dataset,!,Montrée,Surprise,punctuation,!,SitEmo
Albert_dataset,cadeaux; friandises; famille,Suggérée,Joie,word,cadeaux,SitEmo
Albert_dataset,cadeaux; friandises; famille,Suggérée,Joie,word,friandises,SitEmo
Albert_dataset,cadeaux; friandises; famille,Suggérée,Joie,word,famille,SitEmo
Albert_dataset,cadeaux; friandises; famille,Suggérée,Joie,punctuation,;,SitEmo
Albert_dataset,cadeaux; friandises; famille,Suggérée,Joie,punctuation,;,SitEmo
Albert_dataset,accuse,Comportementale,Colère,word,accuse,SitEmo
Albert_dataset,coup d'État,Suggérée,Colère,word,coup,SitEmo
Albert_dataset,coup d'État,Suggérée,Colère,word,d'état,SitEmo
Albert_dataset,coup d'État,Suggérée,Colère,punctuation,',SitEmo
Albert_dataset,s'en prend,Comportementale,Colère,word,s'en,SitEmo
Albert_dataset,s'en prend,Comportementale,Colère,word,prend,SitEmo
Albert_dataset,s'en prend,Comportementale,Colère,punctuation,',SitEmo
Albert_dataset,exil,Comportementale,Peur,word,exil,SitEmo
Albert_dataset,À tel point,Montrée,Surprise,word,tel,SitEmo
Albert_dataset,À tel point,Montrée,Surprise,word,point,SitEmo
Albert_dataset,mécontente,Désignée,Colère,word,mécontente,SitEmo
Albert_dataset,inquiète,Désignée,Peur,word,inquiète,SitEmo
Albert_dataset,redoute,Désignée,Peur,word,redoute,SitEmo
Albert_dataset,éliminer,Suggérée,Peur,word,éliminer,SitEmo
Albert_dataset,en avait assez; dépenser,Suggérée,Colère,word,assez,SitEmo
Albert_dataset,en avait assez; dépenser,Suggérée,Colère,word,dépenser,SitEmo
Albert_dataset,en avait assez; dépenser,Suggérée,Colère,punctuation,;,SitEmo
Albert_dataset,gagnant,Suggérée,Joie,word,gagnant,SitEmo
Albert_dataset,!,Montrée,Surprise,punctuation,!,SitEmo
Albert_dataset,...,Montrée,Surprise,punctuation,…,SitEmo
Albert_dataset,!,Montrée,Surprise,punctuation,!,SitEmo
Albert_dataset,empoché,Suggérée,Joie,word,empoché,SitEmo
Albert_dataset,étonnante,Désignée,Surprise,word,étonnante,SitEmo
Albert_dataset,battre le record,Suggérée,Joie,word,battre,SitEmo
Albert_dataset,battre le record,Suggérée,Joie,word,record,SitEmo
Albert_dataset,menacée,Désignée,Peur,word,menacée,SitEmo
Albert_dataset,sécheresse,Suggérée,Peur,word,sécheresse,SitEmo
Albert_dataset,inquiétant,Désignée,Peur,word,inquiétant,SitEmo
Albert_dataset,étonnement,Désignée,Surprise,word,étonnement,SitEmo
Albert_dataset,inquiétude,Désignée,Peur,word,inquiétude,SitEmo
Albert_dataset,s'inquiètent,Désignée,Peur,word,s'inquiètent,SitEmo
Albert_dataset,s'inquiètent,Désignée,Peur,punctuation,',SitEmo
Albert_dataset,conséquences,Suggérée,Peur,word,conséquences,SitEmo
Albert_dataset,épidémie d'Ebola; sévit,Suggérée,Peur,word,épidémie,SitEmo
Albert_dataset,épidémie d'Ebola; sévit,Suggérée,Peur,word,d'ebola,SitEmo
Albert_dataset,épidémie d'Ebola; sévit,Suggérée,Peur,word,sévit,SitEmo
Albert_dataset,épidémie d'Ebola; sévit,Suggérée,Peur,punctuation,',SitEmo
Albert_dataset,épidémie d'Ebola; sévit,Suggérée,Peur,punctuation,;,SitEmo
Albert_dataset,drôle,Suggérée,Surprise,word,drôle,SitEmo
Albert_dataset,Il est rare que l’argent tombe du ciel et pourtant,Montrée,Surprise,word,rare,SitEmo
Albert_dataset,Il est rare que l’argent tombe du ciel et pourtant,Montrée,Surprise,word,argent,SitEmo
Albert_dataset,Il est rare que l’argent tombe du ciel et pourtant,Montrée,Surprise,word,tombe,SitEmo
Albert_dataset,Il est rare que l’argent tombe du ciel et pourtant,Montrée,Surprise,word,ciel,SitEmo
Albert_dataset,Il est rare que l’argent tombe du ciel et pourtant,Montrée,Surprise,word,pourtant,SitEmo
Albert_dataset,drôle,Suggérée,Surprise,word,drôle,SitEmo
Albert_dataset,!,Montrée,Surprise,punctuation,!,SitEmo
Albert_dataset,...,Montrée,Surprise,punctuation,…,SitEmo
Albert_dataset,!,Montrée,Surprise,punctuation,!,SitEmo
Albert_dataset,drôle,Suggérée,Surprise,word,drôle,SitEmo
Albert_dataset,!,Montrée,Surprise,punctuation,!,SitEmo
Albert_dataset,...,Montrée,Surprise,punctuation,…,SitEmo
Albert_dataset,les premiers,Suggérée,Fierté,word,premiers,SitEmo
Albert_dataset,les premiers,Suggérée,Joie,word,premiers,SitEmo
Albert_dataset,redouté,Désignée,Peur,word,redouté,SitEmo
Albert_dataset,exploit,Suggérée,Admiration,word,exploit,SitEmo
Albert_dataset,exploit,Suggérée,Admiration,word,exploit,SitEmo
Albert_dataset,se mettent en grève,Comportementale,Colère,word,mettent,SitEmo
Albert_dataset,se mettent en grève,Comportementale,Colère,word,grève,SitEmo
Albert_dataset,dénonce,Comportementale,Colère,word,dénonce,SitEmo
Albert_dataset,manques de moyens,Suggérée,Colère,word,manques,SitEmo
Albert_dataset,manques de moyens,Suggérée,Colère,word,moyens,SitEmo
Albert_dataset,dénoncent,Comportementale,Colère,word,dénoncent,SitEmo
Albert_dataset,difficiles,Suggérée,Colère,word,difficiles,SitEmo
Albert_dataset,mis en grève,Comportementale,Colère,word,mis,SitEmo
Albert_dataset,mis en grève,Comportementale,Colère,word,grève,SitEmo
Albert_dataset,étaient en grève,Comportementale,Colère,word,grève,SitEmo
Albert_dataset,manifestations,Comportementale,Colère,word,manifestations,SitEmo
Albert_dataset,insuffisantes,Suggérée,Colère,word,insuffisantes,SitEmo
Albert_dataset,été plongée dans le noir,Suggérée,Peur,word,plongée,SitEmo
Albert_dataset,été plongée dans le noir,Suggérée,Peur,word,noir,SitEmo
Albert_dataset,heurts,Comportementale,Colère,word,heurts,SitEmo
Albert_dataset,hors du commun,Suggérée,Surprise,word,hors,SitEmo
Albert_dataset,hors du commun,Suggérée,Surprise,word,commun,SitEmo
Albert_dataset,les animaux « s'humanisent »,Suggérée,Peur,word,animaux,SitEmo
Albert_dataset,les animaux « s'humanisent »,Suggérée,Peur,word,s'humanisent,SitEmo
Albert_dataset,les animaux « s'humanisent »,Suggérée,Peur,punctuation,«,SitEmo
Albert_dataset,les animaux « s'humanisent »,Suggérée,Peur,punctuation,',SitEmo
Albert_dataset,les animaux « s'humanisent »,Suggérée,Peur,punctuation,»,SitEmo
Albert_dataset,inédite,Suggérée,Surprise,word,inédite,SitEmo
Albert_dataset,craignent,Désignée,Peur,word,craignent,SitEmo
Albert_dataset,inquiétantes,Désignée,Peur,word,inquiétantes,SitEmo
Albert_dataset,découvrait par hasard,Suggérée,Surprise,word,découvrait,SitEmo
Albert_dataset,découvrait par hasard,Suggérée,Surprise,word,hasard,SitEmo
Albert_dataset,ébahi,Désignée,Surprise,word,ébahi,SitEmo
Albert_dataset,!,Montrée,Surprise,punctuation,!,SitEmo
Albert_dataset,...,Montrée,Surprise,punctuation,…,SitEmo
Albert_dataset,porté plainte,Comportementale,Colère,word,porté,SitEmo
Albert_dataset,porté plainte,Comportementale,Colère,word,plainte,SitEmo
Albert_dataset,gênés par les odeurs,Suggérée,Dégoût,word,gênés,SitEmo
Albert_dataset,gênés par les odeurs,Suggérée,Colère,word,gênés,SitEmo
Albert_dataset,gênés par les odeurs,Suggérée,Dégoût,word,odeurs,SitEmo
Albert_dataset,gênés par les odeurs,Suggérée,Colère,word,odeurs,SitEmo
Albert_dataset,...,Montrée,Surprise,punctuation,…,SitEmo
Albert_dataset,...,Montrée,Surprise,punctuation,…,SitEmo
Albert_dataset,...,Montrée,Surprise,punctuation,…,SitEmo
Albert_dataset,ont pris des mesures de prévention,Comportementale,Peur,word,pris,SitEmo
Albert_dataset,ont pris des mesures de prévention,Comportementale,Peur,word,mesures,SitEmo
Albert_dataset,ont pris des mesures de prévention,Comportementale,Peur,word,prévention,SitEmo
Albert_dataset,manifestations,Comportementale,Colère,word,manifestations,SitEmo
Albert_dataset,réclament,Comportementale,Colère,word,réclament,SitEmo
Albert_dataset,manifestations,Comportementale,Colère,word,manifestations,SitEmo
Albert_dataset,colère,Désignée,Colère,word,colère,SitEmo
Albert_dataset,affrontements,Comportementale,Colère,word,affrontements,SitEmo
Albert_dataset,en proie; violentes,Suggérée,Peur,word,proie,SitEmo
Albert_dataset,en proie; violentes,Suggérée,Peur,word,violentes,SitEmo
Albert_dataset,en proie; violentes,Suggérée,Peur,punctuation,;,SitEmo
Albert_dataset,s'être mal comportés,Suggérée,Colère,word,s'être,SitEmo
Albert_dataset,s'être mal comportés,Suggérée,Colère,word,comportés,SitEmo
Albert_dataset,s'être mal comportés,Suggérée,Colère,punctuation,',SitEmo
Albert_dataset,détresse,Suggérée,Peur,word,détresse,SitEmo
Albert_dataset,victimes,Suggérée,Peur,word,victimes,SitEmo
Albert_dataset,maltraitées,Suggérée,Peur,word,maltraitées,SitEmo
Albert_dataset,maltraitées,Suggérée,Tristesse,word,maltraitées,SitEmo
Albert_dataset,maltraitances,Suggérée,Peur,word,maltraitances,SitEmo
Albert_dataset,maltraitances,Suggérée,Tristesse,word,maltraitances,SitEmo
Albert_dataset,mouvement de grève,Comportementale,Colère,word,mouvement,SitEmo
Albert_dataset,mouvement de grève,Comportementale,Colère,word,grève,SitEmo
Albert_dataset,insultent; humiliations,Suggérée,Embarras,word,insultent,SitEmo
Albert_dataset,insultent; humiliations,Suggérée,Tristesse,word,insultent,SitEmo
Albert_dataset,insultent; humiliations,Suggérée,Embarras,word,humiliations,SitEmo
Albert_dataset,insultent; humiliations,Suggérée,Tristesse,word,humiliations,SitEmo
Albert_dataset,insultent; humiliations,Suggérée,Embarras,punctuation,;,SitEmo
Albert_dataset,insultent; humiliations,Suggérée,Tristesse,punctuation,;,SitEmo
Albert_dataset,soulagés,Suggérée,Joie,word,soulagés,SitEmo
Albert_dataset,remporter son procès,Suggérée,Joie,word,remporter,SitEmo
Albert_dataset,remporter son procès,Suggérée,Joie,word,procès,SitEmo
Albert_dataset,!,Montrée,Surprise,punctuation,!,SitEmo
Albert_dataset,...,Montrée,Surprise,punctuation,…,SitEmo
Albert_dataset,reprochaient,Comportementale,Colère,word,reprochaient,SitEmo
Albert_dataset,les réveiller par son chant matinal,Suggérée,Colère,word,réveiller,SitEmo
Albert_dataset,les réveiller par son chant matinal,Suggérée,Colère,word,chant,SitEmo
Albert_dataset,les réveiller par son chant matinal,Suggérée,Colère,word,matinal,SitEmo
Albert_dataset,étrange,Suggérée,Surprise,word,étrange,SitEmo
Albert_dataset,!,Montrée,Surprise,punctuation,!,SitEmo
Albert_dataset,...,Montrée,Surprise,punctuation,…,SitEmo
Albert_dataset,hommage,Comportementale,Admiration,word,hommage,SitEmo
Albert_dataset,...,Montrée,Surprise,punctuation,…,SitEmo
Albert_dataset,!,Montrée,Surprise,punctuation,!,SitEmo
Albert_dataset,hors du commun,Suggérée,Surprise,word,hors,SitEmo
Albert_dataset,hors du commun,Suggérée,Surprise,word,commun,SitEmo
Albert_dataset,voient d'un très mauvais oeil,Suggérée,Colère,word,voient,SitEmo
Albert_dataset,voient d'un très mauvais oeil,Suggérée,Colère,word,d'un,SitEmo
Albert_dataset,voient d'un très mauvais oeil,Suggérée,Colère,word,mauvais,SitEmo
Albert_dataset,voient d'un très mauvais oeil,Suggérée,Colère,word,oeil,SitEmo
Albert_dataset,voient d'un très mauvais oeil,Suggérée,Colère,punctuation,',SitEmo
Albert_dataset,mauvais esprits,Suggérée,Peur,word,mauvais,SitEmo
Albert_dataset,mauvais esprits,Suggérée,Peur,word,esprits,SitEmo
Albert_dataset,manifestations,Comportementale,Colère,word,manifestations,SitEmo
Albert_dataset,déchiré,Suggérée,Tristesse,word,déchiré,SitEmo
Albert_dataset,...,Montrée,Surprise,punctuation,…,SitEmo
Albert_dataset,punir,Comportementale,Colère,word,punir,SitEmo
Albert_dataset,!,Montrée,Surprise,punctuation,!,SitEmo
Albert_dataset,...,Montrée,Surprise,punctuation,…,SitEmo
Albert_dataset,égayer,Désignée,Joie,word,égayer,SitEmo
Albert_dataset,rire,Comportementale,Joie,word,rire,SitEmo
Albert_dataset,peu courante,Suggérée,Surprise,word,peu,SitEmo
Albert_dataset,peu courante,Suggérée,Surprise,word,courante,SitEmo
Albert_dataset,!,Montrée,Surprise,punctuation,!,SitEmo
Albert_dataset,...,Montrée,Surprise,punctuation,…,SitEmo
Albert_dataset,!,Montrée,Surprise,punctuation,!,SitEmo
Albert_dataset,inquiétudes,Désignée,Peur,word,inquiétudes,SitEmo
Albert_dataset,inquiète,Suggérée,Peur,word,inquiète,SitEmo
Albert_dataset,craignent,Désignée,Peur,word,craignent,SitEmo
Albert_dataset,...,Montrée,Surprise,punctuation,…,SitEmo
Albert_dataset,acclamé,Comportementale,Fierté,word,acclamé,SitEmo
Albert_dataset,acclamé,Comportementale,Admiration,word,acclamé,SitEmo
Albert_dataset,héros,Suggérée,Admiration,word,héros,SitEmo
Albert_dataset,héros,Suggérée,Fierté,word,héros,SitEmo
Albert_dataset,réclame,Comportementale,Colère,word,réclame,SitEmo
Albert_dataset,s'effondrent,Suggérée,Peur,word,s'effondrent,SitEmo
Albert_dataset,s'effondrent,Suggérée,Peur,punctuation,',SitEmo
Albert_dataset,mobilisation,Comportementale,Colère,word,mobilisation,SitEmo
Albert_dataset,inspiré,Suggérée,Admiration,word,inspiré,SitEmo
Albert_dataset,reprochent,Comportementale,Colère,word,reprochent,SitEmo
Albert_dataset,n'être qu'une donneuse de leçon immature,Suggérée,Colère,word,n'être,SitEmo
Albert_dataset,n'être qu'une donneuse de leçon immature,Suggérée,Colère,word,qu'une,SitEmo
Albert_dataset,n'être qu'une donneuse de leçon immature,Suggérée,Colère,word,donneuse,SitEmo
Albert_dataset,n'être qu'une donneuse de leçon immature,Suggérée,Colère,word,leçon,SitEmo
Albert_dataset,n'être qu'une donneuse de leçon immature,Suggérée,Colère,word,immature,SitEmo
Albert_dataset,n'être qu'une donneuse de leçon immature,Suggérée,Colère,punctuation,',SitEmo
Albert_dataset,n'être qu'une donneuse de leçon immature,Suggérée,Colère,punctuation,',SitEmo
Albert_dataset,l'accusent,Comportementale,Colère,word,l'accusent,SitEmo
Albert_dataset,l'accusent,Comportementale,Colère,punctuation,',SitEmo
Albert_dataset,manipulé,Suggérée,Colère,word,manipulé,SitEmo
Albert_dataset,peur,Désignée,Peur,word,peur,SitEmo
Albert_dataset,colère,Désignée,Colère,word,colère,SitEmo
Albert_dataset,icône,Suggérée,Admiration,word,icône,SitEmo
Albert_dataset,idole,Suggérée,Admiration,word,idole,SitEmo
Albert_dataset,critiques,Comportementale,Colère,word,critiques,SitEmo
Albert_dataset,inspiré,Suggérée,Admiration,word,inspiré,SitEmo
Albert_dataset,alarmants,Désignée,Peur,word,alarmants,SitEmo
Albert_dataset,discours; véhément,Comportementale,Colère,word,discours,SitEmo
Albert_dataset,discours; véhément,Comportementale,Colère,word,véhément,SitEmo
Albert_dataset,discours; véhément,Comportementale,Colère,punctuation,;,SitEmo
Albert_dataset,extinction,Suggérée,Peur,word,extinction,SitEmo
Albert_dataset,tout ce dont vous parlez c'est d'argent,Montrée,Colère,word,parlez,SitEmo
Albert_dataset,tout ce dont vous parlez c'est d'argent,Montrée,Colère,word,c'est,SitEmo
Albert_dataset,tout ce dont vous parlez c'est d'argent,Montrée,Colère,word,d'argent,SitEmo
Albert_dataset,tout ce dont vous parlez c'est d'argent,Montrée,Colère,punctuation,',SitEmo
Albert_dataset,tout ce dont vous parlez c'est d'argent,Montrée,Colère,punctuation,',SitEmo
Albert_dataset,grèves,Comportementale,Colère,word,grèves,SitEmo
Albert_dataset,manifester,Comportementale,Colère,word,manifester,SitEmo
Albert_dataset,admiration,Désignée,Admiration,word,admiration,SitEmo
Albert_dataset,s'assoit,Comportementale,Colère,word,s'assoit,SitEmo
Albert_dataset,s'assoit,Comportementale,Colère,punctuation,',SitEmo
Albert_dataset,lancé,Comportementale,Colère,word,lancé,SitEmo
Albert_dataset,...,Montrée,Surprise,punctuation,…,SitEmo
Albert_dataset,!,Montrée,Surprise,punctuation,!,SitEmo
Albert_dataset,crié,Comportementale,Peur,word,crié,SitEmo
Albert_dataset,effrayés,Désignée,Peur,word,effrayés,SitEmo
Albert_dataset,!,Montrée,Surprise,punctuation,!,SitEmo
Albert_dataset,...,Montrée,Surprise,punctuation,…,SitEmo
Albert_dataset,!,Montrée,Surprise,punctuation,!,SitEmo
Albert_dataset,...,Montrée,Surprise,punctuation,…,SitEmo
Albert_dataset,!,Montrée,Surprise,punctuation,!,SitEmo
Albert_dataset,descendues dans les rues; manifester,Comportementale,Colère,word,descendues,SitEmo
Albert_dataset,descendues dans les rues; manifester,Comportementale,Colère,word,rues,SitEmo
Albert_dataset,descendues dans les rues; manifester,Comportementale,Colère,word,manifester,SitEmo
Albert_dataset,descendues dans les rues; manifester,Comportementale,Colère,punctuation,;,SitEmo
Albert_dataset,mécontents,Désignée,Colère,word,mécontents,SitEmo
Albert_dataset,heurts,Comportementale,Colère,word,heurts,SitEmo
Albert_dataset,bloqué,Comportementale,Colère,word,bloqué,SitEmo
Albert_dataset,sans précédent,Suggérée,Peur,word,précédent,SitEmo
Albert_dataset,prendre la fuite,Comportementale,Peur,word,prendre,SitEmo
Albert_dataset,prendre la fuite,Comportementale,Peur,word,fuite,SitEmo
Albert_dataset,découvre,Suggérée,Surprise,word,découvre,SitEmo
Albert_dataset,!,Montrée,Surprise,punctuation,!,SitEmo
Albert_dataset,drôle,Suggérée,Surprise,word,drôle,SitEmo
Albert_dataset,attentat,Comportementale,Colère,word,attentat,SitEmo
Albert_dataset,désaccord,Suggérée,Colère,word,désaccord,SitEmo
Albert_dataset,tenté de faire assassiner,Comportementale,Colère,word,tenté,SitEmo
Albert_dataset,tenté de faire assassiner,Comportementale,Colère,word,assassiner,SitEmo
Albert_dataset,!,Montrée,Surprise,punctuation,!,SitEmo
Albert_dataset,...,Montrée,Surprise,punctuation,…,SitEmo
Albert_dataset,polémique,Suggérée,Colère,word,polémique,SitEmo
Albert_dataset,présenter ses excuses,Comportementale,Embarras,word,présenter,SitEmo
Albert_dataset,présenter ses excuses,Comportementale,Embarras,word,excuses,SitEmo
Albert_dataset,vice-champion du monde,Suggérée,Joie,word,vice-champion,SitEmo
Albert_dataset,vice-champion du monde,Suggérée,Joie,word,monde,SitEmo
Albert_dataset,vice-champion du monde,Suggérée,Joie,punctuation,-,SitEmo
Albert_dataset,polémique,Suggérée,Colère,word,polémique,SitEmo
Albert_dataset,provocation,Montrée,Colère,word,provocation,SitEmo
Albert_dataset,indignées,Comportementale,Colère,word,indignées,SitEmo
Albert_dataset,...,Montrée,Surprise,punctuation,…,SitEmo
Albert_dataset,!,Montrée,Surprise,punctuation,!,SitEmo
Albert_dataset,peur,Désignée,Peur,word,peur,SitEmo
Albert_dataset,la voix du mort criant « Laissez-moi sortir ! »,Suggérée,Peur,word,voix,SitEmo
Albert_dataset,la voix du mort criant « Laissez-moi sortir ! »,Suggérée,Peur,word,mort,SitEmo
Albert_dataset,la voix du mort criant « Laissez-moi sortir ! »,Suggérée,Peur,word,criant,SitEmo
Albert_dataset,la voix du mort criant « Laissez-moi sortir ! »,Suggérée,Peur,word,laissez-moi,SitEmo
Albert_dataset,la voix du mort criant « Laissez-moi sortir ! »,Suggérée,Peur,word,sortir,SitEmo
Albert_dataset,la voix du mort criant « Laissez-moi sortir ! »,Suggérée,Peur,punctuation,«,SitEmo
Albert_dataset,la voix du mort criant « Laissez-moi sortir ! »,Suggérée,Peur,punctuation,-,SitEmo
Albert_dataset,la voix du mort criant « Laissez-moi sortir ! »,Suggérée,Peur,punctuation,!,SitEmo
Albert_dataset,la voix du mort criant « Laissez-moi sortir ! »,Suggérée,Peur,punctuation,»,SitEmo
Albert_dataset,aient le sourire,Désignée,Joie,word,aient,SitEmo
Albert_dataset,aient le sourire,Désignée,Joie,word,sourire,SitEmo
Albert_dataset,avaient fui,Comportementale,Peur,word,fui,SitEmo
Albert_dataset,persécutés,Suggérée,Peur,word,persécutés,SitEmo
Albert_dataset,persécutés,Suggérée,Tristesse,word,persécutés,SitEmo
Albert_dataset,se réfugier,Comportementale,Peur,word,réfugier,SitEmo
Albert_dataset,craignent,Désignée,Peur,word,craignent,SitEmo
Albert_dataset,pérsecutions,Suggérée,Peur,word,pérsecutions,SitEmo
Albert_dataset,s'inquiètent,Désignée,Peur,word,s'inquiètent,SitEmo
Albert_dataset,s'inquiètent,Désignée,Peur,punctuation,',SitEmo
Albert_dataset,inondés,Suggérée,Peur,word,inondés,SitEmo
Albert_dataset,manifestations,Comportementale,Colère,word,manifestations,SitEmo
Albert_dataset,mécontentement,Désignée,Colère,word,mécontentement,SitEmo
Albert_dataset,forte hausse du prix,Suggérée,Colère,word,forte,SitEmo
Albert_dataset,forte hausse du prix,Suggérée,Colère,word,hausse,SitEmo
Albert_dataset,forte hausse du prix,Suggérée,Colère,word,prix,SitEmo
Albert_dataset,conitnué à protester,Comportementale,Colère,word,conitnué,SitEmo
Albert_dataset,conitnué à protester,Comportementale,Colère,word,protester,SitEmo
Albert_dataset,fortes inégalités,Suggérée,Colère,word,fortes,SitEmo
Albert_dataset,fortes inégalités,Suggérée,Colère,word,inégalités,SitEmo
Albert_dataset,découvrent,Suggérée,Surprise,word,découvrent,SitEmo
Albert_dataset,!,Montrée,Surprise,punctuation,!,SitEmo
Albert_dataset,...,Montrée,Surprise,punctuation,…,SitEmo
Albert_dataset,alerte lancée,Comportementale,Peur,word,alerte,SitEmo
Albert_dataset,alerte lancée,Comportementale,Peur,word,lancée,SitEmo
Albert_dataset,critique,Comportementale,Colère,word,critique,SitEmo
Albert_dataset,craint,Désignée,Peur,word,craint,SitEmo
Albert_dataset,surveillance massive; remette en cause la liberté,Suggérée,Peur,word,surveillance,SitEmo
Albert_dataset,surveillance massive; remette en cause la liberté,Suggérée,Peur,word,massive,SitEmo
Albert_dataset,surveillance massive; remette en cause la liberté,Suggérée,Peur,word,remette,SitEmo
Albert_dataset,surveillance massive; remette en cause la liberté,Suggérée,Peur,word,cause,SitEmo
Albert_dataset,surveillance massive; remette en cause la liberté,Suggérée,Peur,word,liberté,SitEmo
Albert_dataset,surveillance massive; remette en cause la liberté,Suggérée,Peur,punctuation,;,SitEmo
Albert_dataset,n'en croient pas ses yeux,Désignée,Surprise,word,n'en,SitEmo
Albert_dataset,n'en croient pas ses yeux,Désignée,Surprise,word,croient,SitEmo
Albert_dataset,n'en croient pas ses yeux,Désignée,Surprise,word,yeux,SitEmo
Albert_dataset,n'en croient pas ses yeux,Désignée,Surprise,punctuation,',SitEmo
Albert_dataset,!,Montrée,Surprise,punctuation,!,SitEmo
Albert_dataset,!,Montrée,Surprise,punctuation,!,SitEmo
Albert_dataset,accuse,Comportementale,Colère,word,accuse,SitEmo
Albert_dataset,d'être très addictifs,Suggérée,Colère,word,d'être,SitEmo
Albert_dataset,d'être très addictifs,Suggérée,Colère,word,addictifs,SitEmo
Albert_dataset,d'être très addictifs,Suggérée,Colère,punctuation,',SitEmo
Albert_dataset,causer des dommages,Suggérée,Colère,word,causer,SitEmo
Albert_dataset,causer des dommages,Suggérée,Colère,word,dommages,SitEmo
Albert_dataset,n'étaient pas d'accord,Suggérée,Colère,word,n'étaient,SitEmo
Albert_dataset,n'étaient pas d'accord,Suggérée,Colère,word,d'accord,SitEmo
Albert_dataset,n'étaient pas d'accord,Suggérée,Colère,punctuation,',SitEmo
Albert_dataset,n'étaient pas d'accord,Suggérée,Colère,punctuation,',SitEmo
Albert_dataset,critiques,Comportementale,Colère,word,critiques,SitEmo
Albert_dataset,frappés par une sécheresse,Suggérée,Peur,word,frappés,SitEmo
Albert_dataset,frappés par une sécheresse,Suggérée,Peur,word,sécheresse,SitEmo
Albert_dataset,...,Montrée,Surprise,punctuation,…,SitEmo
Albert_dataset,...,Montrée,Surprise,punctuation,…,SitEmo
Albert_dataset,!,Montrée,Surprise,punctuation,!,SitEmo
Albert_dataset,passionne,Suggérée,Admiration,word,passionne,SitEmo
Albert_dataset,surprise,Désignée,Surprise,word,surprise,SitEmo
Albert_dataset,!,Montrée,Surprise,punctuation,!,SitEmo
Albert_dataset,...,Montrée,Surprise,punctuation,…,SitEmo
Albert_dataset,!,Montrée,Joie,punctuation,!,SitEmo
Albert_dataset,!,Montrée,Surprise,punctuation,!,SitEmo
Albert_dataset,!,Montrée,Surprise,punctuation,!,SitEmo
Albert_dataset,...,Montrée,Surprise,punctuation,…,SitEmo
Albert_dataset,impressionnent,Désignée,Admiration,word,impressionnent,SitEmo
Albert_dataset,conflit,Comportementale,Colère,word,conflit,SitEmo
Albert_dataset,falsifié,Suggérée,Colère,word,falsifié,SitEmo
Albert_dataset,se réfugier,Comportementale,Peur,word,réfugier,SitEmo
Albert_dataset,soupçonné,Comportementale,Colère,word,soupçonné,SitEmo
Albert_dataset,été forcés,Suggérée,Peur,word,forcés,SitEmo
Albert_dataset,été forcés,Suggérée,Tristesse,word,forcés,SitEmo
Albert_dataset,réduits en esclavage,Suggérée,Tristesse,word,réduits,SitEmo
Albert_dataset,réduits en esclavage,Suggérée,Peur,word,réduits,SitEmo
Albert_dataset,réduits en esclavage,Suggérée,Tristesse,word,esclavage,SitEmo
Albert_dataset,réduits en esclavage,Suggérée,Peur,word,esclavage,SitEmo
Albert_dataset,!,Montrée,Surprise,punctuation,!,SitEmo
Albert_dataset,...,Montrée,Surprise,punctuation,…,SitEmo
Albert_dataset,protester,Comportementale,Colère,word,protester,SitEmo
Albert_dataset,appelé à faire grève,Comportementale,Colère,word,appelé,SitEmo
Albert_dataset,appelé à faire grève,Comportementale,Colère,word,grève,SitEmo
Albert_dataset,protester,Comportementale,Colère,word,protester,SitEmo
Albert_dataset,manifester,Comportementale,Colère,word,manifester,SitEmo
Albert_dataset,dénonçaient,Comportementale,Colère,word,dénonçaient,SitEmo
Albert_dataset,conditions de travail de plus en plus difficiles,Suggérée,Colère,word,conditions,SitEmo
Albert_dataset,conditions de travail de plus en plus difficiles,Suggérée,Colère,word,travail,SitEmo
Albert_dataset,conditions de travail de plus en plus difficiles,Suggérée,Colère,word,difficiles,SitEmo
Albert_dataset,contestation,Comportementale,Colère,word,contestation,SitEmo
Albert_dataset,colère,Désignée,Colère,word,colère,SitEmo
Albert_dataset,"désavantagés, pension moins élevée; travailler plus longtemps",Suggérée,Peur,word,désavantagés,SitEmo
Albert_dataset,"désavantagés, pension moins élevée; travailler plus longtemps",Suggérée,Peur,word,pension,SitEmo
Albert_dataset,"désavantagés, pension moins élevée; travailler plus longtemps",Suggérée,Peur,word,élevée,SitEmo
Albert_dataset,"désavantagés, pension moins élevée; travailler plus longtemps",Suggérée,Peur,word,travailler,SitEmo
Albert_dataset,"désavantagés, pension moins élevée; travailler plus longtemps",Suggérée,Peur,word,longtemps,SitEmo
Albert_dataset,"désavantagés, pension moins élevée; travailler plus longtemps",Suggérée,Peur,punctuation,",",SitEmo
Albert_dataset,"désavantagés, pension moins élevée; travailler plus longtemps",Suggérée,Peur,punctuation,;,SitEmo
Albert_dataset,appelé à se mettre en grève,Comportementale,Colère,word,appelé,SitEmo
Albert_dataset,appelé à se mettre en grève,Comportementale,Colère,word,mettre,SitEmo
Albert_dataset,appelé à se mettre en grève,Comportementale,Colère,word,grève,SitEmo
Albert_dataset,craignent,Désignée,Peur,word,craignent,SitEmo
Albert_dataset,!,Montrée,Surprise,punctuation,!,SitEmo
Albert_dataset,Noël avant l'heure,Suggérée,Joie,word,noël,SitEmo
Albert_dataset,Noël avant l'heure,Suggérée,Joie,word,avant,SitEmo
Albert_dataset,Noël avant l'heure,Suggérée,Joie,word,l'heure,SitEmo
Albert_dataset,Noël avant l'heure,Suggérée,Joie,punctuation,',SitEmo
Albert_dataset,...,Montrée,Surprise,punctuation,…,SitEmo
Albert_dataset,heureux,Désignée,Joie,word,heureux,SitEmo
Albert_dataset,inquiets,Désignée,Peur,word,inquiets,SitEmo
Albert_dataset,augmenter les risques d'accident,Suggérée,Peur,word,augmenter,SitEmo
Albert_dataset,augmenter les risques d'accident,Suggérée,Peur,word,risques,SitEmo
Albert_dataset,augmenter les risques d'accident,Suggérée,Peur,word,d'accident,SitEmo
Albert_dataset,augmenter les risques d'accident,Suggérée,Peur,punctuation,',SitEmo
Albert_dataset,trinqué,Comportementale,Joie,word,trinqué,SitEmo
Albert_dataset,échangé des cigarettes ou de petits cadeaux,Comportementale,Joie,word,échangé,SitEmo
Albert_dataset,échangé des cigarettes ou de petits cadeaux,Comportementale,Joie,word,cigarettes,SitEmo
Albert_dataset,échangé des cigarettes ou de petits cadeaux,Comportementale,Joie,word,petits,SitEmo
Albert_dataset,échangé des cigarettes ou de petits cadeaux,Comportementale,Joie,word,cadeaux,SitEmo
Albert_dataset,Première Guerre mondiale; rage,Suggérée,Tristesse,word,première,SitEmo
Albert_dataset,Première Guerre mondiale; rage,Suggérée,Tristesse,word,guerre,SitEmo
Albert_dataset,Première Guerre mondiale; rage,Suggérée,Tristesse,word,mondiale,SitEmo
Albert_dataset,Première Guerre mondiale; rage,Suggérée,Tristesse,word,rage,SitEmo
Albert_dataset,Première Guerre mondiale; rage,Suggérée,Tristesse,punctuation,;,SitEmo
Albert_dataset,entonné des chants de Noël,Comportementale,Joie,word,entonné,SitEmo
Albert_dataset,entonné des chants de Noël,Comportementale,Joie,word,chants,SitEmo
Albert_dataset,entonné des chants de Noël,Comportementale,Joie,word,noël,SitEmo
Albert_dataset,joué,Suggérée,Joie,word,joué,SitEmo
Albert_dataset,critiquent,Comportementale,Colère,word,critiquent,SitEmo
Albert_dataset,très sévère; pas respectés,Suggérée,Colère,word,sévère,SitEmo
Albert_dataset,très sévère; pas respectés,Suggérée,Colère,word,respectés,SitEmo
Albert_dataset,très sévère; pas respectés,Suggérée,Colère,punctuation,;,SitEmo
Albert_dataset,désastreuses,Suggérée,Tristesse,word,désastreuses,SitEmo
Albert_dataset,évacuer leurs logements,Suggérée,Peur,word,évacuer,SitEmo
Albert_dataset,évacuer leurs logements,Suggérée,Peur,word,logements,SitEmo
Albert_dataset,!,Montrée,Surprise,punctuation,!,SitEmo
Albert_dataset,...,Montrée,Surprise,punctuation,…,SitEmo
Albert_dataset,lui a rendu le sac qu'il avait perdu,Suggérée,Joie,word,rendu,SitEmo
Albert_dataset,lui a rendu le sac qu'il avait perdu,Suggérée,Joie,word,sac,SitEmo
Albert_dataset,lui a rendu le sac qu'il avait perdu,Suggérée,Joie,word,qu'il,SitEmo
Albert_dataset,lui a rendu le sac qu'il avait perdu,Suggérée,Joie,word,perdu,SitEmo
Albert_dataset,lui a rendu le sac qu'il avait perdu,Suggérée,Joie,punctuation,',SitEmo
Albert_dataset,critiquée,Comportementale,Colère,word,critiquée,SitEmo
Albert_dataset,!,Montrée,Surprise,punctuation,!,SitEmo
Albert_dataset,...,Montrée,Surprise,punctuation,…,SitEmo
Albert_dataset,accusent,Comportementale,Colère,word,accusent,SitEmo
Albert_dataset,ne pas avoir respecté,Suggérée,Colère,word,respecté,SitEmo
Albert_dataset,s'est félicité,Désignée,Joie,word,s'est,SitEmo
Albert_dataset,s'est félicité,Désignée,Joie,word,félicité,SitEmo
Albert_dataset,s'est félicité,Désignée,Joie,punctuation,',SitEmo
Albert_dataset,effrayé,Désignée,Peur,word,effrayé,SitEmo
Albert_dataset,pleurant,Comportementale,Peur,word,pleurant,SitEmo
Albert_dataset,se plaint; peur,Comportementale,Peur,word,plaint,SitEmo
Albert_dataset,se plaint; peur,Comportementale,Peur,word,peur,SitEmo
Albert_dataset,se plaint; peur,Comportementale,Peur,punctuation,;,SitEmo
Albert_dataset,...,Montrée,Surprise,punctuation,…,SitEmo
Albert_dataset,!,Montrée,Surprise,punctuation,!,SitEmo
Albert_dataset,stupéfaite,Désignée,Surprise,word,stupéfaite,SitEmo
Albert_dataset,!,Montrée,Surprise,punctuation,!,SitEmo
Albert_dataset,...,Montrée,Surprise,punctuation,…,SitEmo
Albert_dataset,inquiétudes,Désignée,Peur,word,inquiétudes,SitEmo
Albert_dataset,une première,Suggérée,Surprise,word,première,SitEmo
Albert_dataset,désaccord,Suggérée,Colère,word,désaccord,SitEmo
Albert_dataset,fête,Comportementale,Joie,word,fête,SitEmo
Albert_dataset,deuil,Comportementale,Tristesse,word,deuil,SitEmo
Albert_dataset,hommage; mort,Comportementale,Admiration,word,hommage,SitEmo
Albert_dataset,hommage; mort,Comportementale,Tristesse,word,hommage,SitEmo
Albert_dataset,hommage; mort,Comportementale,Admiration,word,mort,SitEmo
Albert_dataset,hommage; mort,Comportementale,Tristesse,word,mort,SitEmo
Albert_dataset,hommage; mort,Comportementale,Admiration,punctuation,;,SitEmo
Albert_dataset,hommage; mort,Comportementale,Tristesse,punctuation,;,SitEmo
Albert_dataset,contesté,Comportementale,Colère,word,contesté,SitEmo
Albert_dataset,dictateur,Suggérée,Colère,word,dictateur,SitEmo
Albert_dataset,hommage,Comportementale,Tristesse,word,hommage,SitEmo
Albert_dataset,hommage,Comportementale,Admiration,word,hommage,SitEmo
Albert_dataset,fuir,Comportementale,Peur,word,fuir,SitEmo
Albert_dataset,acussent,Comportementale,Colère,word,acussent,SitEmo
Albert_dataset,icône,Suggérée,Admiration,word,icône,SitEmo
Albert_dataset,ne supportent pas; soumise,Suggérée,Colère,word,supportent,SitEmo
Albert_dataset,ne supportent pas; soumise,Suggérée,Colère,word,soumise,SitEmo
Albert_dataset,ne supportent pas; soumise,Suggérée,Colère,punctuation,;,SitEmo
Albert_dataset,tout perdu,Suggérée,Tristesse,word,perdu,SitEmo
Albert_dataset,fuir; précipitation,Comportementale,Peur,word,fuir,SitEmo
Albert_dataset,fuir; précipitation,Comportementale,Peur,word,précipitation,SitEmo
Albert_dataset,fuir; précipitation,Comportementale,Peur,punctuation,;,SitEmo
Albert_dataset,inquiètes,Comportementale,Peur,word,inquiètes,SitEmo
Albert_dataset,peur,Désignée,Peur,word,peur,SitEmo
Albert_dataset,contaminer,Suggérée,Peur,word,contaminer,SitEmo
Albert_dataset,deuil,Comportementale,Tristesse,word,deuil,SitEmo
Albert_dataset,...,Montrée,Surprise,punctuation,…,SitEmo
Albert_dataset,!,Montrée,Surprise,punctuation,!,SitEmo
Albert_dataset,!,Montrée,Surprise,punctuation,!,SitEmo
Albert_dataset,drôle,Suggérée,Surprise,word,drôle,SitEmo
Albert_dataset,angoissées,Désignée,Peur,word,angoissées,SitEmo
Albert_dataset,reproche,Comportementale,Colère,word,reproche,SitEmo
Albert_dataset,nuire,Suggérée,Colère,word,nuire,SitEmo
Albert_dataset,craindre,Désignée,Peur,word,craindre,SitEmo
Albert_dataset,évacuer en urgence,Comportementale,Peur,word,évacuer,SitEmo
Albert_dataset,évacuer en urgence,Comportementale,Peur,word,urgence,SitEmo
Albert_dataset,...,Montrée,Surprise,punctuation,…,SitEmo
Albert_dataset,!,Montrée,Surprise,punctuation,!,SitEmo
Albert_dataset,n'a pas osé,Suggérée,Embarras,word,n'a,SitEmo
Albert_dataset,n'a pas osé,Suggérée,Embarras,word,osé,SitEmo
Albert_dataset,n'a pas osé,Suggérée,Embarras,punctuation,',SitEmo
Albert_dataset,découvert,Suggérée,Surprise,word,découvert,SitEmo
Albert_dataset,surprise,Désignée,Surprise,word,surprise,SitEmo
Albert_dataset,!,Montrée,Surprise,punctuation,!,SitEmo
Albert_dataset,...,Montrée,Surprise,punctuation,…,SitEmo
Albert_dataset,!,Montrée,Surprise,punctuation,!,SitEmo
Albert_dataset,trouve une boîte contenent 43 000 dollars,Suggérée,Surprise,word,trouve,SitEmo
Albert_dataset,trouve une boîte contenent 43 000 dollars,Suggérée,Surprise,word,boîte,SitEmo
Albert_dataset,trouve une boîte contenent 43 000 dollars,Suggérée,Surprise,word,contenent,SitEmo
Albert_dataset,trouve une boîte contenent 43 000 dollars,Suggérée,Surprise,word,dollars,SitEmo
Albert_dataset,bataille,Comportementale,Colère,word,bataille,SitEmo
Albert_dataset,...,Montrée,Surprise,punctuation,…,SitEmo
Albert_dataset,!,Montrée,Surprise,punctuation,!,SitEmo
Albert_dataset,colère,Désignée,Colère,word,colère,SitEmo
Albert_dataset,menace,Désignée,Peur,word,menace,SitEmo
Albert_dataset,colère,Désignée,Colère,word,colère,SitEmo
Albert_dataset,réclament,Comportementale,Colère,word,réclament,SitEmo
Albert_dataset,menacent,Désignée,Peur,word,menacent,SitEmo
Albert_dataset,menace,Désignée,Peur,word,menace,SitEmo
Albert_dataset,alertent,Comportementale,Colère,word,alertent,SitEmo
Albert_dataset,effets sur la santé,Suggérée,Peur,word,effets,SitEmo
Albert_dataset,effets sur la santé,Suggérée,Peur,word,santé,SitEmo
Albert_dataset,redoutent,Désignée,Peur,word,redoutent,SitEmo
Albert_dataset,espionner,Suggérée,Peur,word,espionner,SitEmo
Albert_dataset,interrogations,Suggérée,Peur,word,interrogations,SitEmo
Albert_dataset,interrogations,Suggérée,Peur,word,interrogations,SitEmo
Albert_dataset,s'inquiètent,Désignée,Peur,word,s'inquiètent,SitEmo
Albert_dataset,s'inquiètent,Désignée,Peur,punctuation,',SitEmo
Albert_dataset,exaspération,Désignée,Colère,word,exaspération,SitEmo
Albert_dataset,s'impatientent,Comportementale,Colère,word,s'impatientent,SitEmo
Albert_dataset,s'impatientent,Comportementale,Colère,punctuation,',SitEmo
Albert_dataset,klaxon,Comportementale,Colère,word,klaxon,SitEmo
Albert_dataset,craindre,Désignée,Peur,word,craindre,SitEmo
Albert_dataset,...,Montrée,Surprise,punctuation,…,SitEmo
Albert_dataset,craignent,Désignée,Peur,word,craignent,SitEmo
Albert_dataset,mourir étouffé,Suggérée,Peur,word,mourir,SitEmo
Albert_dataset,mourir étouffé,Suggérée,Peur,word,étouffé,SitEmo
Albert_dataset,!,Montrée,Surprise,punctuation,!,SitEmo
Albert_dataset,...,Montrée,Surprise,punctuation,…,SitEmo
Albert_dataset,méconnu; pauvre,Suggérée,Tristesse,word,méconnu,SitEmo
Albert_dataset,méconnu; pauvre,Suggérée,Tristesse,word,pauvre,SitEmo
Albert_dataset,méconnu; pauvre,Suggérée,Tristesse,punctuation,;,SitEmo
Albert_dataset,panique,Désignée,Peur,word,panique,SitEmo
Albert_dataset,!,Montrée,Surprise,punctuation,!,SitEmo
Albert_dataset,victimes,Suggérée,Colère,word,victimes,SitEmo
Albert_dataset,paroles grossières,Suggérée,Colère,word,paroles,SitEmo
Albert_dataset,paroles grossières,Suggérée,Colère,word,grossières,SitEmo
Albert_dataset,rire,Comportementale,Joie,word,rire,SitEmo
Albert_dataset,!,Montrée,Surprise,punctuation,!,SitEmo
Albert_dataset,...,Montrée,Surprise,punctuation,…,SitEmo
Albert_dataset,l'ampleur des tâches; de moins en moins bien considérés,Suggérée,Colère,word,l'ampleur,SitEmo
Albert_dataset,l'ampleur des tâches; de moins en moins bien considérés,Suggérée,Colère,word,tâches,SitEmo
Albert_dataset,l'ampleur des tâches; de moins en moins bien considérés,Suggérée,Colère,word,considérés,SitEmo
Albert_dataset,l'ampleur des tâches; de moins en moins bien considérés,Suggérée,Colère,punctuation,',SitEmo
Albert_dataset,l'ampleur des tâches; de moins en moins bien considérés,Suggérée,Colère,punctuation,;,SitEmo
Albert_dataset,dénoncé,Comportementale,Colère,word,dénoncé,SitEmo
Albert_dataset,!,Montrée,Surprise,punctuation,!,SitEmo
Albert_dataset,...,Montrée,Surprise,punctuation,…,SitEmo
Albert_dataset,Heureux,Désignée,Joie,word,heureux,SitEmo
Albert_dataset,!,Montrée,Surprise,punctuation,!,SitEmo
Albert_dataset,star,Suggérée,Admiration,word,star,SitEmo
Albert_dataset,...,Montrée,Surprise,punctuation,…,SitEmo
Albert_dataset,contestées,Comportementale,Colère,word,contestées,SitEmo
Albert_dataset,détruire,Désignée,Colère,word,détruire,SitEmo
Albert_dataset,pas assez,Suggérée,Colère,word,assez,SitEmo
Albert_dataset,fuient,Comportementale,Peur,word,fuient,SitEmo
Albert_dataset,bagarres,Comportementale,Colère,word,bagarres,SitEmo
Albert_dataset,se déchirent,Suggérée,Colère,word,déchirent,SitEmo
Albert_dataset,rendu hommage,Comportementale,Admiration,word,rendu,SitEmo
Albert_dataset,rendu hommage,Comportementale,Admiration,word,hommage,SitEmo
Albert_dataset,rendre hommage,Comportementale,Admiration,word,rendre,SitEmo
Albert_dataset,rendre hommage,Comportementale,Admiration,word,hommage,SitEmo
Albert_dataset,...,Montrée,Surprise,punctuation,…,SitEmo
Albert_dataset,!,Montrée,Surprise,punctuation,!,SitEmo
Albert_dataset,rêve,Suggérée,Joie,word,rêve,SitEmo
Albert_dataset,...,Montrée,Surprise,punctuation,…,SitEmo
Albert_dataset,surprise,Désignée,Surprise,word,surprise,SitEmo
Albert_dataset,!,Montrée,Surprise,punctuation,!,SitEmo
Albert_dataset,...,Montrée,Surprise,punctuation,…,SitEmo
Albert_dataset,découvert,Suggérée,Surprise,word,découvert,SitEmo
Albert_dataset,surprise,Désignée,Surprise,word,surprise,SitEmo
Albert_dataset,ruées,Comportementale,Peur,word,ruées,SitEmo
Albert_dataset,...,Montrée,Surprise,punctuation,…,SitEmo
Albert_dataset,!,Montrée,Surprise,punctuation,!,SitEmo
Albert_dataset,!,Montrée,Surprise,punctuation,!,SitEmo
Albert_dataset,se sont jetés,Comportementale,Peur,word,jetés,SitEmo
Albert_dataset,peur,Désignée,Peur,word,peur,SitEmo
Albert_dataset,...,Montrée,Surprise,punctuation,…,SitEmo
Albert_dataset,!,Montrée,Surprise,punctuation,!,SitEmo
Albert_dataset,sécheresse; tuant; sans ressources,Suggérée,Peur,word,sécheresse,SitEmo
Albert_dataset,sécheresse; tuant; sans ressources,Suggérée,Peur,word,tuant,SitEmo
Albert_dataset,sécheresse; tuant; sans ressources,Suggérée,Peur,word,ressources,SitEmo
Albert_dataset,sécheresse; tuant; sans ressources,Suggérée,Peur,punctuation,;,SitEmo
Albert_dataset,sécheresse; tuant; sans ressources,Suggérée,Peur,punctuation,;,SitEmo
Albert_dataset,inattendue,Désignée,Surprise,word,inattendue,SitEmo
Albert_dataset,craignent,Désignée,Peur,word,craignent,SitEmo
Albert_dataset,pollution encore plus importante,Suggérée,Peur,word,pollution,SitEmo
Albert_dataset,pollution encore plus importante,Suggérée,Peur,word,encore,SitEmo
Albert_dataset,pollution encore plus importante,Suggérée,Peur,word,importante,SitEmo
Albert_dataset,...,Montrée,Surprise,punctuation,…,SitEmo
Albert_dataset,!,Montrée,Surprise,punctuation,!,SitEmo
Albert_dataset,rendu compte; mode d'emploi de missiles de défense,Suggérée,Surprise,word,rendu,SitEmo
Albert_dataset,rendu compte; mode d'emploi de missiles de défense,Suggérée,Surprise,word,compte,SitEmo
Albert_dataset,rendu compte; mode d'emploi de missiles de défense,Suggérée,Surprise,word,mode,SitEmo
Albert_dataset,rendu compte; mode d'emploi de missiles de défense,Suggérée,Surprise,word,d'emploi,SitEmo
Albert_dataset,rendu compte; mode d'emploi de missiles de défense,Suggérée,Surprise,word,missiles,SitEmo
Albert_dataset,rendu compte; mode d'emploi de missiles de défense,Suggérée,Surprise,word,défense,SitEmo
Albert_dataset,rendu compte; mode d'emploi de missiles de défense,Suggérée,Surprise,punctuation,;,SitEmo
Albert_dataset,rendu compte; mode d'emploi de missiles de défense,Suggérée,Surprise,punctuation,',SitEmo
Albert_dataset,triste,Désignée,Tristesse,word,triste,SitEmo
Albert_dataset,bonheur,Désignée,Joie,word,bonheur,SitEmo
Albert_dataset,...,Montrée,Surprise,punctuation,…,SitEmo
Albert_dataset,!,Montrée,Surprise,punctuation,!,SitEmo
Albert_dataset,partir sans son chien; perdu,Suggérée,Tristesse,word,partir,SitEmo
Albert_dataset,partir sans son chien; perdu,Suggérée,Tristesse,word,chien,SitEmo
Albert_dataset,partir sans son chien; perdu,Suggérée,Tristesse,word,perdu,SitEmo
Albert_dataset,partir sans son chien; perdu,Suggérée,Tristesse,punctuation,;,SitEmo
Albert_dataset,...,Montrée,Surprise,punctuation,…,SitEmo
Albert_dataset,perdu le contrôle de son véhicule,Suggérée,Peur,word,perdu,SitEmo
Albert_dataset,perdu le contrôle de son véhicule,Suggérée,Peur,word,contrôle,SitEmo
Albert_dataset,perdu le contrôle de son véhicule,Suggérée,Peur,word,véhicule,SitEmo
Albert_dataset,ses freins ne répondaient plus,Suggérée,Peur,word,freins,SitEmo
Albert_dataset,ses freins ne répondaient plus,Suggérée,Peur,word,répondaient,SitEmo
Albert_dataset,!,Montrée,Surprise,punctuation,!,SitEmo
Albert_dataset,menacé,Suggérée,Peur,word,menacé,SitEmo
Albert_dataset,menaçaient,Comportementale,Peur,word,menaçaient,SitEmo
Albert_dataset,divise,Suggérée,Colère,word,divise,SitEmo
Albert_dataset,pas sérieuse,Suggérée,Colère,word,sérieuse,SitEmo
Albert_dataset,...,Montrée,Surprise,punctuation,…,SitEmo
Albert_dataset,!,Montrée,Surprise,punctuation,!,SitEmo
Albert_dataset,!,Montrée,Joie,punctuation,!,SitEmo
Albert_dataset,...,Montrée,Surprise,punctuation,…,SitEmo
Albert_dataset,!,Montrée,Surprise,punctuation,!,SitEmo
Albert_dataset,étonné,Désignée,Surprise,word,étonné,SitEmo
Albert_dataset,redoute,Désignée,Peur,word,redoute,SitEmo
Albert_dataset,Covid-19,Suggérée,Peur,word,covid,SitEmo
Albert_dataset,Covid-19,Suggérée,Peur,punctuation,-,SitEmo
Albert_dataset,rire,Comportementale,Joie,word,rire,SitEmo
Albert_dataset,...,Montrée,Surprise,punctuation,…,SitEmo
Albert_dataset,!,Montrée,Surprise,punctuation,!,SitEmo
Albert_dataset,!,Montrée,Surprise,punctuation,!,SitEmo
Albert_dataset,...,Montrée,Surprise,punctuation,…,SitEmo
Albert_dataset,réfugié,Comportementale,Peur,word,réfugié,SitEmo
Albert_dataset,ravagé; conflits,Suggérée,Peur,word,ravagé,SitEmo
Albert_dataset,ravagé; conflits,Suggérée,Peur,word,conflits,SitEmo
Albert_dataset,ravagé; conflits,Suggérée,Peur,punctuation,;,SitEmo
Albert_dataset,famine; épidémie de choléra; coronavirus,Suggérée,Peur,word,famine,SitEmo
Albert_dataset,famine; épidémie de choléra; coronavirus,Suggérée,Peur,word,épidémie,SitEmo
Albert_dataset,famine; épidémie de choléra; coronavirus,Suggérée,Peur,word,choléra,SitEmo
Albert_dataset,famine; épidémie de choléra; coronavirus,Suggérée,Peur,word,coronavirus,SitEmo
Albert_dataset,famine; épidémie de choléra; coronavirus,Suggérée,Peur,punctuation,;,SitEmo
Albert_dataset,famine; épidémie de choléra; coronavirus,Suggérée,Peur,punctuation,;,SitEmo
Albert_dataset,!,Montrée,Surprise,punctuation,!,SitEmo
Albert_dataset,...,Montrée,Surprise,punctuation,…,SitEmo
Albert_dataset,l'hilarité,Comportementale,Joie,word,l'hilarité,SitEmo
Albert_dataset,l'hilarité,Comportementale,Joie,punctuation,',SitEmo
Albert_dataset,!,Montrée,Surprise,punctuation,!,SitEmo
Albert_dataset,...,Montrée,Surprise,punctuation,…,SitEmo
Albert_dataset,odeur; ne pas sortir,Suggérée,Dégoût,word,odeur,SitEmo
Albert_dataset,odeur; ne pas sortir,Suggérée,Dégoût,word,sortir,SitEmo
Albert_dataset,odeur; ne pas sortir,Suggérée,Dégoût,punctuation,;,SitEmo
Albert_dataset,l'acclamer,Comportementale,Joie,word,l'acclamer,SitEmo
Albert_dataset,l'acclamer,Comportementale,Admiration,word,l'acclamer,SitEmo
Albert_dataset,l'acclamer,Comportementale,Joie,punctuation,',SitEmo
Albert_dataset,l'acclamer,Comportementale,Admiration,punctuation,',SitEmo
Albert_dataset,inquiète,Désignée,Peur,word,inquiète,SitEmo
Albert_dataset,frustrées,Suggérée,Tristesse,word,frustrées,SitEmo
Albert_dataset,!,Montrée,Surprise,punctuation,!,SitEmo
Albert_dataset,...,Montrée,Surprise,punctuation,…,SitEmo
Albert_dataset,...,Montrée,Surprise,punctuation,…,SitEmo
Albert_dataset,...,Montrée,Surprise,punctuation,…,SitEmo
Albert_dataset,...,Montrée,Surprise,punctuation,…,SitEmo
Albert_dataset,Guiness des records,Suggérée,Joie,word,guiness,SitEmo
Albert_dataset,Guiness des records,Suggérée,Fierté,word,guiness,SitEmo
Albert_dataset,Guiness des records,Suggérée,Joie,word,records,SitEmo
Albert_dataset,Guiness des records,Suggérée,Fierté,word,records,SitEmo
Albert_dataset,critiques,Comportementale,Peur,word,critiques,SitEmo
Albert_dataset,menaçant,Comportementale,Colère,word,menaçant,SitEmo
Albert_dataset,stupéfaits,Désignée,Surprise,word,stupéfaits,SitEmo
Albert_dataset,...,Montrée,Surprise,punctuation,…,SitEmo
Albert_dataset,!,Montrée,Surprise,punctuation,!,SitEmo
Albert_dataset,appellent; tapage nocturne,Comportementale,Colère,word,appellent,SitEmo
Albert_dataset,appellent; tapage nocturne,Comportementale,Colère,word,tapage,SitEmo
Albert_dataset,appellent; tapage nocturne,Comportementale,Colère,word,nocturne,SitEmo
Albert_dataset,appellent; tapage nocturne,Comportementale,Colère,punctuation,;,SitEmo
Albert_dataset,remporte; toute première course automobile,Suggérée,Joie,word,remporte,SitEmo
Albert_dataset,remporte; toute première course automobile,Suggérée,Fierté,word,remporte,SitEmo
Albert_dataset,remporte; toute première course automobile,Suggérée,Joie,word,première,SitEmo
Albert_dataset,remporte; toute première course automobile,Suggérée,Fierté,word,première,SitEmo
Albert_dataset,remporte; toute première course automobile,Suggérée,Joie,word,course,SitEmo
Albert_dataset,remporte; toute première course automobile,Suggérée,Fierté,word,course,SitEmo
Albert_dataset,remporte; toute première course automobile,Suggérée,Joie,word,automobile,SitEmo
Albert_dataset,remporte; toute première course automobile,Suggérée,Fierté,word,automobile,SitEmo
Albert_dataset,remporte; toute première course automobile,Suggérée,Joie,punctuation,;,SitEmo
Albert_dataset,remporte; toute première course automobile,Suggérée,Fierté,punctuation,;,SitEmo
Albert_dataset,...,Montrée,Surprise,punctuation,…,SitEmo
Albert_dataset,ne s'attendaient pas,Suggérée,Surprise,word,s'attendaient,SitEmo
Albert_dataset,ne s'attendaient pas,Suggérée,Surprise,punctuation,',SitEmo
Albert_dataset,héros,Suggérée,Admiration,word,héros,SitEmo
Albert_dataset,pas d'accord,Suggérée,Colère,word,d'accord,SitEmo
Albert_dataset,pas d'accord,Suggérée,Colère,punctuation,',SitEmo
Albert_dataset,heureux,Désignée,Joie,word,heureux,SitEmo
Albert_dataset,remporté,Suggérée,Joie,word,remporté,SitEmo
Albert_dataset,drôle,Suggérée,Surprise,word,drôle,SitEmo
Albert_dataset,...,Montrée,Surprise,punctuation,…,SitEmo
Albert_dataset,!,Montrée,Surprise,punctuation,!,SitEmo
Albert_dataset,conflit,Comportementale,Colère,word,conflit,SitEmo
Albert_dataset,...,Montrée,Surprise,punctuation,…,SitEmo
Albert_dataset,...,Montrée,Surprise,punctuation,…,SitEmo
Albert_dataset,!,Montrée,Surprise,punctuation,!,SitEmo
Albert_dataset,dénoncent,Comportementale,Colère,word,dénoncent,SitEmo
Albert_dataset,réclament,Comportementale,Colère,word,réclament,SitEmo
Albert_dataset,choqué,Suggérée,Colère,word,choqué,SitEmo
Albert_dataset,protestations,Comportementale,Colère,word,protestations,SitEmo
Albert_dataset,accusant,Comportementale,Colère,word,accusant,SitEmo
Albert_dataset,racisme,Suggérée,Colère,word,racisme,SitEmo
Albert_dataset,manifestations,Comportementale,Colère,word,manifestations,SitEmo
Albert_dataset,accusent,Comportementale,Colère,word,accusent,SitEmo
Albert_dataset,violences injustifiées,Suggérée,Colère,word,violences,SitEmo
Albert_dataset,violences injustifiées,Suggérée,Colère,word,injustifiées,SitEmo
Albert_dataset,étonnante,Désignée,Surprise,word,étonnante,SitEmo
Albert_dataset,découvrir,Suggérée,Surprise,word,découvrir,SitEmo
Albert_dataset,Difficile d'imaginer,Montrée,Surprise,word,difficile,SitEmo
Albert_dataset,Difficile d'imaginer,Montrée,Surprise,word,d'imaginer,SitEmo
Albert_dataset,Difficile d'imaginer,Montrée,Surprise,punctuation,',SitEmo
Albert_dataset,s'affrontent,Comportementale,Colère,word,s'affrontent,SitEmo
Albert_dataset,s'affrontent,Comportementale,Colère,punctuation,',SitEmo
Albert_dataset,tendues,Suggérée,Colère,word,tendues,SitEmo
Albert_dataset,critiquant,Suggérée,Colère,word,critiquant,SitEmo
Albert_dataset,rompu,Comportementale,Colère,word,rompu,SitEmo
Albert_dataset,critiquer,Comportementale,Colère,word,critiquer,SitEmo
Albert_dataset,...,Montrée,Surprise,punctuation,…,SitEmo
Albert_dataset,!,Montrée,Surprise,punctuation,!,SitEmo
Albert_dataset,pestilentielle,Désignée,Dégoût,word,pestilentielle,SitEmo
Albert_dataset,nausées,Comportementale,Dégoût,word,nausées,SitEmo
Albert_dataset,liberté,Suggérée,Joie,word,liberté,SitEmo
Albert_dataset,ne souhaitent pas,Suggérée,Colère,word,souhaitent,SitEmo
Albert_dataset,révolte,Comportementale,Colère,word,révolte,SitEmo
Albert_dataset,refuse,Comportementale,Colère,word,refuse,SitEmo
Albert_dataset,protestations,Comportementale,Colère,word,protestations,SitEmo
Albert_dataset,manifestations; revendications,Comportementale,Colère,word,manifestations,SitEmo
Albert_dataset,manifestations; revendications,Comportementale,Colère,word,revendications,SitEmo
Albert_dataset,manifestations; revendications,Comportementale,Colère,punctuation,;,SitEmo
Albert_dataset,obtenir gain de cause,Suggérée,Joie,word,obtenir,SitEmo
Albert_dataset,obtenir gain de cause,Suggérée,Joie,word,gain,SitEmo
Albert_dataset,obtenir gain de cause,Suggérée,Joie,word,cause,SitEmo
Albert_dataset,bonheur,Désignée,Joie,word,bonheur,SitEmo
Albert_dataset,persecutée,Suggérée,Peur,word,persecutée,SitEmo
Albert_dataset,persecutée,Suggérée,Tristesse,word,persecutée,SitEmo
Albert_dataset,crimes,Comportementale,Colère,word,crimes,SitEmo
Albert_dataset,battue contre; dictature,Comportementale,Colère,word,battue,SitEmo
Albert_dataset,battue contre; dictature,Comportementale,Colère,word,contre,SitEmo
Albert_dataset,battue contre; dictature,Comportementale,Colère,word,dictature,SitEmo
Albert_dataset,battue contre; dictature,Comportementale,Colère,punctuation,;,SitEmo
Albert_dataset,guerre; rage,Suggérée,Peur,word,guerre,SitEmo
Albert_dataset,guerre; rage,Suggérée,Peur,word,rage,SitEmo
Albert_dataset,guerre; rage,Suggérée,Peur,punctuation,;,SitEmo
Albert_dataset,...,Montrée,Surprise,punctuation,…,SitEmo
Albert_dataset,pas d'un bon oeil,Suggérée,Colère,word,d'un,SitEmo
Albert_dataset,pas d'un bon oeil,Suggérée,Colère,word,bon,SitEmo
Albert_dataset,pas d'un bon oeil,Suggérée,Colère,word,oeil,SitEmo
Albert_dataset,pas d'un bon oeil,Suggérée,Colère,punctuation,',SitEmo
Albert_dataset,manifestations,Comportementale,Colère,word,manifestations,SitEmo
Albert_dataset,autoritairement,Suggérée,Colère,word,autoritairement,SitEmo
Albert_dataset,accusé,Comportementale,Colère,word,accusé,SitEmo
Albert_dataset,ne s'attendait pas,Suggérée,Surprise,word,s'attendait,SitEmo
Albert_dataset,ne s'attendait pas,Suggérée,Surprise,punctuation,',SitEmo
Albert_dataset,!,Montrée,Surprise,punctuation,!,SitEmo
Albert_dataset,refuse,Comportementale,Colère,word,refuse,SitEmo
Albert_dataset,accusent,Comportementale,Colère,word,accusent,SitEmo
Albert_dataset,expulser,Comportementale,Colère,word,expulser,SitEmo
Albert_dataset,accuse,Comportementale,Colère,word,accuse,SitEmo
Albert_dataset,saboter,Suggérée,Colère,word,saboter,SitEmo
Albert_dataset,aucune preuve,Suggérée,Colère,word,aucune,SitEmo
Albert_dataset,aucune preuve,Suggérée,Colère,word,preuve,SitEmo
Albert_dataset,représailles,Désignée,Colère,word,représailles,SitEmo
Albert_dataset,sanctions,Comportementale,Colère,word,sanctions,SitEmo
Albert_dataset,tendues,Suggérée,Colère,word,tendues,SitEmo
Albert_dataset,...,Montrée,Surprise,punctuation,…,SitEmo
Albert_dataset,!,Montrée,Surprise,punctuation,!,SitEmo
Albert_dataset,...,Montrée,Surprise,punctuation,…,SitEmo
Albert_dataset,!,Montrée,Surprise,punctuation,!,SitEmo
Albert_dataset,sécheresse,Suggérée,Peur,word,sécheresse,SitEmo
Albert_dataset,guerre,Comportementale,Colère,word,guerre,SitEmo
Albert_dataset,victoire,Suggérée,Joie,word,victoire,SitEmo
Albert_dataset,dégrade; contamine,Suggérée,Colère,word,dégrade,SitEmo
Albert_dataset,dégrade; contamine,Suggérée,Colère,word,contamine,SitEmo
Albert_dataset,dégrade; contamine,Suggérée,Colère,punctuation,;,SitEmo
Albert_dataset,...,Montrée,Surprise,punctuation,…,SitEmo
Albert_dataset,nostalgie,Suggérée,Tristesse,word,nostalgie,SitEmo
Albert_dataset,...,Montrée,Surprise,punctuation,…,SitEmo
Albert_dataset,...,Montrée,Surprise,punctuation,…,SitEmo
Albert_dataset,!,Montrée,Surprise,punctuation,!,SitEmo
Albert_dataset,bataille,Comportementale,Colère,word,bataille,SitEmo
Albert_dataset,surprise,Désignée,Surprise,word,surprise,SitEmo
Albert_dataset,satisfaction,Désignée,Joie,word,satisfaction,SitEmo
Albert_dataset,satisfaction,Désignée,Fierté,word,satisfaction,SitEmo
Albert_dataset,...,Montrée,Surprise,punctuation,…,SitEmo
Albert_dataset,reproches,Comportementale,Colère,word,reproches,SitEmo
Albert_dataset,manifestent; contester,Comportementale,Colère,word,manifestent,SitEmo
Albert_dataset,manifestent; contester,Comportementale,Colère,word,contester,SitEmo
Albert_dataset,manifestent; contester,Comportementale,Colère,punctuation,;,SitEmo
Albert_dataset,falsifié,Suggérée,Colère,word,falsifié,SitEmo
Albert_dataset,accusent,Comportementale,Colère,word,accusent,SitEmo
Albert_dataset,redouter,Désignée,Peur,word,redouter,SitEmo
Albert_dataset,...,Montrée,Surprise,punctuation,…,SitEmo
Albert_dataset,!,Montrée,Surprise,punctuation,!,SitEmo
Albert_dataset,étonnant,Désignée,Surprise,word,étonnant,SitEmo
Albert_dataset,impressionantes,Désignée,Admiration,word,impressionantes,SitEmo
Albert_dataset,drôle,Suggérée,Surprise,word,drôle,SitEmo
Albert_dataset,surprise,Désignée,Surprise,word,surprise,SitEmo
Albert_dataset,...,Montrée,Surprise,punctuation,…,SitEmo
Albert_dataset,!,Montrée,Surprise,punctuation,!,SitEmo
Albert_dataset,redoute,Désignée,Peur,word,redoute,SitEmo
Albert_dataset,contaminations,Suggérée,Peur,word,contaminations,SitEmo
Albert_dataset,...,Montrée,Surprise,punctuation,…,SitEmo
Albert_dataset,!,Montrée,Surprise,punctuation,!,SitEmo
Albert_dataset,!,Montrée,Surprise,punctuation,!,SitEmo
Albert_dataset,retrouvé,Suggérée,Surprise,word,retrouvé,SitEmo
Albert_dataset,...,Montrée,Surprise,punctuation,…,SitEmo
Albert_dataset,!,Montrée,Surprise,punctuation,!,SitEmo
Albert_dataset,critiques; interdictions,Comportementale,Colère,word,critiques,SitEmo
Albert_dataset,critiques; interdictions,Comportementale,Colère,word,interdictions,SitEmo
Albert_dataset,critiques; interdictions,Comportementale,Colère,punctuation,;,SitEmo
Albert_dataset,interdire,Comportementale,Colère,word,interdire,SitEmo
Albert_dataset,espionnage,Suggérée,Colère,word,espionnage,SitEmo
Albert_dataset,menace,Comportementale,Colère,word,menace,SitEmo
Albert_dataset,craignaient,Désignée,Peur,word,craignaient,SitEmo
Albert_dataset,espionnées,Suggérée,Peur,word,espionnées,SitEmo
Albert_dataset,menace,Comportementale,Colère,word,menace,SitEmo
Albert_dataset,menace,Comportementale,Colère,word,menace,SitEmo
Albert_dataset,accuse,Comportementale,Colère,word,accuse,SitEmo
Albert_dataset,fuient,Comportementale,Peur,word,fuient,SitEmo
Albert_dataset,persécutions,Suggérée,Peur,word,persécutions,SitEmo
Albert_dataset,alerté,Comportementale,Colère,word,alerté,SitEmo
Albert_dataset,abus,Suggérée,Colère,word,abus,SitEmo
Albert_dataset,affirme,Comportementale,Colère,word,affirme,SitEmo
Albert_dataset,menaces,Comportementale,Colère,word,menaces,SitEmo
Albert_dataset,découverte,Suggérée,Surprise,word,découverte,SitEmo
Albert_dataset,...,Montrée,Surprise,punctuation,…,SitEmo
Albert_dataset,!,Montrée,Surprise,punctuation,!,SitEmo
Albert_dataset,...,Montrée,Surprise,punctuation,…,SitEmo
Albert_dataset,surprend,Désignée,Surprise,word,surprend,SitEmo
Albert_dataset,terrible,Suggérée,Tristesse,word,terrible,SitEmo
Albert_dataset,riants,Comportementale,Joie,word,riants,SitEmo
Albert_dataset,!,Montrée,Joie,punctuation,!,SitEmo
Albert_dataset,!,Montrée,Surprise,punctuation,!,SitEmo
Albert_dataset,...,Montrée,Surprise,punctuation,…,SitEmo
Albert_dataset,incendies,Suggérée,Peur,word,incendies,SitEmo
Albert_dataset,dormir sur des trottoirs ou dans des champs; sans couvertures et sans nourriture,Suggérée,Tristesse,word,dormir,SitEmo
Albert_dataset,dormir sur des trottoirs ou dans des champs; sans couvertures et sans nourriture,Suggérée,Peur,word,dormir,SitEmo
Albert_dataset,dormir sur des trottoirs ou dans des champs; sans couvertures et sans nourriture,Suggérée,Tristesse,word,trottoirs,SitEmo
Albert_dataset,dormir sur des trottoirs ou dans des champs; sans couvertures et sans nourriture,Suggérée,Peur,word,trottoirs,SitEmo
Albert_dataset,dormir sur des trottoirs ou dans des champs; sans couvertures et sans nourriture,Suggérée,Tristesse,word,champs,SitEmo
Albert_dataset,dormir sur des trottoirs ou dans des champs; sans couvertures et sans nourriture,Suggérée,Peur,word,champs,SitEmo
Albert_dataset,dormir sur des trottoirs ou dans des champs; sans couvertures et sans nourriture,Suggérée,Tristesse,word,couvertures,SitEmo
Albert_dataset,dormir sur des trottoirs ou dans des champs; sans couvertures et sans nourriture,Suggérée,Peur,word,couvertures,SitEmo
Albert_dataset,dormir sur des trottoirs ou dans des champs; sans couvertures et sans nourriture,Suggérée,Tristesse,word,nourriture,SitEmo
Albert_dataset,dormir sur des trottoirs ou dans des champs; sans couvertures et sans nourriture,Suggérée,Peur,word,nourriture,SitEmo
Albert_dataset,dormir sur des trottoirs ou dans des champs; sans couvertures et sans nourriture,Suggérée,Tristesse,punctuation,;,SitEmo
Albert_dataset,dormir sur des trottoirs ou dans des champs; sans couvertures et sans nourriture,Suggérée,Peur,punctuation,;,SitEmo
Albert_dataset,stupeur,Désignée,Surprise,word,stupeur,SitEmo
Albert_dataset,...,Montrée,Surprise,punctuation,…,SitEmo
Albert_dataset,!,Montrée,Surprise,punctuation,!,SitEmo
Albert_dataset,!,Montrée,Surprise,punctuation,!,SitEmo
Albert_dataset,...,Montrée,Surprise,punctuation,…,SitEmo
Albert_dataset,!,Montrée,Surprise,punctuation,!,SitEmo
Albert_dataset,surgir,Suggérée,Surprise,word,surgir,SitEmo
Albert_dataset,menaçant,Désignée,Peur,word,menaçant,SitEmo
Albert_dataset,!,Montrée,Surprise,punctuation,!,SitEmo
Albert_dataset,...,Montrée,Surprise,punctuation,…,SitEmo
Albert_dataset,!,Montrée,Surprise,punctuation,!,SitEmo
Albert_dataset,constate que son téléphone portable a disparu,Suggérée,Surprise,word,constate,SitEmo
Albert_dataset,constate que son téléphone portable a disparu,Suggérée,Surprise,word,téléphone,SitEmo
Albert_dataset,constate que son téléphone portable a disparu,Suggérée,Surprise,word,portable,SitEmo
Albert_dataset,constate que son téléphone portable a disparu,Suggérée,Surprise,word,disparu,SitEmo
Albert_dataset,découvre une série de selfies pris par un singe,Suggérée,Surprise,word,découvre,SitEmo
Albert_dataset,découvre une série de selfies pris par un singe,Suggérée,Surprise,word,série,SitEmo
Albert_dataset,découvre une série de selfies pris par un singe,Suggérée,Surprise,word,selfies,SitEmo
Albert_dataset,découvre une série de selfies pris par un singe,Suggérée,Surprise,word,pris,SitEmo
Albert_dataset,découvre une série de selfies pris par un singe,Suggérée,Surprise,word,singe,SitEmo
Albert_dataset,s'affrontent,Comportementale,Colère,word,s'affrontent,SitEmo
Albert_dataset,s'affrontent,Comportementale,Colère,punctuation,',SitEmo
Albert_dataset,se cacher; fuir,Comportementale,Peur,word,cacher,SitEmo
Albert_dataset,se cacher; fuir,Comportementale,Peur,word,fuir,SitEmo
Albert_dataset,se cacher; fuir,Comportementale,Peur,punctuation,;,SitEmo
Albert_dataset,offensive,Comportementale,Colère,word,offensive,SitEmo
Albert_dataset,la cible de tirs et de bombardements,Suggérée,Peur,word,cible,SitEmo
Albert_dataset,la cible de tirs et de bombardements,Suggérée,Peur,word,tirs,SitEmo
Albert_dataset,la cible de tirs et de bombardements,Suggérée,Peur,word,bombardements,SitEmo
Albert_dataset,guerre,Comportementale,Colère,word,guerre,SitEmo
Albert_dataset,accuse,Comportementale,Colère,word,accuse,SitEmo
Albert_dataset,fraude,Suggérée,Colère,word,fraude,SitEmo
Albert_dataset,contester,Comportementale,Colère,word,contester,SitEmo
Albert_dataset,satisfaits,Désignée,Joie,word,satisfaits,SitEmo
Albert_dataset,!,Montrée,Surprise,punctuation,!,SitEmo
Albert_dataset,...,Montrée,Surprise,punctuation,…,SitEmo
Albert_dataset,surprise,Désignée,Surprise,word,surprise,SitEmo
Albert_dataset,!,Montrée,Surprise,punctuation,!,SitEmo
Albert_dataset,...,Montrée,Surprise,punctuation,…,SitEmo
Albert_dataset,...,Montrée,Surprise,punctuation,…,SitEmo
Albert_dataset,peur,Désignée,Peur,word,peur,SitEmo
Albert_dataset,n'abime,Suggérée,Peur,word,n'abime,SitEmo
Albert_dataset,n'abime,Suggérée,Peur,punctuation,',SitEmo
Albert_dataset,nauséabonde,Désignée,Dégoût,word,nauséabonde,SitEmo
Albert_dataset,...,Montrée,Surprise,punctuation,…,SitEmo
Albert_dataset,fier,Désignée,Fierté,word,fier,SitEmo
Albert_dataset,...,Montrée,Surprise,punctuation,…,SitEmo
Albert_dataset,!,Montrée,Surprise,punctuation,!,SitEmo
Albert_dataset,primé,Suggérée,Fierté,word,primé,SitEmo
Albert_dataset,primé,Suggérée,Admiration,word,primé,SitEmo
Albert_dataset,exige,Comportementale,Colère,word,exige,SitEmo
Albert_dataset,poursuivre en justice,Comportementale,Colère,word,poursuivre,SitEmo
Albert_dataset,poursuivre en justice,Comportementale,Colère,word,justice,SitEmo
Albert_dataset,hasard,Suggérée,Surprise,word,hasard,SitEmo
Albert_dataset,!,Montrée,Surprise,punctuation,!,SitEmo
Albert_dataset,...,Montrée,Surprise,punctuation,…,SitEmo
Albert_dataset,incroyable,Suggérée,Surprise,word,incroyable,SitEmo
Albert_dataset,étonnement,Désignée,Surprise,word,étonnement,SitEmo
Albert_dataset,d'excuses,Suggérée,Culpabilité,word,d'excuses,SitEmo
Albert_dataset,d'excuses,Suggérée,Culpabilité,punctuation,',SitEmo
Albert_dataset,avouait,Suggérée,Culpabilité,word,avouait,SitEmo
Albert_dataset,avouait,Suggérée,Embarras,word,avouait,SitEmo
Albert_dataset,découvert,Suggérée,Surprise,word,découvert,SitEmo
Albert_dataset,!,Montrée,Surprise,punctuation,!,SitEmo
Albert_dataset,...,Montrée,Surprise,punctuation,…,SitEmo
Albert_dataset,dénoncent,Comportementale,Colère,word,dénoncent,SitEmo
Albert_dataset,déloyale,Suggérée,Colère,word,déloyale,SitEmo
Albert_dataset,critiques,Comportementale,Peur,word,critiques,SitEmo
Albert_dataset,ne pas payer suffisamment,Suggérée,Colère,word,payer,SitEmo
Albert_dataset,ne pas payer suffisamment,Suggérée,Colère,word,suffisamment,SitEmo
Albert_dataset,critiquée,Comportementale,Colère,word,critiquée,SitEmo
Albert_dataset,reprochent,Comportementale,Colère,word,reprochent,SitEmo
Albert_dataset,surconsommation; ne pas respecter l'environnement,Suggérée,Colère,word,surconsommation,SitEmo
Albert_dataset,surconsommation; ne pas respecter l'environnement,Suggérée,Colère,word,respecter,SitEmo
Albert_dataset,surconsommation; ne pas respecter l'environnement,Suggérée,Colère,word,l'environnement,SitEmo
Albert_dataset,surconsommation; ne pas respecter l'environnement,Suggérée,Colère,punctuation,;,SitEmo
Albert_dataset,surconsommation; ne pas respecter l'environnement,Suggérée,Colère,punctuation,',SitEmo
Albert_dataset,accusé,Comportementale,Colère,word,accusé,SitEmo
Albert_dataset,refuse,Comportementale,Colère,word,refuse,SitEmo
Albert_dataset,vainqueur,Suggérée,Joie,word,vainqueur,SitEmo
Albert_dataset,refuse,Comportementale,Colère,word,refuse,SitEmo
Albert_dataset,accuse,Comportementale,Colère,word,accuse,SitEmo
Albert_dataset,truquée,Suggérée,Colère,word,truquée,SitEmo
Albert_dataset,refusé,Comportementale,Colère,word,refusé,SitEmo
Albert_dataset,saisi,Comportementale,Colère,word,saisi,SitEmo
Albert_dataset,refuse,Comportementale,Colère,word,refuse,SitEmo
Albert_dataset,tensions,Désignée,Colère,word,tensions,SitEmo
Albert_dataset,victoire,Suggérée,Joie,word,victoire,SitEmo
Albert_dataset,hantise,Désignée,Peur,word,hantise,SitEmo
Albert_dataset,exaspérés,Désignée,Colère,word,exaspérés,SitEmo
Albert_dataset,ravagés,Suggérée,Colère,word,ravagés,SitEmo
Albert_dataset,exigent,Comportementale,Colère,word,exigent,SitEmo
Albert_dataset,sans abri,Suggérée,Peur,word,abri,SitEmo
Albert_dataset,bâtiments effondrés; habitations submergées,Suggérée,Peur,word,bâtiments,SitEmo
Albert_dataset,bâtiments effondrés; habitations submergées,Suggérée,Peur,word,effondrés,SitEmo
Albert_dataset,bâtiments effondrés; habitations submergées,Suggérée,Peur,word,habitations,SitEmo
Albert_dataset,bâtiments effondrés; habitations submergées,Suggérée,Peur,word,submergées,SitEmo
Albert_dataset,bâtiments effondrés; habitations submergées,Suggérée,Peur,punctuation,;,SitEmo
Albert_dataset,relations tendues,Comportementale,Colère,word,relations,SitEmo
Albert_dataset,relations tendues,Comportementale,Colère,word,tendues,SitEmo
Albert_dataset,s'était fait avoir,Suggérée,Colère,word,s'était,SitEmo
Albert_dataset,s'était fait avoir,Suggérée,Colère,punctuation,',SitEmo
Albert_dataset,...,Montrée,Surprise,punctuation,…,SitEmo
Albert_dataset,!,Montrée,Surprise,punctuation,!,SitEmo
Albert_dataset,...,Montrée,Surprise,punctuation,…,SitEmo
Albert_dataset,!,Montrée,Surprise,punctuation,!,SitEmo
Albert_dataset,découverte,Suggérée,Surprise,word,découverte,SitEmo
Albert_dataset,!,Montrée,Surprise,punctuation,!,SitEmo
Albert_dataset,par hasard,Suggérée,Surprise,word,hasard,SitEmo
Albert_dataset,s'inquiètent,Désignée,Peur,word,s'inquiètent,SitEmo
Albert_dataset,s'inquiètent,Désignée,Peur,punctuation,',SitEmo
Albert_dataset,mécontentement,Désignée,Colère,word,mécontentement,SitEmo
Albert_dataset,craignent,Désignée,Peur,word,craignent,SitEmo
Albert_dataset,crise,Suggérée,Peur,word,crise,SitEmo
Albert_dataset,affrontements,Comportementale,Colère,word,affrontements,SitEmo
Albert_dataset,fuite,Comportementale,Peur,word,fuite,SitEmo
Albert_dataset,protestent,Comportementale,Colère,word,protestent,SitEmo
Albert_dataset,réclamer,Comportementale,Colère,word,réclamer,SitEmo
Albert_dataset,...,Montrée,Surprise,punctuation,…,SitEmo
Albert_dataset,!,Montrée,Surprise,punctuation,!,SitEmo
Albert_dataset,porté plainte,Comportementale,Colère,word,porté,SitEmo
Albert_dataset,porté plainte,Comportementale,Colère,word,plainte,SitEmo
Albert_dataset,menacée,Désignée,Peur,word,menacée,SitEmo
Albert_dataset,...,Montrée,Surprise,punctuation,…,SitEmo
Albert_dataset,!,Montrée,Surprise,punctuation,!,SitEmo
Albert_dataset,étonnant,Désignée,Surprise,word,étonnant,SitEmo
Albert_dataset,!,Montrée,Surprise,punctuation,!,SitEmo
Albert_dataset,...,Montrée,Surprise,punctuation,…,SitEmo
Albert_dataset,exploit,Suggérée,Admiration,word,exploit,SitEmo
Albert_dataset,...,Montrée,Surprise,punctuation,…,SitEmo
Albert_dataset,!,Montrée,Surprise,punctuation,!,SitEmo
Albert_dataset,légende,Suggérée,Admiration,word,légende,SitEmo
Albert_dataset,idole,Suggérée,Admiration,word,idole,SitEmo
Albert_dataset,hommage,Comportementale,Admiration,word,hommage,SitEmo
Albert_dataset,hommage,Comportementale,Tristesse,word,hommage,SitEmo
Albert_dataset,rendu hommages,Suggérée,Admiration,word,rendu,SitEmo
Albert_dataset,rendu hommages,Suggérée,Tristesse,word,rendu,SitEmo
Albert_dataset,rendu hommages,Suggérée,Admiration,word,hommages,SitEmo
Albert_dataset,rendu hommages,Suggérée,Tristesse,word,hommages,SitEmo
Albert_dataset,inquiétante,Désignée,Peur,word,inquiétante,SitEmo
Albert_dataset,surprise,Désignée,Surprise,word,surprise,SitEmo
Albert_dataset,...,Montrée,Surprise,punctuation,…,SitEmo
Albert_dataset,!,Montrée,Surprise,punctuation,!,SitEmo
Albert_dataset,bonheur,Désignée,Joie,word,bonheur,SitEmo
Albert_dataset,étonnante,Désignée,Surprise,word,étonnante,SitEmo
Albert_dataset,...,Montrée,Surprise,punctuation,…,SitEmo
Albert_dataset,!,Montrée,Surprise,punctuation,!,SitEmo
Albert_dataset,dangereuses,Désignée,Peur,word,dangereuses,SitEmo
Albert_dataset,Indigné,Suggérée,Colère,word,indigné,SitEmo
Albert_dataset,triste,Désignée,Tristesse,word,triste,SitEmo
Albert_dataset,hommage,Comportementale,Admiration,word,hommage,SitEmo
Albert_dataset,divise,Suggérée,Colère,word,divise,SitEmo
Albert_dataset,manifestation,Suggérée,Colère,word,manifestation,SitEmo
Albert_dataset,menace,Désignée,Peur,word,menace,SitEmo
Albert_dataset,manifestations,Comportementale,Colère,word,manifestations,SitEmo
Albert_dataset,désaccord,Suggérée,Colère,word,désaccord,SitEmo
Albert_dataset,manifestations,Comportementale,Colère,word,manifestations,SitEmo
Albert_dataset,menace,Désignée,Peur,word,menace,SitEmo
Albert_dataset,redoutaient,Désignée,Peur,word,redoutaient,SitEmo
Albert_dataset,craignant,Désignée,Peur,word,craignant,SitEmo
Albert_dataset,exilé,Comportementale,Peur,word,exilé,SitEmo
Albert_dataset,fui,Comportementale,Peur,word,fui,SitEmo
Albert_dataset,reprochent,Comportementale,Colère,word,reprochent,SitEmo
Albert_dataset,vainqueur,Suggérée,Joie,word,vainqueur,SitEmo
Albert_dataset,refusé,Comportementale,Colère,word,refusé,SitEmo
Albert_dataset,refuge,Comportementale,Peur,word,refuge,SitEmo
Albert_dataset,quitté; emportant l'argent,Suggérée,Colère,word,quitté,SitEmo
Albert_dataset,quitté; emportant l'argent,Suggérée,Colère,word,emportant,SitEmo
Albert_dataset,quitté; emportant l'argent,Suggérée,Colère,word,l'argent,SitEmo
Albert_dataset,quitté; emportant l'argent,Suggérée,Colère,punctuation,;,SitEmo
Albert_dataset,quitté; emportant l'argent,Suggérée,Colère,punctuation,',SitEmo
Albert_dataset,!,Montrée,Admiration,punctuation,!,SitEmo
Albert_dataset,Chapeau,Désignée,Admiration,word,chapeau,SitEmo
Albert_dataset,...,Montrée,Surprise,punctuation,…,SitEmo
Albert_dataset,!,Montrée,Surprise,punctuation,!,SitEmo
Albert_dataset,...,Montrée,Surprise,punctuation,…,SitEmo
Albert_dataset,!,Montrée,Surprise,punctuation,!,SitEmo
Albert_dataset,ne s'attendait pas,Suggérée,Surprise,word,s'attendait,SitEmo
Albert_dataset,ne s'attendait pas,Suggérée,Surprise,punctuation,',SitEmo
Albert_dataset,pas à l'aise,Suggérée,Peur,word,l'aise,SitEmo
Albert_dataset,pas à l'aise,Suggérée,Peur,punctuation,',SitEmo
CorpusCovid,...,Montrée,Surprise,punctuation,…,SitEmo
CorpusCovid,cauchemar,Désignée,Peur,word,cauchemar,SitEmo
CorpusCovid,temps d'écran plus long,Suggérée,Joie,word,temps,SitEmo
CorpusCovid,temps d'écran plus long,Suggérée,Joie,word,d'écran,SitEmo
CorpusCovid,temps d'écran plus long,Suggérée,Joie,word,long,SitEmo
CorpusCovid,temps d'écran plus long,Suggérée,Joie,punctuation,',SitEmo
CorpusCovid,pas facile à vivre,Suggérée,Tristesse,word,facile,SitEmo
CorpusCovid,pas facile à vivre,Suggérée,Tristesse,word,vivre,SitEmo
CorpusCovid,m'ont manqué,Suggérée,Tristesse,word,m'ont,SitEmo
CorpusCovid,m'ont manqué,Suggérée,Tristesse,word,manqué,SitEmo
CorpusCovid,m'ont manqué,Suggérée,Tristesse,punctuation,',SitEmo
CorpusCovid,pénible,Désignée,Tristesse,word,pénible,SitEmo
CorpusCovid,pestiférée,Suggérée,Embarras,word,pestiférée,SitEmo
CorpusCovid,pestiférée,Suggérée,Tristesse,word,pestiférée,SitEmo
CorpusCovid,injuste,Suggérée,Colère,word,injuste,SitEmo
CorpusCovid,"ce n'est pas aux familles d'acheter ces produits pour l""école",Montrée,Colère,word,n'est,SitEmo
CorpusCovid,"ce n'est pas aux familles d'acheter ces produits pour l""école",Montrée,Colère,word,familles,SitEmo
CorpusCovid,"ce n'est pas aux familles d'acheter ces produits pour l""école",Montrée,Colère,word,d'acheter,SitEmo
CorpusCovid,"ce n'est pas aux familles d'acheter ces produits pour l""école",Montrée,Colère,word,produits,SitEmo
CorpusCovid,"ce n'est pas aux familles d'acheter ces produits pour l""école",Montrée,Colère,word,école,SitEmo
CorpusCovid,"ce n'est pas aux familles d'acheter ces produits pour l""école",Montrée,Colère,punctuation,',SitEmo
CorpusCovid,"ce n'est pas aux familles d'acheter ces produits pour l""école",Montrée,Colère,punctuation,',SitEmo
CorpusCovid,"ce n'est pas aux familles d'acheter ces produits pour l""école",Montrée,Colère,punctuation,"""",SitEmo
CorpusCovid,!,Montrée,Surprise,punctuation,!,SitEmo
CorpusCovid,paniquer,Désignée,Peur,word,paniquer,SitEmo
CorpusCovid,content,Désignée,Joie,word,content,SitEmo
CorpusCovid,super,Suggérée,Joie,word,super,SitEmo
CorpusCovid,déçu,Désignée,Tristesse,word,déçu,SitEmo
CorpusCovid,triste,Désignée,Tristesse,word,triste,SitEmo
CorpusCovid,!,Montrée,Joie,punctuation,!,SitEmo
CorpusCovid,manquent,Suggérée,Tristesse,word,manquent,SitEmo
CorpusCovid,contente,Désignée,Joie,word,contente,SitEmo
CorpusCovid,triste,Désignée,Tristesse,word,triste,SitEmo
CorpusCovid,contente,Désignée,Joie,word,contente,SitEmo
CorpusCovid,craint,Désignée,Peur,word,craint,SitEmo
CorpusCovid,fuient,Comportementale,Peur,word,fuient,SitEmo
CorpusCovid,satané,Montrée,Colère,word,satané,SitEmo
CorpusCovid,!,Montrée,Colère,punctuation,!,SitEmo
CorpusCovid,peur,Désignée,Peur,word,peur,SitEmo
CorpusCovid,peur,Désignée,Peur,word,peur,SitEmo
CorpusCovid,triste,Désignée,Tristesse,word,triste,SitEmo
CorpusCovid,heureuse,Désignée,Joie,word,heureuse,SitEmo
CorpusCovid,courageux,Montrée,Admiration,word,courageux,SitEmo
CorpusCovid,inquiète,Désignée,Peur,word,inquiète,SitEmo
CorpusCovid,révoltée,Désignée,Colère,word,révoltée,SitEmo
CorpusCovid,fière,Désignée,Fierté,word,fière,SitEmo
CorpusCovid,contente,Désignée,Joie,word,contente,SitEmo
CorpusCovid,fière,Désignée,Fierté,word,fière,SitEmo
CorpusCovid,peur,Désignée,Peur,word,peur,SitEmo
CorpusCovid,peur,Désignée,Peur,word,peur,SitEmo
CorpusCovid,fiers,Désignée,Fierté,word,fiers,SitEmo
CorpusCovid,inquiète,Désignée,Peur,word,inquiète,SitEmo
CorpusCovid,plaisir,Désignée,Joie,word,plaisir,SitEmo
CorpusCovid,peur,Désignée,Peur,word,peur,SitEmo
CorpusCovid,énerve,Désignée,Colère,word,énerve,SitEmo
CorpusCovid,super,Suggérée,Joie,word,super,SitEmo
CorpusCovid,!,Montrée,Joie,punctuation,!,SitEmo
CorpusCovid,disputait,Comportementale,Colère,word,disputait,SitEmo
CorpusCovid,marrant,Désignée,Joie,word,marrant,SitEmo
CorpusCovid,réclamant,Comportementale,Colère,word,réclamant,SitEmo
CorpusCovid,inquiétudes,Désignée,Peur,word,inquiétudes,SitEmo
CorpusCovid,craignons,Désignée,Peur,word,craignons,SitEmo
CorpusCovid,inquiétudes,Désignée,Peur,word,inquiétudes,SitEmo
CorpusCovid,développement de foyers épidémiques,Suggérée,Peur,word,développement,SitEmo
CorpusCovid,développement de foyers épidémiques,Suggérée,Peur,word,foyers,SitEmo
CorpusCovid,développement de foyers épidémiques,Suggérée,Peur,word,épidémiques,SitEmo
CorpusCovid,inquiets,Désignée,Peur,word,inquiets,SitEmo
CorpusCovid,dénonce,Comportementale,Colère,word,dénonce,SitEmo
CorpusCovid,inaction,Suggérée,Colère,word,inaction,SitEmo
CorpusCovid,révoltent,Comportementale,Colère,word,révoltent,SitEmo
CorpusCovid,accusant,Comportementale,Colère,word,accusant,SitEmo
CorpusCovid,Critiqué,Comportementale,Colère,word,critiqué,SitEmo
CorpusCovid,surpris,Désignée,Surprise,word,surpris,SitEmo
CorpusCovid,inquiété,Désignée,Peur,word,inquiété,SitEmo
CorpusCovid,panique,Comportementale,Peur,word,panique,SitEmo
CorpusCovid,panique,Désignée,Peur,word,panique,SitEmo
CorpusCovid,non-respect,Suggérée,Colère,word,non-respect,SitEmo
CorpusCovid,non-respect,Suggérée,Colère,punctuation,-,SitEmo
CorpusCovid,inquiétude,Désignée,Peur,word,inquiétude,SitEmo
CorpusCovid,psychose,Désignée,Peur,word,psychose,SitEmo
CorpusCovid,inquiets,Désignée,Peur,word,inquiets,SitEmo
CorpusCovid,critiqué,Comportementale,Colère,word,critiqué,SitEmo
CorpusCovid,inquiétude,Désignée,Peur,word,inquiétude,SitEmo
CorpusCovid,l'arrivée du virus,Suggérée,Peur,word,l'arrivée,SitEmo
CorpusCovid,l'arrivée du virus,Suggérée,Peur,word,virus,SitEmo
CorpusCovid,l'arrivée du virus,Suggérée,Peur,punctuation,',SitEmo
CorpusCovid,craindre,Désignée,Peur,word,craindre,SitEmo
CorpusCovid,s'inquiètent,Désignée,Peur,word,s'inquiètent,SitEmo
CorpusCovid,s'inquiètent,Désignée,Peur,punctuation,',SitEmo
CorpusCovid,préoccupe,Désignée,Peur,word,préoccupe,SitEmo
CorpusCovid,inquiets,Désignée,Peur,word,inquiets,SitEmo
CorpusCovid,inquiétant,Désignée,Peur,word,inquiétant,SitEmo
CorpusCovid,héros,Suggérée,Admiration,word,héros,SitEmo
LitteratureJeunesse,pleurais,Comportementale,Peur,word,pleurais,SitEmo
LitteratureJeunesse,pleurant,Comportementale,Tristesse,word,pleurant,SitEmo
LitteratureJeunesse,pleurant,Comportementale,Peur,word,pleurant,SitEmo
LitteratureJeunesse,pleuré,Comportementale,Tristesse,word,pleuré,SitEmo
LitteratureJeunesse,pleuré,Comportementale,Peur,word,pleuré,SitEmo
LitteratureJeunesse,Qu'est-ce qui t'arrive ; ?,Montrée,Surprise,word,qu'est-ce,SitEmo
LitteratureJeunesse,Qu'est-ce qui t'arrive ; ?,Montrée,Surprise,word,t'arrive,SitEmo
LitteratureJeunesse,Qu'est-ce qui t'arrive ; ?,Montrée,Surprise,punctuation,',SitEmo
LitteratureJeunesse,Qu'est-ce qui t'arrive ; ?,Montrée,Surprise,punctuation,-,SitEmo
LitteratureJeunesse,Qu'est-ce qui t'arrive ; ?,Montrée,Surprise,punctuation,',SitEmo
LitteratureJeunesse,Qu'est-ce qui t'arrive ; ?,Montrée,Surprise,punctuation,;,SitEmo
LitteratureJeunesse,Qu'est-ce qui t'arrive ; ?,Montrée,Surprise,punctuation,?,SitEmo
LitteratureJeunesse,peur,Désignée,Peur,word,peur,SitEmo
LitteratureJeunesse,pleurant,Comportementale,Tristesse,word,pleurant,SitEmo
LitteratureJeunesse,pleurant,Comportementale,Peur,word,pleurant,SitEmo
LitteratureJeunesse,pleuré,Comportementale,Tristesse,word,pleuré,SitEmo
LitteratureJeunesse,pleuré,Comportementale,Peur,word,pleuré,SitEmo
LitteratureJeunesse,pleuré,Comportementale,Tristesse,word,pleuré,SitEmo
LitteratureJeunesse,pleuré,Comportementale,Peur,word,pleuré,SitEmo
LitteratureJeunesse,contents,Désignée,Joie,word,contents,SitEmo
LitteratureJeunesse,Bravo,Montrée,Fierté,word,bravo,SitEmo
LitteratureJeunesse,Qui ; ?,Montrée,Surprise,punctuation,;,SitEmo
LitteratureJeunesse,Qui ; ?,Montrée,Surprise,punctuation,?,SitEmo
LitteratureJeunesse,torture,Suggérée,Tristesse,word,torture,SitEmo
LitteratureJeunesse,piégé,Suggérée,Peur,word,piégé,SitEmo
LitteratureJeunesse,froncé,Comportementale,Colère,word,froncé,SitEmo
LitteratureJeunesse,pleurer,Comportementale,Tristesse,word,pleurer,SitEmo
LitteratureJeunesse,pleurer,Comportementale,Tristesse,word,pleurer,SitEmo
LitteratureJeunesse,pleurer,Comportementale,Tristesse,word,pleurer,SitEmo
LitteratureJeunesse,triste,Désignée,Tristesse,word,triste,SitEmo
LitteratureJeunesse,souci,Désignée,Peur,word,souci,SitEmo
LitteratureJeunesse,souci,Désignée,Tristesse,word,souci,SitEmo
LitteratureJeunesse,ri,Comportementale,Joie,word,ri,SitEmo
LitteratureJeunesse,peine,Désignée,Tristesse,word,peine,SitEmo
LitteratureJeunesse,horrible,Montrée,Peur,word,horrible,SitEmo
LitteratureJeunesse,horrible,Montrée,Tristesse,word,horrible,SitEmo
LitteratureJeunesse,pleurer,Comportementale,Tristesse,word,pleurer,SitEmo
LitteratureJeunesse,mauvaise nouvelle,Suggérée,Tristesse,word,mauvaise,SitEmo
LitteratureJeunesse,mauvaise nouvelle,Suggérée,Tristesse,word,nouvelle,SitEmo
LitteratureJeunesse,toujours rêvé,Suggérée,Tristesse,word,rêvé,SitEmo
LitteratureJeunesse,?,Montrée,Surprise,punctuation,?,SitEmo
LitteratureJeunesse,Beuuurk,Montrée,Dégoût,word,beuuurk,SitEmo
LitteratureJeunesse,rigolé,Comportementale,Joie,word,rigolé,SitEmo
LitteratureJeunesse,silence,Suggérée,Surprise,word,silence,SitEmo
LitteratureJeunesse,peur,Désignée,Peur,word,peur,SitEmo
LitteratureJeunesse,pleurnichant,Comportementale,Peur,word,pleurnichant,SitEmo
LitteratureJeunesse,faire les gros yeux,Comportementale,Colère,word,gros,SitEmo
LitteratureJeunesse,faire les gros yeux,Comportementale,Colère,word,yeux,SitEmo
LitteratureJeunesse,pleurait,Comportementale,Peur,word,pleurait,SitEmo
LitteratureJeunesse,criait,Comportementale,Peur,word,criait,SitEmo
LitteratureJeunesse,ri,Comportementale,Joie,word,ri,SitEmo
LitteratureJeunesse,C'est très bien,Montrée,Fierté,word,c'est,SitEmo
LitteratureJeunesse,C'est très bien,Montrée,Fierté,punctuation,',SitEmo
LitteratureJeunesse,bon camarade,Montrée,Fierté,word,bon,SitEmo
LitteratureJeunesse,bon camarade,Montrée,Fierté,word,camarade,SitEmo
LitteratureJeunesse,déçu,Désignée,Tristesse,word,déçu,SitEmo
LitteratureJeunesse,inquiet,Désignée,Peur,word,inquiet,SitEmo
LitteratureJeunesse,grave,Montrée,Peur,word,grave,SitEmo
LitteratureJeunesse,horrible,Désignée,Peur,word,horrible,SitEmo
LitteratureJeunesse,horrible,Désignée,Tristesse,word,horrible,SitEmo
LitteratureJeunesse,Frrrintek ?,Montrée,Surprise,word,frrrintek,SitEmo
LitteratureJeunesse,Frrrintek ?,Montrée,Surprise,punctuation,?,SitEmo
LitteratureJeunesse,"qui c'est ça, Frrrintek ?",Montrée,Surprise,word,c'est,SitEmo
LitteratureJeunesse,"qui c'est ça, Frrrintek ?",Montrée,Surprise,word,frrrintek,SitEmo
LitteratureJeunesse,"qui c'est ça, Frrrintek ?",Montrée,Surprise,punctuation,',SitEmo
LitteratureJeunesse,"qui c'est ça, Frrrintek ?",Montrée,Surprise,punctuation,",",SitEmo
LitteratureJeunesse,"qui c'est ça, Frrrintek ?",Montrée,Surprise,punctuation,?,SitEmo
LitteratureJeunesse,rire,Comportementale,Joie,word,rire,SitEmo
LitteratureJeunesse,peur,Désignée,Peur,word,peur,SitEmo
LitteratureJeunesse,qu'est-ce que ; devenir,Suggérée,Peur,word,qu'est-ce,SitEmo
LitteratureJeunesse,qu'est-ce que ; devenir,Suggérée,Tristesse,word,qu'est-ce,SitEmo
LitteratureJeunesse,qu'est-ce que ; devenir,Suggérée,Peur,word,devenir,SitEmo
LitteratureJeunesse,qu'est-ce que ; devenir,Suggérée,Tristesse,word,devenir,SitEmo
LitteratureJeunesse,qu'est-ce que ; devenir,Suggérée,Peur,punctuation,',SitEmo
LitteratureJeunesse,qu'est-ce que ; devenir,Suggérée,Tristesse,punctuation,',SitEmo
LitteratureJeunesse,qu'est-ce que ; devenir,Suggérée,Peur,punctuation,-,SitEmo
LitteratureJeunesse,qu'est-ce que ; devenir,Suggérée,Tristesse,punctuation,-,SitEmo
LitteratureJeunesse,qu'est-ce que ; devenir,Suggérée,Peur,punctuation,;,SitEmo
LitteratureJeunesse,qu'est-ce que ; devenir,Suggérée,Tristesse,punctuation,;,SitEmo
LitteratureJeunesse,pleuré,Comportementale,Tristesse,word,pleuré,SitEmo
LitteratureJeunesse,pleuré,Comportementale,Tristesse,word,pleuré,SitEmo
LitteratureJeunesse,pleuré,Comportementale,Tristesse,word,pleuré,SitEmo
LitteratureJeunesse,plaisir,Désignée,Joie,word,plaisir,SitEmo
LitteratureJeunesse,trompé,Montrée,Culpabilité,word,trompé,SitEmo
LitteratureJeunesse,Ah,Montrée,Surprise,word,ah,SitEmo
LitteratureJeunesse,Hum,Montrée,Surprise,word,hum,SitEmo
LitteratureJeunesse,Beueueueh,Montrée,Joie,word,beueueueh,SitEmo
LitteratureJeunesse,Hum,Montrée,Joie,word,hum,SitEmo
LitteratureJeunesse,?,Montrée,Admiration,punctuation,?,SitEmo
LitteratureJeunesse,pleurer,Comportementale,Tristesse,word,pleurer,SitEmo
LitteratureJeunesse,Vous êtes sûr ?,Montrée,Surprise,word,sûr,SitEmo
LitteratureJeunesse,Vous êtes sûr ?,Montrée,Surprise,punctuation,?,SitEmo
LitteratureJeunesse,Une fille ?,Montrée,Surprise,word,fille,SitEmo
LitteratureJeunesse,Une fille ?,Montrée,Surprise,punctuation,?,SitEmo
LitteratureJeunesse,peur,Désignée,Peur,word,peur,SitEmo
LitteratureJeunesse,n'avait pas dit un mot,Comportementale,Tristesse,word,n'avait,SitEmo
LitteratureJeunesse,n'avait pas dit un mot,Comportementale,Tristesse,word,mot,SitEmo
LitteratureJeunesse,n'avait pas dit un mot,Comportementale,Tristesse,punctuation,',SitEmo
LitteratureJeunesse,minable,Désignée,Culpabilité,word,minable,SitEmo
LitteratureJeunesse,minable,Désignée,Embarras,word,minable,SitEmo
LitteratureJeunesse,pas très héroique,Suggérée,Culpabilité,word,héroique,SitEmo
LitteratureJeunesse,pas très héroique,Suggérée,Embarras,word,héroique,SitEmo
LitteratureJeunesse,pleurer,Comportementale,Tristesse,word,pleurer,SitEmo
LitteratureJeunesse,Qu'est-ce qu'il y a ?,Montrée,Surprise,word,qu'est-ce,SitEmo
LitteratureJeunesse,Qu'est-ce qu'il y a ?,Montrée,Surprise,word,qu'il,SitEmo
LitteratureJeunesse,Qu'est-ce qu'il y a ?,Montrée,Surprise,punctuation,',SitEmo
LitteratureJeunesse,Qu'est-ce qu'il y a ?,Montrée,Surprise,punctuation,-,SitEmo
LitteratureJeunesse,Qu'est-ce qu'il y a ?,Montrée,Surprise,punctuation,',SitEmo
LitteratureJeunesse,Qu'est-ce qu'il y a ?,Montrée,Surprise,punctuation,?,SitEmo
LitteratureJeunesse,Pousse-toi,Montrée,Colère,word,pousse-toi,SitEmo
LitteratureJeunesse,Pousse-toi,Montrée,Colère,punctuation,-,SitEmo
LitteratureJeunesse,Mais ; qui ; ?,Montrée,Surprise,punctuation,;,SitEmo
LitteratureJeunesse,Mais ; qui ; ?,Montrée,Surprise,punctuation,;,SitEmo
LitteratureJeunesse,Mais ; qui ; ?,Montrée,Surprise,punctuation,?,SitEmo
LitteratureJeunesse,Vladimir,Montrée,Colère,word,vladimir,SitEmo
LitteratureJeunesse,peur,Désignée,Peur,word,peur,SitEmo
LitteratureJeunesse,inquiet,Désignée,Peur,word,inquiet,SitEmo
LitteratureJeunesse,première fois,Comportementale,Surprise,word,première,SitEmo
LitteratureJeunesse,première fois,Comportementale,Surprise,word,fois,SitEmo
LitteratureJeunesse,pleurer,Comportementale,Tristesse,word,pleurer,SitEmo
LitteratureJeunesse,touchées,Désignée,Tristesse,word,touchées,SitEmo
LitteratureJeunesse,rire,Comportementale,Joie,word,rire,SitEmo
LitteratureJeunesse,ennuyé,Suggérée,Tristesse,word,ennuyé,SitEmo
LitteratureJeunesse,voulu,Suggérée,Colère,word,voulu,SitEmo
LitteratureJeunesse,rat,Montrée,Colère,word,rat,SitEmo
LitteratureJeunesse,malheureux,Désignée,Tristesse,word,malheureux,SitEmo
LitteratureJeunesse,terrible erreur,Suggérée,Tristesse,word,terrible,SitEmo
LitteratureJeunesse,terrible erreur,Suggérée,Tristesse,word,erreur,SitEmo
LitteratureJeunesse,horribles,Suggérée,Dégoût,word,horribles,SitEmo
LitteratureJeunesse,crié,Comportementale,Dégoût,word,crié,SitEmo
LitteratureJeunesse,gagnent,Suggérée,Joie,word,gagnent,SitEmo
LitteratureJeunesse,Pourquoi ; ?,Montrée,Tristesse,word,pourquoi,SitEmo
LitteratureJeunesse,Pourquoi ; ?,Montrée,Tristesse,punctuation,;,SitEmo
LitteratureJeunesse,Pourquoi ; ?,Montrée,Tristesse,punctuation,?,SitEmo
LitteratureJeunesse,Mais qu'est-ce qu'il a Frrrintek ?,Montrée,Peur,word,qu'est-ce,SitEmo
LitteratureJeunesse,Mais qu'est-ce qu'il a Frrrintek ?,Montrée,Tristesse,word,qu'est-ce,SitEmo
LitteratureJeunesse,Mais qu'est-ce qu'il a Frrrintek ?,Montrée,Peur,word,qu'il,SitEmo
LitteratureJeunesse,Mais qu'est-ce qu'il a Frrrintek ?,Montrée,Tristesse,word,qu'il,SitEmo
LitteratureJeunesse,Mais qu'est-ce qu'il a Frrrintek ?,Montrée,Peur,word,frrrintek,SitEmo
LitteratureJeunesse,Mais qu'est-ce qu'il a Frrrintek ?,Montrée,Tristesse,word,frrrintek,SitEmo
LitteratureJeunesse,Mais qu'est-ce qu'il a Frrrintek ?,Montrée,Peur,punctuation,',SitEmo
LitteratureJeunesse,Mais qu'est-ce qu'il a Frrrintek ?,Montrée,Tristesse,punctuation,',SitEmo
LitteratureJeunesse,Mais qu'est-ce qu'il a Frrrintek ?,Montrée,Peur,punctuation,-,SitEmo
LitteratureJeunesse,Mais qu'est-ce qu'il a Frrrintek ?,Montrée,Tristesse,punctuation,-,SitEmo
LitteratureJeunesse,Mais qu'est-ce qu'il a Frrrintek ?,Montrée,Peur,punctuation,',SitEmo
LitteratureJeunesse,Mais qu'est-ce qu'il a Frrrintek ?,Montrée,Tristesse,punctuation,',SitEmo
LitteratureJeunesse,Mais qu'est-ce qu'il a Frrrintek ?,Montrée,Peur,punctuation,?,SitEmo
LitteratureJeunesse,Mais qu'est-ce qu'il a Frrrintek ?,Montrée,Tristesse,punctuation,?,SitEmo
LitteratureJeunesse,malade ; ?,Montrée,Peur,word,malade,SitEmo
LitteratureJeunesse,malade ; ?,Montrée,Peur,punctuation,;,SitEmo
LitteratureJeunesse,malade ; ?,Montrée,Peur,punctuation,?,SitEmo
LitteratureJeunesse,condamné ; incurable ; personne ; grave ; fracture,Suggérée,Peur,word,condamné,SitEmo
LitteratureJeunesse,condamné ; incurable ; personne ; grave ; fracture,Suggérée,Tristesse,word,condamné,SitEmo
LitteratureJeunesse,condamné ; incurable ; personne ; grave ; fracture,Suggérée,Peur,word,incurable,SitEmo
LitteratureJeunesse,condamné ; incurable ; personne ; grave ; fracture,Suggérée,Tristesse,word,incurable,SitEmo
LitteratureJeunesse,condamné ; incurable ; personne ; grave ; fracture,Suggérée,Peur,word,grave,SitEmo
LitteratureJeunesse,condamné ; incurable ; personne ; grave ; fracture,Suggérée,Tristesse,word,grave,SitEmo
LitteratureJeunesse,condamné ; incurable ; personne ; grave ; fracture,Suggérée,Peur,word,fracture,SitEmo
LitteratureJeunesse,condamné ; incurable ; personne ; grave ; fracture,Suggérée,Tristesse,word,fracture,SitEmo
LitteratureJeunesse,condamné ; incurable ; personne ; grave ; fracture,Suggérée,Peur,punctuation,;,SitEmo
LitteratureJeunesse,condamné ; incurable ; personne ; grave ; fracture,Suggérée,Tristesse,punctuation,;,SitEmo
LitteratureJeunesse,condamné ; incurable ; personne ; grave ; fracture,Suggérée,Peur,punctuation,;,SitEmo
LitteratureJeunesse,condamné ; incurable ; personne ; grave ; fracture,Suggérée,Tristesse,punctuation,;,SitEmo
LitteratureJeunesse,condamné ; incurable ; personne ; grave ; fracture,Suggérée,Peur,punctuation,;,SitEmo
LitteratureJeunesse,condamné ; incurable ; personne ; grave ; fracture,Suggérée,Tristesse,punctuation,;,SitEmo
LitteratureJeunesse,condamné ; incurable ; personne ; grave ; fracture,Suggérée,Peur,punctuation,;,SitEmo
LitteratureJeunesse,condamné ; incurable ; personne ; grave ; fracture,Suggérée,Tristesse,punctuation,;,SitEmo
LitteratureJeunesse,maladie mortelle,Suggérée,Tristesse,word,maladie,SitEmo
LitteratureJeunesse,maladie mortelle,Suggérée,Tristesse,word,mortelle,SitEmo
LitteratureJeunesse,ai posé la main sur son front,Suggérée,Peur,word,posé,SitEmo
LitteratureJeunesse,ai posé la main sur son front,Suggérée,Peur,word,main,SitEmo
LitteratureJeunesse,ai posé la main sur son front,Suggérée,Peur,word,front,SitEmo
LitteratureJeunesse,Frrrintek ?,Montrée,Peur,word,frrrintek,SitEmo
LitteratureJeunesse,Frrrintek ?,Montrée,Peur,punctuation,?,SitEmo
LitteratureJeunesse,tu m'entends ?,Montrée,Peur,word,m'entends,SitEmo
LitteratureJeunesse,tu m'entends ?,Montrée,Peur,punctuation,',SitEmo
LitteratureJeunesse,tu m'entends ?,Montrée,Peur,punctuation,?,SitEmo
LitteratureJeunesse,Qu'est-ce que tu as ?,Montrée,Peur,word,qu'est-ce,SitEmo
LitteratureJeunesse,Qu'est-ce que tu as ?,Montrée,Peur,punctuation,',SitEmo
LitteratureJeunesse,Qu'est-ce que tu as ?,Montrée,Peur,punctuation,-,SitEmo
LitteratureJeunesse,Qu'est-ce que tu as ?,Montrée,Peur,punctuation,?,SitEmo
LitteratureJeunesse,sont devenus fous,Montrée,Peur,word,devenus,SitEmo
LitteratureJeunesse,sont devenus fous,Montrée,Peur,word,fous,SitEmo
LitteratureJeunesse,rient,Comportementale,Joie,word,rient,SitEmo
LitteratureJeunesse,n'a pas bougé d'un millimètre,Suggérée,Peur,word,n'a,SitEmo
LitteratureJeunesse,n'a pas bougé d'un millimètre,Suggérée,Peur,word,bougé,SitEmo
LitteratureJeunesse,n'a pas bougé d'un millimètre,Suggérée,Peur,word,d'un,SitEmo
LitteratureJeunesse,n'a pas bougé d'un millimètre,Suggérée,Peur,word,millimètre,SitEmo
LitteratureJeunesse,n'a pas bougé d'un millimètre,Suggérée,Peur,punctuation,',SitEmo
LitteratureJeunesse,n'a pas bougé d'un millimètre,Suggérée,Peur,punctuation,',SitEmo
LitteratureJeunesse,Raconte-moi,Montrée,Peur,word,raconte-moi,SitEmo
LitteratureJeunesse,Raconte-moi,Montrée,Peur,punctuation,-,SitEmo
LitteratureJeunesse,respirait à peine,Suggérée,Peur,word,respirait,SitEmo
LitteratureJeunesse,respirait à peine,Suggérée,Peur,word,peine,SitEmo
LitteratureJeunesse,d'accord ?,Montrée,Peur,word,d'accord,SitEmo
LitteratureJeunesse,d'accord ?,Montrée,Peur,punctuation,',SitEmo
LitteratureJeunesse,d'accord ?,Montrée,Peur,punctuation,?,SitEmo
LitteratureJeunesse,mal quelque part ?,Montrée,Peur,word,part,SitEmo
LitteratureJeunesse,mal quelque part ?,Montrée,Peur,punctuation,?,SitEmo
LitteratureJeunesse,Tu dors ?,Montrée,Peur,word,dors,SitEmo
LitteratureJeunesse,Tu dors ?,Montrée,Peur,punctuation,?,SitEmo
LitteratureJeunesse,redoubler mon CP,Suggérée,Peur,word,redoubler,SitEmo
LitteratureJeunesse,redoubler mon CP,Suggérée,Peur,word,cp,SitEmo
LitteratureJeunesse,contente,Désignée,Joie,word,contente,SitEmo
LitteratureJeunesse,a demandé à voir mes parents,Suggérée,Peur,word,demandé,SitEmo
LitteratureJeunesse,a demandé à voir mes parents,Suggérée,Peur,word,voir,SitEmo
LitteratureJeunesse,a demandé à voir mes parents,Suggérée,Peur,word,parents,SitEmo
LitteratureJeunesse,convoqué chez la directrice,Suggérée,Peur,word,convoqué,SitEmo
LitteratureJeunesse,convoqué chez la directrice,Suggérée,Peur,word,directrice,SitEmo
LitteratureJeunesse,vu la psychologue de l'école,Suggérée,Peur,word,vu,SitEmo
LitteratureJeunesse,vu la psychologue de l'école,Suggérée,Peur,word,psychologue,SitEmo
LitteratureJeunesse,vu la psychologue de l'école,Suggérée,Peur,word,l'école,SitEmo
LitteratureJeunesse,vu la psychologue de l'école,Suggérée,Peur,punctuation,',SitEmo
LitteratureJeunesse,renvoyé de l'école,Suggérée,Peur,word,renvoyé,SitEmo
LitteratureJeunesse,renvoyé de l'école,Suggérée,Tristesse,word,renvoyé,SitEmo
LitteratureJeunesse,renvoyé de l'école,Suggérée,Peur,word,l'école,SitEmo
LitteratureJeunesse,renvoyé de l'école,Suggérée,Tristesse,word,l'école,SitEmo
LitteratureJeunesse,renvoyé de l'école,Suggérée,Peur,punctuation,',SitEmo
LitteratureJeunesse,renvoyé de l'école,Suggérée,Tristesse,punctuation,',SitEmo
LitteratureJeunesse,fous,Suggérée,Peur,word,fous,SitEmo
LitteratureJeunesse,mourait,Suggérée,Peur,word,mourait,SitEmo
LitteratureJeunesse,mourait,Suggérée,Tristesse,word,mourait,SitEmo
LitteratureJeunesse,n'a rien dit,Suggérée,Peur,word,n'a,SitEmo
LitteratureJeunesse,n'a rien dit,Suggérée,Peur,punctuation,',SitEmo
LitteratureJeunesse,ne bougeait toujours pas,Suggérée,Peur,word,bougeait,SitEmo
LitteratureJeunesse,renvoyé de l'école,Suggérée,Peur,word,renvoyé,SitEmo
LitteratureJeunesse,renvoyé de l'école,Suggérée,Peur,word,l'école,SitEmo
LitteratureJeunesse,renvoyé de l'école,Suggérée,Peur,punctuation,',SitEmo
LitteratureJeunesse,fous,Suggérée,Peur,word,fous,SitEmo
LitteratureJeunesse,pas de papa,Suggérée,Tristesse,word,papa,SitEmo
LitteratureJeunesse,Frrrintek,Montrée,Joie,word,frrrintek,SitEmo
LitteratureJeunesse,retrouvé une figurine d'épouvantail,Suggérée,Joie,word,retrouvé,SitEmo
LitteratureJeunesse,retrouvé une figurine d'épouvantail,Suggérée,Joie,word,figurine,SitEmo
LitteratureJeunesse,retrouvé une figurine d'épouvantail,Suggérée,Joie,word,d'épouvantail,SitEmo
LitteratureJeunesse,retrouvé une figurine d'épouvantail,Suggérée,Joie,punctuation,',SitEmo
LitteratureJeunesse,mais ; rien donné,Suggérée,Tristesse,word,donné,SitEmo
LitteratureJeunesse,mais ; rien donné,Suggérée,Tristesse,punctuation,;,SitEmo
LitteratureJeunesse,toujours immobile,Suggérée,Peur,word,immobile,SitEmo
LitteratureJeunesse,toujours immobile,Suggérée,Tristesse,word,immobile,SitEmo
LitteratureJeunesse,jamais entendu parler,Suggérée,Surprise,word,entendu,SitEmo
LitteratureJeunesse,jamais entendu parler,Suggérée,Surprise,word,parler,SitEmo
LitteratureJeunesse,secoué,Comportementale,Joie,word,secoué,SitEmo
LitteratureJeunesse,Frrrintek,Montrée,Joie,word,frrrintek,SitEmo
LitteratureJeunesse,trouvé ta lettre,Montrée,Joie,word,trouvé,SitEmo
LitteratureJeunesse,trouvé ta lettre,Montrée,Joie,word,lettre,SitEmo
LitteratureJeunesse,l'air complètement normal,Suggérée,Joie,word,l'air,SitEmo
LitteratureJeunesse,l'air complètement normal,Suggérée,Surprise,word,l'air,SitEmo
LitteratureJeunesse,l'air complètement normal,Suggérée,Joie,word,complètement,SitEmo
LitteratureJeunesse,l'air complètement normal,Suggérée,Surprise,word,complètement,SitEmo
LitteratureJeunesse,l'air complètement normal,Suggérée,Joie,word,normal,SitEmo
LitteratureJeunesse,l'air complètement normal,Suggérée,Surprise,word,normal,SitEmo
LitteratureJeunesse,l'air complètement normal,Suggérée,Joie,punctuation,',SitEmo
LitteratureJeunesse,l'air complètement normal,Suggérée,Surprise,punctuation,',SitEmo
LitteratureJeunesse,Pas du tout mort,Suggérée,Joie,word,mort,SitEmo
LitteratureJeunesse,Pas du tout mort,Suggérée,Surprise,word,mort,SitEmo
LitteratureJeunesse,Pas du tout malade,Suggérée,Joie,word,malade,SitEmo
LitteratureJeunesse,Pas du tout malade,Suggérée,Surprise,word,malade,SitEmo
LitteratureJeunesse,OK ; ?,Montrée,Colère,word,ok,SitEmo
LitteratureJeunesse,OK ; ?,Montrée,Colère,punctuation,;,SitEmo
LitteratureJeunesse,OK ; ?,Montrée,Colère,punctuation,?,SitEmo
LitteratureJeunesse,débiles ; débile,Montrée,Colère,word,débiles,SitEmo
LitteratureJeunesse,débiles ; débile,Montrée,Colère,word,débile,SitEmo
LitteratureJeunesse,débiles ; débile,Montrée,Colère,punctuation,;,SitEmo
LitteratureJeunesse,Tu mets pas les mains dedans,Montrée,Colère,word,mets,SitEmo
LitteratureJeunesse,Tu mets pas les mains dedans,Montrée,Colère,word,mains,SitEmo
LitteratureJeunesse,Tu mets pas les mains dedans,Montrée,Colère,word,dedans,SitEmo
LitteratureJeunesse,pas pour toi ; que pour moi,Montrée,Colère,punctuation,;,SitEmo
LitteratureJeunesse,génial,Montrée,Fierté,word,génial,SitEmo
LitteratureJeunesse,génial,Montrée,Joie,word,génial,SitEmo
LitteratureJeunesse,C'était la première fois que je le voyais faire ça,Suggérée,Surprise,word,c'était,SitEmo
LitteratureJeunesse,C'était la première fois que je le voyais faire ça,Suggérée,Surprise,word,première,SitEmo
LitteratureJeunesse,C'était la première fois que je le voyais faire ça,Suggérée,Surprise,word,fois,SitEmo
LitteratureJeunesse,C'était la première fois que je le voyais faire ça,Suggérée,Surprise,word,voyais,SitEmo
LitteratureJeunesse,C'était la première fois que je le voyais faire ça,Suggérée,Surprise,punctuation,',SitEmo
LitteratureJeunesse,pris mon courage à deux mains,Suggérée,Peur,word,pris,SitEmo
LitteratureJeunesse,pris mon courage à deux mains,Suggérée,Peur,word,courage,SitEmo
LitteratureJeunesse,pris mon courage à deux mains,Suggérée,Peur,word,deux,SitEmo
LitteratureJeunesse,pris mon courage à deux mains,Suggérée,Peur,word,mains,SitEmo
LitteratureJeunesse,Qui ; ?,Montrée,Surprise,punctuation,;,SitEmo
LitteratureJeunesse,Qui ; ?,Montrée,Surprise,punctuation,?,SitEmo
LitteratureJeunesse,Arrête,Montrée,Colère,word,arrête,SitEmo
LitteratureJeunesse,marre,Désignée,Colère,word,marre,SitEmo
LitteratureJeunesse,jeté,Comportementale,Tristesse,word,jeté,SitEmo
LitteratureJeunesse,demande de l'aide,Suggérée,Peur,word,demande,SitEmo
LitteratureJeunesse,demande de l'aide,Suggérée,Peur,word,l'aide,SitEmo
LitteratureJeunesse,demande de l'aide,Suggérée,Peur,punctuation,',SitEmo
LitteratureJeunesse,peines de coeur,Désignée,Tristesse,word,peines,SitEmo
LitteratureJeunesse,peines de coeur,Désignée,Tristesse,word,coeur,SitEmo
LitteratureJeunesse,jamais intéressé,Montrée,Surprise,word,intéressé,SitEmo
LitteratureJeunesse,sens très mal,Désignée,Tristesse,word,sens,SitEmo
LitteratureJeunesse,c'est même pas vrai,Montrée,Colère,word,c'est,SitEmo
LitteratureJeunesse,c'est même pas vrai,Montrée,Colère,word,vrai,SitEmo
LitteratureJeunesse,c'est même pas vrai,Montrée,Colère,punctuation,',SitEmo
LitteratureJeunesse,ne tenait pas debout,Suggérée,Embarras,word,tenait,SitEmo
LitteratureJeunesse,ne tenait pas debout,Suggérée,Embarras,word,debout,SitEmo
LitteratureJeunesse,être renvoyé,Suggérée,Tristesse,word,renvoyé,SitEmo
LitteratureJeunesse,chassé,Suggérée,Tristesse,word,chassé,SitEmo
LitteratureJeunesse,bien mérité,Montrée,Culpabilité,word,mérité,SitEmo
LitteratureJeunesse,T'es fou ou quoi ?,Montrée,Colère,word,t'es,SitEmo
LitteratureJeunesse,T'es fou ou quoi ?,Montrée,Colère,word,fou,SitEmo
LitteratureJeunesse,T'es fou ou quoi ?,Montrée,Colère,punctuation,',SitEmo
LitteratureJeunesse,T'es fou ou quoi ?,Montrée,Colère,punctuation,?,SitEmo
LitteratureJeunesse,c'est pas ma faute,Montrée,Colère,word,c'est,SitEmo
LitteratureJeunesse,c'est pas ma faute,Montrée,Colère,word,faute,SitEmo
LitteratureJeunesse,c'est pas ma faute,Montrée,Colère,punctuation,',SitEmo
LitteratureJeunesse,ça n'a rien à voir,Montrée,Colère,word,n'a,SitEmo
LitteratureJeunesse,ça n'a rien à voir,Montrée,Colère,word,voir,SitEmo
LitteratureJeunesse,ça n'a rien à voir,Montrée,Colère,punctuation,',SitEmo
LitteratureJeunesse,il n'y a que,Montrée,Joie,word,n'y,SitEmo
LitteratureJeunesse,il n'y a que,Montrée,Joie,punctuation,',SitEmo
LitteratureJeunesse,avais raison,Suggérée,Fierté,word,raison,SitEmo
LitteratureJeunesse,avait raison,Suggérée,Fierté,word,raison,SitEmo
LitteratureJeunesse,très bien passé,Montrée,Joie,word,passé,SitEmo
LitteratureJeunesse,voix de sorcière,Suggérée,Peur,word,voix,SitEmo
LitteratureJeunesse,voix de sorcière,Suggérée,Peur,word,sorcière,SitEmo
LitteratureJeunesse,défense,Suggérée,Colère,word,défense,SitEmo
LitteratureJeunesse,accusé au tribunal,Suggérée,Embarras,word,accusé,SitEmo
LitteratureJeunesse,accusé au tribunal,Suggérée,Peur,word,accusé,SitEmo
LitteratureJeunesse,accusé au tribunal,Suggérée,Embarras,word,tribunal,SitEmo
LitteratureJeunesse,accusé au tribunal,Suggérée,Peur,word,tribunal,SitEmo
LitteratureJeunesse,traumatisé,Désignée,Tristesse,word,traumatisé,SitEmo
LitteratureJeunesse,reconnu ; rêver,Suggérée,Joie,word,reconnu,SitEmo
LitteratureJeunesse,reconnu ; rêver,Suggérée,Fierté,word,reconnu,SitEmo
LitteratureJeunesse,reconnu ; rêver,Suggérée,Joie,word,rêver,SitEmo
LitteratureJeunesse,reconnu ; rêver,Suggérée,Fierté,word,rêver,SitEmo
LitteratureJeunesse,reconnu ; rêver,Suggérée,Joie,punctuation,;,SitEmo
LitteratureJeunesse,reconnu ; rêver,Suggérée,Fierté,punctuation,;,SitEmo
LitteratureJeunesse,avais raison,Suggérée,Fierté,word,raison,SitEmo
LitteratureJeunesse,mieux que,Montrée,Fierté,word,mieux,SitEmo
LitteratureJeunesse,pas de mot ; bien ; utile,Suggérée,Fierté,word,mot,SitEmo
LitteratureJeunesse,pas de mot ; bien ; utile,Suggérée,Fierté,word,utile,SitEmo
LitteratureJeunesse,pas de mot ; bien ; utile,Suggérée,Fierté,punctuation,;,SitEmo
LitteratureJeunesse,pas de mot ; bien ; utile,Suggérée,Fierté,punctuation,;,SitEmo
LitteratureJeunesse,trouvé une amoureuse,Suggérée,Joie,word,trouvé,SitEmo
LitteratureJeunesse,trouvé une amoureuse,Suggérée,Joie,word,amoureuse,SitEmo
LitteratureJeunesse,très moche,Désignée,Dégoût,word,moche,SitEmo
LitteratureJeunesse,pas grand chose à faire,Suggérée,Tristesse,word,grand,SitEmo
LitteratureJeunesse,pas grand chose à faire,Suggérée,Tristesse,word,chose,SitEmo
LitteratureJeunesse,pleuvait tout le temps,Suggérée,Tristesse,word,pleuvait,SitEmo
LitteratureJeunesse,pleuvait tout le temps,Suggérée,Tristesse,word,temps,SitEmo
LitteratureJeunesse,mort,Suggérée,Tristesse,word,mort,SitEmo
LitteratureJeunesse,alors ?,Montrée,Surprise,punctuation,?,SitEmo
LitteratureJeunesse,drôle de hasard,Suggérée,Surprise,word,drôle,SitEmo
LitteratureJeunesse,drôle de hasard,Suggérée,Surprise,word,hasard,SitEmo
LitteratureJeunesse,dangereux,Suggérée,Peur,word,dangereux,SitEmo
LitteratureJeunesse,génial,Désignée,Joie,word,génial,SitEmo
LitteratureJeunesse,!,Montrée,Fierté,punctuation,!,SitEmo
LitteratureJeunesse,!,Montrée,Fierté,punctuation,!,SitEmo
LitteratureJeunesse,!,Montrée,Dégoût,punctuation,!,SitEmo
LitteratureJeunesse,!,Montrée,Surprise,punctuation,!,SitEmo
LitteratureJeunesse,crié,Comportementale,Peur,word,crié,SitEmo
LitteratureJeunesse,crié,Comportementale,Tristesse,word,crié,SitEmo
LitteratureJeunesse,ne riaient plus,Suggérée,Peur,word,riaient,SitEmo
LitteratureJeunesse,fouillé dans mes affaires,Montrée,Surprise,word,fouillé,SitEmo
LitteratureJeunesse,fouillé dans mes affaires,Montrée,Colère,word,fouillé,SitEmo
LitteratureJeunesse,fouillé dans mes affaires,Montrée,Surprise,word,affaires,SitEmo
LitteratureJeunesse,fouillé dans mes affaires,Montrée,Colère,word,affaires,SitEmo
LitteratureJeunesse,!,Montrée,Joie,punctuation,!,SitEmo
LitteratureJeunesse,heu,Montrée,Embarras,word,heu,SitEmo
LitteratureJeunesse,!,Montrée,Colère,punctuation,!,SitEmo
LitteratureJeunesse,Avec une fille ?,Montrée,Surprise,word,fille,SitEmo
LitteratureJeunesse,Avec une fille ?,Montrée,Surprise,punctuation,?,SitEmo
LitteratureJeunesse,!,Montrée,Joie,punctuation,!,SitEmo
LitteratureJeunesse,Réveille-toi,Montrée,Joie,word,réveille-toi,SitEmo
LitteratureJeunesse,Réveille-toi,Montrée,Joie,punctuation,-,SitEmo
LitteratureJeunesse,!,Montrée,Joie,punctuation,!,SitEmo
LitteratureJeunesse,!,Montrée,Joie,punctuation,!,SitEmo
LitteratureJeunesse,!,Montrée,Colère,punctuation,!,SitEmo
LitteratureJeunesse,!,Montrée,Joie,punctuation,!,SitEmo
LitteratureJeunesse,!,Montrée,Colère,punctuation,!,SitEmo
LitteratureJeunesse,mort ; jamais,Suggérée,Tristesse,word,mort,SitEmo
LitteratureJeunesse,mort ; jamais,Suggérée,Tristesse,punctuation,;,SitEmo
LitteratureJeunesse,en avait assez,Suggérée,Colère,word,assez,SitEmo
LitteratureJeunesse,effrayé,Désignée,Peur,word,effrayé,SitEmo
LitteratureJeunesse,étonné,Désignée,Surprise,word,étonné,SitEmo
LitteratureJeunesse,peur,Désignée,Peur,word,peur,SitEmo
LitteratureJeunesse,angoisse,Désignée,Peur,word,angoisse,SitEmo
LitteratureJeunesse,chagrin,Désignée,Tristesse,word,chagrin,SitEmo
LitteratureJeunesse,joie,Désignée,Joie,word,joie,SitEmo
LitteratureJeunesse,sans intérêt,Suggérée,Dégoût,word,intérêt,SitEmo
LitteratureJeunesse,bonnes nouvelles,Suggérée,Joie,word,bonnes,SitEmo
LitteratureJeunesse,bonnes nouvelles,Suggérée,Joie,word,nouvelles,SitEmo
LitteratureJeunesse,génial,Désignée,Joie,word,génial,SitEmo
LitteratureJeunesse,chagrin,Désignée,Tristesse,word,chagrin,SitEmo
LitteratureJeunesse,Pardon,Suggérée,Tristesse,word,pardon,SitEmo
LitteratureJeunesse,Pardon,Suggérée,Tristesse,word,pardon,SitEmo
LitteratureJeunesse,Qu'est-ce qui t'arrive ; ?,Montrée,Surprise,word,qu'est-ce,SitEmo
LitteratureJeunesse,Qu'est-ce qui t'arrive ; ?,Montrée,Surprise,word,t'arrive,SitEmo
LitteratureJeunesse,Qu'est-ce qui t'arrive ; ?,Montrée,Surprise,punctuation,',SitEmo
LitteratureJeunesse,Qu'est-ce qui t'arrive ; ?,Montrée,Surprise,punctuation,-,SitEmo
LitteratureJeunesse,Qu'est-ce qui t'arrive ; ?,Montrée,Surprise,punctuation,',SitEmo
LitteratureJeunesse,Qu'est-ce qui t'arrive ; ?,Montrée,Surprise,punctuation,;,SitEmo
LitteratureJeunesse,Qu'est-ce qui t'arrive ; ?,Montrée,Surprise,punctuation,?,SitEmo
LitteratureJeunesse,mourir ; c'est ça,Montrée,Peur,word,mourir,SitEmo
LitteratureJeunesse,mourir ; c'est ça,Montrée,Tristesse,word,mourir,SitEmo
LitteratureJeunesse,mourir ; c'est ça,Montrée,Peur,word,c'est,SitEmo
LitteratureJeunesse,mourir ; c'est ça,Montrée,Tristesse,word,c'est,SitEmo
LitteratureJeunesse,mourir ; c'est ça,Montrée,Peur,punctuation,;,SitEmo
LitteratureJeunesse,mourir ; c'est ça,Montrée,Tristesse,punctuation,;,SitEmo
LitteratureJeunesse,mourir ; c'est ça,Montrée,Peur,punctuation,',SitEmo
LitteratureJeunesse,mourir ; c'est ça,Montrée,Tristesse,punctuation,',SitEmo
LitteratureJeunesse,renvoyer,Suggérée,Peur,word,renvoyer,SitEmo
LitteratureJeunesse,n'a pas ouvert les paupières,Suggérée,Peur,word,n'a,SitEmo
LitteratureJeunesse,n'a pas ouvert les paupières,Suggérée,Peur,word,ouvert,SitEmo
LitteratureJeunesse,n'a pas ouvert les paupières,Suggérée,Peur,word,paupières,SitEmo
LitteratureJeunesse,n'a pas ouvert les paupières,Suggérée,Peur,punctuation,',SitEmo
LitteratureJeunesse,même une éternité,Suggérée,Peur,word,éternité,SitEmo
LitteratureJeunesse,"C'était ça l'indice, le signe",Montrée,Joie,word,c'était,SitEmo
LitteratureJeunesse,"C'était ça l'indice, le signe",Montrée,Joie,word,l'indice,SitEmo
LitteratureJeunesse,"C'était ça l'indice, le signe",Montrée,Joie,word,signe,SitEmo
LitteratureJeunesse,"C'était ça l'indice, le signe",Montrée,Joie,punctuation,',SitEmo
LitteratureJeunesse,"C'était ça l'indice, le signe",Montrée,Joie,punctuation,',SitEmo
LitteratureJeunesse,"C'était ça l'indice, le signe",Montrée,Joie,punctuation,",",SitEmo
LitteratureJeunesse,T'avais pas le droit,Montrée,Colère,word,t'avais,SitEmo
LitteratureJeunesse,T'avais pas le droit,Montrée,Colère,word,droit,SitEmo
LitteratureJeunesse,T'avais pas le droit,Montrée,Colère,punctuation,',SitEmo
LitteratureJeunesse,alors ; ?,Suggérée,Peur,punctuation,;,SitEmo
LitteratureJeunesse,alors ; ?,Suggérée,Tristesse,punctuation,;,SitEmo
LitteratureJeunesse,alors ; ?,Suggérée,Peur,punctuation,?,SitEmo
LitteratureJeunesse,alors ; ?,Suggérée,Tristesse,punctuation,?,SitEmo
LitteratureJeunesse,Frrrintek,Montrée,Joie,word,frrrintek,SitEmo
LitteratureJeunesse,petit ; nul,Suggérée,Tristesse,word,petit,SitEmo
LitteratureJeunesse,petit ; nul,Suggérée,Culpabilité,word,petit,SitEmo
LitteratureJeunesse,petit ; nul,Suggérée,Tristesse,word,nul,SitEmo
LitteratureJeunesse,petit ; nul,Suggérée,Culpabilité,word,nul,SitEmo
LitteratureJeunesse,petit ; nul,Suggérée,Tristesse,punctuation,;,SitEmo
LitteratureJeunesse,petit ; nul,Suggérée,Culpabilité,punctuation,;,SitEmo
LitteratureJeunesse,Il ne se passait rien,Suggérée,Peur,word,passait,SitEmo
LitteratureJeunesse,grand silence,Suggérée,Peur,word,grand,SitEmo
LitteratureJeunesse,grand silence,Suggérée,Peur,word,silence,SitEmo
LitteratureJeunesse,effrayé,Comportementale,Peur,word,effrayé,SitEmo
LitteratureJeunesse,ne pouvait pas compter sur moi,Suggérée,Tristesse,word,pouvait,SitEmo
LitteratureJeunesse,ne pouvait pas compter sur moi,Suggérée,Culpabilité,word,pouvait,SitEmo
LitteratureJeunesse,ne pouvait pas compter sur moi,Suggérée,Tristesse,word,compter,SitEmo
LitteratureJeunesse,ne pouvait pas compter sur moi,Suggérée,Culpabilité,word,compter,SitEmo
LitteratureJeunesse,génial,Désignée,Joie,word,génial,SitEmo
LitteratureJeunesse,Je suis pas ta mère,Montrée,Colère,word,mère,SitEmo
LitteratureJeunesse,génial,Suggérée,Joie,word,génial,SitEmo
LitteratureJeunesse,œil si noir,Comportementale,Colère,word,œil,SitEmo
LitteratureJeunesse,œil si noir,Comportementale,Colère,word,noir,SitEmo
LitteratureJeunesse,marre,Montrée,Colère,word,marre,SitEmo
LitteratureJeunesse,fous,Suggérée,Surprise,word,fous,SitEmo
LitteratureJeunesse,Mais ; monstres,Montrée,Colère,word,monstres,SitEmo
LitteratureJeunesse,Mais ; monstres,Montrée,Tristesse,word,monstres,SitEmo
LitteratureJeunesse,Mais ; monstres,Montrée,Colère,punctuation,;,SitEmo
LitteratureJeunesse,Mais ; monstres,Montrée,Tristesse,punctuation,;,SitEmo
LitteratureJeunesse,aurais bien aimé,Montrée,Tristesse,word,aurais,SitEmo
LitteratureJeunesse,aurais bien aimé,Montrée,Tristesse,word,aimé,SitEmo
LitteratureJeunesse,redoubler,Suggérée,Tristesse,word,redoubler,SitEmo
LitteratureJeunesse,petite arme secrète,Suggérée,Fierté,word,petite,SitEmo
LitteratureJeunesse,petite arme secrète,Suggérée,Fierté,word,arme,SitEmo
LitteratureJeunesse,petite arme secrète,Suggérée,Fierté,word,secrète,SitEmo
LitteratureJeunesse,"J'avais l'indice, le signe",Montrée,Joie,word,j'avais,SitEmo
LitteratureJeunesse,"J'avais l'indice, le signe",Montrée,Joie,word,l'indice,SitEmo
LitteratureJeunesse,"J'avais l'indice, le signe",Montrée,Joie,word,signe,SitEmo
LitteratureJeunesse,"J'avais l'indice, le signe",Montrée,Joie,punctuation,',SitEmo
LitteratureJeunesse,"J'avais l'indice, le signe",Montrée,Joie,punctuation,',SitEmo
LitteratureJeunesse,"J'avais l'indice, le signe",Montrée,Joie,punctuation,",",SitEmo
LitteratureJeunesse,"Frrrintek, Frrrintek",Montrée,Joie,word,frrrintek,SitEmo
LitteratureJeunesse,"Frrrintek, Frrrintek",Montrée,Joie,word,frrrintek,SitEmo
LitteratureJeunesse,"Frrrintek, Frrrintek",Montrée,Joie,punctuation,",",SitEmo
LitteratureJeunesse,étonné,Comportementale,Surprise,word,étonné,SitEmo
LitteratureJeunesse,désolé,Désignée,Tristesse,word,désolé,SitEmo
LitteratureJeunesse,hourrah,Montrée,Joie,word,hourrah,SitEmo
LitteratureJeunesse,applaudi,Comportementale,Admiration,word,applaudi,SitEmo
LitteratureJeunesse,applaudi,Comportementale,Joie,word,applaudi,SitEmo
LitteratureJeunesse,senti mon estomac se révolter,Comportementale,Peur,word,senti,SitEmo
LitteratureJeunesse,senti mon estomac se révolter,Comportementale,Tristesse,word,senti,SitEmo
LitteratureJeunesse,senti mon estomac se révolter,Comportementale,Peur,word,estomac,SitEmo
LitteratureJeunesse,senti mon estomac se révolter,Comportementale,Tristesse,word,estomac,SitEmo
LitteratureJeunesse,senti mon estomac se révolter,Comportementale,Peur,word,révolter,SitEmo
LitteratureJeunesse,senti mon estomac se révolter,Comportementale,Tristesse,word,révolter,SitEmo
LitteratureJeunesse,contente,Désignée,Joie,word,contente,SitEmo
LitteratureJeunesse,sourire jusqu'aux oreilles,Comportementale,Joie,word,sourire,SitEmo
LitteratureJeunesse,sourire jusqu'aux oreilles,Comportementale,Joie,word,jusqu'aux,SitEmo
LitteratureJeunesse,sourire jusqu'aux oreilles,Comportementale,Joie,word,oreilles,SitEmo
LitteratureJeunesse,sourire jusqu'aux oreilles,Comportementale,Joie,punctuation,',SitEmo
LitteratureJeunesse,murmure hostile,Comportementale,Colère,word,murmure,SitEmo
LitteratureJeunesse,murmure hostile,Comportementale,Colère,word,hostile,SitEmo
LitteratureJeunesse,consterné,Désignée,Tristesse,word,consterné,SitEmo
LitteratureJeunesse,a un petite rire,Comportementale,Joie,word,petite,SitEmo
LitteratureJeunesse,a un petite rire,Comportementale,Joie,word,rire,SitEmo
LitteratureJeunesse,Désolée,Montrée,Embarras,word,désolée,SitEmo
LitteratureJeunesse,rire,Comportementale,Joie,word,rire,SitEmo
LitteratureJeunesse,soupir,Comportementale,Tristesse,word,soupir,SitEmo
LitteratureJeunesse,abattus,Désignée,Tristesse,word,abattus,SitEmo
LitteratureJeunesse,Silence,Comportementale,Surprise,word,silence,SitEmo
LitteratureJeunesse,Silence,Comportementale,Tristesse,word,silence,SitEmo
LitteratureJeunesse,atterrés,Désignée,Tristesse,word,atterrés,SitEmo
LitteratureJeunesse,accablés,Désignée,Tristesse,word,accablés,SitEmo
LitteratureJeunesse,terrassés,Désignée,Tristesse,word,terrassés,SitEmo
LitteratureJeunesse,anéantis,Désignée,Tristesse,word,anéantis,SitEmo
LitteratureJeunesse,démoralisés,Désignée,Tristesse,word,démoralisés,SitEmo
LitteratureJeunesse,écrasés,Désignée,Tristesse,word,écrasés,SitEmo
LitteratureJeunesse,affligés,Désignée,Tristesse,word,affligés,SitEmo
LitteratureJeunesse,discours interminable,Suggérée,Tristesse,word,discours,SitEmo
LitteratureJeunesse,discours interminable,Suggérée,Tristesse,word,interminable,SitEmo
LitteratureJeunesse,achevé,Désignée,Tristesse,word,achevé,SitEmo
LitteratureJeunesse,mort,Suggérée,Tristesse,word,mort,SitEmo
LitteratureJeunesse,grogné une voix,Comportementale,Colère,word,grogné,SitEmo
LitteratureJeunesse,grogné une voix,Comportementale,Tristesse,word,grogné,SitEmo
LitteratureJeunesse,grogné une voix,Comportementale,Colère,word,voix,SitEmo
LitteratureJeunesse,grogné une voix,Comportementale,Tristesse,word,voix,SitEmo
LitteratureJeunesse,sourire jusqu’aux boucles d’oreille,Comportementale,Joie,word,sourire,SitEmo
LitteratureJeunesse,sourire jusqu’aux boucles d’oreille,Comportementale,Joie,word,jusqu,SitEmo
LitteratureJeunesse,sourire jusqu’aux boucles d’oreille,Comportementale,Joie,word,boucles,SitEmo
LitteratureJeunesse,sourire jusqu’aux boucles d’oreille,Comportementale,Joie,word,oreille,SitEmo
LitteratureJeunesse,d'un air pincé,Comportementale,Colère,word,d'un,SitEmo
LitteratureJeunesse,d'un air pincé,Comportementale,Colère,word,air,SitEmo
LitteratureJeunesse,d'un air pincé,Comportementale,Colère,word,pincé,SitEmo
LitteratureJeunesse,d'un air pincé,Comportementale,Colère,punctuation,',SitEmo
LitteratureJeunesse,Son grand sourire s’est éteint,Comportementale,Colère,word,grand,SitEmo
LitteratureJeunesse,Son grand sourire s’est éteint,Comportementale,Colère,word,sourire,SitEmo
LitteratureJeunesse,Son grand sourire s’est éteint,Comportementale,Colère,word,éteint,SitEmo
LitteratureJeunesse,l'air consterné,Comportementale,Colère,word,l'air,SitEmo
LitteratureJeunesse,l'air consterné,Comportementale,Colère,word,consterné,SitEmo
LitteratureJeunesse,l'air consterné,Comportementale,Colère,punctuation,',SitEmo
LitteratureJeunesse,C'est pas juste,Montrée,Colère,word,c'est,SitEmo
LitteratureJeunesse,C'est pas juste,Montrée,Colère,word,juste,SitEmo
LitteratureJeunesse,C'est pas juste,Montrée,Colère,punctuation,',SitEmo
LitteratureJeunesse,a braillé,Comportementale,Colère,word,braillé,SitEmo
LitteratureJeunesse,retrouvant sa bonne humeur,Suggérée,Joie,word,retrouvant,SitEmo
LitteratureJeunesse,retrouvant sa bonne humeur,Suggérée,Joie,word,bonne,SitEmo
LitteratureJeunesse,retrouvant sa bonne humeur,Suggérée,Joie,word,humeur,SitEmo
LitteratureJeunesse,tétanisé,Comportementale,Peur,word,tétanisé,SitEmo
LitteratureJeunesse,Râles,Comportementale,Tristesse,word,râles,SitEmo
LitteratureJeunesse,soupirs,Comportementale,Tristesse,word,soupirs,SitEmo
LitteratureJeunesse,grognements,Comportementale,Tristesse,word,grognements,SitEmo
LitteratureJeunesse,enthousiasme,Désignée,Joie,word,enthousiasme,SitEmo
LitteratureJeunesse,"inclinée, mains jointes sur la poitrine",Comportementale,Fierté,word,inclinée,SitEmo
LitteratureJeunesse,"inclinée, mains jointes sur la poitrine",Comportementale,Joie,word,inclinée,SitEmo
LitteratureJeunesse,"inclinée, mains jointes sur la poitrine",Comportementale,Fierté,word,mains,SitEmo
LitteratureJeunesse,"inclinée, mains jointes sur la poitrine",Comportementale,Joie,word,mains,SitEmo
LitteratureJeunesse,"inclinée, mains jointes sur la poitrine",Comportementale,Fierté,word,jointes,SitEmo
LitteratureJeunesse,"inclinée, mains jointes sur la poitrine",Comportementale,Joie,word,jointes,SitEmo
LitteratureJeunesse,"inclinée, mains jointes sur la poitrine",Comportementale,Fierté,word,poitrine,SitEmo
LitteratureJeunesse,"inclinée, mains jointes sur la poitrine",Comportementale,Joie,word,poitrine,SitEmo
LitteratureJeunesse,"inclinée, mains jointes sur la poitrine",Comportementale,Fierté,punctuation,",",SitEmo
LitteratureJeunesse,"inclinée, mains jointes sur la poitrine",Comportementale,Joie,punctuation,",",SitEmo
LitteratureJeunesse,"Merci, merci, merci",Montrée,Fierté,word,merci,SitEmo
LitteratureJeunesse,"Merci, merci, merci",Montrée,Joie,word,merci,SitEmo
LitteratureJeunesse,"Merci, merci, merci",Montrée,Fierté,word,merci,SitEmo
LitteratureJeunesse,"Merci, merci, merci",Montrée,Joie,word,merci,SitEmo
LitteratureJeunesse,"Merci, merci, merci",Montrée,Fierté,word,merci,SitEmo
LitteratureJeunesse,"Merci, merci, merci",Montrée,Joie,word,merci,SitEmo
LitteratureJeunesse,"Merci, merci, merci",Montrée,Fierté,punctuation,",",SitEmo
LitteratureJeunesse,"Merci, merci, merci",Montrée,Joie,punctuation,",",SitEmo
LitteratureJeunesse,"Merci, merci, merci",Montrée,Fierté,punctuation,",",SitEmo
LitteratureJeunesse,"Merci, merci, merci",Montrée,Joie,punctuation,",",SitEmo
LitteratureJeunesse,blablablablablabla,Montrée,Tristesse,word,blablablablablabla,SitEmo
LitteratureJeunesse,déprimer,Désignée,Tristesse,word,déprimer,SitEmo
LitteratureJeunesse,jeune homme,Montrée,Colère,word,jeune,SitEmo
LitteratureJeunesse,jeune homme,Montrée,Colère,word,homme,SitEmo
LitteratureJeunesse,J'ai rien dit,Montrée,Colère,word,j'ai,SitEmo
LitteratureJeunesse,J'ai rien dit,Montrée,Colère,punctuation,',SitEmo
LitteratureJeunesse,Bien sûr,Montrée,Tristesse,word,sûr,SitEmo
LitteratureJeunesse,exploité,Suggérée,Tristesse,word,exploité,SitEmo
LitteratureJeunesse,révolté,Désignée,Colère,word,révolté,SitEmo
LitteratureJeunesse,!,Montrée,Joie,punctuation,!,SitEmo
LitteratureJeunesse,!,Montrée,Joie,punctuation,!,SitEmo
LitteratureJeunesse,tranquilles,Suggérée,Joie,word,tranquilles,SitEmo
LitteratureJeunesse,ennuis,Désignée,Tristesse,word,ennuis,SitEmo
LitteratureJeunesse,ennuis,Désignée,Peur,word,ennuis,SitEmo
LitteratureJeunesse,sans dictées et exercices,Suggérée,Joie,word,dictées,SitEmo
LitteratureJeunesse,sans dictées et exercices,Suggérée,Joie,word,exercices,SitEmo
LitteratureJeunesse,bien sûr,Montrée,Joie,word,sûr,SitEmo
LitteratureJeunesse,oh,Montrée,Joie,word,oh,SitEmo
LitteratureJeunesse,pardon,Montrée,Joie,word,pardon,SitEmo
LitteratureJeunesse,idéal,Suggérée,Joie,word,idéal,SitEmo
LitteratureJeunesse,suer et courir,Suggérée,Colère,word,suer,SitEmo
LitteratureJeunesse,suer et courir,Suggérée,Tristesse,word,suer,SitEmo
LitteratureJeunesse,suer et courir,Suggérée,Colère,word,courir,SitEmo
LitteratureJeunesse,suer et courir,Suggérée,Tristesse,word,courir,SitEmo
LitteratureJeunesse,désespérément,Désignée,Tristesse,word,désespérément,SitEmo
LitteratureJeunesse,Aidez-moi,Montrée,Tristesse,word,aidez-moi,SitEmo
LitteratureJeunesse,Aidez-moi,Montrée,Tristesse,punctuation,-,SitEmo
LitteratureJeunesse,!,Montrée,Tristesse,punctuation,!,SitEmo
LitteratureJeunesse,...,Montrée,Tristesse,punctuation,…,SitEmo
LitteratureJeunesse,mecs,Montrée,Colère,word,mecs,SitEmo
LitteratureJeunesse,...,Montrée,Peur,punctuation,…,SitEmo
LitteratureJeunesse,...,Montrée,Tristesse,punctuation,…,SitEmo
LitteratureJeunesse,bouquins,Montrée,Peur,word,bouquins,SitEmo
LitteratureJeunesse,bouquins,Montrée,Tristesse,word,bouquins,SitEmo
LitteratureJeunesse,Des piles et des piles,Montrée,Peur,word,piles,SitEmo
LitteratureJeunesse,Des piles et des piles,Montrée,Tristesse,word,piles,SitEmo
LitteratureJeunesse,Des piles et des piles,Montrée,Peur,word,piles,SitEmo
LitteratureJeunesse,Des piles et des piles,Montrée,Tristesse,word,piles,SitEmo
LitteratureJeunesse,!,Montrée,Joie,punctuation,!,SitEmo
LitteratureJeunesse,Vrai,Montrée,Surprise,word,vrai,SitEmo
LitteratureJeunesse,senti les majuscules dans sa voix,Suggérée,Surprise,word,senti,SitEmo
LitteratureJeunesse,senti les majuscules dans sa voix,Suggérée,Surprise,word,majuscules,SitEmo
LitteratureJeunesse,senti les majuscules dans sa voix,Suggérée,Surprise,word,voix,SitEmo
LitteratureJeunesse,consterné,Désignée,Tristesse,word,consterné,SitEmo
LitteratureJeunesse,pavé,Montrée,Surprise,word,pavé,SitEmo
LitteratureJeunesse,pavé,Montrée,Tristesse,word,pavé,SitEmo
LitteratureJeunesse,!,Montrée,Joie,punctuation,!,SitEmo
LitteratureJeunesse,son style de blague,Suggérée,Joie,word,style,SitEmo
LitteratureJeunesse,son style de blague,Suggérée,Joie,word,blague,SitEmo
LitteratureJeunesse,troublé,Désignée,Surprise,word,troublé,SitEmo
LitteratureJeunesse,Dix ans de lecture forcée,Suggérée,Tristesse,word,dix,SitEmo
LitteratureJeunesse,Dix ans de lecture forcée,Suggérée,Tristesse,word,ans,SitEmo
LitteratureJeunesse,Dix ans de lecture forcée,Suggérée,Tristesse,word,lecture,SitEmo
LitteratureJeunesse,Dix ans de lecture forcée,Suggérée,Tristesse,word,forcée,SitEmo
LitteratureJeunesse,séjour assuré dans une clinique psychiatrique,Suggérée,Tristesse,word,séjour,SitEmo
LitteratureJeunesse,séjour assuré dans une clinique psychiatrique,Suggérée,Tristesse,word,assuré,SitEmo
LitteratureJeunesse,séjour assuré dans une clinique psychiatrique,Suggérée,Tristesse,word,clinique,SitEmo
LitteratureJeunesse,séjour assuré dans une clinique psychiatrique,Suggérée,Tristesse,word,psychiatrique,SitEmo
LitteratureJeunesse,!,Montrée,Joie,punctuation,!,SitEmo
LitteratureJeunesse,enthousiasme,Désignée,Joie,word,enthousiasme,SitEmo
LitteratureJeunesse,...,Montrée,Surprise,punctuation,…,SitEmo
LitteratureJeunesse,véridique,Montrée,Surprise,word,véridique,SitEmo
LitteratureJeunesse,DEVOREURS,Montrée,Joie,word,devoreurs,SitEmo
LitteratureJeunesse,!,Montrée,Colère,punctuation,!,SitEmo
LitteratureJeunesse,!,Montrée,Colère,punctuation,!,SitEmo
LitteratureJeunesse,!,Montrée,Colère,punctuation,!,SitEmo
LitteratureJeunesse,réveillée brusquement,Comportementale,Surprise,word,réveillée,SitEmo
LitteratureJeunesse,réveillée brusquement,Comportementale,Surprise,word,brusquement,SitEmo
LitteratureJeunesse,!,Montrée,Joie,punctuation,!,SitEmo
LitteratureJeunesse,!,Montrée,Joie,punctuation,!,SitEmo
LitteratureJeunesse,!,Montrée,Joie,punctuation,!,SitEmo
LitteratureJeunesse,troquer des épinards contre des choux de Bruxelles,Suggérée,Tristesse,word,troquer,SitEmo
LitteratureJeunesse,troquer des épinards contre des choux de Bruxelles,Suggérée,Tristesse,word,épinards,SitEmo
LitteratureJeunesse,troquer des épinards contre des choux de Bruxelles,Suggérée,Tristesse,word,contre,SitEmo
LitteratureJeunesse,troquer des épinards contre des choux de Bruxelles,Suggérée,Tristesse,word,choux,SitEmo
LitteratureJeunesse,troquer des épinards contre des choux de Bruxelles,Suggérée,Tristesse,word,bruxelles,SitEmo
LitteratureJeunesse,personne n'a voulu de mon pavé,Suggérée,Tristesse,word,n'a,SitEmo
LitteratureJeunesse,personne n'a voulu de mon pavé,Suggérée,Tristesse,word,voulu,SitEmo
LitteratureJeunesse,personne n'a voulu de mon pavé,Suggérée,Tristesse,word,pavé,SitEmo
LitteratureJeunesse,personne n'a voulu de mon pavé,Suggérée,Tristesse,punctuation,',SitEmo
LitteratureJeunesse,!,Montrée,Joie,punctuation,!,SitEmo
LitteratureJeunesse,!,Montrée,Joie,punctuation,!,SitEmo
LitteratureJeunesse,s'est écriée avec enthousiasme,Comportementale,Joie,word,s'est,SitEmo
LitteratureJeunesse,s'est écriée avec enthousiasme,Comportementale,Joie,word,écriée,SitEmo
LitteratureJeunesse,s'est écriée avec enthousiasme,Comportementale,Joie,word,enthousiasme,SitEmo
LitteratureJeunesse,s'est écriée avec enthousiasme,Comportementale,Joie,punctuation,',SitEmo
LitteratureJeunesse,Des piles et des piles de bouqins,Suggérée,Peur,word,piles,SitEmo
LitteratureJeunesse,Des piles et des piles de bouqins,Suggérée,Tristesse,word,piles,SitEmo
LitteratureJeunesse,Des piles et des piles de bouqins,Suggérée,Peur,word,piles,SitEmo
LitteratureJeunesse,Des piles et des piles de bouqins,Suggérée,Tristesse,word,piles,SitEmo
LitteratureJeunesse,Des piles et des piles de bouqins,Suggérée,Peur,word,bouqins,SitEmo
LitteratureJeunesse,Des piles et des piles de bouqins,Suggérée,Tristesse,word,bouqins,SitEmo
LitteratureJeunesse,"Non, mais ; tu crois que ; que les mecs",Montrée,Colère,word,crois,SitEmo
LitteratureJeunesse,"Non, mais ; tu crois que ; que les mecs",Montrée,Colère,word,mecs,SitEmo
LitteratureJeunesse,"Non, mais ; tu crois que ; que les mecs",Montrée,Colère,punctuation,",",SitEmo
LitteratureJeunesse,"Non, mais ; tu crois que ; que les mecs",Montrée,Colère,punctuation,;,SitEmo
LitteratureJeunesse,"Non, mais ; tu crois que ; que les mecs",Montrée,Colère,punctuation,;,SitEmo
LitteratureJeunesse,tentant désespérément,Comportementale,Tristesse,word,tentant,SitEmo
LitteratureJeunesse,tentant désespérément,Comportementale,Tristesse,word,désespérément,SitEmo
LitteratureJeunesse,hourrah général,Suggérée,Joie,word,hourrah,SitEmo
LitteratureJeunesse,hourrah général,Suggérée,Joie,word,général,SitEmo
LitteratureJeunesse,n'a pas remarqué,Suggérée,Tristesse,word,n'a,SitEmo
LitteratureJeunesse,n'a pas remarqué,Suggérée,Tristesse,word,remarqué,SitEmo
LitteratureJeunesse,n'a pas remarqué,Suggérée,Tristesse,punctuation,',SitEmo
LitteratureJeunesse,Je n'ai rien eu le temps de dire,Montrée,Tristesse,word,n'ai,SitEmo
LitteratureJeunesse,Je n'ai rien eu le temps de dire,Montrée,Tristesse,word,temps,SitEmo
LitteratureJeunesse,Je n'ai rien eu le temps de dire,Montrée,Tristesse,punctuation,',SitEmo
LitteratureJeunesse,embarrassée,Désignée,Embarras,word,embarrassée,SitEmo
LitteratureJeunesse,fier,Désignée,Fierté,word,fier,SitEmo
LitteratureJeunesse,rire,Désignée,Colère,word,rire,SitEmo
LitteratureJeunesse,un silence de mort,Comportementale,Embarras,word,silence,SitEmo
LitteratureJeunesse,un silence de mort,Comportementale,Embarras,word,mort,SitEmo
LitteratureJeunesse,silencieux,Comportementale,Embarras,word,silencieux,SitEmo
LitteratureJeunesse,ricanements,Comportementale,Joie,word,ricanements,SitEmo
LitteratureJeunesse,décontenancée,Désignée,Embarras,word,décontenancée,SitEmo
LitteratureJeunesse,cri,Comportementale,Peur,word,cri,SitEmo
LitteratureJeunesse,Bouche bée,Comportementale,Surprise,word,bouche,SitEmo
LitteratureJeunesse,Bouche bée,Comportementale,Surprise,word,bée,SitEmo
LitteratureJeunesse,nerveuse,Désignée,Colère,word,nerveuse,SitEmo
LitteratureJeunesse,C'est pas juste,Montrée,Colère,word,c'est,SitEmo
LitteratureJeunesse,C'est pas juste,Montrée,Colère,word,juste,SitEmo
LitteratureJeunesse,C'est pas juste,Montrée,Colère,punctuation,',SitEmo
LitteratureJeunesse,Brouhaha,Comportementale,Colère,word,brouhaha,SitEmo
LitteratureJeunesse,rangez ; sortez,Montrée,Colère,word,rangez,SitEmo
LitteratureJeunesse,rangez ; sortez,Montrée,Colère,word,sortez,SitEmo
LitteratureJeunesse,rangez ; sortez,Montrée,Colère,punctuation,;,SitEmo
LitteratureJeunesse,arraché,Comportementale,Colère,word,arraché,SitEmo
LitteratureJeunesse,A contrecœur,Désignée,Dégoût,word,contrecœur,SitEmo
LitteratureJeunesse,C'est pas juste,Montrée,Colère,word,c'est,SitEmo
LitteratureJeunesse,C'est pas juste,Montrée,Colère,word,juste,SitEmo
LitteratureJeunesse,C'est pas juste,Montrée,Colère,punctuation,',SitEmo
LitteratureJeunesse,pincé,Comportementale,Colère,word,pincé,SitEmo
LitteratureJeunesse,hésitation,Comportementale,Surprise,word,hésitation,SitEmo
LitteratureJeunesse,Un livre ? Quel livre ?,Montrée,Surprise,word,livre,SitEmo
LitteratureJeunesse,Un livre ? Quel livre ?,Montrée,Surprise,word,quel,SitEmo
LitteratureJeunesse,Un livre ? Quel livre ?,Montrée,Surprise,word,livre,SitEmo
LitteratureJeunesse,Un livre ? Quel livre ?,Montrée,Surprise,punctuation,?,SitEmo
LitteratureJeunesse,Un livre ? Quel livre ?,Montrée,Surprise,punctuation,?,SitEmo
LitteratureJeunesse,n'aviez pas dit,Montrée,Colère,word,n'aviez,SitEmo
LitteratureJeunesse,n'aviez pas dit,Montrée,Colère,punctuation,',SitEmo
LitteratureJeunesse,s'est râclé la gorge,Comportementale,Embarras,word,s'est,SitEmo
LitteratureJeunesse,s'est râclé la gorge,Comportementale,Embarras,word,râclé,SitEmo
LitteratureJeunesse,s'est râclé la gorge,Comportementale,Embarras,word,gorge,SitEmo
LitteratureJeunesse,s'est râclé la gorge,Comportementale,Embarras,punctuation,',SitEmo
LitteratureJeunesse,abattus,Désignée,Tristesse,word,abattus,SitEmo
LitteratureJeunesse,n'a pas été nettoyé depuis un demi-siècle,Suggérée,Dégoût,word,n'a,SitEmo
LitteratureJeunesse,n'a pas été nettoyé depuis un demi-siècle,Suggérée,Dégoût,word,nettoyé,SitEmo
LitteratureJeunesse,n'a pas été nettoyé depuis un demi-siècle,Suggérée,Dégoût,word,demi-siècle,SitEmo
LitteratureJeunesse,n'a pas été nettoyé depuis un demi-siècle,Suggérée,Dégoût,punctuation,',SitEmo
LitteratureJeunesse,n'a pas été nettoyé depuis un demi-siècle,Suggérée,Dégoût,punctuation,-,SitEmo
LitteratureJeunesse,où êtes-vous ?,Montrée,Surprise,word,êtes-vous,SitEmo
LitteratureJeunesse,où êtes-vous ?,Montrée,Surprise,punctuation,-,SitEmo
LitteratureJeunesse,où êtes-vous ?,Montrée,Surprise,punctuation,?,SitEmo
LitteratureJeunesse,Mais qu'est-ce que vous faisiez sous les tables ?,Montrée,Surprise,word,qu'est-ce,SitEmo
LitteratureJeunesse,Mais qu'est-ce que vous faisiez sous les tables ?,Montrée,Colère,word,qu'est-ce,SitEmo
LitteratureJeunesse,Mais qu'est-ce que vous faisiez sous les tables ?,Montrée,Surprise,word,faisiez,SitEmo
LitteratureJeunesse,Mais qu'est-ce que vous faisiez sous les tables ?,Montrée,Colère,word,faisiez,SitEmo
LitteratureJeunesse,Mais qu'est-ce que vous faisiez sous les tables ?,Montrée,Surprise,word,tables,SitEmo
LitteratureJeunesse,Mais qu'est-ce que vous faisiez sous les tables ?,Montrée,Colère,word,tables,SitEmo
LitteratureJeunesse,Mais qu'est-ce que vous faisiez sous les tables ?,Montrée,Surprise,punctuation,',SitEmo
LitteratureJeunesse,Mais qu'est-ce que vous faisiez sous les tables ?,Montrée,Colère,punctuation,',SitEmo
LitteratureJeunesse,Mais qu'est-ce que vous faisiez sous les tables ?,Montrée,Surprise,punctuation,-,SitEmo
LitteratureJeunesse,Mais qu'est-ce que vous faisiez sous les tables ?,Montrée,Colère,punctuation,-,SitEmo
LitteratureJeunesse,Mais qu'est-ce que vous faisiez sous les tables ?,Montrée,Surprise,punctuation,?,SitEmo
LitteratureJeunesse,Mais qu'est-ce que vous faisiez sous les tables ?,Montrée,Colère,punctuation,?,SitEmo
LitteratureJeunesse,crié,Comportementale,Colère,word,crié,SitEmo
LitteratureJeunesse,Mais ; ?,Montrée,Surprise,punctuation,;,SitEmo
LitteratureJeunesse,Mais ; ?,Montrée,Surprise,punctuation,?,SitEmo
LitteratureJeunesse,C'est pas le moment,Montrée,Colère,word,c'est,SitEmo
LitteratureJeunesse,C'est pas le moment,Montrée,Colère,word,moment,SitEmo
LitteratureJeunesse,C'est pas le moment,Montrée,Colère,punctuation,',SitEmo
LitteratureJeunesse,...,Montrée,Embarras,punctuation,…,SitEmo
LitteratureJeunesse,...,Montrée,Embarras,punctuation,…,SitEmo
LitteratureJeunesse,...,Montrée,Embarras,punctuation,…,SitEmo
LitteratureJeunesse,...,Montrée,Embarras,punctuation,…,SitEmo
LitteratureJeunesse,...,Montrée,Embarras,punctuation,…,SitEmo
LitteratureJeunesse,...,Montrée,Embarras,punctuation,…,SitEmo
LitteratureJeunesse,...,Montrée,Embarras,punctuation,…,SitEmo
LitteratureJeunesse,...,Montrée,Embarras,punctuation,…,SitEmo
LitteratureJeunesse,...,Montrée,Embarras,punctuation,…,SitEmo
LitteratureJeunesse,...,Montrée,Embarras,punctuation,…,SitEmo
LitteratureJeunesse,...,Montrée,Embarras,punctuation,…,SitEmo
LitteratureJeunesse,...,Montrée,Embarras,punctuation,…,SitEmo
LitteratureJeunesse,parler par à-coups,Comportementale,Embarras,word,parler,SitEmo
LitteratureJeunesse,parler par à-coups,Comportementale,Embarras,word,à-coups,SitEmo
LitteratureJeunesse,parler par à-coups,Comportementale,Embarras,punctuation,-,SitEmo
LitteratureJeunesse,!,Montrée,Colère,punctuation,!,SitEmo
LitteratureJeunesse,!,Montrée,Colère,punctuation,!,SitEmo
LitteratureJeunesse,!,Montrée,Colère,punctuation,!,SitEmo
LitteratureJeunesse,atterrés,Désignée,Tristesse,word,atterrés,SitEmo
LitteratureJeunesse,accablés,Désignée,Tristesse,word,accablés,SitEmo
LitteratureJeunesse,terrassés,Désignée,Tristesse,word,terrassés,SitEmo
LitteratureJeunesse,anéantis,Désignée,Tristesse,word,anéantis,SitEmo
LitteratureJeunesse,CŒUR battant,Comportementale,Joie,word,cœur,SitEmo
LitteratureJeunesse,CŒUR battant,Comportementale,Joie,word,battant,SitEmo
LitteratureJeunesse,!,Montrée,Colère,punctuation,!,SitEmo
LitteratureJeunesse,!,Montrée,Colère,punctuation,!,SitEmo
LitteratureJeunesse,!,Montrée,Colère,punctuation,!,SitEmo
LitteratureJeunesse,!,Montrée,Colère,punctuation,!,SitEmo
LitteratureJeunesse,vous chercherez,Montrée,Colère,word,chercherez,SitEmo
LitteratureJeunesse,Bizarre,Suggérée,Embarras,word,bizarre,SitEmo
LitteratureJeunesse,grogné,Comportementale,Colère,word,grogné,SitEmo
LitteratureJeunesse,force,Montrée,Colère,word,force,SitEmo
LitteratureJeunesse,Rigole pas,Suggérée,Colère,word,rigole,SitEmo
LitteratureJeunesse,Désolé,Montrée,Embarras,word,désolé,SitEmo
LitteratureJeunesse,plaire,Suggérée,Joie,word,plaire,SitEmo
LitteratureJeunesse,interdis,Suggérée,Colère,word,interdis,SitEmo
LitteratureJeunesse,indigné,Montrée,Colère,word,indigné,SitEmo
LitteratureJeunesse,Très drôle,Suggérée,Joie,word,drôle,SitEmo
LitteratureJeunesse,inquiète,Suggérée,Peur,word,inquiète,SitEmo
LitteratureJeunesse,Sans attendre,Suggérée,Joie,word,attendre,SitEmo
LitteratureJeunesse,incapables,Suggérée,Colère,word,incapables,SitEmo
LitteratureJeunesse,ça veut dire quoi exactement ?,Suggérée,Colère,word,exactement,SitEmo
LitteratureJeunesse,ça veut dire quoi exactement ?,Suggérée,Colère,punctuation,?,SitEmo
LitteratureJeunesse,soupiré,Comportementale,Colère,word,soupiré,SitEmo
LitteratureJeunesse,surpris,Désignée,Surprise,word,surpris,SitEmo
LitteratureJeunesse,étonnerait,Désignée,Surprise,word,étonnerait,SitEmo
LitteratureJeunesse,serré sur le coeur,Comportementale,Joie,word,serré,SitEmo
LitteratureJeunesse,serré sur le coeur,Comportementale,Joie,word,coeur,SitEmo
LitteratureJeunesse,les yeux brillants,Montrée,Joie,word,yeux,SitEmo
LitteratureJeunesse,les yeux brillants,Montrée,Joie,word,brillants,SitEmo
LitteratureJeunesse,écriée,Comportementale,Joie,word,écriée,SitEmo
LitteratureJeunesse,grogné,Comportementale,Colère,word,grogné,SitEmo
LitteratureJeunesse,retirée aussitôt,Comportementale,Colère,word,retirée,SitEmo
LitteratureJeunesse,retirée aussitôt,Comportementale,Colère,word,aussitôt,SitEmo
LitteratureJeunesse,Mon coeur a sauté,Montrée,Surprise,word,coeur,SitEmo
LitteratureJeunesse,Mon coeur a sauté,Montrée,Surprise,word,sauté,SitEmo
LitteratureJeunesse,mes joues s'enflammer,Comportementale,Embarras,word,joues,SitEmo
LitteratureJeunesse,mes joues s'enflammer,Comportementale,Embarras,word,s'enflammer,SitEmo
LitteratureJeunesse,mes joues s'enflammer,Comportementale,Embarras,punctuation,',SitEmo
LitteratureJeunesse,sans attendre,Comportementale,Embarras,word,attendre,SitEmo
LitteratureJeunesse,me sentir idiot,Montrée,Embarras,word,sentir,SitEmo
LitteratureJeunesse,me sentir idiot,Montrée,Embarras,word,idiot,SitEmo
LitteratureJeunesse,a éclaté de rire,Comportementale,Joie,word,éclaté,SitEmo
LitteratureJeunesse,a éclaté de rire,Comportementale,Joie,word,rire,SitEmo
LitteratureJeunesse,vite,Comportementale,Peur,word,vite,SitEmo
LitteratureJeunesse,confisqué,Suggérée,Tristesse,word,confisqué,SitEmo
LitteratureJeunesse,pure vérité,Suggérée,Colère,word,pure,SitEmo
LitteratureJeunesse,pure vérité,Suggérée,Colère,word,vérité,SitEmo
LitteratureJeunesse,!,Montrée,Joie,punctuation,!,SitEmo
LitteratureJeunesse,sûr,Suggérée,Joie,word,sûr,SitEmo
LitteratureJeunesse,répliqué,Comportementale,Colère,word,répliqué,SitEmo
LitteratureJeunesse,pas terminé,Suggérée,Tristesse,word,terminé,SitEmo
LitteratureJeunesse,une ânerie,Suggérée,Embarras,word,ânerie,SitEmo
LitteratureJeunesse,piqué,Suggérée,Colère,word,piqué,SitEmo
LitteratureJeunesse,rigolé,Comportementale,Joie,word,rigolé,SitEmo
LitteratureJeunesse,typique,Suggérée,Colère,word,typique,SitEmo
LitteratureJeunesse,levée brusquement,Comportementale,Joie,word,levée,SitEmo
LitteratureJeunesse,levée brusquement,Comportementale,Joie,word,brusquement,SitEmo
LitteratureJeunesse,avec de grands yeux,Comportementale,Surprise,word,grands,SitEmo
LitteratureJeunesse,avec de grands yeux,Comportementale,Surprise,word,yeux,SitEmo
LitteratureJeunesse,c'est non,Suggérée,Tristesse,word,c'est,SitEmo
LitteratureJeunesse,c'est non,Suggérée,Tristesse,punctuation,',SitEmo
LitteratureJeunesse,rattrappée,Comportementale,Culpabilité,word,rattrappée,SitEmo
LitteratureJeunesse,Enfin,Montrée,Embarras,word,enfin,SitEmo
LitteratureJeunesse,frisson dans le dos,Comportementale,Joie,word,frisson,SitEmo
LitteratureJeunesse,frisson dans le dos,Comportementale,Joie,word,dos,SitEmo
LitteratureJeunesse,picotement dans le ventre,Comportementale,Joie,word,picotement,SitEmo
LitteratureJeunesse,picotement dans le ventre,Comportementale,Joie,word,ventre,SitEmo
LitteratureJeunesse,douceur,Suggérée,Joie,word,douceur,SitEmo
LitteratureJeunesse,encore plus,Montrée,Colère,word,encore,SitEmo
LitteratureJeunesse,collé deux heures,Suggérée,Colère,word,collé,SitEmo
LitteratureJeunesse,collé deux heures,Suggérée,Colère,word,deux,SitEmo
LitteratureJeunesse,collé deux heures,Suggérée,Colère,word,heures,SitEmo
LitteratureJeunesse,glace le sang,Suggérée,Peur,word,glace,SitEmo
LitteratureJeunesse,glace le sang,Suggérée,Peur,word,sang,SitEmo
LitteratureJeunesse,a vu que du feu,Suggérée,Fierté,word,vu,SitEmo
LitteratureJeunesse,a vu que du feu,Suggérée,Fierté,word,feu,SitEmo
LitteratureJeunesse,C'est pas juste,Suggérée,Colère,word,c'est,SitEmo
LitteratureJeunesse,C'est pas juste,Suggérée,Colère,word,juste,SitEmo
LitteratureJeunesse,C'est pas juste,Suggérée,Colère,punctuation,',SitEmo
LitteratureJeunesse,incapables de réagir,Comportementale,Surprise,word,incapables,SitEmo
LitteratureJeunesse,incapables de réagir,Comportementale,Surprise,word,réagir,SitEmo
LitteratureJeunesse,des cris de protestation,Comportementale,Colère,word,cris,SitEmo
LitteratureJeunesse,des cris de protestation,Comportementale,Colère,word,protestation,SitEmo
LitteratureJeunesse,je sais ; j'ai plus trois ans,Suggérée,Colère,word,sais,SitEmo
LitteratureJeunesse,je sais ; j'ai plus trois ans,Suggérée,Colère,word,j'ai,SitEmo
LitteratureJeunesse,je sais ; j'ai plus trois ans,Suggérée,Colère,word,trois,SitEmo
LitteratureJeunesse,je sais ; j'ai plus trois ans,Suggérée,Colère,word,ans,SitEmo
LitteratureJeunesse,je sais ; j'ai plus trois ans,Suggérée,Colère,punctuation,;,SitEmo
LitteratureJeunesse,je sais ; j'ai plus trois ans,Suggérée,Colère,punctuation,',SitEmo
LitteratureJeunesse,illumination,Suggérée,Joie,word,illumination,SitEmo
LitteratureJeunesse,!,Montrée,Joie,punctuation,!,SitEmo
LitteratureJeunesse,!,Montrée,Colère,punctuation,!,SitEmo
LitteratureJeunesse,génial,Désignée,Joie,word,génial,SitEmo
LitteratureJeunesse,!,Montrée,Joie,punctuation,!,SitEmo
LitteratureJeunesse,!,Montrée,Colère,punctuation,!,SitEmo
LitteratureJeunesse,Hé,Montrée,Colère,word,hé,SitEmo
LitteratureJeunesse,!,Montrée,Colère,punctuation,!,SitEmo
LitteratureJeunesse,trop génial,Suggérée,Joie,word,génial,SitEmo
LitteratureJeunesse,j'ai du mal,Suggérée,Embarras,word,j'ai,SitEmo
LitteratureJeunesse,j'ai du mal,Suggérée,Embarras,punctuation,',SitEmo
LitteratureJeunesse,Franchement,Suggérée,Colère,word,franchement,SitEmo
LitteratureJeunesse,débarrassé,Suggérée,Colère,word,débarrassé,SitEmo
LitteratureJeunesse,!,Montrée,Colère,punctuation,!,SitEmo
LitteratureJeunesse,lancé un regard noir,Comportementale,Colère,word,lancé,SitEmo
LitteratureJeunesse,lancé un regard noir,Comportementale,Colère,word,regard,SitEmo
LitteratureJeunesse,lancé un regard noir,Comportementale,Colère,word,noir,SitEmo
LitteratureJeunesse,causé la mort de son frère aîné,Suggérée,Tristesse,word,causé,SitEmo
LitteratureJeunesse,causé la mort de son frère aîné,Suggérée,Tristesse,word,mort,SitEmo
LitteratureJeunesse,causé la mort de son frère aîné,Suggérée,Tristesse,word,frère,SitEmo
LitteratureJeunesse,causé la mort de son frère aîné,Suggérée,Tristesse,word,aîné,SitEmo
LitteratureJeunesse,c'est bien la peine,Montrée,Colère,word,c'est,SitEmo
LitteratureJeunesse,c'est bien la peine,Montrée,Colère,word,peine,SitEmo
LitteratureJeunesse,c'est bien la peine,Montrée,Colère,punctuation,',SitEmo
LitteratureJeunesse,renoncé,Suggérée,Tristesse,word,renoncé,SitEmo
LitteratureJeunesse,n'a pas pu refuser,Suggérée,Joie,word,n'a,SitEmo
LitteratureJeunesse,n'a pas pu refuser,Suggérée,Joie,word,pu,SitEmo
LitteratureJeunesse,n'a pas pu refuser,Suggérée,Joie,word,refuser,SitEmo
LitteratureJeunesse,n'a pas pu refuser,Suggérée,Joie,punctuation,',SitEmo
LitteratureJeunesse,songe,Suggérée,Peur,word,songe,SitEmo
LitteratureJeunesse,triste,Désignée,Tristesse,word,triste,SitEmo
LitteratureJeunesse,joie,Désignée,Joie,word,joie,SitEmo
LitteratureJeunesse,Tiens,Suggérée,Surprise,word,tiens,SitEmo
LitteratureJeunesse,absolument,Montrée,Joie,word,absolument,SitEmo
LitteratureJeunesse,sourire,Comportementale,Joie,word,sourire,SitEmo
LitteratureJeunesse,boude,Comportementale,Colère,word,boude,SitEmo
LitteratureJeunesse,surprise,Désignée,Surprise,word,surprise,SitEmo
LitteratureJeunesse,décourage,Désignée,Tristesse,word,décourage,SitEmo
LitteratureJeunesse,décourage,Désignée,Colère,word,décourage,SitEmo
LitteratureJeunesse,ne parvient pas ; larmes,Comportementale,Tristesse,word,parvient,SitEmo
LitteratureJeunesse,ne parvient pas ; larmes,Comportementale,Embarras,word,parvient,SitEmo
LitteratureJeunesse,ne parvient pas ; larmes,Comportementale,Tristesse,word,larmes,SitEmo
LitteratureJeunesse,ne parvient pas ; larmes,Comportementale,Embarras,word,larmes,SitEmo
LitteratureJeunesse,ne parvient pas ; larmes,Comportementale,Tristesse,punctuation,;,SitEmo
LitteratureJeunesse,ne parvient pas ; larmes,Comportementale,Embarras,punctuation,;,SitEmo
LitteratureJeunesse,détourne,Comportementale,Tristesse,word,détourne,SitEmo
LitteratureJeunesse,détourne,Comportementale,Embarras,word,détourne,SitEmo
LitteratureJeunesse,émue,Désignée,Embarras,word,émue,SitEmo
LitteratureJeunesse,émue,Désignée,Joie,word,émue,SitEmo
LitteratureJeunesse,grognon,Désignée,Colère,word,grognon,SitEmo
LitteratureJeunesse,n'ose pas,Suggérée,Embarras,word,n'ose,SitEmo
LitteratureJeunesse,n'ose pas,Suggérée,Embarras,punctuation,',SitEmo
LitteratureJeunesse,préoccupé,Suggérée,Peur,word,préoccupé,SitEmo
LitteratureJeunesse,paniqué,Désignée,Peur,word,paniqué,SitEmo
LitteratureJeunesse,paniqué,Désignée,Surprise,word,paniqué,SitEmo
LitteratureJeunesse,pleurer,Comportementale,Tristesse,word,pleurer,SitEmo
LitteratureJeunesse,ravie,Désignée,Joie,word,ravie,SitEmo
LitteratureJeunesse,scandalisé,Désignée,Colère,word,scandalisé,SitEmo
LitteratureJeunesse,scandalisé,Désignée,Surprise,word,scandalisé,SitEmo
LitteratureJeunesse,n'ose pas,Suggérée,Embarras,word,n'ose,SitEmo
LitteratureJeunesse,n'ose pas,Suggérée,Embarras,punctuation,',SitEmo
LitteratureJeunesse,étonnés,Désignée,Surprise,word,étonnés,SitEmo
LitteratureJeunesse,surprise,Désignée,Surprise,word,surprise,SitEmo
LitteratureJeunesse,bafouille,Comportementale,Embarras,word,bafouille,SitEmo
LitteratureJeunesse,troublée,Désignée,Embarras,word,troublée,SitEmo
LitteratureJeunesse,Beurk,Montrée,Dégoût,word,beurk,SitEmo
LitteratureJeunesse,ravie,Désignée,Joie,word,ravie,SitEmo
LitteratureJeunesse,proposition de travail,Suggérée,Joie,word,proposition,SitEmo
LitteratureJeunesse,proposition de travail,Suggérée,Joie,word,travail,SitEmo
LitteratureJeunesse,c'est bien son nom,Montrée,Joie,word,c'est,SitEmo
LitteratureJeunesse,c'est bien son nom,Montrée,Joie,word,nom,SitEmo
LitteratureJeunesse,c'est bien son nom,Montrée,Joie,punctuation,',SitEmo
LitteratureJeunesse,a inventé un logiciel,Suggérée,Joie,word,inventé,SitEmo
LitteratureJeunesse,a inventé un logiciel,Suggérée,Fierté,word,inventé,SitEmo
LitteratureJeunesse,a inventé un logiciel,Suggérée,Joie,word,logiciel,SitEmo
LitteratureJeunesse,a inventé un logiciel,Suggérée,Fierté,word,logiciel,SitEmo
LitteratureJeunesse,partout dans le monde,Suggérée,Joie,word,partout,SitEmo
LitteratureJeunesse,partout dans le monde,Suggérée,Fierté,word,partout,SitEmo
LitteratureJeunesse,partout dans le monde,Suggérée,Joie,word,monde,SitEmo
LitteratureJeunesse,partout dans le monde,Suggérée,Fierté,word,monde,SitEmo
LitteratureJeunesse,"ingénieux, ingénieur",Montrée,Joie,word,ingénieux,SitEmo
LitteratureJeunesse,"ingénieux, ingénieur",Montrée,Joie,word,ingénieur,SitEmo
LitteratureJeunesse,"ingénieux, ingénieur",Montrée,Joie,punctuation,",",SitEmo
LitteratureJeunesse,n'a jamais réussi,Suggérée,Tristesse,word,n'a,SitEmo
LitteratureJeunesse,n'a jamais réussi,Suggérée,Tristesse,word,réussi,SitEmo
LitteratureJeunesse,n'a jamais réussi,Suggérée,Tristesse,punctuation,',SitEmo
LitteratureJeunesse,a changé les couche de,Suggérée,Dégoût,word,changé,SitEmo
LitteratureJeunesse,a changé les couche de,Suggérée,Dégoût,word,couche,SitEmo
LitteratureJeunesse,s'est occupée,Suggérée,Dégoût,word,s'est,SitEmo
LitteratureJeunesse,s'est occupée,Suggérée,Dégoût,word,occupée,SitEmo
LitteratureJeunesse,s'est occupée,Suggérée,Dégoût,punctuation,',SitEmo
LitteratureJeunesse,a pris soin de,Suggérée,Dégoût,word,pris,SitEmo
LitteratureJeunesse,a pris soin de,Suggérée,Dégoût,word,soin,SitEmo
LitteratureJeunesse,en charge,Suggérée,Dégoût,word,charge,SitEmo
LitteratureJeunesse,veille sur,Suggérée,Dégoût,word,veille,SitEmo
LitteratureJeunesse,garder un oeil sur,Suggérée,Dégoût,word,garder,SitEmo
LitteratureJeunesse,garder un oeil sur,Suggérée,Dégoût,word,oeil,SitEmo
LitteratureJeunesse,une longue série,Suggérée,Dégoût,word,longue,SitEmo
LitteratureJeunesse,une longue série,Suggérée,Dégoût,word,série,SitEmo
LitteratureJeunesse,souvent,Suggérée,Dégoût,word,souvent,SitEmo
LitteratureJeunesse,la tâche ; toute la fratrie,Suggérée,Dégoût,word,tâche,SitEmo
LitteratureJeunesse,la tâche ; toute la fratrie,Suggérée,Dégoût,word,fratrie,SitEmo
LitteratureJeunesse,la tâche ; toute la fratrie,Suggérée,Dégoût,punctuation,;,SitEmo
LitteratureJeunesse,beaucoup plus de devoirs,Suggérée,Colère,word,beaucoup,SitEmo
LitteratureJeunesse,beaucoup plus de devoirs,Suggérée,Colère,word,devoirs,SitEmo
LitteratureJeunesse,continue à surveiller,Suggérée,Dégoût,word,continue,SitEmo
LitteratureJeunesse,continue à surveiller,Suggérée,Colère,word,continue,SitEmo
LitteratureJeunesse,continue à surveiller,Suggérée,Dégoût,word,surveiller,SitEmo
LitteratureJeunesse,continue à surveiller,Suggérée,Colère,word,surveiller,SitEmo
LitteratureJeunesse,n'a pas de devoirs,Suggérée,Joie,word,n'a,SitEmo
LitteratureJeunesse,n'a pas de devoirs,Suggérée,Joie,word,devoirs,SitEmo
LitteratureJeunesse,n'a pas de devoirs,Suggérée,Joie,punctuation,',SitEmo
LitteratureJeunesse,allergique,Suggérée,Tristesse,word,allergique,SitEmo
LitteratureJeunesse,du mal à respirer,Suggérée,Tristesse,word,respirer,SitEmo
LitteratureJeunesse,"éternuer, renifler",Suggérée,Tristesse,word,éternuer,SitEmo
LitteratureJeunesse,"éternuer, renifler",Suggérée,Tristesse,word,renifler,SitEmo
LitteratureJeunesse,"éternuer, renifler",Suggérée,Tristesse,punctuation,",",SitEmo
LitteratureJeunesse,coulent,Suggérée,Tristesse,word,coulent,SitEmo
LitteratureJeunesse,la moindre poussière,Suggérée,Dégoût,word,moindre,SitEmo
LitteratureJeunesse,la moindre poussière,Suggérée,Dégoût,word,poussière,SitEmo
LitteratureJeunesse,petit ; stérile,Suggérée,Tristesse,word,petit,SitEmo
LitteratureJeunesse,petit ; stérile,Suggérée,Tristesse,word,stérile,SitEmo
LitteratureJeunesse,petit ; stérile,Suggérée,Tristesse,punctuation,;,SitEmo
LitteratureJeunesse,parle pas ; passe son temps,Suggérée,Peur,word,parle,SitEmo
LitteratureJeunesse,parle pas ; passe son temps,Suggérée,Peur,word,passe,SitEmo
LitteratureJeunesse,parle pas ; passe son temps,Suggérée,Peur,word,temps,SitEmo
LitteratureJeunesse,parle pas ; passe son temps,Suggérée,Peur,punctuation,;,SitEmo
LitteratureJeunesse,s'ennuie,Désignée,Tristesse,word,s'ennuie,SitEmo
LitteratureJeunesse,s'ennuie,Désignée,Tristesse,punctuation,',SitEmo
LitteratureJeunesse,Heureusement,Désignée,Joie,word,heureusement,SitEmo
LitteratureJeunesse,réussira,Suggérée,Peur,word,réussira,SitEmo
LitteratureJeunesse,Il faut,Montrée,Joie,word,faut,SitEmo
LitteratureJeunesse,!,Montrée,Joie,punctuation,!,SitEmo
LitteratureJeunesse,depuis la maternelle,Suggérée,Joie,word,maternelle,SitEmo
LitteratureJeunesse,!,Montrée,Surprise,punctuation,!,SitEmo
LitteratureJeunesse,pyjama party,Suggérée,Joie,word,pyjama,SitEmo
LitteratureJeunesse,pyjama party,Suggérée,Joie,word,party,SitEmo
LitteratureJeunesse,faire connaissance,Suggérée,Joie,word,connaissance,SitEmo
LitteratureJeunesse,ne se lie pas facilement,Suggérée,Tristesse,word,lie,SitEmo
LitteratureJeunesse,ne se lie pas facilement,Suggérée,Tristesse,word,facilement,SitEmo
LitteratureJeunesse,timides,Désignée,Embarras,word,timides,SitEmo
LitteratureJeunesse,gronde,Comportementale,Colère,word,gronde,SitEmo
LitteratureJeunesse,raconte des blagues,Comportementale,Joie,word,raconte,SitEmo
LitteratureJeunesse,raconte des blagues,Comportementale,Joie,word,blagues,SitEmo
LitteratureJeunesse,comme s',Suggérée,Surprise,punctuation,',SitEmo
LitteratureJeunesse,se dépêchent,Suggérée,Joie,word,dépêchent,SitEmo
LitteratureJeunesse,le sourire de Martin,Suggérée,Joie,word,sourire,SitEmo
LitteratureJeunesse,le sourire de Martin,Suggérée,Joie,word,martin,SitEmo
LitteratureJeunesse,la pyjama party,Suggérée,Joie,word,pyjama,SitEmo
LitteratureJeunesse,la pyjama party,Suggérée,Joie,word,party,SitEmo
LitteratureJeunesse,sa dernière conversation avec Sophie,Suggérée,Joie,word,dernière,SitEmo
LitteratureJeunesse,sa dernière conversation avec Sophie,Suggérée,Joie,word,conversation,SitEmo
LitteratureJeunesse,sa dernière conversation avec Sophie,Suggérée,Joie,word,sophie,SitEmo
LitteratureJeunesse,!,Montrée,Joie,punctuation,!,SitEmo
LitteratureJeunesse,!,Montrée,Colère,punctuation,!,SitEmo
LitteratureJeunesse,!,Montrée,Joie,punctuation,!,SitEmo
LitteratureJeunesse,!,Montrée,Colère,punctuation,!,SitEmo
LitteratureJeunesse,élue déléguée,Suggérée,Joie,word,élue,SitEmo
LitteratureJeunesse,élue déléguée,Suggérée,Joie,word,déléguée,SitEmo
LitteratureJeunesse,une brute,Suggérée,Colère,word,brute,SitEmo
LitteratureJeunesse,Malheureusement,Montrée,Tristesse,word,malheureusement,SitEmo
LitteratureJeunesse,forcer à,Suggérée,Colère,word,forcer,SitEmo
LitteratureJeunesse,ordonne,Suggérée,Colère,word,ordonne,SitEmo
LitteratureJeunesse,tâche supplémentaire,Suggérée,Colère,word,tâche,SitEmo
LitteratureJeunesse,tâche supplémentaire,Suggérée,Colère,word,supplémentaire,SitEmo
LitteratureJeunesse,les disputes,Suggérée,Colère,word,disputes,SitEmo
LitteratureJeunesse,timide,Désignée,Embarras,word,timide,SitEmo
LitteratureJeunesse,réservée,Désignée,Embarras,word,réservée,SitEmo
LitteratureJeunesse,Heureusement,Montrée,Joie,word,heureusement,SitEmo
LitteratureJeunesse,agréable,Suggérée,Joie,word,agréable,SitEmo
LitteratureJeunesse,première ; de sa vie,Suggérée,Tristesse,word,première,SitEmo
LitteratureJeunesse,première ; de sa vie,Suggérée,Tristesse,word,vie,SitEmo
LitteratureJeunesse,première ; de sa vie,Suggérée,Tristesse,punctuation,;,SitEmo
LitteratureJeunesse,confisquée,Suggérée,Tristesse,word,confisquée,SitEmo
LitteratureJeunesse,en retard,Suggérée,Tristesse,word,retard,SitEmo
LitteratureJeunesse,en retard,Suggérée,Embarras,word,retard,SitEmo
LitteratureJeunesse,maudite,Montrée,Colère,word,maudite,SitEmo
LitteratureJeunesse,douce,Suggérée,Joie,word,douce,SitEmo
LitteratureJeunesse,Désolée,Montrée,Embarras,word,désolée,SitEmo
LitteratureJeunesse,d'abord,Montrée,Joie,word,d'abord,SitEmo
LitteratureJeunesse,d'abord,Montrée,Joie,punctuation,',SitEmo
LitteratureJeunesse,aller à la fête,Suggérée,Joie,word,fête,SitEmo
LitteratureJeunesse,main dans la main,Comportementale,Joie,word,main,SitEmo
LitteratureJeunesse,main dans la main,Comportementale,Joie,word,main,SitEmo
LitteratureJeunesse,se presse,Comportementale,Joie,word,presse,SitEmo
LitteratureJeunesse,l'attendre,Suggérée,Joie,word,l'attendre,SitEmo
LitteratureJeunesse,l'attendre,Suggérée,Joie,punctuation,',SitEmo
LitteratureJeunesse,le plus craquant,Suggérée,Joie,word,craquant,SitEmo
LitteratureJeunesse,le chemin ensemble,Suggérée,Joie,word,chemin,SitEmo
LitteratureJeunesse,le chemin ensemble,Suggérée,Joie,word,ensemble,SitEmo
LitteratureJeunesse,Un coup du destin ?,Suggérée,Joie,word,coup,SitEmo
LitteratureJeunesse,Un coup du destin ?,Suggérée,Joie,word,destin,SitEmo
LitteratureJeunesse,Un coup du destin ?,Suggérée,Joie,punctuation,?,SitEmo
LitteratureJeunesse,ne se confie pas facilement,Suggérée,Embarras,word,confie,SitEmo
LitteratureJeunesse,ne se confie pas facilement,Suggérée,Embarras,word,facilement,SitEmo
LitteratureJeunesse,pourtant,Montrée,Surprise,word,pourtant,SitEmo
LitteratureJeunesse,vas-y,Montrée,Joie,word,vas-y,SitEmo
LitteratureJeunesse,vas-y,Montrée,Joie,punctuation,-,SitEmo
LitteratureJeunesse,!,Montrée,Joie,punctuation,!,SitEmo
LitteratureJeunesse,les problèmes,Suggérée,Tristesse,word,problèmes,SitEmo
LitteratureJeunesse,guerre,Suggérée,Tristesse,word,guerre,SitEmo
LitteratureJeunesse,embouteillage,Suggérée,Tristesse,word,embouteillage,SitEmo
LitteratureJeunesse,embouteillage,Suggérée,Colère,word,embouteillage,SitEmo
LitteratureJeunesse,n'a pas l'occasion,Suggérée,Tristesse,word,n'a,SitEmo
LitteratureJeunesse,n'a pas l'occasion,Suggérée,Embarras,word,n'a,SitEmo
LitteratureJeunesse,n'a pas l'occasion,Suggérée,Tristesse,word,l'occasion,SitEmo
LitteratureJeunesse,n'a pas l'occasion,Suggérée,Embarras,word,l'occasion,SitEmo
LitteratureJeunesse,n'a pas l'occasion,Suggérée,Tristesse,punctuation,',SitEmo
LitteratureJeunesse,n'a pas l'occasion,Suggérée,Embarras,punctuation,',SitEmo
LitteratureJeunesse,n'a pas l'occasion,Suggérée,Tristesse,punctuation,',SitEmo
LitteratureJeunesse,n'a pas l'occasion,Suggérée,Embarras,punctuation,',SitEmo
LitteratureJeunesse,renifle,Comportementale,Tristesse,word,renifle,SitEmo
LitteratureJeunesse,pas encore,Suggérée,Embarras,word,encore,SitEmo
LitteratureJeunesse,Qu'es-ce qui se passe ?,Montrée,Surprise,word,qu'es-ce,SitEmo
LitteratureJeunesse,Qu'es-ce qui se passe ?,Montrée,Peur,word,qu'es-ce,SitEmo
LitteratureJeunesse,Qu'es-ce qui se passe ?,Montrée,Surprise,word,passe,SitEmo
LitteratureJeunesse,Qu'es-ce qui se passe ?,Montrée,Peur,word,passe,SitEmo
LitteratureJeunesse,Qu'es-ce qui se passe ?,Montrée,Surprise,punctuation,',SitEmo
LitteratureJeunesse,Qu'es-ce qui se passe ?,Montrée,Peur,punctuation,',SitEmo
LitteratureJeunesse,Qu'es-ce qui se passe ?,Montrée,Surprise,punctuation,-,SitEmo
LitteratureJeunesse,Qu'es-ce qui se passe ?,Montrée,Peur,punctuation,-,SitEmo
LitteratureJeunesse,Qu'es-ce qui se passe ?,Montrée,Surprise,punctuation,?,SitEmo
LitteratureJeunesse,Qu'es-ce qui se passe ?,Montrée,Peur,punctuation,?,SitEmo
LitteratureJeunesse,Aïe,Montrée,Embarras,word,aïe,SitEmo
LitteratureJeunesse,!,Montrée,Embarras,punctuation,!,SitEmo
LitteratureJeunesse,tombe mal,Montrée,Embarras,word,tombe,SitEmo
LitteratureJeunesse,!,Montrée,Embarras,punctuation,!,SitEmo
LitteratureJeunesse,vite,Suggérée,Embarras,word,vite,SitEmo
LitteratureJeunesse,toutes ces filles,Suggérée,Joie,word,filles,SitEmo
LitteratureJeunesse,!,Montrée,Joie,punctuation,!,SitEmo
LitteratureJeunesse,super,Désignée,Joie,word,super,SitEmo
LitteratureJeunesse,trop gentille ; drôle de famille,Suggérée,Colère,word,gentille,SitEmo
LitteratureJeunesse,trop gentille ; drôle de famille,Suggérée,Colère,word,drôle,SitEmo
LitteratureJeunesse,trop gentille ; drôle de famille,Suggérée,Colère,word,famille,SitEmo
LitteratureJeunesse,trop gentille ; drôle de famille,Suggérée,Colère,punctuation,;,SitEmo
LitteratureJeunesse,très vite,Suggérée,Joie,word,vite,SitEmo
LitteratureJeunesse,Soudain,Montrée,Surprise,word,soudain,SitEmo
LitteratureJeunesse,joyeux,Désignée,Joie,word,joyeux,SitEmo
LitteratureJeunesse,It's Martin,Montrée,Surprise,word,it's,SitEmo
LitteratureJeunesse,It's Martin,Montrée,Surprise,word,martin,SitEmo
LitteratureJeunesse,It's Martin,Montrée,Surprise,punctuation,',SitEmo
LitteratureJeunesse,!,Montrée,Surprise,punctuation,!,SitEmo
LitteratureJeunesse,And his little brother,Montrée,Surprise,word,and,SitEmo
LitteratureJeunesse,And his little brother,Montrée,Surprise,word,his,SitEmo
LitteratureJeunesse,And his little brother,Montrée,Surprise,word,little,SitEmo
LitteratureJeunesse,And his little brother,Montrée,Surprise,word,brother,SitEmo
LitteratureJeunesse,!,Montrée,Surprise,punctuation,!,SitEmo
LitteratureJeunesse,accourt,Comportementale,Joie,word,accourt,SitEmo
LitteratureJeunesse,...,Montrée,Embarras,punctuation,…,SitEmo
LitteratureJeunesse,plaisir,Désignée,Joie,word,plaisir,SitEmo
LitteratureJeunesse,soupçonneux,Comportementale,Dégoût,word,soupçonneux,SitEmo
LitteratureJeunesse,!,Montrée,Dégoût,punctuation,!,SitEmo
LitteratureJeunesse,!,Montrée,Dégoût,punctuation,!,SitEmo
LitteratureJeunesse,c'est pour,Suggérée,Dégoût,word,c'est,SitEmo
LitteratureJeunesse,c'est pour,Suggérée,Dégoût,punctuation,',SitEmo
LitteratureJeunesse,n'importe quoi,Suggérée,Dégoût,word,n'importe,SitEmo
LitteratureJeunesse,n'importe quoi,Suggérée,Dégoût,punctuation,',SitEmo
LitteratureJeunesse,!,Montrée,Dégoût,punctuation,!,SitEmo
LitteratureJeunesse,bizarres,Suggérée,Dégoût,word,bizarres,SitEmo
LitteratureJeunesse,délicieux,Montrée,Joie,word,délicieux,SitEmo
LitteratureJeunesse,!,Suggérée,Joie,punctuation,!,SitEmo
LitteratureJeunesse,dévorant,Comportementale,Joie,word,dévorant,SitEmo
LitteratureJeunesse,préfère se gaver de pain,Suggérée,Tristesse,word,préfère,SitEmo
LitteratureJeunesse,préfère se gaver de pain,Suggérée,Tristesse,word,gaver,SitEmo
LitteratureJeunesse,préfère se gaver de pain,Suggérée,Tristesse,word,pain,SitEmo
LitteratureJeunesse,d'accord,Suggérée,Joie,word,d'accord,SitEmo
LitteratureJeunesse,d'accord,Suggérée,Joie,punctuation,',SitEmo
LitteratureJeunesse,trop stupide,Suggérée,Tristesse,word,stupide,SitEmo
LitteratureJeunesse,trop stupide,Suggérée,Colère,word,stupide,SitEmo
LitteratureJeunesse,pour l'occasion,Suggérée,Joie,word,l'occasion,SitEmo
LitteratureJeunesse,pour l'occasion,Suggérée,Fierté,word,l'occasion,SitEmo
LitteratureJeunesse,pour l'occasion,Suggérée,Joie,punctuation,',SitEmo
LitteratureJeunesse,pour l'occasion,Suggérée,Fierté,punctuation,',SitEmo
LitteratureJeunesse,maladresse,Suggérée,Embarras,word,maladresse,SitEmo
LitteratureJeunesse,tente,Suggérée,Embarras,word,tente,SitEmo
LitteratureJeunesse,rate,Suggérée,Embarras,word,rate,SitEmo
LitteratureJeunesse,rate,Suggérée,Tristesse,word,rate,SitEmo
LitteratureJeunesse,applaudissent,Suggérée,Joie,word,applaudissent,SitEmo
LitteratureJeunesse,admiration,Désignée,Admiration,word,admiration,SitEmo
LitteratureJeunesse,voudrait reste avec eux toute sa vie,Suggérée,Joie,word,voudrait,SitEmo
LitteratureJeunesse,voudrait reste avec eux toute sa vie,Suggérée,Joie,word,reste,SitEmo
LitteratureJeunesse,voudrait reste avec eux toute sa vie,Suggérée,Joie,word,vie,SitEmo
LitteratureJeunesse,on ne lui demande rien,Montrée,Tristesse,word,demande,SitEmo
LitteratureJeunesse,étonné,Désignée,Surprise,word,étonné,SitEmo
LitteratureJeunesse,rétorque,Comportementale,Fierté,word,rétorque,SitEmo
LitteratureJeunesse,il faut tout d'abord,Montrée,Joie,word,faut,SitEmo
LitteratureJeunesse,il faut tout d'abord,Montrée,Joie,word,d'abord,SitEmo
LitteratureJeunesse,il faut tout d'abord,Montrée,Joie,punctuation,',SitEmo
LitteratureJeunesse,gaie,Suggérée,Joie,word,gaie,SitEmo
LitteratureJeunesse,surtout,Montrée,Colère,word,surtout,SitEmo
LitteratureJeunesse,il ne suffit pas,Montrée,Colère,word,suffit,SitEmo
LitteratureJeunesse,même si ; je n'y goûterais pas,Montrée,Dégoût,word,n'y,SitEmo
LitteratureJeunesse,même si ; je n'y goûterais pas,Montrée,Dégoût,word,goûterais,SitEmo
LitteratureJeunesse,même si ; je n'y goûterais pas,Montrée,Dégoût,punctuation,;,SitEmo
LitteratureJeunesse,même si ; je n'y goûterais pas,Montrée,Dégoût,punctuation,',SitEmo
LitteratureJeunesse,se taisent,Comportementale,Surprise,word,taisent,SitEmo
LitteratureJeunesse,béat d'admiration,Comportementale,Admiration,word,béat,SitEmo
LitteratureJeunesse,béat d'admiration,Comportementale,Admiration,word,d'admiration,SitEmo
LitteratureJeunesse,béat d'admiration,Comportementale,Admiration,punctuation,',SitEmo
LitteratureJeunesse,étonné,Comportementale,Surprise,word,étonné,SitEmo
LitteratureJeunesse,super,Montrée,Joie,word,super,SitEmo
LitteratureJeunesse,maudite punition,Suggérée,Colère,word,maudite,SitEmo
LitteratureJeunesse,maudite punition,Suggérée,Colère,word,punition,SitEmo
LitteratureJeunesse,sourires,Comportementale,Joie,word,sourires,SitEmo
LitteratureJeunesse,sourires,Comportementale,Embarras,word,sourires,SitEmo
LitteratureJeunesse,...,Montrée,Tristesse,punctuation,…,SitEmo
LitteratureJeunesse,se réveille surprise,Comportementale,Surprise,word,réveille,SitEmo
LitteratureJeunesse,se réveille surprise,Comportementale,Surprise,word,surprise,SitEmo
LitteratureJeunesse,réveille,Suggérée,Colère,word,réveille,SitEmo
LitteratureJeunesse,pyjama party,Suggérée,Joie,word,pyjama,SitEmo
LitteratureJeunesse,pyjama party,Suggérée,Joie,word,party,SitEmo
LitteratureJeunesse,incroyable,Montrée,Surprise,word,incroyable,SitEmo
LitteratureJeunesse,adore,Suggérée,Joie,word,adore,SitEmo
LitteratureJeunesse,interrompt,Suggérée,Surprise,word,interrompt,SitEmo
LitteratureJeunesse,adore ; spectacles,Suggérée,Joie,word,adore,SitEmo
LitteratureJeunesse,adore ; spectacles,Suggérée,Joie,word,spectacles,SitEmo
LitteratureJeunesse,adore ; spectacles,Suggérée,Joie,punctuation,;,SitEmo
LitteratureJeunesse,aimerait ; mais,Suggérée,Tristesse,word,aimerait,SitEmo
LitteratureJeunesse,aimerait ; mais,Suggérée,Tristesse,punctuation,;,SitEmo
LitteratureJeunesse,On... on,Montrée,Embarras,punctuation,…,SitEmo
LitteratureJeunesse,Mais ; il doit,Suggérée,Tristesse,punctuation,;,SitEmo
LitteratureJeunesse,un petit bisou tendre,Suggérée,Joie,word,petit,SitEmo
LitteratureJeunesse,un petit bisou tendre,Suggérée,Joie,word,bisou,SitEmo
LitteratureJeunesse,un petit bisou tendre,Suggérée,Joie,word,tendre,SitEmo
LitteratureJeunesse,ne va-t-il pas trop tousser,Suggérée,Peur,word,va-t-il,SitEmo
LitteratureJeunesse,ne va-t-il pas trop tousser,Suggérée,Peur,word,tousser,SitEmo
LitteratureJeunesse,ne va-t-il pas trop tousser,Suggérée,Peur,punctuation,-,SitEmo
LitteratureJeunesse,ne va-t-il pas trop tousser,Suggérée,Peur,punctuation,-,SitEmo
LitteratureJeunesse,ne permet pas+de s’expliquer,Suggérée,Tristesse,word,permet,SitEmo
LitteratureJeunesse,ne permet pas+de s’expliquer,Suggérée,Tristesse,word,expliquer,SitEmo
LitteratureJeunesse,son problème,Suggérée,Tristesse,word,problème,SitEmo
LitteratureJeunesse,joyeusement,Désignée,Joie,word,joyeusement,SitEmo
LitteratureJeunesse,!,Montrée,Joie,punctuation,!,SitEmo
LitteratureJeunesse,n'en revient pas,Suggérée,Surprise,word,n'en,SitEmo
LitteratureJeunesse,n'en revient pas,Suggérée,Surprise,word,revient,SitEmo
LitteratureJeunesse,n'en revient pas,Suggérée,Surprise,punctuation,',SitEmo
LitteratureJeunesse,!,Montrée,Joie,punctuation,!,SitEmo
LitteratureJeunesse,!,Montrée,Surprise,punctuation,!,SitEmo
LitteratureJeunesse,spectacle ; troupe de ballet,Suggérée,Joie,word,spectacle,SitEmo
LitteratureJeunesse,spectacle ; troupe de ballet,Suggérée,Joie,word,troupe,SitEmo
LitteratureJeunesse,spectacle ; troupe de ballet,Suggérée,Joie,word,ballet,SitEmo
LitteratureJeunesse,spectacle ; troupe de ballet,Suggérée,Joie,punctuation,;,SitEmo
LitteratureJeunesse,!,Montrée,Joie,punctuation,!,SitEmo
LitteratureJeunesse,Oh,Montrée,Joie,word,oh,SitEmo
LitteratureJeunesse,Oh,Montrée,Surprise,word,oh,SitEmo
LitteratureJeunesse,!,Montrée,Joie,punctuation,!,SitEmo
LitteratureJeunesse,électrisée,Désignée,Joie,word,électrisée,SitEmo
LitteratureJeunesse,impatients,Comportementale,Joie,word,impatients,SitEmo
LitteratureJeunesse,étonnés,Désignée,Surprise,word,étonnés,SitEmo
LitteratureJeunesse,éblouis,Désignée,Admiration,word,éblouis,SitEmo
LitteratureJeunesse,épatés,Désignée,Surprise,word,épatés,SitEmo
LitteratureJeunesse,épatés,Désignée,Admiration,word,épatés,SitEmo
LitteratureJeunesse,ravi,Désignée,Joie,word,ravi,SitEmo
LitteratureJeunesse,oublier les soucis de tous les jours,Suggérée,Joie,word,oublier,SitEmo
LitteratureJeunesse,oublier les soucis de tous les jours,Suggérée,Joie,word,soucis,SitEmo
LitteratureJeunesse,oublier les soucis de tous les jours,Suggérée,Joie,word,jours,SitEmo
LitteratureJeunesse,s'emballe,Comportementale,Joie,word,s'emballe,SitEmo
LitteratureJeunesse,s'emballe,Comportementale,Joie,punctuation,',SitEmo
LitteratureJeunesse,conduite; théâtre,Suggérée,Joie,word,conduite,SitEmo
LitteratureJeunesse,conduite; théâtre,Suggérée,Surprise,word,conduite,SitEmo
LitteratureJeunesse,conduite; théâtre,Suggérée,Joie,word,théâtre,SitEmo
LitteratureJeunesse,conduite; théâtre,Suggérée,Surprise,word,théâtre,SitEmo
LitteratureJeunesse,conduite; théâtre,Suggérée,Joie,punctuation,;,SitEmo
LitteratureJeunesse,conduite; théâtre,Suggérée,Surprise,punctuation,;,SitEmo
LitteratureJeunesse,s'inquiète,Désignée,Peur,word,s'inquiète,SitEmo
LitteratureJeunesse,s'inquiète,Désignée,Tristesse,word,s'inquiète,SitEmo
LitteratureJeunesse,s'inquiète,Désignée,Peur,punctuation,',SitEmo
LitteratureJeunesse,s'inquiète,Désignée,Tristesse,punctuation,',SitEmo
LitteratureJeunesse,la pauvre,Montrée,Tristesse,word,pauvre,SitEmo
LitteratureJeunesse,!,Montrée,Tristesse,punctuation,!,SitEmo
LitteratureJeunesse,tellement,Montrée,Admiration,word,tellement,SitEmo
LitteratureJeunesse,!,Montrée,Admiration,punctuation,!,SitEmo
LitteratureJeunesse,merveilleux,Désignée,Admiration,word,merveilleux,SitEmo
LitteratureJeunesse,rideau ; tomber,Suggérée,Tristesse,word,rideau,SitEmo
LitteratureJeunesse,rideau ; tomber,Suggérée,Tristesse,word,tomber,SitEmo
LitteratureJeunesse,rideau ; tomber,Suggérée,Tristesse,punctuation,;,SitEmo
LitteratureJeunesse,!,Montrée,Surprise,punctuation,!,SitEmo
LitteratureJeunesse,rêve,Suggérée,Joie,word,rêve,SitEmo
LitteratureJeunesse,magie,Suggérée,Joie,word,magie,SitEmo
LitteratureJeunesse,émerveillée,Désignée,Joie,word,émerveillée,SitEmo
LitteratureJeunesse,émerveillée,Désignée,Admiration,word,émerveillée,SitEmo
LitteratureJeunesse,disparaissent,Suggérée,Tristesse,word,disparaissent,SitEmo
LitteratureJeunesse,triste,Désignée,Tristesse,word,triste,SitEmo
LitteratureJeunesse,pas vraiment fin,Suggérée,Tristesse,word,vraiment,SitEmo
LitteratureJeunesse,pas vraiment fin,Suggérée,Tristesse,word,fin,SitEmo
LitteratureJeunesse,s'étonne,Désignée,Surprise,word,s'étonne,SitEmo
LitteratureJeunesse,s'étonne,Désignée,Surprise,punctuation,',SitEmo
LitteratureJeunesse,!,Montrée,Surprise,punctuation,!,SitEmo
LitteratureJeunesse,Ah,Montrée,Surprise,word,ah,SitEmo
LitteratureJeunesse,voilà,Montrée,Surprise,word,voilà,SitEmo
LitteratureJeunesse,!,Montrée,Surprise,punctuation,!,SitEmo
LitteratureJeunesse,n'en croit pas ses yeux,Suggérée,Surprise,word,n'en,SitEmo
LitteratureJeunesse,n'en croit pas ses yeux,Suggérée,Joie,word,n'en,SitEmo
LitteratureJeunesse,n'en croit pas ses yeux,Suggérée,Surprise,word,croit,SitEmo
LitteratureJeunesse,n'en croit pas ses yeux,Suggérée,Joie,word,croit,SitEmo
LitteratureJeunesse,n'en croit pas ses yeux,Suggérée,Surprise,word,yeux,SitEmo
LitteratureJeunesse,n'en croit pas ses yeux,Suggérée,Joie,word,yeux,SitEmo
LitteratureJeunesse,n'en croit pas ses yeux,Suggérée,Surprise,punctuation,',SitEmo
LitteratureJeunesse,n'en croit pas ses yeux,Suggérée,Joie,punctuation,',SitEmo
LitteratureJeunesse,sourit,Comportementale,Joie,word,sourit,SitEmo
LitteratureJeunesse,s'amuse,Désignée,Joie,word,s'amuse,SitEmo
LitteratureJeunesse,s'amuse,Désignée,Joie,punctuation,',SitEmo
LitteratureJeunesse,timidement,Désignée,Embarras,word,timidement,SitEmo
LitteratureJeunesse,timidement,Désignée,Peur,word,timidement,SitEmo
LitteratureJeunesse,croit rêver,Suggérée,Joie,word,croit,SitEmo
LitteratureJeunesse,croit rêver,Suggérée,Joie,word,rêver,SitEmo
LitteratureJeunesse,...,Montrée,Embarras,punctuation,…,SitEmo
LitteratureJeunesse,ne sait pas comment lui répondre,Suggérée,Embarras,word,sait,SitEmo
LitteratureJeunesse,ne sait pas comment lui répondre,Suggérée,Embarras,word,comment,SitEmo
LitteratureJeunesse,ne sait pas comment lui répondre,Suggérée,Embarras,word,répondre,SitEmo
LitteratureJeunesse,impressionnés,Désignée,Admiration,word,impressionnés,SitEmo
LitteratureJeunesse,impressionnés,Désignée,Surprise,word,impressionnés,SitEmo
LitteratureJeunesse,...,Montrée,Tristesse,punctuation,…,SitEmo
LitteratureJeunesse,!,Montrée,Joie,punctuation,!,SitEmo
LitteratureJeunesse,Viens,Montrée,Joie,word,viens,SitEmo
LitteratureJeunesse,!,Montrée,Joie,punctuation,!,SitEmo
LitteratureJeunesse,!,Montrée,Surprise,punctuation,!,SitEmo
LitteratureJeunesse,l’heure de se séparer,Suggérée,Tristesse,word,heure,SitEmo
LitteratureJeunesse,l’heure de se séparer,Suggérée,Tristesse,word,séparer,SitEmo
LitteratureJeunesse,déçue,Désignée,Tristesse,word,déçue,SitEmo
LitteratureJeunesse,!,Montrée,Tristesse,punctuation,!,SitEmo
LitteratureJeunesse,tout est en anglais,Suggérée,Tristesse,word,anglais,SitEmo
LitteratureJeunesse,fun,Désignée,Joie,word,fun,SitEmo
LitteratureJeunesse,!,Montrée,Joie,punctuation,!,SitEmo
LitteratureJeunesse,sait exactement à qui demander,Suggérée,Joie,word,sait,SitEmo
LitteratureJeunesse,sait exactement à qui demander,Suggérée,Joie,word,exactement,SitEmo
LitteratureJeunesse,sait exactement à qui demander,Suggérée,Joie,word,demander,SitEmo
LitteratureJeunesse,Heureusement,Montrée,Joie,word,heureusement,SitEmo
LitteratureJeunesse,le ballet ne finisse jamais,Suggérée,Joie,word,ballet,SitEmo
LitteratureJeunesse,le ballet ne finisse jamais,Suggérée,Joie,word,finisse,SitEmo
LitteratureJeunesse,entraine,Comportementale,Joie,word,entraine,SitEmo
LitteratureJeunesse,ne bougerait pour rien au monde,Suggérée,Joie,word,bougerait,SitEmo
LitteratureJeunesse,ne bougerait pour rien au monde,Suggérée,Joie,word,monde,SitEmo
LitteratureJeunesse,a une idée,Suggérée,Joie,word,idée,SitEmo
LitteratureJeunesse,Merci,Montrée,Joie,word,merci,SitEmo
LitteratureJeunesse,...,Montrée,Embarras,punctuation,…,SitEmo
LitteratureJeunesse,euh,Montrée,Embarras,word,euh,SitEmo
LitteratureJeunesse,...,Montrée,Embarras,punctuation,…,SitEmo
LitteratureJeunesse,Thank you,Suggérée,Joie,word,thank,SitEmo
LitteratureJeunesse,Thank you,Suggérée,Joie,word,you,SitEmo
LitteratureJeunesse,!,Montrée,Joie,punctuation,!,SitEmo
LitteratureJeunesse,saute sur,Comportementale,Joie,word,saute,SitEmo
LitteratureJeunesse,"s’il te plait, please, please",Montrée,Joie,word,plait,SitEmo
LitteratureJeunesse,"s’il te plait, please, please",Montrée,Joie,word,please,SitEmo
LitteratureJeunesse,"s’il te plait, please, please",Montrée,Joie,word,please,SitEmo
LitteratureJeunesse,"s’il te plait, please, please",Montrée,Joie,punctuation,",",SitEmo
LitteratureJeunesse,"s’il te plait, please, please",Montrée,Joie,punctuation,",",SitEmo
LitteratureJeunesse,chouette,Désignée,Joie,word,chouette,SitEmo
LitteratureJeunesse,!,Montrée,Admiration,punctuation,!,SitEmo
LitteratureJeunesse,Viens à New York,Suggérée,Joie,word,viens,SitEmo
LitteratureJeunesse,Viens à New York,Suggérée,Joie,word,new,SitEmo
LitteratureJeunesse,Viens à New York,Suggérée,Joie,word,york,SitEmo
LitteratureJeunesse,!,Montrée,Joie,punctuation,!,SitEmo
LitteratureJeunesse,est sur un petit nuage,Suggérée,Joie,word,petit,SitEmo
LitteratureJeunesse,est sur un petit nuage,Suggérée,Joie,word,nuage,SitEmo
LitteratureJeunesse,va pouvoir correspondre avec un danseur de la troupe Alvin Ailey,Suggérée,Joie,word,correspondre,SitEmo
LitteratureJeunesse,va pouvoir correspondre avec un danseur de la troupe Alvin Ailey,Suggérée,Joie,word,danseur,SitEmo
LitteratureJeunesse,va pouvoir correspondre avec un danseur de la troupe Alvin Ailey,Suggérée,Joie,word,troupe,SitEmo
LitteratureJeunesse,va pouvoir correspondre avec un danseur de la troupe Alvin Ailey,Suggérée,Joie,word,alvin,SitEmo
LitteratureJeunesse,va pouvoir correspondre avec un danseur de la troupe Alvin Ailey,Suggérée,Joie,word,ailey,SitEmo
LitteratureJeunesse,!,Montrée,Joie,punctuation,!,SitEmo
LitteratureJeunesse,ne parle pas anglais,Suggérée,Tristesse,word,parle,SitEmo
LitteratureJeunesse,ne parle pas anglais,Suggérée,Tristesse,word,anglais,SitEmo
LitteratureJeunesse,!,Montrée,Tristesse,punctuation,!,SitEmo
LitteratureJeunesse,Comment faire ?,Montrée,Tristesse,word,comment,SitEmo
LitteratureJeunesse,Comment faire ?,Montrée,Tristesse,punctuation,?,SitEmo
LitteratureJeunesse,Elisa faisait la sourde oreille,Suggérée,Colère,word,elisa,SitEmo
LitteratureJeunesse,Elisa faisait la sourde oreille,Suggérée,Colère,word,faisait,SitEmo
LitteratureJeunesse,Elisa faisait la sourde oreille,Suggérée,Colère,word,sourde,SitEmo
LitteratureJeunesse,Elisa faisait la sourde oreille,Suggérée,Colère,word,oreille,SitEmo
LitteratureJeunesse,absolument,Montrée,Joie,word,absolument,SitEmo
LitteratureJeunesse,beaucoup chance,Suggérée,Joie,word,beaucoup,SitEmo
LitteratureJeunesse,beaucoup chance,Suggérée,Joie,word,chance,SitEmo
LitteratureJeunesse,...,Montrée,Surprise,punctuation,…,SitEmo
LitteratureJeunesse,...,Montrée,Joie,punctuation,…,SitEmo
LitteratureJeunesse,!,Montrée,Joie,punctuation,!,SitEmo
LitteratureJeunesse,critique,Comportementale,Colère,word,critique,SitEmo
LitteratureJeunesse,!,Montrée,Colère,punctuation,!,SitEmo
LitteratureJeunesse,Il faudrait savoir,Montrée,Colère,word,faudrait,SitEmo
LitteratureJeunesse,Il faudrait savoir,Montrée,Colère,word,savoir,SitEmo
LitteratureJeunesse,l'aider à progresser,Suggérée,Joie,word,l'aider,SitEmo
LitteratureJeunesse,l'aider à progresser,Suggérée,Joie,word,progresser,SitEmo
LitteratureJeunesse,l'aider à progresser,Suggérée,Joie,punctuation,',SitEmo
LitteratureJeunesse,c’est l’heure d’aller à l’école,Suggérée,Tristesse,word,heure,SitEmo
LitteratureJeunesse,c’est l’heure d’aller à l’école,Suggérée,Tristesse,word,école,SitEmo
LitteratureJeunesse,!,Montrée,Tristesse,punctuation,!,SitEmo
LitteratureJeunesse,se récite le mot,Comportementale,Joie,word,récite,SitEmo
LitteratureJeunesse,se récite le mot,Comportementale,Joie,word,mot,SitEmo
LitteratureJeunesse,danseront ensemble ; plus grande scènes du monde,Suggérée,Joie,word,danseront,SitEmo
LitteratureJeunesse,danseront ensemble ; plus grande scènes du monde,Suggérée,Joie,word,ensemble,SitEmo
LitteratureJeunesse,danseront ensemble ; plus grande scènes du monde,Suggérée,Joie,word,grande,SitEmo
LitteratureJeunesse,danseront ensemble ; plus grande scènes du monde,Suggérée,Joie,word,scènes,SitEmo
LitteratureJeunesse,danseront ensemble ; plus grande scènes du monde,Suggérée,Joie,word,monde,SitEmo
LitteratureJeunesse,danseront ensemble ; plus grande scènes du monde,Suggérée,Joie,punctuation,;,SitEmo
LitteratureJeunesse,!,Montrée,Joie,punctuation,!,SitEmo
LitteratureJeunesse,!,Montrée,Fierté,punctuation,!,SitEmo
LitteratureJeunesse,frimer,Désignée,Joie,word,frimer,SitEmo
LitteratureJeunesse,frimer,Désignée,Fierté,word,frimer,SitEmo
LitteratureJeunesse,!,Montrée,Joie,punctuation,!,SitEmo
LitteratureJeunesse,!,Montrée,Fierté,punctuation,!,SitEmo
LitteratureJeunesse,Ouais,Montrée,Dégoût,word,ouais,SitEmo
LitteratureJeunesse,!,Montrée,Dégoût,punctuation,!,SitEmo
LitteratureJeunesse,plaisante,Désignée,Joie,word,plaisante,SitEmo
LitteratureJeunesse,!,Montrée,Joie,punctuation,!,SitEmo
LitteratureJeunesse,aucune ne connaît,Suggérée,Tristesse,word,aucune,SitEmo
LitteratureJeunesse,aucune ne connaît,Suggérée,Tristesse,word,connaît,SitEmo
LitteratureJeunesse,merci,Montrée,Joie,word,merci,SitEmo
LitteratureJeunesse,parfaits ; musclés ; gracieux ; contrôlés,Suggérée,Admiration,word,parfaits,SitEmo
LitteratureJeunesse,parfaits ; musclés ; gracieux ; contrôlés,Suggérée,Admiration,word,musclés,SitEmo
LitteratureJeunesse,parfaits ; musclés ; gracieux ; contrôlés,Suggérée,Admiration,word,gracieux,SitEmo
LitteratureJeunesse,parfaits ; musclés ; gracieux ; contrôlés,Suggérée,Admiration,word,contrôlés,SitEmo
LitteratureJeunesse,parfaits ; musclés ; gracieux ; contrôlés,Suggérée,Admiration,punctuation,;,SitEmo
LitteratureJeunesse,parfaits ; musclés ; gracieux ; contrôlés,Suggérée,Admiration,punctuation,;,SitEmo
LitteratureJeunesse,parfaits ; musclés ; gracieux ; contrôlés,Suggérée,Admiration,punctuation,;,SitEmo
LitteratureJeunesse,voire en quatre,Montrée,Admiration,word,voire,SitEmo
LitteratureJeunesse,voire en quatre,Montrée,Admiration,word,quatre,SitEmo
LitteratureJeunesse,Mais malgré,Montrée,Tristesse,word,malgré,SitEmo
LitteratureJeunesse,applaudissements,Suggérée,Joie,word,applaudissements,SitEmo
LitteratureJeunesse,malgré,Montrée,Tristesse,word,malgré,SitEmo
LitteratureJeunesse,déjà,Montrée,Surprise,word,déjà,SitEmo
LitteratureJeunesse,insiste,Comportementale,Joie,word,insiste,SitEmo
LitteratureJeunesse,Entrez,Montrée,Joie,word,entrez,SitEmo
LitteratureJeunesse,!,Montrée,Joie,punctuation,!,SitEmo
LitteratureJeunesse,!,Montrée,Surprise,punctuation,!,SitEmo
LitteratureJeunesse,!,Montrée,Joie,punctuation,!,SitEmo
LitteratureJeunesse,fascinée,Désignée,Admiration,word,fascinée,SitEmo
LitteratureJeunesse,fascinée,Désignée,Joie,word,fascinée,SitEmo
LitteratureJeunesse,good,Suggérée,Admiration,word,good,SitEmo
LitteratureJeunesse,!,Montrée,Joie,punctuation,!,SitEmo
LitteratureJeunesse,Come to New York,Montrée,Joie,word,come,SitEmo
LitteratureJeunesse,Come to New York,Montrée,Joie,word,to,SitEmo
LitteratureJeunesse,Come to New York,Montrée,Joie,word,new,SitEmo
LitteratureJeunesse,Come to New York,Montrée,Joie,word,york,SitEmo
LitteratureJeunesse,!,Montrée,Joie,punctuation,!,SitEmo
LitteratureJeunesse,partant,Suggérée,Joie,word,partant,SitEmo
LitteratureJeunesse,Tu ne devineras jamais,Montrée,Joie,word,devineras,SitEmo
LitteratureJeunesse,Tu ne devineras jamais,Montrée,Fierté,word,devineras,SitEmo
LitteratureJeunesse,dansé avec la troupe Alvin Ailey,Suggérée,Joie,word,dansé,SitEmo
LitteratureJeunesse,dansé avec la troupe Alvin Ailey,Suggérée,Fierté,word,dansé,SitEmo
LitteratureJeunesse,dansé avec la troupe Alvin Ailey,Suggérée,Joie,word,troupe,SitEmo
LitteratureJeunesse,dansé avec la troupe Alvin Ailey,Suggérée,Fierté,word,troupe,SitEmo
LitteratureJeunesse,dansé avec la troupe Alvin Ailey,Suggérée,Joie,word,alvin,SitEmo
LitteratureJeunesse,dansé avec la troupe Alvin Ailey,Suggérée,Fierté,word,alvin,SitEmo
LitteratureJeunesse,dansé avec la troupe Alvin Ailey,Suggérée,Joie,word,ailey,SitEmo
LitteratureJeunesse,dansé avec la troupe Alvin Ailey,Suggérée,Fierté,word,ailey,SitEmo
LitteratureJeunesse,Ah,Montrée,Surprise,word,ah,SitEmo
LitteratureJeunesse,quelle chance,Montrée,Joie,word,quelle,SitEmo
LitteratureJeunesse,quelle chance,Montrée,Joie,word,chance,SitEmo
LitteratureJeunesse,...,Montrée,Tristesse,punctuation,…,SitEmo
LitteratureJeunesse,bien dansé avec la troupe,Suggérée,Joie,word,dansé,SitEmo
LitteratureJeunesse,bien dansé avec la troupe,Suggérée,Joie,word,troupe,SitEmo
LitteratureJeunesse,!,Montrée,Joie,punctuation,!,SitEmo
LitteratureJeunesse,!,Montrée,Fierté,punctuation,!,SitEmo
LitteratureJeunesse,carrément,Montrée,Joie,word,carrément,SitEmo
LitteratureJeunesse,carrément,Montrée,Fierté,word,carrément,SitEmo
LitteratureJeunesse,!,Montrée,Joie,punctuation,!,SitEmo
LitteratureJeunesse,!,Montrée,Fierté,punctuation,!,SitEmo
LitteratureJeunesse,se précipite,Comportementale,Joie,word,précipite,SitEmo
LitteratureJeunesse,évidemment,Montrée,Tristesse,word,évidemment,SitEmo
LitteratureJeunesse,évidemment,Montrée,Colère,word,évidemment,SitEmo
LitteratureJeunesse,tout est en anglais,Suggérée,Tristesse,word,anglais,SitEmo
LitteratureJeunesse,tout est en anglais,Suggérée,Colère,word,anglais,SitEmo
LitteratureJeunesse,joie,Désignée,Joie,word,joie,SitEmo
LitteratureJeunesse,il y a des stages de danse pour les enfants,Suggérée,Joie,word,stages,SitEmo
LitteratureJeunesse,il y a des stages de danse pour les enfants,Suggérée,Joie,word,danse,SitEmo
LitteratureJeunesse,il y a des stages de danse pour les enfants,Suggérée,Joie,word,enfants,SitEmo
LitteratureJeunesse,court annoncer la nouvelle,Comportementale,Joie,word,court,SitEmo
LitteratureJeunesse,court annoncer la nouvelle,Comportementale,Joie,word,annoncer,SitEmo
LitteratureJeunesse,court annoncer la nouvelle,Comportementale,Joie,word,nouvelle,SitEmo
LitteratureJeunesse,s'enthousiasme,Désignée,Joie,word,s'enthousiasme,SitEmo
LitteratureJeunesse,s'enthousiasme,Désignée,Joie,punctuation,',SitEmo
LitteratureJeunesse,!,Montrée,Joie,punctuation,!,SitEmo
LitteratureJeunesse,stage de danse à New York,Suggérée,Joie,word,stage,SitEmo
LitteratureJeunesse,stage de danse à New York,Suggérée,Joie,word,danse,SitEmo
LitteratureJeunesse,stage de danse à New York,Suggérée,Joie,word,new,SitEmo
LitteratureJeunesse,stage de danse à New York,Suggérée,Joie,word,york,SitEmo
LitteratureJeunesse,s'inquiète,Désignée,Peur,word,s'inquiète,SitEmo
LitteratureJeunesse,s'inquiète,Désignée,Peur,punctuation,',SitEmo
LitteratureJeunesse,panique,Désignée,Peur,word,panique,SitEmo
LitteratureJeunesse,ne comprend rien de ce que les professeurs lui demandent,Suggérée,Peur,word,comprend,SitEmo
LitteratureJeunesse,ne comprend rien de ce que les professeurs lui demandent,Suggérée,Peur,word,professeurs,SitEmo
LitteratureJeunesse,ne comprend rien de ce que les professeurs lui demandent,Suggérée,Peur,word,demandent,SitEmo
LitteratureJeunesse,ne pourra jamais faire ce stage de rêve,Suggérée,Peur,word,pourra,SitEmo
LitteratureJeunesse,ne pourra jamais faire ce stage de rêve,Suggérée,Tristesse,word,pourra,SitEmo
LitteratureJeunesse,ne pourra jamais faire ce stage de rêve,Suggérée,Peur,word,stage,SitEmo
LitteratureJeunesse,ne pourra jamais faire ce stage de rêve,Suggérée,Tristesse,word,stage,SitEmo
LitteratureJeunesse,ne pourra jamais faire ce stage de rêve,Suggérée,Peur,word,rêve,SitEmo
LitteratureJeunesse,ne pourra jamais faire ce stage de rêve,Suggérée,Tristesse,word,rêve,SitEmo
LitteratureJeunesse,Pfff,Montrée,Tristesse,word,pfff,SitEmo
LitteratureJeunesse,se lamente,Comportementale,Tristesse,word,lamente,SitEmo
LitteratureJeunesse,froisse son troisième brouillon,Comportementale,Tristesse,word,froisse,SitEmo
LitteratureJeunesse,froisse son troisième brouillon,Comportementale,Tristesse,word,troisième,SitEmo
LitteratureJeunesse,froisse son troisième brouillon,Comportementale,Tristesse,word,brouillon,SitEmo
LitteratureJeunesse,Encore ; phénoménal ; fabuleux,Montrée,Joie,word,encore,SitEmo
LitteratureJeunesse,Encore ; phénoménal ; fabuleux,Montrée,Joie,word,phénoménal,SitEmo
LitteratureJeunesse,Encore ; phénoménal ; fabuleux,Montrée,Joie,word,fabuleux,SitEmo
LitteratureJeunesse,Encore ; phénoménal ; fabuleux,Montrée,Joie,punctuation,;,SitEmo
LitteratureJeunesse,Encore ; phénoménal ; fabuleux,Montrée,Joie,punctuation,;,SitEmo
LitteratureJeunesse,!,Montrée,Joie,punctuation,!,SitEmo
LitteratureJeunesse,Eh bien,Montrée,Tristesse,word,eh,SitEmo
LitteratureJeunesse,frustrant,Désignée,Tristesse,word,frustrant,SitEmo
LitteratureJeunesse,frustrant,Désignée,Colère,word,frustrant,SitEmo
LitteratureJeunesse,s'empresse,Comportementale,Joie,word,s'empresse,SitEmo
LitteratureJeunesse,s'empresse,Comportementale,Joie,punctuation,',SitEmo
LitteratureJeunesse,Bon,Montrée,Joie,word,bon,SitEmo
LitteratureJeunesse,Bon,Montrée,Peur,word,bon,SitEmo
LitteratureJeunesse,...,Montrée,Peur,punctuation,…,SitEmo
LitteratureJeunesse,a une idée,Suggérée,Joie,word,idée,SitEmo
LitteratureJeunesse,très douée,Suggérée,Joie,word,douée,SitEmo
LitteratureJeunesse,très douée,Suggérée,Fierté,word,douée,SitEmo
LitteratureJeunesse,c'est ça,Montrée,Dégoût,word,c'est,SitEmo
LitteratureJeunesse,c'est ça,Montrée,Dégoût,punctuation,',SitEmo
LitteratureJeunesse,!,Montrée,Joie,punctuation,!,SitEmo
LitteratureJeunesse,Décidément,Montrée,Tristesse,word,décidément,SitEmo
LitteratureJeunesse,douée,Suggérée,Joie,word,douée,SitEmo
LitteratureJeunesse,douée,Suggérée,Fierté,word,douée,SitEmo
LitteratureJeunesse,génial,Désignée,Joie,word,génial,SitEmo
LitteratureJeunesse,Mais ça doit être très cher,Suggérée,Peur,word,cher,SitEmo
LitteratureJeunesse,panique,Comportementale,Peur,word,panique,SitEmo
LitteratureJeunesse,Oh non,Montrée,Tristesse,word,oh,SitEmo
LitteratureJeunesse,Oh non,Montrée,Surprise,word,oh,SitEmo
LitteratureJeunesse,!,Montrée,Tristesse,punctuation,!,SitEmo
LitteratureJeunesse,!,Montrée,Surprise,punctuation,!,SitEmo
LitteratureJeunesse,parle très bien,Suggérée,Admiration,word,parle,SitEmo
LitteratureJeunesse,réfléchit ; à tout ce qu'il faut pour ; la vie ; être danseur ; cuisiner ; être humain,Suggérée,Tristesse,word,réfléchit,SitEmo
LitteratureJeunesse,réfléchit ; à tout ce qu'il faut pour ; la vie ; être danseur ; cuisiner ; être humain,Suggérée,Peur,word,réfléchit,SitEmo
LitteratureJeunesse,réfléchit ; à tout ce qu'il faut pour ; la vie ; être danseur ; cuisiner ; être humain,Suggérée,Tristesse,word,qu'il,SitEmo
LitteratureJeunesse,réfléchit ; à tout ce qu'il faut pour ; la vie ; être danseur ; cuisiner ; être humain,Suggérée,Peur,word,qu'il,SitEmo
LitteratureJeunesse,réfléchit ; à tout ce qu'il faut pour ; la vie ; être danseur ; cuisiner ; être humain,Suggérée,Tristesse,word,faut,SitEmo
LitteratureJeunesse,réfléchit ; à tout ce qu'il faut pour ; la vie ; être danseur ; cuisiner ; être humain,Suggérée,Peur,word,faut,SitEmo
LitteratureJeunesse,réfléchit ; à tout ce qu'il faut pour ; la vie ; être danseur ; cuisiner ; être humain,Suggérée,Tristesse,word,vie,SitEmo
LitteratureJeunesse,réfléchit ; à tout ce qu'il faut pour ; la vie ; être danseur ; cuisiner ; être humain,Suggérée,Peur,word,vie,SitEmo
LitteratureJeunesse,réfléchit ; à tout ce qu'il faut pour ; la vie ; être danseur ; cuisiner ; être humain,Suggérée,Tristesse,word,danseur,SitEmo
LitteratureJeunesse,réfléchit ; à tout ce qu'il faut pour ; la vie ; être danseur ; cuisiner ; être humain,Suggérée,Peur,word,danseur,SitEmo
LitteratureJeunesse,réfléchit ; à tout ce qu'il faut pour ; la vie ; être danseur ; cuisiner ; être humain,Suggérée,Tristesse,word,cuisiner,SitEmo
LitteratureJeunesse,réfléchit ; à tout ce qu'il faut pour ; la vie ; être danseur ; cuisiner ; être humain,Suggérée,Peur,word,cuisiner,SitEmo
LitteratureJeunesse,réfléchit ; à tout ce qu'il faut pour ; la vie ; être danseur ; cuisiner ; être humain,Suggérée,Tristesse,word,humain,SitEmo
LitteratureJeunesse,réfléchit ; à tout ce qu'il faut pour ; la vie ; être danseur ; cuisiner ; être humain,Suggérée,Peur,word,humain,SitEmo
LitteratureJeunesse,réfléchit ; à tout ce qu'il faut pour ; la vie ; être danseur ; cuisiner ; être humain,Suggérée,Tristesse,punctuation,;,SitEmo
LitteratureJeunesse,réfléchit ; à tout ce qu'il faut pour ; la vie ; être danseur ; cuisiner ; être humain,Suggérée,Peur,punctuation,;,SitEmo
LitteratureJeunesse,réfléchit ; à tout ce qu'il faut pour ; la vie ; être danseur ; cuisiner ; être humain,Suggérée,Tristesse,punctuation,',SitEmo
LitteratureJeunesse,réfléchit ; à tout ce qu'il faut pour ; la vie ; être danseur ; cuisiner ; être humain,Suggérée,Peur,punctuation,',SitEmo
LitteratureJeunesse,réfléchit ; à tout ce qu'il faut pour ; la vie ; être danseur ; cuisiner ; être humain,Suggérée,Tristesse,punctuation,;,SitEmo
LitteratureJeunesse,réfléchit ; à tout ce qu'il faut pour ; la vie ; être danseur ; cuisiner ; être humain,Suggérée,Peur,punctuation,;,SitEmo
LitteratureJeunesse,réfléchit ; à tout ce qu'il faut pour ; la vie ; être danseur ; cuisiner ; être humain,Suggérée,Tristesse,punctuation,;,SitEmo
LitteratureJeunesse,réfléchit ; à tout ce qu'il faut pour ; la vie ; être danseur ; cuisiner ; être humain,Suggérée,Peur,punctuation,;,SitEmo
LitteratureJeunesse,réfléchit ; à tout ce qu'il faut pour ; la vie ; être danseur ; cuisiner ; être humain,Suggérée,Tristesse,punctuation,;,SitEmo
LitteratureJeunesse,réfléchit ; à tout ce qu'il faut pour ; la vie ; être danseur ; cuisiner ; être humain,Suggérée,Peur,punctuation,;,SitEmo
LitteratureJeunesse,réfléchit ; à tout ce qu'il faut pour ; la vie ; être danseur ; cuisiner ; être humain,Suggérée,Tristesse,punctuation,;,SitEmo
LitteratureJeunesse,réfléchit ; à tout ce qu'il faut pour ; la vie ; être danseur ; cuisiner ; être humain,Suggérée,Peur,punctuation,;,SitEmo
LitteratureJeunesse,Peut-être qu'il ne faudrait jamais dormir,Suggérée,Tristesse,word,peut-être,SitEmo
LitteratureJeunesse,Peut-être qu'il ne faudrait jamais dormir,Suggérée,Peur,word,peut-être,SitEmo
LitteratureJeunesse,Peut-être qu'il ne faudrait jamais dormir,Suggérée,Tristesse,word,qu'il,SitEmo
LitteratureJeunesse,Peut-être qu'il ne faudrait jamais dormir,Suggérée,Peur,word,qu'il,SitEmo
LitteratureJeunesse,Peut-être qu'il ne faudrait jamais dormir,Suggérée,Tristesse,word,faudrait,SitEmo
LitteratureJeunesse,Peut-être qu'il ne faudrait jamais dormir,Suggérée,Peur,word,faudrait,SitEmo
LitteratureJeunesse,Peut-être qu'il ne faudrait jamais dormir,Suggérée,Tristesse,word,dormir,SitEmo
LitteratureJeunesse,Peut-être qu'il ne faudrait jamais dormir,Suggérée,Peur,word,dormir,SitEmo
LitteratureJeunesse,Peut-être qu'il ne faudrait jamais dormir,Suggérée,Tristesse,punctuation,-,SitEmo
LitteratureJeunesse,Peut-être qu'il ne faudrait jamais dormir,Suggérée,Peur,punctuation,-,SitEmo
LitteratureJeunesse,Peut-être qu'il ne faudrait jamais dormir,Suggérée,Tristesse,punctuation,',SitEmo
LitteratureJeunesse,Peut-être qu'il ne faudrait jamais dormir,Suggérée,Peur,punctuation,',SitEmo
LitteratureJeunesse,aide patiemment à rédiger sa lettre,Suggérée,Joie,word,aide,SitEmo
LitteratureJeunesse,aide patiemment à rédiger sa lettre,Suggérée,Joie,word,patiemment,SitEmo
LitteratureJeunesse,aide patiemment à rédiger sa lettre,Suggérée,Joie,word,rédiger,SitEmo
LitteratureJeunesse,aide patiemment à rédiger sa lettre,Suggérée,Joie,word,lettre,SitEmo
LitteratureJeunesse,être une danseuse noire volant à travers la scène,Suggérée,Joie,word,danseuse,SitEmo
LitteratureJeunesse,être une danseuse noire volant à travers la scène,Suggérée,Fierté,word,danseuse,SitEmo
LitteratureJeunesse,être une danseuse noire volant à travers la scène,Suggérée,Joie,word,noire,SitEmo
LitteratureJeunesse,être une danseuse noire volant à travers la scène,Suggérée,Fierté,word,noire,SitEmo
LitteratureJeunesse,être une danseuse noire volant à travers la scène,Suggérée,Joie,word,volant,SitEmo
LitteratureJeunesse,être une danseuse noire volant à travers la scène,Suggérée,Fierté,word,volant,SitEmo
LitteratureJeunesse,être une danseuse noire volant à travers la scène,Suggérée,Joie,word,travers,SitEmo
LitteratureJeunesse,être une danseuse noire volant à travers la scène,Suggérée,Fierté,word,travers,SitEmo
LitteratureJeunesse,être une danseuse noire volant à travers la scène,Suggérée,Joie,word,scène,SitEmo
LitteratureJeunesse,être une danseuse noire volant à travers la scène,Suggérée,Fierté,word,scène,SitEmo
LitteratureJeunesse,ne manque pas d'animation,Suggérée,Joie,word,manque,SitEmo
LitteratureJeunesse,ne manque pas d'animation,Suggérée,Joie,word,d'animation,SitEmo
LitteratureJeunesse,ne manque pas d'animation,Suggérée,Joie,punctuation,',SitEmo
LitteratureJeunesse,retrouve ; étendue ; morte,Suggérée,Peur,word,retrouve,SitEmo
LitteratureJeunesse,retrouve ; étendue ; morte,Suggérée,Peur,word,étendue,SitEmo
LitteratureJeunesse,retrouve ; étendue ; morte,Suggérée,Peur,word,morte,SitEmo
LitteratureJeunesse,retrouve ; étendue ; morte,Suggérée,Peur,punctuation,;,SitEmo
LitteratureJeunesse,retrouve ; étendue ; morte,Suggérée,Peur,punctuation,;,SitEmo
LitteratureJeunesse,se lève d'un bond,Comportementale,Joie,word,lève,SitEmo
LitteratureJeunesse,se lève d'un bond,Comportementale,Joie,word,d'un,SitEmo
LitteratureJeunesse,se lève d'un bond,Comportementale,Joie,word,bond,SitEmo
LitteratureJeunesse,se lève d'un bond,Comportementale,Joie,punctuation,',SitEmo
LitteratureJeunesse,a réussi à devenir noire,Suggérée,Joie,word,réussi,SitEmo
LitteratureJeunesse,a réussi à devenir noire,Suggérée,Joie,word,devenir,SitEmo
LitteratureJeunesse,a réussi à devenir noire,Suggérée,Joie,word,noire,SitEmo
LitteratureJeunesse,!,Montrée,Tristesse,punctuation,!,SitEmo
LitteratureJeunesse,!,Montrée,Surprise,punctuation,!,SitEmo
LitteratureJeunesse,a mal partout,Suggérée,Tristesse,word,partout,SitEmo
LitteratureJeunesse,!,Montrée,Tristesse,punctuation,!,SitEmo
LitteratureJeunesse,Aïe,Montrée,Tristesse,word,aïe,SitEmo
LitteratureJeunesse,Aïe,Montrée,Colère,word,aïe,SitEmo
LitteratureJeunesse,!,Montrée,Tristesse,punctuation,!,SitEmo
LitteratureJeunesse,!,Montrée,Colère,punctuation,!,SitEmo
LitteratureJeunesse,C'est pas juste,Suggérée,Tristesse,word,c'est,SitEmo
LitteratureJeunesse,C'est pas juste,Suggérée,Colère,word,c'est,SitEmo
LitteratureJeunesse,C'est pas juste,Suggérée,Tristesse,word,juste,SitEmo
LitteratureJeunesse,C'est pas juste,Suggérée,Colère,word,juste,SitEmo
LitteratureJeunesse,C'est pas juste,Suggérée,Tristesse,punctuation,',SitEmo
LitteratureJeunesse,C'est pas juste,Suggérée,Colère,punctuation,',SitEmo
LitteratureJeunesse,!,Montrée,Tristesse,punctuation,!,SitEmo
LitteratureJeunesse,!,Montrée,Colère,punctuation,!,SitEmo
LitteratureJeunesse,chouine,Comportementale,Tristesse,word,chouine,SitEmo
LitteratureJeunesse,chouine,Comportementale,Colère,word,chouine,SitEmo
LitteratureJeunesse,coups de soleil,Suggérée,Tristesse,word,coups,SitEmo
LitteratureJeunesse,coups de soleil,Suggérée,Colère,word,coups,SitEmo
LitteratureJeunesse,coups de soleil,Suggérée,Tristesse,word,soleil,SitEmo
LitteratureJeunesse,coups de soleil,Suggérée,Colère,word,soleil,SitEmo
LitteratureJeunesse,!,Montrée,Tristesse,punctuation,!,SitEmo
LitteratureJeunesse,gaîment,Désignée,Joie,word,gaîment,SitEmo
LitteratureJeunesse,plaisante,Désignée,Joie,word,plaisante,SitEmo
LitteratureJeunesse,!,Montrée,Joie,punctuation,!,SitEmo
LitteratureJeunesse,!,Montrée,Joie,punctuation,!,SitEmo
LitteratureJeunesse,!,Montrée,Joie,punctuation,!,SitEmo
LitteratureJeunesse,Tiens,Montrée,Surprise,word,tiens,SitEmo
LitteratureJeunesse,c'est trop dur,Montrée,Tristesse,word,c'est,SitEmo
LitteratureJeunesse,c'est trop dur,Montrée,Tristesse,word,dur,SitEmo
LitteratureJeunesse,c'est trop dur,Montrée,Tristesse,punctuation,',SitEmo
LitteratureJeunesse,être le seul garçon au milieu de six filles,Suggérée,Tristesse,word,seul,SitEmo
LitteratureJeunesse,être le seul garçon au milieu de six filles,Suggérée,Tristesse,word,garçon,SitEmo
LitteratureJeunesse,être le seul garçon au milieu de six filles,Suggérée,Tristesse,word,milieu,SitEmo
LitteratureJeunesse,être le seul garçon au milieu de six filles,Suggérée,Tristesse,word,six,SitEmo
LitteratureJeunesse,être le seul garçon au milieu de six filles,Suggérée,Tristesse,word,filles,SitEmo
LitteratureJeunesse,encore plus,Montrée,Peur,word,encore,SitEmo
LitteratureJeunesse,Tu nous as sauvées,Suggérée,Joie,word,sauvées,SitEmo
LitteratureJeunesse,!,Montrée,Joie,punctuation,!,SitEmo
LitteratureJeunesse,!,Montrée,Joie,punctuation,!,SitEmo
LitteratureJeunesse,grogne,Comportementale,Colère,word,grogne,SitEmo
LitteratureJeunesse,de toute façon,Montrée,Colère,word,façon,SitEmo
LitteratureJeunesse,Et alors ?,Montrée,Surprise,punctuation,?,SitEmo
LitteratureJeunesse,Et alors ?,Montrée,Colère,punctuation,?,SitEmo
LitteratureJeunesse,!,Montrée,Colère,punctuation,!,SitEmo
LitteratureJeunesse,proteste,Comportementale,Colère,word,proteste,SitEmo
LitteratureJeunesse,plaisante,Désignée,Joie,word,plaisante,SitEmo
LitteratureJeunesse,C'est sûr que,Montrée,Joie,word,c'est,SitEmo
LitteratureJeunesse,C'est sûr que,Montrée,Joie,word,sûr,SitEmo
LitteratureJeunesse,C'est sûr que,Montrée,Joie,punctuation,',SitEmo
LitteratureJeunesse,une nuit horrible,Suggérée,Tristesse,word,nuit,SitEmo
LitteratureJeunesse,une nuit horrible,Suggérée,Tristesse,word,horrible,SitEmo
LitteratureJeunesse,coups de soleil,Suggérée,Tristesse,word,coups,SitEmo
LitteratureJeunesse,coups de soleil,Suggérée,Tristesse,word,soleil,SitEmo
LitteratureJeunesse,!,Montrée,Tristesse,punctuation,!,SitEmo
LitteratureJeunesse,très mauvaise humeur,Suggérée,Colère,word,mauvaise,SitEmo
LitteratureJeunesse,très mauvaise humeur,Suggérée,Colère,word,humeur,SitEmo
LitteratureJeunesse,!,Montrée,Joie,punctuation,!,SitEmo
LitteratureJeunesse,un grand sourire,Comportementale,Joie,word,grand,SitEmo
LitteratureJeunesse,un grand sourire,Comportementale,Joie,word,sourire,SitEmo
LitteratureJeunesse,grommèle,Comportementale,Colère,word,grommèle,SitEmo
LitteratureJeunesse,!,Montrée,Colère,punctuation,!,SitEmo
LitteratureJeunesse,s'emporte,Comportementale,Colère,word,s'emporte,SitEmo
LitteratureJeunesse,s'emporte,Comportementale,Colère,punctuation,',SitEmo
LitteratureJeunesse,Sorry,Montrée,Embarras,word,sorry,SitEmo
LitteratureJeunesse,s'excuse,Désignée,Embarras,word,s'excuse,SitEmo
LitteratureJeunesse,s'excuse,Désignée,Embarras,punctuation,',SitEmo
LitteratureJeunesse,C'est pas drôle,Montrée,Colère,word,c'est,SitEmo
LitteratureJeunesse,C'est pas drôle,Montrée,Tristesse,word,c'est,SitEmo
LitteratureJeunesse,C'est pas drôle,Montrée,Colère,word,drôle,SitEmo
LitteratureJeunesse,C'est pas drôle,Montrée,Tristesse,word,drôle,SitEmo
LitteratureJeunesse,C'est pas drôle,Montrée,Colère,punctuation,',SitEmo
LitteratureJeunesse,C'est pas drôle,Montrée,Tristesse,punctuation,',SitEmo
LitteratureJeunesse,!,Montrée,Colère,punctuation,!,SitEmo
LitteratureJeunesse,!,Montrée,Tristesse,punctuation,!,SitEmo
LitteratureJeunesse,se vexe,Désignée,Colère,word,vexe,SitEmo
LitteratureJeunesse,se vexe,Désignée,Tristesse,word,vexe,SitEmo
LitteratureJeunesse,juste,Montrée,Colère,word,juste,SitEmo
LitteratureJeunesse,juste,Montrée,Tristesse,word,juste,SitEmo
LitteratureJeunesse,!,Montrée,Colère,punctuation,!,SitEmo
LitteratureJeunesse,!,Montrée,Tristesse,punctuation,!,SitEmo
LitteratureJeunesse,Vraiment,Montrée,Surprise,word,vraiment,SitEmo
LitteratureJeunesse,a du mal à le croire,Désignée,Surprise,word,croire,SitEmo
LitteratureJeunesse,les parents auraient continué à essayer d'en avoir un,Suggérée,Peur,word,parents,SitEmo
LitteratureJeunesse,les parents auraient continué à essayer d'en avoir un,Suggérée,Peur,word,auraient,SitEmo
LitteratureJeunesse,les parents auraient continué à essayer d'en avoir un,Suggérée,Peur,word,continué,SitEmo
LitteratureJeunesse,les parents auraient continué à essayer d'en avoir un,Suggérée,Peur,word,essayer,SitEmo
LitteratureJeunesse,les parents auraient continué à essayer d'en avoir un,Suggérée,Peur,word,d'en,SitEmo
LitteratureJeunesse,les parents auraient continué à essayer d'en avoir un,Suggérée,Peur,punctuation,',SitEmo
LitteratureJeunesse,s'étonne,Désignée,Surprise,word,s'étonne,SitEmo
LitteratureJeunesse,s'étonne,Désignée,Surprise,punctuation,',SitEmo
LitteratureJeunesse,sourit,Comportementale,Joie,word,sourit,SitEmo
LitteratureJeunesse,s'amusent,Désignée,Joie,word,s'amusent,SitEmo
LitteratureJeunesse,s'amusent,Désignée,Joie,punctuation,',SitEmo
LitteratureJeunesse,admirent,Désignée,Admiration,word,admirent,SitEmo
LitteratureJeunesse,se précipite sur l'ordinateur,Comportementale,Joie,word,précipite,SitEmo
LitteratureJeunesse,se précipite sur l'ordinateur,Comportementale,Joie,word,l'ordinateur,SitEmo
LitteratureJeunesse,se précipite sur l'ordinateur,Comportementale,Joie,punctuation,',SitEmo
LitteratureJeunesse,!,Montrée,Joie,punctuation,!,SitEmo
LitteratureJeunesse,crie,Comportementale,Joie,word,crie,SitEmo
LitteratureJeunesse,!,Montrée,Joie,punctuation,!,SitEmo
LitteratureJeunesse,fond en larmes,Comportementale,Tristesse,word,fond,SitEmo
LitteratureJeunesse,fond en larmes,Comportementale,Tristesse,word,larmes,SitEmo
LitteratureJeunesse,s'inquiète,Désignée,Peur,word,s'inquiète,SitEmo
LitteratureJeunesse,s'inquiète,Désignée,Peur,punctuation,',SitEmo
LitteratureJeunesse,Qu'est ce qui se passe ?,Montrée,Surprise,word,qu'est,SitEmo
LitteratureJeunesse,Qu'est ce qui se passe ?,Montrée,Peur,word,qu'est,SitEmo
LitteratureJeunesse,Qu'est ce qui se passe ?,Montrée,Surprise,word,passe,SitEmo
LitteratureJeunesse,Qu'est ce qui se passe ?,Montrée,Peur,word,passe,SitEmo
LitteratureJeunesse,Qu'est ce qui se passe ?,Montrée,Surprise,punctuation,',SitEmo
LitteratureJeunesse,Qu'est ce qui se passe ?,Montrée,Peur,punctuation,',SitEmo
LitteratureJeunesse,Qu'est ce qui se passe ?,Montrée,Surprise,punctuation,?,SitEmo
LitteratureJeunesse,Qu'est ce qui se passe ?,Montrée,Peur,punctuation,?,SitEmo
LitteratureJeunesse,sanglote,Comportementale,Tristesse,word,sanglote,SitEmo
LitteratureJeunesse,!,Montrée,Tristesse,punctuation,!,SitEmo
LitteratureJeunesse,C'est vraiment pas juste,Montrée,Tristesse,word,c'est,SitEmo
LitteratureJeunesse,C'est vraiment pas juste,Montrée,Tristesse,word,vraiment,SitEmo
LitteratureJeunesse,C'est vraiment pas juste,Montrée,Tristesse,word,juste,SitEmo
LitteratureJeunesse,C'est vraiment pas juste,Montrée,Tristesse,punctuation,',SitEmo
LitteratureJeunesse,s'exclame,Comportementale,Surprise,word,s'exclame,SitEmo
LitteratureJeunesse,s'exclame,Comportementale,Surprise,punctuation,',SitEmo
LitteratureJeunesse,tu veux être vieille,Suggérée,Surprise,word,vieille,SitEmo
LitteratureJeunesse,!,Montrée,Surprise,punctuation,!,SitEmo
LitteratureJeunesse,découragés,Désignée,Tristesse,word,découragés,SitEmo
LitteratureJeunesse,danseuse archi douée,Suggérée,Joie,word,danseuse,SitEmo
LitteratureJeunesse,danseuse archi douée,Suggérée,Joie,word,archi,SitEmo
LitteratureJeunesse,danseuse archi douée,Suggérée,Joie,word,douée,SitEmo
LitteratureJeunesse,fières,Désignée,Fierté,word,fières,SitEmo
LitteratureJeunesse,fières,Désignée,Joie,word,fières,SitEmo
LitteratureJeunesse,es une lumière,Suggérée,Joie,word,lumière,SitEmo
LitteratureJeunesse,moment de gloire viendra,Suggérée,Joie,word,moment,SitEmo
LitteratureJeunesse,moment de gloire viendra,Suggérée,Joie,word,gloire,SitEmo
LitteratureJeunesse,moment de gloire viendra,Suggérée,Joie,word,viendra,SitEmo
LitteratureJeunesse,criera,Comportementale,Joie,word,criera,SitEmo
LitteratureJeunesse,hip hip hourra,Montrée,Joie,word,hip,SitEmo
LitteratureJeunesse,hip hip hourra,Montrée,Joie,word,hip,SitEmo
LitteratureJeunesse,hip hip hourra,Montrée,Joie,word,hourra,SitEmo
LitteratureJeunesse,!,Montrée,Joie,punctuation,!,SitEmo
LitteratureJeunesse,juste,Montrée,Joie,word,juste,SitEmo
LitteratureJeunesse,embrasse sa soeur,Comportementale,Joie,word,embrasse,SitEmo
LitteratureJeunesse,embrasse sa soeur,Comportementale,Joie,word,soeur,SitEmo
LitteratureJeunesse,triste,Désignée,Tristesse,word,triste,SitEmo
LitteratureJeunesse,est si bien au milieu de la troupe des Arthur,Suggérée,Joie,word,milieu,SitEmo
LitteratureJeunesse,est si bien au milieu de la troupe des Arthur,Suggérée,Joie,word,troupe,SitEmo
LitteratureJeunesse,est si bien au milieu de la troupe des Arthur,Suggérée,Joie,word,arthur,SitEmo
LitteratureJeunesse,toujours là ; encourager; soutenir,Suggérée,Joie,word,encourager,SitEmo
LitteratureJeunesse,toujours là ; encourager; soutenir,Suggérée,Joie,word,soutenir,SitEmo
LitteratureJeunesse,toujours là ; encourager; soutenir,Suggérée,Joie,punctuation,;,SitEmo
LitteratureJeunesse,toujours là ; encourager; soutenir,Suggérée,Joie,punctuation,;,SitEmo
LitteratureJeunesse,notre danseuse étoile préférée,Suggérée,Joie,word,danseuse,SitEmo
LitteratureJeunesse,notre danseuse étoile préférée,Suggérée,Joie,word,étoile,SitEmo
LitteratureJeunesse,notre danseuse étoile préférée,Suggérée,Joie,word,préférée,SitEmo
LitteratureJeunesse,fier,Désignée,Fierté,word,fier,SitEmo
LitteratureJeunesse,!,Montrée,Joie,punctuation,!,SitEmo
LitteratureJeunesse,plus belle qu',Montrée,Joie,word,belle,SitEmo
LitteratureJeunesse,plus belle qu',Montrée,Joie,punctuation,',SitEmo
LitteratureJeunesse,Alors bougeons,Montrée,Joie,word,bougeons,SitEmo
LitteratureJeunesse,vite,Montrée,Joie,word,vite,SitEmo
LitteratureJeunesse,Il faut avoir au moins onze ans,Suggérée,Tristesse,word,faut,SitEmo
LitteratureJeunesse,Il faut avoir au moins onze ans,Suggérée,Tristesse,word,onze,SitEmo
LitteratureJeunesse,Il faut avoir au moins onze ans,Suggérée,Tristesse,word,ans,SitEmo
LitteratureJeunesse,s'enfermer dans ma grande chambre,Comportementale,Tristesse,word,s'enfermer,SitEmo
LitteratureJeunesse,s'enfermer dans ma grande chambre,Comportementale,Tristesse,word,grande,SitEmo
LitteratureJeunesse,s'enfermer dans ma grande chambre,Comportementale,Tristesse,word,chambre,SitEmo
LitteratureJeunesse,s'enfermer dans ma grande chambre,Comportementale,Tristesse,punctuation,',SitEmo
LitteratureJeunesse,inspirent,Suggérée,Admiration,word,inspirent,SitEmo
LitteratureJeunesse,!,Montrée,Joie,punctuation,!,SitEmo
LitteratureJeunesse,!,Montrée,Joie,punctuation,!,SitEmo
LitteratureJeunesse,Quelqu'un a vu Elisa ?,Montrée,Peur,word,quelqu'un,SitEmo
LitteratureJeunesse,Quelqu'un a vu Elisa ?,Montrée,Peur,word,vu,SitEmo
LitteratureJeunesse,Quelqu'un a vu Elisa ?,Montrée,Peur,word,elisa,SitEmo
LitteratureJeunesse,Quelqu'un a vu Elisa ?,Montrée,Peur,punctuation,',SitEmo
LitteratureJeunesse,Quelqu'un a vu Elisa ?,Montrée,Peur,punctuation,?,SitEmo
LitteratureJeunesse,ne l'écoute qu'à moitié,Suggérée,Tristesse,word,l'écoute,SitEmo
LitteratureJeunesse,ne l'écoute qu'à moitié,Suggérée,Tristesse,word,qu'à,SitEmo
LitteratureJeunesse,ne l'écoute qu'à moitié,Suggérée,Tristesse,word,moitié,SitEmo
LitteratureJeunesse,ne l'écoute qu'à moitié,Suggérée,Tristesse,punctuation,',SitEmo
LitteratureJeunesse,ne l'écoute qu'à moitié,Suggérée,Tristesse,punctuation,',SitEmo
LitteratureJeunesse,génial,Montrée,Joie,word,génial,SitEmo
LitteratureJeunesse,ai dansé avec la troupe Alvin Ailey,Suggérée,Joie,word,dansé,SitEmo
LitteratureJeunesse,ai dansé avec la troupe Alvin Ailey,Suggérée,Fierté,word,dansé,SitEmo
LitteratureJeunesse,ai dansé avec la troupe Alvin Ailey,Suggérée,Joie,word,troupe,SitEmo
LitteratureJeunesse,ai dansé avec la troupe Alvin Ailey,Suggérée,Fierté,word,troupe,SitEmo
LitteratureJeunesse,ai dansé avec la troupe Alvin Ailey,Suggérée,Joie,word,alvin,SitEmo
LitteratureJeunesse,ai dansé avec la troupe Alvin Ailey,Suggérée,Fierté,word,alvin,SitEmo
LitteratureJeunesse,ai dansé avec la troupe Alvin Ailey,Suggérée,Joie,word,ailey,SitEmo
LitteratureJeunesse,ai dansé avec la troupe Alvin Ailey,Suggérée,Fierté,word,ailey,SitEmo
LitteratureJeunesse,es très douée,Suggérée,Admiration,word,douée,SitEmo
LitteratureJeunesse,son meilleur ami,Suggérée,Joie,word,meilleur,SitEmo
LitteratureJeunesse,son meilleur ami,Suggérée,Joie,word,ami,SitEmo
LitteratureJeunesse,son partenaire de rêve,Suggérée,Joie,word,partenaire,SitEmo
LitteratureJeunesse,son partenaire de rêve,Suggérée,Joie,word,rêve,SitEmo
LitteratureJeunesse,un monde fou,Montrée,Surprise,word,monde,SitEmo
LitteratureJeunesse,un monde fou,Montrée,Surprise,word,fou,SitEmo
LitteratureJeunesse,improvisent une petite chorégraphie avec elle,Suggérée,Joie,word,improvisent,SitEmo
LitteratureJeunesse,improvisent une petite chorégraphie avec elle,Suggérée,Joie,word,petite,SitEmo
LitteratureJeunesse,improvisent une petite chorégraphie avec elle,Suggérée,Joie,word,chorégraphie,SitEmo
LitteratureJeunesse,danse,Suggérée,Joie,word,danse,SitEmo
LitteratureJeunesse,plus beau,Montrée,Admiration,word,beau,SitEmo
LitteratureJeunesse,merveilleux,Suggérée,Admiration,word,merveilleux,SitEmo
LitteratureJeunesse,merveilleux,Suggérée,Joie,word,merveilleux,SitEmo
LitteratureJeunesse,se sent toute triste,Suggérée,Tristesse,word,sent,SitEmo
LitteratureJeunesse,se sent toute triste,Suggérée,Tristesse,word,triste,SitEmo
LitteratureJeunesse,sure que,Montrée,Joie,word,sure,SitEmo
LitteratureJeunesse,Fais-moi confiance,Montrée,Joie,word,fais-moi,SitEmo
LitteratureJeunesse,Fais-moi confiance,Montrée,Joie,word,confiance,SitEmo
LitteratureJeunesse,Fais-moi confiance,Montrée,Joie,punctuation,-,SitEmo
LitteratureJeunesse,avance timidement,Comportementale,Peur,word,avance,SitEmo
LitteratureJeunesse,avance timidement,Comportementale,Embarras,word,avance,SitEmo
LitteratureJeunesse,avance timidement,Comportementale,Peur,word,timidement,SitEmo
LitteratureJeunesse,avance timidement,Comportementale,Embarras,word,timidement,SitEmo
LitteratureJeunesse,"regarde, émerveillée",Comportementale,Joie,word,regarde,SitEmo
LitteratureJeunesse,"regarde, émerveillée",Comportementale,Joie,word,émerveillée,SitEmo
LitteratureJeunesse,"regarde, émerveillée",Comportementale,Joie,punctuation,",",SitEmo
LitteratureJeunesse,lance joyeusement,Comportementale,Joie,word,lance,SitEmo
LitteratureJeunesse,lance joyeusement,Comportementale,Joie,word,joyeusement,SitEmo
LitteratureJeunesse,aimerait bien s’y mettre tout de suite,Suggérée,Joie,word,aimerait,SitEmo
LitteratureJeunesse,aimerait bien s’y mettre tout de suite,Suggérée,Joie,word,mettre,SitEmo
LitteratureJeunesse,aimerait bien s’y mettre tout de suite,Suggérée,Joie,word,suite,SitEmo
LitteratureJeunesse,les danseurs ont trouvé qu'elle était douée,Suggérée,Joie,word,danseurs,SitEmo
LitteratureJeunesse,les danseurs ont trouvé qu'elle était douée,Suggérée,Fierté,word,danseurs,SitEmo
LitteratureJeunesse,les danseurs ont trouvé qu'elle était douée,Suggérée,Joie,word,trouvé,SitEmo
LitteratureJeunesse,les danseurs ont trouvé qu'elle était douée,Suggérée,Fierté,word,trouvé,SitEmo
LitteratureJeunesse,les danseurs ont trouvé qu'elle était douée,Suggérée,Joie,word,qu'elle,SitEmo
LitteratureJeunesse,les danseurs ont trouvé qu'elle était douée,Suggérée,Fierté,word,qu'elle,SitEmo
LitteratureJeunesse,les danseurs ont trouvé qu'elle était douée,Suggérée,Joie,word,douée,SitEmo
LitteratureJeunesse,les danseurs ont trouvé qu'elle était douée,Suggérée,Fierté,word,douée,SitEmo
LitteratureJeunesse,les danseurs ont trouvé qu'elle était douée,Suggérée,Joie,punctuation,',SitEmo
LitteratureJeunesse,les danseurs ont trouvé qu'elle était douée,Suggérée,Fierté,punctuation,',SitEmo
LitteratureJeunesse,folle de joie,Suggérée,Joie,word,folle,SitEmo
LitteratureJeunesse,folle de joie,Suggérée,Joie,word,joie,SitEmo
LitteratureJeunesse,tre frustrant de ne pas réussir à s’exprimer dans une langue qu’on ne maîtrise pas,Suggérée,Tristesse,word,tre,SitEmo
LitteratureJeunesse,tre frustrant de ne pas réussir à s’exprimer dans une langue qu’on ne maîtrise pas,Suggérée,Colère,word,tre,SitEmo
LitteratureJeunesse,tre frustrant de ne pas réussir à s’exprimer dans une langue qu’on ne maîtrise pas,Suggérée,Tristesse,word,frustrant,SitEmo
LitteratureJeunesse,tre frustrant de ne pas réussir à s’exprimer dans une langue qu’on ne maîtrise pas,Suggérée,Colère,word,frustrant,SitEmo
LitteratureJeunesse,tre frustrant de ne pas réussir à s’exprimer dans une langue qu’on ne maîtrise pas,Suggérée,Tristesse,word,réussir,SitEmo
LitteratureJeunesse,tre frustrant de ne pas réussir à s’exprimer dans une langue qu’on ne maîtrise pas,Suggérée,Colère,word,réussir,SitEmo
LitteratureJeunesse,tre frustrant de ne pas réussir à s’exprimer dans une langue qu’on ne maîtrise pas,Suggérée,Tristesse,word,exprimer,SitEmo
LitteratureJeunesse,tre frustrant de ne pas réussir à s’exprimer dans une langue qu’on ne maîtrise pas,Suggérée,Colère,word,exprimer,SitEmo
LitteratureJeunesse,tre frustrant de ne pas réussir à s’exprimer dans une langue qu’on ne maîtrise pas,Suggérée,Tristesse,word,langue,SitEmo
LitteratureJeunesse,tre frustrant de ne pas réussir à s’exprimer dans une langue qu’on ne maîtrise pas,Suggérée,Colère,word,langue,SitEmo
LitteratureJeunesse,tre frustrant de ne pas réussir à s’exprimer dans une langue qu’on ne maîtrise pas,Suggérée,Tristesse,word,maîtrise,SitEmo
LitteratureJeunesse,tre frustrant de ne pas réussir à s’exprimer dans une langue qu’on ne maîtrise pas,Suggérée,Colère,word,maîtrise,SitEmo
LitteratureJeunesse,s'adresse à elle en anglais,Suggérée,Colère,word,s'adresse,SitEmo
LitteratureJeunesse,s'adresse à elle en anglais,Suggérée,Colère,word,anglais,SitEmo
LitteratureJeunesse,s'adresse à elle en anglais,Suggérée,Colère,punctuation,',SitEmo
LitteratureJeunesse,maîtrise déjà si bien en français,Suggérée,Fierté,word,maîtrise,SitEmo
LitteratureJeunesse,maîtrise déjà si bien en français,Suggérée,Fierté,word,déjà,SitEmo
LitteratureJeunesse,maîtrise déjà si bien en français,Suggérée,Fierté,word,français,SitEmo
LitteratureJeunesse,tant,Montrée,Tristesse,word,tant,SitEmo
LitteratureJeunesse,dit gaîment,Comportementale,Joie,word,gaîment,SitEmo
LitteratureJeunesse,lui tire la langue,Comportementale,Joie,word,tire,SitEmo
LitteratureJeunesse,lui tire la langue,Comportementale,Joie,word,langue,SitEmo
LitteratureJeunesse,aurait été encore plus nombreuses,Suggérée,Peur,word,aurait,SitEmo
LitteratureJeunesse,aurait été encore plus nombreuses,Suggérée,Peur,word,encore,SitEmo
LitteratureJeunesse,aurait été encore plus nombreuses,Suggérée,Peur,word,nombreuses,SitEmo
LitteratureJeunesse,J'aimerais quand même mieux être noire,Montrée,Tristesse,word,j'aimerais,SitEmo
LitteratureJeunesse,J'aimerais quand même mieux être noire,Montrée,Tristesse,word,mieux,SitEmo
LitteratureJeunesse,J'aimerais quand même mieux être noire,Montrée,Tristesse,word,noire,SitEmo
LitteratureJeunesse,J'aimerais quand même mieux être noire,Montrée,Tristesse,punctuation,',SitEmo
LitteratureJeunesse,tu te moques de moi,Suggérée,Colère,word,moques,SitEmo
LitteratureJeunesse,tu te moques de moi,Suggérée,Tristesse,word,moques,SitEmo
LitteratureJeunesse,serons là pour t'accompagner,Suggérée,Joie,word,t'accompagner,SitEmo
LitteratureJeunesse,serons là pour t'accompagner,Suggérée,Joie,punctuation,',SitEmo
LitteratureJeunesse,s'inspirant de tous les danseurs,Suggérée,Admiration,word,s'inspirant,SitEmo
LitteratureJeunesse,s'inspirant de tous les danseurs,Suggérée,Admiration,word,danseurs,SitEmo
LitteratureJeunesse,s'inspirant de tous les danseurs,Suggérée,Admiration,punctuation,',SitEmo
LitteratureJeunesse,La troupe Alvin Ailey t’attendra,Suggérée,Joie,word,troupe,SitEmo
LitteratureJeunesse,La troupe Alvin Ailey t’attendra,Suggérée,Joie,word,alvin,SitEmo
LitteratureJeunesse,La troupe Alvin Ailey t’attendra,Suggérée,Joie,word,ailey,SitEmo
LitteratureJeunesse,La troupe Alvin Ailey t’attendra,Suggérée,Joie,word,attendra,SitEmo
LitteratureJeunesse,Sa petite soeur lui tire la langue,Suggérée,Joie,word,petite,SitEmo
LitteratureJeunesse,Sa petite soeur lui tire la langue,Suggérée,Joie,word,soeur,SitEmo
LitteratureJeunesse,Sa petite soeur lui tire la langue,Suggérée,Joie,word,tire,SitEmo
LitteratureJeunesse,Sa petite soeur lui tire la langue,Suggérée,Joie,word,langue,SitEmo
LitteratureJeunesse,ma soeur danseuse archi douée,Suggérée,Admiration,word,soeur,SitEmo
LitteratureJeunesse,ma soeur danseuse archi douée,Suggérée,Admiration,word,danseuse,SitEmo
LitteratureJeunesse,ma soeur danseuse archi douée,Suggérée,Admiration,word,archi,SitEmo
LitteratureJeunesse,ma soeur danseuse archi douée,Suggérée,Admiration,word,douée,SitEmo
LitteratureJeunesse,tourbillon ; émotion ; envie,Suggérée,Joie,word,tourbillon,SitEmo
LitteratureJeunesse,tourbillon ; émotion ; envie,Suggérée,Admiration,word,tourbillon,SitEmo
LitteratureJeunesse,tourbillon ; émotion ; envie,Suggérée,Joie,word,émotion,SitEmo
LitteratureJeunesse,tourbillon ; émotion ; envie,Suggérée,Admiration,word,émotion,SitEmo
LitteratureJeunesse,tourbillon ; émotion ; envie,Suggérée,Joie,word,envie,SitEmo
LitteratureJeunesse,tourbillon ; émotion ; envie,Suggérée,Admiration,word,envie,SitEmo
LitteratureJeunesse,tourbillon ; émotion ; envie,Suggérée,Joie,punctuation,;,SitEmo
LitteratureJeunesse,tourbillon ; émotion ; envie,Suggérée,Admiration,punctuation,;,SitEmo
LitteratureJeunesse,tourbillon ; émotion ; envie,Suggérée,Joie,punctuation,;,SitEmo
LitteratureJeunesse,tourbillon ; émotion ; envie,Suggérée,Admiration,punctuation,;,SitEmo
LitteratureJeunesse,bouche bée,Comportementale,Joie,word,bouche,SitEmo
LitteratureJeunesse,bouche bée,Comportementale,Admiration,word,bouche,SitEmo
LitteratureJeunesse,bouche bée,Comportementale,Joie,word,bée,SitEmo
LitteratureJeunesse,bouche bée,Comportementale,Admiration,word,bée,SitEmo
LitteratureJeunesse,il faut que,Montrée,Joie,word,faut,SitEmo
LitteratureJeunesse,essaie d'impressionner,Suggérée,Fierté,word,essaie,SitEmo
LitteratureJeunesse,essaie d'impressionner,Suggérée,Joie,word,essaie,SitEmo
LitteratureJeunesse,essaie d'impressionner,Suggérée,Fierté,word,d'impressionner,SitEmo
LitteratureJeunesse,essaie d'impressionner,Suggérée,Joie,word,d'impressionner,SitEmo
LitteratureJeunesse,essaie d'impressionner,Suggérée,Fierté,punctuation,',SitEmo
LitteratureJeunesse,essaie d'impressionner,Suggérée,Joie,punctuation,',SitEmo
LitteratureJeunesse,l'encourage à venir à New York,Suggérée,Joie,word,l'encourage,SitEmo
LitteratureJeunesse,l'encourage à venir à New York,Suggérée,Fierté,word,l'encourage,SitEmo
LitteratureJeunesse,l'encourage à venir à New York,Suggérée,Joie,word,venir,SitEmo
LitteratureJeunesse,l'encourage à venir à New York,Suggérée,Fierté,word,venir,SitEmo
LitteratureJeunesse,l'encourage à venir à New York,Suggérée,Joie,word,new,SitEmo
LitteratureJeunesse,l'encourage à venir à New York,Suggérée,Fierté,word,new,SitEmo
LitteratureJeunesse,l'encourage à venir à New York,Suggérée,Joie,word,york,SitEmo
LitteratureJeunesse,l'encourage à venir à New York,Suggérée,Fierté,word,york,SitEmo
LitteratureJeunesse,l'encourage à venir à New York,Suggérée,Joie,punctuation,',SitEmo
LitteratureJeunesse,l'encourage à venir à New York,Suggérée,Fierté,punctuation,',SitEmo
LitteratureJeunesse,se demande où elle est passée,Suggérée,Peur,word,demande,SitEmo
LitteratureJeunesse,se demande où elle est passée,Suggérée,Peur,word,passée,SitEmo
LitteratureJeunesse,la vie est extra,Suggérée,Joie,word,vie,SitEmo
LitteratureJeunesse,la vie est extra,Suggérée,Joie,word,extra,SitEmo
LitteratureJeunesse,contente,Désignée,Joie,word,contente,SitEmo
LitteratureJeunesse,ravis,Désignée,Joie,word,ravis,SitEmo
LitteratureJeunesse,grommèle,Comportementale,Colère,word,grommèle,SitEmo
LitteratureJeunesse,désolée,Désignée,Tristesse,word,désolée,SitEmo
LitteratureJeunesse,consoler,Désignée,Tristesse,word,consoler,SitEmo
LitteratureJeunesse,boude,Comportementale,Colère,word,boude,SitEmo
LitteratureJeunesse,râle,Comportementale,Colère,word,râle,SitEmo
LitteratureJeunesse,s'emporte,Comportementale,Colère,word,s'emporte,SitEmo
LitteratureJeunesse,s'emporte,Comportementale,Colère,punctuation,',SitEmo
LitteratureJeunesse,surprise,Désignée,Surprise,word,surprise,SitEmo
LitteratureJeunesse,enrager,Désignée,Colère,word,enrager,SitEmo
LitteratureJeunesse,ravie,Désignée,Joie,word,ravie,SitEmo
LitteratureJeunesse,sourire,Comportementale,Joie,word,sourire,SitEmo
LitteratureJeunesse,Il ne manquerait plus que ça !,Suggérée,Colère,word,manquerait,SitEmo
LitteratureJeunesse,Il ne manquerait plus que ça !,Suggérée,Colère,punctuation,!,SitEmo
LitteratureJeunesse,Grr,Montrée,Colère,word,grr,SitEmo
LitteratureJeunesse,banane !,Montrée,Colère,word,banane,SitEmo
LitteratureJeunesse,banane !,Montrée,Colère,punctuation,!,SitEmo
LitteratureJeunesse,C'est de la triche,Montrée,Colère,word,c'est,SitEmo
LitteratureJeunesse,C'est de la triche,Montrée,Colère,word,triche,SitEmo
LitteratureJeunesse,C'est de la triche,Montrée,Colère,punctuation,',SitEmo
LitteratureJeunesse,Pas la peine,Montrée,Colère,word,peine,SitEmo
LitteratureJeunesse,impressionné,Désignée,Surprise,word,impressionné,SitEmo
LitteratureJeunesse,impressionné,Désignée,Admiration,word,impressionné,SitEmo
LitteratureJeunesse,le talent,Montrée,Fierté,word,talent,SitEmo
LitteratureJeunesse,Pas un bébé de CP,Montrée,Dégoût,word,bébé,SitEmo
LitteratureJeunesse,Pas un bébé de CP,Montrée,Colère,word,bébé,SitEmo
LitteratureJeunesse,Pas un bébé de CP,Montrée,Dégoût,word,cp,SitEmo
LitteratureJeunesse,Pas un bébé de CP,Montrée,Colère,word,cp,SitEmo
LitteratureJeunesse,comme une condamnée,Comportementale,Tristesse,word,condamnée,SitEmo
LitteratureJeunesse,risquer,Suggérée,Peur,word,risquer,SitEmo
LitteratureJeunesse,se rabat,Suggérée,Tristesse,word,rabat,SitEmo
LitteratureJeunesse,bouder,Comportementale,Colère,word,bouder,SitEmo
LitteratureJeunesse,bouder,Comportementale,Tristesse,word,bouder,SitEmo
LitteratureJeunesse,Oh là là,Montrée,Surprise,word,oh,SitEmo
LitteratureJeunesse,C'est pas juste,Montrée,Colère,word,c'est,SitEmo
LitteratureJeunesse,C'est pas juste,Montrée,Tristesse,word,c'est,SitEmo
LitteratureJeunesse,C'est pas juste,Montrée,Colère,word,juste,SitEmo
LitteratureJeunesse,C'est pas juste,Montrée,Tristesse,word,juste,SitEmo
LitteratureJeunesse,C'est pas juste,Montrée,Colère,punctuation,',SitEmo
LitteratureJeunesse,C'est pas juste,Montrée,Tristesse,punctuation,',SitEmo
LitteratureJeunesse,Plus personne ; jouer avec moi ; !,Montrée,Tristesse,word,jouer,SitEmo
LitteratureJeunesse,Plus personne ; jouer avec moi ; !,Montrée,Colère,word,jouer,SitEmo
LitteratureJeunesse,Plus personne ; jouer avec moi ; !,Montrée,Tristesse,punctuation,;,SitEmo
LitteratureJeunesse,Plus personne ; jouer avec moi ; !,Montrée,Colère,punctuation,;,SitEmo
LitteratureJeunesse,Plus personne ; jouer avec moi ; !,Montrée,Tristesse,punctuation,;,SitEmo
LitteratureJeunesse,Plus personne ; jouer avec moi ; !,Montrée,Colère,punctuation,;,SitEmo
LitteratureJeunesse,Plus personne ; jouer avec moi ; !,Montrée,Tristesse,punctuation,!,SitEmo
LitteratureJeunesse,Plus personne ; jouer avec moi ; !,Montrée,Colère,punctuation,!,SitEmo
LitteratureJeunesse,grogne,Montrée,Colère,word,grogne,SitEmo
LitteratureJeunesse,pavoises,Désignée,Fierté,word,pavoises,SitEmo
LitteratureJeunesse,pavoises,Désignée,Joie,word,pavoises,SitEmo
LitteratureJeunesse,jubiles,Désignée,Fierté,word,jubiles,SitEmo
LitteratureJeunesse,jubiles,Désignée,Joie,word,jubiles,SitEmo
LitteratureJeunesse,comme un banquier,Comportementale,Fierté,word,banquier,SitEmo
LitteratureJeunesse,comme un banquier,Comportementale,Joie,word,banquier,SitEmo
LitteratureJeunesse,n'ai pas triché !,Montrée,Colère,word,n'ai,SitEmo
LitteratureJeunesse,n'ai pas triché !,Montrée,Colère,word,triché,SitEmo
LitteratureJeunesse,n'ai pas triché !,Montrée,Colère,punctuation,',SitEmo
LitteratureJeunesse,n'ai pas triché !,Montrée,Colère,punctuation,!,SitEmo
LitteratureJeunesse,se lève ; s'enfermer,Comportementale,Colère,word,lève,SitEmo
LitteratureJeunesse,se lève ; s'enfermer,Comportementale,Tristesse,word,lève,SitEmo
LitteratureJeunesse,se lève ; s'enfermer,Comportementale,Colère,word,s'enfermer,SitEmo
LitteratureJeunesse,se lève ; s'enfermer,Comportementale,Tristesse,word,s'enfermer,SitEmo
LitteratureJeunesse,se lève ; s'enfermer,Comportementale,Colère,punctuation,;,SitEmo
LitteratureJeunesse,se lève ; s'enfermer,Comportementale,Tristesse,punctuation,;,SitEmo
LitteratureJeunesse,se lève ; s'enfermer,Comportementale,Colère,punctuation,',SitEmo
LitteratureJeunesse,se lève ; s'enfermer,Comportementale,Tristesse,punctuation,',SitEmo
LitteratureJeunesse,triste,Désignée,Tristesse,word,triste,SitEmo
LitteratureJeunesse,colère,Désignée,Colère,word,colère,SitEmo
LitteratureJeunesse,Laissez-moi tranquille !,Montrée,Colère,word,laissez-moi,SitEmo
LitteratureJeunesse,Laissez-moi tranquille !,Montrée,Colère,word,tranquille,SitEmo
LitteratureJeunesse,Laissez-moi tranquille !,Montrée,Colère,punctuation,-,SitEmo
LitteratureJeunesse,Laissez-moi tranquille !,Montrée,Colère,punctuation,!,SitEmo
LitteratureJeunesse,râle,Comportementale,Colère,word,râle,SitEmo
LitteratureJeunesse,un clin d'oeil,Comportementale,Fierté,word,clin,SitEmo
LitteratureJeunesse,un clin d'oeil,Comportementale,Joie,word,clin,SitEmo
LitteratureJeunesse,un clin d'oeil,Comportementale,Fierté,word,d'oeil,SitEmo
LitteratureJeunesse,un clin d'oeil,Comportementale,Joie,word,d'oeil,SitEmo
LitteratureJeunesse,un clin d'oeil,Comportementale,Fierté,punctuation,',SitEmo
LitteratureJeunesse,un clin d'oeil,Comportementale,Joie,punctuation,',SitEmo
LitteratureJeunesse,tu sais ?,Montrée,Fierté,word,sais,SitEmo
LitteratureJeunesse,tu sais ?,Montrée,Joie,word,sais,SitEmo
LitteratureJeunesse,tu sais ?,Montrée,Fierté,punctuation,?,SitEmo
LitteratureJeunesse,tu sais ?,Montrée,Joie,punctuation,?,SitEmo
LitteratureJeunesse,claque,Comportementale,Colère,word,claque,SitEmo
LitteratureJeunesse,toute nue,Suggérée,Tristesse,word,nue,SitEmo
LitteratureJeunesse,toute nue,Suggérée,Embarras,word,nue,SitEmo
LitteratureJeunesse,regrette,Désignée,Culpabilité,word,regrette,SitEmo
LitteratureJeunesse,déçu,Désignée,Tristesse,word,déçu,SitEmo
LitteratureJeunesse,aux Jeux Olympiques !,Suggérée,Fierté,word,jeux,SitEmo
LitteratureJeunesse,aux Jeux Olympiques !,Suggérée,Joie,word,jeux,SitEmo
LitteratureJeunesse,aux Jeux Olympiques !,Suggérée,Fierté,word,olympiques,SitEmo
LitteratureJeunesse,aux Jeux Olympiques !,Suggérée,Joie,word,olympiques,SitEmo
LitteratureJeunesse,aux Jeux Olympiques !,Suggérée,Fierté,punctuation,!,SitEmo
LitteratureJeunesse,aux Jeux Olympiques !,Suggérée,Joie,punctuation,!,SitEmo
LitteratureJeunesse,contente,Désignée,Joie,word,contente,SitEmo
LitteratureJeunesse,a le sourire,Comportementale,Joie,word,sourire,SitEmo
LitteratureJeunesse,un petit nuage,Suggérée,Joie,word,petit,SitEmo
LitteratureJeunesse,un petit nuage,Suggérée,Fierté,word,petit,SitEmo
LitteratureJeunesse,un petit nuage,Suggérée,Joie,word,nuage,SitEmo
LitteratureJeunesse,un petit nuage,Suggérée,Fierté,word,nuage,SitEmo
LitteratureJeunesse,bafouille,Comportementale,Embarras,word,bafouille,SitEmo
LitteratureJeunesse,...,Montrée,Embarras,punctuation,…,SitEmo
LitteratureJeunesse,plaisir,Suggérée,Joie,word,plaisir,SitEmo
LitteratureJeunesse,déprime,Désignée,Tristesse,word,déprime,SitEmo
LitteratureJeunesse,boudeuse,Désignée,Colère,word,boudeuse,SitEmo
LitteratureJeunesse,ronchonner,Désignée,Colère,word,ronchonner,SitEmo
LitteratureJeunesse,impatiente,Suggérée,Joie,word,impatiente,SitEmo
LitteratureJeunesse,étonnée,Désignée,Surprise,word,étonnée,SitEmo
LitteratureJeunesse,Euh,Montrée,Surprise,word,euh,SitEmo
LitteratureJeunesse,sure ; trompée ; ?,Montrée,Surprise,word,sure,SitEmo
LitteratureJeunesse,sure ; trompée ; ?,Montrée,Surprise,word,trompée,SitEmo
LitteratureJeunesse,sure ; trompée ; ?,Montrée,Surprise,punctuation,;,SitEmo
LitteratureJeunesse,sure ; trompée ; ?,Montrée,Surprise,punctuation,;,SitEmo
LitteratureJeunesse,sure ; trompée ; ?,Montrée,Surprise,punctuation,?,SitEmo
LitteratureJeunesse,Pff,Montrée,Colère,word,pff,SitEmo
LitteratureJeunesse,peste,Comportementale,Colère,word,peste,SitEmo
LitteratureJeunesse,Encore,Montrée,Colère,word,encore,SitEmo
LitteratureJeunesse,!,Montrée,Colère,punctuation,!,SitEmo
LitteratureJeunesse,...,Montrée,Surprise,punctuation,…,SitEmo
LitteratureJeunesse,râler,Comportementale,Colère,word,râler,SitEmo
LitteratureJeunesse,tu sais ?,Montrée,Colère,word,sais,SitEmo
LitteratureJeunesse,tu sais ?,Montrée,Colère,punctuation,?,SitEmo
LitteratureJeunesse,Pardon,Montrée,Embarras,word,pardon,SitEmo
LitteratureJeunesse,écrasée,Suggérée,Jalousie,word,écrasée,SitEmo
LitteratureJeunesse,telle facilité,Suggérée,Surprise,word,telle,SitEmo
LitteratureJeunesse,telle facilité,Suggérée,Jalousie,word,telle,SitEmo
LitteratureJeunesse,telle facilité,Suggérée,Surprise,word,facilité,SitEmo
LitteratureJeunesse,telle facilité,Suggérée,Jalousie,word,facilité,SitEmo
LitteratureJeunesse,!,Montrée,Jalousie,punctuation,!,SitEmo
LitteratureJeunesse,fait partie,Suggérée,Jalousie,word,partie,SitEmo
LitteratureJeunesse,...,Montrée,Jalousie,punctuation,…,SitEmo
LitteratureJeunesse,...,Montrée,Tristesse,punctuation,…,SitEmo
LitteratureJeunesse,n'atteindra jamais,Suggérée,Jalousie,word,n'atteindra,SitEmo
LitteratureJeunesse,n'atteindra jamais,Suggérée,Jalousie,punctuation,',SitEmo
LitteratureJeunesse,décourage,Désignée,Tristesse,word,décourage,SitEmo
LitteratureJeunesse,pas vraiment une réussite,Suggérée,Tristesse,word,vraiment,SitEmo
LitteratureJeunesse,pas vraiment une réussite,Suggérée,Tristesse,word,réussite,SitEmo
LitteratureJeunesse,hausse les épaules,Comportementale,Tristesse,word,hausse,SitEmo
LitteratureJeunesse,hausse les épaules,Comportementale,Tristesse,word,épaules,SitEmo
LitteratureJeunesse,rouspéter,Comportementale,Colère,word,rouspéter,SitEmo
LitteratureJeunesse,soupire,Comportementale,Dégoût,word,soupire,SitEmo
LitteratureJeunesse,la plus difficile,Suggérée,Dégoût,word,difficile,SitEmo
LitteratureJeunesse,colère,Désignée,Colère,word,colère,SitEmo
LitteratureJeunesse,pas supporté,Suggérée,Colère,word,supporté,SitEmo
LitteratureJeunesse,certaine ; ?,Montrée,Surprise,word,certaine,SitEmo
LitteratureJeunesse,certaine ; ?,Montrée,Surprise,punctuation,;,SitEmo
LitteratureJeunesse,certaine ; ?,Montrée,Surprise,punctuation,?,SitEmo
LitteratureJeunesse,serre,Comportementale,Joie,word,serre,SitEmo
LitteratureJeunesse,nouveaux jouets,Suggérée,Joie,word,nouveaux,SitEmo
LitteratureJeunesse,nouveaux jouets,Suggérée,Joie,word,jouets,SitEmo
LitteratureJeunesse,!,Montrée,Joie,punctuation,!,SitEmo
LitteratureJeunesse,pleins d'amis,Suggérée,Joie,word,pleins,SitEmo
LitteratureJeunesse,pleins d'amis,Suggérée,Joie,word,d'amis,SitEmo
LitteratureJeunesse,pleins d'amis,Suggérée,Joie,punctuation,',SitEmo
LitteratureJeunesse,!,Montrée,Fierté,punctuation,!,SitEmo
LitteratureJeunesse,!,Montrée,Joie,punctuation,!,SitEmo
LitteratureJeunesse,Oh,Montrée,Surprise,word,oh,SitEmo
LitteratureJeunesse,Non ; !,Montrée,Colère,punctuation,;,SitEmo
LitteratureJeunesse,Non ; !,Montrée,Colère,punctuation,!,SitEmo
LitteratureJeunesse,trésor,Suggérée,Fierté,word,trésor,SitEmo
LitteratureJeunesse,trésor,Suggérée,Joie,word,trésor,SitEmo
LitteratureJeunesse,imbécile,Suggérée,Colère,word,imbécile,SitEmo
LitteratureJeunesse,sauf à lui !,Suggérée,Colère,word,sauf,SitEmo
LitteratureJeunesse,sauf à lui !,Suggérée,Colère,punctuation,!,SitEmo
LitteratureJeunesse,un vrai champion !,Suggérée,Fierté,word,vrai,SitEmo
LitteratureJeunesse,un vrai champion !,Suggérée,Admiration,word,vrai,SitEmo
LitteratureJeunesse,un vrai champion !,Suggérée,Fierté,word,champion,SitEmo
LitteratureJeunesse,un vrai champion !,Suggérée,Admiration,word,champion,SitEmo
LitteratureJeunesse,un vrai champion !,Suggérée,Fierté,punctuation,!,SitEmo
LitteratureJeunesse,un vrai champion !,Suggérée,Admiration,punctuation,!,SitEmo
LitteratureJeunesse,!,Montrée,Colère,punctuation,!,SitEmo
LitteratureJeunesse,chacune de ses soeurs,Suggérée,Colère,word,chacune,SitEmo
LitteratureJeunesse,chacune de ses soeurs,Suggérée,Colère,word,soeurs,SitEmo
LitteratureJeunesse,!,Montrée,Colère,punctuation,!,SitEmo
LitteratureJeunesse,!,Montrée,Colère,punctuation,!,SitEmo
LitteratureJeunesse,Excellent,Montrée,Admiration,word,excellent,SitEmo
LitteratureJeunesse,Excellent,Montrée,Surprise,word,excellent,SitEmo
LitteratureJeunesse,!,Montrée,Admiration,punctuation,!,SitEmo
LitteratureJeunesse,!,Montrée,Surprise,punctuation,!,SitEmo
LitteratureJeunesse,Ce n'est pas,Montrée,Fierté,word,n'est,SitEmo
LitteratureJeunesse,Ce n'est pas,Montrée,Colère,word,n'est,SitEmo
LitteratureJeunesse,Ce n'est pas,Montrée,Fierté,punctuation,',SitEmo
LitteratureJeunesse,Ce n'est pas,Montrée,Colère,punctuation,',SitEmo
LitteratureJeunesse,rétorque,Comportementale,Fierté,word,rétorque,SitEmo
LitteratureJeunesse,rétorque,Comportementale,Colère,word,rétorque,SitEmo
LitteratureJeunesse,mon cher,Montrée,Fierté,word,cher,SitEmo
LitteratureJeunesse,!,Montrée,Fierté,punctuation,!,SitEmo
LitteratureJeunesse,a hâte,Suggérée,Joie,word,hâte,SitEmo
LitteratureJeunesse,proteste,Montrée,Colère,word,proteste,SitEmo
LitteratureJeunesse,proteste,Montrée,Dégoût,word,proteste,SitEmo
LitteratureJeunesse,tous les CP,Montrée,Dégoût,word,cp,SitEmo
LitteratureJeunesse,tous les CP,Montrée,Peur,word,cp,SitEmo
LitteratureJeunesse,dommage,Suggérée,Tristesse,word,dommage,SitEmo
LitteratureJeunesse,!,Montrée,Surprise,punctuation,!,SitEmo
LitteratureJeunesse,impressionnant,Montrée,Surprise,word,impressionnant,SitEmo
LitteratureJeunesse,impressionnant,Montrée,Fierté,word,impressionnant,SitEmo
LitteratureJeunesse,!,Montrée,Surprise,punctuation,!,SitEmo
LitteratureJeunesse,!,Montrée,Fierté,punctuation,!,SitEmo
LitteratureJeunesse,s'emporte,Désignée,Colère,word,s'emporte,SitEmo
LitteratureJeunesse,s'emporte,Désignée,Colère,punctuation,',SitEmo
LitteratureJeunesse,on me déteste,Montrée,Tristesse,word,déteste,SitEmo
LitteratureJeunesse,on me déteste,Montrée,Colère,word,déteste,SitEmo
LitteratureJeunesse,te plains,Comportementale,Tristesse,word,plains,SitEmo
LitteratureJeunesse,étonnant,Désignée,Surprise,word,étonnant,SitEmo
LitteratureJeunesse,!,Montrée,Colère,punctuation,!,SitEmo
LitteratureJeunesse,Oh,Montrée,Surprise,word,oh,SitEmo
LitteratureJeunesse,Oh,Montrée,Joie,word,oh,SitEmo
LitteratureJeunesse,pas duré longtemps...,Suggérée,Tristesse,word,duré,SitEmo
LitteratureJeunesse,pas duré longtemps...,Suggérée,Tristesse,word,longtemps,SitEmo
LitteratureJeunesse,pas duré longtemps...,Suggérée,Tristesse,punctuation,…,SitEmo
LitteratureJeunesse,pleurer,Comportementale,Tristesse,word,pleurer,SitEmo
LitteratureJeunesse,pitié,Suggérée,Tristesse,word,pitié,SitEmo
LitteratureJeunesse,Bonne chance à tous,Suggérée,Joie,word,bonne,SitEmo
LitteratureJeunesse,Bonne chance à tous,Suggérée,Joie,word,chance,SitEmo
LitteratureJeunesse,confiance en elle,Suggérée,Joie,word,confiance,SitEmo
LitteratureJeunesse,nulle,Suggérée,Tristesse,word,nulle,SitEmo
LitteratureJeunesse,comme une conquérante,Comportementale,Fierté,word,conquérante,SitEmo
LitteratureJeunesse,impressionner,Désignée,Fierté,word,impressionner,SitEmo
LitteratureJeunesse,te laisser avoir ; cette bêbête de CP,Montrée,Fierté,word,laisser,SitEmo
LitteratureJeunesse,te laisser avoir ; cette bêbête de CP,Montrée,Colère,word,laisser,SitEmo
LitteratureJeunesse,te laisser avoir ; cette bêbête de CP,Montrée,Fierté,word,bêbête,SitEmo
LitteratureJeunesse,te laisser avoir ; cette bêbête de CP,Montrée,Colère,word,bêbête,SitEmo
LitteratureJeunesse,te laisser avoir ; cette bêbête de CP,Montrée,Fierté,word,cp,SitEmo
LitteratureJeunesse,te laisser avoir ; cette bêbête de CP,Montrée,Colère,word,cp,SitEmo
LitteratureJeunesse,te laisser avoir ; cette bêbête de CP,Montrée,Fierté,punctuation,;,SitEmo
LitteratureJeunesse,te laisser avoir ; cette bêbête de CP,Montrée,Colère,punctuation,;,SitEmo
LitteratureJeunesse,C'est le coup ; remporter la victoire,Suggérée,Fierté,word,c'est,SitEmo
LitteratureJeunesse,C'est le coup ; remporter la victoire,Suggérée,Joie,word,c'est,SitEmo
LitteratureJeunesse,C'est le coup ; remporter la victoire,Suggérée,Fierté,word,coup,SitEmo
LitteratureJeunesse,C'est le coup ; remporter la victoire,Suggérée,Joie,word,coup,SitEmo
LitteratureJeunesse,C'est le coup ; remporter la victoire,Suggérée,Fierté,word,remporter,SitEmo
LitteratureJeunesse,C'est le coup ; remporter la victoire,Suggérée,Joie,word,remporter,SitEmo
LitteratureJeunesse,C'est le coup ; remporter la victoire,Suggérée,Fierté,word,victoire,SitEmo
LitteratureJeunesse,C'est le coup ; remporter la victoire,Suggérée,Joie,word,victoire,SitEmo
LitteratureJeunesse,C'est le coup ; remporter la victoire,Suggérée,Fierté,punctuation,',SitEmo
LitteratureJeunesse,C'est le coup ; remporter la victoire,Suggérée,Joie,punctuation,',SitEmo
LitteratureJeunesse,C'est le coup ; remporter la victoire,Suggérée,Fierté,punctuation,;,SitEmo
LitteratureJeunesse,C'est le coup ; remporter la victoire,Suggérée,Joie,punctuation,;,SitEmo
LitteratureJeunesse,décevoir,Désignée,Tristesse,word,décevoir,SitEmo
LitteratureJeunesse,entourent ; complimentent,Comportementale,Fierté,word,entourent,SitEmo
LitteratureJeunesse,entourent ; complimentent,Comportementale,Joie,word,entourent,SitEmo
LitteratureJeunesse,entourent ; complimentent,Comportementale,Fierté,word,complimentent,SitEmo
LitteratureJeunesse,entourent ; complimentent,Comportementale,Joie,word,complimentent,SitEmo
LitteratureJeunesse,entourent ; complimentent,Comportementale,Fierté,punctuation,;,SitEmo
LitteratureJeunesse,entourent ; complimentent,Comportementale,Joie,punctuation,;,SitEmo
LitteratureJeunesse,...,Suggérée,Embarras,punctuation,…,SitEmo
LitteratureJeunesse,des plus belles,Suggérée,Joie,word,belles,SitEmo
LitteratureJeunesse,montrant,Comportementale,Fierté,word,montrant,SitEmo
LitteratureJeunesse,montrant,Comportementale,Joie,word,montrant,SitEmo
LitteratureJeunesse,!,Montrée,Surprise,punctuation,!,SitEmo
LitteratureJeunesse,il y en a plein,Suggérée,Surprise,word,plein,SitEmo
LitteratureJeunesse,tout un tas,Suggérée,Fierté,word,tas,SitEmo
LitteratureJeunesse,tout un tas,Suggérée,Joie,word,tas,SitEmo
LitteratureJeunesse,la folie,Suggérée,Joie,word,folie,SitEmo
LitteratureJeunesse,!,Montrée,Colère,punctuation,!,SitEmo
LitteratureJeunesse,!,Montrée,Colère,punctuation,!,SitEmo
LitteratureJeunesse,!,Montrée,Colère,punctuation,!,SitEmo
LitteratureJeunesse,pas le choix,Suggérée,Tristesse,word,choix,SitEmo
LitteratureJeunesse,...,Montrée,Tristesse,punctuation,…,SitEmo
LitteratureJeunesse,!,Montrée,Colère,punctuation,!,SitEmo
LitteratureJeunesse,Pas la peine ; tes salades,Suggérée,Colère,word,peine,SitEmo
LitteratureJeunesse,Pas la peine ; tes salades,Suggérée,Colère,word,salades,SitEmo
LitteratureJeunesse,Pas la peine ; tes salades,Suggérée,Colère,punctuation,;,SitEmo
LitteratureJeunesse,juste,Montrée,Colère,word,juste,SitEmo
LitteratureJeunesse,vexe,Désignée,Colère,word,vexe,SitEmo
LitteratureJeunesse,vexe,Désignée,Tristesse,word,vexe,SitEmo
LitteratureJeunesse,perdrait,Suggérée,Tristesse,word,perdrait,SitEmo
LitteratureJeunesse,gagne ; deuxième,Suggérée,Joie,word,gagne,SitEmo
LitteratureJeunesse,gagne ; deuxième,Suggérée,Fierté,word,gagne,SitEmo
LitteratureJeunesse,gagne ; deuxième,Suggérée,Joie,word,deuxième,SitEmo
LitteratureJeunesse,gagne ; deuxième,Suggérée,Fierté,word,deuxième,SitEmo
LitteratureJeunesse,gagne ; deuxième,Suggérée,Joie,punctuation,;,SitEmo
LitteratureJeunesse,gagne ; deuxième,Suggérée,Fierté,punctuation,;,SitEmo
LitteratureJeunesse,rate,Suggérée,Tristesse,word,rate,SitEmo
LitteratureJeunesse,gagne,Montrée,Joie,word,gagne,SitEmo
LitteratureJeunesse,gagne,Montrée,Fierté,word,gagne,SitEmo
LitteratureJeunesse,!,Montrée,Joie,punctuation,!,SitEmo
LitteratureJeunesse,!,Montrée,Fierté,punctuation,!,SitEmo
LitteratureJeunesse,déjà remporter,Montrée,Joie,word,déjà,SitEmo
LitteratureJeunesse,déjà remporter,Montrée,Fierté,word,déjà,SitEmo
LitteratureJeunesse,déjà remporter,Montrée,Joie,word,remporter,SitEmo
LitteratureJeunesse,déjà remporter,Montrée,Fierté,word,remporter,SitEmo
LitteratureJeunesse,!,Montrée,Fierté,punctuation,!,SitEmo
LitteratureJeunesse,!,Montrée,Joie,punctuation,!,SitEmo
LitteratureJeunesse,juste,Montrée,Tristesse,word,juste,SitEmo
LitteratureJeunesse,!,Montrée,Dégoût,punctuation,!,SitEmo
LitteratureJeunesse,!,Montrée,Dégoût,punctuation,!,SitEmo
LitteratureJeunesse,!,Montrée,Colère,punctuation,!,SitEmo
LitteratureJeunesse,insiste,Comportementale,Peur,word,insiste,SitEmo
LitteratureJeunesse,remporte ; toutes,Suggérée,Fierté,word,remporte,SitEmo
LitteratureJeunesse,remporte ; toutes,Suggérée,Joie,word,remporte,SitEmo
LitteratureJeunesse,remporte ; toutes,Suggérée,Fierté,punctuation,;,SitEmo
LitteratureJeunesse,remporte ; toutes,Suggérée,Joie,punctuation,;,SitEmo
LitteratureJeunesse,!,Montrée,Tristesse,punctuation,!,SitEmo
LitteratureJeunesse,Enfin,Montrée,Joie,word,enfin,SitEmo
LitteratureJeunesse,il est l'heure,Suggérée,Joie,word,l'heure,SitEmo
LitteratureJeunesse,il est l'heure,Suggérée,Joie,punctuation,',SitEmo
LitteratureJeunesse,gagne,Suggérée,Fierté,word,gagne,SitEmo
LitteratureJeunesse,plus assez de place ; débordent,Suggérée,Fierté,word,assez,SitEmo
LitteratureJeunesse,plus assez de place ; débordent,Suggérée,Fierté,word,place,SitEmo
LitteratureJeunesse,plus assez de place ; débordent,Suggérée,Fierté,word,débordent,SitEmo
LitteratureJeunesse,plus assez de place ; débordent,Suggérée,Fierté,punctuation,;,SitEmo
LitteratureJeunesse,ne veut l'affronter,Suggérée,Peur,word,l'affronter,SitEmo
LitteratureJeunesse,ne veut l'affronter,Suggérée,Peur,punctuation,',SitEmo
LitteratureJeunesse,obligée,Suggérée,Colère,word,obligée,SitEmo
LitteratureJeunesse,pas eu de chance,Suggérée,Tristesse,word,chance,SitEmo
LitteratureJeunesse,!,Montrée,Tristesse,punctuation,!,SitEmo
LitteratureJeunesse,!,Montrée,Colère,punctuation,!,SitEmo
LitteratureJeunesse,!,Montrée,Tristesse,punctuation,!,SitEmo
LitteratureJeunesse,!,Montrée,Colère,punctuation,!,SitEmo
LitteratureJeunesse,joyeuse,Désignée,Joie,word,joyeuse,SitEmo
LitteratureJeunesse,!,Montrée,Colère,punctuation,!,SitEmo
LitteratureJeunesse,quoi ?,Montrée,Surprise,punctuation,?,SitEmo
LitteratureJeunesse,Ah,Montrée,Surprise,word,ah,SitEmo
LitteratureJeunesse,!,Montrée,Surprise,punctuation,!,SitEmo
LitteratureJeunesse,c'est ça ?,Montrée,Colère,word,c'est,SitEmo
LitteratureJeunesse,c'est ça ?,Montrée,Colère,punctuation,',SitEmo
LitteratureJeunesse,c'est ça ?,Montrée,Colère,punctuation,?,SitEmo
LitteratureJeunesse,qu'à,Montrée,Colère,word,qu'à,SitEmo
LitteratureJeunesse,qu'à,Montrée,Colère,punctuation,',SitEmo
LitteratureJeunesse,n'arrive pas,Suggérée,Tristesse,word,n'arrive,SitEmo
LitteratureJeunesse,n'arrive pas,Suggérée,Tristesse,punctuation,',SitEmo
LitteratureJeunesse,enfonce,Suggérée,Colère,word,enfonce,SitEmo
LitteratureJeunesse,meilleure,Suggérée,Joie,word,meilleure,SitEmo
LitteratureJeunesse,meilleure,Suggérée,Fierté,word,meilleure,SitEmo
LitteratureJeunesse,!,Montrée,Colère,punctuation,!,SitEmo
LitteratureJeunesse,!,Montrée,Colère,punctuation,!,SitEmo
LitteratureJeunesse,une vraie reine,Suggérée,Joie,word,vraie,SitEmo
LitteratureJeunesse,une vraie reine,Suggérée,Fierté,word,vraie,SitEmo
LitteratureJeunesse,une vraie reine,Suggérée,Joie,word,reine,SitEmo
LitteratureJeunesse,une vraie reine,Suggérée,Fierté,word,reine,SitEmo
LitteratureJeunesse,j'aimerais bien,Montrée,Fierté,word,j'aimerais,SitEmo
LitteratureJeunesse,j'aimerais bien,Montrée,Joie,word,j'aimerais,SitEmo
LitteratureJeunesse,j'aimerais bien,Montrée,Fierté,punctuation,',SitEmo
LitteratureJeunesse,j'aimerais bien,Montrée,Joie,punctuation,',SitEmo
LitteratureJeunesse, ton talent,Suggérée,Joie,word,talent,SitEmo
LitteratureJeunesse,remporte,Suggérée,Joie,word,remporte,SitEmo
LitteratureJeunesse,impeccables,Suggérée,Fierté,word,impeccables,SitEmo
LitteratureJeunesse,perdu,Suggérée,Tristesse,word,perdu,SitEmo
LitteratureJeunesse,les perdants,Suggérée,Tristesse,word,perdants,SitEmo
LitteratureJeunesse,peine,Désignée,Tristesse,word,peine,SitEmo
LitteratureJeunesse,a perdu toute confiance en elle,Suggérée,Tristesse,word,perdu,SitEmo
LitteratureJeunesse,a perdu toute confiance en elle,Suggérée,Tristesse,word,confiance,SitEmo
LitteratureJeunesse,perd,Suggérée,Tristesse,word,perd,SitEmo
LitteratureJeunesse,gagne,Suggérée,Joie,word,gagne,SitEmo
LitteratureJeunesse,contemple,Comportementale,Admiration,word,contemple,SitEmo
LitteratureJeunesse,contemple,Comportementale,Joie,word,contemple,SitEmo
LitteratureJeunesse,le succès,Suggérée,Joie,word,succès,SitEmo
LitteratureJeunesse,!,Montrée,Joie,punctuation,!,SitEmo
LitteratureJeunesse,perdre,Suggérée,Tristesse,word,perdre,SitEmo
LitteratureJeunesse,battu tout le monde,Suggérée,Joie,word,battu,SitEmo
LitteratureJeunesse,battu tout le monde,Suggérée,Joie,word,monde,SitEmo
LitteratureJeunesse,encourager,Comportementale,Joie,word,encourager,SitEmo
LitteratureJeunesse,le V de la victoire,Suggérée,Joie,word,v,SitEmo
LitteratureJeunesse,le V de la victoire,Suggérée,Joie,word,victoire,SitEmo
LitteratureJeunesse,chante,Comportementale,Joie,word,chante,SitEmo
LitteratureJeunesse,gloire,Suggérée,Joie,word,gloire,SitEmo
LitteratureJeunesse,gloire,Suggérée,Fierté,word,gloire,SitEmo
LitteratureJeunesse,encourager,Suggérée,Joie,word,encourager,SitEmo
LitteratureJeunesse,!,Montrée,Fierté,punctuation,!,SitEmo
LitteratureJeunesse,!,Montrée,Joie,punctuation,!,SitEmo
LitteratureJeunesse,soutenir,Comportementale,Joie,word,soutenir,SitEmo
LitteratureJeunesse,voir gagner,Suggérée,Joie,word,voir,SitEmo
LitteratureJeunesse,voir gagner,Suggérée,Fierté,word,voir,SitEmo
LitteratureJeunesse,voir gagner,Suggérée,Joie,word,gagner,SitEmo
LitteratureJeunesse,voir gagner,Suggérée,Fierté,word,gagner,SitEmo
LitteratureJeunesse,remercie,Suggérée,Joie,word,remercie,SitEmo
LitteratureJeunesse,Impossible de prédire,Suggérée,Peur,word,impossible,SitEmo
LitteratureJeunesse,Impossible de prédire,Suggérée,Peur,word,prédire,SitEmo
LitteratureJeunesse,facilement,Suggérée,Joie,word,facilement,SitEmo
LitteratureJeunesse,faiblir,Suggérée,Peur,word,faiblir,SitEmo
LitteratureJeunesse,est déclarée championne de l’école,Suggérée,Joie,word,déclarée,SitEmo
LitteratureJeunesse,est déclarée championne de l’école,Suggérée,Fierté,word,déclarée,SitEmo
LitteratureJeunesse,est déclarée championne de l’école,Suggérée,Joie,word,championne,SitEmo
LitteratureJeunesse,est déclarée championne de l’école,Suggérée,Fierté,word,championne,SitEmo
LitteratureJeunesse,est déclarée championne de l’école,Suggérée,Joie,word,école,SitEmo
LitteratureJeunesse,est déclarée championne de l’école,Suggérée,Fierté,word,école,SitEmo
LitteratureJeunesse,!,Montrée,Joie,punctuation,!,SitEmo
LitteratureJeunesse,!,Montrée,Fierté,punctuation,!,SitEmo
LitteratureJeunesse,victoire,Suggérée,Joie,word,victoire,SitEmo
LitteratureJeunesse,victoire,Suggérée,Fierté,word,victoire,SitEmo
LitteratureJeunesse,bien sûr,Montrée,Joie,word,sûr,SitEmo
LitteratureJeunesse,!,Montrée,Joie,punctuation,!,SitEmo
LitteratureJeunesse,!,Montrée,Joie,punctuation,!,SitEmo
LitteratureJeunesse,!,Montrée,Fierté,punctuation,!,SitEmo
LitteratureJeunesse,!,Montrée,Joie,punctuation,!,SitEmo
LitteratureJeunesse,!,Montrée,Joie,punctuation,!,SitEmo
LitteratureJeunesse,!,Montrée,Fierté,punctuation,!,SitEmo
LitteratureJeunesse,!,Montrée,Fierté,punctuation,!,SitEmo
LitteratureJeunesse,!,Montrée,Joie,punctuation,!,SitEmo
LitteratureJeunesse,aussi vient la féciliter,Suggérée,Joie,word,vient,SitEmo
LitteratureJeunesse,aussi vient la féciliter,Suggérée,Joie,word,féciliter,SitEmo
LitteratureJeunesse,Pourquoi ; ?,Montrée,Surprise,word,pourquoi,SitEmo
LitteratureJeunesse,Pourquoi ; ?,Montrée,Surprise,punctuation,;,SitEmo
LitteratureJeunesse,Pourquoi ; ?,Montrée,Surprise,punctuation,?,SitEmo
LitteratureJeunesse,avoir de la peine,Suggérée,Tristesse,word,peine,SitEmo
LitteratureJeunesse,pa... quoi ?,Montrée,Surprise,word,pa,SitEmo
LitteratureJeunesse,pa... quoi ?,Montrée,Surprise,punctuation,…,SitEmo
LitteratureJeunesse,pa... quoi ?,Montrée,Surprise,punctuation,?,SitEmo
LitteratureJeunesse,pas longtemps ; récupérer toutes ses billes,Suggérée,Fierté,word,longtemps,SitEmo
LitteratureJeunesse,pas longtemps ; récupérer toutes ses billes,Suggérée,Joie,word,longtemps,SitEmo
LitteratureJeunesse,pas longtemps ; récupérer toutes ses billes,Suggérée,Fierté,word,récupérer,SitEmo
LitteratureJeunesse,pas longtemps ; récupérer toutes ses billes,Suggérée,Joie,word,récupérer,SitEmo
LitteratureJeunesse,pas longtemps ; récupérer toutes ses billes,Suggérée,Fierté,word,billes,SitEmo
LitteratureJeunesse,pas longtemps ; récupérer toutes ses billes,Suggérée,Joie,word,billes,SitEmo
LitteratureJeunesse,pas longtemps ; récupérer toutes ses billes,Suggérée,Fierté,punctuation,;,SitEmo
LitteratureJeunesse,pas longtemps ; récupérer toutes ses billes,Suggérée,Joie,punctuation,;,SitEmo
LitteratureJeunesse,quand même !,Suggérée,Fierté,punctuation,!,SitEmo
LitteratureJeunesse,quand même !,Suggérée,Joie,punctuation,!,SitEmo
LitteratureJeunesse,colère,Comportementale,Colère,word,colère,SitEmo
LitteratureJeunesse,étonnée,Comportementale,Surprise,word,étonnée,SitEmo
LitteratureJeunesse,fatiguée de râler ; sans arrêt ; ?,Montrée,Colère,word,fatiguée,SitEmo
LitteratureJeunesse,fatiguée de râler ; sans arrêt ; ?,Montrée,Colère,word,râler,SitEmo
LitteratureJeunesse,fatiguée de râler ; sans arrêt ; ?,Montrée,Colère,word,arrêt,SitEmo
LitteratureJeunesse,fatiguée de râler ; sans arrêt ; ?,Montrée,Colère,punctuation,;,SitEmo
LitteratureJeunesse,fatiguée de râler ; sans arrêt ; ?,Montrée,Colère,punctuation,;,SitEmo
LitteratureJeunesse,fatiguée de râler ; sans arrêt ; ?,Montrée,Colère,punctuation,?,SitEmo
LitteratureJeunesse,faudrait ; toute seule ; !,Suggérée,Tristesse,word,faudrait,SitEmo
LitteratureJeunesse,faudrait ; toute seule ; !,Suggérée,Tristesse,word,seule,SitEmo
LitteratureJeunesse,faudrait ; toute seule ; !,Suggérée,Tristesse,punctuation,;,SitEmo
LitteratureJeunesse,faudrait ; toute seule ; !,Suggérée,Tristesse,punctuation,;,SitEmo
LitteratureJeunesse,faudrait ; toute seule ; !,Suggérée,Tristesse,punctuation,!,SitEmo
LitteratureJeunesse,s'avance,Suggérée,Joie,word,s'avance,SitEmo
LitteratureJeunesse,s'avance,Suggérée,Joie,punctuation,',SitEmo
LitteratureJeunesse,demande en mariage,Suggérée,Joie,word,demande,SitEmo
LitteratureJeunesse,demande en mariage,Suggérée,Joie,word,mariage,SitEmo
LitteratureJeunesse,demande juste ; jouer aux billes,Suggérée,Tristesse,word,demande,SitEmo
LitteratureJeunesse,demande juste ; jouer aux billes,Suggérée,Tristesse,word,juste,SitEmo
LitteratureJeunesse,demande juste ; jouer aux billes,Suggérée,Tristesse,word,jouer,SitEmo
LitteratureJeunesse,demande juste ; jouer aux billes,Suggérée,Tristesse,word,billes,SitEmo
LitteratureJeunesse,demande juste ; jouer aux billes,Suggérée,Tristesse,punctuation,;,SitEmo
LitteratureJeunesse,pas étonnant,Montrée,Colère,word,étonnant,SitEmo
LitteratureJeunesse,tout de même ; sa faute,Suggérée,Colère,word,faute,SitEmo
LitteratureJeunesse,tout de même ; sa faute,Suggérée,Colère,punctuation,;,SitEmo
LitteratureJeunesse,faire semblant ; se faire des amis,Suggérée,Tristesse,word,semblant,SitEmo
LitteratureJeunesse,faire semblant ; se faire des amis,Suggérée,Tristesse,word,amis,SitEmo
LitteratureJeunesse,faire semblant ; se faire des amis,Suggérée,Tristesse,punctuation,;,SitEmo
LitteratureJeunesse,j'aurais peut-être dû,Montrée,Culpabilité,word,j'aurais,SitEmo
LitteratureJeunesse,j'aurais peut-être dû,Montrée,Culpabilité,word,peut-être,SitEmo
LitteratureJeunesse,j'aurais peut-être dû,Montrée,Culpabilité,word,dû,SitEmo
LitteratureJeunesse,j'aurais peut-être dû,Montrée,Culpabilité,punctuation,',SitEmo
LitteratureJeunesse,j'aurais peut-être dû,Montrée,Culpabilité,punctuation,-,SitEmo
LitteratureJeunesse,es billes restantes de Flavia disparaissent à la vitesse d’un TGV,Suggérée,Tristesse,word,billes,SitEmo
LitteratureJeunesse,es billes restantes de Flavia disparaissent à la vitesse d’un TGV,Suggérée,Tristesse,word,restantes,SitEmo
LitteratureJeunesse,es billes restantes de Flavia disparaissent à la vitesse d’un TGV,Suggérée,Tristesse,word,flavia,SitEmo
LitteratureJeunesse,es billes restantes de Flavia disparaissent à la vitesse d’un TGV,Suggérée,Tristesse,word,disparaissent,SitEmo
LitteratureJeunesse,es billes restantes de Flavia disparaissent à la vitesse d’un TGV,Suggérée,Tristesse,word,vitesse,SitEmo
LitteratureJeunesse,es billes restantes de Flavia disparaissent à la vitesse d’un TGV,Suggérée,Tristesse,word,tgv,SitEmo
LitteratureJeunesse,couvrent Flavia de bisous,Comportementale,Joie,word,couvrent,SitEmo
LitteratureJeunesse,couvrent Flavia de bisous,Comportementale,Joie,word,flavia,SitEmo
LitteratureJeunesse,couvrent Flavia de bisous,Comportementale,Joie,word,bisous,SitEmo
LitteratureJeunesse,décevoir,Suggérée,Peur,word,décevoir,SitEmo
LitteratureJeunesse,?,Montrée,Surprise,punctuation,?,SitEmo
LitteratureJeunesse,c'est la fête,Montrée,Joie,word,c'est,SitEmo
LitteratureJeunesse,c'est la fête,Montrée,Joie,word,fête,SitEmo
LitteratureJeunesse,c'est la fête,Montrée,Joie,punctuation,',SitEmo
LitteratureJeunesse,heureux,Désignée,Joie,word,heureux,SitEmo
LitteratureJeunesse,parler tous en même temps,Comportementale,Joie,word,parler,SitEmo
LitteratureJeunesse,parler tous en même temps,Comportementale,Joie,word,temps,SitEmo
LitteratureJeunesse,!,Montrée,Joie,punctuation,!,SitEmo
LitteratureJeunesse,grande nouvelle,Suggérée,Joie,word,grande,SitEmo
LitteratureJeunesse,grande nouvelle,Suggérée,Joie,word,nouvelle,SitEmo
LitteratureJeunesse,grommlèle,Comportementale,Colère,word,grommlèle,SitEmo
LitteratureJeunesse,Grrr,Montrée,Colère,word,grrr,SitEmo
LitteratureJeunesse,c'est toujours pareil,Montrée,Colère,word,c'est,SitEmo
LitteratureJeunesse,c'est toujours pareil,Montrée,Colère,word,pareil,SitEmo
LitteratureJeunesse,c'est toujours pareil,Montrée,Colère,punctuation,',SitEmo
LitteratureJeunesse,!,Montrée,Colère,punctuation,!,SitEmo
LitteratureJeunesse,fait la tête,Désignée,Colère,word,tête,SitEmo
LitteratureJeunesse,et voilà que,Montrée,Colère,word,voilà,SitEmo
LitteratureJeunesse,s'étonne,Désignée,Surprise,word,s'étonne,SitEmo
LitteratureJeunesse,s'étonne,Désignée,Surprise,punctuation,',SitEmo
LitteratureJeunesse,!,Montrée,Joie,punctuation,!,SitEmo
LitteratureJeunesse,s'exclame,Comportementale,Joie,word,s'exclame,SitEmo
LitteratureJeunesse,s'exclame,Comportementale,Joie,punctuation,',SitEmo
LitteratureJeunesse,gloussent,Comportementale,Joie,word,gloussent,SitEmo
LitteratureJeunesse,Bon,Montrée,Colère,word,bon,SitEmo
LitteratureJeunesse,s'impatiente,Désignée,Colère,word,s'impatiente,SitEmo
LitteratureJeunesse,s'impatiente,Désignée,Colère,punctuation,',SitEmo
LitteratureJeunesse,va se remarier,Suggérée,Joie,word,remarier,SitEmo
LitteratureJeunesse,!,Montrée,Joie,punctuation,!,SitEmo
LitteratureJeunesse,Oh,Montrée,Surprise,word,oh,SitEmo
LitteratureJeunesse,!,Montrée,Surprise,punctuation,!,SitEmo
LitteratureJeunesse,Sérieusement,Montrée,Surprise,word,sérieusement,SitEmo
LitteratureJeunesse,Tu u veux te marier pour la sixième fois ?,Suggérée,Surprise,word,u,SitEmo
LitteratureJeunesse,Tu u veux te marier pour la sixième fois ?,Suggérée,Surprise,word,marier,SitEmo
LitteratureJeunesse,Tu u veux te marier pour la sixième fois ?,Suggérée,Surprise,word,sixième,SitEmo
LitteratureJeunesse,Tu u veux te marier pour la sixième fois ?,Suggérée,Surprise,word,fois,SitEmo
LitteratureJeunesse,Tu u veux te marier pour la sixième fois ?,Suggérée,Surprise,punctuation,?,SitEmo
LitteratureJeunesse,celui qui lui convient le mieux,Suggérée,Joie,word,convient,SitEmo
LitteratureJeunesse,celui qui lui convient le mieux,Suggérée,Fierté,word,convient,SitEmo
LitteratureJeunesse,celui qui lui convient le mieux,Suggérée,Joie,word,mieux,SitEmo
LitteratureJeunesse,celui qui lui convient le mieux,Suggérée,Fierté,word,mieux,SitEmo
LitteratureJeunesse,faire une grande fête avec vous et tous nos amis,Suggérée,Joie,word,grande,SitEmo
LitteratureJeunesse,faire une grande fête avec vous et tous nos amis,Suggérée,Joie,word,fête,SitEmo
LitteratureJeunesse,faire une grande fête avec vous et tous nos amis,Suggérée,Joie,word,amis,SitEmo
LitteratureJeunesse,emballés,Désignée,Joie,word,emballés,SitEmo
LitteratureJeunesse,ronchonne,Comportementale,Colère,word,ronchonne,SitEmo
LitteratureJeunesse,Va savoir,Montrée,Colère,word,savoir,SitEmo
LitteratureJeunesse,faire passer l'actualité avant sa vie privée,Suggérée,Tristesse,word,passer,SitEmo
LitteratureJeunesse,faire passer l'actualité avant sa vie privée,Suggérée,Tristesse,word,l'actualité,SitEmo
LitteratureJeunesse,faire passer l'actualité avant sa vie privée,Suggérée,Tristesse,word,avant,SitEmo
LitteratureJeunesse,faire passer l'actualité avant sa vie privée,Suggérée,Tristesse,word,vie,SitEmo
LitteratureJeunesse,faire passer l'actualité avant sa vie privée,Suggérée,Tristesse,word,privée,SitEmo
LitteratureJeunesse,faire passer l'actualité avant sa vie privée,Suggérée,Tristesse,punctuation,',SitEmo
LitteratureJeunesse,!,Montrée,Joie,punctuation,!,SitEmo
LitteratureJeunesse,s'inquiète,Désignée,Peur,word,s'inquiète,SitEmo
LitteratureJeunesse,s'inquiète,Désignée,Peur,punctuation,',SitEmo
LitteratureJeunesse,Ben,Montrée,Peur,word,ben,SitEmo
LitteratureJeunesse,...,Montrée,Peur,punctuation,…,SitEmo
LitteratureJeunesse,serez demoiselles d'honneur,Suggérée,Joie,word,demoiselles,SitEmo
LitteratureJeunesse,serez demoiselles d'honneur,Suggérée,Joie,word,d'honneur,SitEmo
LitteratureJeunesse,serez demoiselles d'honneur,Suggérée,Joie,punctuation,',SitEmo
LitteratureJeunesse,organisé une croisière,Suggérée,Joie,word,organisé,SitEmo
LitteratureJeunesse,organisé une croisière,Suggérée,Joie,word,croisière,SitEmo
LitteratureJeunesse,!,Montrée,Joie,punctuation,!,SitEmo
LitteratureJeunesse,s'exclament en choeur,Comportementale,Joie,word,s'exclament,SitEmo
LitteratureJeunesse,s'exclament en choeur,Comportementale,Joie,word,choeur,SitEmo
LitteratureJeunesse,s'exclament en choeur,Comportementale,Joie,punctuation,',SitEmo
LitteratureJeunesse,souriant,Comportementale,Joie,word,souriant,SitEmo
LitteratureJeunesse,s'enthousiasme,Désignée,Joie,word,s'enthousiasme,SitEmo
LitteratureJeunesse,s'enthousiasme,Désignée,Joie,punctuation,',SitEmo
LitteratureJeunesse,!,Montrée,Joie,punctuation,!,SitEmo
LitteratureJeunesse,féliciter,Suggérée,Joie,word,féliciter,SitEmo
LitteratureJeunesse,plaisante,Désignée,Joie,word,plaisante,SitEmo
LitteratureJeunesse,Hein,Montrée,Surprise,word,hein,SitEmo
LitteratureJeunesse,Bien sûr,Montrée,Joie,word,sûr,SitEmo
LitteratureJeunesse,!,Montrée,Joie,punctuation,!,SitEmo
LitteratureJeunesse,s'en inquiète,Désignée,Peur,word,s'en,SitEmo
LitteratureJeunesse,s'en inquiète,Désignée,Peur,word,inquiète,SitEmo
LitteratureJeunesse,s'en inquiète,Désignée,Peur,punctuation,',SitEmo
LitteratureJeunesse,"ça ne va pas, ma chérie",Suggérée,Peur,word,chérie,SitEmo
LitteratureJeunesse,"ça ne va pas, ma chérie",Suggérée,Peur,punctuation,",",SitEmo
LitteratureJeunesse,heureuse,Désignée,Joie,word,heureuse,SitEmo
LitteratureJeunesse,peur,Désignée,Peur,word,peur,SitEmo
LitteratureJeunesse,...,Montrée,Embarras,punctuation,…,SitEmo
LitteratureJeunesse,imagine ; paquebot ; hôtel ; chic ; Ritz,Suggérée,Joie,word,imagine,SitEmo
LitteratureJeunesse,imagine ; paquebot ; hôtel ; chic ; Ritz,Suggérée,Joie,word,paquebot,SitEmo
LitteratureJeunesse,imagine ; paquebot ; hôtel ; chic ; Ritz,Suggérée,Joie,word,hôtel,SitEmo
LitteratureJeunesse,imagine ; paquebot ; hôtel ; chic ; Ritz,Suggérée,Joie,word,chic,SitEmo
LitteratureJeunesse,imagine ; paquebot ; hôtel ; chic ; Ritz,Suggérée,Joie,word,ritz,SitEmo
LitteratureJeunesse,imagine ; paquebot ; hôtel ; chic ; Ritz,Suggérée,Joie,punctuation,;,SitEmo
LitteratureJeunesse,imagine ; paquebot ; hôtel ; chic ; Ritz,Suggérée,Joie,punctuation,;,SitEmo
LitteratureJeunesse,imagine ; paquebot ; hôtel ; chic ; Ritz,Suggérée,Joie,punctuation,;,SitEmo
LitteratureJeunesse,imagine ; paquebot ; hôtel ; chic ; Ritz,Suggérée,Joie,punctuation,;,SitEmo
LitteratureJeunesse,énormes bouquets de fleurs ; buffets à volonté ; diners où les serveurs dansent autour d'elle,Suggérée,Joie,word,énormes,SitEmo
LitteratureJeunesse,énormes bouquets de fleurs ; buffets à volonté ; diners où les serveurs dansent autour d'elle,Suggérée,Joie,word,bouquets,SitEmo
LitteratureJeunesse,énormes bouquets de fleurs ; buffets à volonté ; diners où les serveurs dansent autour d'elle,Suggérée,Joie,word,fleurs,SitEmo
LitteratureJeunesse,énormes bouquets de fleurs ; buffets à volonté ; diners où les serveurs dansent autour d'elle,Suggérée,Joie,word,buffets,SitEmo
LitteratureJeunesse,énormes bouquets de fleurs ; buffets à volonté ; diners où les serveurs dansent autour d'elle,Suggérée,Joie,word,volonté,SitEmo
LitteratureJeunesse,énormes bouquets de fleurs ; buffets à volonté ; diners où les serveurs dansent autour d'elle,Suggérée,Joie,word,diners,SitEmo
LitteratureJeunesse,énormes bouquets de fleurs ; buffets à volonté ; diners où les serveurs dansent autour d'elle,Suggérée,Joie,word,serveurs,SitEmo
LitteratureJeunesse,énormes bouquets de fleurs ; buffets à volonté ; diners où les serveurs dansent autour d'elle,Suggérée,Joie,word,dansent,SitEmo
LitteratureJeunesse,énormes bouquets de fleurs ; buffets à volonté ; diners où les serveurs dansent autour d'elle,Suggérée,Joie,word,autour,SitEmo
LitteratureJeunesse,énormes bouquets de fleurs ; buffets à volonté ; diners où les serveurs dansent autour d'elle,Suggérée,Joie,word,d'elle,SitEmo
LitteratureJeunesse,énormes bouquets de fleurs ; buffets à volonté ; diners où les serveurs dansent autour d'elle,Suggérée,Joie,punctuation,;,SitEmo
LitteratureJeunesse,énormes bouquets de fleurs ; buffets à volonté ; diners où les serveurs dansent autour d'elle,Suggérée,Joie,punctuation,;,SitEmo
LitteratureJeunesse,énormes bouquets de fleurs ; buffets à volonté ; diners où les serveurs dansent autour d'elle,Suggérée,Joie,punctuation,',SitEmo
LitteratureJeunesse,ravie,Désignée,Joie,word,ravie,SitEmo
LitteratureJeunesse,il y aura un piano à bord,Suggérée,Joie,word,piano,SitEmo
LitteratureJeunesse,il y aura un piano à bord,Suggérée,Joie,word,bord,SitEmo
LitteratureJeunesse,plusieurs représentations théâtrales,Suggérée,Joie,word,plusieurs,SitEmo
LitteratureJeunesse,plusieurs représentations théâtrales,Suggérée,Joie,word,représentations,SitEmo
LitteratureJeunesse,plusieurs représentations théâtrales,Suggérée,Joie,word,théâtrales,SitEmo
LitteratureJeunesse,composer des poèmes pour l'occasion,Suggérée,Joie,word,composer,SitEmo
LitteratureJeunesse,composer des poèmes pour l'occasion,Suggérée,Joie,word,poèmes,SitEmo
LitteratureJeunesse,composer des poèmes pour l'occasion,Suggérée,Joie,word,l'occasion,SitEmo
LitteratureJeunesse,composer des poèmes pour l'occasion,Suggérée,Joie,punctuation,',SitEmo
LitteratureJeunesse,fait la grimace,Comportementale,Tristesse,word,grimace,SitEmo
LitteratureJeunesse,ai bien peur,Suggérée,Tristesse,word,peur,SitEmo
LitteratureJeunesse,soupire,Comportementale,Tristesse,word,soupire,SitEmo
LitteratureJeunesse,Hein,Montrée,Surprise,word,hein,SitEmo
LitteratureJeunesse,crie,Comportementale,Colère,word,crie,SitEmo
LitteratureJeunesse,pas question,Montrée,Colère,word,question,SitEmo
LitteratureJeunesse,c'est parfait,Montrée,Joie,word,c'est,SitEmo
LitteratureJeunesse,c'est parfait,Montrée,Joie,word,parfait,SitEmo
LitteratureJeunesse,c'est parfait,Montrée,Joie,punctuation,',SitEmo
LitteratureJeunesse,!,Montrée,Joie,punctuation,!,SitEmo
LitteratureJeunesse,ne reste plus que deux places à bord,Suggérée,Tristesse,word,reste,SitEmo
LitteratureJeunesse,ne reste plus que deux places à bord,Suggérée,Tristesse,word,deux,SitEmo
LitteratureJeunesse,ne reste plus que deux places à bord,Suggérée,Tristesse,word,places,SitEmo
LitteratureJeunesse,ne reste plus que deux places à bord,Suggérée,Tristesse,word,bord,SitEmo
LitteratureJeunesse,!,Montrée,Tristesse,punctuation,!,SitEmo
LitteratureJeunesse,...,Montrée,Tristesse,punctuation,…,SitEmo
LitteratureJeunesse,Oh,Montrée,Joie,word,oh,SitEmo
LitteratureJeunesse,juste,Montrée,Joie,word,juste,SitEmo
LitteratureJeunesse,se réjouit,Désignée,Joie,word,réjouit,SitEmo
LitteratureJeunesse,!,Montrée,Joie,punctuation,!,SitEmo
LitteratureJeunesse,très bonne idée,Montrée,Joie,word,bonne,SitEmo
LitteratureJeunesse,très bonne idée,Montrée,Joie,word,idée,SitEmo
LitteratureJeunesse,pleurniche,Comportementale,Tristesse,word,pleurniche,SitEmo
LitteratureJeunesse,...,Montrée,Tristesse,punctuation,…,SitEmo
LitteratureJeunesse,!,Montrée,Joie,punctuation,!,SitEmo
LitteratureJeunesse,prêtera la Maison-Blanche,Suggérée,Joie,word,prêtera,SitEmo
LitteratureJeunesse,prêtera la Maison-Blanche,Suggérée,Joie,word,maison-blanche,SitEmo
LitteratureJeunesse,prêtera la Maison-Blanche,Suggérée,Joie,punctuation,-,SitEmo
LitteratureJeunesse,louais un château,Suggérée,Joie,word,louais,SitEmo
LitteratureJeunesse,louais un château,Suggérée,Joie,word,château,SitEmo
LitteratureJeunesse,soupire,Comportementale,Tristesse,word,soupire,SitEmo
LitteratureJeunesse,misère ; guerres; famine; réfugiés,Suggérée,Tristesse,word,misère,SitEmo
LitteratureJeunesse,misère ; guerres; famine; réfugiés,Suggérée,Tristesse,word,guerres,SitEmo
LitteratureJeunesse,misère ; guerres; famine; réfugiés,Suggérée,Tristesse,word,famine,SitEmo
LitteratureJeunesse,misère ; guerres; famine; réfugiés,Suggérée,Tristesse,word,réfugiés,SitEmo
LitteratureJeunesse,misère ; guerres; famine; réfugiés,Suggérée,Tristesse,punctuation,;,SitEmo
LitteratureJeunesse,misère ; guerres; famine; réfugiés,Suggérée,Tristesse,punctuation,;,SitEmo
LitteratureJeunesse,misère ; guerres; famine; réfugiés,Suggérée,Tristesse,punctuation,;,SitEmo
LitteratureJeunesse,une cérémonie somptueuse,Suggérée,Joie,word,cérémonie,SitEmo
LitteratureJeunesse,une cérémonie somptueuse,Suggérée,Joie,word,somptueuse,SitEmo
LitteratureJeunesse,coûter extrêmement cher,Suggérée,Tristesse,word,coûter,SitEmo
LitteratureJeunesse,coûter extrêmement cher,Suggérée,Tristesse,word,extrêmement,SitEmo
LitteratureJeunesse,coûter extrêmement cher,Suggérée,Tristesse,word,cher,SitEmo
LitteratureJeunesse,!,Montrée,Tristesse,punctuation,!,SitEmo
LitteratureJeunesse,offrir un repas de fête aux enfants,Suggérée,Joie,word,offrir,SitEmo
LitteratureJeunesse,offrir un repas de fête aux enfants,Suggérée,Joie,word,repas,SitEmo
LitteratureJeunesse,offrir un repas de fête aux enfants,Suggérée,Joie,word,fête,SitEmo
LitteratureJeunesse,offrir un repas de fête aux enfants,Suggérée,Joie,word,enfants,SitEmo
LitteratureJeunesse,déçue,Désignée,Tristesse,word,déçue,SitEmo
LitteratureJeunesse,...,Montrée,Tristesse,punctuation,…,SitEmo
LitteratureJeunesse,trouver une autre idée,Suggérée,Tristesse,word,trouver,SitEmo
LitteratureJeunesse,trouver une autre idée,Suggérée,Tristesse,word,idée,SitEmo
LitteratureJeunesse,tout recommencer,Suggérée,Tristesse,word,recommencer,SitEmo
LitteratureJeunesse,!,Montrée,Tristesse,punctuation,!,SitEmo
LitteratureJeunesse,...,Montrée,Embarras,punctuation,…,SitEmo
LitteratureJeunesse,ravie,Désignée,Joie,word,ravie,SitEmo
LitteratureJeunesse,"robes à l'infinie, gâteaux à volonté et cadeaux à la pelle",Suggérée,Joie,word,robes,SitEmo
LitteratureJeunesse,"robes à l'infinie, gâteaux à volonté et cadeaux à la pelle",Suggérée,Joie,word,l'infinie,SitEmo
LitteratureJeunesse,"robes à l'infinie, gâteaux à volonté et cadeaux à la pelle",Suggérée,Joie,word,gâteaux,SitEmo
LitteratureJeunesse,"robes à l'infinie, gâteaux à volonté et cadeaux à la pelle",Suggérée,Joie,word,volonté,SitEmo
LitteratureJeunesse,"robes à l'infinie, gâteaux à volonté et cadeaux à la pelle",Suggérée,Joie,word,cadeaux,SitEmo
LitteratureJeunesse,"robes à l'infinie, gâteaux à volonté et cadeaux à la pelle",Suggérée,Joie,word,pelle,SitEmo
LitteratureJeunesse,"robes à l'infinie, gâteaux à volonté et cadeaux à la pelle",Suggérée,Joie,punctuation,',SitEmo
LitteratureJeunesse,"robes à l'infinie, gâteaux à volonté et cadeaux à la pelle",Suggérée,Joie,punctuation,",",SitEmo
LitteratureJeunesse,se réjouit,Désignée,Joie,word,réjouit,SitEmo
LitteratureJeunesse,passer une semaine entière avec ses parents,Suggérée,Joie,word,passer,SitEmo
LitteratureJeunesse,passer une semaine entière avec ses parents,Suggérée,Joie,word,semaine,SitEmo
LitteratureJeunesse,passer une semaine entière avec ses parents,Suggérée,Joie,word,entière,SitEmo
LitteratureJeunesse,passer une semaine entière avec ses parents,Suggérée,Joie,word,parents,SitEmo
LitteratureJeunesse,heureux,Désignée,Joie,word,heureux,SitEmo
LitteratureJeunesse,Même pas besoin s’habiller chic,Suggérée,Joie,word,besoin,SitEmo
LitteratureJeunesse,Même pas besoin s’habiller chic,Suggérée,Joie,word,habiller,SitEmo
LitteratureJeunesse,Même pas besoin s’habiller chic,Suggérée,Joie,word,chic,SitEmo
LitteratureJeunesse,plaisante,Désignée,Joie,word,plaisante,SitEmo
LitteratureJeunesse,gémit,Comportementale,Tristesse,word,gémit,SitEmo
LitteratureJeunesse,gémit,Comportementale,Dégoût,word,gémit,SitEmo
LitteratureJeunesse,Adieu,Montrée,Tristesse,word,adieu,SitEmo
LitteratureJeunesse,...,Montrée,Tristesse,punctuation,…,SitEmo
LitteratureJeunesse,Jeans ? Bouses de vache ?,Suggérée,Dégoût,word,jeans,SitEmo
LitteratureJeunesse,Jeans ? Bouses de vache ?,Suggérée,Dégoût,word,bouses,SitEmo
LitteratureJeunesse,Jeans ? Bouses de vache ?,Suggérée,Dégoût,word,vache,SitEmo
LitteratureJeunesse,Jeans ? Bouses de vache ?,Suggérée,Dégoût,punctuation,?,SitEmo
LitteratureJeunesse,Jeans ? Bouses de vache ?,Suggérée,Dégoût,punctuation,?,SitEmo
LitteratureJeunesse,s'exclame,Comportementale,Surprise,word,s'exclame,SitEmo
LitteratureJeunesse,s'exclame,Comportementale,Surprise,punctuation,',SitEmo
LitteratureJeunesse,C'est décidé,Montrée,Joie,word,c'est,SitEmo
LitteratureJeunesse,C'est décidé,Montrée,Joie,word,décidé,SitEmo
LitteratureJeunesse,C'est décidé,Montrée,Joie,punctuation,',SitEmo
LitteratureJeunesse,!,Montrée,Joie,punctuation,!,SitEmo
LitteratureJeunesse,amuse,Désignée,Joie,word,amuse,SitEmo
LitteratureJeunesse,rigole,Comportementale,Joie,word,rigole,SitEmo
LitteratureJeunesse,carrément,Montrée,Colère,word,carrément,SitEmo
LitteratureJeunesse,faire plaisir,Suggérée,Joie,word,plaisir,SitEmo
LitteratureJeunesse,en souriant,Comportementale,Joie,word,souriant,SitEmo
LitteratureJeunesse,terrorisé,Désignée,Peur,word,terrorisé,SitEmo
LitteratureJeunesse,dîner aux chandelles,Suggérée,Joie,word,dîner,SitEmo
LitteratureJeunesse,dîner aux chandelles,Suggérée,Joie,word,chandelles,SitEmo
LitteratureJeunesse,!,Montrée,Joie,punctuation,!,SitEmo
LitteratureJeunesse,égayer,Suggérée,Joie,word,égayer,SitEmo
LitteratureJeunesse,s'amuse,Désignée,Joie,word,s'amuse,SitEmo
LitteratureJeunesse,s'amuse,Désignée,Joie,punctuation,',SitEmo
LitteratureJeunesse,c'est une vrai ménagerie à table,Suggérée,Joie,word,c'est,SitEmo
LitteratureJeunesse,c'est une vrai ménagerie à table,Suggérée,Joie,word,vrai,SitEmo
LitteratureJeunesse,c'est une vrai ménagerie à table,Suggérée,Joie,word,ménagerie,SitEmo
LitteratureJeunesse,c'est une vrai ménagerie à table,Suggérée,Joie,word,table,SitEmo
LitteratureJeunesse,c'est une vrai ménagerie à table,Suggérée,Joie,punctuation,',SitEmo
LitteratureJeunesse,!,Montrée,Joie,punctuation,!,SitEmo
LitteratureJeunesse,font les clowns,Comportementale,Joie,word,clowns,SitEmo
LitteratureJeunesse,peur,Désignée,Peur,word,peur,SitEmo
LitteratureJeunesse,Ariane et Arthur soient là tous les deux,Suggérée,Joie,word,ariane,SitEmo
LitteratureJeunesse,Ariane et Arthur soient là tous les deux,Suggérée,Joie,word,arthur,SitEmo
LitteratureJeunesse,Ariane et Arthur soient là tous les deux,Suggérée,Joie,word,soient,SitEmo
LitteratureJeunesse,Ariane et Arthur soient là tous les deux,Suggérée,Joie,word,deux,SitEmo
LitteratureJeunesse,arrivent à l'improviste,Suggérée,Surprise,word,arrivent,SitEmo
LitteratureJeunesse,arrivent à l'improviste,Suggérée,Surprise,word,l'improviste,SitEmo
LitteratureJeunesse,arrivent à l'improviste,Suggérée,Surprise,punctuation,',SitEmo
LitteratureJeunesse,se presse autour d'eux,Comportementale,Joie,word,presse,SitEmo
LitteratureJeunesse,se presse autour d'eux,Comportementale,Joie,word,autour,SitEmo
LitteratureJeunesse,se presse autour d'eux,Comportementale,Joie,word,d'eux,SitEmo
LitteratureJeunesse,se presse autour d'eux,Comportementale,Joie,punctuation,',SitEmo
LitteratureJeunesse,bon dîner,Suggérée,Joie,word,bon,SitEmo
LitteratureJeunesse,bon dîner,Suggérée,Joie,word,dîner,SitEmo
LitteratureJeunesse,Vous avez quelque chose à fêter ?,Montrée,Surprise,word,chose,SitEmo
LitteratureJeunesse,Vous avez quelque chose à fêter ?,Montrée,Surprise,word,fêter,SitEmo
LitteratureJeunesse,Vous avez quelque chose à fêter ?,Montrée,Surprise,punctuation,?,SitEmo
LitteratureJeunesse,le premier de ses cinq maris,Suggérée,Fierté,word,premier,SitEmo
LitteratureJeunesse,le premier de ses cinq maris,Suggérée,Fierté,word,cinq,SitEmo
LitteratureJeunesse,le premier de ses cinq maris,Suggérée,Fierté,word,maris,SitEmo
LitteratureJeunesse,mais pourquoi,Montrée,Colère,word,pourquoi,SitEmo
LitteratureJeunesse,!,Montrée,Colère,punctuation,!,SitEmo
LitteratureJeunesse,Quelle idée,Montrée,Colère,word,quelle,SitEmo
LitteratureJeunesse,Quelle idée,Montrée,Colère,word,idée,SitEmo
LitteratureJeunesse,!,Montrée,Joie,punctuation,!,SitEmo
LitteratureJeunesse,soupire,Comportementale,Colère,word,soupire,SitEmo
LitteratureJeunesse,!,Montrée,Colère,punctuation,!,SitEmo
LitteratureJeunesse,Ce n'est pas tous les jours que,Montrée,Colère,word,n'est,SitEmo
LitteratureJeunesse,Ce n'est pas tous les jours que,Montrée,Colère,word,jours,SitEmo
LitteratureJeunesse,Ce n'est pas tous les jours que,Montrée,Colère,punctuation,',SitEmo
LitteratureJeunesse,!,Montrée,Colère,punctuation,!,SitEmo
LitteratureJeunesse,portera les alliances,Suggérée,Joie,word,portera,SitEmo
LitteratureJeunesse,portera les alliances,Suggérée,Joie,word,alliances,SitEmo
LitteratureJeunesse,!,Montrée,Joie,punctuation,!,SitEmo
LitteratureJeunesse,une grande responsabilité,Suggérée,Fierté,word,grande,SitEmo
LitteratureJeunesse,une grande responsabilité,Suggérée,Fierté,word,responsabilité,SitEmo
LitteratureJeunesse,une croisière,Suggérée,Joie,word,croisière,SitEmo
LitteratureJeunesse,Ne te tracasse pas,Désignée,Peur,word,tracasse,SitEmo
LitteratureJeunesse,me marie,Suggérée,Joie,word,marie,SitEmo
LitteratureJeunesse,!,Montrée,Joie,punctuation,!,SitEmo
LitteratureJeunesse,se voient déjà sur le bateau,Suggérée,Joie,word,voient,SitEmo
LitteratureJeunesse,se voient déjà sur le bateau,Suggérée,Joie,word,déjà,SitEmo
LitteratureJeunesse,se voient déjà sur le bateau,Suggérée,Joie,word,bateau,SitEmo
LitteratureJeunesse,c'est une blague ?,Montrée,Surprise,word,c'est,SitEmo
LitteratureJeunesse,c'est une blague ?,Montrée,Surprise,word,blague,SitEmo
LitteratureJeunesse,c'est une blague ?,Montrée,Surprise,punctuation,',SitEmo
LitteratureJeunesse,c'est une blague ?,Montrée,Surprise,punctuation,?,SitEmo
LitteratureJeunesse,l'air de se réjouir,Comportementale,Joie,word,l'air,SitEmo
LitteratureJeunesse,l'air de se réjouir,Comportementale,Joie,word,réjouir,SitEmo
LitteratureJeunesse,l'air de se réjouir,Comportementale,Joie,punctuation,',SitEmo
LitteratureJeunesse,la tempête; se déchaîne,Suggérée,Peur,word,tempête,SitEmo
LitteratureJeunesse,la tempête; se déchaîne,Suggérée,Peur,word,déchaîne,SitEmo
LitteratureJeunesse,la tempête; se déchaîne,Suggérée,Peur,punctuation,;,SitEmo
LitteratureJeunesse,triste,Désignée,Tristesse,word,triste,SitEmo
LitteratureJeunesse,déçus,Désignée,Tristesse,word,déçus,SitEmo
LitteratureJeunesse,bon gâteau,Suggérée,Joie,word,bon,SitEmo
LitteratureJeunesse,bon gâteau,Suggérée,Joie,word,gâteau,SitEmo
LitteratureJeunesse,ne suffit pas à leur redonner le sourire,Suggérée,Tristesse,word,suffit,SitEmo
LitteratureJeunesse,ne suffit pas à leur redonner le sourire,Suggérée,Tristesse,word,redonner,SitEmo
LitteratureJeunesse,ne suffit pas à leur redonner le sourire,Suggérée,Tristesse,word,sourire,SitEmo
LitteratureJeunesse,rien de réconfortant,Suggérée,Peur,word,réconfortant,SitEmo
LitteratureJeunesse,l'orage qui gronde,Suggérée,Peur,word,l'orage,SitEmo
LitteratureJeunesse,l'orage qui gronde,Suggérée,Peur,word,gronde,SitEmo
LitteratureJeunesse,l'orage qui gronde,Suggérée,Peur,punctuation,',SitEmo
LitteratureJeunesse,éclairs déchirent le ciel,Suggérée,Peur,word,éclairs,SitEmo
LitteratureJeunesse,éclairs déchirent le ciel,Suggérée,Peur,word,déchirent,SitEmo
LitteratureJeunesse,éclairs déchirent le ciel,Suggérée,Peur,word,ciel,SitEmo
LitteratureJeunesse,le sent siffle,Suggérée,Peur,word,sent,SitEmo
LitteratureJeunesse,le sent siffle,Suggérée,Peur,word,siffle,SitEmo
LitteratureJeunesse,sursauter,Comportementale,Surprise,word,sursauter,SitEmo
LitteratureJeunesse,...,Montrée,Peur,punctuation,…,SitEmo
LitteratureJeunesse,boum,Montrée,Peur,word,boum,SitEmo
LitteratureJeunesse,boum,Montrée,Surprise,word,boum,SitEmo
LitteratureJeunesse,bang,Montrée,Peur,word,bang,SitEmo
LitteratureJeunesse,bang,Montrée,Surprise,word,bang,SitEmo
LitteratureJeunesse,!,Montrée,Peur,punctuation,!,SitEmo
LitteratureJeunesse,!,Montrée,Surprise,punctuation,!,SitEmo
LitteratureJeunesse,!,Montrée,Peur,punctuation,!,SitEmo
LitteratureJeunesse,!,Montrée,Surprise,punctuation,!,SitEmo
LitteratureJeunesse,!,Montrée,Peur,punctuation,!,SitEmo
LitteratureJeunesse,!,Montrée,Surprise,punctuation,!,SitEmo
LitteratureJeunesse,Aaaah,Montrée,Peur,word,aaaah,SitEmo
LitteratureJeunesse,Aaaah,Montrée,Surprise,word,aaaah,SitEmo
LitteratureJeunesse,crient,Comportementale,Peur,word,crient,SitEmo
LitteratureJeunesse,crient,Comportementale,Surprise,word,crient,SitEmo
LitteratureJeunesse,!,Montrée,Peur,punctuation,!,SitEmo
LitteratureJeunesse,!,Montrée,Surprise,punctuation,!,SitEmo
LitteratureJeunesse,une idée,Suggérée,Joie,word,idée,SitEmo
LitteratureJeunesse,voudra bien l'aider à écrire,Suggérée,Joie,word,voudra,SitEmo
LitteratureJeunesse,voudra bien l'aider à écrire,Suggérée,Joie,word,l'aider,SitEmo
LitteratureJeunesse,voudra bien l'aider à écrire,Suggérée,Joie,word,écrire,SitEmo
LitteratureJeunesse,voudra bien l'aider à écrire,Suggérée,Joie,punctuation,',SitEmo
LitteratureJeunesse,ajoutera des chorégraphies,Suggérée,Joie,word,ajoutera,SitEmo
LitteratureJeunesse,ajoutera des chorégraphies,Suggérée,Joie,word,chorégraphies,SitEmo
LitteratureJeunesse,jours de turbulence,Suggérée,Tristesse,word,jours,SitEmo
LitteratureJeunesse,jours de turbulence,Suggérée,Tristesse,word,turbulence,SitEmo
LitteratureJeunesse,la plus grande abondance,Suggérée,Joie,word,grande,SitEmo
LitteratureJeunesse,la plus grande abondance,Suggérée,Joie,word,abondance,SitEmo
LitteratureJeunesse,le mariage,Suggérée,Joie,word,mariage,SitEmo
LitteratureJeunesse,une croisière,Suggérée,Joie,word,croisière,SitEmo
LitteratureJeunesse,un phare qui éclaire,Suggérée,Joie,word,phare,SitEmo
LitteratureJeunesse,un phare qui éclaire,Suggérée,Joie,word,éclaire,SitEmo
LitteratureJeunesse,!,Montrée,Joie,punctuation,!,SitEmo
LitteratureJeunesse,!,Montrée,Colère,punctuation,!,SitEmo
LitteratureJeunesse,dîner tranquillement en famille,Suggérée,Joie,word,dîner,SitEmo
LitteratureJeunesse,dîner tranquillement en famille,Suggérée,Joie,word,tranquillement,SitEmo
LitteratureJeunesse,dîner tranquillement en famille,Suggérée,Joie,word,famille,SitEmo
LitteratureJeunesse,aller à Disneyland,Suggérée,Joie,word,disneyland,SitEmo
LitteratureJeunesse,mariage,Suggérée,Joie,word,mariage,SitEmo
LitteratureJeunesse,enterrements,Suggérée,Tristesse,word,enterrements,SitEmo
LitteratureJeunesse,Bon,Montrée,Embarras,word,bon,SitEmo
LitteratureJeunesse,trouver quelque chose de plus gai,Suggérée,Embarras,word,trouver,SitEmo
LitteratureJeunesse,trouver quelque chose de plus gai,Suggérée,Embarras,word,chose,SitEmo
LitteratureJeunesse,trouver quelque chose de plus gai,Suggérée,Embarras,word,gai,SitEmo
LitteratureJeunesse,est obligée de venir s'expliquer,Suggérée,Embarras,word,obligée,SitEmo
LitteratureJeunesse,est obligée de venir s'expliquer,Suggérée,Embarras,word,venir,SitEmo
LitteratureJeunesse,est obligée de venir s'expliquer,Suggérée,Embarras,word,s'expliquer,SitEmo
LitteratureJeunesse,est obligée de venir s'expliquer,Suggérée,Embarras,punctuation,',SitEmo
LitteratureJeunesse,encourager,Suggérée,Joie,word,encourager,SitEmo
LitteratureJeunesse,se précipite dans les bras de Bella,Comportementale,Peur,word,précipite,SitEmo
LitteratureJeunesse,se précipite dans les bras de Bella,Comportementale,Peur,word,bras,SitEmo
LitteratureJeunesse,se précipite dans les bras de Bella,Comportementale,Peur,word,bella,SitEmo
LitteratureJeunesse,Le repas est moins bon,Suggérée,Tristesse,word,repas,SitEmo
LitteratureJeunesse,Le repas est moins bon,Suggérée,Tristesse,word,bon,SitEmo
LitteratureJeunesse,une grande silhouette informe,Suggérée,Peur,word,grande,SitEmo
LitteratureJeunesse,une grande silhouette informe,Suggérée,Peur,word,silhouette,SitEmo
LitteratureJeunesse,une grande silhouette informe,Suggérée,Peur,word,informe,SitEmo
LitteratureJeunesse,peur,Suggérée,Peur,word,peur,SitEmo
LitteratureJeunesse,inquiète,Désignée,Peur,word,inquiète,SitEmo
LitteratureJeunesse,!,Montrée,Peur,punctuation,!,SitEmo
LitteratureJeunesse,ne répondiez pas au téléphone,Suggérée,Peur,word,répondiez,SitEmo
LitteratureJeunesse,ne répondiez pas au téléphone,Suggérée,Peur,word,téléphone,SitEmo
LitteratureJeunesse,!,Montrée,Peur,punctuation,!,SitEmo
LitteratureJeunesse,Thermos de chocolat chaud,Suggérée,Joie,word,thermos,SitEmo
LitteratureJeunesse,Thermos de chocolat chaud,Suggérée,Joie,word,chocolat,SitEmo
LitteratureJeunesse,Thermos de chocolat chaud,Suggérée,Joie,word,chaud,SitEmo
LitteratureJeunesse,s'étonne,Désignée,Surprise,word,s'étonne,SitEmo
LitteratureJeunesse,s'étonne,Désignée,Surprise,punctuation,',SitEmo
LitteratureJeunesse,C'était ?,Montrée,Surprise,word,c'était,SitEmo
LitteratureJeunesse,C'était ?,Montrée,Surprise,punctuation,',SitEmo
LitteratureJeunesse,C'était ?,Montrée,Surprise,punctuation,?,SitEmo
LitteratureJeunesse,Tout est annulé,Montrée,Tristesse,word,annulé,SitEmo
LitteratureJeunesse,la tempête a endommagé leur propritété,Suggérée,Tristesse,word,tempête,SitEmo
LitteratureJeunesse,la tempête a endommagé leur propritété,Suggérée,Tristesse,word,endommagé,SitEmo
LitteratureJeunesse,la tempête a endommagé leur propritété,Suggérée,Tristesse,word,propritété,SitEmo
LitteratureJeunesse,arraché le toit de la ferme,Suggérée,Surprise,word,arraché,SitEmo
LitteratureJeunesse,arraché le toit de la ferme,Suggérée,Peur,word,arraché,SitEmo
LitteratureJeunesse,arraché le toit de la ferme,Suggérée,Surprise,word,toit,SitEmo
LitteratureJeunesse,arraché le toit de la ferme,Suggérée,Peur,word,toit,SitEmo
LitteratureJeunesse,arraché le toit de la ferme,Suggérée,Surprise,word,ferme,SitEmo
LitteratureJeunesse,arraché le toit de la ferme,Suggérée,Peur,word,ferme,SitEmo
LitteratureJeunesse,!,Montrée,Surprise,punctuation,!,SitEmo
LitteratureJeunesse,!,Montrée,Tristesse,punctuation,!,SitEmo
LitteratureJeunesse,des mois de travaux,Suggérée,Tristesse,word,mois,SitEmo
LitteratureJeunesse,des mois de travaux,Suggérée,Tristesse,word,travaux,SitEmo
LitteratureJeunesse,!,Montrée,Surprise,punctuation,!,SitEmo
LitteratureJeunesse,!,Montrée,Tristesse,punctuation,!,SitEmo
LitteratureJeunesse,s'affole,Comportementale,Peur,word,s'affole,SitEmo
LitteratureJeunesse,s'affole,Comportementale,Peur,punctuation,',SitEmo
LitteratureJeunesse,Et les animaux ?,Montrée,Peur,word,animaux,SitEmo
LitteratureJeunesse,Et les animaux ?,Montrée,Peur,punctuation,?,SitEmo
LitteratureJeunesse,!,Montrée,Joie,punctuation,!,SitEmo
LitteratureJeunesse,dire oui avec des oreilles de Mickey,Suggérée,Joie,word,oreilles,SitEmo
LitteratureJeunesse,dire oui avec des oreilles de Mickey,Suggérée,Joie,word,mickey,SitEmo
LitteratureJeunesse,!,Montrée,Joie,punctuation,!,SitEmo
LitteratureJeunesse,très beau,Suggérée,Joie,word,beau,SitEmo
LitteratureJeunesse,très beau,Suggérée,Admiration,word,beau,SitEmo
LitteratureJeunesse,se mariera,Suggérée,Joie,word,mariera,SitEmo
LitteratureJeunesse,délicieux,Suggérée,Joie,word,délicieux,SitEmo
LitteratureJeunesse,reproche,Comportementale,Colère,word,reproche,SitEmo
LitteratureJeunesse,!,Montrée,Colère,punctuation,!,SitEmo
LitteratureJeunesse,s'enthousiasme,Désignée,Joie,word,s'enthousiasme,SitEmo
LitteratureJeunesse,s'enthousiasme,Désignée,Joie,punctuation,',SitEmo
LitteratureJeunesse,Génial,Montrée,Joie,word,génial,SitEmo
LitteratureJeunesse,!,Montrée,Joie,punctuation,!,SitEmo
LitteratureJeunesse,s'inquiète,Désignée,Peur,word,s'inquiète,SitEmo
LitteratureJeunesse,s'inquiète,Désignée,Peur,punctuation,',SitEmo
LitteratureJeunesse,Mais comment,Montrée,Peur,word,comment,SitEmo
LitteratureJeunesse,Pfff,Montrée,Tristesse,word,pfff,SitEmo
LitteratureJeunesse,soupire,Comportementale,Tristesse,word,soupire,SitEmo
LitteratureJeunesse,plaisante,Désignée,Joie,word,plaisante,SitEmo
LitteratureJeunesse,!,Montrée,Joie,punctuation,!,SitEmo
LitteratureJeunesse,rigole,Comportementale,Joie,word,rigole,SitEmo
LitteratureJeunesse,ça tombe bien,Montrée,Joie,word,tombe,SitEmo
LitteratureJeunesse,!,Montrée,Joie,punctuation,!,SitEmo
LitteratureJeunesse,riant,Comportementale,Joie,word,riant,SitEmo
LitteratureJeunesse,ronchonne,Comportementale,Colère,word,ronchonne,SitEmo
LitteratureJeunesse,à quoi ça sert,Montrée,Colère,word,sert,SitEmo
LitteratureJeunesse,heureux,Désignée,Joie,word,heureux,SitEmo
LitteratureJeunesse,s'impatiente,Désignée,Colère,word,s'impatiente,SitEmo
LitteratureJeunesse,s'impatiente,Désignée,Colère,punctuation,',SitEmo
LitteratureJeunesse,à quoi ça sert,Montrée,Colère,word,sert,SitEmo
LitteratureJeunesse,s'énerve,Désignée,Colère,word,s'énerve,SitEmo
LitteratureJeunesse,s'énerve,Désignée,Colère,punctuation,',SitEmo
LitteratureJeunesse,Mais pourquoi,Montrée,Colère,word,pourquoi,SitEmo
LitteratureJeunesse,heureux,Désignée,Joie,word,heureux,SitEmo
LitteratureJeunesse,aux préoccupations,Désignée,Peur,word,préoccupations,SitEmo
LitteratureJeunesse,fête cela avec nos proches,Suggérée,Joie,word,fête,SitEmo
LitteratureJeunesse,fête cela avec nos proches,Suggérée,Joie,word,proches,SitEmo
LitteratureJeunesse,m'oublies,Suggérée,Tristesse,word,m'oublies,SitEmo
LitteratureJeunesse,m'oublies,Suggérée,Tristesse,punctuation,',SitEmo
LitteratureJeunesse,carrément,Montrée,Tristesse,word,carrément,SitEmo
LitteratureJeunesse,Excuse-moi,Montrée,Embarras,word,excuse-moi,SitEmo
LitteratureJeunesse,Excuse-moi,Montrée,Embarras,punctuation,-,SitEmo
LitteratureJeunesse,bonheur,Désignée,Joie,word,bonheur,SitEmo
LitteratureJeunesse,tellement,Montrée,Joie,word,tellement,SitEmo
LitteratureJeunesse,jamais personne pour m'écouter,Montrée,Colère,word,m'écouter,SitEmo
LitteratureJeunesse,jamais personne pour m'écouter,Montrée,Colère,punctuation,',SitEmo
LitteratureJeunesse,la bonne nouvelle,Suggérée,Joie,word,bonne,SitEmo
LitteratureJeunesse,la bonne nouvelle,Suggérée,Joie,word,nouvelle,SitEmo
LitteratureJeunesse,!,Montrée,Joie,punctuation,!,SitEmo
LitteratureJeunesse,la croisière tombe à l'eau,Suggérée,Tristesse,word,croisière,SitEmo
LitteratureJeunesse,la croisière tombe à l'eau,Suggérée,Tristesse,word,tombe,SitEmo
LitteratureJeunesse,la croisière tombe à l'eau,Suggérée,Tristesse,word,l'eau,SitEmo
LitteratureJeunesse,la croisière tombe à l'eau,Suggérée,Tristesse,punctuation,',SitEmo
LitteratureJeunesse,Heureusement,Montrée,Joie,word,heureusement,SitEmo
LitteratureJeunesse,Un grand crash,Montrée,Peur,word,grand,SitEmo
LitteratureJeunesse,Un grand crash,Montrée,Surprise,word,grand,SitEmo
LitteratureJeunesse,Un grand crash,Montrée,Peur,word,crash,SitEmo
LitteratureJeunesse,Un grand crash,Montrée,Surprise,word,crash,SitEmo
LitteratureJeunesse,Un grand hôtel,Suggérée,Joie,word,grand,SitEmo
LitteratureJeunesse,Un grand hôtel,Suggérée,Joie,word,hôtel,SitEmo
LitteratureJeunesse,l'électricité est revenue,Suggérée,Joie,word,l'électricité,SitEmo
LitteratureJeunesse,l'électricité est revenue,Suggérée,Joie,word,revenue,SitEmo
LitteratureJeunesse,l'électricité est revenue,Suggérée,Joie,punctuation,',SitEmo
LitteratureJeunesse,petit déjeuner ; baguettes ; croissants,Suggérée,Joie,word,petit,SitEmo
LitteratureJeunesse,petit déjeuner ; baguettes ; croissants,Suggérée,Joie,word,déjeuner,SitEmo
LitteratureJeunesse,petit déjeuner ; baguettes ; croissants,Suggérée,Joie,word,baguettes,SitEmo
LitteratureJeunesse,petit déjeuner ; baguettes ; croissants,Suggérée,Joie,word,croissants,SitEmo
LitteratureJeunesse,petit déjeuner ; baguettes ; croissants,Suggérée,Joie,punctuation,;,SitEmo
LitteratureJeunesse,petit déjeuner ; baguettes ; croissants,Suggérée,Joie,punctuation,;,SitEmo
LitteratureJeunesse,ça te prend tout ton temps,Suggérée,Tristesse,word,prend,SitEmo
LitteratureJeunesse,ça te prend tout ton temps,Suggérée,Tristesse,word,temps,SitEmo
LitteratureJeunesse,!,Montrée,Tristesse,punctuation,!,SitEmo
LitteratureJeunesse,un mariage sur deux finit par un divorce,Suggérée,Surprise,word,mariage,SitEmo
LitteratureJeunesse,un mariage sur deux finit par un divorce,Suggérée,Surprise,word,deux,SitEmo
LitteratureJeunesse,un mariage sur deux finit par un divorce,Suggérée,Surprise,word,finit,SitEmo
LitteratureJeunesse,un mariage sur deux finit par un divorce,Suggérée,Surprise,word,divorce,SitEmo
LitteratureJeunesse,épouser mon premier et dernier amour,Suggérée,Joie,word,épouser,SitEmo
LitteratureJeunesse,épouser mon premier et dernier amour,Suggérée,Joie,word,premier,SitEmo
LitteratureJeunesse,épouser mon premier et dernier amour,Suggérée,Joie,word,dernier,SitEmo
LitteratureJeunesse,épouser mon premier et dernier amour,Suggérée,Joie,word,amour,SitEmo
LitteratureJeunesse,!,Montrée,Joie,punctuation,!,SitEmo
LitteratureJeunesse,Les pauves sont morts,Suggérée,Tristesse,word,pauves,SitEmo
LitteratureJeunesse,Les pauves sont morts,Suggérée,Tristesse,word,morts,SitEmo
LitteratureJeunesse,jeunes comme nous,Montrée,Colère,word,jeunes,SitEmo
LitteratureJeunesse,!,Montrée,Colère,punctuation,!,SitEmo
LitteratureJeunesse,qu'on en finisse,Montrée,Colère,word,qu'on,SitEmo
LitteratureJeunesse,qu'on en finisse,Montrée,Colère,word,finisse,SitEmo
LitteratureJeunesse,qu'on en finisse,Montrée,Colère,punctuation,',SitEmo
LitteratureJeunesse,c'est le cas,Montrée,Joie,word,c'est,SitEmo
LitteratureJeunesse,c'est le cas,Montrée,Joie,word,cas,SitEmo
LitteratureJeunesse,c'est le cas,Montrée,Joie,punctuation,',SitEmo
LitteratureJeunesse,!,Montrée,Joie,punctuation,!,SitEmo
LitteratureJeunesse,contente,Désignée,Joie,word,contente,SitEmo
LitteratureJeunesse,a l’air magnifique,Suggérée,Joie,word,air,SitEmo
LitteratureJeunesse,a l’air magnifique,Suggérée,Joie,word,magnifique,SitEmo
LitteratureJeunesse,...,Montrée,Tristesse,punctuation,…,SitEmo
LitteratureJeunesse,c'est cuit pour,Montrée,Tristesse,word,c'est,SitEmo
LitteratureJeunesse,c'est cuit pour,Montrée,Tristesse,word,cuit,SitEmo
LitteratureJeunesse,c'est cuit pour,Montrée,Tristesse,punctuation,',SitEmo
LitteratureJeunesse,!,Montrée,Tristesse,punctuation,!,SitEmo
LitteratureJeunesse,compliqué ; formalités ; paprasseries,Suggérée,Tristesse,word,compliqué,SitEmo
LitteratureJeunesse,compliqué ; formalités ; paprasseries,Suggérée,Tristesse,word,formalités,SitEmo
LitteratureJeunesse,compliqué ; formalités ; paprasseries,Suggérée,Tristesse,word,paprasseries,SitEmo
LitteratureJeunesse,compliqué ; formalités ; paprasseries,Suggérée,Tristesse,punctuation,;,SitEmo
LitteratureJeunesse,compliqué ; formalités ; paprasseries,Suggérée,Tristesse,punctuation,;,SitEmo
LitteratureJeunesse,être effondrée,Désignée,Tristesse,word,effondrée,SitEmo
LitteratureJeunesse,"Oh, là, là",Montrée,Surprise,word,oh,SitEmo
LitteratureJeunesse,"Oh, là, là",Montrée,Surprise,punctuation,",",SitEmo
LitteratureJeunesse,"Oh, là, là",Montrée,Surprise,punctuation,",",SitEmo
LitteratureJeunesse,!,Montrée,Surprise,punctuation,!,SitEmo
LitteratureJeunesse,désespérer,Désignée,Tristesse,word,désespérer,SitEmo
LitteratureJeunesse,...,Montrée,Tristesse,punctuation,…,SitEmo
LitteratureJeunesse,ce mariage n’était pas une bonne idée,Suggérée,Tristesse,word,mariage,SitEmo
LitteratureJeunesse,ce mariage n’était pas une bonne idée,Suggérée,Tristesse,word,bonne,SitEmo
LitteratureJeunesse,ce mariage n’était pas une bonne idée,Suggérée,Tristesse,word,idée,SitEmo
LitteratureJeunesse,est sur le point de baisser les bras,Suggérée,Tristesse,word,point,SitEmo
LitteratureJeunesse,est sur le point de baisser les bras,Suggérée,Tristesse,word,baisser,SitEmo
LitteratureJeunesse,est sur le point de baisser les bras,Suggérée,Tristesse,word,bras,SitEmo
LitteratureJeunesse,optimiste,Désignée,Joie,word,optimiste,SitEmo
LitteratureJeunesse,s'inquiète,Désignée,Peur,word,s'inquiète,SitEmo
LitteratureJeunesse,s'inquiète,Désignée,Peur,punctuation,',SitEmo
LitteratureJeunesse,est dans un état pas possible,Suggérée,Peur,word,état,SitEmo
LitteratureJeunesse,est dans un état pas possible,Suggérée,Peur,word,possible,SitEmo
LitteratureJeunesse,Bien sûr,Montrée,Joie,word,sûr,SitEmo
LitteratureJeunesse,une belle idée,Suggérée,Joie,word,belle,SitEmo
LitteratureJeunesse,une belle idée,Suggérée,Joie,word,idée,SitEmo
LitteratureJeunesse,un endroit romantique dans Paris,Suggérée,Joie,word,endroit,SitEmo
LitteratureJeunesse,un endroit romantique dans Paris,Suggérée,Joie,word,romantique,SitEmo
LitteratureJeunesse,un endroit romantique dans Paris,Suggérée,Joie,word,paris,SitEmo
LitteratureJeunesse,peur,Désignée,Peur,word,peur,SitEmo
LitteratureJeunesse,étonnés,Désignée,Surprise,word,étonnés,SitEmo
LitteratureJeunesse,très pauvre,Suggérée,Tristesse,word,pauvre,SitEmo
LitteratureJeunesse,mangeait rarement à sa faim.,Suggérée,Tristesse,word,mangeait,SitEmo
LitteratureJeunesse,mangeait rarement à sa faim.,Suggérée,Tristesse,word,rarement,SitEmo
LitteratureJeunesse,mangeait rarement à sa faim.,Suggérée,Tristesse,word,faim,SitEmo
LitteratureJeunesse,mangeait rarement à sa faim.,Suggérée,Tristesse,punctuation,.,SitEmo
LitteratureJeunesse,fâchais,Désignée,Colère,word,fâchais,SitEmo
LitteratureJeunesse,frustrée,Désignée,Tristesse,word,frustrée,SitEmo
LitteratureJeunesse,"ous ces jouets, tous ces habits qu’elle ne pourrait jamais avoir",Suggérée,Tristesse,word,ous,SitEmo
LitteratureJeunesse,"ous ces jouets, tous ces habits qu’elle ne pourrait jamais avoir",Suggérée,Tristesse,word,jouets,SitEmo
LitteratureJeunesse,"ous ces jouets, tous ces habits qu’elle ne pourrait jamais avoir",Suggérée,Tristesse,word,habits,SitEmo
LitteratureJeunesse,"ous ces jouets, tous ces habits qu’elle ne pourrait jamais avoir",Suggérée,Tristesse,word,pourrait,SitEmo
LitteratureJeunesse,"ous ces jouets, tous ces habits qu’elle ne pourrait jamais avoir",Suggérée,Tristesse,punctuation,",",SitEmo
LitteratureJeunesse,dégoutée,Désignée,Dégoût,word,dégoutée,SitEmo
LitteratureJeunesse,elle faisait passer l’argent avant l’amour,Suggérée,Dégoût,word,faisait,SitEmo
LitteratureJeunesse,elle faisait passer l’argent avant l’amour,Suggérée,Surprise,word,faisait,SitEmo
LitteratureJeunesse,elle faisait passer l’argent avant l’amour,Suggérée,Dégoût,word,passer,SitEmo
LitteratureJeunesse,elle faisait passer l’argent avant l’amour,Suggérée,Surprise,word,passer,SitEmo
LitteratureJeunesse,elle faisait passer l’argent avant l’amour,Suggérée,Dégoût,word,argent,SitEmo
LitteratureJeunesse,elle faisait passer l’argent avant l’amour,Suggérée,Surprise,word,argent,SitEmo
LitteratureJeunesse,elle faisait passer l’argent avant l’amour,Suggérée,Dégoût,word,avant,SitEmo
LitteratureJeunesse,elle faisait passer l’argent avant l’amour,Suggérée,Surprise,word,avant,SitEmo
LitteratureJeunesse,elle faisait passer l’argent avant l’amour,Suggérée,Dégoût,word,amour,SitEmo
LitteratureJeunesse,elle faisait passer l’argent avant l’amour,Suggérée,Surprise,word,amour,SitEmo
LitteratureJeunesse,faire plaisir aux autres,Suggérée,Joie,word,plaisir,SitEmo
LitteratureJeunesse,l'amour suffit pour être heureux.,Désignée,Joie,word,l'amour,SitEmo
LitteratureJeunesse,l'amour suffit pour être heureux.,Désignée,Joie,word,suffit,SitEmo
LitteratureJeunesse,l'amour suffit pour être heureux.,Désignée,Joie,word,heureux,SitEmo
LitteratureJeunesse,l'amour suffit pour être heureux.,Désignée,Joie,punctuation,',SitEmo
LitteratureJeunesse,l'amour suffit pour être heureux.,Désignée,Joie,punctuation,.,SitEmo
LitteratureJeunesse,le plus beau mariage de sa vie,Suggérée,Joie,word,beau,SitEmo
LitteratureJeunesse,le plus beau mariage de sa vie,Suggérée,Joie,word,mariage,SitEmo
LitteratureJeunesse,le plus beau mariage de sa vie,Suggérée,Joie,word,vie,SitEmo
LitteratureJeunesse,C'est pour ça qu',Montrée,Surprise,word,c'est,SitEmo
LitteratureJeunesse,C'est pour ça qu',Montrée,Surprise,punctuation,',SitEmo
LitteratureJeunesse,C'est pour ça qu',Montrée,Surprise,punctuation,',SitEmo
LitteratureJeunesse,s'écrie,Comportementale,Dégoût,word,s'écrie,SitEmo
LitteratureJeunesse,s'écrie,Comportementale,Surprise,word,s'écrie,SitEmo
LitteratureJeunesse,s'écrie,Comportementale,Dégoût,punctuation,',SitEmo
LitteratureJeunesse,s'écrie,Comportementale,Surprise,punctuation,',SitEmo
LitteratureJeunesse,ses plus beaux habits,Suggérée,Joie,word,beaux,SitEmo
LitteratureJeunesse,ses plus beaux habits,Suggérée,Joie,word,habits,SitEmo
LitteratureJeunesse,bonheur,Désignée,Joie,word,bonheur,SitEmo
LitteratureJeunesse,radieux,Comportementale,Joie,word,radieux,SitEmo
LitteratureJeunesse,heureux,Désignée,Joie,word,heureux,SitEmo
LitteratureJeunesse,n’a pas pu s’empêcher d’organiser quelque chose,Suggérée,Joie,word,pu,SitEmo
LitteratureJeunesse,n’a pas pu s’empêcher d’organiser quelque chose,Suggérée,Joie,word,empêcher,SitEmo
LitteratureJeunesse,n’a pas pu s’empêcher d’organiser quelque chose,Suggérée,Joie,word,organiser,SitEmo
LitteratureJeunesse,n’a pas pu s’empêcher d’organiser quelque chose,Suggérée,Joie,word,chose,SitEmo
LitteratureJeunesse,succulents petits-fours,Suggérée,Joie,word,succulents,SitEmo
LitteratureJeunesse,succulents petits-fours,Suggérée,Joie,word,petits-fours,SitEmo
LitteratureJeunesse,succulents petits-fours,Suggérée,Joie,punctuation,-,SitEmo
LitteratureJeunesse,Paris lumineux,Suggérée,Joie,word,paris,SitEmo
LitteratureJeunesse,Paris lumineux,Suggérée,Joie,word,lumineux,SitEmo
LitteratureJeunesse,étonné,Désignée,Surprise,word,étonné,SitEmo
LitteratureJeunesse,souriant,Comportementale,Joie,word,souriant,SitEmo
LitteratureJeunesse,fait la fête,Suggérée,Joie,word,fête,SitEmo
LitteratureJeunesse,émue,Désignée,Joie,word,émue,SitEmo
LitteratureJeunesse,c'est le pique-nique le plus réussi de ma vie,Suggérée,Joie,word,c'est,SitEmo
LitteratureJeunesse,c'est le pique-nique le plus réussi de ma vie,Suggérée,Joie,word,pique-nique,SitEmo
LitteratureJeunesse,c'est le pique-nique le plus réussi de ma vie,Suggérée,Joie,word,réussi,SitEmo
LitteratureJeunesse,c'est le pique-nique le plus réussi de ma vie,Suggérée,Joie,word,vie,SitEmo
LitteratureJeunesse,c'est le pique-nique le plus réussi de ma vie,Suggérée,Joie,punctuation,',SitEmo
LitteratureJeunesse,c'est le pique-nique le plus réussi de ma vie,Suggérée,Joie,punctuation,-,SitEmo
LitteratureJeunesse,!,Montrée,Joie,punctuation,!,SitEmo
LitteratureJeunesse,Quelle bonne idée,Montrée,Joie,word,quelle,SitEmo
LitteratureJeunesse,Quelle bonne idée,Montrée,Joie,word,bonne,SitEmo
LitteratureJeunesse,Quelle bonne idée,Montrée,Joie,word,idée,SitEmo
LitteratureJeunesse,l'homme de ma vie,Suggérée,Joie,word,l'homme,SitEmo
LitteratureJeunesse,l'homme de ma vie,Suggérée,Joie,word,vie,SitEmo
LitteratureJeunesse,l'homme de ma vie,Suggérée,Joie,punctuation,',SitEmo
LitteratureJeunesse,"buffet, simple mais décilieux",Suggérée,Joie,word,buffet,SitEmo
LitteratureJeunesse,"buffet, simple mais décilieux",Suggérée,Joie,word,simple,SitEmo
LitteratureJeunesse,"buffet, simple mais décilieux",Suggérée,Joie,word,décilieux,SitEmo
LitteratureJeunesse,"buffet, simple mais décilieux",Suggérée,Joie,punctuation,",",SitEmo
LitteratureJeunesse,rit beaucoup,Comportementale,Joie,word,rit,SitEmo
LitteratureJeunesse,rit beaucoup,Comportementale,Joie,word,beaucoup,SitEmo
LitteratureJeunesse,Quel rêve de voir ses deux parents à nouveau réunis,Suggérée,Joie,word,quel,SitEmo
LitteratureJeunesse,Quel rêve de voir ses deux parents à nouveau réunis,Suggérée,Joie,word,rêve,SitEmo
LitteratureJeunesse,Quel rêve de voir ses deux parents à nouveau réunis,Suggérée,Joie,word,voir,SitEmo
LitteratureJeunesse,Quel rêve de voir ses deux parents à nouveau réunis,Suggérée,Joie,word,deux,SitEmo
LitteratureJeunesse,Quel rêve de voir ses deux parents à nouveau réunis,Suggérée,Joie,word,parents,SitEmo
LitteratureJeunesse,Quel rêve de voir ses deux parents à nouveau réunis,Suggérée,Joie,word,nouveau,SitEmo
LitteratureJeunesse,Quel rêve de voir ses deux parents à nouveau réunis,Suggérée,Joie,word,réunis,SitEmo
LitteratureJeunesse,!,Montrée,Joie,punctuation,!,SitEmo
LitteratureJeunesse,tout le bonheur du monde,Suggérée,Joie,word,bonheur,SitEmo
LitteratureJeunesse,tout le bonheur du monde,Suggérée,Joie,word,monde,SitEmo
LitteratureJeunesse,Grand-mère et grand-père sont mariés,Suggérée,Joie,word,grand-mère,SitEmo
LitteratureJeunesse,Grand-mère et grand-père sont mariés,Suggérée,Joie,word,grand-père,SitEmo
LitteratureJeunesse,Grand-mère et grand-père sont mariés,Suggérée,Joie,word,mariés,SitEmo
LitteratureJeunesse,Grand-mère et grand-père sont mariés,Suggérée,Joie,punctuation,-,SitEmo
LitteratureJeunesse,Grand-mère et grand-père sont mariés,Suggérée,Joie,punctuation,-,SitEmo
LitteratureJeunesse,espère que c'est pour la vie,Suggérée,Joie,word,espère,SitEmo
LitteratureJeunesse,espère que c'est pour la vie,Suggérée,Joie,word,c'est,SitEmo
LitteratureJeunesse,espère que c'est pour la vie,Suggérée,Joie,word,vie,SitEmo
LitteratureJeunesse,espère que c'est pour la vie,Suggérée,Joie,punctuation,',SitEmo
LitteratureJeunesse,Les enfants jouent et courent à travers le parc,Suggérée,Joie,word,enfants,SitEmo
LitteratureJeunesse,Les enfants jouent et courent à travers le parc,Suggérée,Joie,word,jouent,SitEmo
LitteratureJeunesse,Les enfants jouent et courent à travers le parc,Suggérée,Joie,word,courent,SitEmo
LitteratureJeunesse,Les enfants jouent et courent à travers le parc,Suggérée,Joie,word,travers,SitEmo
LitteratureJeunesse,Les enfants jouent et courent à travers le parc,Suggérée,Joie,word,parc,SitEmo
LitteratureJeunesse,!,Montrée,Joie,punctuation,!,SitEmo
LitteratureJeunesse,!,Montrée,Joie,punctuation,!,SitEmo
LitteratureJeunesse,bonheur,Désignée,Joie,word,bonheur,SitEmo
LitteratureJeunesse,Bravo,Montrée,Fierté,word,bravo,SitEmo
LitteratureJeunesse,!,Montrée,Fierté,punctuation,!,SitEmo
LitteratureJeunesse,meilleur,Suggérée,Fierté,word,meilleur,SitEmo
LitteratureJeunesse,!,Montrée,Fierté,punctuation,!,SitEmo
LitteratureJeunesse,vraiment,Montrée,Fierté,word,vraiment,SitEmo
LitteratureJeunesse,chance,Suggérée,Joie,word,chance,SitEmo
LitteratureJeunesse,plaisante,Désignée,Joie,word,plaisante,SitEmo
LitteratureJeunesse,merveilleux,Désignée,Admiration,word,merveilleux,SitEmo
LitteratureJeunesse,vraiment,Montrée,Admiration,word,vraiment,SitEmo
LitteratureJeunesse,chance,Suggérée,Admiration,word,chance,SitEmo
LitteratureJeunesse,!,Montrée,Admiration,punctuation,!,SitEmo
LitteratureJeunesse,nous faisons deux fois la même bêtise,Suggérée,Joie,word,deux,SitEmo
LitteratureJeunesse,nous faisons deux fois la même bêtise,Suggérée,Joie,word,fois,SitEmo
LitteratureJeunesse,nous faisons deux fois la même bêtise,Suggérée,Joie,word,bêtise,SitEmo
LitteratureJeunesse,je n'avais pas les moyens,Suggérée,Tristesse,word,n'avais,SitEmo
LitteratureJeunesse,je n'avais pas les moyens,Suggérée,Tristesse,word,moyens,SitEmo
LitteratureJeunesse,je n'avais pas les moyens,Suggérée,Tristesse,punctuation,',SitEmo
LitteratureJeunesse,partager cet amour avec tous ceux qu'on aime,Suggérée,Joie,word,partager,SitEmo
LitteratureJeunesse,partager cet amour avec tous ceux qu'on aime,Suggérée,Joie,word,amour,SitEmo
LitteratureJeunesse,partager cet amour avec tous ceux qu'on aime,Suggérée,Joie,word,qu'on,SitEmo
LitteratureJeunesse,partager cet amour avec tous ceux qu'on aime,Suggérée,Joie,word,aime,SitEmo
LitteratureJeunesse,partager cet amour avec tous ceux qu'on aime,Suggérée,Joie,punctuation,',SitEmo
LitteratureJeunesse,!,Montrée,Joie,punctuation,!,SitEmo
LitteratureJeunesse,violent coup de foudre coupe l'électricité,Suggérée,Peur,word,violent,SitEmo
LitteratureJeunesse,violent coup de foudre coupe l'électricité,Suggérée,Peur,word,coup,SitEmo
LitteratureJeunesse,violent coup de foudre coupe l'électricité,Suggérée,Peur,word,foudre,SitEmo
LitteratureJeunesse,violent coup de foudre coupe l'électricité,Suggérée,Peur,word,coupe,SitEmo
LitteratureJeunesse,violent coup de foudre coupe l'électricité,Suggérée,Peur,word,l'électricité,SitEmo
LitteratureJeunesse,violent coup de foudre coupe l'électricité,Suggérée,Peur,punctuation,',SitEmo
LitteratureJeunesse,célébrer notre amour,Suggérée,Joie,word,célébrer,SitEmo
LitteratureJeunesse,célébrer notre amour,Suggérée,Joie,word,amour,SitEmo
LitteratureJeunesse,seras mon témoin,Suggérée,Joie,word,seras,SitEmo
LitteratureJeunesse,seras mon témoin,Suggérée,Joie,word,témoin,SitEmo
LitteratureJeunesse,"anse déjà dans sa tête avec des orchestres de violons, elle danse pour les amoureux, danse pour l’amour, danse pour la passion.",Suggérée,Joie,word,anse,SitEmo
LitteratureJeunesse,"anse déjà dans sa tête avec des orchestres de violons, elle danse pour les amoureux, danse pour l’amour, danse pour la passion.",Suggérée,Joie,word,déjà,SitEmo
LitteratureJeunesse,"anse déjà dans sa tête avec des orchestres de violons, elle danse pour les amoureux, danse pour l’amour, danse pour la passion.",Suggérée,Joie,word,tête,SitEmo
LitteratureJeunesse,"anse déjà dans sa tête avec des orchestres de violons, elle danse pour les amoureux, danse pour l’amour, danse pour la passion.",Suggérée,Joie,word,orchestres,SitEmo
LitteratureJeunesse,"anse déjà dans sa tête avec des orchestres de violons, elle danse pour les amoureux, danse pour l’amour, danse pour la passion.",Suggérée,Joie,word,violons,SitEmo
LitteratureJeunesse,"anse déjà dans sa tête avec des orchestres de violons, elle danse pour les amoureux, danse pour l’amour, danse pour la passion.",Suggérée,Joie,word,danse,SitEmo
LitteratureJeunesse,"anse déjà dans sa tête avec des orchestres de violons, elle danse pour les amoureux, danse pour l’amour, danse pour la passion.",Suggérée,Joie,word,amoureux,SitEmo
LitteratureJeunesse,"anse déjà dans sa tête avec des orchestres de violons, elle danse pour les amoureux, danse pour l’amour, danse pour la passion.",Suggérée,Joie,word,danse,SitEmo
LitteratureJeunesse,"anse déjà dans sa tête avec des orchestres de violons, elle danse pour les amoureux, danse pour l’amour, danse pour la passion.",Suggérée,Joie,word,amour,SitEmo
LitteratureJeunesse,"anse déjà dans sa tête avec des orchestres de violons, elle danse pour les amoureux, danse pour l’amour, danse pour la passion.",Suggérée,Joie,word,danse,SitEmo
LitteratureJeunesse,"anse déjà dans sa tête avec des orchestres de violons, elle danse pour les amoureux, danse pour l’amour, danse pour la passion.",Suggérée,Joie,word,passion,SitEmo
LitteratureJeunesse,"anse déjà dans sa tête avec des orchestres de violons, elle danse pour les amoureux, danse pour l’amour, danse pour la passion.",Suggérée,Joie,punctuation,",",SitEmo
LitteratureJeunesse,"anse déjà dans sa tête avec des orchestres de violons, elle danse pour les amoureux, danse pour l’amour, danse pour la passion.",Suggérée,Joie,punctuation,",",SitEmo
LitteratureJeunesse,"anse déjà dans sa tête avec des orchestres de violons, elle danse pour les amoureux, danse pour l’amour, danse pour la passion.",Suggérée,Joie,punctuation,",",SitEmo
LitteratureJeunesse,"anse déjà dans sa tête avec des orchestres de violons, elle danse pour les amoureux, danse pour l’amour, danse pour la passion.",Suggérée,Joie,punctuation,.,SitEmo
LitteratureJeunesse,Tout lui plait,Suggérée,Joie,word,plait,SitEmo
LitteratureJeunesse,faire rire,Suggérée,Joie,word,rire,SitEmo
LitteratureJeunesse,critique,Suggérée,Colère,word,critique,SitEmo
LitteratureJeunesse,s'amuse comme des fous,Comportementale,Joie,word,s'amuse,SitEmo
LitteratureJeunesse,s'amuse comme des fous,Comportementale,Joie,word,fous,SitEmo
LitteratureJeunesse,s'amuse comme des fous,Comportementale,Joie,punctuation,',SitEmo
LitteratureJeunesse,Jours de beau temps,Suggérée,Joie,word,jours,SitEmo
LitteratureJeunesse,Jours de beau temps,Suggérée,Joie,word,beau,SitEmo
LitteratureJeunesse,Jours de beau temps,Suggérée,Joie,word,temps,SitEmo
LitteratureJeunesse,on ne parte pas du tout,Suggérée,Tristesse,word,parte,SitEmo
LitteratureJeunesse,une coupe de miel,Suggérée,Joie,word,coupe,SitEmo
LitteratureJeunesse,une coupe de miel,Suggérée,Joie,word,miel,SitEmo
LitteratureJeunesse,une coupe de poison,Suggérée,Tristesse,word,coupe,SitEmo
LitteratureJeunesse,une coupe de poison,Suggérée,Tristesse,word,poison,SitEmo
LitteratureJeunesse,les gens sont-ils si négatifs,Suggérée,Tristesse,word,gens,SitEmo
LitteratureJeunesse,les gens sont-ils si négatifs,Suggérée,Tristesse,word,sont-ils,SitEmo
LitteratureJeunesse,les gens sont-ils si négatifs,Suggérée,Tristesse,word,négatifs,SitEmo
LitteratureJeunesse,les gens sont-ils si négatifs,Suggérée,Tristesse,punctuation,-,SitEmo
LitteratureJeunesse,Les deux mariés ne se connaissaient même pas,Suggérée,Tristesse,word,deux,SitEmo
LitteratureJeunesse,Les deux mariés ne se connaissaient même pas,Suggérée,Tristesse,word,mariés,SitEmo
LitteratureJeunesse,Les deux mariés ne se connaissaient même pas,Suggérée,Tristesse,word,connaissaient,SitEmo
LitteratureJeunesse,On n'épousait pas forcément celui ou celle qu'on aimait,Suggérée,Tristesse,word,n'épousait,SitEmo
LitteratureJeunesse,On n'épousait pas forcément celui ou celle qu'on aimait,Suggérée,Tristesse,word,forcément,SitEmo
LitteratureJeunesse,On n'épousait pas forcément celui ou celle qu'on aimait,Suggérée,Tristesse,word,qu'on,SitEmo
LitteratureJeunesse,On n'épousait pas forcément celui ou celle qu'on aimait,Suggérée,Tristesse,word,aimait,SitEmo
LitteratureJeunesse,On n'épousait pas forcément celui ou celle qu'on aimait,Suggérée,Tristesse,punctuation,',SitEmo
LitteratureJeunesse,On n'épousait pas forcément celui ou celle qu'on aimait,Suggérée,Tristesse,punctuation,',SitEmo
LitteratureJeunesse,leurs familles ne voulaient pas les laisser s’aimer,Suggérée,Tristesse,word,familles,SitEmo
LitteratureJeunesse,leurs familles ne voulaient pas les laisser s’aimer,Suggérée,Tristesse,word,voulaient,SitEmo
LitteratureJeunesse,leurs familles ne voulaient pas les laisser s’aimer,Suggérée,Tristesse,word,laisser,SitEmo
LitteratureJeunesse,leurs familles ne voulaient pas les laisser s’aimer,Suggérée,Tristesse,word,aimer,SitEmo
LitteratureJeunesse,faire une cérémonie qui nous lie,Suggérée,Joie,word,cérémonie,SitEmo
LitteratureJeunesse,faire une cérémonie qui nous lie,Suggérée,Joie,word,lie,SitEmo
LitteratureJeunesse,vivent heureux,Suggérée,Joie,word,vivent,SitEmo
LitteratureJeunesse,vivent heureux,Suggérée,Joie,word,heureux,SitEmo
LitteratureJeunesse,Grand-Père Mimi se casse la jambe en essayant de sauter d’une télécabine,Suggérée,Tristesse,word,grand-père,SitEmo
LitteratureJeunesse,Grand-Père Mimi se casse la jambe en essayant de sauter d’une télécabine,Suggérée,Tristesse,word,mimi,SitEmo
LitteratureJeunesse,Grand-Père Mimi se casse la jambe en essayant de sauter d’une télécabine,Suggérée,Tristesse,word,casse,SitEmo
LitteratureJeunesse,Grand-Père Mimi se casse la jambe en essayant de sauter d’une télécabine,Suggérée,Tristesse,word,jambe,SitEmo
LitteratureJeunesse,Grand-Père Mimi se casse la jambe en essayant de sauter d’une télécabine,Suggérée,Tristesse,word,essayant,SitEmo
LitteratureJeunesse,Grand-Père Mimi se casse la jambe en essayant de sauter d’une télécabine,Suggérée,Tristesse,word,sauter,SitEmo
LitteratureJeunesse,Grand-Père Mimi se casse la jambe en essayant de sauter d’une télécabine,Suggérée,Tristesse,word,télécabine,SitEmo
LitteratureJeunesse,Grand-Père Mimi se casse la jambe en essayant de sauter d’une télécabine,Suggérée,Tristesse,punctuation,-,SitEmo
LitteratureJeunesse,il leur lit toujours une histoire,Suggérée,Joie,word,lit,SitEmo
LitteratureJeunesse,il leur lit toujours une histoire,Suggérée,Joie,word,histoire,SitEmo
LitteratureJeunesse,elle ne peut pas s’empêcher de me téléphoner dix-sept fois par jour,Suggérée,Joie,word,empêcher,SitEmo
LitteratureJeunesse,elle ne peut pas s’empêcher de me téléphoner dix-sept fois par jour,Suggérée,Joie,word,téléphoner,SitEmo
LitteratureJeunesse,elle ne peut pas s’empêcher de me téléphoner dix-sept fois par jour,Suggérée,Joie,word,dix-sept,SitEmo
LitteratureJeunesse,elle ne peut pas s’empêcher de me téléphoner dix-sept fois par jour,Suggérée,Joie,word,fois,SitEmo
LitteratureJeunesse,elle ne peut pas s’empêcher de me téléphoner dix-sept fois par jour,Suggérée,Joie,word,jour,SitEmo
LitteratureJeunesse,elle ne peut pas s’empêcher de me téléphoner dix-sept fois par jour,Suggérée,Joie,punctuation,-,SitEmo
LitteratureJeunesse,organiser le plus beau mariage de sa vie,Suggérée,Joie,word,organiser,SitEmo
LitteratureJeunesse,organiser le plus beau mariage de sa vie,Suggérée,Joie,word,beau,SitEmo
LitteratureJeunesse,organiser le plus beau mariage de sa vie,Suggérée,Joie,word,mariage,SitEmo
LitteratureJeunesse,organiser le plus beau mariage de sa vie,Suggérée,Joie,word,vie,SitEmo
LitteratureJeunesse,se redisent oui avec bonheur,Suggérée,Joie,word,redisent,SitEmo
LitteratureJeunesse,se redisent oui avec bonheur,Suggérée,Joie,word,bonheur,SitEmo
LitteratureJeunesse,Quelle chance !,Montrée,Admiration,word,quelle,SitEmo
LitteratureJeunesse,Quelle chance !,Montrée,Admiration,word,chance,SitEmo
LitteratureJeunesse,Quelle chance !,Montrée,Admiration,punctuation,!,SitEmo
LitteratureJeunesse,en avaient marre,Désignée,Colère,word,marre,SitEmo
LitteratureJeunesse,Les deux mariés n'avaient pas leur mot à dire,Suggérée,Tristesse,word,deux,SitEmo
LitteratureJeunesse,Les deux mariés n'avaient pas leur mot à dire,Suggérée,Tristesse,word,mariés,SitEmo
LitteratureJeunesse,Les deux mariés n'avaient pas leur mot à dire,Suggérée,Tristesse,word,n'avaient,SitEmo
LitteratureJeunesse,Les deux mariés n'avaient pas leur mot à dire,Suggérée,Tristesse,word,mot,SitEmo
LitteratureJeunesse,Les deux mariés n'avaient pas leur mot à dire,Suggérée,Tristesse,punctuation,',SitEmo
LitteratureJeunesse,on force des jeunes filles à se marier,Suggérée,Tristesse,word,force,SitEmo
LitteratureJeunesse,on force des jeunes filles à se marier,Suggérée,Tristesse,word,jeunes,SitEmo
LitteratureJeunesse,on force des jeunes filles à se marier,Suggérée,Tristesse,word,filles,SitEmo
LitteratureJeunesse,on force des jeunes filles à se marier,Suggérée,Tristesse,word,marier,SitEmo
LitteratureJeunesse,ne pensait pas,Suggérée,Surprise,word,pensait,SitEmo
LitteratureJeunesse,Malgré,Montrée,Surprise,word,malgré,SitEmo
LitteratureJeunesse,en réalité,Montrée,Surprise,word,réalité,SitEmo
LitteratureJeunesse,!,Montrée,Surprise,punctuation,!,SitEmo
LitteratureJeunesse,!,Montrée,Surprise,punctuation,!,SitEmo
LitteratureJeunesse,!,Montrée,Surprise,punctuation,!,SitEmo
LitteratureJeunesse,sacré,Montrée,Admiration,word,sacré,SitEmo
LitteratureJeunesse,sacré,Montrée,Surprise,word,sacré,SitEmo
LitteratureJeunesse,!,Montrée,Admiration,punctuation,!,SitEmo
LitteratureJeunesse,!,Montrée,Surprise,punctuation,!,SitEmo
LitteratureJeunesse,Excellente,Suggérée,Admiration,word,excellente,SitEmo
LitteratureJeunesse,jusqu,Montrée,Admiration,word,jusqu,SitEmo
LitteratureJeunesse,jusqu,Montrée,Surprise,word,jusqu,SitEmo
LitteratureJeunesse,!,Montrée,Admiration,punctuation,!,SitEmo
LitteratureJeunesse,!,Montrée,Surprise,punctuation,!,SitEmo
LitteratureJeunesse,reproche,Comportementale,Colère,word,reproche,SitEmo
LitteratureJeunesse,meurt,Suggérée,Tristesse,word,meurt,SitEmo
LitteratureJeunesse,se heurte,Comportementale,Colère,word,heurte,SitEmo
LitteratureJeunesse,Les dettes s'accumulent,Suggérée,Peur,word,dettes,SitEmo
LitteratureJeunesse,Les dettes s'accumulent,Suggérée,Tristesse,word,dettes,SitEmo
LitteratureJeunesse,Les dettes s'accumulent,Suggérée,Peur,word,s'accumulent,SitEmo
LitteratureJeunesse,Les dettes s'accumulent,Suggérée,Tristesse,word,s'accumulent,SitEmo
LitteratureJeunesse,Les dettes s'accumulent,Suggérée,Peur,punctuation,',SitEmo
LitteratureJeunesse,Les dettes s'accumulent,Suggérée,Tristesse,punctuation,',SitEmo
LitteratureJeunesse,une vie+facile,Suggérée,Joie,word,vie,SitEmo
LitteratureJeunesse,une vie+facile,Suggérée,Joie,word,facile,SitEmo
LitteratureJeunesse,opposition,Comportementale,Colère,word,opposition,SitEmo
LitteratureJeunesse,se confronter,Comportementale,Colère,word,confronter,SitEmo
LitteratureJeunesse,jalousies,Désignée,Jalousie,word,jalousies,SitEmo
LitteratureJeunesse,querelles,Comportementale,Colère,word,querelles,SitEmo
LitteratureJeunesse,se confronter,Comportementale,Colère,word,confronter,SitEmo
LitteratureJeunesse,hostiles,Suggérée,Colère,word,hostiles,SitEmo
LitteratureJeunesse,rit,Comportementale,Joie,word,rit,SitEmo
LitteratureJeunesse,emprisonné,Suggérée,Peur,word,emprisonné,SitEmo
LitteratureJeunesse,emprisonné,Suggérée,Tristesse,word,emprisonné,SitEmo
LitteratureJeunesse,jalousies,Comportementale,Jalousie,word,jalousies,SitEmo
LitteratureJeunesse,victime;déforestation;braconnage,Suggérée,Tristesse,word,victime,SitEmo
LitteratureJeunesse,victime;déforestation;braconnage,Suggérée,Tristesse,word,déforestation,SitEmo
LitteratureJeunesse,victime;déforestation;braconnage,Suggérée,Tristesse,word,braconnage,SitEmo
LitteratureJeunesse,victime;déforestation;braconnage,Suggérée,Tristesse,punctuation,;,SitEmo
LitteratureJeunesse,victime;déforestation;braconnage,Suggérée,Tristesse,punctuation,;,SitEmo
LitteratureJeunesse,danger,Désignée,Peur,word,danger,SitEmo
LitteratureJeunesse,agressives,Suggérée,Peur,word,agressives,SitEmo
LitteratureJeunesse,attaquent,Suggérée,Peur,word,attaquent,SitEmo
LitteratureJeunesse,Malgré,Montrée,Tristesse,word,malgré,SitEmo
LitteratureJeunesse,plus que 4 oiseaux sauvages,Suggérée,Tristesse,word,oiseaux,SitEmo
LitteratureJeunesse,plus que 4 oiseaux sauvages,Suggérée,Tristesse,word,sauvages,SitEmo
LitteratureJeunesse,heureux,Désignée,Joie,word,heureux,SitEmo
LitteratureJeunesse,n'aura jamais d’œufs ni de petits,Suggérée,Tristesse,word,n'aura,SitEmo
LitteratureJeunesse,n'aura jamais d’œufs ni de petits,Suggérée,Tristesse,word,œufs,SitEmo
LitteratureJeunesse,n'aura jamais d’œufs ni de petits,Suggérée,Tristesse,word,petits,SitEmo
LitteratureJeunesse,n'aura jamais d’œufs ni de petits,Suggérée,Tristesse,punctuation,',SitEmo
LitteratureJeunesse,...,Montrée,Tristesse,punctuation,…,SitEmo
LitteratureJeunesse,en difficultés financières,Suggérée,Tristesse,word,difficultés,SitEmo
LitteratureJeunesse,en difficultés financières,Suggérée,Peur,word,difficultés,SitEmo
LitteratureJeunesse,en difficultés financières,Suggérée,Tristesse,word,financières,SitEmo
LitteratureJeunesse,en difficultés financières,Suggérée,Peur,word,financières,SitEmo
LitteratureJeunesse,mauvaise,Suggérée,Peur,word,mauvaise,SitEmo
LitteratureJeunesse,mauvaise,Suggérée,Tristesse,word,mauvaise,SitEmo
LitteratureJeunesse,recherché,Suggérée,Peur,word,recherché,SitEmo
LitteratureJeunesse,recherché,Suggérée,Tristesse,word,recherché,SitEmo
LitteratureJeunesse,forcé,Suggérée,Tristesse,word,forcé,SitEmo
LitteratureJeunesse,déchu,Suggérée,Tristesse,word,déchu,SitEmo
LitteratureJeunesse,emprisonné,Suggérée,Peur,word,emprisonné,SitEmo
LitteratureJeunesse,emprisonné,Suggérée,Tristesse,word,emprisonné,SitEmo
LitteratureJeunesse,confisqués,Suggérée,Tristesse,word,confisqués,SitEmo
LitteratureJeunesse,véritable,Montrée,Admiration,word,véritable,SitEmo
LitteratureJeunesse,véritable,Montrée,Admiration,word,véritable,SitEmo
LitteratureJeunesse,réduite au simple rôle de,Montrée,Tristesse,word,réduite,SitEmo
LitteratureJeunesse,réduite au simple rôle de,Montrée,Tristesse,word,simple,SitEmo
LitteratureJeunesse,réduite au simple rôle de,Montrée,Tristesse,word,rôle,SitEmo
LitteratureJeunesse,persécuté,Suggérée,Peur,word,persécuté,SitEmo
LitteratureJeunesse,refuge,Comportementale,Peur,word,refuge,SitEmo
LitteratureJeunesse,tout simplement,Montrée,Surprise,word,simplement,SitEmo
LitteratureJeunesse,!,Montrée,Surprise,punctuation,!,SitEmo
LitteratureJeunesse,séparés,Suggérée,Tristesse,word,séparés,SitEmo
LitteratureJeunesse,détriment,Suggérée,Colère,word,détriment,SitEmo
LitteratureJeunesse,prestige,Désignée,Admiration,word,prestige,SitEmo
LitteratureJeunesse,conflits,Comportementale,Colère,word,conflits,SitEmo
LitteratureJeunesse,révolte,Comportementale,Colère,word,révolte,SitEmo
LitteratureJeunesse,contre;s’imposait pour trop,Suggérée,Colère,word,contre,SitEmo
LitteratureJeunesse,contre;s’imposait pour trop,Suggérée,Colère,word,imposait,SitEmo
LitteratureJeunesse,contre;s’imposait pour trop,Suggérée,Colère,punctuation,;,SitEmo
LitteratureJeunesse,gagnera,Suggérée,Joie,word,gagnera,SitEmo
LitteratureJeunesse,gagnera,Suggérée,Fierté,word,gagnera,SitEmo
LitteratureJeunesse,renforcera;pouvoir;autorité,Suggérée,Joie,word,renforcera,SitEmo
LitteratureJeunesse,renforcera;pouvoir;autorité,Suggérée,Fierté,word,renforcera,SitEmo
LitteratureJeunesse,renforcera;pouvoir;autorité,Suggérée,Joie,word,autorité,SitEmo
LitteratureJeunesse,renforcera;pouvoir;autorité,Suggérée,Fierté,word,autorité,SitEmo
LitteratureJeunesse,renforcera;pouvoir;autorité,Suggérée,Joie,punctuation,;,SitEmo
LitteratureJeunesse,renforcera;pouvoir;autorité,Suggérée,Fierté,punctuation,;,SitEmo
LitteratureJeunesse,renforcera;pouvoir;autorité,Suggérée,Joie,punctuation,;,SitEmo
LitteratureJeunesse,renforcera;pouvoir;autorité,Suggérée,Fierté,punctuation,;,SitEmo
LitteratureJeunesse,découvre;catastrophe,Suggérée,Peur,word,découvre,SitEmo
LitteratureJeunesse,découvre;catastrophe,Suggérée,Surprise,word,découvre,SitEmo
LitteratureJeunesse,découvre;catastrophe,Suggérée,Peur,word,catastrophe,SitEmo
LitteratureJeunesse,découvre;catastrophe,Suggérée,Surprise,word,catastrophe,SitEmo
LitteratureJeunesse,découvre;catastrophe,Suggérée,Peur,punctuation,;,SitEmo
LitteratureJeunesse,découvre;catastrophe,Suggérée,Surprise,punctuation,;,SitEmo
LitteratureJeunesse,rupture,Suggérée,Peur,word,rupture,SitEmo
LitteratureJeunesse,rupture,Suggérée,Surprise,word,rupture,SitEmo
LitteratureJeunesse,!,Montrée,Peur,punctuation,!,SitEmo
LitteratureJeunesse,!,Montrée,Surprise,punctuation,!,SitEmo
LitteratureJeunesse,drame aurait pu être évité,Suggérée,Colère,word,drame,SitEmo
LitteratureJeunesse,drame aurait pu être évité,Suggérée,Colère,word,aurait,SitEmo
LitteratureJeunesse,drame aurait pu être évité,Suggérée,Colère,word,pu,SitEmo
LitteratureJeunesse,drame aurait pu être évité,Suggérée,Colère,word,évité,SitEmo
LitteratureJeunesse,!,Montrée,Colère,punctuation,!,SitEmo
LitteratureJeunesse,violentes,Comportementale,Colère,word,violentes,SitEmo
LitteratureJeunesse,danger,Désignée,Peur,word,danger,SitEmo
LitteratureJeunesse,désastre,Suggérée,Peur,word,désastre,SitEmo
LitteratureJeunesse,colère,Désignée,Colère,word,colère,SitEmo
LitteratureJeunesse,reçue avec colère,Comportementale,Colère,word,reçue,SitEmo
LitteratureJeunesse,reçue avec colère,Comportementale,Colère,word,colère,SitEmo
LitteratureJeunesse,menace,Désignée,Peur,word,menace,SitEmo
LitteratureJeunesse,risquerait,Désignée,Peur,word,risquerait,SitEmo
LitteratureJeunesse,déçus,Désignée,Tristesse,word,déçus,SitEmo
LitteratureJeunesse,renforcer;puissance,Suggérée,Fierté,word,renforcer,SitEmo
LitteratureJeunesse,renforcer;puissance,Suggérée,Admiration,word,renforcer,SitEmo
LitteratureJeunesse,renforcer;puissance,Suggérée,Fierté,word,puissance,SitEmo
LitteratureJeunesse,renforcer;puissance,Suggérée,Admiration,word,puissance,SitEmo
LitteratureJeunesse,renforcer;puissance,Suggérée,Fierté,punctuation,;,SitEmo
LitteratureJeunesse,renforcer;puissance,Suggérée,Admiration,punctuation,;,SitEmo
LitteratureJeunesse,prestige,Désignée,Admiration,word,prestige,SitEmo
LitteratureJeunesse,heureuse,Désignée,Joie,word,heureuse,SitEmo
LitteratureJeunesse,jalouse,Désignée,Jalousie,word,jalouse,SitEmo
LitteratureJeunesse,méchant;stupide;ivrogne;grossier,Suggérée,Tristesse,word,méchant,SitEmo
LitteratureJeunesse,méchant;stupide;ivrogne;grossier,Suggérée,Tristesse,word,stupide,SitEmo
LitteratureJeunesse,méchant;stupide;ivrogne;grossier,Suggérée,Tristesse,word,ivrogne,SitEmo
LitteratureJeunesse,méchant;stupide;ivrogne;grossier,Suggérée,Tristesse,word,grossier,SitEmo
LitteratureJeunesse,méchant;stupide;ivrogne;grossier,Suggérée,Tristesse,punctuation,;,SitEmo
LitteratureJeunesse,méchant;stupide;ivrogne;grossier,Suggérée,Tristesse,punctuation,;,SitEmo
LitteratureJeunesse,méchant;stupide;ivrogne;grossier,Suggérée,Tristesse,punctuation,;,SitEmo
LitteratureJeunesse,triste,Désignée,Tristesse,word,triste,SitEmo
LitteratureJeunesse,effrayants,Désignée,Peur,word,effrayants,SitEmo
LitteratureJeunesse,craintes,Désignée,Peur,word,craintes,SitEmo
LitteratureJeunesse,fantômes;vampires;sorcières,Suggérée,Peur,word,fantômes,SitEmo
LitteratureJeunesse,fantômes;vampires;sorcières,Suggérée,Peur,word,vampires,SitEmo
LitteratureJeunesse,fantômes;vampires;sorcières,Suggérée,Peur,word,sorcières,SitEmo
LitteratureJeunesse,fantômes;vampires;sorcières,Suggérée,Peur,punctuation,;,SitEmo
LitteratureJeunesse,fantômes;vampires;sorcières,Suggérée,Peur,punctuation,;,SitEmo
LitteratureJeunesse,critiquée,Comportementale,Colère,word,critiquée,SitEmo
LitteratureJeunesse,gigantesque opération commerciale,Suggérée,Colère,word,gigantesque,SitEmo
LitteratureJeunesse,gigantesque opération commerciale,Suggérée,Colère,word,opération,SitEmo
LitteratureJeunesse,gigantesque opération commerciale,Suggérée,Colère,word,commerciale,SitEmo
LitteratureJeunesse,mauvais,Suggérée,Colère,word,mauvais,SitEmo
LitteratureJeunesse,effrayant,Désignée,Peur,word,effrayant,SitEmo
LitteratureJeunesse,refusé,Comportementale,Colère,word,refusé,SitEmo
LitteratureJeunesse,condamné,Comportementale,Colère,word,condamné,SitEmo
LitteratureJeunesse,craignent,Désignée,Peur,word,craignent,SitEmo
LitteratureJeunesse,danger,Désignée,Peur,word,danger,SitEmo
LitteratureJeunesse,sévèrement,Montrée,Admiration,word,sévèrement,SitEmo
LitteratureJeunesse,hostilités,Comportementale,Colère,word,hostilités,SitEmo
LitteratureJeunesse,désastre,Montrée,Tristesse,word,désastre,SitEmo
LitteratureJeunesse,interdiction;nuit,Suggérée,Colère,word,interdiction,SitEmo
LitteratureJeunesse,interdiction;nuit,Suggérée,Colère,word,nuit,SitEmo
LitteratureJeunesse,interdiction;nuit,Suggérée,Colère,punctuation,;,SitEmo
LitteratureJeunesse,mécontentement,Désignée,Colère,word,mécontentement,SitEmo
LitteratureJeunesse,s'illustre,Montrée,Admiration,word,s'illustre,SitEmo
LitteratureJeunesse,s'illustre,Montrée,Admiration,punctuation,',SitEmo
LitteratureJeunesse,brillantes,Montrée,Admiration,word,brillantes,SitEmo
LitteratureJeunesse,glorieuses,Montrée,Admiration,word,glorieuses,SitEmo
LitteratureJeunesse,se débarrasser,Comportementale,Peur,word,débarrasser,SitEmo
LitteratureJeunesse,n'a jamais été si grand,Montrée,Admiration,word,n'a,SitEmo
LitteratureJeunesse,n'a jamais été si grand,Montrée,Admiration,word,grand,SitEmo
LitteratureJeunesse,n'a jamais été si grand,Montrée,Admiration,punctuation,',SitEmo
LitteratureJeunesse,continuent,Comportementale,Peur,word,continuent,SitEmo
LitteratureJeunesse,s'illustre;brillantes;glorieuses,Suggérée,Fierté,word,s'illustre,SitEmo
LitteratureJeunesse,s'illustre;brillantes;glorieuses,Suggérée,Fierté,word,brillantes,SitEmo
LitteratureJeunesse,s'illustre;brillantes;glorieuses,Suggérée,Fierté,word,glorieuses,SitEmo
LitteratureJeunesse,s'illustre;brillantes;glorieuses,Suggérée,Fierté,punctuation,',SitEmo
LitteratureJeunesse,s'illustre;brillantes;glorieuses,Suggérée,Fierté,punctuation,;,SitEmo
LitteratureJeunesse,s'illustre;brillantes;glorieuses,Suggérée,Fierté,punctuation,;,SitEmo
LitteratureJeunesse,colérique,Désignée,Colère,word,colérique,SitEmo
LitteratureJeunesse,insultes,Comportementale,Colère,word,insultes,SitEmo
LitteratureJeunesse,colère,Désignée,Colère,word,colère,SitEmo
LitteratureJeunesse,Moule à gaufres,Montrée,Colère,word,moule,SitEmo
LitteratureJeunesse,Moule à gaufres,Montrée,Colère,word,gaufres,SitEmo
LitteratureJeunesse,querelle,Comportementale,Colère,word,querelle,SitEmo
LitteratureJeunesse,lancé,Comportementale,Colère,word,lancé,SitEmo
LitteratureJeunesse,Espèce de pacte-à-quatre que vous êtes,Montrée,Colère,word,espèce,SitEmo
LitteratureJeunesse,Espèce de pacte-à-quatre que vous êtes,Montrée,Colère,word,pacte-à-quatre,SitEmo
LitteratureJeunesse,Espèce de pacte-à-quatre que vous êtes,Montrée,Colère,punctuation,-,SitEmo
LitteratureJeunesse,Espèce de pacte-à-quatre que vous êtes,Montrée,Colère,punctuation,-,SitEmo
LitteratureJeunesse,surprenante,Désignée,Surprise,word,surprenante,SitEmo
LitteratureJeunesse,!,Montrée,Surprise,punctuation,!,SitEmo
LitteratureJeunesse,ne se doute pas,Suggérée,Surprise,word,doute,SitEmo
LitteratureJeunesse,!,Montrée,Colère,punctuation,!,SitEmo
LitteratureJeunesse,Bachi-bouzouk,Comportementale,Colère,word,bachi-bouzouk,SitEmo
LitteratureJeunesse,Bachi-bouzouk,Comportementale,Colère,punctuation,-,SitEmo
LitteratureJeunesse,!,Montrée,Colère,punctuation,!,SitEmo
LitteratureJeunesse,Tonnerre de Brest,Montrée,Colère,word,tonnerre,SitEmo
LitteratureJeunesse,Tonnerre de Brest,Montrée,Colère,word,brest,SitEmo
LitteratureJeunesse,!,Montrée,Colère,punctuation,!,SitEmo
LitteratureJeunesse,Mille millions de mille sabords,Montrée,Colère,word,mille,SitEmo
LitteratureJeunesse,Mille millions de mille sabords,Montrée,Colère,word,millions,SitEmo
LitteratureJeunesse,Mille millions de mille sabords,Montrée,Colère,word,mille,SitEmo
LitteratureJeunesse,Mille millions de mille sabords,Montrée,Colère,word,sabords,SitEmo
LitteratureJeunesse,!,Montrée,Colère,punctuation,!,SitEmo
LitteratureJeunesse,critiqué,Comportementale,Colère,word,critiqué,SitEmo
LitteratureJeunesse,!,Montrée,Colère,punctuation,!,SitEmo
LitteratureJeunesse,...,Montrée,Colère,punctuation,…,SitEmo
LitteratureJeunesse,discuté d'un prix;critiqué,Suggérée,Colère,word,discuté,SitEmo
LitteratureJeunesse,discuté d'un prix;critiqué,Suggérée,Colère,word,d'un,SitEmo
LitteratureJeunesse,discuté d'un prix;critiqué,Suggérée,Colère,word,prix,SitEmo
LitteratureJeunesse,discuté d'un prix;critiqué,Suggérée,Colère,word,critiqué,SitEmo
LitteratureJeunesse,discuté d'un prix;critiqué,Suggérée,Colère,punctuation,',SitEmo
LitteratureJeunesse,discuté d'un prix;critiqué,Suggérée,Colère,punctuation,;,SitEmo
LitteratureJeunesse,malheur,Désignée,Tristesse,word,malheur,SitEmo
LitteratureJeunesse,!,Montrée,Tristesse,punctuation,!,SitEmo
LitteratureJeunesse,effrayé,Désignée,Peur,word,effrayé,SitEmo
LitteratureJeunesse,trompé,Suggérée,Colère,word,trompé,SitEmo
LitteratureJeunesse,cria,Comportementale,Colère,word,cria,SitEmo
LitteratureJeunesse,moqueries,Suggérée,Embarras,word,moqueries,SitEmo
LitteratureJeunesse,"Le malheur, c",Montrée,Tristesse,word,malheur,SitEmo
LitteratureJeunesse,"Le malheur, c",Montrée,Tristesse,punctuation,",",SitEmo
LitteratureJeunesse,vexé,Désignée,Embarras,word,vexé,SitEmo
LitteratureJeunesse,vexé,Désignée,Tristesse,word,vexé,SitEmo
LitteratureJeunesse,pensivement,Comportementale,Tristesse,word,pensivement,SitEmo
LitteratureJeunesse,…,Montrée,Tristesse,punctuation,…,SitEmo
LitteratureJeunesse,innocents condamnés;enfermés;à tout jamais,Suggérée,Tristesse,word,innocents,SitEmo
LitteratureJeunesse,innocents condamnés;enfermés;à tout jamais,Suggérée,Tristesse,word,condamnés,SitEmo
LitteratureJeunesse,innocents condamnés;enfermés;à tout jamais,Suggérée,Tristesse,word,enfermés,SitEmo
LitteratureJeunesse,innocents condamnés;enfermés;à tout jamais,Suggérée,Tristesse,punctuation,;,SitEmo
LitteratureJeunesse,innocents condamnés;enfermés;à tout jamais,Suggérée,Tristesse,punctuation,;,SitEmo
LitteratureJeunesse,terrible,Désignée,Tristesse,word,terrible,SitEmo
LitteratureJeunesse,terrible,Désignée,Peur,word,terrible,SitEmo
LitteratureJeunesse,surgi,Comportementale,Peur,word,surgi,SitEmo
LitteratureJeunesse,affolée,Désignée,Peur,word,affolée,SitEmo
LitteratureJeunesse,Viens vite,Montrée,Peur,word,viens,SitEmo
LitteratureJeunesse,Viens vite,Montrée,Peur,word,vite,SitEmo
LitteratureJeunesse,brûlant de fièvre,Suggérée,Peur,word,brûlant,SitEmo
LitteratureJeunesse,brûlant de fièvre,Suggérée,Peur,word,fièvre,SitEmo
LitteratureJeunesse,souriant,Comportementale,Joie,word,souriant,SitEmo
LitteratureJeunesse,Hélas,Montrée,Tristesse,word,hélas,SitEmo
LitteratureJeunesse,impuissant,Suggérée,Peur,word,impuissant,SitEmo
LitteratureJeunesse,impuissant,Suggérée,Tristesse,word,impuissant,SitEmo
LitteratureJeunesse,perdu la vie,Suggérée,Peur,word,perdu,SitEmo
LitteratureJeunesse,perdu la vie,Suggérée,Tristesse,word,perdu,SitEmo
LitteratureJeunesse,perdu la vie,Suggérée,Peur,word,vie,SitEmo
LitteratureJeunesse,perdu la vie,Suggérée,Tristesse,word,vie,SitEmo
LitteratureJeunesse,…,Montrée,Embarras,punctuation,…,SitEmo
LitteratureJeunesse,toussoté,Comportementale,Embarras,word,toussoté,SitEmo
LitteratureJeunesse,mal à l’aise,Désignée,Embarras,word,aise,SitEmo
LitteratureJeunesse,se ruant,Comportementale,Colère,word,ruant,SitEmo
LitteratureJeunesse,!,Montrée,Colère,punctuation,!,SitEmo
LitteratureJeunesse,stupéfait,Désignée,Surprise,word,stupéfait,SitEmo
LitteratureJeunesse,protesté,Comportementale,Surprise,word,protesté,SitEmo
LitteratureJeunesse,fureur,Désignée,Colère,word,fureur,SitEmo
LitteratureJeunesse,coupable,Suggérée,Colère,word,coupable,SitEmo
LitteratureJeunesse,malheur,Désignée,Tristesse,word,malheur,SitEmo
LitteratureJeunesse,malheur,Désignée,Peur,word,malheur,SitEmo
LitteratureJeunesse,assassinat,Suggérée,Colère,word,assassinat,SitEmo
LitteratureJeunesse,!,Montrée,Colère,punctuation,!,SitEmo
LitteratureJeunesse,…,Montrée,Colère,punctuation,…,SitEmo
LitteratureJeunesse,…,Montrée,Colère,punctuation,…,SitEmo
LitteratureJeunesse,tué,Suggérée,Colère,word,tué,SitEmo
LitteratureJeunesse,…,Montrée,Colère,punctuation,…,SitEmo
LitteratureJeunesse,monstre,Suggérée,Colère,word,monstre,SitEmo
LitteratureJeunesse,accuser,Comportementale,Colère,word,accuser,SitEmo
LitteratureJeunesse,La tisane…,Montrée,Colère,word,tisane,SitEmo
LitteratureJeunesse,La tisane…,Montrée,Colère,punctuation,…,SitEmo
LitteratureJeunesse,Du cyanure…,Montrée,Colère,word,cyanure,SitEmo
LitteratureJeunesse,Du cyanure…,Montrée,Colère,punctuation,…,SitEmo
LitteratureJeunesse,C’est toi qui l’as tué,Montrée,Colère,word,tué,SitEmo
LitteratureJeunesse,Tu es…,Montrée,Colère,punctuation,…,SitEmo
LitteratureJeunesse,redoutant,Désignée,Peur,word,redoutant,SitEmo
LitteratureJeunesse,violentes convulsions,Suggérée,Peur,word,violentes,SitEmo
LitteratureJeunesse,violentes convulsions,Suggérée,Tristesse,word,violentes,SitEmo
LitteratureJeunesse,violentes convulsions,Suggérée,Peur,word,convulsions,SitEmo
LitteratureJeunesse,violentes convulsions,Suggérée,Tristesse,word,convulsions,SitEmo
LitteratureJeunesse,protestation,Comportementale,Colère,word,protestation,SitEmo
LitteratureJeunesse,se dresse comme un ressort,Comportementale,Colère,word,dresse,SitEmo
LitteratureJeunesse,se dresse comme un ressort,Comportementale,Colère,word,ressort,SitEmo
LitteratureJeunesse,bougonne,Comportementale,Colère,word,bougonne,SitEmo
LitteratureJeunesse,amusée,Désignée,Joie,word,amusée,SitEmo
LitteratureJeunesse,D'accord !,Montrée,Joie,word,d'accord,SitEmo
LitteratureJeunesse,D'accord !,Montrée,Joie,punctuation,',SitEmo
LitteratureJeunesse,D'accord !,Montrée,Joie,punctuation,!,SitEmo
LitteratureJeunesse,court,Comportementale,Joie,word,court,SitEmo
LitteratureJeunesse,Soudain,Suggérée,Surprise,word,soudain,SitEmo
LitteratureJeunesse,Oh,Montrée,Joie,word,oh,SitEmo
LitteratureJeunesse,Oh,Montrée,Surprise,word,oh,SitEmo
LitteratureJeunesse,!,Montrée,Joie,punctuation,!,SitEmo
LitteratureJeunesse,!,Montrée,Surprise,punctuation,!,SitEmo
LitteratureJeunesse,énorme goûter,Suggérée,Joie,word,énorme,SitEmo
LitteratureJeunesse,énorme goûter,Suggérée,Joie,word,goûter,SitEmo
LitteratureJeunesse,!,Montrée,Joie,punctuation,!,SitEmo
LitteratureJeunesse,Ébahie,Désignée,Surprise,word,ébahie,SitEmo
LitteratureJeunesse,yeux écarquillés,Comportementale,Surprise,word,yeux,SitEmo
LitteratureJeunesse,yeux écarquillés,Comportementale,Surprise,word,écarquillés,SitEmo
LitteratureJeunesse,!,Montrée,Colère,punctuation,!,SitEmo
LitteratureJeunesse,!,Montrée,Colère,punctuation,!,SitEmo
LitteratureJeunesse,S'il vous plaît madame !,Montrée,Colère,word,s'il,SitEmo
LitteratureJeunesse,S'il vous plaît madame !,Montrée,Colère,word,plaît,SitEmo
LitteratureJeunesse,S'il vous plaît madame !,Montrée,Colère,word,madame,SitEmo
LitteratureJeunesse,S'il vous plaît madame !,Montrée,Colère,punctuation,',SitEmo
LitteratureJeunesse,S'il vous plaît madame !,Montrée,Colère,punctuation,!,SitEmo
LitteratureJeunesse,Finissez les aventures de messire Robert !,Montrée,Colère,word,finissez,SitEmo
LitteratureJeunesse,Finissez les aventures de messire Robert !,Montrée,Colère,word,aventures,SitEmo
LitteratureJeunesse,Finissez les aventures de messire Robert !,Montrée,Colère,word,messire,SitEmo
LitteratureJeunesse,Finissez les aventures de messire Robert !,Montrée,Colère,word,robert,SitEmo
LitteratureJeunesse,Finissez les aventures de messire Robert !,Montrée,Colère,punctuation,!,SitEmo
LitteratureJeunesse,boudeur,Comportementale,Colère,word,boudeur,SitEmo
LitteratureJeunesse,!,Montrée,Joie,punctuation,!,SitEmo
LitteratureJeunesse,parfaitement,Suggérée,Fierté,word,parfaitement,SitEmo
LitteratureJeunesse,le plus bel,Suggérée,Fierté,word,bel,SitEmo
LitteratureJeunesse,craignaient,Désignée,Peur,word,craignaient,SitEmo
LitteratureJeunesse,ne s'en remettraient pas,Suggérée,Peur,word,s'en,SitEmo
LitteratureJeunesse,ne s'en remettraient pas,Suggérée,Peur,word,remettraient,SitEmo
LitteratureJeunesse,ne s'en remettraient pas,Suggérée,Peur,punctuation,',SitEmo
LitteratureJeunesse,tremblaient,Comportementale,Peur,word,tremblaient,SitEmo
LitteratureJeunesse,malheur,Désignée,Peur,word,malheur,SitEmo
LitteratureJeunesse,fierté,Désignée,Fierté,word,fierté,SitEmo
LitteratureJeunesse,merci pour eux,Montrée,Fierté,word,merci,SitEmo
LitteratureJeunesse,épouvante,Désignée,Peur,word,épouvante,SitEmo
LitteratureJeunesse,affirmé;fierté,Comportementale,Fierté,word,affirmé,SitEmo
LitteratureJeunesse,affirmé;fierté,Comportementale,Fierté,word,fierté,SitEmo
LitteratureJeunesse,affirmé;fierté,Comportementale,Fierté,punctuation,;,SitEmo
LitteratureJeunesse,Oh,Montrée,Surprise,word,oh,SitEmo
LitteratureJeunesse,Oh,Montrée,Joie,word,oh,SitEmo
LitteratureJeunesse,s'empressa,Comportementale,Joie,word,s'empressa,SitEmo
LitteratureJeunesse,s'empressa,Comportementale,Joie,punctuation,',SitEmo
LitteratureJeunesse,surprendre,Désignée,Surprise,word,surprendre,SitEmo
LitteratureJeunesse,rougit,Comportementale,Embarras,word,rougit,SitEmo
LitteratureJeunesse,au point où,Montrée,Surprise,word,point,SitEmo
LitteratureJeunesse,au point où,Montrée,Tristesse,word,point,SitEmo
LitteratureJeunesse,regard+attristé,Comportementale,Tristesse,word,regard,SitEmo
LitteratureJeunesse,regard+attristé,Comportementale,Tristesse,word,attristé,SitEmo
LitteratureJeunesse,sursaut,Comportementale,Surprise,word,sursaut,SitEmo
LitteratureJeunesse,sursaut,Comportementale,Colère,word,sursaut,SitEmo
LitteratureJeunesse,s'écria,Comportementale,Surprise,word,s'écria,SitEmo
LitteratureJeunesse,s'écria,Comportementale,Colère,word,s'écria,SitEmo
LitteratureJeunesse,s'écria,Comportementale,Surprise,punctuation,',SitEmo
LitteratureJeunesse,s'écria,Comportementale,Colère,punctuation,',SitEmo
LitteratureJeunesse,!,Montrée,Surprise,punctuation,!,SitEmo
LitteratureJeunesse,!,Montrée,Colère,punctuation,!,SitEmo
LitteratureJeunesse,à l'aise,Suggérée,Joie,word,l'aise,SitEmo
LitteratureJeunesse,à l'aise,Suggérée,Joie,punctuation,',SitEmo
LitteratureJeunesse,mais enfin,Montrée,Colère,word,enfin,SitEmo
LitteratureJeunesse,j'ai quatre pattes moi,Montrée,Colère,word,j'ai,SitEmo
LitteratureJeunesse,j'ai quatre pattes moi,Montrée,Colère,word,quatre,SitEmo
LitteratureJeunesse,j'ai quatre pattes moi,Montrée,Colère,word,pattes,SitEmo
LitteratureJeunesse,j'ai quatre pattes moi,Montrée,Colère,punctuation,',SitEmo
LitteratureJeunesse,ne protesta plus,Comportementale,Tristesse,word,protesta,SitEmo
LitteratureJeunesse,froissé,Désignée,Tristesse,word,froissé,SitEmo
LitteratureJeunesse,C'est bon,Montrée,Tristesse,word,c'est,SitEmo
LitteratureJeunesse,C'est bon,Montrée,Tristesse,word,bon,SitEmo
LitteratureJeunesse,C'est bon,Montrée,Tristesse,punctuation,',SitEmo
LitteratureJeunesse,s'éloignant,Comportementale,Tristesse,word,s'éloignant,SitEmo
LitteratureJeunesse,s'éloignant,Comportementale,Tristesse,punctuation,',SitEmo
LitteratureJeunesse,rire,Comportementale,Joie,word,rire,SitEmo
LitteratureJeunesse,rit,Comportementale,Joie,word,rit,SitEmo
LitteratureJeunesse,remords,Désignée,Culpabilité,word,remords,SitEmo
LitteratureJeunesse,remords,Désignée,Tristesse,word,remords,SitEmo
LitteratureJeunesse,!,Montrée,Surprise,punctuation,!,SitEmo
LitteratureJeunesse,!,Montrée,Joie,punctuation,!,SitEmo
LitteratureJeunesse,mélancolie,Désignée,Tristesse,word,mélancolie,SitEmo
LitteratureJeunesse,ne l'aurais pas pensé,Suggérée,Surprise,word,l'aurais,SitEmo
LitteratureJeunesse,ne l'aurais pas pensé,Suggérée,Tristesse,word,l'aurais,SitEmo
LitteratureJeunesse,ne l'aurais pas pensé,Suggérée,Surprise,word,pensé,SitEmo
LitteratureJeunesse,ne l'aurais pas pensé,Suggérée,Tristesse,word,pensé,SitEmo
LitteratureJeunesse,ne l'aurais pas pensé,Suggérée,Surprise,punctuation,',SitEmo
LitteratureJeunesse,ne l'aurais pas pensé,Suggérée,Tristesse,punctuation,',SitEmo
LitteratureJeunesse,n'aurais jamais cru,Suggérée,Surprise,word,n'aurais,SitEmo
LitteratureJeunesse,n'aurais jamais cru,Suggérée,Tristesse,word,n'aurais,SitEmo
LitteratureJeunesse,n'aurais jamais cru,Suggérée,Surprise,word,cru,SitEmo
LitteratureJeunesse,n'aurais jamais cru,Suggérée,Tristesse,word,cru,SitEmo
LitteratureJeunesse,n'aurais jamais cru,Suggérée,Surprise,punctuation,',SitEmo
LitteratureJeunesse,n'aurais jamais cru,Suggérée,Tristesse,punctuation,',SitEmo
LitteratureJeunesse,attristé,Désignée,Tristesse,word,attristé,SitEmo
LitteratureJeunesse,dit;mélancolie,Comportementale,Tristesse,word,mélancolie,SitEmo
LitteratureJeunesse,dit;mélancolie,Comportementale,Tristesse,punctuation,;,SitEmo
LitteratureJeunesse,Oh,Montrée,Surprise,word,oh,SitEmo
LitteratureJeunesse,Oh,Montrée,Peur,word,oh,SitEmo
LitteratureJeunesse,peur,Désignée,Peur,word,peur,SitEmo
LitteratureJeunesse,peur,Désignée,Peur,word,peur,SitEmo
LitteratureJeunesse,Au secours,Montrée,Peur,word,secours,SitEmo
LitteratureJeunesse,!,Montrée,Peur,punctuation,!,SitEmo
LitteratureJeunesse,crie,Comportementale,Peur,word,crie,SitEmo
LitteratureJeunesse,suspendu,Suggérée,Peur,word,suspendu,SitEmo
LitteratureJeunesse,peur,Désignée,Peur,word,peur,SitEmo
LitteratureJeunesse,minable,Désignée,Tristesse,word,minable,SitEmo
LitteratureJeunesse,sauvé,Suggérée,Fierté,word,sauvé,SitEmo
LitteratureJeunesse,!,Montrée,Fierté,punctuation,!,SitEmo
LitteratureJeunesse,fier,Désignée,Fierté,word,fier,SitEmo
LitteratureJeunesse,Bravo,Montrée,Admiration,word,bravo,SitEmo
LitteratureJeunesse,Bravo,Montrée,Fierté,word,bravo,SitEmo
LitteratureJeunesse,!,Montrée,Admiration,punctuation,!,SitEmo
LitteratureJeunesse,!,Montrée,Fierté,punctuation,!,SitEmo
LitteratureJeunesse,Dommage,Montrée,Tristesse,word,dommage,SitEmo
LitteratureJeunesse,!,Montrée,Tristesse,punctuation,!,SitEmo
LitteratureJeunesse,!,Montrée,Surprise,punctuation,!,SitEmo
LitteratureJeunesse,!,Montrée,Peur,punctuation,!,SitEmo
LitteratureJeunesse,Malheur,Désignée,Peur,word,malheur,SitEmo
LitteratureJeunesse,Malheur,Désignée,Tristesse,word,malheur,SitEmo
LitteratureJeunesse,!,Montrée,Peur,punctuation,!,SitEmo
LitteratureJeunesse,!,Montrée,Tristesse,punctuation,!,SitEmo
LitteratureJeunesse,pauvre,Montrée,Peur,word,pauvre,SitEmo
LitteratureJeunesse,pauvre,Montrée,Tristesse,word,pauvre,SitEmo
LitteratureJeunesse,cris,Comportementale,Surprise,word,cris,SitEmo
LitteratureJeunesse,cris,Comportementale,Peur,word,cris,SitEmo
LitteratureJeunesse,infâme,Désignée,Dégoût,word,infâme,SitEmo
LitteratureJeunesse,dégoût,Désignée,Peur,word,dégoût,SitEmo
LitteratureJeunesse,dégoût,Désignée,Dégoût,word,dégoût,SitEmo
LitteratureJeunesse,se détournent,Comportementale,Dégoût,word,détournent,SitEmo
LitteratureJeunesse,immonde,Désignée,Dégoût,word,immonde,SitEmo
LitteratureJeunesse,tout à coup,Suggérée,Surprise,word,coup,SitEmo
LitteratureJeunesse,!,Montrée,Joie,punctuation,!,SitEmo
LitteratureJeunesse,immonde,Désignée,Dégoût,word,immonde,SitEmo
LitteratureJeunesse,menace,Désignée,Peur,word,menace,SitEmo
LitteratureJeunesse,cadeaux,Suggérée,Joie,word,cadeaux,SitEmo
LitteratureJeunesse,s’étonne,Comportementale,Surprise,word,étonne,SitEmo
LitteratureJeunesse,découvrant,Suggérée,Surprise,word,découvrant,SitEmo
LitteratureJeunesse,affreuse,Désignée,Peur,word,affreuse,SitEmo
LitteratureJeunesse,affreuse,Désignée,Dégoût,word,affreuse,SitEmo
LitteratureJeunesse,!,Montrée,Joie,punctuation,!,SitEmo
LitteratureJeunesse,!,Montrée,Joie,punctuation,!,SitEmo
LitteratureJeunesse,Pupuce !,Montrée,Joie,word,pupuce,SitEmo
LitteratureJeunesse,Pupuce !,Montrée,Joie,punctuation,!,SitEmo
LitteratureJeunesse,Mon fils !,Montrée,Joie,word,fils,SitEmo
LitteratureJeunesse,Mon fils !,Montrée,Joie,punctuation,!,SitEmo
LitteratureJeunesse,!,Montrée,Joie,punctuation,!,SitEmo
LitteratureJeunesse,trac,Désignée,Peur,word,trac,SitEmo
LitteratureJeunesse,beau,Suggérée,Joie,word,beau,SitEmo
LitteratureJeunesse,beau,Suggérée,Fierté,word,beau,SitEmo
LitteratureJeunesse,honte,Désignée,Embarras,word,honte,SitEmo
LitteratureJeunesse,!,Montrée,Colère,punctuation,!,SitEmo
LitteratureJeunesse,jolies,Suggérée,Joie,word,jolies,SitEmo
LitteratureJeunesse,jolies,Suggérée,Fierté,word,jolies,SitEmo
LitteratureJeunesse,chaud,Comportementale,Embarras,word,chaud,SitEmo
LitteratureJeunesse,le seul,Suggérée,Embarras,word,seul,SitEmo
LitteratureJeunesse,battre très fort,Comportementale,Peur,word,battre,SitEmo
LitteratureJeunesse,battre très fort,Comportementale,Embarras,word,battre,SitEmo
LitteratureJeunesse,battre très fort,Comportementale,Peur,word,fort,SitEmo
LitteratureJeunesse,battre très fort,Comportementale,Embarras,word,fort,SitEmo
LitteratureJeunesse,beaucoup trop,Montrée,Colère,word,beaucoup,SitEmo
LitteratureJeunesse,fautes,Suggérée,Colère,word,fautes,SitEmo
LitteratureJeunesse,se moquer,Suggérée,Embarras,word,moquer,SitEmo
LitteratureJeunesse,se moquer,Suggérée,Peur,word,moquer,SitEmo
LitteratureJeunesse,beau,Suggérée,Joie,word,beau,SitEmo
LitteratureJeunesse,beau,Suggérée,Fierté,word,beau,SitEmo
LitteratureJeunesse,beau,Suggérée,Admiration,word,beau,SitEmo
LitteratureJeunesse,fait des yeux ronds,Comportementale,Surprise,word,yeux,SitEmo
LitteratureJeunesse,fait des yeux ronds,Comportementale,Surprise,word,ronds,SitEmo
LitteratureJeunesse,aise,Désignée,Joie,word,aise,SitEmo
LitteratureJeunesse,amical,Comportementale,Joie,word,amical,SitEmo
LitteratureJeunesse,!,Montrée,Surprise,punctuation,!,SitEmo
LitteratureJeunesse,danger,Désignée,Peur,word,danger,SitEmo
LitteratureJeunesse,chasse,Suggérée,Peur,word,chasse,SitEmo
LitteratureJeunesse,baissant la voix,Comportementale,Peur,word,baissant,SitEmo
LitteratureJeunesse,baissant la voix,Comportementale,Peur,word,voix,SitEmo
LitteratureJeunesse,"mes enfants, c",Montrée,Peur,word,enfants,SitEmo
LitteratureJeunesse,"mes enfants, c",Montrée,Peur,punctuation,",",SitEmo
LitteratureJeunesse,de plus cher au monde,Suggérée,Peur,word,cher,SitEmo
LitteratureJeunesse,de plus cher au monde,Suggérée,Peur,word,monde,SitEmo
LitteratureJeunesse,ravi,Désignée,Joie,word,ravi,SitEmo
LitteratureJeunesse,bonne,Suggérée,Joie,word,bonne,SitEmo
LitteratureJeunesse,abasourdi,Désignée,Surprise,word,abasourdi,SitEmo
LitteratureJeunesse,rit,Comportementale,Joie,word,rit,SitEmo
LitteratureJeunesse,plaisanterie,Désignée,Joie,word,plaisanterie,SitEmo
LitteratureJeunesse,crains,Désignée,Peur,word,crains,SitEmo
LitteratureJeunesse,agace,Désignée,Colère,word,agace,SitEmo
LitteratureJeunesse,inquiète,Désignée,Peur,word,inquiète,SitEmo
LitteratureJeunesse,peur,Désignée,Peur,word,peur,SitEmo
LitteratureJeunesse,crient,Comportementale,Peur,word,crient,SitEmo
LitteratureJeunesse,pleurent,Comportementale,Peur,word,pleurent,SitEmo
LitteratureJeunesse,pleurent,Comportementale,Tristesse,word,pleurent,SitEmo
LitteratureJeunesse,cachent leurs têtes,Comportementale,Peur,word,cachent,SitEmo
LitteratureJeunesse,cachent leurs têtes,Comportementale,Peur,word,têtes,SitEmo
LitteratureJeunesse,vide,Suggérée,Tristesse,word,vide,SitEmo
LitteratureJeunesse,morte,Suggérée,Tristesse,word,morte,SitEmo
LitteratureJeunesse,triste,Désignée,Tristesse,word,triste,SitEmo
LitteratureJeunesse,unique;gris;mort,Suggérée,Tristesse,word,unique,SitEmo
LitteratureJeunesse,unique;gris;mort,Suggérée,Tristesse,word,gris,SitEmo
LitteratureJeunesse,unique;gris;mort,Suggérée,Tristesse,word,mort,SitEmo
LitteratureJeunesse,unique;gris;mort,Suggérée,Tristesse,punctuation,;,SitEmo
LitteratureJeunesse,unique;gris;mort,Suggérée,Tristesse,punctuation,;,SitEmo
LitteratureJeunesse,sursauter,Comportementale,Surprise,word,sursauter,SitEmo
LitteratureJeunesse,...,Montrée,Colère,punctuation,…,SitEmo
LitteratureJeunesse,"M'agace, celui-là",Montrée,Colère,word,m'agace,SitEmo
LitteratureJeunesse,"M'agace, celui-là",Montrée,Colère,word,celui-là,SitEmo
LitteratureJeunesse,"M'agace, celui-là",Montrée,Colère,punctuation,',SitEmo
LitteratureJeunesse,"M'agace, celui-là",Montrée,Colère,punctuation,",",SitEmo
LitteratureJeunesse,"M'agace, celui-là",Montrée,Colère,punctuation,-,SitEmo
LitteratureJeunesse,!,Montrée,Surprise,punctuation,!,SitEmo
LitteratureJeunesse,aurait pu faire l'effort,Suggérée,Colère,word,aurait,SitEmo
LitteratureJeunesse,aurait pu faire l'effort,Suggérée,Colère,word,pu,SitEmo
LitteratureJeunesse,aurait pu faire l'effort,Suggérée,Colère,word,l'effort,SitEmo
LitteratureJeunesse,aurait pu faire l'effort,Suggérée,Colère,punctuation,',SitEmo
LitteratureJeunesse,il a fallu qu,Suggérée,Colère,word,fallu,SitEmo
LitteratureJeunesse,l'attaquer en justice,Comportementale,Colère,word,l'attaquer,SitEmo
LitteratureJeunesse,l'attaquer en justice,Comportementale,Colère,word,justice,SitEmo
LitteratureJeunesse,l'attaquer en justice,Comportementale,Colère,punctuation,',SitEmo
LitteratureJeunesse,"n'ai pas eu à m'en plaindre, au contraire",Suggérée,Joie,word,n'ai,SitEmo
LitteratureJeunesse,"n'ai pas eu à m'en plaindre, au contraire",Suggérée,Joie,word,m'en,SitEmo
LitteratureJeunesse,"n'ai pas eu à m'en plaindre, au contraire",Suggérée,Joie,word,plaindre,SitEmo
LitteratureJeunesse,"n'ai pas eu à m'en plaindre, au contraire",Suggérée,Joie,word,contraire,SitEmo
LitteratureJeunesse,"n'ai pas eu à m'en plaindre, au contraire",Suggérée,Joie,punctuation,',SitEmo
LitteratureJeunesse,"n'ai pas eu à m'en plaindre, au contraire",Suggérée,Joie,punctuation,',SitEmo
LitteratureJeunesse,"n'ai pas eu à m'en plaindre, au contraire",Suggérée,Joie,punctuation,",",SitEmo
LitteratureJeunesse,tant mieux,Montrée,Joie,word,tant,SitEmo
LitteratureJeunesse,tant mieux,Montrée,Joie,word,mieux,SitEmo
LitteratureJeunesse,allure folle,Suggérée,Joie,word,allure,SitEmo
LitteratureJeunesse,allure folle,Suggérée,Joie,word,folle,SitEmo
LitteratureJeunesse,disait des gros mots,Suggérée,Joie,word,disait,SitEmo
LitteratureJeunesse,disait des gros mots,Suggérée,Joie,word,gros,SitEmo
LitteratureJeunesse,disait des gros mots,Suggérée,Joie,word,mots,SitEmo
LitteratureJeunesse,emmenait au cinéma,Suggérée,Joie,word,emmenait,SitEmo
LitteratureJeunesse,emmenait au cinéma,Suggérée,Joie,word,cinéma,SitEmo
LitteratureJeunesse,dégoûtantes,Désignée,Dégoût,word,dégoûtantes,SitEmo
LitteratureJeunesse,brunâtres,Suggérée,Dégoût,word,brunâtres,SitEmo
LitteratureJeunesse,empestait,Suggérée,Dégoût,word,empestait,SitEmo
LitteratureJeunesse,catastrophes,Suggérée,Tristesse,word,catastrophes,SitEmo
LitteratureJeunesse,catastrophes,Suggérée,Peur,word,catastrophes,SitEmo
LitteratureJeunesse,décès,Suggérée,Peur,word,décès,SitEmo
LitteratureJeunesse,décès,Suggérée,Tristesse,word,décès,SitEmo
LitteratureJeunesse,nous entendions bien,Suggérée,Joie,word,entendions,SitEmo
LitteratureJeunesse,nous amusions,Comportementale,Joie,word,amusions,SitEmo
LitteratureJeunesse,mettait le monde à mes pieds,Suggérée,Joie,word,mettait,SitEmo
LitteratureJeunesse,mettait le monde à mes pieds,Suggérée,Joie,word,monde,SitEmo
LitteratureJeunesse,mettait le monde à mes pieds,Suggérée,Joie,word,pieds,SitEmo
LitteratureJeunesse,glaces;bonbons,Suggérée,Joie,word,glaces,SitEmo
LitteratureJeunesse,glaces;bonbons,Suggérée,Joie,word,bonbons,SitEmo
LitteratureJeunesse,glaces;bonbons,Suggérée,Joie,punctuation,;,SitEmo
LitteratureJeunesse,étrange,Désignée,Surprise,word,étrange,SitEmo
LitteratureJeunesse,furieuses,Désignée,Colère,word,furieuses,SitEmo
LitteratureJeunesse,remarques furieuses,Comportementale,Colère,word,remarques,SitEmo
LitteratureJeunesse,remarques furieuses,Comportementale,Colère,word,furieuses,SitEmo
LitteratureJeunesse,gagnais,Suggérée,Joie,word,gagnais,SitEmo
LitteratureJeunesse,heureuses,Désignée,Joie,word,heureuses,SitEmo
PtitLibe,risques,Désignée,Peur,word,risques,SitEmo
PtitLibe,renvoyés,Suggérée,Peur,word,renvoyés,SitEmo
PtitLibe,guerre,Suggérée,Peur,word,guerre,SitEmo
PtitLibe,violent,Suggérée,Peur,word,violent,SitEmo
PtitLibe,terribles,Désignée,Peur,word,terribles,SitEmo
PtitLibe,dictature,Suggérée,Peur,word,dictature,SitEmo
PtitLibe,peur,Désignée,Peur,word,peur,SitEmo
PtitLibe,prison,Suggérée,Peur,word,prison,SitEmo
PtitLibe,fuir,Comportementale,Peur,word,fuir,SitEmo
PtitLibe,dangereux,Désignée,Peur,word,dangereux,SitEmo
PtitLibe,fuient,Comportementale,Peur,word,fuient,SitEmo
PtitLibe,dangereux,Désignée,Peur,word,dangereux,SitEmo
PtitLibe,guerre,Suggérée,Peur,word,guerre,SitEmo
PtitLibe,se battent,Comportementale,Peur,word,battent,SitEmo
PtitLibe,quitter sa maison,Comportementale,Peur,word,quitter,SitEmo
PtitLibe,quitter sa maison,Comportementale,Peur,word,maison,SitEmo
PtitLibe,conflit;morts,Suggérée,Peur,word,conflit,SitEmo
PtitLibe,conflit;morts,Suggérée,Peur,word,morts,SitEmo
PtitLibe,conflit;morts,Suggérée,Peur,punctuation,;,SitEmo
PtitLibe,tuer;punir,Suggérée,Peur,word,tuer,SitEmo
PtitLibe,tuer;punir,Suggérée,Peur,word,punir,SitEmo
PtitLibe,tuer;punir,Suggérée,Peur,punctuation,;,SitEmo
PtitLibe,blesser;tuer,Suggérée,Peur,word,blesser,SitEmo
PtitLibe,blesser;tuer,Suggérée,Peur,word,tuer,SitEmo
PtitLibe,blesser;tuer,Suggérée,Peur,punctuation,;,SitEmo
PtitLibe,se font la guerre,Comportementale,Colère,word,guerre,SitEmo
PtitLibe,fuient,Comportementale,Peur,word,fuient,SitEmo
PtitLibe,combats,Suggérée,Peur,word,combats,SitEmo
PtitLibe,fuient,Comportementale,Peur,word,fuient,SitEmo
PtitLibe,attaqué,Suggérée,Peur,word,attaqué,SitEmo
PtitLibe,quitté,Comportementale,Peur,word,quitté,SitEmo
PtitLibe,fui,Comportementale,Peur,word,fui,SitEmo
PtitLibe,dangereux,Désignée,Peur,word,dangereux,SitEmo
PtitLibe,malheur,Désignée,Tristesse,word,malheur,SitEmo
PtitLibe,meurent,Suggérée,Peur,word,meurent,SitEmo
PtitLibe,meurent,Suggérée,Tristesse,word,meurent,SitEmo
PtitLibe,se réfugient,Comportementale,Peur,word,réfugient,SitEmo
PtitLibe,se renverse,Suggérée,Peur,word,renverse,SitEmo
PtitLibe,difficiles,Suggérée,Peur,word,difficiles,SitEmo
PtitLibe,difficiles,Suggérée,Tristesse,word,difficiles,SitEmo
PtitLibe,guerre,Suggérée,Peur,word,guerre,SitEmo
PtitLibe,injustice,Suggérée,Colère,word,injustice,SitEmo
PtitLibe,partir,Comportementale,Peur,word,partir,SitEmo
PtitLibe,partir,Comportementale,Tristesse,word,partir,SitEmo
PtitLibe,guerre,Suggérée,Peur,word,guerre,SitEmo
PtitLibe,misère,Désignée,Tristesse,word,misère,SitEmo
PtitLibe,guerre,Suggérée,Peur,word,guerre,SitEmo
PtitLibe,peur,Désignée,Peur,word,peur,SitEmo
PtitLibe,fuient,Comportementale,Peur,word,fuient,SitEmo
PtitLibe,fuient,Comportementale,Tristesse,word,fuient,SitEmo
PtitLibe,désespérés,Désignée,Tristesse,word,désespérés,SitEmo
PtitLibe,dangereux,Désignée,Peur,word,dangereux,SitEmo
PtitLibe,pauvreté,Suggérée,Peur,word,pauvreté,SitEmo
PtitLibe,pauvreté,Suggérée,Tristesse,word,pauvreté,SitEmo
PtitLibe,venir en Europe,Comportementale,Peur,word,venir,SitEmo
PtitLibe,venir en Europe,Comportementale,Tristesse,word,venir,SitEmo
PtitLibe,venir en Europe,Comportementale,Peur,word,europe,SitEmo
PtitLibe,venir en Europe,Comportementale,Tristesse,word,europe,SitEmo
PtitLibe,pas d'accord,Suggérée,Colère,word,d'accord,SitEmo
PtitLibe,pas d'accord,Suggérée,Colère,punctuation,',SitEmo
PtitLibe,pas de travail,Suggérée,Tristesse,word,travail,SitEmo
PtitLibe,pas assez à manger,Suggérée,Tristesse,word,assez,SitEmo
PtitLibe,pas assez à manger,Suggérée,Tristesse,word,manger,SitEmo
PtitLibe,pas assez d'argent,Suggérée,Tristesse,word,assez,SitEmo
PtitLibe,pas assez d'argent,Suggérée,Tristesse,word,d'argent,SitEmo
PtitLibe,pas assez d'argent,Suggérée,Tristesse,punctuation,',SitEmo
PtitLibe,plus pauvres,Suggérée,Peur,word,pauvres,SitEmo
PtitLibe,empêcher,Comportementale,Peur,word,empêcher,SitEmo
PtitLibe,se cachent,Comportementale,Peur,word,cachent,SitEmo
PtitLibe,fuient,Comportementale,Peur,word,fuient,SitEmo
PtitLibe,fuient,Comportementale,Peur,word,fuient,SitEmo
PtitLibe,fuient,Comportementale,Tristesse,word,fuient,SitEmo
PtitLibe,guerre,Suggérée,Peur,word,guerre,SitEmo
PtitLibe,dangereuse,Désignée,Peur,word,dangereuse,SitEmo
PtitLibe,bombardements,Suggérée,Peur,word,bombardements,SitEmo
PtitLibe,protéger,Comportementale,Peur,word,protéger,SitEmo
PtitLibe,dangereux,Désignée,Peur,word,dangereux,SitEmo
PtitLibe,la guerre,Suggérée,Peur,word,guerre,SitEmo
PtitLibe,peur,Désignée,Peur,word,peur,SitEmo
PtitLibe,quitter le pays,Comportementale,Peur,word,quitter,SitEmo
PtitLibe,quitter le pays,Comportementale,Peur,word,pays,SitEmo
PtitLibe,se réfugier,Comportementale,Peur,word,réfugier,SitEmo
PtitLibe,!,Montrée,Admiration,punctuation,!,SitEmo
PtitLibe,mieux,Suggérée,Admiration,word,mieux,SitEmo
PtitLibe,mieux,Suggérée,Fierté,word,mieux,SitEmo
PtitLibe,fuient,Comportementale,Peur,word,fuient,SitEmo
PtitLibe,se disputent,Comportementale,Colère,word,disputent,SitEmo
PtitLibe,difficile,Suggérée,Tristesse,word,difficile,SitEmo
PtitLibe,danger,Désignée,Peur,word,danger,SitEmo
PtitLibe,mort,Suggérée,Peur,word,mort,SitEmo
PtitLibe,guerre,Suggérée,Peur,word,guerre,SitEmo
PtitLibe,protéger,Suggérée,Peur,word,protéger,SitEmo
PtitLibe,difficile,Suggérée,Tristesse,word,difficile,SitEmo
PtitLibe,ne choisissent pas,Suggérée,Tristesse,word,choisissent,SitEmo
PtitLibe,auraient préféré,Suggérée,Tristesse,word,auraient,SitEmo
PtitLibe,auraient préféré,Suggérée,Tristesse,word,préféré,SitEmo
PtitLibe,quittent leur pays,Comportementale,Peur,word,quittent,SitEmo
PtitLibe,quittent leur pays,Comportementale,Peur,word,pays,SitEmo
PtitLibe,protège,Suggérée,Peur,word,protège,SitEmo
PtitLibe,sauver,Suggérée,Peur,word,sauver,SitEmo
PtitLibe,s'enfuir,Comportementale,Peur,word,s'enfuir,SitEmo
PtitLibe,s'enfuir,Comportementale,Peur,punctuation,',SitEmo
PtitLibe,catastrophes;cyclones;inondations,Suggérée,Peur,word,catastrophes,SitEmo
PtitLibe,catastrophes;cyclones;inondations,Suggérée,Peur,word,cyclones,SitEmo
PtitLibe,catastrophes;cyclones;inondations,Suggérée,Peur,word,inondations,SitEmo
PtitLibe,catastrophes;cyclones;inondations,Suggérée,Peur,punctuation,;,SitEmo
PtitLibe,catastrophes;cyclones;inondations,Suggérée,Peur,punctuation,;,SitEmo
PtitLibe,menacées,Désignée,Peur,word,menacées,SitEmo
PtitLibe,quittent,Comportementale,Tristesse,word,quittent,SitEmo
PtitLibe,chance,Suggérée,Joie,word,chance,SitEmo
PtitLibe,pleuré,Comportementale,Joie,word,pleuré,SitEmo
PtitLibe,joie,Désignée,Joie,word,joie,SitEmo
PtitLibe,rêve,Suggérée,Joie,word,rêve,SitEmo
PtitLibe,entrer sur le terrain pendant l’Euro de football,Suggérée,Joie,word,entrer,SitEmo
PtitLibe,entrer sur le terrain pendant l’Euro de football,Suggérée,Joie,word,terrain,SitEmo
PtitLibe,entrer sur le terrain pendant l’Euro de football,Suggérée,Joie,word,pendant,SitEmo
PtitLibe,entrer sur le terrain pendant l’Euro de football,Suggérée,Joie,word,euro,SitEmo
PtitLibe,entrer sur le terrain pendant l’Euro de football,Suggérée,Joie,word,football,SitEmo
PtitLibe,gagné;droit de tenir la mains des joueurs,Suggérée,Joie,word,gagné,SitEmo
PtitLibe,gagné;droit de tenir la mains des joueurs,Suggérée,Joie,word,droit,SitEmo
PtitLibe,gagné;droit de tenir la mains des joueurs,Suggérée,Joie,word,tenir,SitEmo
PtitLibe,gagné;droit de tenir la mains des joueurs,Suggérée,Joie,word,mains,SitEmo
PtitLibe,gagné;droit de tenir la mains des joueurs,Suggérée,Joie,word,joueurs,SitEmo
PtitLibe,gagné;droit de tenir la mains des joueurs,Suggérée,Joie,punctuation,;,SitEmo
PtitLibe,gagné,Suggérée,Joie,word,gagné,SitEmo
PtitLibe,crié,Comportementale,Joie,word,crié,SitEmo
PtitLibe,colère,Désignée,Colère,word,colère,SitEmo
PtitLibe,joie,Désignée,Joie,word,joie,SitEmo
PtitLibe,dangereuses,Désignée,Peur,word,dangereuses,SitEmo
PtitLibe,jusqu’à,Montrée,Surprise,word,jusqu,SitEmo
PtitLibe,!,Montrée,Surprise,punctuation,!,SitEmo
PtitLibe,fou,Suggérée,Surprise,word,fou,SitEmo
PtitLibe,1 Terrien sur 7,Suggérée,Surprise,word,terrien,SitEmo
PtitLibe,!,Montrée,Surprise,punctuation,!,SitEmo
PtitLibe,important,Suggérée,Admiration,word,important,SitEmo
PtitLibe,gronder,Comportementale,Colère,word,gronder,SitEmo
PtitLibe,respecté,Suggérée,Admiration,word,respecté,SitEmo
PtitLibe,modèle,Suggérée,Admiration,word,modèle,SitEmo
PtitLibe,écouté,Comportementale,Admiration,word,écouté,SitEmo
PtitLibe,doué,Suggérée,Admiration,word,doué,SitEmo
PtitLibe,!,Montrée,Admiration,punctuation,!,SitEmo
PtitLibe,victoire,Suggérée,Joie,word,victoire,SitEmo
PtitLibe,victoire,Suggérée,Fierté,word,victoire,SitEmo
PtitLibe,le meilleur,Suggérée,Fierté,word,meilleur,SitEmo
PtitLibe,champions,Suggérée,Joie,word,champions,SitEmo
PtitLibe,champions,Suggérée,Fierté,word,champions,SitEmo
PtitLibe,meilleur,Suggérée,Joie,word,meilleur,SitEmo
PtitLibe,meilleur,Suggérée,Fierté,word,meilleur,SitEmo
PtitLibe,meilleurs,Suggérée,Fierté,word,meilleurs,SitEmo
PtitLibe,parfaite,Suggérée,Fierté,word,parfaite,SitEmo
PtitLibe,impressionnante,Suggérée,Admiration,word,impressionnante,SitEmo
PtitLibe,gagné,Suggérée,Joie,word,gagné,SitEmo
PtitLibe,gagné,Suggérée,Fierté,word,gagné,SitEmo
PtitLibe,champion,Suggérée,Joie,word,champion,SitEmo
PtitLibe,champion,Suggérée,Fierté,word,champion,SitEmo
PtitLibe,se vante,Comportementale,Fierté,word,vante,SitEmo
PtitLibe,légende,Suggérée,Fierté,word,légende,SitEmo
PtitLibe,fort,Suggérée,Fierté,word,fort,SitEmo
PtitLibe,!,Montrée,Surprise,punctuation,!,SitEmo
PtitLibe,parfaite;spectaculaire,Suggérée,Admiration,word,parfaite,SitEmo
PtitLibe,parfaite;spectaculaire,Suggérée,Admiration,word,spectaculaire,SitEmo
PtitLibe,parfaite;spectaculaire,Suggérée,Admiration,punctuation,;,SitEmo
PtitLibe,excellent,Suggérée,Fierté,word,excellent,SitEmo
PtitLibe,gagner;à lui tout seul,Suggérée,Fierté,word,gagner,SitEmo
PtitLibe,gagner;à lui tout seul,Suggérée,Fierté,word,seul,SitEmo
PtitLibe,gagner;à lui tout seul,Suggérée,Fierté,punctuation,;,SitEmo
PtitLibe,ouvert un musée à sa gloire,Comportementale,Fierté,word,ouvert,SitEmo
PtitLibe,ouvert un musée à sa gloire,Comportementale,Fierté,word,musée,SitEmo
PtitLibe,ouvert un musée à sa gloire,Comportementale,Fierté,word,gloire,SitEmo
PtitLibe,peur,Désignée,Peur,word,peur,SitEmo
PtitLibe,blessés,Suggérée,Peur,word,blessés,SitEmo
PtitLibe,courir,Comportementale,Peur,word,courir,SitEmo
PtitLibe,se sont cachés,Comportementale,Peur,word,cachés,SitEmo
PtitLibe,violent,Suggérée,Peur,word,violent,SitEmo
PtitLibe,violentes,Suggérée,Peur,word,violentes,SitEmo
PtitLibe,peur,Désignée,Peur,word,peur,SitEmo
PtitLibe,malheureusement,Désignée,Tristesse,word,malheureusement,SitEmo
PtitLibe,ne supportent pas,Suggérée,Colère,word,supportent,SitEmo
PtitLibe,attaques terroristes,Suggérée,Tristesse,word,attaques,SitEmo
PtitLibe,attaques terroristes,Suggérée,Tristesse,word,terroristes,SitEmo
PtitLibe,hommage,Comportementale,Tristesse,word,hommage,SitEmo
PtitLibe,deuil,Comportementale,Tristesse,word,deuil,SitEmo
PtitLibe,tristes,Désignée,Tristesse,word,tristes,SitEmo
PtitLibe,mis en berne,Comportementale,Tristesse,word,mis,SitEmo
PtitLibe,mis en berne,Comportementale,Tristesse,word,berne,SitEmo
PtitLibe,protéger,Suggérée,Peur,word,protéger,SitEmo
PtitLibe,minute de silence,Comportementale,Tristesse,word,minute,SitEmo
PtitLibe,minute de silence,Comportementale,Tristesse,word,silence,SitEmo
PtitLibe,arrêté;penser aux victimes,Comportementale,Tristesse,word,arrêté,SitEmo
PtitLibe,arrêté;penser aux victimes,Comportementale,Tristesse,word,penser,SitEmo
PtitLibe,arrêté;penser aux victimes,Comportementale,Tristesse,word,victimes,SitEmo
PtitLibe,arrêté;penser aux victimes,Comportementale,Tristesse,punctuation,;,SitEmo
PtitLibe,mis les drapeaux en berne,Comportementale,Tristesse,word,mis,SitEmo
PtitLibe,mis les drapeaux en berne,Comportementale,Tristesse,word,drapeaux,SitEmo
PtitLibe,mis les drapeaux en berne,Comportementale,Tristesse,word,berne,SitEmo
PtitLibe,attentats;morts,Suggérée,Tristesse,word,attentats,SitEmo
PtitLibe,attentats;morts,Suggérée,Tristesse,word,morts,SitEmo
PtitLibe,attentats;morts,Suggérée,Tristesse,punctuation,;,SitEmo
PtitLibe,alerte,Désignée,Peur,word,alerte,SitEmo
PtitLibe,grave,Suggérée,Peur,word,grave,SitEmo
PtitLibe,grave,Suggérée,Tristesse,word,grave,SitEmo
PtitLibe,peur,Désignée,Peur,word,peur,SitEmo
PtitLibe,inquiètent,Désignée,Peur,word,inquiètent,SitEmo
PtitLibe,tué,Suggérée,Peur,word,tué,SitEmo
PtitLibe,tué,Suggérée,Tristesse,word,tué,SitEmo
PtitLibe,attaque,Suggérée,Peur,word,attaque,SitEmo
PtitLibe,danger,Désignée,Peur,word,danger,SitEmo
PtitLibe,dangereux,Désignée,Peur,word,dangereux,SitEmo
PtitLibe,fuir,Comportementale,Peur,word,fuir,SitEmo
PtitLibe,!,Montrée,Surprise,punctuation,!,SitEmo
PtitLibe,deux fois plus,Suggérée,Surprise,word,deux,SitEmo
PtitLibe,deux fois plus,Suggérée,Surprise,word,fois,SitEmo
PtitLibe,le plus lent de l’histoire,Suggérée,Surprise,word,lent,SitEmo
PtitLibe,le plus lent de l’histoire,Suggérée,Surprise,word,histoire,SitEmo
PtitLibe,rêve,Suggérée,Joie,word,rêve,SitEmo
PtitLibe,récompense,Suggérée,Joie,word,récompense,SitEmo
PtitLibe,récompense,Suggérée,Fierté,word,récompense,SitEmo
PtitLibe,participer aux Jeux olympiques,Suggérée,Joie,word,participer,SitEmo
PtitLibe,participer aux Jeux olympiques,Suggérée,Joie,word,jeux,SitEmo
PtitLibe,participer aux Jeux olympiques,Suggérée,Joie,word,olympiques,SitEmo
PtitLibe,note maximale;jamais arrivé avant,Suggérée,Surprise,word,note,SitEmo
PtitLibe,note maximale;jamais arrivé avant,Suggérée,Admiration,word,note,SitEmo
PtitLibe,note maximale;jamais arrivé avant,Suggérée,Surprise,word,maximale,SitEmo
PtitLibe,note maximale;jamais arrivé avant,Suggérée,Admiration,word,maximale,SitEmo
PtitLibe,note maximale;jamais arrivé avant,Suggérée,Surprise,word,arrivé,SitEmo
PtitLibe,note maximale;jamais arrivé avant,Suggérée,Admiration,word,arrivé,SitEmo
PtitLibe,note maximale;jamais arrivé avant,Suggérée,Surprise,word,avant,SitEmo
PtitLibe,note maximale;jamais arrivé avant,Suggérée,Admiration,word,avant,SitEmo
PtitLibe,note maximale;jamais arrivé avant,Suggérée,Surprise,punctuation,;,SitEmo
PtitLibe,note maximale;jamais arrivé avant,Suggérée,Admiration,punctuation,;,SitEmo
PtitLibe,exploit,Suggérée,Joie,word,exploit,SitEmo
PtitLibe,exploit,Suggérée,Fierté,word,exploit,SitEmo
PtitLibe,célébré,Suggérée,Joie,word,célébré,SitEmo
PtitLibe,célébré,Suggérée,Fierté,word,célébré,SitEmo
PtitLibe,…,Montrée,Surprise,punctuation,…,SitEmo
PtitLibe,…,Montrée,Admiration,punctuation,…,SitEmo
PtitLibe,lève son poing,Comportementale,Colère,word,lève,SitEmo
PtitLibe,lève son poing,Comportementale,Colère,word,poing,SitEmo
PtitLibe,injustices,Suggérée,Colère,word,injustices,SitEmo
PtitLibe,star,Suggérée,Admiration,word,star,SitEmo
PtitLibe,remporter;médailles d’or,Suggérée,Joie,word,remporter,SitEmo
PtitLibe,remporter;médailles d’or,Suggérée,Fierté,word,remporter,SitEmo
PtitLibe,remporter;médailles d’or,Suggérée,Joie,word,médailles,SitEmo
PtitLibe,remporter;médailles d’or,Suggérée,Fierté,word,médailles,SitEmo
PtitLibe,remporter;médailles d’or,Suggérée,Joie,punctuation,;,SitEmo
PtitLibe,remporter;médailles d’or,Suggérée,Fierté,punctuation,;,SitEmo
PtitLibe,!,Montrée,Surprise,punctuation,!,SitEmo
PtitLibe,!,Montrée,Admiration,punctuation,!,SitEmo
PtitLibe,gagner;médailles,Suggérée,Joie,word,gagner,SitEmo
PtitLibe,gagner;médailles,Suggérée,Fierté,word,gagner,SitEmo
PtitLibe,gagner;médailles,Suggérée,Joie,word,médailles,SitEmo
PtitLibe,gagner;médailles,Suggérée,Fierté,word,médailles,SitEmo
PtitLibe,gagner;médailles,Suggérée,Joie,punctuation,;,SitEmo
PtitLibe,gagner;médailles,Suggérée,Fierté,punctuation,;,SitEmo
PtitLibe,unique,Suggérée,Joie,word,unique,SitEmo
PtitLibe,unique,Suggérée,Fierté,word,unique,SitEmo
PtitLibe,exploit;connues,Suggérée,Joie,word,exploit,SitEmo
PtitLibe,exploit;connues,Suggérée,Fierté,word,exploit,SitEmo
PtitLibe,exploit;connues,Suggérée,Joie,word,connues,SitEmo
PtitLibe,exploit;connues,Suggérée,Fierté,word,connues,SitEmo
PtitLibe,exploit;connues,Suggérée,Joie,punctuation,;,SitEmo
PtitLibe,exploit;connues,Suggérée,Fierté,punctuation,;,SitEmo
PtitLibe,rare,Suggérée,Surprise,word,rare,SitEmo
PtitLibe,rare,Suggérée,Admiration,word,rare,SitEmo
PtitLibe,dramatique,Désignée,Tristesse,word,dramatique,SitEmo
PtitLibe,dénoncer,Comportementale,Colère,word,dénoncer,SitEmo
PtitLibe,surtout,Montrée,Surprise,word,surtout,SitEmo
PtitLibe,surtout,Montrée,Admiration,word,surtout,SitEmo
PtitLibe,héros,Suggérée,Admiration,word,héros,SitEmo
PtitLibe,!,Montrée,Surprise,punctuation,!,SitEmo
PtitLibe,!,Montrée,Admiration,punctuation,!,SitEmo
PtitLibe,tués,Suggérée,Tristesse,word,tués,SitEmo
PtitLibe,star,Suggérée,Joie,word,star,SitEmo
PtitLibe,star,Suggérée,Fierté,word,star,SitEmo
PtitLibe,remporte;médailles d’or,Suggérée,Joie,word,remporte,SitEmo
PtitLibe,remporte;médailles d’or,Suggérée,Fierté,word,remporte,SitEmo
PtitLibe,remporte;médailles d’or,Suggérée,Joie,word,médailles,SitEmo
PtitLibe,remporte;médailles d’or,Suggérée,Fierté,word,médailles,SitEmo
PtitLibe,remporte;médailles d’or,Suggérée,Joie,punctuation,;,SitEmo
PtitLibe,remporte;médailles d’or,Suggérée,Fierté,punctuation,;,SitEmo
PtitLibe,remporte;médailles d’or,Suggérée,Surprise,word,remporte,SitEmo
PtitLibe,remporte;médailles d’or,Suggérée,Admiration,word,remporte,SitEmo
PtitLibe,remporte;médailles d’or,Suggérée,Surprise,word,médailles,SitEmo
PtitLibe,remporte;médailles d’or,Suggérée,Admiration,word,médailles,SitEmo
PtitLibe,remporte;médailles d’or,Suggérée,Surprise,punctuation,;,SitEmo
PtitLibe,remporte;médailles d’or,Suggérée,Admiration,punctuation,;,SitEmo
PtitLibe,remporte;médailles,Suggérée,Joie,word,remporte,SitEmo
PtitLibe,remporte;médailles,Suggérée,Fierté,word,remporte,SitEmo
PtitLibe,remporte;médailles,Suggérée,Joie,word,médailles,SitEmo
PtitLibe,remporte;médailles,Suggérée,Fierté,word,médailles,SitEmo
PtitLibe,remporte;médailles,Suggérée,Joie,punctuation,;,SitEmo
PtitLibe,remporte;médailles,Suggérée,Fierté,punctuation,;,SitEmo
PtitLibe,!,Montrée,Surprise,punctuation,!,SitEmo
PtitLibe,!,Montrée,Admiration,punctuation,!,SitEmo
PtitLibe,unique,Suggérée,Surprise,word,unique,SitEmo
PtitLibe,unique,Suggérée,Admiration,word,unique,SitEmo
PtitLibe,exploit,Suggérée,Surprise,word,exploit,SitEmo
PtitLibe,exploit,Suggérée,Admiration,word,exploit,SitEmo
PtitLibe,rare;remportant,Suggérée,Joie,word,rare,SitEmo
PtitLibe,rare;remportant,Suggérée,Fierté,word,rare,SitEmo
PtitLibe,rare;remportant,Suggérée,Joie,word,remportant,SitEmo
PtitLibe,rare;remportant,Suggérée,Fierté,word,remportant,SitEmo
PtitLibe,rare;remportant,Suggérée,Joie,punctuation,;,SitEmo
PtitLibe,rare;remportant,Suggérée,Fierté,punctuation,;,SitEmo
PtitLibe,remporte;médailles,Suggérée,Surprise,word,remporte,SitEmo
PtitLibe,remporte;médailles,Suggérée,Admiration,word,remporte,SitEmo
PtitLibe,remporte;médailles,Suggérée,Surprise,word,médailles,SitEmo
PtitLibe,remporte;médailles,Suggérée,Admiration,word,médailles,SitEmo
PtitLibe,remporte;médailles,Suggérée,Surprise,punctuation,;,SitEmo
PtitLibe,remporte;médailles,Suggérée,Admiration,punctuation,;,SitEmo
PtitLibe,remporté;la plus suivie,Suggérée,Surprise,word,remporté,SitEmo
PtitLibe,remporté;la plus suivie,Suggérée,Admiration,word,remporté,SitEmo
PtitLibe,remporté;la plus suivie,Suggérée,Surprise,word,suivie,SitEmo
PtitLibe,remporté;la plus suivie,Suggérée,Admiration,word,suivie,SitEmo
PtitLibe,remporté;la plus suivie,Suggérée,Surprise,punctuation,;,SitEmo
PtitLibe,remporté;la plus suivie,Suggérée,Admiration,punctuation,;,SitEmo
PtitLibe,remporté;la plus suivie,Suggérée,Joie,word,remporté,SitEmo
PtitLibe,remporté;la plus suivie,Suggérée,Fierté,word,remporté,SitEmo
PtitLibe,remporté;la plus suivie,Suggérée,Joie,word,suivie,SitEmo
PtitLibe,remporté;la plus suivie,Suggérée,Fierté,word,suivie,SitEmo
PtitLibe,remporté;la plus suivie,Suggérée,Joie,punctuation,;,SitEmo
PtitLibe,remporté;la plus suivie,Suggérée,Fierté,punctuation,;,SitEmo
PtitLibe,star,Suggérée,Admiration,word,star,SitEmo
PtitLibe,le premier;champion,Suggérée,Fierté,word,premier,SitEmo
PtitLibe,le premier;champion,Suggérée,Fierté,word,champion,SitEmo
PtitLibe,le premier;champion,Suggérée,Fierté,punctuation,;,SitEmo
PtitLibe,exploit;rare,Suggérée,Surprise,word,exploit,SitEmo
PtitLibe,exploit;rare,Suggérée,Admiration,word,exploit,SitEmo
PtitLibe,exploit;rare,Suggérée,Surprise,word,rare,SitEmo
PtitLibe,exploit;rare,Suggérée,Admiration,word,rare,SitEmo
PtitLibe,exploit;rare,Suggérée,Surprise,punctuation,;,SitEmo
PtitLibe,exploit;rare,Suggérée,Admiration,punctuation,;,SitEmo
PtitLibe,réussit;exploit;gagner,Suggérée,Joie,word,réussit,SitEmo
PtitLibe,réussit;exploit;gagner,Suggérée,Fierté,word,réussit,SitEmo
PtitLibe,réussit;exploit;gagner,Suggérée,Joie,word,exploit,SitEmo
PtitLibe,réussit;exploit;gagner,Suggérée,Fierté,word,exploit,SitEmo
PtitLibe,réussit;exploit;gagner,Suggérée,Joie,word,gagner,SitEmo
PtitLibe,réussit;exploit;gagner,Suggérée,Fierté,word,gagner,SitEmo
PtitLibe,réussit;exploit;gagner,Suggérée,Joie,punctuation,;,SitEmo
PtitLibe,réussit;exploit;gagner,Suggérée,Fierté,punctuation,;,SitEmo
PtitLibe,réussit;exploit;gagner,Suggérée,Joie,punctuation,;,SitEmo
PtitLibe,réussit;exploit;gagner,Suggérée,Fierté,punctuation,;,SitEmo
PtitLibe,exploit;gagner,Suggérée,Surprise,word,exploit,SitEmo
PtitLibe,exploit;gagner,Suggérée,Admiration,word,exploit,SitEmo
PtitLibe,exploit;gagner,Suggérée,Surprise,word,gagner,SitEmo
PtitLibe,exploit;gagner,Suggérée,Admiration,word,gagner,SitEmo
PtitLibe,exploit;gagner,Suggérée,Surprise,punctuation,;,SitEmo
PtitLibe,exploit;gagner,Suggérée,Admiration,punctuation,;,SitEmo
PtitLibe,remporté;médailles,Suggérée,Joie,word,remporté,SitEmo
PtitLibe,remporté;médailles,Suggérée,Fierté,word,remporté,SitEmo
PtitLibe,remporté;médailles,Suggérée,Joie,word,médailles,SitEmo
PtitLibe,remporté;médailles,Suggérée,Fierté,word,médailles,SitEmo
PtitLibe,remporté;médailles,Suggérée,Joie,punctuation,;,SitEmo
PtitLibe,remporté;médailles,Suggérée,Fierté,punctuation,;,SitEmo
PtitLibe,remporté;médailles,Suggérée,Surprise,word,remporté,SitEmo
PtitLibe,remporté;médailles,Suggérée,Admiration,word,remporté,SitEmo
PtitLibe,remporté;médailles,Suggérée,Surprise,word,médailles,SitEmo
PtitLibe,remporté;médailles,Suggérée,Admiration,word,médailles,SitEmo
PtitLibe,remporté;médailles,Suggérée,Surprise,punctuation,;,SitEmo
PtitLibe,remporté;médailles,Suggérée,Admiration,punctuation,;,SitEmo
PtitLibe,médaille d’or,Suggérée,Joie,word,médaille,SitEmo
PtitLibe,médaille d’or,Suggérée,Fierté,word,médaille,SitEmo
PtitLibe,l’hymne national de son pays est joué,Suggérée,Joie,word,hymne,SitEmo
PtitLibe,l’hymne national de son pays est joué,Suggérée,Fierté,word,hymne,SitEmo
PtitLibe,l’hymne national de son pays est joué,Suggérée,Joie,word,national,SitEmo
PtitLibe,l’hymne national de son pays est joué,Suggérée,Fierté,word,national,SitEmo
PtitLibe,l’hymne national de son pays est joué,Suggérée,Joie,word,pays,SitEmo
PtitLibe,l’hymne national de son pays est joué,Suggérée,Fierté,word,pays,SitEmo
PtitLibe,l’hymne national de son pays est joué,Suggérée,Joie,word,joué,SitEmo
PtitLibe,l’hymne national de son pays est joué,Suggérée,Fierté,word,joué,SitEmo
PtitLibe,médaille d’argent,Suggérée,Joie,word,médaille,SitEmo
PtitLibe,médaille d’argent,Suggérée,Fierté,word,médaille,SitEmo
PtitLibe,médaille d’argent,Suggérée,Joie,word,argent,SitEmo
PtitLibe,médaille d’argent,Suggérée,Fierté,word,argent,SitEmo
PtitLibe,médaille de bronze,Suggérée,Joie,word,médaille,SitEmo
PtitLibe,médaille de bronze,Suggérée,Fierté,word,médaille,SitEmo
PtitLibe,médaille de bronze,Suggérée,Joie,word,bronze,SitEmo
PtitLibe,médaille de bronze,Suggérée,Fierté,word,bronze,SitEmo
PtitLibe,remporté;médailles,Suggérée,Joie,word,remporté,SitEmo
PtitLibe,remporté;médailles,Suggérée,Fierté,word,remporté,SitEmo
PtitLibe,remporté;médailles,Suggérée,Joie,word,médailles,SitEmo
PtitLibe,remporté;médailles,Suggérée,Fierté,word,médailles,SitEmo
PtitLibe,remporté;médailles,Suggérée,Joie,punctuation,;,SitEmo
PtitLibe,remporté;médailles,Suggérée,Fierté,punctuation,;,SitEmo
PtitLibe,la meilleure,Suggérée,Joie,word,meilleure,SitEmo
PtitLibe,la meilleure,Suggérée,Fierté,word,meilleure,SitEmo
PtitLibe,critiquent,Comportementale,Colère,word,critiquent,SitEmo
PtitLibe,sans penser aux plus pauvres,Suggérée,Colère,word,penser,SitEmo
PtitLibe,sans penser aux plus pauvres,Suggérée,Colère,word,pauvres,SitEmo
PtitLibe,impressionnant,Désignée,Surprise,word,impressionnant,SitEmo
PtitLibe,impressionnant,Désignée,Admiration,word,impressionnant,SitEmo
PtitLibe,déjà,Montrée,Surprise,word,déjà,SitEmo
PtitLibe,déjà,Montrée,Surprise,word,déjà,SitEmo
PtitLibe,déjà,Montrée,Admiration,word,déjà,SitEmo
PtitLibe,critiquée,Comportementale,Colère,word,critiquée,SitEmo
PtitLibe,surprise,Désignée,Surprise,word,surprise,SitEmo
PtitLibe,spectaculaire,Désignée,Surprise,word,spectaculaire,SitEmo
PtitLibe,spectaculaire,Désignée,Admiration,word,spectaculaire,SitEmo
PtitLibe,montrer au monde entier leurs couleurs,Suggérée,Fierté,word,montrer,SitEmo
PtitLibe,montrer au monde entier leurs couleurs,Suggérée,Fierté,word,monde,SitEmo
PtitLibe,montrer au monde entier leurs couleurs,Suggérée,Fierté,word,entier,SitEmo
PtitLibe,montrer au monde entier leurs couleurs,Suggérée,Fierté,word,couleurs,SitEmo
PtitLibe,championnes olympiques,Suggérée,Joie,word,championnes,SitEmo
PtitLibe,championnes olympiques,Suggérée,Fierté,word,championnes,SitEmo
PtitLibe,championnes olympiques,Suggérée,Joie,word,olympiques,SitEmo
PtitLibe,championnes olympiques,Suggérée,Fierté,word,olympiques,SitEmo
PtitLibe,championne olympique,Suggérée,Joie,word,championne,SitEmo
PtitLibe,championne olympique,Suggérée,Fierté,word,championne,SitEmo
PtitLibe,championne olympique,Suggérée,Joie,word,olympique,SitEmo
PtitLibe,championne olympique,Suggérée,Fierté,word,olympique,SitEmo
PtitLibe,championne du monde,Suggérée,Joie,word,championne,SitEmo
PtitLibe,championne du monde,Suggérée,Fierté,word,championne,SitEmo
PtitLibe,championne du monde,Suggérée,Joie,word,monde,SitEmo
PtitLibe,championne du monde,Suggérée,Fierté,word,monde,SitEmo
PtitLibe,!,Montrée,Surprise,punctuation,!,SitEmo
PtitLibe,remporté aucune,Suggérée,Tristesse,word,remporté,SitEmo
PtitLibe,remporté aucune,Suggérée,Tristesse,word,aucune,SitEmo
PtitLibe,le premier,Suggérée,Surprise,word,premier,SitEmo
PtitLibe,zéro pointé,Suggérée,Tristesse,word,zéro,SitEmo
PtitLibe,zéro pointé,Suggérée,Tristesse,word,pointé,SitEmo
PtitLibe,une des plus grandes vedettes,Suggérée,Joie,word,grandes,SitEmo
PtitLibe,une des plus grandes vedettes,Suggérée,Fierté,word,grandes,SitEmo
PtitLibe,une des plus grandes vedettes,Suggérée,Joie,word,vedettes,SitEmo
PtitLibe,une des plus grandes vedettes,Suggérée,Fierté,word,vedettes,SitEmo
PtitLibe,gagné,Suggérée,Joie,word,gagné,SitEmo
PtitLibe,gagné,Suggérée,Fierté,word,gagné,SitEmo
PtitLibe,!,Montrée,Surprise,punctuation,!,SitEmo
PtitLibe,médaillée d’or,Suggérée,Joie,word,médaillée,SitEmo
PtitLibe,médaillée d’or,Suggérée,Fierté,word,médaillée,SitEmo
PtitLibe,déjà,Montrée,Surprise,word,déjà,SitEmo
PtitLibe,!,Montrée,Surprise,punctuation,!,SitEmo
PtitLibe,!,Montrée,Surprise,punctuation,!,SitEmo
PtitLibe,!,Montrée,Admiration,punctuation,!,SitEmo
PtitLibe,magique,Désignée,Surprise,word,magique,SitEmo
PtitLibe,!,Montrée,Surprise,punctuation,!,SitEmo
PtitLibe,d’ailleurs,Montrée,Surprise,word,ailleurs,SitEmo
PtitLibe,dérange,Désignée,Tristesse,word,dérange,SitEmo
PtitLibe,servir à quelque chose;grâce à,Suggérée,Joie,word,servir,SitEmo
PtitLibe,servir à quelque chose;grâce à,Suggérée,Fierté,word,servir,SitEmo
PtitLibe,servir à quelque chose;grâce à,Suggérée,Joie,word,chose,SitEmo
PtitLibe,servir à quelque chose;grâce à,Suggérée,Fierté,word,chose,SitEmo
PtitLibe,servir à quelque chose;grâce à,Suggérée,Joie,word,grâce,SitEmo
PtitLibe,servir à quelque chose;grâce à,Suggérée,Fierté,word,grâce,SitEmo
PtitLibe,servir à quelque chose;grâce à,Suggérée,Joie,punctuation,;,SitEmo
PtitLibe,servir à quelque chose;grâce à,Suggérée,Fierté,punctuation,;,SitEmo
PtitLibe,réussi,Suggérée,Joie,word,réussi,SitEmo
PtitLibe,réussi,Suggérée,Fierté,word,réussi,SitEmo
PtitLibe,problèmes,Suggérée,Tristesse,word,problèmes,SitEmo
PtitLibe,!,Montrée,Surprise,punctuation,!,SitEmo
PtitLibe,heureusement,Désignée,Joie,word,heureusement,SitEmo
PtitLibe,se retrouver,Suggérée,Joie,word,retrouver,SitEmo
PtitLibe,pas partir ensemble,Suggérée,Tristesse,word,partir,SitEmo
PtitLibe,pas partir ensemble,Suggérée,Tristesse,word,ensemble,SitEmo
PtitLibe,obtenu;prix Nobel,Suggérée,Joie,word,obtenu,SitEmo
PtitLibe,obtenu;prix Nobel,Suggérée,Fierté,word,obtenu,SitEmo
PtitLibe,obtenu;prix Nobel,Suggérée,Joie,word,prix,SitEmo
PtitLibe,obtenu;prix Nobel,Suggérée,Fierté,word,prix,SitEmo
PtitLibe,obtenu;prix Nobel,Suggérée,Joie,word,nobel,SitEmo
PtitLibe,obtenu;prix Nobel,Suggérée,Fierté,word,nobel,SitEmo
PtitLibe,obtenu;prix Nobel,Suggérée,Joie,punctuation,;,SitEmo
PtitLibe,obtenu;prix Nobel,Suggérée,Fierté,punctuation,;,SitEmo
PtitLibe,critiqué,Comportementale,Colère,word,critiqué,SitEmo
PtitLibe,blagues,Désignée,Joie,word,blagues,SitEmo
PtitLibe,critiqué,Comportementale,Colère,word,critiqué,SitEmo
PtitLibe,pas résolu;problèmes,Suggérée,Colère,word,résolu,SitEmo
PtitLibe,pas résolu;problèmes,Suggérée,Colère,word,problèmes,SitEmo
PtitLibe,pas résolu;problèmes,Suggérée,Colère,punctuation,;,SitEmo
PtitLibe,récompense,Suggérée,Joie,word,récompense,SitEmo
PtitLibe,récompense,Suggérée,Fierté,word,récompense,SitEmo
PtitLibe,plus de travail ni de maison,Suggérée,Tristesse,word,travail,SitEmo
PtitLibe,plus de travail ni de maison,Suggérée,Tristesse,word,maison,SitEmo
PtitLibe,morts,Suggérée,Tristesse,word,morts,SitEmo
PtitLibe,marrantes,Désignée,Joie,word,marrantes,SitEmo
PtitLibe,obtenu;prix Nobel,Suggérée,Joie,word,obtenu,SitEmo
PtitLibe,obtenu;prix Nobel,Suggérée,Fierté,word,obtenu,SitEmo
PtitLibe,obtenu;prix Nobel,Suggérée,Joie,word,prix,SitEmo
PtitLibe,obtenu;prix Nobel,Suggérée,Fierté,word,prix,SitEmo
PtitLibe,obtenu;prix Nobel,Suggérée,Joie,word,nobel,SitEmo
PtitLibe,obtenu;prix Nobel,Suggérée,Fierté,word,nobel,SitEmo
PtitLibe,obtenu;prix Nobel,Suggérée,Joie,punctuation,;,SitEmo
PtitLibe,obtenu;prix Nobel,Suggérée,Fierté,punctuation,;,SitEmo
PtitLibe,cool,Désignée,Admiration,word,cool,SitEmo
PtitLibe,cool,Désignée,Admiration,word,cool,SitEmo
PtitLibe,illégalement,Suggérée,Colère,word,illégalement,SitEmo
PtitLibe,voler,Suggérée,Colère,word,voler,SitEmo
PtitLibe,dangereux,Désignée,Peur,word,dangereux,SitEmo
PtitLibe,accuse,Comportementale,Colère,word,accuse,SitEmo
PtitLibe,accuse,Comportementale,Peur,word,accuse,SitEmo
PtitLibe,il faut dire que,Montrée,Surprise,word,faut,SitEmo
PtitLibe,!,Montrée,Surprise,punctuation,!,SitEmo
PtitLibe,espionner,Suggérée,Surprise,word,espionner,SitEmo
PtitLibe,tendue,Désignée,Colère,word,tendue,SitEmo
PtitLibe,tendue,Désignée,Peur,word,tendue,SitEmo
PtitLibe,!,Montrée,Surprise,punctuation,!,SitEmo
PtitLibe,!,Montrée,Surprise,punctuation,!,SitEmo
PtitLibe,aujourd’hui encore,Montrée,Surprise,word,aujourd,SitEmo
PtitLibe,aujourd’hui encore,Montrée,Surprise,word,hui,SitEmo
PtitLibe,aujourd’hui encore,Montrée,Surprise,word,encore,SitEmo
PtitLibe,!,Montrée,Surprise,punctuation,!,SitEmo
PtitLibe,responsables;guerre,Suggérée,Colère,word,responsables,SitEmo
PtitLibe,responsables;guerre,Suggérée,Colère,word,guerre,SitEmo
PtitLibe,responsables;guerre,Suggérée,Colère,punctuation,;,SitEmo
PtitLibe,se mêler des affaires des autres,Suggérée,Colère,word,mêler,SitEmo
PtitLibe,se mêler des affaires des autres,Suggérée,Colère,word,affaires,SitEmo
PtitLibe,espionner,Suggérée,Colère,word,espionner,SitEmo
PtitLibe,accuse,Comportementale,Colère,word,accuse,SitEmo
PtitLibe,critiqués,Comportementale,Colère,word,critiqués,SitEmo
PtitLibe,victoire,Suggérée,Joie,word,victoire,SitEmo
PtitLibe,heureuses,Désignée,Joie,word,heureuses,SitEmo
PtitLibe,gagné,Suggérée,Joie,word,gagné,SitEmo
PtitLibe,choqué,Désignée,Surprise,word,choqué,SitEmo
PtitLibe,choqué,Désignée,Colère,word,choqué,SitEmo
PtitLibe,!,Montrée,Surprise,punctuation,!,SitEmo
PtitLibe,rigolotes,Désignée,Joie,word,rigolotes,SitEmo
PtitLibe,...,Montrée,Surprise,punctuation,…,SitEmo
PtitLibe,!,Montrée,Surprise,punctuation,!,SitEmo
PtitLibe,médaille,Suggérée,Joie,word,médaille,SitEmo
PtitLibe,médaille,Suggérée,Fierté,word,médaille,SitEmo
PtitLibe,!,Montrée,Surprise,punctuation,!,SitEmo
PtitLibe,surprenant,Désignée,Surprise,word,surprenant,SitEmo
PtitLibe,aussi populaires que des parcs d’attractions,Suggérée,Surprise,word,populaires,SitEmo
PtitLibe,aussi populaires que des parcs d’attractions,Suggérée,Surprise,word,parcs,SitEmo
PtitLibe,aussi populaires que des parcs d’attractions,Suggérée,Surprise,word,attractions,SitEmo
PtitLibe,alors que;pas encore,Suggérée,Surprise,word,encore,SitEmo
PtitLibe,alors que;pas encore,Suggérée,Surprise,punctuation,;,SitEmo
PtitLibe,!,Montrée,Surprise,punctuation,!,SitEmo
PtitLibe,...,Montrée,Surprise,punctuation,…,SitEmo
PtitLibe,un acteur est devenu président,Suggérée,Surprise,word,acteur,SitEmo
PtitLibe,un acteur est devenu président,Suggérée,Surprise,word,devenu,SitEmo
PtitLibe,un acteur est devenu président,Suggérée,Surprise,word,président,SitEmo
PtitLibe,s’amusant,Comportementale,Joie,word,amusant,SitEmo
PtitLibe,suprise,Désignée,Surprise,word,suprise,SitEmo
PtitLibe,jamais;aussi bon score,Suggérée,Surprise,word,bon,SitEmo
PtitLibe,jamais;aussi bon score,Suggérée,Surprise,word,score,SitEmo
PtitLibe,jamais;aussi bon score,Suggérée,Surprise,punctuation,;,SitEmo
PtitLibe,rire,Comportementale,Joie,word,rire,SitEmo
PtitLibe,reproche,Comportementale,Colère,word,reproche,SitEmo
PtitLibe,s’est amusé,Comportementale,Joie,word,amusé,SitEmo
PtitLibe,fou,Désignée,Surprise,word,fou,SitEmo
PtitLibe,rigolo,Désignée,Joie,word,rigolo,SitEmo
PtitLibe,amusantes,Désignée,Joie,word,amusantes,SitEmo
PtitLibe,menaçant,Désignée,Peur,word,menaçant,SitEmo
PtitLibe,jamais;autant,Suggérée,Surprise,word,autant,SitEmo
PtitLibe,jamais;autant,Suggérée,Surprise,punctuation,;,SitEmo
PtitLibe,!,Montrée,Surprise,punctuation,!,SitEmo
PtitLibe,se battent;contre,Comportementale,Peur,word,battent,SitEmo
PtitLibe,se battent;contre,Comportementale,Peur,word,contre,SitEmo
PtitLibe,se battent;contre,Comportementale,Peur,punctuation,;,SitEmo
PtitLibe,c’est beaucoup,Suggérée,Surprise,word,beaucoup,SitEmo
PtitLibe,!,Montrée,Surprise,punctuation,!,SitEmo
PtitLibe,en même temps,Suggérée,Surprise,word,temps,SitEmo
PtitLibe,décidément,Montrée,Surprise,word,décidément,SitEmo
PtitLibe,fière,Désignée,Fierté,word,fière,SitEmo
PtitLibe,!,Montrée,Surprise,punctuation,!,SitEmo
PtitLibe,respecté,Suggérée,Admiration,word,respecté,SitEmo
PtitLibe,…,Montrée,Surprise,punctuation,…,SitEmo
PtitLibe,!,Montrée,Surprise,punctuation,!,SitEmo
PtitLibe,une maison entièrement remplie d’objets Disney,Suggérée,Surprise,word,maison,SitEmo
PtitLibe,une maison entièrement remplie d’objets Disney,Suggérée,Surprise,word,entièrement,SitEmo
PtitLibe,une maison entièrement remplie d’objets Disney,Suggérée,Surprise,word,remplie,SitEmo
PtitLibe,une maison entièrement remplie d’objets Disney,Suggérée,Surprise,word,objets,SitEmo
PtitLibe,une maison entièrement remplie d’objets Disney,Suggérée,Surprise,word,disney,SitEmo
PtitLibe,!,Montrée,Surprise,punctuation,!,SitEmo
PtitLibe,énorme,Désignée,Admiration,word,énorme,SitEmo
PtitLibe,polémique,Comportementale,Colère,word,polémique,SitEmo
PtitLibe,réussit,Suggérée,Fierté,word,réussit,SitEmo
PtitLibe,réussit,Suggérée,Joie,word,réussit,SitEmo
PtitLibe,!,Montrée,Admiration,punctuation,!,SitEmo
PtitLibe,!,Montrée,Surprise,punctuation,!,SitEmo
PtitLibe,…,Montrée,Surprise,punctuation,…,SitEmo
PtitLibe,!,Montrée,Surprise,punctuation,!,SitEmo
PtitLibe,plus difficile,Suggérée,Peur,word,difficile,SitEmo
PtitLibe,choqué,Désignée,Surprise,word,choqué,SitEmo
PtitLibe,choqué,Désignée,Colère,word,choqué,SitEmo
PtitLibe,c’est mal vu,Suggérée,Embarras,word,vu,SitEmo
PtitLibe,ne pas en trouver,Suggérée,Peur,word,trouver,SitEmo
PtitLibe,n’a pas voulu nous dire,Comportementale,Embarras,word,voulu,SitEmo
PtitLibe,n’aime pas trop dire,Comportementale,Embarras,word,aime,SitEmo
PtitLibe,peur,Désignée,Peur,word,peur,SitEmo
PtitLibe,amuse,Désignée,Joie,word,amuse,SitEmo
PtitLibe,peur,Désignée,Peur,word,peur,SitEmo
PtitLibe,rire,Comportementale,Joie,word,rire,SitEmo
PtitLibe,insulte,Désignée,Embarras,word,insulte,SitEmo
PtitLibe,se sont amusés,Comportementale,Joie,word,amusés,SitEmo
PtitLibe,s’amusent,Comportementale,Joie,word,amusent,SitEmo
PtitLibe,insulte,Comportementale,Colère,word,insulte,SitEmo
PtitLibe,moque,Suggérée,Colère,word,moque,SitEmo
PtitLibe,surprise,Désignée,Surprise,word,surprise,SitEmo
PtitLibe,en avaient assez,Désignée,Colère,word,assez,SitEmo
PtitLibe,admiratifs,Désignée,Admiration,word,admiratifs,SitEmo
PtitLibe,a beaucoup travaillé,Suggérée,Admiration,word,beaucoup,SitEmo
PtitLibe,a beaucoup travaillé,Suggérée,Admiration,word,travaillé,SitEmo
PtitLibe,critiquée,Comportementale,Colère,word,critiquée,SitEmo
PtitLibe,ne s’occupent pas d’elles,Suggérée,Tristesse,word,occupent,SitEmo
PtitLibe,ne s’occupent pas d’elles,Suggérée,Colère,word,occupent,SitEmo
PtitLibe,perdu leur emploi,Suggérée,Tristesse,word,perdu,SitEmo
PtitLibe,perdu leur emploi,Suggérée,Colère,word,perdu,SitEmo
PtitLibe,perdu leur emploi,Suggérée,Tristesse,word,emploi,SitEmo
PtitLibe,perdu leur emploi,Suggérée,Colère,word,emploi,SitEmo
PtitLibe,pauvres,Suggérée,Tristesse,word,pauvres,SitEmo
PtitLibe,pauvres,Suggérée,Colère,word,pauvres,SitEmo
PtitLibe,dérange,Désignée,Tristesse,word,dérange,SitEmo
PtitLibe,inquiète,Désignée,Peur,word,inquiète,SitEmo
PtitLibe,manifester,Comportementale,Colère,word,manifester,SitEmo
PtitLibe,colère,Désignée,Colère,word,colère,SitEmo
PtitLibe,dangereux,Désignée,Peur,word,dangereux,SitEmo
PtitLibe,choqué,Désignée,Surprise,word,choqué,SitEmo
PtitLibe,choqué,Désignée,Peur,word,choqué,SitEmo
PtitLibe,choqué,Désignée,Surprise,word,choqué,SitEmo
PtitLibe,choqué,Désignée,Colère,word,choqué,SitEmo
PtitLibe,vulgaires,Suggérée,Surprise,word,vulgaires,SitEmo
PtitLibe,vulgaires,Suggérée,Colère,word,vulgaires,SitEmo
PtitLibe,inquiète,Désignée,Peur,word,inquiète,SitEmo
PtitLibe,critiqué,Comportementale,Colère,word,critiqué,SitEmo
PtitLibe,insulter,Comportementale,Colère,word,insulter,SitEmo
PtitLibe,incapable,Suggérée,Colère,word,incapable,SitEmo
PtitLibe,racistes,Suggérée,Colère,word,racistes,SitEmo
PtitLibe,s’est disputé,Comportementale,Colère,word,disputé,SitEmo
PtitLibe,insulter,Désignée,Embarras,word,insulter,SitEmo
PtitLibe,traite,Désignée,Embarras,word,traite,SitEmo
PtitLibe,s’en prend,Suggérée,Peur,word,prend,SitEmo
PtitLibe,s’en prend,Suggérée,Embarras,word,prend,SitEmo
PtitLibe,gêne,Désignée,Embarras,word,gêne,SitEmo
PtitLibe,admiré,Désignée,Admiration,word,admiré,SitEmo
PtitLibe,injustice,Suggérée,Colère,word,injustice,SitEmo
PtitLibe,manifestations,Comportementale,Colère,word,manifestations,SitEmo
PtitLibe,manifesté,Comportementale,Colère,word,manifesté,SitEmo
PtitLibe,enfermés,Suggérée,Peur,word,enfermés,SitEmo
PtitLibe,tués,Suggérée,Peur,word,tués,SitEmo
PtitLibe,tués,Suggérée,Peur,word,tués,SitEmo
PtitLibe,arrêtés,Suggérée,Peur,word,arrêtés,SitEmo
PtitLibe,renverser,Comportementale,Colère,word,renverser,SitEmo
PtitLibe,réprimé;violemment,Suggérée,Peur,word,réprimé,SitEmo
PtitLibe,réprimé;violemment,Suggérée,Peur,word,violemment,SitEmo
PtitLibe,réprimé;violemment,Suggérée,Peur,punctuation,;,SitEmo
PtitLibe,risques,Désignée,Peur,word,risques,SitEmo
PtitLibe,mourir,Suggérée,Peur,word,mourir,SitEmo
PtitLibe,fuyant,Comportementale,Peur,word,fuyant,SitEmo
PtitLibe,guerre,Suggérée,Peur,word,guerre,SitEmo
PtitLibe,s’enfuient,Comportementale,Peur,word,enfuient,SitEmo
PtitLibe,fui,Comportementale,Peur,word,fui,SitEmo
PtitLibe,meurent,Suggérée,Peur,word,meurent,SitEmo
PtitLibe,se sont enfuies,Comportementale,Peur,word,enfuies,SitEmo
PtitLibe,détruites;bombardements,Suggérée,Peur,word,détruites,SitEmo
PtitLibe,détruites;bombardements,Suggérée,Peur,word,bombardements,SitEmo
PtitLibe,détruites;bombardements,Suggérée,Peur,punctuation,;,SitEmo
PtitLibe,démolis,Suggérée,Peur,word,démolis,SitEmo
PtitLibe,meurent;bombres;plus à manger,Suggérée,Peur,word,meurent,SitEmo
PtitLibe,meurent;bombres;plus à manger,Suggérée,Peur,word,bombres,SitEmo
PtitLibe,meurent;bombres;plus à manger,Suggérée,Peur,word,manger,SitEmo
PtitLibe,meurent;bombres;plus à manger,Suggérée,Peur,punctuation,;,SitEmo
PtitLibe,meurent;bombres;plus à manger,Suggérée,Peur,punctuation,;,SitEmo
PtitLibe,fantômes,Suggérée,Peur,word,fantômes,SitEmo
PtitLibe,armés,Suggérée,Peur,word,armés,SitEmo
PtitLibe,terroriser,Désignée,Peur,word,terroriser,SitEmo
PtitLibe,quitter,Comportementale,Peur,word,quitter,SitEmo
PtitLibe,détruite;combats,Suggérée,Peur,word,détruite,SitEmo
PtitLibe,détruite;combats,Suggérée,Peur,word,combats,SitEmo
PtitLibe,détruite;combats,Suggérée,Peur,punctuation,;,SitEmo
PtitLibe,bombardements,Suggérée,Peur,word,bombardements,SitEmo
PtitLibe,peur,Désignée,Peur,word,peur,SitEmo
PtitLibe,tirs d’armes;boum,Suggérée,Peur,word,tirs,SitEmo
PtitLibe,tirs d’armes;boum,Suggérée,Peur,word,armes,SitEmo
PtitLibe,tirs d’armes;boum,Suggérée,Peur,word,boum,SitEmo
PtitLibe,tirs d’armes;boum,Suggérée,Peur,punctuation,;,SitEmo
PtitLibe,fuir,Comportementale,Peur,word,fuir,SitEmo
PtitLibe,guerre,Suggérée,Peur,word,guerre,SitEmo
PtitLibe,guerre,Suggérée,Peur,word,guerre,SitEmo
PtitLibe,changé+de quartier,Comportementale,Peur,word,changé,SitEmo
PtitLibe,changé+de quartier,Comportementale,Peur,word,quartier,SitEmo
PtitLibe,bombardé,Suggérée,Peur,word,bombardé,SitEmo
PtitLibe,s’abritait,Comportementale,Peur,word,abritait,SitEmo
PtitLibe,!,Montrée,Surprise,punctuation,!,SitEmo
PtitLibe,tuées;blessées,Suggérée,Peur,word,tuées,SitEmo
PtitLibe,tuées;blessées,Suggérée,Peur,word,blessées,SitEmo
PtitLibe,tuées;blessées,Suggérée,Peur,punctuation,;,SitEmo
PtitLibe,s’enfuir,Comportementale,Peur,word,enfuir,SitEmo
PtitLibe,content,Désignée,Joie,word,content,SitEmo
PtitLibe,record;la plus,Suggérée,Surprise,word,record,SitEmo
PtitLibe,record;la plus,Suggérée,Admiration,word,record,SitEmo
PtitLibe,record;la plus,Suggérée,Surprise,punctuation,;,SitEmo
PtitLibe,record;la plus,Suggérée,Admiration,punctuation,;,SitEmo
PtitLibe,!,Montrée,Surprise,punctuation,!,SitEmo
PtitLibe,!,Montrée,Admiration,punctuation,!,SitEmo
PtitLibe,choquantes,Désignée,Surprise,word,choquantes,SitEmo
PtitLibe,choquantes,Désignée,Colère,word,choquantes,SitEmo
PtitLibe,s’inquiètent,Désignée,Peur,word,inquiètent,SitEmo
PtitLibe,conséquences;irréversibles,Suggérée,Peur,word,conséquences,SitEmo
PtitLibe,conséquences;irréversibles,Suggérée,Peur,word,irréversibles,SitEmo
PtitLibe,conséquences;irréversibles,Suggérée,Peur,punctuation,;,SitEmo
PtitLibe,record,Suggérée,Admiration,word,record,SitEmo
PtitLibe,!,Montrée,Surprise,punctuation,!,SitEmo
PtitLibe,exception,Suggérée,Admiration,word,exception,SitEmo
PtitLibe,!,Montrée,Surprise,punctuation,!,SitEmo
PtitLibe,la première au monde,Suggérée,Admiration,word,première,SitEmo
PtitLibe,la première au monde,Suggérée,Admiration,word,monde,SitEmo
PtitLibe,inondations;cyclones;détruisent,Suggérée,Peur,word,inondations,SitEmo
PtitLibe,inondations;cyclones;détruisent,Suggérée,Peur,word,cyclones,SitEmo
PtitLibe,inondations;cyclones;détruisent,Suggérée,Peur,word,détruisent,SitEmo
PtitLibe,inondations;cyclones;détruisent,Suggérée,Peur,punctuation,;,SitEmo
PtitLibe,inondations;cyclones;détruisent,Suggérée,Peur,punctuation,;,SitEmo
PtitLibe,inondations;morts,Suggérée,Peur,word,inondations,SitEmo
PtitLibe,inondations;morts,Suggérée,Peur,word,morts,SitEmo
PtitLibe,inondations;morts,Suggérée,Peur,punctuation,;,SitEmo
PtitLibe,inquiète,Désignée,Peur,word,inquiète,SitEmo
PtitLibe,cyclones,Suggérée,Peur,word,cyclones,SitEmo
PtitLibe,effondrée;cyclone,Suggérée,Peur,word,effondrée,SitEmo
PtitLibe,effondrée;cyclone,Suggérée,Peur,word,cyclone,SitEmo
PtitLibe,effondrée;cyclone,Suggérée,Peur,punctuation,;,SitEmo
PtitLibe,se protéger,Comportementale,Peur,word,protéger,SitEmo
PtitLibe,cyclones,Suggérée,Peur,word,cyclones,SitEmo
PtitLibe,malades,Suggérée,Peur,word,malades,SitEmo
PtitLibe,ravagent,Suggérée,Peur,word,ravagent,SitEmo
PtitLibe,catastrophes,Suggérée,Peur,word,catastrophes,SitEmo
PtitLibe,...,Montrée,Surprise,punctuation,…,SitEmo
PtitLibe,!,Montrée,Surprise,punctuation,!,SitEmo
PtitLibe,"-18°C, c’est",Montrée,Surprise,punctuation,-,SitEmo
PtitLibe,"-18°C, c’est",Montrée,Surprise,punctuation,",",SitEmo
PtitLibe,conséquences;pollution,Suggérée,Peur,word,conséquences,SitEmo
PtitLibe,conséquences;pollution,Suggérée,Tristesse,word,conséquences,SitEmo
PtitLibe,conséquences;pollution,Suggérée,Peur,word,pollution,SitEmo
PtitLibe,conséquences;pollution,Suggérée,Tristesse,word,pollution,SitEmo
PtitLibe,conséquences;pollution,Suggérée,Peur,punctuation,;,SitEmo
PtitLibe,conséquences;pollution,Suggérée,Tristesse,punctuation,;,SitEmo
PtitLibe,tempêtes;inondations,Suggérée,Peur,word,tempêtes,SitEmo
PtitLibe,tempêtes;inondations,Suggérée,Tristesse,word,tempêtes,SitEmo
PtitLibe,tempêtes;inondations,Suggérée,Peur,word,inondations,SitEmo
PtitLibe,tempêtes;inondations,Suggérée,Tristesse,word,inondations,SitEmo
PtitLibe,tempêtes;inondations,Suggérée,Peur,punctuation,;,SitEmo
PtitLibe,tempêtes;inondations,Suggérée,Tristesse,punctuation,;,SitEmo
PtitLibe,polluée,Suggérée,Peur,word,polluée,SitEmo
PtitLibe,polluée,Suggérée,Tristesse,word,polluée,SitEmo
PtitLibe,menacés,Désignée,Peur,word,menacés,SitEmo
PtitLibe,heureusement,Désignée,Joie,word,heureusement,SitEmo
PtitLibe,moins grave,Suggérée,Joie,word,grave,SitEmo
PtitLibe,quitter l’endroit où elles habitent,Comportementale,Peur,word,quitter,SitEmo
PtitLibe,quitter l’endroit où elles habitent,Comportementale,Peur,word,endroit,SitEmo
PtitLibe,quitter l’endroit où elles habitent,Comportementale,Peur,word,habitent,SitEmo
PtitLibe,se mettre à l’abri,Comportementale,Peur,word,mettre,SitEmo
PtitLibe,se mettre à l’abri,Comportementale,Peur,word,abri,SitEmo
PtitLibe,abîmer;détruire,Suggérée,Peur,word,abîmer,SitEmo
PtitLibe,abîmer;détruire,Suggérée,Peur,word,détruire,SitEmo
PtitLibe,abîmer;détruire,Suggérée,Peur,punctuation,;,SitEmo
PtitLibe,n’arrivent pas à revenir auprès de leur famille,Suggérée,Tristesse,word,arrivent,SitEmo
PtitLibe,n’arrivent pas à revenir auprès de leur famille,Suggérée,Tristesse,word,revenir,SitEmo
PtitLibe,n’arrivent pas à revenir auprès de leur famille,Suggérée,Tristesse,word,auprès,SitEmo
PtitLibe,n’arrivent pas à revenir auprès de leur famille,Suggérée,Tristesse,word,famille,SitEmo
PtitLibe,en ont assez,Désignée,Colère,word,assez,SitEmo
PtitLibe,impose,Suggérée,Colère,word,impose,SitEmo
PtitLibe,trop cher,Suggérée,Colère,word,cher,SitEmo
PtitLibe,alors que;inverse,Suggérée,Surprise,word,inverse,SitEmo
PtitLibe,alors que;inverse,Suggérée,Surprise,punctuation,;,SitEmo
PtitLibe,!,Montrée,Surprise,punctuation,!,SitEmo
PtitLibe,surpris,Désignée,Surprise,word,surpris,SitEmo
PtitLibe,choqués,Désignée,Surprise,word,choqués,SitEmo
PtitLibe,première fois,Suggérée,Surprise,word,première,SitEmo
PtitLibe,première fois,Suggérée,Surprise,word,fois,SitEmo
PtitLibe,"des dizaines, parfois des centaines",Montrée,Surprise,word,dizaines,SitEmo
PtitLibe,"des dizaines, parfois des centaines",Montrée,Surprise,word,parfois,SitEmo
PtitLibe,"des dizaines, parfois des centaines",Montrée,Surprise,word,centaines,SitEmo
PtitLibe,"des dizaines, parfois des centaines",Montrée,Surprise,punctuation,",",SitEmo
PtitLibe,!,Montrée,Surprise,punctuation,!,SitEmo
PtitLibe,peur,Désignée,Peur,word,peur,SitEmo
PtitLibe,pourtant,Montrée,Surprise,word,pourtant,SitEmo
PtitLibe,se seraient enfuis en courant,Comportementale,Peur,word,seraient,SitEmo
PtitLibe,se seraient enfuis en courant,Comportementale,Peur,word,enfuis,SitEmo
PtitLibe,se seraient enfuis en courant,Comportementale,Peur,word,courant,SitEmo
PtitLibe,le train arriver vers eux,Suggérée,Peur,word,train,SitEmo
PtitLibe,le train arriver vers eux,Suggérée,Peur,word,arriver,SitEmo
PtitLibe,!,Montrée,Surprise,punctuation,!,SitEmo
PtitLibe,!,Montrée,Surprise,punctuation,!,SitEmo
PtitLibe,se seraient enfuis,Suggérée,Surprise,word,seraient,SitEmo
PtitLibe,se seraient enfuis,Suggérée,Surprise,word,enfuis,SitEmo
PtitLibe,vraiment,Montrée,Surprise,word,vraiment,SitEmo
PtitLibe,prestigieux,Désignée,Admiration,word,prestigieux,SitEmo
PtitLibe,critiqués,Comportementale,Colère,word,critiqués,SitEmo
PtitLibe,sifflés,Comportementale,Colère,word,sifflés,SitEmo
PtitLibe,reconnaissance,Suggérée,Admiration,word,reconnaissance,SitEmo
PtitLibe,!,Montrée,Surprise,punctuation,!,SitEmo
PtitLibe,cool,Désignée,Admiration,word,cool,SitEmo
PtitLibe,cool,Désignée,Surprise,word,cool,SitEmo
PtitLibe,marrant,Désignée,Joie,word,marrant,SitEmo
PtitLibe,!,Montrée,Surprise,punctuation,!,SitEmo
PtitLibe,!,Montrée,Joie,punctuation,!,SitEmo
PtitLibe,rire,Comportementale,Joie,word,rire,SitEmo
PtitLibe,pleurer,Comportementale,Tristesse,word,pleurer,SitEmo
PtitLibe,peur,Désignée,Peur,word,peur,SitEmo
PtitLibe,déjà,Montrée,Surprise,word,déjà,SitEmo
PtitLibe,déjà,Montrée,Admiration,word,déjà,SitEmo
PtitLibe,pourtant,Montrée,Surprise,word,pourtant,SitEmo
PtitLibe,!,Montrée,Surprise,punctuation,!,SitEmo
PtitLibe,!,Montrée,Surprise,punctuation,!,SitEmo
PtitLibe,!,Montrée,Admiration,punctuation,!,SitEmo
PtitLibe,un Français,Suggérée,Surprise,word,français,SitEmo
PtitLibe,a 10 ans,Suggérée,Surprise,word,ans,SitEmo
PtitLibe,a 10 ans,Suggérée,Admiration,word,ans,SitEmo
PtitLibe,!,Montrée,Surprise,punctuation,!,SitEmo
PtitLibe,trop cher,Suggérée,Colère,word,cher,SitEmo
PtitLibe,!,Montrée,Surprise,punctuation,!,SitEmo
PtitLibe,reprochent,Comportementale,Colère,word,reprochent,SitEmo
PtitLibe,crier,Comportementale,Colère,word,crier,SitEmo
PtitLibe,siffler,Comportementale,Colère,word,siffler,SitEmo
PtitLibe,pas d’accord,Suggérée,Colère,word,accord,SitEmo
PtitLibe,rient,Comportementale,Joie,word,rient,SitEmo
PtitLibe,chouette,Montrée,Joie,word,chouette,SitEmo
PtitLibe,super,Désignée,Admiration,word,super,SitEmo
PtitLibe,super,Désignée,Surprise,word,super,SitEmo
PtitLibe,malheureusement,Désignée,Tristesse,word,malheureusement,SitEmo
PtitLibe,validé,Suggérée,Joie,word,validé,SitEmo
PtitLibe,bonne nouvelle,Suggérée,Joie,word,bonne,SitEmo
PtitLibe,bonne nouvelle,Suggérée,Joie,word,nouvelle,SitEmo
PtitLibe,!,Montrée,Joie,punctuation,!,SitEmo
PtitLibe,!,Montrée,Joie,punctuation,!,SitEmo
PtitLibe,une super idée,Suggérée,Joie,word,super,SitEmo
PtitLibe,une super idée,Suggérée,Joie,word,idée,SitEmo
PtitLibe,"la ditribution de bonbons, c",Montrée,Admiration,word,ditribution,SitEmo
PtitLibe,"la ditribution de bonbons, c",Montrée,Surprise,word,ditribution,SitEmo
PtitLibe,"la ditribution de bonbons, c",Montrée,Admiration,word,bonbons,SitEmo
PtitLibe,"la ditribution de bonbons, c",Montrée,Surprise,word,bonbons,SitEmo
PtitLibe,"la ditribution de bonbons, c",Montrée,Admiration,punctuation,",",SitEmo
PtitLibe,"la ditribution de bonbons, c",Montrée,Surprise,punctuation,",",SitEmo
PtitLibe,heureusement,Désignée,Joie,word,heureusement,SitEmo
PtitLibe,fière,Désignée,Fierté,word,fière,SitEmo
PtitLibe,élue,Suggérée,Fierté,word,élue,SitEmo
PtitLibe,!,Montrée,Surprise,punctuation,!,SitEmo
PtitLibe,déjà,Montrée,Surprise,word,déjà,SitEmo
PtitLibe,plaisir,Désignée,Joie,word,plaisir,SitEmo
PtitLibe,tristesse,Désignée,Tristesse,word,tristesse,SitEmo
PtitLibe,joie,Désignée,Joie,word,joie,SitEmo
PtitLibe,sans son papa,Suggérée,Tristesse,word,papa,SitEmo
PtitLibe,!,Montrée,Surprise,punctuation,!,SitEmo
PtitLibe,…,Montrée,Surprise,punctuation,…,SitEmo
PtitLibe,!,Montrée,Surprise,punctuation,!,SitEmo
PtitLibe,fête,Comportementale,Joie,word,fête,SitEmo
PtitLibe,déjà,Montrée,Surprise,word,déjà,SitEmo
PtitLibe,déjà,Montrée,Admiration,word,déjà,SitEmo
PtitLibe,joie,Désignée,Joie,word,joie,SitEmo
PtitLibe,danser,Comportementale,Joie,word,danser,SitEmo
PtitLibe,s’est+amusés,Comportementale,Joie,word,amusés,SitEmo
PtitLibe,dérange,Désignée,Tristesse,word,dérange,SitEmo
PtitLibe,plaisir,Désignée,Joie,word,plaisir,SitEmo
PtitLibe,!,Montrée,Surprise,punctuation,!,SitEmo
PtitLibe,!,Montrée,Admiration,punctuation,!,SitEmo
PtitLibe,star,Suggérée,Surprise,word,star,SitEmo
PtitLibe,star,Suggérée,Admiration,word,star,SitEmo
PtitLibe,rien n’avait été prévu,Suggérée,Surprise,word,prévu,SitEmo
PtitLibe,agacer,Désignée,Colère,word,agacer,SitEmo
PtitLibe,eh bien,Montrée,Surprise,word,eh,SitEmo
PtitLibe,!,Montrée,Surprise,punctuation,!,SitEmo
PtitLibe,étrange,Désignée,Surprise,word,étrange,SitEmo
PtitLibe,exceptionnelle,Désignée,Surprise,word,exceptionnelle,SitEmo
PtitLibe,l’inverse,Suggérée,Surprise,word,inverse,SitEmo
PtitLibe,détente,Suggérée,Joie,word,détente,SitEmo
PtitLibe,loisirs,Suggérée,Joie,word,loisirs,SitEmo
PtitLibe,plaisant,Désignée,Joie,word,plaisant,SitEmo
PtitLibe,soleil,Suggérée,Joie,word,soleil,SitEmo
PtitLibe,plage,Suggérée,Joie,word,plage,SitEmo
PtitLibe,dansants,Suggérée,Joie,word,dansants,SitEmo
PtitLibe,bonne humeur,Désignée,Joie,word,bonne,SitEmo
PtitLibe,bonne humeur,Désignée,Joie,word,humeur,SitEmo
PtitLibe,incroyables,Désignée,Admiration,word,incroyables,SitEmo
PtitLibe,D’habitude;mais,Suggérée,Surprise,word,habitude,SitEmo
PtitLibe,D’habitude;mais,Suggérée,Surprise,punctuation,;,SitEmo
PtitLibe,!,Montrée,Surprise,punctuation,!,SitEmo
PtitLibe,magnifique,Désignée,Admiration,word,magnifique,SitEmo
PtitLibe,une augmentation du coût,Suggérée,Peur,word,augmentation,SitEmo
PtitLibe,une augmentation du coût,Suggérée,Peur,word,coût,SitEmo
PtitLibe,polluer,Suggérée,Colère,word,polluer,SitEmo
PtitLibe,rétorque,Comportementale,Colère,word,rétorque,SitEmo
PtitLibe,gaspillage,Suggérée,Colère,word,gaspillage,SitEmo
PtitLibe,dénonce,Comportementale,Colère,word,dénonce,SitEmo
PtitLibe,risque,Désignée,Peur,word,risque,SitEmo
PtitLibe,C’est bien gentil,Montrée,Colère,word,gentil,SitEmo
PtitLibe,"des illusions, du rêve",Montrée,Colère,word,illusions,SitEmo
PtitLibe,"des illusions, du rêve",Montrée,Colère,word,rêve,SitEmo
PtitLibe,"des illusions, du rêve",Montrée,Colère,punctuation,",",SitEmo
PtitLibe,gaspiller,Suggérée,Colère,word,gaspiller,SitEmo
PtitLibe,"les paillettes, les jolies histoires",Montrée,Colère,word,paillettes,SitEmo
PtitLibe,"les paillettes, les jolies histoires",Montrée,Colère,word,jolies,SitEmo
PtitLibe,"les paillettes, les jolies histoires",Montrée,Colère,word,histoires,SitEmo
PtitLibe,"les paillettes, les jolies histoires",Montrée,Colère,punctuation,",",SitEmo
PtitLibe,surtout,Montrée,Colère,word,surtout,SitEmo
PtitLibe,craint,Désignée,Peur,word,craint,SitEmo
PtitLibe,sourire,Comportementale,Joie,word,sourire,SitEmo
PtitLibe,puissant;riche;moderne,Suggérée,Admiration,word,puissant,SitEmo
PtitLibe,puissant;riche;moderne,Suggérée,Admiration,word,riche,SitEmo
PtitLibe,puissant;riche;moderne,Suggérée,Admiration,word,moderne,SitEmo
PtitLibe,puissant;riche;moderne,Suggérée,Admiration,punctuation,;,SitEmo
PtitLibe,puissant;riche;moderne,Suggérée,Admiration,punctuation,;,SitEmo
PtitLibe,puissant;riche;moderne,Suggérée,Fierté,word,puissant,SitEmo
PtitLibe,puissant;riche;moderne,Suggérée,Fierté,word,riche,SitEmo
PtitLibe,puissant;riche;moderne,Suggérée,Fierté,word,moderne,SitEmo
PtitLibe,puissant;riche;moderne,Suggérée,Fierté,punctuation,;,SitEmo
PtitLibe,puissant;riche;moderne,Suggérée,Fierté,punctuation,;,SitEmo
PtitLibe,se sentent à l’aise,Suggérée,Joie,word,sentent,SitEmo
PtitLibe,se sentent à l’aise,Suggérée,Joie,word,aise,SitEmo
PtitLibe,chouchoutés,Suggérée,Joie,word,chouchoutés,SitEmo
PtitLibe,fête,Comportementale,Joie,word,fête,SitEmo
PtitLibe,fête,Comportementale,Joie,word,fête,SitEmo
PtitLibe,fête,Suggérée,Joie,word,fête,SitEmo
PtitLibe,agréable,Désignée,Joie,word,agréable,SitEmo
PtitLibe,problèmes;persistent,Suggérée,Tristesse,word,problèmes,SitEmo
PtitLibe,problèmes;persistent,Suggérée,Tristesse,word,persistent,SitEmo
PtitLibe,problèmes;persistent,Suggérée,Tristesse,punctuation,;,SitEmo
PtitLibe,regrette,Désignée,Tristesse,word,regrette,SitEmo
PtitLibe,supprimées,Suggérée,Tristesse,word,supprimées,SitEmo
PtitLibe,difficile,Suggérée,Tristesse,word,difficile,SitEmo
PtitLibe,insécurité;problème,Suggérée,Peur,word,insécurité,SitEmo
PtitLibe,insécurité;problème,Suggérée,Colère,word,insécurité,SitEmo
PtitLibe,insécurité;problème,Suggérée,Peur,word,problème,SitEmo
PtitLibe,insécurité;problème,Suggérée,Colère,word,problème,SitEmo
PtitLibe,insécurité;problème,Suggérée,Peur,punctuation,;,SitEmo
PtitLibe,insécurité;problème,Suggérée,Colère,punctuation,;,SitEmo
PtitLibe,ne laissent pas leurs enfants traîner,Comportementale,Peur,word,laissent,SitEmo
PtitLibe,ne laissent pas leurs enfants traîner,Comportementale,Peur,word,enfants,SitEmo
PtitLibe,ne laissent pas leurs enfants traîner,Comportementale,Peur,word,traîner,SitEmo
PtitLibe,peur,Désignée,Peur,word,peur,SitEmo
PtitLibe,coups de feu,Suggérée,Peur,word,coups,SitEmo
PtitLibe,coups de feu,Suggérée,Peur,word,feu,SitEmo
PtitLibe,bon souvenir,Suggérée,Joie,word,bon,SitEmo
PtitLibe,bon souvenir,Suggérée,Joie,word,souvenir,SitEmo
PtitLibe,ça en a valu la peine,Suggérée,Joie,word,valu,SitEmo
PtitLibe,ça en a valu la peine,Suggérée,Joie,word,peine,SitEmo
PtitLibe,beau,Suggérée,Joie,word,beau,SitEmo
PtitLibe,insuffisants,Suggérée,Tristesse,word,insuffisants,SitEmo
PtitLibe,se plaint,Comportementale,Colère,word,plaint,SitEmo
PtitLibe,se plaint,Comportementale,Tristesse,word,plaint,SitEmo
PtitLibe,fête,Comportementale,Joie,word,fête,SitEmo
PtitLibe,morts,Suggérée,Peur,word,morts,SitEmo
PtitLibe,morts,Suggérée,Tristesse,word,morts,SitEmo
PtitLibe,le plus;jamais,Suggérée,Surprise,punctuation,;,SitEmo
PtitLibe,sans maison;sans électricité;sans eau potable,Suggérée,Peur,word,maison,SitEmo
PtitLibe,sans maison;sans électricité;sans eau potable,Suggérée,Tristesse,word,maison,SitEmo
PtitLibe,sans maison;sans électricité;sans eau potable,Suggérée,Peur,word,électricité,SitEmo
PtitLibe,sans maison;sans électricité;sans eau potable,Suggérée,Tristesse,word,électricité,SitEmo
PtitLibe,sans maison;sans électricité;sans eau potable,Suggérée,Peur,word,eau,SitEmo
PtitLibe,sans maison;sans électricité;sans eau potable,Suggérée,Tristesse,word,eau,SitEmo
PtitLibe,sans maison;sans électricité;sans eau potable,Suggérée,Peur,word,potable,SitEmo
PtitLibe,sans maison;sans électricité;sans eau potable,Suggérée,Tristesse,word,potable,SitEmo
PtitLibe,sans maison;sans électricité;sans eau potable,Suggérée,Peur,punctuation,;,SitEmo
PtitLibe,sans maison;sans électricité;sans eau potable,Suggérée,Tristesse,punctuation,;,SitEmo
PtitLibe,sans maison;sans électricité;sans eau potable,Suggérée,Peur,punctuation,;,SitEmo
PtitLibe,sans maison;sans électricité;sans eau potable,Suggérée,Tristesse,punctuation,;,SitEmo
PtitLibe,exceptionnels,Désignée,Surprise,word,exceptionnels,SitEmo
PtitLibe,le plus;jamais,Suggérée,Surprise,punctuation,;,SitEmo
PtitLibe,risque,Désignée,Peur,word,risque,SitEmo
PtitLibe,alors que;d’habitude,Suggérée,Surprise,word,habitude,SitEmo
PtitLibe,alors que;d’habitude,Suggérée,Surprise,punctuation,;,SitEmo
PtitLibe,battu des records,Suggérée,Surprise,word,battu,SitEmo
PtitLibe,battu des records,Suggérée,Surprise,word,records,SitEmo
PtitLibe,craindre,Désignée,Peur,word,craindre,SitEmo
PtitLibe,peur,Désignée,Peur,word,peur,SitEmo
PtitLibe,boum,Suggérée,Peur,word,boum,SitEmo
PtitLibe,bruit très fort,Suggérée,Peur,word,bruit,SitEmo
PtitLibe,bruit très fort,Suggérée,Peur,word,fort,SitEmo
PtitLibe,pleuré,Comportementale,Peur,word,pleuré,SitEmo
PtitLibe,peur,Désignée,Peur,word,peur,SitEmo
PtitLibe,contente,Désignée,Joie,word,contente,SitEmo
PtitLibe,heureusement,Désignée,Joie,word,heureusement,SitEmo
PtitLibe,peur,Désignée,Peur,word,peur,SitEmo
PtitLibe,rigole,Comportementale,Joie,word,rigole,SitEmo
PtitLibe,triste,Désignée,Tristesse,word,triste,SitEmo
PtitLibe,Heureusement,Désignée,Joie,word,heureusement,SitEmo
PtitLibe,drôle,Désignée,Joie,word,drôle,SitEmo
PtitLibe,un bout du toit s’est envolé,Suggérée,Peur,word,bout,SitEmo
PtitLibe,un bout du toit s’est envolé,Suggérée,Peur,word,toit,SitEmo
PtitLibe,un bout du toit s’est envolé,Suggérée,Peur,word,envolé,SitEmo
PtitLibe,dans le noir,Suggérée,Peur,word,noir,SitEmo
PtitLibe,s’est cachée,Comportementale,Peur,word,cachée,SitEmo
PtitLibe,impressionnant,Désignée,Surprise,word,impressionnant,SitEmo
PtitLibe,impressionnant,Désignée,Peur,word,impressionnant,SitEmo
PtitLibe,dangereuse,Désignée,Peur,word,dangereuse,SitEmo
PtitLibe,reçu un prix,Suggérée,Joie,word,reçu,SitEmo
PtitLibe,reçu un prix,Suggérée,Fierté,word,reçu,SitEmo
PtitLibe,reçu un prix,Suggérée,Joie,word,prix,SitEmo
PtitLibe,reçu un prix,Suggérée,Fierté,word,prix,SitEmo
PtitLibe,a reçu le Prix,Suggérée,Joie,word,reçu,SitEmo
PtitLibe,a reçu le Prix,Suggérée,Fierté,word,reçu,SitEmo
PtitLibe,a reçu le Prix,Suggérée,Joie,word,prix,SitEmo
PtitLibe,a reçu le Prix,Suggérée,Fierté,word,prix,SitEmo
PtitLibe,polémique,Désignée,Colère,word,polémique,SitEmo
PtitLibe,étonné,Désignée,Surprise,word,étonné,SitEmo
PtitLibe,faisaient+du mal,Désignée,Tristesse,word,faisaient,SitEmo
PtitLibe,victimes;violences,Suggérée,Peur,word,victimes,SitEmo
PtitLibe,victimes;violences,Suggérée,Peur,word,violences,SitEmo
PtitLibe,victimes;violences,Suggérée,Peur,punctuation,;,SitEmo
PtitLibe,fuir,Comportementale,Peur,word,fuir,SitEmo
PtitLibe,accusée,Comportementale,Colère,word,accusée,SitEmo
PtitLibe,dangereux,Désignée,Peur,word,dangereux,SitEmo
PtitLibe,des conséquences sur la santé,Suggérée,Peur,word,conséquences,SitEmo
PtitLibe,des conséquences sur la santé,Suggérée,Peur,word,santé,SitEmo
PtitLibe,menacent,Désignée,Peur,word,menacent,SitEmo
PtitLibe,plaisir,Désignée,Joie,word,plaisir,SitEmo
PtitLibe,récompense,Suggérée,Joie,word,récompense,SitEmo
PtitLibe,récompense,Suggérée,Fierté,word,récompense,SitEmo
PtitLibe,a reçu le prix,Suggérée,Joie,word,reçu,SitEmo
PtitLibe,a reçu le prix,Suggérée,Fierté,word,reçu,SitEmo
PtitLibe,a reçu le prix,Suggérée,Joie,word,prix,SitEmo
PtitLibe,a reçu le prix,Suggérée,Fierté,word,prix,SitEmo
PtitLibe,la plus;reçu le prix,Suggérée,Joie,word,reçu,SitEmo
PtitLibe,la plus;reçu le prix,Suggérée,Fierté,word,reçu,SitEmo
PtitLibe,la plus;reçu le prix,Suggérée,Joie,word,prix,SitEmo
PtitLibe,la plus;reçu le prix,Suggérée,Fierté,word,prix,SitEmo
PtitLibe,la plus;reçu le prix,Suggérée,Joie,punctuation,;,SitEmo
PtitLibe,la plus;reçu le prix,Suggérée,Fierté,punctuation,;,SitEmo
PtitLibe,!,Montrée,Surprise,punctuation,!,SitEmo
PtitLibe,!,Montrée,Admiration,punctuation,!,SitEmo
PtitLibe,la plus;reçu le prix,Suggérée,Surprise,word,reçu,SitEmo
PtitLibe,la plus;reçu le prix,Suggérée,Admiration,word,reçu,SitEmo
PtitLibe,la plus;reçu le prix,Suggérée,Surprise,word,prix,SitEmo
PtitLibe,la plus;reçu le prix,Suggérée,Admiration,word,prix,SitEmo
PtitLibe,la plus;reçu le prix,Suggérée,Surprise,punctuation,;,SitEmo
PtitLibe,la plus;reçu le prix,Suggérée,Admiration,punctuation,;,SitEmo
PtitLibe,tuer,Suggérée,Peur,word,tuer,SitEmo
PtitLibe,fiers,Désignée,Fierté,word,fiers,SitEmo
PtitLibe,répression;féroce,Suggérée,Tristesse,word,répression,SitEmo
PtitLibe,répression;féroce,Suggérée,Tristesse,word,féroce,SitEmo
PtitLibe,répression;féroce,Suggérée,Tristesse,punctuation,;,SitEmo
PtitLibe,humiliés,Désignée,Embarras,word,humiliés,SitEmo
PtitLibe,ne pouvaient plus,Suggérée,Tristesse,word,pouvaient,SitEmo
PtitLibe,interdits,Suggérée,Tristesse,word,interdits,SitEmo
PtitLibe,manifesté,Comportementale,Colère,word,manifesté,SitEmo
PtitLibe,triste,Désignée,Tristesse,word,triste,SitEmo
PtitLibe,drôle,Désignée,Joie,word,drôle,SitEmo
PtitLibe,casse,Suggérée,Tristesse,word,casse,SitEmo
PtitLibe,impressionnantes,Désignée,Surprise,word,impressionnantes,SitEmo
PtitLibe,impressionnantes,Désignée,Admiration,word,impressionnantes,SitEmo
PtitLibe,souffrir,Désignée,Tristesse,word,souffrir,SitEmo
PtitLibe,victimes,Suggérée,Tristesse,word,victimes,SitEmo
PtitLibe,perdre leur travail,Suggérée,Peur,word,perdre,SitEmo
PtitLibe,perdre leur travail,Suggérée,Peur,word,travail,SitEmo
PtitLibe,n’osent pas parler,Comportementale,Peur,word,osent,SitEmo
PtitLibe,n’osent pas parler,Comportementale,Peur,word,parler,SitEmo
PtitLibe,peur,Désignée,Peur,word,peur,SitEmo
PtitLibe,horrible,Désignée,Peur,word,horrible,SitEmo
PtitLibe,insulter,Désignée,Embarras,word,insulter,SitEmo
PtitLibe,hein,Montrée,Colère,word,hein,SitEmo
PtitLibe,harcèlement,Montrée,Peur,word,harcèlement,SitEmo
PtitLibe,Naturellement,Montrée,Colère,word,naturellement,SitEmo
PtitLibe,??,Montrée,Colère,punctuation,?,SitEmo
PtitLibe,??,Montrée,Colère,punctuation,?,SitEmo
PtitLibe,!,Montrée,Colère,punctuation,!,SitEmo
PtitLibe,subir,Désignée,Tristesse,word,subir,SitEmo
PtitLibe,subissent,Désignée,Tristesse,word,subissent,SitEmo
PtitLibe,subir,Désignée,Tristesse,word,subir,SitEmo
PtitLibe,"siffler, klaxonner, insulter",Montrée,Colère,word,siffler,SitEmo
PtitLibe,"siffler, klaxonner, insulter",Montrée,Colère,word,klaxonner,SitEmo
PtitLibe,"siffler, klaxonner, insulter",Montrée,Colère,word,insulter,SitEmo
PtitLibe,"siffler, klaxonner, insulter",Montrée,Colère,punctuation,",",SitEmo
PtitLibe,"siffler, klaxonner, insulter",Montrée,Colère,punctuation,",",SitEmo
PtitLibe,subissent,Désignée,Tristesse,word,subissent,SitEmo
PtitLibe,incorrecte,Suggérée,Colère,word,incorrecte,SitEmo
PtitLibe,s’échapper,Comportementale,Peur,word,échapper,SitEmo
PtitLibe,accusent,Comportementale,Colère,word,accusent,SitEmo
PtitLibe,Malheureusement,Désignée,Tristesse,word,malheureusement,SitEmo
PtitLibe,victime;harcèlement;agression sexuelle,Suggérée,Tristesse,word,victime,SitEmo
PtitLibe,victime;harcèlement;agression sexuelle,Suggérée,Tristesse,word,harcèlement,SitEmo
PtitLibe,victime;harcèlement;agression sexuelle,Suggérée,Tristesse,word,agression,SitEmo
PtitLibe,victime;harcèlement;agression sexuelle,Suggérée,Tristesse,word,sexuelle,SitEmo
PtitLibe,victime;harcèlement;agression sexuelle,Suggérée,Tristesse,punctuation,;,SitEmo
PtitLibe,victime;harcèlement;agression sexuelle,Suggérée,Tristesse,punctuation,;,SitEmo
PtitLibe,faute,Désignée,Culpabilité,word,faute,SitEmo
PtitLibe,agression,Suggérée,Tristesse,word,agression,SitEmo
PtitLibe,peur,Désignée,Peur,word,peur,SitEmo
PtitLibe,protéger,Suggérée,Peur,word,protéger,SitEmo
PtitLibe,danger,Désignée,Peur,word,danger,SitEmo
PtitLibe,peur,Désignée,Peur,word,peur,SitEmo
PtitLibe,agression,Suggérée,Tristesse,word,agression,SitEmo
PtitLibe,subi,Désignée,Tristesse,word,subi,SitEmo
PtitLibe,coupable,Désignée,Culpabilité,word,coupable,SitEmo
PtitLibe,subit,Désignée,Tristesse,word,subit,SitEmo
PtitLibe,tristes,Désignée,Tristesse,word,tristes,SitEmo
PtitLibe,humiliées,Désignée,Embarras,word,humiliées,SitEmo
PtitLibe,viols,Suggérée,Embarras,word,viols,SitEmo
PtitLibe,viols,Suggérée,Peur,word,viols,SitEmo
PtitLibe,critiqué,Comportementale,Colère,word,critiqué,SitEmo
PtitLibe,porc,Suggérée,Dégoût,word,porc,SitEmo
PtitLibe,porc,Suggérée,Dégoût,word,porc,SitEmo
PtitLibe,dégradantes,Désignée,Embarras,word,dégradantes,SitEmo
PtitLibe,agressions sexuelles,Suggérée,Embarras,word,agressions,SitEmo
PtitLibe,agressions sexuelles,Suggérée,Peur,word,agressions,SitEmo
PtitLibe,agressions sexuelles,Suggérée,Embarras,word,sexuelles,SitEmo
PtitLibe,agressions sexuelles,Suggérée,Peur,word,sexuelles,SitEmo
PtitLibe,fait beaucoup de mal,Désignée,Tristesse,word,beaucoup,SitEmo
PtitLibe,scandale,Désignée,Colère,word,scandale,SitEmo
PtitLibe,harcelé,Suggérée,Tristesse,word,harcelé,SitEmo
PtitLibe,agressées sexuellement,Suggérée,Tristesse,word,agressées,SitEmo
PtitLibe,agressées sexuellement,Suggérée,Tristesse,word,sexuellement,SitEmo
PtitLibe,accusé,Comportementale,Colère,word,accusé,SitEmo
PtitLibe,risques,Désignée,Peur,word,risques,SitEmo
PtitLibe,des têtes de mort,Suggérée,Peur,word,têtes,SitEmo
PtitLibe,des têtes de mort,Suggérée,Peur,word,mort,SitEmo
PtitLibe,dangereux,Désignée,Peur,word,dangereux,SitEmo
PtitLibe,stress,Désignée,Peur,word,stress,SitEmo
PtitLibe,dangereux,Désignée,Peur,word,dangereux,SitEmo
PtitLibe,regrette,Désignée,Tristesse,word,regrette,SitEmo
PtitLibe,détruire,Suggérée,Tristesse,word,détruire,SitEmo
PtitLibe,dangereux,Désignée,Peur,word,dangereux,SitEmo
PtitLibe,dangereux,Désignée,Peur,word,dangereux,SitEmo
PtitLibe,dangereux,Désignée,Peur,word,dangereux,SitEmo
PtitLibe,dangereux,Désignée,Peur,word,dangereux,SitEmo
PtitLibe,dangereux,Désignée,Peur,word,dangereux,SitEmo
PtitLibe,dangereux,Désignée,Peur,word,dangereux,SitEmo
PtitLibe,intimider,Désignée,Peur,word,intimider,SitEmo
PtitLibe,catastrophe,Suggérée,Peur,word,catastrophe,SitEmo
PtitLibe,catastrophe,Suggérée,Tristesse,word,catastrophe,SitEmo
PtitLibe,perdrait,Suggérée,Peur,word,perdrait,SitEmo
PtitLibe,perdrait,Suggérée,Tristesse,word,perdrait,SitEmo
PtitLibe,attaquer,Suggérée,Peur,word,attaquer,SitEmo
PtitLibe,attentats,Suggérée,Peur,word,attentats,SitEmo
PtitLibe,violents,Suggérée,Peur,word,violents,SitEmo
PtitLibe,peur,Désignée,Peur,word,peur,SitEmo
PtitLibe,exploser;bombes,Suggérée,Peur,word,exploser,SitEmo
PtitLibe,exploser;bombes,Suggérée,Peur,word,bombes,SitEmo
PtitLibe,exploser;bombes,Suggérée,Peur,punctuation,;,SitEmo
PtitLibe,tuée;explosion,Suggérée,Peur,word,tuée,SitEmo
PtitLibe,tuée;explosion,Suggérée,Peur,word,explosion,SitEmo
PtitLibe,tuée;explosion,Suggérée,Peur,punctuation,;,SitEmo
PtitLibe,terroristes,Suggérée,Peur,word,terroristes,SitEmo
PtitLibe,tiré;fusil;guerre,Suggérée,Peur,word,tiré,SitEmo
PtitLibe,tiré;fusil;guerre,Suggérée,Peur,word,fusil,SitEmo
PtitLibe,tiré;fusil;guerre,Suggérée,Peur,word,guerre,SitEmo
PtitLibe,tiré;fusil;guerre,Suggérée,Peur,punctuation,;,SitEmo
PtitLibe,tiré;fusil;guerre,Suggérée,Peur,punctuation,;,SitEmo
PtitLibe,protéger,Suggérée,Peur,word,protéger,SitEmo
PtitLibe,suprendre,Désignée,Surprise,word,suprendre,SitEmo
PtitLibe,tiré,Suggérée,Peur,word,tiré,SitEmo
PtitLibe,arrêtées,Suggérée,Peur,word,arrêtées,SitEmo
PtitLibe,violents,Suggérée,Peur,word,violents,SitEmo
PtitLibe,terroristes,Suggérée,Peur,word,terroristes,SitEmo
PtitLibe,tiré,Suggérée,Peur,word,tiré,SitEmo
PtitLibe,exploser;bombe,Suggérée,Peur,word,exploser,SitEmo
PtitLibe,exploser;bombe,Suggérée,Peur,word,bombe,SitEmo
PtitLibe,exploser;bombe,Suggérée,Peur,punctuation,;,SitEmo
PtitLibe,mortes,Suggérée,Peur,word,mortes,SitEmo
PtitLibe,terroristes;tué,Suggérée,Peur,word,terroristes,SitEmo
PtitLibe,terroristes;tué,Suggérée,Peur,word,tué,SitEmo
PtitLibe,terroristes;tué,Suggérée,Peur,punctuation,;,SitEmo
PtitLibe,protéger,Suggérée,Peur,word,protéger,SitEmo
PtitLibe,triste,Désignée,Surprise,word,triste,SitEmo
PtitLibe,difficile,Suggérée,Tristesse,word,difficile,SitEmo
PtitLibe,dramatiques,Désignée,Tristesse,word,dramatiques,SitEmo
PtitLibe,peur,Désignée,Peur,word,peur,SitEmo
PtitLibe,mauvaises,Comportementale,Peur,word,mauvaises,SitEmo
PtitLibe,violents,Suggérée,Peur,word,violents,SitEmo
PtitLibe,peur,Désignée,Peur,word,peur,SitEmo
PtitLibe,inquiètent,Désignée,Peur,word,inquiètent,SitEmo
PtitLibe,commettre des attentats,Comportementale,Colère,word,commettre,SitEmo
PtitLibe,commettre des attentats,Comportementale,Colère,word,attentats,SitEmo
PtitLibe,fâchés,Désignée,Colère,word,fâchés,SitEmo
PtitLibe,bombes,Suggérée,Colère,word,bombes,SitEmo
PtitLibe,guerre,Suggérée,Peur,word,guerre,SitEmo
PtitLibe,violent,Suggérée,Peur,word,violent,SitEmo
PtitLibe,imposer,Suggérée,Peur,word,imposer,SitEmo
PtitLibe,violence,Suggérée,Peur,word,violence,SitEmo
PtitLibe,exploser;bombes,Suggérée,Peur,word,exploser,SitEmo
PtitLibe,exploser;bombes,Suggérée,Peur,word,bombes,SitEmo
PtitLibe,exploser;bombes,Suggérée,Peur,punctuation,;,SitEmo
PtitLibe,se venger,Comportementale,Colère,word,venger,SitEmo
PtitLibe,tuent,Suggérée,Peur,word,tuent,SitEmo
PtitLibe,attentats,Suggérée,Peur,word,attentats,SitEmo
PtitLibe,choqué,Désignée,Surprise,word,choqué,SitEmo
PtitLibe,choqué,Désignée,Peur,word,choqué,SitEmo
PtitLibe,triste,Désignée,Tristesse,word,triste,SitEmo
PtitLibe,inquiet,Désignée,Peur,word,inquiet,SitEmo
PtitLibe,difficiles,Suggérée,Tristesse,word,difficiles,SitEmo
PtitLibe,difficiles,Suggérée,Peur,word,difficiles,SitEmo
PtitLibe,prudence,Comportementale,Peur,word,prudence,SitEmo
PtitLibe,dangereux,Désignée,Peur,word,dangereux,SitEmo
PtitLibe,faire attention,Comportementale,Peur,word,attention,SitEmo
PtitLibe,arrête ce qu'on est en train de faire,Comportementale,Tristesse,word,arrête,SitEmo
PtitLibe,arrête ce qu'on est en train de faire,Comportementale,Tristesse,word,qu'on,SitEmo
PtitLibe,arrête ce qu'on est en train de faire,Comportementale,Tristesse,word,train,SitEmo
PtitLibe,arrête ce qu'on est en train de faire,Comportementale,Tristesse,punctuation,',SitEmo
PtitLibe,se regroupe,Comportementale,Tristesse,word,regroupe,SitEmo
PtitLibe,ne parle pas,Comportementale,Tristesse,word,parle,SitEmo
PtitLibe,pense aux gens qui ont été touchés,Comportementale,Tristesse,word,pense,SitEmo
PtitLibe,pense aux gens qui ont été touchés,Comportementale,Tristesse,word,gens,SitEmo
PtitLibe,pense aux gens qui ont été touchés,Comportementale,Tristesse,word,touchés,SitEmo
PtitLibe,rend hommage,Comportementale,Tristesse,word,rend,SitEmo
PtitLibe,rend hommage,Comportementale,Tristesse,word,hommage,SitEmo
PtitLibe,se recueillir,Comportementale,Tristesse,word,recueillir,SitEmo
PtitLibe,allumer des bougies,Comportementale,Tristesse,word,allumer,SitEmo
PtitLibe,allumer des bougies,Comportementale,Tristesse,word,bougies,SitEmo
PtitLibe,se souvenir,Comportementale,Tristesse,word,souvenir,SitEmo
PtitLibe,morts,Suggérée,Tristesse,word,morts,SitEmo
PtitLibe,déposer des fleurs,Comportementale,Tristesse,word,déposer,SitEmo
PtitLibe,déposer des fleurs,Comportementale,Tristesse,word,fleurs,SitEmo
PtitLibe,fermer les lieux publics,Comportementale,Peur,word,fermer,SitEmo
PtitLibe,fermer les lieux publics,Comportementale,Peur,word,lieux,SitEmo
PtitLibe,fermer les lieux publics,Comportementale,Peur,word,publics,SitEmo
PtitLibe,fait une minute de silence,Comportementale,Tristesse,word,minute,SitEmo
PtitLibe,fait une minute de silence,Comportementale,Tristesse,word,silence,SitEmo
PtitLibe,grave,Suggérée,Peur,word,grave,SitEmo
PtitLibe,grave,Suggérée,Tristesse,word,grave,SitEmo
PtitLibe,déçu,Désignée,Tristesse,word,déçu,SitEmo
PtitLibe,choquée,Désignée,Surprise,word,choquée,SitEmo
PtitLibe,malheur,Désignée,Tristesse,word,malheur,SitEmo
PtitLibe,énorme,Désignée,Admiration,word,énorme,SitEmo
PtitLibe,énorme,Désignée,Surprise,word,énorme,SitEmo
PtitLibe,!,Montrée,Admiration,punctuation,!,SitEmo
PtitLibe,!,Montrée,Surprise,punctuation,!,SitEmo
PtitLibe,s’amuse,Comportementale,Joie,word,amuse,SitEmo
PtitLibe,repas de fête,Suggérée,Joie,word,repas,SitEmo
PtitLibe,repas de fête,Suggérée,Joie,word,fête,SitEmo
PtitLibe,incroyables,Désignée,Surprise,word,incroyables,SitEmo
PtitLibe,prestigieux,Désignée,Admiration,word,prestigieux,SitEmo
PtitLibe,!,Montrée,Joie,punctuation,!,SitEmo
PtitLibe,s’esclaffe,Comportementale,Joie,word,esclaffe,SitEmo
PtitLibe,harcelé,Suggérée,Tristesse,word,harcelé,SitEmo
PtitLibe,insultes,Désignée,Embarras,word,insultes,SitEmo
PtitLibe,coups,Suggérée,Peur,word,coups,SitEmo
PtitLibe,coups,Suggérée,Tristesse,word,coups,SitEmo
PtitLibe,victime;harcèlement,Suggérée,Tristesse,word,victime,SitEmo
PtitLibe,victime;harcèlement,Suggérée,Peur,word,victime,SitEmo
PtitLibe,victime;harcèlement,Suggérée,Tristesse,word,harcèlement,SitEmo
PtitLibe,victime;harcèlement,Suggérée,Peur,word,harcèlement,SitEmo
PtitLibe,victime;harcèlement,Suggérée,Tristesse,punctuation,;,SitEmo
PtitLibe,victime;harcèlement,Suggérée,Peur,punctuation,;,SitEmo
PtitLibe,harcelait,Suggérée,Tristesse,word,harcelait,SitEmo
PtitLibe,intimidations,Désignée,Peur,word,intimidations,SitEmo
PtitLibe,violences,Suggérée,Peur,word,violences,SitEmo
PtitLibe,coups,Suggérée,Peur,word,coups,SitEmo
PtitLibe,souffrait,Désignée,Tristesse,word,souffrait,SitEmo
PtitLibe,angoisse,Désignée,Peur,word,angoisse,SitEmo
PtitLibe,harcelé,Suggérée,Tristesse,word,harcelé,SitEmo
PtitLibe,harcelé,Suggérée,Peur,word,harcelé,SitEmo
PtitLibe,dépression,Désignée,Tristesse,word,dépression,SitEmo
PtitLibe,traité,Désignée,Embarras,word,traité,SitEmo
PtitLibe,embêter,Désignée,Tristesse,word,embêter,SitEmo
PtitLibe,faute,Désignée,Culpabilité,word,faute,SitEmo
PtitLibe,dépression,Désignée,Tristesse,word,dépression,SitEmo
PtitLibe,se venger,Comportementale,Colère,word,venger,SitEmo
PtitLibe,harcelée,Suggérée,Tristesse,word,harcelée,SitEmo
PtitLibe,insultes,Désignée,Embarras,word,insultes,SitEmo
PtitLibe,moqueries,Suggérée,Embarras,word,moqueries,SitEmo
PtitLibe,harcelait,Suggérée,Tristesse,word,harcelait,SitEmo
PtitLibe,angoisses,Désignée,Peur,word,angoisses,SitEmo
PtitLibe,tristesse,Désignée,Tristesse,word,tristesse,SitEmo
PtitLibe,tristesse,Désignée,Tristesse,word,tristesse,SitEmo
PtitLibe,difficile,Suggérée,Tristesse,word,difficile,SitEmo
PtitLibe,dépression,Désignée,Tristesse,word,dépression,SitEmo
PtitLibe,honte,Désignée,Embarras,word,honte,SitEmo
PtitLibe,se replient,Comportementale,Embarras,word,replient,SitEmo
PtitLibe,se replient,Comportementale,Culpabilité,word,replient,SitEmo
PtitLibe,se blesser,Comportementale,Tristesse,word,blesser,SitEmo
PtitLibe,se suicider,Comportementale,Tristesse,word,suicider,SitEmo
PtitLibe,n’arrivent pas à dormir,Comportementale,Tristesse,word,arrivent,SitEmo
PtitLibe,n’arrivent pas à dormir,Comportementale,Tristesse,word,dormir,SitEmo
PtitLibe,ne mangent plus,Comportementale,Tristesse,word,mangent,SitEmo
PtitLibe,s’isolent,Comportementale,Tristesse,word,isolent,SitEmo
PtitLibe,dépression,Désignée,Tristesse,word,dépression,SitEmo
PtitLibe,victimes;harcèlement,Suggérée,Tristesse,word,victimes,SitEmo
PtitLibe,victimes;harcèlement,Suggérée,Tristesse,word,harcèlement,SitEmo
PtitLibe,victimes;harcèlement,Suggérée,Tristesse,punctuation,;,SitEmo
PtitLibe,blessée,Désignée,Embarras,word,blessée,SitEmo
PtitLibe,agressions,Suggérée,Embarras,word,agressions,SitEmo
PtitLibe,agressions,Suggérée,Tristesse,word,agressions,SitEmo
PtitLibe,souffrance,Désignée,Tristesse,word,souffrance,SitEmo
PtitLibe,embêtant,Désignée,Tristesse,word,embêtant,SitEmo
PtitLibe,s’est défoulée,Comportementale,Tristesse,word,défoulée,SitEmo
PtitLibe,mourir,Suggérée,Tristesse,word,mourir,SitEmo
PtitLibe,souffrent,Désignée,Tristesse,word,souffrent,SitEmo
PtitLibe,souffrent,Désignée,Tristesse,word,souffrent,SitEmo
PtitLibe,insulté,Désignée,Embarras,word,insulté,SitEmo
PtitLibe,menacé,Désignée,Peur,word,menacé,SitEmo
PtitLibe,frappé,Suggérée,Peur,word,frappé,SitEmo
PtitLibe,frappé,Suggérée,Tristesse,word,frappé,SitEmo
PtitLibe,victime;harcèlement,Suggérée,Peur,word,victime,SitEmo
PtitLibe,victime;harcèlement,Suggérée,Tristesse,word,victime,SitEmo
PtitLibe,victime;harcèlement,Suggérée,Peur,word,harcèlement,SitEmo
PtitLibe,victime;harcèlement,Suggérée,Tristesse,word,harcèlement,SitEmo
PtitLibe,victime;harcèlement,Suggérée,Peur,punctuation,;,SitEmo
PtitLibe,victime;harcèlement,Suggérée,Tristesse,punctuation,;,SitEmo
PtitLibe,mis à l’écart,Suggérée,Tristesse,word,mis,SitEmo
PtitLibe,mis à l’écart,Suggérée,Tristesse,word,écart,SitEmo
PtitLibe,dénoncer,Comportementale,Colère,word,dénoncer,SitEmo
PtitLibe,violences,Suggérée,Peur,word,violences,SitEmo
PtitLibe,violences,Suggérée,Tristesse,word,violences,SitEmo
PtitLibe,victime,Suggérée,Peur,word,victime,SitEmo
PtitLibe,victime,Suggérée,Tristesse,word,victime,SitEmo
PtitLibe,victime;harcèlement,Suggérée,Peur,word,victime,SitEmo
PtitLibe,victime;harcèlement,Suggérée,Tristesse,word,victime,SitEmo
PtitLibe,victime;harcèlement,Suggérée,Peur,word,harcèlement,SitEmo
PtitLibe,victime;harcèlement,Suggérée,Tristesse,word,harcèlement,SitEmo
PtitLibe,victime;harcèlement,Suggérée,Peur,punctuation,;,SitEmo
PtitLibe,victime;harcèlement,Suggérée,Tristesse,punctuation,;,SitEmo
PtitLibe,moqueries,Désignée,Embarras,word,moqueries,SitEmo
PtitLibe,blessent,Désignée,Embarras,word,blessent,SitEmo
PtitLibe,rire,Comportementale,Joie,word,rire,SitEmo
PtitLibe,souffrir,Désignée,Tristesse,word,souffrir,SitEmo
PtitLibe,victime;harcèlement,Suggérée,Peur,word,victime,SitEmo
PtitLibe,victime;harcèlement,Suggérée,Tristesse,word,victime,SitEmo
PtitLibe,victime;harcèlement,Suggérée,Peur,word,harcèlement,SitEmo
PtitLibe,victime;harcèlement,Suggérée,Tristesse,word,harcèlement,SitEmo
PtitLibe,victime;harcèlement,Suggérée,Peur,punctuation,;,SitEmo
PtitLibe,victime;harcèlement,Suggérée,Tristesse,punctuation,;,SitEmo
PtitLibe,Insultes,Désignée,Embarras,word,insultes,SitEmo
PtitLibe,coups,Suggérée,Tristesse,word,coups,SitEmo
PtitLibe,coups,Suggérée,Peur,word,coups,SitEmo
PtitLibe,violences,Suggérée,Tristesse,word,violences,SitEmo
PtitLibe,moqueries,Suggérée,Embarras,word,moqueries,SitEmo
PtitLibe,subit,Désignée,Tristesse,word,subit,SitEmo
PtitLibe,voler,Suggérée,Tristesse,word,voler,SitEmo
PtitLibe,drôle,Désignée,Joie,word,drôle,SitEmo
PtitLibe,menacer,Désignée,Peur,word,menacer,SitEmo
PtitLibe,bolos,Désignée,Embarras,word,bolos,SitEmo
PtitLibe,traiter,Désignée,Embarras,word,traiter,SitEmo
PtitLibe,jeter des boulettes de papier,Suggérée,Embarras,word,jeter,SitEmo
PtitLibe,jeter des boulettes de papier,Suggérée,Tristesse,word,jeter,SitEmo
PtitLibe,jeter des boulettes de papier,Suggérée,Embarras,word,boulettes,SitEmo
PtitLibe,jeter des boulettes de papier,Suggérée,Tristesse,word,boulettes,SitEmo
PtitLibe,jeter des boulettes de papier,Suggérée,Embarras,word,papier,SitEmo
PtitLibe,jeter des boulettes de papier,Suggérée,Tristesse,word,papier,SitEmo
PtitLibe,moquer,Suggérée,Embarras,word,moquer,SitEmo
PtitLibe,harceler,Suggérée,Tristesse,word,harceler,SitEmo
PtitLibe,harcelés,Suggérée,Tristesse,word,harcelés,SitEmo
PtitLibe,harcelés,Suggérée,Embarras,word,harcelés,SitEmo
PtitLibe,harcèlent,Suggérée,Tristesse,word,harcèlent,SitEmo
PtitLibe,harcèlent,Suggérée,Embarras,word,harcèlent,SitEmo
PtitLibe,moquer,Suggérée,Embarras,word,moquer,SitEmo
PtitLibe,victimes;harcèlement,Suggérée,Tristesse,word,victimes,SitEmo
PtitLibe,victimes;harcèlement,Suggérée,Embarras,word,victimes,SitEmo
PtitLibe,victimes;harcèlement,Suggérée,Tristesse,word,harcèlement,SitEmo
PtitLibe,victimes;harcèlement,Suggérée,Embarras,word,harcèlement,SitEmo
PtitLibe,victimes;harcèlement,Suggérée,Tristesse,punctuation,;,SitEmo
PtitLibe,victimes;harcèlement,Suggérée,Embarras,punctuation,;,SitEmo
PtitLibe,victime,Suggérée,Tristesse,word,victime,SitEmo
PtitLibe,victime,Suggérée,Embarras,word,victime,SitEmo
PtitLibe,victime;violences,Suggérée,Tristesse,word,victime,SitEmo
PtitLibe,victime;violences,Suggérée,Peur,word,victime,SitEmo
PtitLibe,victime;violences,Suggérée,Tristesse,word,violences,SitEmo
PtitLibe,victime;violences,Suggérée,Peur,word,violences,SitEmo
PtitLibe,victime;violences,Suggérée,Tristesse,punctuation,;,SitEmo
PtitLibe,victime;violences,Suggérée,Peur,punctuation,;,SitEmo
PtitLibe,victime;harcèlement,Suggérée,Tristesse,word,victime,SitEmo
PtitLibe,victime;harcèlement,Suggérée,Embarras,word,victime,SitEmo
PtitLibe,victime;harcèlement,Suggérée,Tristesse,word,harcèlement,SitEmo
PtitLibe,victime;harcèlement,Suggérée,Embarras,word,harcèlement,SitEmo
PtitLibe,victime;harcèlement,Suggérée,Tristesse,punctuation,;,SitEmo
PtitLibe,victime;harcèlement,Suggérée,Embarras,punctuation,;,SitEmo
PtitLibe,étonnement,Désignée,Surprise,word,étonnement,SitEmo
PtitLibe,formidable,Désignée,Admiration,word,formidable,SitEmo
PtitLibe,folâtre,Désignée,Joie,word,folâtre,SitEmo
PtitLibe,joyeux,Désignée,Joie,word,joyeux,SitEmo
PtitLibe,dangereuse,Désignée,Peur,word,dangereuse,SitEmo
PtitLibe,injustice,Suggérée,Colère,word,injustice,SitEmo
PtitLibe,dangereuse,Désignée,Peur,word,dangereuse,SitEmo
PtitLibe,menaçante,Désignée,Peur,word,menaçante,SitEmo
PtitLibe,immense,Suggérée,Admiration,word,immense,SitEmo
PtitLibe,immense,Suggérée,Peur,word,immense,SitEmo
PtitLibe,puissante,Suggérée,Admiration,word,puissante,SitEmo
PtitLibe,puissante,Suggérée,Peur,word,puissante,SitEmo
PtitLibe,imprévisible,Suggérée,Peur,word,imprévisible,SitEmo
PtitLibe,dangereuse,Désignée,Peur,word,dangereuse,SitEmo
PtitLibe,sentir bien,Suggérée,Joie,word,sentir,SitEmo
PtitLibe,danger,Désignée,Peur,word,danger,SitEmo
PtitLibe,impressionné,Désignée,Admiration,word,impressionné,SitEmo
PtitLibe,impressionné,Désignée,Peur,word,impressionné,SitEmo
PtitLibe,tout petits,Suggérée,Peur,word,petits,SitEmo
PtitLibe,se sent bien,Suggérée,Joie,word,sent,SitEmo
PtitLibe,divin,Suggérée,Admiration,word,divin,SitEmo
PtitLibe,divin,Suggérée,Peur,word,divin,SitEmo
PtitLibe,drôle,Désignée,Joie,word,drôle,SitEmo
PtitLibe,drôle,Désignée,Joie,word,drôle,SitEmo
PtitLibe,!,Montrée,Joie,punctuation,!,SitEmo
PtitLibe,quel drôle de mot,Montrée,Joie,word,quel,SitEmo
PtitLibe,quel drôle de mot,Montrée,Joie,word,drôle,SitEmo
PtitLibe,quel drôle de mot,Montrée,Joie,word,mot,SitEmo
PtitLibe,pénible,Désignée,Tristesse,word,pénible,SitEmo
PtitLibe,plaisir,Désignée,Joie,word,plaisir,SitEmo
PtitLibe,heureux,Désignée,Joie,word,heureux,SitEmo
PtitLibe,heureux,Désignée,Joie,word,heureux,SitEmo
PtitLibe,étonnante,Désignée,Surprise,word,étonnante,SitEmo
PtitLibe,peur,Désignée,Peur,word,peur,SitEmo
PtitLibe,pénible,Désignée,Tristesse,word,pénible,SitEmo
PtitLibe,fatigué,Suggérée,Tristesse,word,fatigué,SitEmo
PtitLibe,malade,Suggérée,Tristesse,word,malade,SitEmo
PtitLibe,s’épanouir,Désignée,Joie,word,épanouir,SitEmo
PtitLibe,corvée;obligation,Suggérée,Tristesse,word,corvée,SitEmo
PtitLibe,corvée;obligation,Suggérée,Tristesse,word,obligation,SitEmo
PtitLibe,corvée;obligation,Suggérée,Tristesse,punctuation,;,SitEmo
PtitLibe,peur,Désignée,Peur,word,peur,SitEmo
PtitLibe,énervé,Désignée,Colère,word,énervé,SitEmo
PtitLibe,critique,Comportementale,Colère,word,critique,SitEmo
PtitLibe,contre,Suggérée,Colère,word,contre,SitEmo
PtitLibe,critique,Comportementale,Colère,word,critique,SitEmo
PtitLibe,en avaient assez,Désignée,Colère,word,assez,SitEmo
PtitLibe,critique,Comportementale,Colère,word,critique,SitEmo
PtitLibe,critiqué,Comportementale,Colère,word,critiqué,SitEmo
PtitLibe,colère,Désignée,Colère,word,colère,SitEmo
PtitLibe,s’énerve,Comportementale,Colère,word,énerve,SitEmo
PtitLibe,reprochent,Comportementale,Colère,word,reprochent,SitEmo
PtitLibe,critiquent,Comportementale,Colère,word,critiquent,SitEmo
PtitLibe,critiqué,Comportementale,Colère,word,critiqué,SitEmo
PtitLibe,s’en prendre aux médias,Suggérée,Colère,word,prendre,SitEmo
PtitLibe,s’en prendre aux médias,Suggérée,Colère,word,médias,SitEmo
PtitLibe,ne pas respecter,Suggérée,Colère,word,respecter,SitEmo
PtitLibe,accusé,Comportementale,Colère,word,accusé,SitEmo
PtitLibe,déçu,Désignée,Tristesse,word,déçu,SitEmo
PtitLibe,spectaculaire,Désignée,Admiration,word,spectaculaire,SitEmo
PtitLibe,spectaculaire,Désignée,Surprise,word,spectaculaire,SitEmo
PtitLibe,impressionnante,Désignée,Surprise,word,impressionnante,SitEmo
PtitLibe,impressionnante,Désignée,Peur,word,impressionnante,SitEmo
PtitLibe,menacé,Désignée,Peur,word,menacé,SitEmo
PtitLibe,critique,Comportementale,Colère,word,critique,SitEmo
PtitLibe,fuir,Comportementale,Peur,word,fuir,SitEmo
PtitLibe,protège,Suggérée,Peur,word,protège,SitEmo
PtitLibe,ne mangent pas à leur faim;forcés,Suggérée,Colère,word,mangent,SitEmo
PtitLibe,ne mangent pas à leur faim;forcés,Suggérée,Colère,word,faim,SitEmo
PtitLibe,ne mangent pas à leur faim;forcés,Suggérée,Colère,word,forcés,SitEmo
PtitLibe,ne mangent pas à leur faim;forcés,Suggérée,Colère,punctuation,;,SitEmo
PtitLibe,dénoncés,Comportementale,Colère,word,dénoncés,SitEmo
PtitLibe,insultes,Comportementale,Colère,word,insultes,SitEmo
PtitLibe,armes;puissantes,Suggérée,Peur,word,armes,SitEmo
PtitLibe,armes;puissantes,Suggérée,Peur,word,puissantes,SitEmo
PtitLibe,armes;puissantes,Suggérée,Peur,punctuation,;,SitEmo
PtitLibe,peur,Désignée,Peur,word,peur,SitEmo
PtitLibe,menaçante,Désignée,Peur,word,menaçante,SitEmo
PtitLibe,attaquent,Suggérée,Peur,word,attaquent,SitEmo
PtitLibe,détruire,Suggérée,Peur,word,détruire,SitEmo
PtitLibe,insultes,Désignée,Embarras,word,insultes,SitEmo
PtitLibe,se défendre,Comportementale,Peur,word,défendre,SitEmo
PtitLibe,attaquée,Suggérée,Peur,word,attaquée,SitEmo
PtitLibe,redoutent,Désignée,Peur,word,redoutent,SitEmo
PtitLibe,décrit comme un «vieil homme fou»,Comportementale,Colère,word,décrit,SitEmo
PtitLibe,décrit comme un «vieil homme fou»,Comportementale,Colère,word,vieil,SitEmo
PtitLibe,décrit comme un «vieil homme fou»,Comportementale,Colère,word,homme,SitEmo
PtitLibe,décrit comme un «vieil homme fou»,Comportementale,Colère,word,fou,SitEmo
PtitLibe,décrit comme un «vieil homme fou»,Comportementale,Colère,punctuation,«,SitEmo
PtitLibe,décrit comme un «vieil homme fou»,Comportementale,Colère,punctuation,»,SitEmo
PtitLibe,décrit comme un «vieil homme fou»,Suggérée,Embarras,word,décrit,SitEmo
PtitLibe,décrit comme un «vieil homme fou»,Suggérée,Embarras,word,vieil,SitEmo
PtitLibe,décrit comme un «vieil homme fou»,Suggérée,Embarras,word,homme,SitEmo
PtitLibe,décrit comme un «vieil homme fou»,Suggérée,Embarras,word,fou,SitEmo
PtitLibe,décrit comme un «vieil homme fou»,Suggérée,Embarras,punctuation,«,SitEmo
PtitLibe,décrit comme un «vieil homme fou»,Suggérée,Embarras,punctuation,»,SitEmo
PtitLibe,menacé,Désignée,Peur,word,menacé,SitEmo
PtitLibe,traité,Comportementale,Colère,word,traité,SitEmo
PtitLibe,traité,Désignée,Embarras,word,traité,SitEmo
PtitLibe,traité,Comportementale,Colère,word,traité,SitEmo
PtitLibe,traité,Désignée,Embarras,word,traité,SitEmo
PtitLibe,fierté,Désignée,Fierté,word,fierté,SitEmo
PtitLibe,honneur,Désignée,Fierté,word,honneur,SitEmo
PtitLibe,attaque,Suggérée,Peur,word,attaque,SitEmo
PtitLibe,se défendre,Comportementale,Peur,word,défendre,SitEmo
PtitLibe,fier,Désignée,Fierté,word,fier,SitEmo
PtitLibe,s’échapper,Comportementale,Peur,word,échapper,SitEmo
PtitLibe,dictature,Suggérée,Peur,word,dictature,SitEmo
PtitLibe,me suis échappé,Comportementale,Peur,word,échappé,SitEmo
PtitLibe,fui,Comportementale,Peur,word,fui,SitEmo
PtitLibe,me suis caché,Comportementale,Peur,word,caché,SitEmo
PtitLibe,puni,Suggérée,Peur,word,puni,SitEmo
PtitLibe,risquer,Désignée,Peur,word,risquer,SitEmo
PtitLibe,fui,Comportementale,Peur,word,fui,SitEmo
PtitLibe,moins de chance,Suggérée,Tristesse,word,chance,SitEmo
PtitLibe,manquent,Suggérée,Tristesse,word,manquent,SitEmo
PtitLibe,pas en bonne santé,Suggérée,Tristesse,word,bonne,SitEmo
PtitLibe,pas en bonne santé,Suggérée,Tristesse,word,santé,SitEmo
PtitLibe,garde le sourire,Comportementale,Joie,word,garde,SitEmo
PtitLibe,garde le sourire,Comportementale,Joie,word,sourire,SitEmo
PtitLibe,dangereuse,Désignée,Peur,word,dangereuse,SitEmo
PtitLibe,dangereux,Désignée,Peur,word,dangereux,SitEmo
PtitLibe,arme;puissante,Suggérée,Peur,word,arme,SitEmo
PtitLibe,arme;puissante,Suggérée,Peur,word,puissante,SitEmo
PtitLibe,arme;puissante,Suggérée,Peur,punctuation,;,SitEmo
PtitLibe,dévaste,Suggérée,Peur,word,dévaste,SitEmo
PtitLibe,arme;puissante;frapper,Suggérée,Peur,word,arme,SitEmo
PtitLibe,arme;puissante;frapper,Suggérée,Peur,word,puissante,SitEmo
PtitLibe,arme;puissante;frapper,Suggérée,Peur,word,frapper,SitEmo
PtitLibe,arme;puissante;frapper,Suggérée,Peur,punctuation,;,SitEmo
PtitLibe,arme;puissante;frapper,Suggérée,Peur,punctuation,;,SitEmo
PtitLibe,énervé,Désignée,Colère,word,énervé,SitEmo
PtitLibe,inquiets,Désignée,Peur,word,inquiets,SitEmo
PtitLibe,dangereuse,Désignée,Peur,word,dangereuse,SitEmo
PtitLibe,détruire,Suggérée,Peur,word,détruire,SitEmo
PtitLibe,traité,Désignée,Embarras,word,traité,SitEmo
PtitLibe,traité,Comportementale,Colère,word,traité,SitEmo
PtitLibe,bombre;ultra-puissante,Suggérée,Peur,word,bombre,SitEmo
PtitLibe,bombre;ultra-puissante,Suggérée,Peur,word,ultra-puissante,SitEmo
PtitLibe,bombre;ultra-puissante,Suggérée,Peur,punctuation,;,SitEmo
PtitLibe,bombre;ultra-puissante,Suggérée,Peur,punctuation,-,SitEmo
PtitLibe,menacé,Désignée,Peur,word,menacé,SitEmo
PtitLibe,drôle,Désignée,Joie,word,drôle,SitEmo
PtitLibe,s’amuse,Comportementale,Joie,word,amuse,SitEmo
PtitLibe,s’amuser,Comportementale,Joie,word,amuser,SitEmo
PtitLibe,sympa,Désignée,Joie,word,sympa,SitEmo
PtitLibe,ridicules;aux yeux des autres,Suggérée,Embarras,word,ridicules,SitEmo
PtitLibe,ridicules;aux yeux des autres,Suggérée,Embarras,word,yeux,SitEmo
PtitLibe,ridicules;aux yeux des autres,Suggérée,Embarras,punctuation,;,SitEmo
PtitLibe,peur,Désignée,Peur,word,peur,SitEmo
PtitLibe,rigolos,Désignée,Joie,word,rigolos,SitEmo
PtitLibe,nostalgie,Désignée,Tristesse,word,nostalgie,SitEmo
PtitLibe,bons moments,Suggérée,Joie,word,bons,SitEmo
PtitLibe,bons moments,Suggérée,Joie,word,moments,SitEmo
PtitLibe,se réfugier,Comportementale,Peur,word,réfugier,SitEmo
PtitLibe,pas du tout d’accord,Suggérée,Colère,word,accord,SitEmo
PtitLibe,critiquée,Comportementale,Colère,word,critiquée,SitEmo
PtitLibe,illégalement,Suggérée,Colère,word,illégalement,SitEmo
PtitLibe,tendu,Désignée,Colère,word,tendu,SitEmo
PtitLibe,mal vécue,Suggérée,Colère,word,vécue,SitEmo
PtitLibe,mal vécue,Suggérée,Tristesse,word,vécue,SitEmo
PtitLibe,fâchée,Désignée,Colère,word,fâchée,SitEmo
PtitLibe,attaques;terroristes,Suggérée,Peur,word,attaques,SitEmo
PtitLibe,attaques;terroristes,Suggérée,Peur,word,terroristes,SitEmo
PtitLibe,attaques;terroristes,Suggérée,Peur,punctuation,;,SitEmo
PtitLibe,faux,Suggérée,Colère,word,faux,SitEmo
PtitLibe,triste,Désignée,Tristesse,word,triste,SitEmo
PtitLibe,prendre quelque chose de très précieux,Suggérée,Colère,word,prendre,SitEmo
PtitLibe,prendre quelque chose de très précieux,Suggérée,Tristesse,word,prendre,SitEmo
PtitLibe,prendre quelque chose de très précieux,Suggérée,Colère,word,chose,SitEmo
PtitLibe,prendre quelque chose de très précieux,Suggérée,Tristesse,word,chose,SitEmo
PtitLibe,prendre quelque chose de très précieux,Suggérée,Colère,word,précieux,SitEmo
PtitLibe,prendre quelque chose de très précieux,Suggérée,Tristesse,word,précieux,SitEmo
PtitLibe,pas juste,Montrée,Colère,word,juste,SitEmo
PtitLibe,!,Montrée,Colère,punctuation,!,SitEmo
PtitLibe,juste,Montrée,Colère,word,juste,SitEmo
PtitLibe,juste,Montrée,Tristesse,word,juste,SitEmo
PtitLibe,pas de paix,Suggérée,Tristesse,word,paix,SitEmo
PtitLibe,subir les conséquences,Suggérée,Colère,word,subir,SitEmo
PtitLibe,subir les conséquences,Suggérée,Colère,word,conséquences,SitEmo
PtitLibe,peur,Désignée,Peur,word,peur,SitEmo
PtitLibe,faire tuer des gens,Suggérée,Colère,word,tuer,SitEmo
PtitLibe,faire tuer des gens,Suggérée,Tristesse,word,tuer,SitEmo
PtitLibe,faire tuer des gens,Suggérée,Colère,word,gens,SitEmo
PtitLibe,faire tuer des gens,Suggérée,Tristesse,word,gens,SitEmo
PtitLibe,occupation,Suggérée,Colère,word,occupation,SitEmo
PtitLibe,se protéger,Comportementale,Peur,word,protéger,SitEmo
PtitLibe,se réfugient,Comportementale,Peur,word,réfugient,SitEmo
PtitLibe,se sont révoltés,Comportementale,Colère,word,révoltés,SitEmo
PtitLibe,construit un immense mur,Comportementale,Peur,word,construit,SitEmo
PtitLibe,construit un immense mur,Comportementale,Peur,word,immense,SitEmo
PtitLibe,construit un immense mur,Comportementale,Peur,word,mur,SitEmo
PtitLibe,ravi,Désignée,Joie,word,ravi,SitEmo
PtitLibe,drôle,Désignée,Joie,word,drôle,SitEmo
PtitLibe,sautillent,Comportementale,Joie,word,sautillent,SitEmo
PtitLibe,bonheur,Désignée,Joie,word,bonheur,SitEmo
PtitLibe,bonheur,Désignée,Joie,word,bonheur,SitEmo
PtitLibe,super,Suggérée,Admiration,word,super,SitEmo
PtitLibe,fête,Comportementale,Joie,word,fête,SitEmo
PtitLibe,rigole,Comportementale,Joie,word,rigole,SitEmo
PtitLibe,s’engueule,Comportementale,Colère,word,engueule,SitEmo
PtitLibe,drôles,Désignée,Joie,word,drôles,SitEmo
PtitLibe,formidable,Désignée,Admiration,word,formidable,SitEmo
PtitLibe,ne m’attendais pas,Suggérée,Surprise,word,attendais,SitEmo
PtitLibe,incroyable,Désignée,Surprise,word,incroyable,SitEmo
PtitLibe,marrantes,Désignée,Joie,word,marrantes,SitEmo
PtitLibe,amusantes,Désignée,Joie,word,amusantes,SitEmo
PtitLibe,drôles,Désignée,Joie,word,drôles,SitEmo
PtitLibe,en s’amusant,Comportementale,Joie,word,amusant,SitEmo
PtitLibe,!,Montrée,Surprise,punctuation,!,SitEmo
PtitLibe,fans,Désignée,Admiration,word,fans,SitEmo
PtitLibe,peur,Désignée,Peur,word,peur,SitEmo
PtitLibe,angoissé,Désignée,Peur,word,angoissé,SitEmo
PtitLibe,s’amuse,Comportementale,Joie,word,amuse,SitEmo
PtitLibe,dangereux,Désignée,Peur,word,dangereux,SitEmo
PtitLibe,!,Montrée,Surprise,punctuation,!,SitEmo
PtitLibe,!,Montrée,Joie,punctuation,!,SitEmo
PtitLibe,dangereux,Désignée,Peur,word,dangereux,SitEmo
PtitLibe,dangereux,Désignée,Peur,word,dangereux,SitEmo
PtitLibe,se méfier,Comportementale,Peur,word,méfier,SitEmo
PtitLibe,se méfie,Comportementale,Peur,word,méfie,SitEmo
PtitLibe,s’amuse,Comportementale,Joie,word,amuse,SitEmo
PtitLibe,énervait,Désignée,Colère,word,énervait,SitEmo
PtitLibe,impose,Suggérée,Colère,word,impose,SitEmo
PtitLibe,peur,Désignée,Peur,word,peur,SitEmo
PtitLibe,craignent,Désignée,Peur,word,craignent,SitEmo
PtitLibe,contentes,Désignée,Joie,word,contentes,SitEmo
PtitLibe,pas d’accord,Suggérée,Colère,word,accord,SitEmo
PtitLibe,isolées,Suggérée,Peur,word,isolées,SitEmo
PtitLibe,n’existent plus;perdues,Suggérée,Peur,word,existent,SitEmo
PtitLibe,n’existent plus;perdues,Suggérée,Peur,word,perdues,SitEmo
PtitLibe,n’existent plus;perdues,Suggérée,Peur,punctuation,;,SitEmo
PtitLibe,pas d’accord,Suggérée,Colère,word,accord,SitEmo
PtitLibe,fête,Comportementale,Joie,word,fête,SitEmo
PtitLibe,manifestations,Comportementale,Colère,word,manifestations,SitEmo
PtitLibe,critiquer,Comportementale,Colère,word,critiquer,SitEmo
PtitLibe,reproches,Comportementale,Colère,word,reproches,SitEmo
PtitLibe,mécontentement,Désignée,Colère,word,mécontentement,SitEmo
PtitLibe,pas d’accord;obligation,Suggérée,Colère,word,accord,SitEmo
PtitLibe,pas d’accord;obligation,Suggérée,Colère,word,obligation,SitEmo
PtitLibe,pas d’accord;obligation,Suggérée,Colère,punctuation,;,SitEmo
PtitLibe,manifestations,Comportementale,Colère,word,manifestations,SitEmo
PtitLibe,problèmes,Suggérée,Colère,word,problèmes,SitEmo
PtitLibe,heureuse,Désignée,Joie,word,heureuse,SitEmo
PtitLibe,magnifiques,Désignée,Admiration,word,magnifiques,SitEmo
PtitLibe,critiquer,Comportementale,Colère,word,critiquer,SitEmo
PtitLibe,manifestations,Comportementale,Colère,word,manifestations,SitEmo
PtitLibe,colère,Désignée,Colère,word,colère,SitEmo
PtitLibe,colère,Désignée,Colère,word,colère,SitEmo
PtitLibe,manifestations,Comportementale,Colère,word,manifestations,SitEmo
PtitLibe,émeutes,Comportementale,Colère,word,émeutes,SitEmo
PtitLibe,colère,Désignée,Colère,word,colère,SitEmo
PtitLibe,violence,Comportementale,Colère,word,violence,SitEmo
PtitLibe,protestations,Comportementale,Colère,word,protestations,SitEmo
PtitLibe,tuées,Suggérée,Peur,word,tuées,SitEmo
PtitLibe,arrêtées,Suggérée,Peur,word,arrêtées,SitEmo
PtitLibe,hausse du chômage et des prix,Suggérée,Colère,word,hausse,SitEmo
PtitLibe,hausse du chômage et des prix,Suggérée,Colère,word,chômage,SitEmo
PtitLibe,hausse du chômage et des prix,Suggérée,Colère,word,prix,SitEmo
PtitLibe,sévèrement puni,Suggérée,Peur,word,sévèrement,SitEmo
PtitLibe,sévèrement puni,Suggérée,Peur,word,puni,SitEmo
PtitLibe,contestation,Comportementale,Colère,word,contestation,SitEmo
PtitLibe,protesté,Comportementale,Colère,word,protesté,SitEmo
PtitLibe,attaqué,Comportementale,Colère,word,attaqué,SitEmo
PtitLibe,manifestations,Comportementale,Colère,word,manifestations,SitEmo
PtitLibe,colère,Désignée,Colère,word,colère,SitEmo
PtitLibe,protestations,Comportementale,Colère,word,protestations,SitEmo
PtitLibe,choquantes,Désignée,Surprise,word,choquantes,SitEmo
PtitLibe,choquantes,Désignée,Peur,word,choquantes,SitEmo
PtitLibe,angoissantes,Désignée,Peur,word,angoissantes,SitEmo
PtitLibe,peur,Désignée,Peur,word,peur,SitEmo
PtitLibe,colère,Désignée,Colère,word,colère,SitEmo
PtitLibe,dangereuses,Désignée,Peur,word,dangereuses,SitEmo
PtitLibe,injuste,Suggérée,Colère,word,injuste,SitEmo
PtitLibe,ne peut faire confiance à personne,Suggérée,Peur,word,confiance,SitEmo
PtitLibe,pourquoi ont-ils tout et pas moi,Suggérée,Colère,word,pourquoi,SitEmo
PtitLibe,pourquoi ont-ils tout et pas moi,Suggérée,Tristesse,word,pourquoi,SitEmo
PtitLibe,pourquoi ont-ils tout et pas moi,Suggérée,Colère,word,ont-ils,SitEmo
PtitLibe,pourquoi ont-ils tout et pas moi,Suggérée,Tristesse,word,ont-ils,SitEmo
PtitLibe,pourquoi ont-ils tout et pas moi,Suggérée,Colère,punctuation,-,SitEmo
PtitLibe,pourquoi ont-ils tout et pas moi,Suggérée,Tristesse,punctuation,-,SitEmo
PtitLibe,se venger,Comportementale,Colère,word,venger,SitEmo
PtitLibe,se venger,Comportementale,Tristesse,word,venger,SitEmo
PtitLibe,se venger,Comportementale,Colère,word,venger,SitEmo
PtitLibe,se venger,Comportementale,Tristesse,word,venger,SitEmo
PtitLibe,manigancent;punir,Suggérée,Colère,word,manigancent,SitEmo
PtitLibe,manigancent;punir,Suggérée,Tristesse,word,manigancent,SitEmo
PtitLibe,manigancent;punir,Suggérée,Colère,word,punir,SitEmo
PtitLibe,manigancent;punir,Suggérée,Tristesse,word,punir,SitEmo
PtitLibe,manigancent;punir,Suggérée,Colère,punctuation,;,SitEmo
PtitLibe,manigancent;punir,Suggérée,Tristesse,punctuation,;,SitEmo
PtitLibe,commettre des attentats,Comportementale,Colère,word,commettre,SitEmo
PtitLibe,commettre des attentats,Comportementale,Tristesse,word,commettre,SitEmo
PtitLibe,commettre des attentats,Comportementale,Colère,word,attentats,SitEmo
PtitLibe,commettre des attentats,Comportementale,Tristesse,word,attentats,SitEmo
PtitLibe,divertissement,Désignée,Joie,word,divertissement,SitEmo
PtitLibe,fête,Comportementale,Joie,word,fête,SitEmo
PtitLibe,drôle,Désignée,Joie,word,drôle,SitEmo
PtitLibe,drôle,Désignée,Joie,word,drôle,SitEmo
PtitLibe,amusante,Désignée,Joie,word,amusante,SitEmo
PtitLibe,terrible,Désignée,Peur,word,terrible,SitEmo
PtitLibe,pourtant,Montrée,Surprise,word,pourtant,SitEmo
PtitLibe,timidité,Désignée,Embarras,word,timidité,SitEmo
PtitLibe,timidité,Désignée,Peur,word,timidité,SitEmo
PtitLibe,chouette,Montrée,Joie,word,chouette,SitEmo
PtitLibe,incroyable,Désignée,Surprise,word,incroyable,SitEmo
PtitLibe,!,Montrée,Surprise,punctuation,!,SitEmo
PtitLibe,!,Montrée,Surprise,punctuation,!,SitEmo
PtitLibe,!,Montrée,Admiration,punctuation,!,SitEmo
PtitLibe,déjà,Montrée,Surprise,word,déjà,SitEmo
PtitLibe,déjà,Montrée,Admiration,word,déjà,SitEmo
PtitLibe,!,Montrée,Joie,punctuation,!,SitEmo
PtitLibe,fuyaient,Comportementale,Peur,word,fuyaient,SitEmo
PtitLibe,fâcher,Désignée,Colère,word,fâcher,SitEmo
PtitLibe,déçus,Désignée,Tristesse,word,déçus,SitEmo
PtitLibe,dictature,Suggérée,Tristesse,word,dictature,SitEmo
PtitLibe,dictature,Suggérée,Peur,word,dictature,SitEmo
PtitLibe,idole,Désignée,Admiration,word,idole,SitEmo
PtitLibe,souffraient,Désignée,Tristesse,word,souffraient,SitEmo
PtitLibe,accusée,Comportementale,Colère,word,accusée,SitEmo
PtitLibe,ne pas défendre,Suggérée,Colère,word,défendre,SitEmo
PtitLibe,laisse tomber,Suggérée,Tristesse,word,laisse,SitEmo
PtitLibe,laisse tomber,Suggérée,Tristesse,word,tomber,SitEmo
PtitLibe,fuir,Comportementale,Peur,word,fuir,SitEmo
PtitLibe,violente,Suggérée,Peur,word,violente,SitEmo
PtitLibe,brûlées,Suggérée,Peur,word,brûlées,SitEmo
PtitLibe,peur,Désignée,Peur,word,peur,SitEmo
PtitLibe,désespérés,Désignée,Tristesse,word,désespérés,SitEmo
PtitLibe,brûlés,Suggérée,Tristesse,word,brûlés,SitEmo
PtitLibe,brûlés,Suggérée,Peur,word,brûlés,SitEmo
PtitLibe,a dû quitter son pays,Suggérée,Tristesse,word,dû,SitEmo
PtitLibe,a dû quitter son pays,Suggérée,Tristesse,word,quitter,SitEmo
PtitLibe,a dû quitter son pays,Suggérée,Tristesse,word,pays,SitEmo
PtitLibe,rejetée,Suggérée,Tristesse,word,rejetée,SitEmo
PtitLibe,ne pouvait plus se déplacer,Suggérée,Tristesse,word,pouvait,SitEmo
PtitLibe,ne pouvait plus se déplacer,Suggérée,Tristesse,word,déplacer,SitEmo
PtitLibe,piégés,Suggérée,Peur,word,piégés,SitEmo
PtitLibe,tués,Suggérée,Peur,word,tués,SitEmo
PtitLibe,pire,Suggérée,Peur,word,pire,SitEmo
PtitLibe,difficiles,Suggérée,Tristesse,word,difficiles,SitEmo
PtitLibe,n’a pas pu continuer ses études,Suggérée,Tristesse,word,pu,SitEmo
PtitLibe,n’a pas pu continuer ses études,Suggérée,Tristesse,word,continuer,SitEmo
PtitLibe,n’a pas pu continuer ses études,Suggérée,Tristesse,word,études,SitEmo
PtitLibe,renvoyé,Suggérée,Tristesse,word,renvoyé,SitEmo
PtitLibe,fui,Comportementale,Peur,word,fui,SitEmo
PtitLibe,trouvé refuge,Comportementale,Peur,word,trouvé,SitEmo
PtitLibe,trouvé refuge,Comportementale,Peur,word,refuge,SitEmo
PtitLibe,attaquer,Suggérée,Peur,word,attaquer,SitEmo
PtitLibe,abandonné,Comportementale,Peur,word,abandonné,SitEmo
PtitLibe,partis,Comportementale,Peur,word,partis,SitEmo
PtitLibe,punir;sévèrement,Comportementale,Colère,word,punir,SitEmo
PtitLibe,punir;sévèrement,Comportementale,Colère,word,sévèrement,SitEmo
PtitLibe,punir;sévèrement,Comportementale,Colère,punctuation,;,SitEmo
PtitLibe,violence,Suggérée,Peur,word,violence,SitEmo
PtitLibe,violence,Suggérée,Tristesse,word,violence,SitEmo
PtitLibe,se réfugier,Comportementale,Peur,word,réfugier,SitEmo
PtitLibe,fui,Comportementale,Peur,word,fui,SitEmo
PtitLibe,chassés,Suggérée,Peur,word,chassés,SitEmo
PtitLibe,maltraités,Suggérée,Tristesse,word,maltraités,SitEmo
PtitLibe,maltraités,Suggérée,Peur,word,maltraités,SitEmo
PtitLibe,rejetés,Suggérée,Colère,word,rejetés,SitEmo
PtitLibe,rejetés,Suggérée,Tristesse,word,rejetés,SitEmo
PtitLibe,attaqué,Comportementale,Colère,word,attaqué,SitEmo
PtitLibe,attaqué,Comportementale,Tristesse,word,attaqué,SitEmo
PtitLibe,tué,Comportementale,Colère,word,tué,SitEmo
PtitLibe,tué,Comportementale,Tristesse,word,tué,SitEmo
PtitLibe,coups de feu;morts;blessés;pillages;brûlés,Comportementale,Colère,word,coups,SitEmo
PtitLibe,coups de feu;morts;blessés;pillages;brûlés,Comportementale,Colère,word,feu,SitEmo
PtitLibe,coups de feu;morts;blessés;pillages;brûlés,Comportementale,Colère,word,morts,SitEmo
PtitLibe,coups de feu;morts;blessés;pillages;brûlés,Comportementale,Colère,word,blessés,SitEmo
PtitLibe,coups de feu;morts;blessés;pillages;brûlés,Comportementale,Colère,word,pillages,SitEmo
PtitLibe,coups de feu;morts;blessés;pillages;brûlés,Comportementale,Colère,word,brûlés,SitEmo
PtitLibe,coups de feu;morts;blessés;pillages;brûlés,Comportementale,Colère,punctuation,;,SitEmo
PtitLibe,coups de feu;morts;blessés;pillages;brûlés,Comportementale,Colère,punctuation,;,SitEmo
PtitLibe,coups de feu;morts;blessés;pillages;brûlés,Comportementale,Colère,punctuation,;,SitEmo
PtitLibe,coups de feu;morts;blessés;pillages;brûlés,Comportementale,Colère,punctuation,;,SitEmo
PtitLibe,quitté leur maison,Suggérée,Tristesse,word,quitté,SitEmo
PtitLibe,quitté leur maison,Suggérée,Tristesse,word,maison,SitEmo
PtitLibe,dû arrêter l’école,Suggérée,Tristesse,word,dû,SitEmo
PtitLibe,dû arrêter l’école,Suggérée,Tristesse,word,arrêter,SitEmo
PtitLibe,dû arrêter l’école,Suggérée,Tristesse,word,école,SitEmo
PtitLibe,en avaient assez,Désignée,Colère,word,assez,SitEmo
PtitLibe,attaqué;tué,Suggérée,Colère,word,attaqué,SitEmo
PtitLibe,attaqué;tué,Suggérée,Colère,word,tué,SitEmo
PtitLibe,attaqué;tué,Suggérée,Colère,punctuation,;,SitEmo
PtitLibe,fui,Comportementale,Peur,word,fui,SitEmo
PtitLibe,peu,Désignée,Peur,word,peu,SitEmo
PtitLibe,attaques,Suggérée,Peur,word,attaques,SitEmo
PtitLibe,chassés,Suggérée,Peur,word,chassés,SitEmo
PtitLibe,fui,Comportementale,Peur,word,fui,SitEmo
PtitLibe,rejetés,Suggérée,Peur,word,rejetés,SitEmo
PtitLibe,rejetés,Suggérée,Tristesse,word,rejetés,SitEmo
PtitLibe,s’amuser,Comportementale,Joie,word,amuser,SitEmo
PtitLibe,dangereuse,Désignée,Peur,word,dangereuse,SitEmo
PtitLibe,tensions,Désignée,Colère,word,tensions,SitEmo
PtitLibe,pas en sécurité,Suggérée,Peur,word,sécurité,SitEmo
PtitLibe,ennemis,Suggérée,Colère,word,ennemis,SitEmo
PtitLibe,peur,Désignée,Peur,word,peur,SitEmo
PtitLibe,puissants missiles;bombe nucléaire;arme,Suggérée,Peur,word,puissants,SitEmo
PtitLibe,puissants missiles;bombe nucléaire;arme,Suggérée,Peur,word,missiles,SitEmo
PtitLibe,puissants missiles;bombe nucléaire;arme,Suggérée,Peur,word,bombe,SitEmo
PtitLibe,puissants missiles;bombe nucléaire;arme,Suggérée,Peur,word,nucléaire,SitEmo
PtitLibe,puissants missiles;bombe nucléaire;arme,Suggérée,Peur,word,arme,SitEmo
PtitLibe,puissants missiles;bombe nucléaire;arme,Suggérée,Peur,punctuation,;,SitEmo
PtitLibe,puissants missiles;bombe nucléaire;arme,Suggérée,Peur,punctuation,;,SitEmo
PtitLibe,excitée,Désignée,Joie,word,excitée,SitEmo
PtitLibe,satisfaire,Désignée,Joie,word,satisfaire,SitEmo
PtitLibe,peur,Désignée,Peur,word,peur,SitEmo
PtitLibe,fierté,Désignée,Fierté,word,fierté,SitEmo
PtitLibe,déçue,Désignée,Tristesse,word,déçue,SitEmo
PtitLibe,émerveillée,Désignée,Admiration,word,émerveillée,SitEmo
PtitLibe,émerveillée,Désignée,Surprise,word,émerveillée,SitEmo
PtitLibe,beau souvenir,Suggérée,Joie,word,beau,SitEmo
PtitLibe,beau souvenir,Suggérée,Joie,word,souvenir,SitEmo
PtitLibe,représente,Suggérée,Fierté,word,représente,SitEmo
PtitLibe,regret,Désignée,Tristesse,word,regret,SitEmo
PtitLibe,surprises,Désignée,Surprise,word,surprises,SitEmo
PtitLibe,manifestations,Comportementale,Colère,word,manifestations,SitEmo
PtitLibe,embête,Désignée,Tristesse,word,embête,SitEmo
PtitLibe,invivable,Suggérée,Colère,word,invivable,SitEmo
PtitLibe,lâche,Comportementale,Colère,word,lâche,SitEmo
PtitLibe,mort,Suggérée,Colère,word,mort,SitEmo
PtitLibe,mordue;griffée,Suggérée,Colère,word,mordue,SitEmo
PtitLibe,mordue;griffée,Suggérée,Colère,word,griffée,SitEmo
PtitLibe,mordue;griffée,Suggérée,Colère,punctuation,;,SitEmo
PtitLibe,attaqué,Suggérée,Colère,word,attaqué,SitEmo
PtitLibe,Pourtant,Suggérée,Colère,word,pourtant,SitEmo
PtitLibe,loup;attaque,Suggérée,Peur,word,loup,SitEmo
PtitLibe,loup;attaque,Suggérée,Peur,word,attaque,SitEmo
PtitLibe,loup;attaque,Suggérée,Peur,punctuation,;,SitEmo
PtitLibe,stresse,Désignée,Peur,word,stresse,SitEmo
PtitLibe,disparu,Suggérée,Colère,word,disparu,SitEmo
PtitLibe,peur,Désignée,Peur,word,peur,SitEmo
PtitLibe,peur,Désignée,Peur,word,peur,SitEmo
PtitLibe,peur,Désignée,Peur,word,peur,SitEmo
PtitLibe,peur,Désignée,Peur,word,peur,SitEmo
PtitLibe,protéger,Comportementale,Peur,word,protéger,SitEmo
PtitLibe,peur,Désignée,Peur,word,peur,SitEmo
PtitLibe,violent,Suggérée,Peur,word,violent,SitEmo
PtitLibe,peur,Désignée,Peur,word,peur,SitEmo
PtitLibe,rôde;croquer;dévorer,Suggérée,Peur,word,rôde,SitEmo
PtitLibe,rôde;croquer;dévorer,Suggérée,Peur,word,croquer,SitEmo
PtitLibe,rôde;croquer;dévorer,Suggérée,Peur,word,dévorer,SitEmo
PtitLibe,rôde;croquer;dévorer,Suggérée,Peur,punctuation,;,SitEmo
PtitLibe,rôde;croquer;dévorer,Suggérée,Peur,punctuation,;,SitEmo
PtitLibe,se méfier,Comportementale,Peur,word,méfier,SitEmo
PtitLibe,attaquaient,Suggérée,Peur,word,attaquaient,SitEmo
PtitLibe,s’en prenaient,Suggérée,Peur,word,prenaient,SitEmo
PtitLibe,!,Montrée,Surprise,punctuation,!,SitEmo
PtitLibe,plus qu’aujourd’hui,Suggérée,Surprise,word,aujourd,SitEmo
PtitLibe,plus qu’aujourd’hui,Suggérée,Surprise,word,hui,SitEmo
PtitLibe,s’en prenait,Suggérée,Peur,word,prenait,SitEmo
PtitLibe,loup;crocs;pointus,Suggérée,Peur,word,loup,SitEmo
PtitLibe,loup;crocs;pointus,Suggérée,Peur,word,crocs,SitEmo
PtitLibe,loup;crocs;pointus,Suggérée,Peur,word,pointus,SitEmo
PtitLibe,loup;crocs;pointus,Suggérée,Peur,punctuation,;,SitEmo
PtitLibe,loup;crocs;pointus,Suggérée,Peur,punctuation,;,SitEmo
PtitLibe,mord,Suggérée,Peur,word,mord,SitEmo
PtitLibe,tué,Suggérée,Peur,word,tué,SitEmo
PtitLibe,effrayante,Désignée,Peur,word,effrayante,SitEmo
PtitLibe,peur,Désignée,Peur,word,peur,SitEmo
PtitLibe,contents,Désignée,Joie,word,contents,SitEmo
PtitLibe,peur,Désignée,Peur,word,peur,SitEmo
PtitLibe,menacent,Désignée,Peur,word,menacent,SitEmo
PtitLibe,manifestent,Comportementale,Colère,word,manifestent,SitEmo
PtitLibe,pas d’accord,Suggérée,Colère,word,accord,SitEmo
PtitLibe,pas+assez cher,Suggérée,Colère,word,assez,SitEmo
PtitLibe,pas+assez cher,Suggérée,Colère,word,cher,SitEmo
PtitLibe,dangereux,Désignée,Peur,word,dangereux,SitEmo
PtitLibe,dérangera,Désignée,Tristesse,word,dérangera,SitEmo
PtitLibe,contents,Désignée,Joie,word,contents,SitEmo
PtitLibe,faire grève,Comportementale,Colère,word,grève,SitEmo
PtitLibe,!,Montrée,Surprise,punctuation,!,SitEmo
PtitLibe,impressionnants,Désignée,Surprise,word,impressionnants,SitEmo
PtitLibe,impressionnants,Désignée,Admiration,word,impressionnants,SitEmo
PtitLibe,fou,Désignée,Surprise,word,fou,SitEmo
PtitLibe,contents,Désignée,Joie,word,contents,SitEmo
PtitLibe,fausses,Suggérée,Colère,word,fausses,SitEmo
PtitLibe,partager des fake news,Suggérée,Colère,word,partager,SitEmo
PtitLibe,partager des fake news,Suggérée,Colère,word,fake,SitEmo
PtitLibe,partager des fake news,Suggérée,Colère,word,news,SitEmo
PtitLibe,partager des fake news,Suggérée,Colère,word,partager,SitEmo
PtitLibe,partager des fake news,Suggérée,Colère,word,fake,SitEmo
PtitLibe,partager des fake news,Suggérée,Colère,word,news,SitEmo
PtitLibe,accusé,Suggérée,Colère,word,accusé,SitEmo
PtitLibe,accuse,Comportementale,Colère,word,accuse,SitEmo
PtitLibe,Hallucinant,Désignée,Surprise,word,hallucinant,SitEmo
PtitLibe,!!,Montrée,Surprise,punctuation,!,SitEmo
PtitLibe,!!,Montrée,Surprise,punctuation,!,SitEmo
PtitLibe,!,Montrée,Surprise,punctuation,!,SitEmo
PtitLibe,Hallucinant,Montrée,Surprise,word,hallucinant,SitEmo
PtitLibe,ne pas laisser,Suggérée,Colère,word,laisser,SitEmo
PtitLibe,impressionnant,Désignée,Surprise,word,impressionnant,SitEmo
PtitLibe,fier,Désignée,Fierté,word,fier,SitEmo
PtitLibe,record,Suggérée,Fierté,word,record,SitEmo
PtitLibe,fâchés,Désignée,Colère,word,fâchés,SitEmo
PtitLibe,danger,Désignée,Peur,word,danger,SitEmo
PtitLibe,tigre,Suggérée,Peur,word,tigre,SitEmo
PtitLibe,attaquer,Suggérée,Peur,word,attaquer,SitEmo
PtitLibe,se méfie,Comportementale,Peur,word,méfie,SitEmo
PtitLibe,surprises,Désignée,Surprise,word,surprises,SitEmo
PtitLibe,manifestations,Comportementale,Colère,word,manifestations,SitEmo
PtitLibe,critiquer,Comportementale,Colère,word,critiquer,SitEmo
PtitLibe,peur,Désignée,Peur,word,peur,SitEmo
PtitLibe,corrompu,Suggérée,Colère,word,corrompu,SitEmo
PtitLibe,dénonce,Comportementale,Colère,word,dénonce,SitEmo
PtitLibe,critiquer,Comportementale,Colère,word,critiquer,SitEmo
PtitLibe,effrayant,Désignée,Peur,word,effrayant,SitEmo
PtitLibe,critiqué,Comportementale,Colère,word,critiqué,SitEmo
PtitLibe,regrette,Désignée,Tristesse,word,regrette,SitEmo
PtitLibe,Ce n’est pas normal,Suggérée,Peur,word,normal,SitEmo
PtitLibe,mérite;respect;intelligent,Suggérée,Admiration,word,mérite,SitEmo
PtitLibe,mérite;respect;intelligent,Suggérée,Admiration,word,respect,SitEmo
PtitLibe,mérite;respect;intelligent,Suggérée,Admiration,word,intelligent,SitEmo
PtitLibe,mérite;respect;intelligent,Suggérée,Admiration,punctuation,;,SitEmo
PtitLibe,mérite;respect;intelligent,Suggérée,Admiration,punctuation,;,SitEmo
PtitLibe,surprise,Désignée,Surprise,word,surprise,SitEmo
PtitLibe,dangereux,Désignée,Peur,word,dangereux,SitEmo
PtitLibe,armes,Suggérée,Peur,word,armes,SitEmo
PtitLibe,surpris,Désignée,Surprise,word,surpris,SitEmo
PtitLibe,dangereux,Désignée,Peur,word,dangereux,SitEmo
PtitLibe,dangereuse,Désignée,Peur,word,dangereuse,SitEmo
PtitLibe,inquiéter,Désignée,Peur,word,inquiéter,SitEmo
PtitLibe,blagues,Désignée,Joie,word,blagues,SitEmo
PtitLibe,danger,Désignée,Peur,word,danger,SitEmo
PtitLibe,dangereux,Désignée,Peur,word,dangereux,SitEmo
PtitLibe,attentats,Suggérée,Peur,word,attentats,SitEmo
PtitLibe,émeutes,Comportementale,Colère,word,émeutes,SitEmo
PtitLibe,colère,Désignée,Colère,word,colère,SitEmo
PtitLibe,victimes,Suggérée,Colère,word,victimes,SitEmo
PtitLibe,fermer les salles de spectacle,Comportementale,Peur,word,fermer,SitEmo
PtitLibe,fermer les salles de spectacle,Comportementale,Peur,word,salles,SitEmo
PtitLibe,fermer les salles de spectacle,Comportementale,Peur,word,spectacle,SitEmo
PtitLibe,échapper,Comportementale,Peur,word,échapper,SitEmo
PtitLibe,mis le feu à des voitures,Comportementale,Colère,word,mis,SitEmo
PtitLibe,mis le feu à des voitures,Comportementale,Colère,word,feu,SitEmo
PtitLibe,mis le feu à des voitures,Comportementale,Colère,word,voitures,SitEmo
PtitLibe,affronter,Comportementale,Colère,word,affronter,SitEmo
PtitLibe,morts,Suggérée,Colère,word,morts,SitEmo
PtitLibe,injustices,Suggérée,Colère,word,injustices,SitEmo
PtitLibe,dénoncer,Comportementale,Colère,word,dénoncer,SitEmo
PtitLibe,fermés,Comportementale,Peur,word,fermés,SitEmo
PtitLibe,blessée,Suggérée,Peur,word,blessée,SitEmo
PtitLibe,arrêté,Suggérée,Peur,word,arrêté,SitEmo
PtitLibe,peur,Désignée,Peur,word,peur,SitEmo
PtitLibe,dangereux,Désignée,Peur,word,dangereux,SitEmo
PtitLibe,cassé,Suggérée,Peur,word,cassé,SitEmo
PtitLibe,!,Montrée,Surprise,punctuation,!,SitEmo
PtitLibe,embêtées,Désignée,Tristesse,word,embêtées,SitEmo
PtitLibe,attentats,Suggérée,Peur,word,attentats,SitEmo
PtitLibe,protéger,Suggérée,Peur,word,protéger,SitEmo
PtitLibe,attentats,Suggérée,Peur,word,attentats,SitEmo
PtitLibe,interdits,Comportementale,Peur,word,interdits,SitEmo
PtitLibe,attaques,Suggérée,Peur,word,attaques,SitEmo
PtitLibe,dangereux,Désignée,Peur,word,dangereux,SitEmo
PtitLibe,terrorisme,Suggérée,Peur,word,terrorisme,SitEmo
PtitLibe,attentats,Suggérée,Peur,word,attentats,SitEmo
PtitLibe,protéger,Suggérée,Peur,word,protéger,SitEmo
PtitLibe,sensibles,Suggérée,Peur,word,sensibles,SitEmo
PtitLibe,terroristes;attaquer,Suggérée,Peur,word,terroristes,SitEmo
PtitLibe,terroristes;attaquer,Suggérée,Peur,word,attaquer,SitEmo
PtitLibe,terroristes;attaquer,Suggérée,Peur,punctuation,;,SitEmo
PtitLibe,surveillés,Comportementale,Peur,word,surveillés,SitEmo
PtitLibe,fait+attention,Comportementale,Peur,word,attention,SitEmo
PtitLibe,bombe,Suggérée,Peur,word,bombe,SitEmo
PtitLibe,dangereux,Désignée,Peur,word,dangereux,SitEmo
PtitLibe,danger,Désignée,Peur,word,danger,SitEmo
PtitLibe,dangereux,Désignée,Peur,word,dangereux,SitEmo
PtitLibe,attentats;tué,Suggérée,Peur,word,attentats,SitEmo
PtitLibe,attentats;tué,Suggérée,Tristesse,word,attentats,SitEmo
PtitLibe,attentats;tué,Suggérée,Peur,word,tué,SitEmo
PtitLibe,attentats;tué,Suggérée,Tristesse,word,tué,SitEmo
PtitLibe,attentats;tué,Suggérée,Peur,punctuation,;,SitEmo
PtitLibe,attentats;tué,Suggérée,Tristesse,punctuation,;,SitEmo
PtitLibe,attentats,Suggérée,Peur,word,attentats,SitEmo
PtitLibe,attentats,Suggérée,Peur,word,attentats,SitEmo
PtitLibe,dangereuses,Désignée,Peur,word,dangereuses,SitEmo
PtitLibe,s’opposent,Comportementale,Peur,word,opposent,SitEmo
PtitLibe,s’opposent,Comportementale,Colère,word,opposent,SitEmo
PtitLibe,n’importe qui peut être surveillé,Suggérée,Peur,word,importe,SitEmo
PtitLibe,n’importe qui peut être surveillé,Suggérée,Colère,word,importe,SitEmo
PtitLibe,n’importe qui peut être surveillé,Suggérée,Peur,word,surveillé,SitEmo
PtitLibe,n’importe qui peut être surveillé,Suggérée,Colère,word,surveillé,SitEmo
PtitLibe,menace,Désignée,Peur,word,menace,SitEmo
PtitLibe,enfermés,Suggérée,Peur,word,enfermés,SitEmo
PtitLibe,enfermés,Suggérée,Tristesse,word,enfermés,SitEmo
PtitLibe,mauvaises,Suggérée,Peur,word,mauvaises,SitEmo
PtitLibe,mauvaises,Suggérée,Tristesse,word,mauvaises,SitEmo
PtitLibe,Inquiète,Désignée,Peur,word,inquiète,SitEmo
PtitLibe,fou,Désignée,Surprise,word,fou,SitEmo
PtitLibe,dangereuse,Désignée,Peur,word,dangereuse,SitEmo
PtitLibe,arme,Suggérée,Peur,word,arme,SitEmo
PtitLibe,protester,Comportementale,Colère,word,protester,SitEmo
PtitLibe,manifestations,Comportementale,Colère,word,manifestations,SitEmo
PtitLibe,peur,Désignée,Peur,word,peur,SitEmo
PtitLibe,heureux,Désignée,Joie,word,heureux,SitEmo
PtitLibe,!,Montrée,Surprise,punctuation,!,SitEmo
PtitLibe,s‘exclame,Comportementale,Surprise,word,exclame,SitEmo
PtitLibe,peur,Désignée,Peur,word,peur,SitEmo
PtitLibe,en a marre,Désignée,Colère,word,marre,SitEmo
PtitLibe,catastrophe;pas pu être évitée,Suggérée,Peur,word,catastrophe,SitEmo
PtitLibe,catastrophe;pas pu être évitée,Suggérée,Tristesse,word,catastrophe,SitEmo
PtitLibe,catastrophe;pas pu être évitée,Suggérée,Peur,word,pu,SitEmo
PtitLibe,catastrophe;pas pu être évitée,Suggérée,Tristesse,word,pu,SitEmo
PtitLibe,catastrophe;pas pu être évitée,Suggérée,Peur,word,évitée,SitEmo
PtitLibe,catastrophe;pas pu être évitée,Suggérée,Tristesse,word,évitée,SitEmo
PtitLibe,catastrophe;pas pu être évitée,Suggérée,Peur,punctuation,;,SitEmo
PtitLibe,catastrophe;pas pu être évitée,Suggérée,Tristesse,punctuation,;,SitEmo
PtitLibe,dangereux,Désignée,Peur,word,dangereux,SitEmo
PtitLibe,sauvage,Suggérée,Peur,word,sauvage,SitEmo
PtitLibe,se défendre,Comportementale,Peur,word,défendre,SitEmo
PtitLibe,violence,Suggérée,Peur,word,violence,SitEmo
PtitLibe,danger,Désignée,Peur,word,danger,SitEmo
PtitLibe,dangereuses,Désignée,Peur,word,dangereuses,SitEmo
PtitLibe,se défendre,Comportementale,Peur,word,défendre,SitEmo
PtitLibe,attaquer,Suggérée,Peur,word,attaquer,SitEmo
PtitLibe,dangereuses,Désignée,Peur,word,dangereuses,SitEmo
PtitLibe,rendre hommage,Comportementale,Tristesse,word,rendre,SitEmo
PtitLibe,rendre hommage,Comportementale,Tristesse,word,hommage,SitEmo
PtitLibe,choqué,Désignée,Surprise,word,choqué,SitEmo
PtitLibe,choqué,Désignée,Peur,word,choqué,SitEmo
PtitLibe,tué,Suggérée,Surprise,word,tué,SitEmo
PtitLibe,tué,Suggérée,Peur,word,tué,SitEmo
PtitLibe,merveilleux,Désignée,Admiration,word,merveilleux,SitEmo
PtitLibe,merveilleux,Désignée,Surprise,word,merveilleux,SitEmo
PtitLibe,énorme,Désignée,Admiration,word,énorme,SitEmo
PtitLibe,n’avais jamais vu,Suggérée,Admiration,word,vu,SitEmo
PtitLibe,n’avais jamais vu,Suggérée,Surprise,word,vu,SitEmo
PtitLibe,s’exclame,Comportementale,Joie,word,exclame,SitEmo
PtitLibe,!,Montrée,Joie,punctuation,!,SitEmo
PtitLibe,l’un des plus beaux,Suggérée,Joie,word,beaux,SitEmo
PtitLibe,surprises,Désignée,Surprise,word,surprises,SitEmo
PtitLibe,gêner,Désignée,Embarras,word,gêner,SitEmo
PtitLibe,embêté,Désignée,Tristesse,word,embêté,SitEmo
PtitLibe,choqué,Désignée,Surprise,word,choqué,SitEmo
PtitLibe,choqué,Désignée,Colère,word,choqué,SitEmo
PtitLibe,accuse,Comportementale,Colère,word,accuse,SitEmo
PtitLibe,reproche,Comportementale,Colère,word,reproche,SitEmo
PtitLibe,accusée,Comportementale,Colère,word,accusée,SitEmo
PtitLibe,accusé,Comportementale,Colère,word,accusé,SitEmo
PtitLibe,ne pas respecter,Suggérée,Colère,word,respecter,SitEmo
PtitLibe,marrant,Désignée,Joie,word,marrant,SitEmo
PtitLibe,honte,Désignée,Embarras,word,honte,SitEmo
PtitLibe,!,Montrée,Embarras,punctuation,!,SitEmo
PtitLibe,…,Montrée,Embarras,punctuation,…,SitEmo
PtitLibe,La honte,Montrée,Embarras,word,honte,SitEmo
PtitLibe,pire;quelqu’un d’autre,Suggérée,Embarras,word,pire,SitEmo
PtitLibe,pire;quelqu’un d’autre,Suggérée,Embarras,word,quelqu,SitEmo
PtitLibe,pire;quelqu’un d’autre,Suggérée,Embarras,punctuation,;,SitEmo
PtitLibe,des vidéos d’elle à 11 ans en train de danser,Suggérée,Embarras,word,vidéos,SitEmo
PtitLibe,des vidéos d’elle à 11 ans en train de danser,Suggérée,Embarras,word,ans,SitEmo
PtitLibe,des vidéos d’elle à 11 ans en train de danser,Suggérée,Embarras,word,train,SitEmo
PtitLibe,des vidéos d’elle à 11 ans en train de danser,Suggérée,Embarras,word,danser,SitEmo
PtitLibe,critiqué,Comportementale,Colère,word,critiqué,SitEmo
PtitLibe,ne pas protéger assez,Suggérée,Colère,word,protéger,SitEmo
PtitLibe,ne pas protéger assez,Suggérée,Colère,word,assez,SitEmo
PtitLibe,accuse,Comportementale,Colère,word,accuse,SitEmo
PtitLibe,dangereux,Désignée,Peur,word,dangereux,SitEmo
PtitLibe,contents,Désignée,Joie,word,contents,SitEmo
PtitLibe,protestation,Comportementale,Colère,word,protestation,SitEmo
PtitLibe,inégalités,Suggérée,Colère,word,inégalités,SitEmo
PtitLibe,fait grève,Comportementale,Colère,word,grève,SitEmo
PtitLibe,arrêté de travailler,Comportementale,Colère,word,arrêté,SitEmo
PtitLibe,arrêté de travailler,Comportementale,Colère,word,travailler,SitEmo
PtitLibe,bloqué,Comportementale,Colère,word,bloqué,SitEmo
PtitLibe,arrêté de travailler,Comportementale,Colère,word,arrêté,SitEmo
PtitLibe,arrêté de travailler,Comportementale,Colère,word,travailler,SitEmo
PtitLibe,protester,Comportementale,Colère,word,protester,SitEmo
PtitLibe,colère,Désignée,Colère,word,colère,SitEmo
PtitLibe,grève,Comportementale,Colère,word,grève,SitEmo
PtitLibe,arrêter de travailler,Comportementale,Colère,word,arrêter,SitEmo
PtitLibe,arrêter de travailler,Comportementale,Colère,word,travailler,SitEmo
PtitLibe,protester,Comportementale,Colère,word,protester,SitEmo
PtitLibe,grève,Comportementale,Colère,word,grève,SitEmo
PtitLibe,ne pas travailler,Comportementale,Colère,word,travailler,SitEmo
PtitLibe,grève,Comportementale,Colère,word,grève,SitEmo
PtitLibe,cesser le travail,Comportementale,Colère,word,cesser,SitEmo
PtitLibe,cesser le travail,Comportementale,Colère,word,travail,SitEmo
PtitLibe,protestation,Comportementale,Colère,word,protestation,SitEmo
PtitLibe,désaccord,Suggérée,Dégoût,word,désaccord,SitEmo
PtitLibe,dangereux,Désignée,Peur,word,dangereux,SitEmo
PtitLibe,risque,Désignée,Peur,word,risque,SitEmo
PtitLibe,protester,Comportementale,Colère,word,protester,SitEmo
PtitLibe,punition,Suggérée,Peur,word,punition,SitEmo
PtitLibe,grève,Comportementale,Colère,word,grève,SitEmo
PtitLibe,grève,Comportementale,Colère,word,grève,SitEmo
PtitLibe,grève,Comportementale,Colère,word,grève,SitEmo
PtitLibe,grève,Comportementale,Colère,word,grève,SitEmo
PtitLibe,manifestation,Comportementale,Colère,word,manifestation,SitEmo
PtitLibe,stressant,Désignée,Peur,word,stressant,SitEmo
PtitLibe,sympa,Désignée,Joie,word,sympa,SitEmo
PtitLibe,grève,Comportementale,Colère,word,grève,SitEmo
PtitLibe,arrêter de travailler,Comportementale,Colère,word,arrêter,SitEmo
PtitLibe,arrêter de travailler,Comportementale,Colère,word,travailler,SitEmo
PtitLibe,pas d’accord,Suggérée,Colère,word,accord,SitEmo
PtitLibe,grève,Comportementale,Colère,word,grève,SitEmo
PtitLibe,colère,Désignée,Colère,word,colère,SitEmo
PtitLibe,grèves,Comportementale,Colère,word,grèves,SitEmo
PtitLibe,plaisir,Désignée,Joie,word,plaisir,SitEmo
PtitLibe,manifester,Comportementale,Colère,word,manifester,SitEmo
PtitLibe,grève,Comportementale,Colère,word,grève,SitEmo
PtitLibe,arrêtent de travailler,Comportementale,Colère,word,arrêtent,SitEmo
PtitLibe,arrêtent de travailler,Comportementale,Colère,word,travailler,SitEmo
PtitLibe,pas d’accord,Suggérée,Colère,word,accord,SitEmo
PtitLibe,mort,Suggérée,Tristesse,word,mort,SitEmo
PtitLibe,ai dû partir,Suggérée,Tristesse,word,dû,SitEmo
PtitLibe,ai dû partir,Suggérée,Tristesse,word,partir,SitEmo
PtitLibe,a dû quitter son village,Suggérée,Tristesse,word,dû,SitEmo
PtitLibe,a dû quitter son village,Suggérée,Tristesse,word,quitter,SitEmo
PtitLibe,a dû quitter son village,Suggérée,Tristesse,word,village,SitEmo
PtitLibe,pas assez d’argent,Suggérée,Tristesse,word,assez,SitEmo
PtitLibe,pas assez d’argent,Suggérée,Tristesse,word,argent,SitEmo
PtitLibe,menacés,Désignée,Peur,word,menacés,SitEmo
PtitLibe,danger,Désignée,Peur,word,danger,SitEmo
PtitLibe,dictature,Suggérée,Peur,word,dictature,SitEmo
PtitLibe,refuge,Comportementale,Peur,word,refuge,SitEmo
PtitLibe,asile,Comportementale,Peur,word,asile,SitEmo
PtitLibe,se réfugier,Comportementale,Colère,word,réfugier,SitEmo
PtitLibe,fuyaient,Comportementale,Peur,word,fuyaient,SitEmo
PtitLibe,guerre,Suggérée,Peur,word,guerre,SitEmo
PtitLibe,fuir,Comportementale,Peur,word,fuir,SitEmo
PtitLibe,guerre,Suggérée,Peur,word,guerre,SitEmo
PtitLibe,menacé,Désignée,Peur,word,menacé,SitEmo
PtitLibe,pas en sécurité,Suggérée,Peur,word,sécurité,SitEmo
PtitLibe,refuge,Comportementale,Peur,word,refuge,SitEmo
PtitLibe,guerre,Suggérée,Peur,word,guerre,SitEmo
PtitLibe,danger,Désignée,Peur,word,danger,SitEmo
PtitLibe,fui,Comportementale,Peur,word,fui,SitEmo
PtitLibe,critiqué,Comportementale,Colère,word,critiqué,SitEmo
PtitLibe,danger,Désignée,Peur,word,danger,SitEmo
PtitLibe,étonnant,Désignée,Surprise,word,étonnant,SitEmo
PtitLibe,amusant,Désignée,Joie,word,amusant,SitEmo
PtitLibe,surprenants,Désignée,Surprise,word,surprenants,SitEmo
PtitLibe,étrange,Désignée,Surprise,word,étrange,SitEmo
PtitLibe,s’amuser,Comportementale,Joie,word,amuser,SitEmo
PtitLibe,s’amuser,Comportementale,Joie,word,amuser,SitEmo
PtitLibe,difficile à croire,Suggérée,Surprise,word,difficile,SitEmo
PtitLibe,difficile à croire,Suggérée,Surprise,word,croire,SitEmo
PtitLibe,critiquée,Comportementale,Colère,word,critiquée,SitEmo
PtitLibe,trop dure,Suggérée,Colère,word,dure,SitEmo
PtitLibe,contents,Désignée,Joie,word,contents,SitEmo
PtitLibe,protester,Comportementale,Colère,word,protester,SitEmo
PtitLibe,dangereuses,Désignée,Peur,word,dangereuses,SitEmo
PtitLibe,critiqué,Comportementale,Colère,word,critiqué,SitEmo
PtitLibe,pas d'accord,Suggérée,Colère,word,d'accord,SitEmo
PtitLibe,pas d'accord,Suggérée,Colère,punctuation,',SitEmo
PtitLibe,grève,Comportementale,Colère,word,grève,SitEmo
PtitLibe,bloquent,Comportementale,Colère,word,bloquent,SitEmo
PtitLibe,contents,Désignée,Joie,word,contents,SitEmo
PtitLibe,fières,Désignée,Fierté,word,fières,SitEmo
PtitLibe,injustes,Suggérée,Colère,word,injustes,SitEmo
PtitLibe,tient ses promesses,Suggérée,Joie,word,tient,SitEmo
PtitLibe,tient ses promesses,Suggérée,Joie,word,promesses,SitEmo
PtitLibe,positifs,Suggérée,Joie,word,positifs,SitEmo
PtitLibe,bonne,Suggérée,Joie,word,bonne,SitEmo
PtitLibe,bonne,Suggérée,Fierté,word,bonne,SitEmo
PtitLibe,bon,Suggérée,Joie,word,bon,SitEmo
PtitLibe,bon,Suggérée,Fierté,word,bon,SitEmo
PtitLibe,satisfaits,Désignée,Joie,word,satisfaits,SitEmo
PtitLibe,oubliée,Suggérée,Colère,word,oubliée,SitEmo
PtitLibe,oubliée,Suggérée,Tristesse,word,oubliée,SitEmo
PtitLibe,contentes,Désignée,Joie,word,contentes,SitEmo
PtitLibe,n’aident pas,Suggérée,Colère,word,aident,SitEmo
PtitLibe,surpris,Désignée,Surprise,word,surpris,SitEmo
PtitLibe,peur,Désignée,Peur,word,peur,SitEmo
PtitLibe,brutal,Suggérée,Peur,word,brutal,SitEmo
PtitLibe,formidable,Désignée,Admiration,word,formidable,SitEmo
PtitLibe,menacée,Désignée,Peur,word,menacée,SitEmo
PtitLibe,révolution,Suggérée,Surprise,word,révolution,SitEmo
PtitLibe,heureux,Désignée,Joie,word,heureux,SitEmo
PtitLibe,s’amuser,Comportementale,Joie,word,amuser,SitEmo
PtitLibe,bonheur,Désignée,Joie,word,bonheur,SitEmo
PtitLibe,joie,Désignée,Joie,word,joie,SitEmo
PtitLibe,guerre,Suggérée,Peur,word,guerre,SitEmo
PtitLibe,inquiets,Désignée,Peur,word,inquiets,SitEmo
PtitLibe,devoir obéir,Suggérée,Colère,word,obéir,SitEmo
PtitLibe,jolis souvenirs,Suggérée,Joie,word,jolis,SitEmo
PtitLibe,jolis souvenirs,Suggérée,Joie,word,souvenirs,SitEmo
PtitLibe,grève,Comportementale,Colère,word,grève,SitEmo
PtitLibe,peur,Désignée,Peur,word,peur,SitEmo
PtitLibe,en avaient marre,Désignée,Colère,word,marre,SitEmo
PtitLibe,dévalisés,Comportementale,Peur,word,dévalisés,SitEmo
PtitLibe,récupérer leur argent,Comportementale,Peur,word,récupérer,SitEmo
PtitLibe,récupérer leur argent,Comportementale,Peur,word,argent,SitEmo
PtitLibe,faisaient des réserves,Comportementale,Peur,word,faisaient,SitEmo
PtitLibe,faisaient des réserves,Comportementale,Peur,word,réserves,SitEmo
PtitLibe,manifestaient,Comportementale,Colère,word,manifestaient,SitEmo
PtitLibe,!,Montrée,Surprise,punctuation,!,SitEmo
PtitLibe,injuste,Suggérée,Colère,word,injuste,SitEmo
PtitLibe,révolte,Comportementale,Colère,word,révolte,SitEmo
PtitLibe,arrêté de travailler,Comportementale,Colère,word,arrêté,SitEmo
PtitLibe,arrêté de travailler,Comportementale,Colère,word,travailler,SitEmo
PtitLibe,manifesté,Comportementale,Colère,word,manifesté,SitEmo
PtitLibe,révolte,Comportementale,Colère,word,révolte,SitEmo
PtitLibe,manifestations,Comportementale,Colère,word,manifestations,SitEmo
PtitLibe,colère,Désignée,Colère,word,colère,SitEmo
PtitLibe,manifestaient,Comportementale,Colère,word,manifestaient,SitEmo
PtitLibe,grève,Comportementale,Colère,word,grève,SitEmo
PtitLibe,inégalités,Suggérée,Colère,word,inégalités,SitEmo
PtitLibe,occupé,Comportementale,Colère,word,occupé,SitEmo
PtitLibe,grève,Comportementale,Colère,word,grève,SitEmo
PtitLibe,arrêté de travailler,Comportementale,Colère,word,arrêté,SitEmo
PtitLibe,arrêté de travailler,Comportementale,Colère,word,travailler,SitEmo
PtitLibe,protestaient,Comportementale,Colère,word,protestaient,SitEmo
PtitLibe,grève,Comportementale,Colère,word,grève,SitEmo
PtitLibe,fière,Désignée,Fierté,word,fière,SitEmo
PtitLibe,excitée,Désignée,Joie,word,excitée,SitEmo
PtitLibe,déçue,Désignée,Tristesse,word,déçue,SitEmo
PtitLibe,inspire,Suggérée,Admiration,word,inspire,SitEmo
PtitLibe,meilleure,Suggérée,Joie,word,meilleure,SitEmo
PtitLibe,la plus belle,Suggérée,Admiration,word,belle,SitEmo
PtitLibe,mauvais souvenirs,Suggérée,Tristesse,word,mauvais,SitEmo
PtitLibe,mauvais souvenirs,Suggérée,Tristesse,word,souvenirs,SitEmo
PtitLibe,souffrir,Désignée,Tristesse,word,souffrir,SitEmo
PtitLibe,en ont eu assez,Désignée,Colère,word,assez,SitEmo
PtitLibe,se sont révoltés,Comportementale,Colère,word,révoltés,SitEmo
PtitLibe,critiquée,Comportementale,Colère,word,critiquée,SitEmo
PtitLibe,fête,Comportementale,Joie,word,fête,SitEmo
PtitLibe,célébré,Comportementale,Joie,word,célébré,SitEmo
PtitLibe,fêtes,Comportementale,Joie,word,fêtes,SitEmo
PtitLibe,célébré,Comportementale,Joie,word,célébré,SitEmo
PtitLibe,critique,Comportementale,Colère,word,critique,SitEmo
PtitLibe,record,Suggérée,Surprise,word,record,SitEmo
PtitLibe,!,Montrée,Surprise,punctuation,!,SitEmo
PtitLibe,!,Montrée,Surprise,punctuation,!,SitEmo
PtitLibe,!,Montrée,Admiration,punctuation,!,SitEmo
PtitLibe,jusqu’à,Montrée,Surprise,word,jusqu,SitEmo
PtitLibe,jusqu’à,Montrée,Admiration,word,jusqu,SitEmo
PtitLibe,stressé,Désignée,Peur,word,stressé,SitEmo
PtitLibe,du mal à y croire,Suggérée,Surprise,word,croire,SitEmo
PtitLibe,du mal à y croire,Suggérée,Joie,word,croire,SitEmo
PtitLibe,peur,Désignée,Peur,word,peur,SitEmo
PtitLibe,un rêve qui se réalise,Suggérée,Surprise,word,rêve,SitEmo
PtitLibe,un rêve qui se réalise,Suggérée,Joie,word,rêve,SitEmo
PtitLibe,un rêve qui se réalise,Suggérée,Surprise,word,réalise,SitEmo
PtitLibe,un rêve qui se réalise,Suggérée,Joie,word,réalise,SitEmo
PtitLibe,grand moment,Suggérée,Joie,word,grand,SitEmo
PtitLibe,grand moment,Suggérée,Joie,word,moment,SitEmo
PtitLibe,beaux moments,Suggérée,Joie,word,beaux,SitEmo
PtitLibe,beaux moments,Suggérée,Joie,word,moments,SitEmo
PtitLibe,rendre hommage,Comportementale,Tristesse,word,rendre,SitEmo
PtitLibe,rendre hommage,Comportementale,Admiration,word,rendre,SitEmo
PtitLibe,rendre hommage,Comportementale,Tristesse,word,hommage,SitEmo
PtitLibe,rendre hommage,Comportementale,Admiration,word,hommage,SitEmo
PtitLibe,championne,Suggérée,Fierté,word,championne,SitEmo
PtitLibe,championne,Suggérée,Joie,word,championne,SitEmo
PtitLibe,gagné,Suggérée,Fierté,word,gagné,SitEmo
PtitLibe,gagné,Suggérée,Joie,word,gagné,SitEmo
PtitLibe,exploit,Désignée,Admiration,word,exploit,SitEmo
PtitLibe,stressé,Désignée,Peur,word,stressé,SitEmo
PtitLibe,colère,Désignée,Colère,word,colère,SitEmo
PtitLibe,record,Suggérée,Admiration,word,record,SitEmo
PtitLibe,le plus grand;champion,Suggérée,Admiration,word,grand,SitEmo
PtitLibe,le plus grand;champion,Suggérée,Admiration,word,champion,SitEmo
PtitLibe,le plus grand;champion,Suggérée,Admiration,punctuation,;,SitEmo
PtitLibe,!,Montrée,Admiration,punctuation,!,SitEmo
PtitLibe,gagné,Suggérée,Admiration,word,gagné,SitEmo
PtitLibe,perdre,Suggérée,Peur,word,perdre,SitEmo
PtitLibe,encore plus puissants,Suggérée,Admiration,word,encore,SitEmo
PtitLibe,encore plus puissants,Suggérée,Admiration,word,puissants,SitEmo
PtitLibe,peur,Désignée,Peur,word,peur,SitEmo
PtitLibe,le seul;réussi,Suggérée,Admiration,word,seul,SitEmo
PtitLibe,le seul;réussi,Suggérée,Admiration,word,réussi,SitEmo
PtitLibe,le seul;réussi,Suggérée,Admiration,punctuation,;,SitEmo
PtitLibe,record,Suggérée,Surprise,word,record,SitEmo
PtitLibe,record,Suggérée,Admiration,word,record,SitEmo
PtitLibe,malheur,Désignée,Tristesse,word,malheur,SitEmo
PtitLibe,malheur,Désignée,Peur,word,malheur,SitEmo
PtitLibe,pas ça normal,Suggérée,Colère,word,normal,SitEmo
PtitLibe,exceptionnel,Suggérée,Surprise,word,exceptionnel,SitEmo
PtitLibe,aura la poisse,Suggérée,Peur,word,poisse,SitEmo
PtitLibe,aura la poisse,Suggérée,Tristesse,word,poisse,SitEmo
PtitLibe,!,Montrée,Colère,punctuation,!,SitEmo
PtitLibe,malheur,Désignée,Tristesse,word,malheur,SitEmo
PtitLibe,pourtant,Montrée,Surprise,word,pourtant,SitEmo
PtitLibe,!,Montrée,Surprise,punctuation,!,SitEmo
PtitLibe,malheur,Désignée,Tristesse,word,malheur,SitEmo
PtitLibe,malheur,Désignée,Peur,word,malheur,SitEmo
PtitLibe,riant,Comportementale,Joie,word,riant,SitEmo
PtitLibe,amuse,Désignée,Joie,word,amuse,SitEmo
PtitLibe,pas de chance,Suggérée,Tristesse,word,chance,SitEmo
PtitLibe,fier,Désignée,Fierté,word,fier,SitEmo
PtitLibe,dérange,Désignée,Tristesse,word,dérange,SitEmo
PtitLibe,plaisir,Désignée,Joie,word,plaisir,SitEmo
PtitLibe,surprise,Désignée,Surprise,word,surprise,SitEmo
PtitLibe,!,Montrée,Joie,punctuation,!,SitEmo
PtitLibe,!,Montrée,Joie,punctuation,!,SitEmo
PtitLibe,Heureusement,Désignée,Joie,word,heureusement,SitEmo
PtitLibe,étonnant,Désignée,Surprise,word,étonnant,SitEmo
PtitLibe,heureux,Désignée,Joie,word,heureux,SitEmo
PtitLibe,ravis,Désignée,Joie,word,ravis,SitEmo
PtitLibe,s’arracher les cheveux,Comportementale,Tristesse,word,arracher,SitEmo
PtitLibe,s’arracher les cheveux,Comportementale,Tristesse,word,cheveux,SitEmo
PtitLibe,!,Montrée,Joie,punctuation,!,SitEmo
PtitLibe,disputes,Comportementale,Colère,word,disputes,SitEmo
PtitLibe,!,Montrée,Surprise,punctuation,!,SitEmo
PtitLibe,encore,Montrée,Surprise,word,encore,SitEmo
PtitLibe,!,Montrée,Surprise,punctuation,!,SitEmo
PtitLibe,fête,Comportementale,Joie,word,fête,SitEmo
PtitLibe,honneur,Désignée,Admiration,word,honneur,SitEmo
PtitLibe,fête,Comportementale,Joie,word,fête,SitEmo
PtitLibe,surprenant,Désignée,Surprise,word,surprenant,SitEmo
PtitLibe,exceptionnel,Désignée,Surprise,word,exceptionnel,SitEmo
PtitLibe,peur,Désignée,Peur,word,peur,SitEmo
PtitLibe,peur,Désignée,Peur,word,peur,SitEmo
PtitLibe,choquer,Désignée,Surprise,word,choquer,SitEmo
PtitLibe,choquer,Désignée,Peur,word,choquer,SitEmo
PtitLibe,peur,Désignée,Peur,word,peur,SitEmo
PtitLibe,choc,Désignée,Surprise,word,choc,SitEmo
PtitLibe,choc,Désignée,Colère,word,choc,SitEmo
PtitLibe,choc,Désignée,Surprise,word,choc,SitEmo
PtitLibe,choc,Désignée,Peur,word,choc,SitEmo
PtitLibe,ne s’attendaient pas,Suggérée,Surprise,word,attendaient,SitEmo
PtitLibe,peur,Désignée,Peur,word,peur,SitEmo
PtitLibe,choquantes,Désignée,Surprise,word,choquantes,SitEmo
PtitLibe,choquantes,Désignée,Colère,word,choquantes,SitEmo
PtitLibe,choquante,Désignée,Surprise,word,choquante,SitEmo
PtitLibe,choquante,Désignée,Colère,word,choquante,SitEmo
PtitLibe,séisme,Suggérée,Surprise,word,séisme,SitEmo
PtitLibe,séisme,Suggérée,Peur,word,séisme,SitEmo
PtitLibe,peur,Désignée,Peur,word,peur,SitEmo
PtitLibe,peur,Désignée,Peur,word,peur,SitEmo
PtitLibe,peur,Désignée,Peur,word,peur,SitEmo
PtitLibe,choquantes,Désignée,Surprise,word,choquantes,SitEmo
PtitLibe,choquantes,Désignée,Colère,word,choquantes,SitEmo
PtitLibe,dangereux,Désignée,Peur,word,dangereux,SitEmo
PtitLibe,angoisser,Désignée,Peur,word,angoisser,SitEmo
PtitLibe,danger,Désignée,Peur,word,danger,SitEmo
PtitLibe,plaisir,Désignée,Joie,word,plaisir,SitEmo
PtitLibe,déçue,Désignée,Tristesse,word,déçue,SitEmo
PtitLibe,dur,Suggérée,Tristesse,word,dur,SitEmo
PtitLibe,pas vraiment d’espoir,Suggérée,Tristesse,word,vraiment,SitEmo
PtitLibe,pas vraiment d’espoir,Suggérée,Tristesse,word,espoir,SitEmo
PtitLibe,!,Montrée,Joie,punctuation,!,SitEmo
PtitLibe,soulagement,Suggérée,Joie,word,soulagement,SitEmo
PtitLibe,injuste,Suggérée,Colère,word,injuste,SitEmo
PtitLibe,mécontents,Désignée,Colère,word,mécontents,SitEmo
PtitLibe,contents,Désignée,Joie,word,contents,SitEmo
PtitLibe,dur,Suggérée,Tristesse,word,dur,SitEmo
PtitLibe,dur,Suggérée,Colère,word,dur,SitEmo
PtitLibe,manifestations,Comportementale,Colère,word,manifestations,SitEmo
PtitLibe,déçus,Désignée,Tristesse,word,déçus,SitEmo
PtitLibe,stressant,Désignée,Peur,word,stressant,SitEmo
PtitLibe,bloquées,Comportementale,Colère,word,bloquées,SitEmo
PtitLibe,peur,Désignée,Peur,word,peur,SitEmo
PtitLibe,peur,Désignée,Peur,word,peur,SitEmo
PtitLibe,surprises,Désignée,Surprise,word,surprises,SitEmo
PtitLibe,n’attendait pas,Suggérée,Surprise,word,attendait,SitEmo
PtitLibe,En revanche,Suggérée,Surprise,word,revanche,SitEmo
PtitLibe,Remporter;unique,Suggérée,Fierté,word,remporter,SitEmo
PtitLibe,Remporter;unique,Suggérée,Joie,word,remporter,SitEmo
PtitLibe,Remporter;unique,Suggérée,Fierté,word,unique,SitEmo
PtitLibe,Remporter;unique,Suggérée,Joie,word,unique,SitEmo
PtitLibe,Remporter;unique,Suggérée,Fierté,punctuation,;,SitEmo
PtitLibe,Remporter;unique,Suggérée,Joie,punctuation,;,SitEmo
PtitLibe,klaxonnaient,Comportementale,Joie,word,klaxonnaient,SitEmo
PtitLibe,criaient,Comportementale,Joie,word,criaient,SitEmo
PtitLibe,heureux,Désignée,Joie,word,heureux,SitEmo
PtitLibe,cauchemar,Désignée,Peur,word,cauchemar,SitEmo
PtitLibe,cauchemar,Désignée,Tristesse,word,cauchemar,SitEmo
PtitLibe,éliminée,Suggérée,Tristesse,word,éliminée,SitEmo
PtitLibe,défaite,Suggérée,Tristesse,word,défaite,SitEmo
PtitLibe,tristes,Désignée,Tristesse,word,tristes,SitEmo
PtitLibe,pleuraient,Comportementale,Tristesse,word,pleuraient,SitEmo
PtitLibe,la plus grande,Suggérée,Fierté,word,grande,SitEmo
PtitLibe,descendus dans la rue,Comportementale,Joie,word,descendus,SitEmo
PtitLibe,descendus dans la rue,Comportementale,Joie,word,rue,SitEmo
PtitLibe,remportée,Suggérée,Joie,word,remportée,SitEmo
PtitLibe,remportée,Suggérée,Fierté,word,remportée,SitEmo
PtitLibe,déchiraient les tickets du match,Comportementale,Tristesse,word,déchiraient,SitEmo
PtitLibe,déchiraient les tickets du match,Comportementale,Tristesse,word,tickets,SitEmo
PtitLibe,déchiraient les tickets du match,Comportementale,Tristesse,word,match,SitEmo
PtitLibe,remportée,Suggérée,Joie,word,remportée,SitEmo
PtitLibe,éliminée,Suggérée,Tristesse,word,éliminée,SitEmo
PtitLibe,gagné,Suggérée,Joie,word,gagné,SitEmo
PtitLibe,gagné,Suggérée,Fierté,word,gagné,SitEmo
PtitLibe,remportera;trophée,Suggérée,Joie,word,remportera,SitEmo
PtitLibe,remportera;trophée,Suggérée,Fierté,word,remportera,SitEmo
PtitLibe,remportera;trophée,Suggérée,Joie,word,trophée,SitEmo
PtitLibe,remportera;trophée,Suggérée,Fierté,word,trophée,SitEmo
PtitLibe,remportera;trophée,Suggérée,Joie,punctuation,;,SitEmo
PtitLibe,remportera;trophée,Suggérée,Fierté,punctuation,;,SitEmo
PtitLibe,gagnera,Comportementale,Joie,word,gagnera,SitEmo
PtitLibe,gagnera,Comportementale,Fierté,word,gagnera,SitEmo
PtitLibe,fierté,Désignée,Fierté,word,fierté,SitEmo
PtitLibe,jouer sous le maillot de notre pays,Suggérée,Fierté,word,jouer,SitEmo
PtitLibe,jouer sous le maillot de notre pays,Suggérée,Fierté,word,maillot,SitEmo
PtitLibe,jouer sous le maillot de notre pays,Suggérée,Fierté,word,pays,SitEmo
PtitLibe,la plus grosse,Suggérée,Fierté,word,grosse,SitEmo
PtitLibe,rage,Désignée,Colère,word,rage,SitEmo
PtitLibe,meilleur,Suggérée,Admiration,word,meilleur,SitEmo
PtitLibe,remporté;trophées,Suggérée,Joie,word,remporté,SitEmo
PtitLibe,remporté;trophées,Suggérée,Fierté,word,remporté,SitEmo
PtitLibe,remporté;trophées,Suggérée,Joie,word,trophées,SitEmo
PtitLibe,remporté;trophées,Suggérée,Fierté,word,trophées,SitEmo
PtitLibe,remporté;trophées,Suggérée,Joie,punctuation,;,SitEmo
PtitLibe,remporté;trophées,Suggérée,Fierté,punctuation,;,SitEmo
PtitLibe,gagné,Suggérée,Joie,word,gagné,SitEmo
PtitLibe,gagné,Suggérée,Fierté,word,gagné,SitEmo
PtitLibe,meilleur,Suggérée,Joie,word,meilleur,SitEmo
PtitLibe,meilleur,Suggérée,Fierté,word,meilleur,SitEmo
PtitLibe,gagné,Suggérée,Joie,word,gagné,SitEmo
PtitLibe,gagné,Suggérée,Fierté,word,gagné,SitEmo
PtitLibe,!,Montrée,Admiration,punctuation,!,SitEmo
PtitLibe,gagné;récompense;meilleur,Suggérée,Joie,word,gagné,SitEmo
PtitLibe,gagné;récompense;meilleur,Suggérée,Fierté,word,gagné,SitEmo
PtitLibe,gagné;récompense;meilleur,Suggérée,Joie,word,récompense,SitEmo
PtitLibe,gagné;récompense;meilleur,Suggérée,Fierté,word,récompense,SitEmo
PtitLibe,gagné;récompense;meilleur,Suggérée,Joie,word,meilleur,SitEmo
PtitLibe,gagné;récompense;meilleur,Suggérée,Fierté,word,meilleur,SitEmo
PtitLibe,gagné;récompense;meilleur,Suggérée,Joie,punctuation,;,SitEmo
PtitLibe,gagné;récompense;meilleur,Suggérée,Fierté,punctuation,;,SitEmo
PtitLibe,gagné;récompense;meilleur,Suggérée,Joie,punctuation,;,SitEmo
PtitLibe,gagné;récompense;meilleur,Suggérée,Fierté,punctuation,;,SitEmo
PtitLibe,fêter,Comportementale,Joie,word,fêter,SitEmo
PtitLibe,danser,Comportementale,Joie,word,danser,SitEmo
PtitLibe,s'+amuse,Comportementale,Joie,word,amuse,SitEmo
PtitLibe,s'+amuse,Comportementale,Joie,punctuation,',SitEmo
PtitLibe,dangereux,Désignée,Peur,word,dangereux,SitEmo
PtitLibe,extraordinaire,Désignée,Surprise,word,extraordinaire,SitEmo
PtitLibe,m’échapperais,Comportementale,Peur,word,échapperais,SitEmo
PtitLibe,!,Montrée,Peur,punctuation,!,SitEmo
PtitLibe,méchant,Suggérée,Peur,word,méchant,SitEmo
PtitLibe,puissants,Suggérée,Peur,word,puissants,SitEmo
PtitLibe,effrayants,Désignée,Peur,word,effrayants,SitEmo
PtitLibe,surprenante,Désignée,Surprise,word,surprenante,SitEmo
PtitLibe,incroyable,Désignée,Surprise,word,incroyable,SitEmo
PtitLibe,Redoutables,Désignée,Peur,word,redoutables,SitEmo
PtitLibe,rugissements,Suggérée,Peur,word,rugissements,SitEmo
PtitLibe,effrayants,Désignée,Peur,word,effrayants,SitEmo
PtitLibe,dangereux,Désignée,Peur,word,dangereux,SitEmo
PtitLibe,danger,Désignée,Peur,word,danger,SitEmo
PtitLibe,danger,Désignée,Peur,word,danger,SitEmo
PtitLibe,extraordinaires,Désignée,Surprise,word,extraordinaires,SitEmo
PtitLibe,magiques,Désignée,Surprise,word,magiques,SitEmo
PtitLibe,Malheureusement,Désignée,Tristesse,word,malheureusement,SitEmo
PtitLibe,n’a pas remporté,Suggérée,Tristesse,word,remporté,SitEmo
PtitLibe,réalisé ce rêve,Suggérée,Joie,word,réalisé,SitEmo
PtitLibe,réalisé ce rêve,Suggérée,Joie,word,rêve,SitEmo
PtitLibe,content,Désignée,Joie,word,content,SitEmo
PtitLibe,regrette,Désignée,Tristesse,word,regrette,SitEmo
PtitLibe,dangereux,Désignée,Peur,word,dangereux,SitEmo
PtitLibe,dangers,Désignée,Peur,word,dangers,SitEmo
PtitLibe,danger,Désignée,Peur,word,danger,SitEmo
PtitLibe,dangereux,Désignée,Peur,word,dangereux,SitEmo
PtitLibe,manifestent,Comportementale,Colère,word,manifestent,SitEmo
PtitLibe,injuste,Suggérée,Colère,word,injuste,SitEmo
PtitLibe,se réjouit,Comportementale,Joie,word,réjouit,SitEmo
PtitLibe,Heureusement,Désignée,Joie,word,heureusement,SitEmo
PtitLibe,contents,Désignée,Joie,word,contents,SitEmo
PtitLibe,bonne ambiance,Suggérée,Joie,word,bonne,SitEmo
PtitLibe,bonne ambiance,Suggérée,Joie,word,ambiance,SitEmo
PtitLibe,c’est Noël en juillet,Montrée,Joie,word,noël,SitEmo
PtitLibe,c’est Noël en juillet,Montrée,Joie,word,juillet,SitEmo
PtitLibe,fête,Comportementale,Joie,word,fête,SitEmo
PtitLibe,honneur,Désignée,Fierté,word,honneur,SitEmo
PtitLibe,le plus important,Suggérée,Fierté,word,important,SitEmo
PtitLibe,tristes,Désignée,Tristesse,word,tristes,SitEmo
PtitLibe,Vexé,Désignée,Embarras,word,vexé,SitEmo
PtitLibe,Vexé,Désignée,Tristesse,word,vexé,SitEmo
PtitLibe,furieux,Désignée,Colère,word,furieux,SitEmo
PtitLibe,scandale,Désignée,Colère,word,scandale,SitEmo
PtitLibe,exploit,Désignée,Admiration,word,exploit,SitEmo
PtitLibe,héroïques,Suggérée,Admiration,word,héroïques,SitEmo
PtitLibe,exploits,Désignée,Admiration,word,exploits,SitEmo
PtitLibe,exploits,Désignée,Surprise,word,exploits,SitEmo
PtitLibe,Mais;malgré,Suggérée,Surprise,word,malgré,SitEmo
PtitLibe,Mais;malgré,Suggérée,Surprise,punctuation,;,SitEmo
PtitLibe,!,Montrée,Surprise,punctuation,!,SitEmo
PtitLibe,raté,Suggérée,Colère,word,raté,SitEmo
PtitLibe,roulé si vite,Comportementale,Embarras,word,roulé,SitEmo
PtitLibe,roulé si vite,Comportementale,Tristesse,word,roulé,SitEmo
PtitLibe,roulé si vite,Comportementale,Embarras,word,vite,SitEmo
PtitLibe,roulé si vite,Comportementale,Tristesse,word,vite,SitEmo
PtitLibe,!,Montrée,Admiration,punctuation,!,SitEmo
PtitLibe,spectaculaire,Désignée,Admiration,word,spectaculaire,SitEmo
PtitLibe,spectaculaire,Désignée,Surprise,word,spectaculaire,SitEmo
PtitLibe,record,Suggérée,Admiration,word,record,SitEmo
PtitLibe,…,Montrée,Surprise,punctuation,…,SitEmo
PtitLibe,contents,Désignée,Joie,word,contents,SitEmo
PtitLibe,mauvaises,Suggérée,Colère,word,mauvaises,SitEmo
PtitLibe,manifestations,Comportementale,Colère,word,manifestations,SitEmo
PtitLibe,peur,Désignée,Peur,word,peur,SitEmo
PtitLibe,stressée,Désignée,Peur,word,stressée,SitEmo
PtitLibe,génial,Désignée,Surprise,word,génial,SitEmo
PtitLibe,contents,Désignée,Joie,word,contents,SitEmo
PtitLibe,me regarder,Suggérée,Peur,word,regarder,SitEmo
PtitLibe,aventure,Suggérée,Surprise,word,aventure,SitEmo
PtitLibe,fête,Comportementale,Joie,word,fête,SitEmo
PtitLibe,fête,Comportementale,Joie,word,fête,SitEmo
PtitLibe,fête,Comportementale,Joie,word,fête,SitEmo
PtitLibe,merveilleux,Désignée,Admiration,word,merveilleux,SitEmo
PtitLibe,mécontents,Désignée,Colère,word,mécontents,SitEmo
PtitLibe,inquiets,Désignée,Peur,word,inquiets,SitEmo
PtitLibe,meurent,Suggérée,Peur,word,meurent,SitEmo
PtitLibe,meurent,Suggérée,Tristesse,word,meurent,SitEmo
PtitLibe,dangereux,Désignée,Peur,word,dangereux,SitEmo
PtitLibe,ne peuvent pas l’empêcher,Suggérée,Peur,word,empêcher,SitEmo
PtitLibe,ne peuvent pas l’empêcher,Suggérée,Tristesse,word,empêcher,SitEmo
PtitLibe,inquiets,Désignée,Peur,word,inquiets,SitEmo
PtitLibe,meurent,Suggérée,Peur,word,meurent,SitEmo
PtitLibe,soucis,Désignée,Tristesse,word,soucis,SitEmo
PtitLibe,excitant,Désignée,Joie,word,excitant,SitEmo
PtitLibe,stressé,Désignée,Peur,word,stressé,SitEmo
PtitLibe,amuser,Désignée,Joie,word,amuser,SitEmo
PtitLibe,vacances,Suggérée,Joie,word,vacances,SitEmo
PtitLibe,super,Désignée,Admiration,word,super,SitEmo
PtitLibe,super,Désignée,Surprise,word,super,SitEmo
PtitLibe,heureux,Désignée,Joie,word,heureux,SitEmo
PtitLibe,!,Montrée,Peur,punctuation,!,SitEmo
PtitLibe,!,Montrée,Joie,punctuation,!,SitEmo
PtitLibe,peur,Désignée,Peur,word,peur,SitEmo
PtitLibe,peur,Désignée,Peur,word,peur,SitEmo
PtitLibe,déçue,Désignée,Tristesse,word,déçue,SitEmo
PtitLibe,s’amusait,Comportementale,Joie,word,amusait,SitEmo
PtitLibe,lâche,Comportementale,Tristesse,word,lâche,SitEmo
PtitLibe,embêtant,Désignée,Tristesse,word,embêtant,SitEmo
PtitLibe,dangereuses,Désignée,Peur,word,dangereuses,SitEmo
PtitLibe,mal à la tête;fièvre;plaques rouges,Suggérée,Peur,word,tête,SitEmo
PtitLibe,mal à la tête;fièvre;plaques rouges,Suggérée,Peur,word,fièvre,SitEmo
PtitLibe,mal à la tête;fièvre;plaques rouges,Suggérée,Peur,word,plaques,SitEmo
PtitLibe,mal à la tête;fièvre;plaques rouges,Suggérée,Peur,word,rouges,SitEmo
PtitLibe,mal à la tête;fièvre;plaques rouges,Suggérée,Peur,punctuation,;,SitEmo
PtitLibe,mal à la tête;fièvre;plaques rouges,Suggérée,Peur,punctuation,;,SitEmo
PtitLibe,malade,Suggérée,Peur,word,malade,SitEmo
PtitLibe,ne savaient pas;maladie,Suggérée,Peur,word,savaient,SitEmo
PtitLibe,ne savaient pas;maladie,Suggérée,Peur,word,maladie,SitEmo
PtitLibe,ne savaient pas;maladie,Suggérée,Peur,punctuation,;,SitEmo
PtitLibe,heureusement,Désignée,Joie,word,heureusement,SitEmo
PtitLibe,risques,Désignée,Peur,word,risques,SitEmo
PtitLibe,dérange,Désignée,Tristesse,word,dérange,SitEmo
PtitLibe,inquiété,Désignée,Peur,word,inquiété,SitEmo
PtitLibe,yeux rouges;mal,Suggérée,Peur,word,yeux,SitEmo
PtitLibe,yeux rouges;mal,Suggérée,Peur,word,rouges,SitEmo
PtitLibe,yeux rouges;mal,Suggérée,Peur,punctuation,;,SitEmo
PtitLibe,inquiétant,Désignée,Peur,word,inquiétant,SitEmo
PtitLibe,problèmes;graves,Suggérée,Peur,word,problèmes,SitEmo
PtitLibe,problèmes;graves,Suggérée,Peur,word,graves,SitEmo
PtitLibe,problèmes;graves,Suggérée,Peur,punctuation,;,SitEmo
PtitLibe,virus,Suggérée,Peur,word,virus,SitEmo
PtitLibe,craint,Désignée,Peur,word,craint,SitEmo
PtitLibe,contaminées,Suggérée,Peur,word,contaminées,SitEmo
PtitLibe,inquiéter,Désignée,Peur,word,inquiéter,SitEmo
PtitLibe,malades,Suggérée,Peur,word,malades,SitEmo
PtitLibe,inquiétantes,Désignée,Peur,word,inquiétantes,SitEmo
PtitLibe,inquiétantes,Désignée,Peur,word,inquiétantes,SitEmo
PtitLibe,peur,Désignée,Peur,word,peur,SitEmo
PtitLibe,peste,Suggérée,Peur,word,peste,SitEmo
PtitLibe,maladie;tué,Suggérée,Peur,word,maladie,SitEmo
PtitLibe,maladie;tué,Suggérée,Peur,word,tué,SitEmo
PtitLibe,maladie;tué,Suggérée,Peur,punctuation,;,SitEmo
PtitLibe,dangereux,Désignée,Peur,word,dangereux,SitEmo
PtitLibe,danger,Désignée,Peur,word,danger,SitEmo
PtitLibe,mourir;maladies,Suggérée,Peur,word,mourir,SitEmo
PtitLibe,mourir;maladies,Suggérée,Peur,word,maladies,SitEmo
PtitLibe,mourir;maladies,Suggérée,Peur,punctuation,;,SitEmo
PtitLibe,épidémies;tué,Suggérée,Peur,word,épidémies,SitEmo
PtitLibe,épidémies;tué,Suggérée,Peur,word,tué,SitEmo
PtitLibe,épidémies;tué,Suggérée,Peur,punctuation,;,SitEmo
PtitLibe,défiguraient,Suggérée,Peur,word,défiguraient,SitEmo
PtitLibe,risques,Désignée,Peur,word,risques,SitEmo
PtitLibe,maladie;tué,Suggérée,Peur,word,maladie,SitEmo
PtitLibe,maladie;tué,Suggérée,Peur,word,tué,SitEmo
PtitLibe,maladie;tué,Suggérée,Peur,punctuation,;,SitEmo
PtitLibe,s’en protéger,Comportementale,Peur,word,protéger,SitEmo
PtitLibe,se protéger,Comportementale,Peur,word,protéger,SitEmo
PtitLibe,épidémies,Suggérée,Peur,word,épidémies,SitEmo
PtitLibe,se protéger,Comportementale,Peur,word,protéger,SitEmo
PtitLibe,mauvais;maladies,Suggérée,Peur,word,mauvais,SitEmo
PtitLibe,mauvais;maladies,Suggérée,Peur,word,maladies,SitEmo
PtitLibe,mauvais;maladies,Suggérée,Peur,punctuation,;,SitEmo
PtitLibe,seul,Suggérée,Colère,word,seul,SitEmo
PtitLibe,en avait assez,Désignée,Colère,word,assez,SitEmo
PtitLibe,pas assez vite,Suggérée,Colère,word,assez,SitEmo
PtitLibe,pas assez vite,Suggérée,Colère,word,vite,SitEmo
PtitLibe,en a assez,Désignée,Colère,word,assez,SitEmo
PtitLibe,mauvais,Suggérée,Colère,word,mauvais,SitEmo
PtitLibe,dénonçant,Comportementale,Colère,word,dénonçant,SitEmo
PtitLibe,menaces,Désignée,Peur,word,menaces,SitEmo
PtitLibe,préoccupation,Désignée,Tristesse,word,préoccupation,SitEmo
PtitLibe,plaisir,Désignée,Joie,word,plaisir,SitEmo
PtitLibe,ne pas pouvoir agir,Suggérée,Colère,word,agir,SitEmo
PtitLibe,en a assez,Désignée,Colère,word,assez,SitEmo
PtitLibe,échec,Suggérée,Tristesse,word,échec,SitEmo
PtitLibe,échec,Suggérée,Colère,word,échec,SitEmo
PtitLibe,génial,Désignée,Admiration,word,génial,SitEmo
PtitLibe,génial,Désignée,Surprise,word,génial,SitEmo
PtitLibe,gagné,Suggérée,Joie,word,gagné,SitEmo
PtitLibe,gagné,Suggérée,Fierté,word,gagné,SitEmo
PtitLibe,se réjouit,Comportementale,Joie,word,réjouit,SitEmo
PtitLibe,n’ai pas de mots,Suggérée,Admiration,word,mots,SitEmo
PtitLibe,n’ai pas de mots,Suggérée,Surprise,word,mots,SitEmo
PtitLibe,ne se doutaient pas,Suggérée,Surprise,word,doutaient,SitEmo
PtitLibe,!,Montrée,Surprise,punctuation,!,SitEmo
PtitLibe,!,Montrée,Surprise,punctuation,!,SitEmo
PtitLibe,se félicite,Comportementale,Fierté,word,félicite,SitEmo
PtitLibe,C’est tout un pan de notre histoire communale qu,Montrée,Fierté,word,pan,SitEmo
PtitLibe,C’est tout un pan de notre histoire communale qu,Montrée,Fierté,word,histoire,SitEmo
PtitLibe,C’est tout un pan de notre histoire communale qu,Montrée,Fierté,word,communale,SitEmo
PtitLibe,critiquée,Comportementale,Colère,word,critiquée,SitEmo
PtitLibe,critiqué,Comportementale,Colère,word,critiqué,SitEmo
PtitLibe,sublime,Suggérée,Admiration,word,sublime,SitEmo
PtitLibe,déjà,Montrée,Surprise,word,déjà,SitEmo
PtitLibe,admirer,Désignée,Admiration,word,admirer,SitEmo
PtitLibe,d'ailleurs,Montrée,Surprise,word,d'ailleurs,SitEmo
PtitLibe,d'ailleurs,Montrée,Surprise,punctuation,',SitEmo
PtitLibe,!,Montrée,Surprise,punctuation,!,SitEmo
PtitLibe,tristes,Désignée,Tristesse,word,tristes,SitEmo
PtitLibe,s’est révoltée,Comportementale,Colère,word,révoltée,SitEmo
PtitLibe,saccager,Comportementale,Colère,word,saccager,SitEmo
PtitLibe,peur,Désignée,Peur,word,peur,SitEmo
PtitLibe,perde,Suggérée,Peur,word,perde,SitEmo
PtitLibe,exceptionnels,Désignée,Surprise,word,exceptionnels,SitEmo
PtitLibe,graves,Suggérée,Tristesse,word,graves,SitEmo
PtitLibe,joyeux,Désignée,Joie,word,joyeux,SitEmo
PtitLibe,célébrer,Comportementale,Joie,word,célébrer,SitEmo
PtitLibe,souffrance,Désignée,Tristesse,word,souffrance,SitEmo
PtitLibe,souffrant,Désignée,Tristesse,word,souffrant,SitEmo
PtitLibe,horrible,Désignée,Peur,word,horrible,SitEmo
PtitLibe,horrible,Désignée,Tristesse,word,horrible,SitEmo
PtitLibe,choquée,Désignée,Surprise,word,choquée,SitEmo
PtitLibe,choquée,Désignée,Peur,word,choquée,SitEmo
PtitLibe,souffrir,Suggérée,Tristesse,word,souffrir,SitEmo
PtitLibe,du mal à oublier;difficiles,Suggérée,Tristesse,word,oublier,SitEmo
PtitLibe,du mal à oublier;difficiles,Suggérée,Dégoût,word,oublier,SitEmo
PtitLibe,du mal à oublier;difficiles,Suggérée,Tristesse,word,difficiles,SitEmo
PtitLibe,du mal à oublier;difficiles,Suggérée,Dégoût,word,difficiles,SitEmo
PtitLibe,du mal à oublier;difficiles,Suggérée,Tristesse,punctuation,;,SitEmo
PtitLibe,du mal à oublier;difficiles,Suggérée,Dégoût,punctuation,;,SitEmo
PtitLibe,horrible,Désignée,Tristesse,word,horrible,SitEmo
PtitLibe,horrible,Désignée,Peur,word,horrible,SitEmo
PtitLibe,fière,Désignée,Fierté,word,fière,SitEmo
PtitLibe,dérange,Désignée,Tristesse,word,dérange,SitEmo
PtitLibe,maltraitance;abattoirs,Suggérée,Tristesse,word,maltraitance,SitEmo
PtitLibe,maltraitance;abattoirs,Suggérée,Tristesse,word,abattoirs,SitEmo
PtitLibe,maltraitance;abattoirs,Suggérée,Tristesse,punctuation,;,SitEmo
PtitLibe,dégoûtée,Désignée,Dégoût,word,dégoûtée,SitEmo
PtitLibe,culpabilisé,Désignée,Culpabilité,word,culpabilisé,SitEmo
PtitLibe,écœurée,Désignée,Dégoût,word,écœurée,SitEmo
PtitLibe,souffrir,Désignée,Tristesse,word,souffrir,SitEmo
PtitLibe,bien-être,Désignée,Joie,word,bien-être,SitEmo
PtitLibe,bien-être,Désignée,Joie,punctuation,-,SitEmo
PtitLibe,choqué,Désignée,Surprise,word,choqué,SitEmo
PtitLibe,choqué,Désignée,Tristesse,word,choqué,SitEmo
PtitLibe,souffrir,Désignée,Tristesse,word,souffrir,SitEmo
PtitLibe,drôle,Désignée,Joie,word,drôle,SitEmo
PtitLibe,dangereux,Désignée,Peur,word,dangereux,SitEmo
PtitLibe,avertit,Comportementale,Peur,word,avertit,SitEmo
PtitLibe,peur,Désignée,Peur,word,peur,SitEmo
PtitLibe,dégradées,Comportementale,Colère,word,dégradées,SitEmo
PtitLibe,triste,Désignée,Tristesse,word,triste,SitEmo
PtitLibe,happy,Désignée,Joie,word,happy,SitEmo
PtitLibe,porter des couleurs assez noires,Comportementale,Tristesse,word,porter,SitEmo
PtitLibe,porter des couleurs assez noires,Comportementale,Tristesse,word,couleurs,SitEmo
PtitLibe,porter des couleurs assez noires,Comportementale,Tristesse,word,assez,SitEmo
PtitLibe,porter des couleurs assez noires,Comportementale,Tristesse,word,noires,SitEmo
PtitLibe,porter des couleurs flashy,Comportementale,Joie,word,porter,SitEmo
PtitLibe,porter des couleurs flashy,Comportementale,Joie,word,couleurs,SitEmo
PtitLibe,porter des couleurs flashy,Comportementale,Joie,word,flashy,SitEmo
PtitLibe,Pourtant,Montrée,Surprise,word,pourtant,SitEmo
PtitLibe,pollution,Suggérée,Peur,word,pollution,SitEmo
PtitLibe,rigoler,Comportementale,Joie,word,rigoler,SitEmo
PtitLibe,!,Montrée,Surprise,punctuation,!,SitEmo
PtitLibe,rigolera,Comportementale,Joie,word,rigolera,SitEmo
PtitLibe,…,Montrée,Surprise,punctuation,…,SitEmo
PtitLibe,en avoir marre,Désignée,Colère,word,marre,SitEmo
PtitLibe,bête,Suggérée,Joie,word,bête,SitEmo
PtitLibe,s'inquiète,Désignée,Peur,word,s'inquiète,SitEmo
PtitLibe,s'inquiète,Désignée,Peur,punctuation,',SitEmo
PtitLibe,!,Montrée,Surprise,punctuation,!,SitEmo
PtitLibe,dangereuses,Désignée,Peur,word,dangereuses,SitEmo
PtitLibe,regrette,Désignée,Tristesse,word,regrette,SitEmo
PtitLibe,manifestation,Comportementale,Colère,word,manifestation,SitEmo
PtitLibe,injustice,Suggérée,Colère,word,injustice,SitEmo
PtitLibe,iront en prison,Suggérée,Peur,word,iront,SitEmo
PtitLibe,iront en prison,Suggérée,Peur,word,prison,SitEmo
PtitLibe,peur,Désignée,Peur,word,peur,SitEmo
PtitLibe,aller en prison,Suggérée,Peur,word,prison,SitEmo
PtitLibe,!,Montrée,Joie,punctuation,!,SitEmo
PtitLibe,bon souvenir,Suggérée,Joie,word,bon,SitEmo
PtitLibe,bon souvenir,Suggérée,Joie,word,souvenir,SitEmo
PtitLibe,arrêteront,Comportementale,Peur,word,arrêteront,SitEmo
PtitLibe,marrant,Désignée,Joie,word,marrant,SitEmo
PtitLibe,sympas,Désignée,Joie,word,sympas,SitEmo
PtitLibe,scandale,Désignée,Colère,word,scandale,SitEmo
PtitLibe,graves,Suggérée,Colère,word,graves,SitEmo
PtitLibe,choqués,Désignée,Surprise,word,choqués,SitEmo
PtitLibe,choqués,Désignée,Colère,word,choqués,SitEmo
PtitLibe,colère,Désignée,Colère,word,colère,SitEmo
PtitLibe,honte,Désignée,Embarras,word,honte,SitEmo
PtitLibe,peur,Désignée,Peur,word,peur,SitEmo
PtitLibe,agressées sexuellement,Suggérée,Colère,word,agressées,SitEmo
PtitLibe,agressées sexuellement,Suggérée,Tristesse,word,agressées,SitEmo
PtitLibe,agressées sexuellement,Suggérée,Colère,word,sexuellement,SitEmo
PtitLibe,agressées sexuellement,Suggérée,Tristesse,word,sexuellement,SitEmo
PtitLibe,se taisaient,Comportementale,Embarras,word,taisaient,SitEmo
PtitLibe,se taisaient,Comportementale,Peur,word,taisaient,SitEmo
PtitLibe,accusé,Comportementale,Colère,word,accusé,SitEmo
PtitLibe,scandale,Désignée,Colère,word,scandale,SitEmo
PtitLibe,accusé,Comportementale,Colère,word,accusé,SitEmo
PtitLibe,mauvais,Suggérée,Colère,word,mauvais,SitEmo
PtitLibe,dénoncent,Comportementale,Colère,word,dénoncent,SitEmo
PtitLibe,s’est révoltée,Comportementale,Colère,word,révoltée,SitEmo
PtitLibe,désaccord,Suggérée,Colère,word,désaccord,SitEmo
PtitLibe,reprochent,Comportementale,Colère,word,reprochent,SitEmo
PtitLibe,discriminations;victime,Suggérée,Tristesse,word,discriminations,SitEmo
PtitLibe,discriminations;victime,Suggérée,Tristesse,word,victime,SitEmo
PtitLibe,discriminations;victime,Suggérée,Tristesse,punctuation,;,SitEmo
PtitLibe,renoncer à leur baptême,Comportementale,Colère,word,renoncer,SitEmo
PtitLibe,renoncer à leur baptême,Comportementale,Colère,word,baptême,SitEmo
PtitLibe,irrespectueuses,Suggérée,Embarras,word,irrespectueuses,SitEmo
PtitLibe,rejetée,Suggérée,Tristesse,word,rejetée,SitEmo
PtitLibe,dérange,Désignée,Tristesse,word,dérange,SitEmo
PtitLibe,dérange,Désignée,Tristesse,word,dérange,SitEmo
PtitLibe,mal à l’aise,Désignée,Embarras,word,aise,SitEmo
PtitLibe,coupable,Désignée,Culpabilité,word,coupable,SitEmo
PtitLibe,coupable,Désignée,Culpabilité,word,coupable,SitEmo
PtitLibe,fuir,Comportementale,Peur,word,fuir,SitEmo
PtitLibe,inquiets,Désignée,Peur,word,inquiets,SitEmo
PtitLibe,se méfier,Comportementale,Peur,word,méfier,SitEmo
PtitLibe,pas à l’aise,Désignée,Embarras,word,aise,SitEmo
PtitLibe,n’as pas réussi,Suggérée,Culpabilité,word,réussi,SitEmo
PtitLibe,n’as pas réussi,Suggérée,Embarras,word,réussi,SitEmo
PtitLibe,n’as pas réussi,Suggérée,Culpabilité,word,réussi,SitEmo
PtitLibe,n’as pas réussi,Suggérée,Embarras,word,réussi,SitEmo
PtitLibe,pas normal,Suggérée,Tristesse,word,normal,SitEmo
PtitLibe,pas normal,Suggérée,Embarras,word,normal,SitEmo
PtitLibe,pas normal,Suggérée,Tristesse,word,normal,SitEmo
PtitLibe,pas normal,Suggérée,Embarras,word,normal,SitEmo
PtitLibe,plaisir,Désignée,Joie,word,plaisir,SitEmo
PtitLibe,agréable,Désignée,Joie,word,agréable,SitEmo
PtitLibe,impose,Suggérée,Tristesse,word,impose,SitEmo
PtitLibe,impose,Suggérée,Peur,word,impose,SitEmo
PtitLibe,grave,Suggérée,Tristesse,word,grave,SitEmo
PtitLibe,grave,Suggérée,Peur,word,grave,SitEmo
PtitLibe,violences sexuelles,Suggérée,Tristesse,word,violences,SitEmo
PtitLibe,violences sexuelles,Suggérée,Peur,word,violences,SitEmo
PtitLibe,violences sexuelles,Suggérée,Tristesse,word,sexuelles,SitEmo
PtitLibe,violences sexuelles,Suggérée,Peur,word,sexuelles,SitEmo
PtitLibe,peur,Désignée,Peur,word,peur,SitEmo
PtitLibe,mal à l’aise,Désignée,Embarras,word,aise,SitEmo
PtitLibe,peur,Désignée,Peur,word,peur,SitEmo
PtitLibe,danger,Désignée,Peur,word,danger,SitEmo
PtitLibe,peur,Désignée,Peur,word,peur,SitEmo
PtitLibe,danger,Désignée,Peur,word,danger,SitEmo
PtitLibe,angoisses,Désignée,Peur,word,angoisses,SitEmo
PtitLibe,peur,Désignée,Peur,word,peur,SitEmo
PtitLibe,cauchemars,Désignée,Peur,word,cauchemars,SitEmo
PtitLibe,triste,Désignée,Tristesse,word,triste,SitEmo
PtitLibe,honte,Désignée,Embarras,word,honte,SitEmo
PtitLibe,victime,Suggérée,Tristesse,word,victime,SitEmo
PtitLibe,victime,Suggérée,Peur,word,victime,SitEmo
PtitLibe,colère,Désignée,Colère,word,colère,SitEmo
PtitLibe,souffrir,Désignée,Tristesse,word,souffrir,SitEmo
PtitLibe,souffre,Désignée,Tristesse,word,souffre,SitEmo
PtitLibe,idées noires,Désignée,Tristesse,word,idées,SitEmo
PtitLibe,idées noires,Désignée,Tristesse,word,noires,SitEmo
PtitLibe,victime,Suggérée,Tristesse,word,victime,SitEmo
PtitLibe,victime,Suggérée,Peur,word,victime,SitEmo
PtitLibe,tétanisé,Comportementale,Peur,word,tétanisé,SitEmo
PtitLibe,risque,Désignée,Peur,word,risque,SitEmo
PtitLibe,ne pas aimer son corps,Suggérée,Dégoût,word,aimer,SitEmo
PtitLibe,ne pas aimer son corps,Suggérée,Embarras,word,aimer,SitEmo
PtitLibe,ne pas aimer son corps,Suggérée,Dégoût,word,corps,SitEmo
PtitLibe,ne pas aimer son corps,Suggérée,Embarras,word,corps,SitEmo
PtitLibe,violent,Suggérée,Peur,word,violent,SitEmo
PtitLibe,violent,Suggérée,Tristesse,word,violent,SitEmo
PtitLibe,imposer,Suggérée,Peur,word,imposer,SitEmo
PtitLibe,imposer,Suggérée,Tristesse,word,imposer,SitEmo
PtitLibe,grave,Suggérée,Peur,word,grave,SitEmo
PtitLibe,grave,Suggérée,Tristesse,word,grave,SitEmo
PtitLibe,victime,Suggérée,Peur,word,victime,SitEmo
PtitLibe,victime,Suggérée,Tristesse,word,victime,SitEmo
PtitLibe,violence,Suggérée,Peur,word,violence,SitEmo
PtitLibe,agressés,Suggérée,Peur,word,agressés,SitEmo
PtitLibe,agressés,Suggérée,Tristesse,word,agressés,SitEmo
PtitLibe,choquant,Désignée,Surprise,word,choquant,SitEmo
PtitLibe,choquant,Désignée,Colère,word,choquant,SitEmo
PtitLibe,graves,Suggérée,Colère,word,graves,SitEmo
PtitLibe,choquait,Désignée,Surprise,word,choquait,SitEmo
PtitLibe,choquait,Désignée,Colère,word,choquait,SitEmo
PtitLibe,traumatisme,Désignée,Surprise,word,traumatisme,SitEmo
PtitLibe,traumatisme,Désignée,Peur,word,traumatisme,SitEmo
PtitLibe,violences sexuelles,Suggérée,Peur,word,violences,SitEmo
PtitLibe,violences sexuelles,Suggérée,Peur,word,sexuelles,SitEmo
PtitLibe,inquiétudes,Désignée,Peur,word,inquiétudes,SitEmo
PtitLibe,dangereux,Désignée,Peur,word,dangereux,SitEmo
PtitLibe,se protéger,Comportementale,Peur,word,protéger,SitEmo
PtitLibe,compliments,Suggérée,Joie,word,compliments,SitEmo
PtitLibe,cadeaux,Suggérée,Joie,word,cadeaux,SitEmo
PtitLibe,crier,Suggérée,Peur,word,crier,SitEmo
PtitLibe,menacer,Désignée,Peur,word,menacer,SitEmo
PtitLibe,menacer,Désignée,Peur,word,menacer,SitEmo
PtitLibe,violent,Suggérée,Peur,word,violent,SitEmo
PtitLibe,important,Suggérée,Joie,word,important,SitEmo
PtitLibe,important,Suggérée,Fierté,word,important,SitEmo
PtitLibe,surpris,Désignée,Surprise,word,surpris,SitEmo
PtitLibe,une alarme s’est déclenchée,Suggérée,Surprise,word,alarme,SitEmo
PtitLibe,une alarme s’est déclenchée,Suggérée,Surprise,word,déclenchée,SitEmo
PtitLibe,admirer,Désignée,Admiration,word,admirer,SitEmo
PtitLibe,mal à l’aise,Désignée,Embarras,word,aise,SitEmo
PtitLibe,agréable,Désignée,Joie,word,agréable,SitEmo
PtitLibe,inconfortable,Désignée,Embarras,word,inconfortable,SitEmo
PtitLibe,réussite,Suggérée,Fierté,word,réussite,SitEmo
PtitLibe,réussite,Suggérée,Joie,word,réussite,SitEmo
PtitLibe,stress,Désignée,Peur,word,stress,SitEmo
PtitLibe,dépressions,Désignée,Tristesse,word,dépressions,SitEmo
PtitLibe,se plaignent,Comportementale,Colère,word,plaignent,SitEmo
PtitLibe,…,Montrée,Surprise,punctuation,…,SitEmo
PtitLibe,…,Montrée,Surprise,punctuation,…,SitEmo
PtitLibe,!,Montrée,Surprise,punctuation,!,SitEmo
PtitLibe,!,Montrée,Surprise,punctuation,!,SitEmo
PtitLibe,!,Montrée,Surprise,punctuation,!,SitEmo
PtitLibe,embêtant,Désignée,Tristesse,word,embêtant,SitEmo
PtitLibe,insulté,Désignée,Embarras,word,insulté,SitEmo
PtitLibe,insulté,Comportementale,Colère,word,insulté,SitEmo
PtitLibe,peur,Désignée,Peur,word,peur,SitEmo
PtitLibe,surprise,Désignée,Surprise,word,surprise,SitEmo
PtitLibe,inquiétant,Désignée,Peur,word,inquiétant,SitEmo
PtitLibe,insulter,Désignée,Embarras,word,insulter,SitEmo
PtitLibe,peur,Désignée,Peur,word,peur,SitEmo
PtitLibe,risques,Désignée,Peur,word,risques,SitEmo
PtitLibe,peur,Désignée,Peur,word,peur,SitEmo
PtitLibe,déjà,Montrée,Surprise,word,déjà,SitEmo
PtitLibe,insulter,Comportementale,Colère,word,insulter,SitEmo
PtitLibe,critiquent,Comportementale,Colère,word,critiquent,SitEmo
PtitLibe,gêne,Désignée,Embarras,word,gêne,SitEmo
PtitLibe,détruire,Suggérée,Peur,word,détruire,SitEmo
PtitLibe,mentir,Suggérée,Colère,word,mentir,SitEmo
PtitLibe,accusé,Comportementale,Colère,word,accusé,SitEmo
PtitLibe,!,Montrée,Surprise,punctuation,!,SitEmo
PtitLibe,ne supporte pas,Suggérée,Colère,word,supporte,SitEmo
PtitLibe,satisfait,Désignée,Joie,word,satisfait,SitEmo
PtitLibe,menacés,Désignée,Peur,word,menacés,SitEmo
PtitLibe,dégâts,Suggérée,Peur,word,dégâts,SitEmo
PtitLibe,inquiets,Désignée,Peur,word,inquiets,SitEmo
PtitLibe,s’engager dans la vie politique,Comportementale,Peur,word,engager,SitEmo
PtitLibe,s’engager dans la vie politique,Comportementale,Peur,word,vie,SitEmo
PtitLibe,s’engager dans la vie politique,Comportementale,Peur,word,politique,SitEmo
PtitLibe,plaisir,Désignée,Joie,word,plaisir,SitEmo
PtitLibe,dangereuse,Désignée,Peur,word,dangereuse,SitEmo
PtitLibe,reprochaient,Comportementale,Colère,word,reprochaient,SitEmo
PtitLibe,plaisir,Désignée,Joie,word,plaisir,SitEmo
PtitLibe,menace,Désignée,Peur,word,menace,SitEmo
PtitLibe,risque,Désignée,Peur,word,risque,SitEmo
PtitLibe,!,Montrée,Surprise,punctuation,!,SitEmo
PtitLibe,s’enfuient,Comportementale,Peur,word,enfuient,SitEmo
PtitLibe,victoire,Suggérée,Joie,word,victoire,SitEmo
PtitLibe,joie,Désignée,Joie,word,joie,SitEmo
PtitLibe,peur,Désignée,Peur,word,peur,SitEmo
PtitLibe,durs;violents,Suggérée,Peur,word,durs,SitEmo
PtitLibe,durs;violents,Suggérée,Peur,word,violents,SitEmo
PtitLibe,durs;violents,Suggérée,Peur,punctuation,;,SitEmo
PtitLibe,dangereux,Désignée,Peur,word,dangereux,SitEmo
PtitLibe,brandissant des drapeaux,Comportementale,Joie,word,brandissant,SitEmo
PtitLibe,brandissant des drapeaux,Comportementale,Joie,word,drapeaux,SitEmo
PtitLibe,tirant des feux d’artifice,Comportementale,Joie,word,tirant,SitEmo
PtitLibe,tirant des feux d’artifice,Comportementale,Joie,word,feux,SitEmo
PtitLibe,tirant des feux d’artifice,Comportementale,Joie,word,artifice,SitEmo
PtitLibe,tendue,Désignée,Colère,word,tendue,SitEmo
PtitLibe,en ont assez,Désignée,Colère,word,assez,SitEmo
PtitLibe,ne respectent pas,Suggérée,Colère,word,respectent,SitEmo
PtitLibe,n’arrive pas à résoudre les problèmes,Suggérée,Colère,word,arrive,SitEmo
PtitLibe,n’arrive pas à résoudre les problèmes,Suggérée,Colère,word,résoudre,SitEmo
PtitLibe,n’arrive pas à résoudre les problèmes,Suggérée,Colère,word,problèmes,SitEmo
PtitLibe,en ont assez,Désignée,Colère,word,assez,SitEmo
PtitLibe,insécurité,Désignée,Peur,word,insécurité,SitEmo
PtitLibe,violence,Suggérée,Peur,word,violence,SitEmo
PtitLibe,contre;ruiné,Suggérée,Colère,word,contre,SitEmo
PtitLibe,contre;ruiné,Suggérée,Colère,word,ruiné,SitEmo
PtitLibe,contre;ruiné,Suggérée,Colère,punctuation,;,SitEmo
PtitLibe,agressés,Suggérée,Colère,word,agressés,SitEmo
PtitLibe,agressés,Suggérée,Peur,word,agressés,SitEmo
PtitLibe,attaqué,Suggérée,Colère,word,attaqué,SitEmo
PtitLibe,attaqué,Suggérée,Peur,word,attaqué,SitEmo
PtitLibe,répression,Suggérée,Peur,word,répression,SitEmo
PtitLibe,choquantes,Désignée,Surprise,word,choquantes,SitEmo
PtitLibe,choquantes,Désignée,Colère,word,choquantes,SitEmo
PtitLibe,crainte,Désignée,Peur,word,crainte,SitEmo
PtitLibe,pas libres,Suggérée,Tristesse,word,libres,SitEmo
PtitLibe,pas libres,Suggérée,Peur,word,libres,SitEmo
PtitLibe,torturés,Suggérée,Peur,word,torturés,SitEmo
PtitLibe,torturés,Suggérée,Tristesse,word,torturés,SitEmo
PtitLibe,inquiète,Désignée,Peur,word,inquiète,SitEmo
PtitLibe,exceptionnelle,Désignée,Surprise,word,exceptionnelle,SitEmo
PtitLibe,victoire,Suggérée,Joie,word,victoire,SitEmo
PtitLibe,gouverner+de façon dure,Suggérée,Peur,word,gouverner,SitEmo
PtitLibe,gouverner+de façon dure,Suggérée,Peur,word,façon,SitEmo
PtitLibe,gouverner+de façon dure,Suggérée,Peur,word,dure,SitEmo
PtitLibe,choquantes,Désignée,Surprise,word,choquantes,SitEmo
PtitLibe,choquantes,Désignée,Peur,word,choquantes,SitEmo
PtitLibe,réjouis,Comportementale,Joie,word,réjouis,SitEmo
PtitLibe,choquantes,Désignée,Surprise,word,choquantes,SitEmo
PtitLibe,choquantes,Désignée,Peur,word,choquantes,SitEmo
PtitLibe,corruption,Suggérée,Colère,word,corruption,SitEmo
PtitLibe,corruption,Suggérée,Colère,word,corruption,SitEmo
PtitLibe,en ont assez,Désignée,Colère,word,assez,SitEmo
PtitLibe,accusé,Comportementale,Colère,word,accusé,SitEmo
PtitLibe,accusé,Comportementale,Colère,word,accusé,SitEmo
PtitLibe,inquiets,Désignée,Peur,word,inquiets,SitEmo
PtitLibe,bloqué son lycée,Comportementale,Colère,word,bloqué,SitEmo
PtitLibe,bloqué son lycée,Comportementale,Colère,word,lycée,SitEmo
PtitLibe,pas d’accord,Suggérée,Colère,word,accord,SitEmo
PtitLibe,bloquaient,Comportementale,Colère,word,bloquaient,SitEmo
PtitLibe,en baissant la tête,Comportementale,Peur,word,baissant,SitEmo
PtitLibe,en baissant la tête,Comportementale,Embarras,word,baissant,SitEmo
PtitLibe,en baissant la tête,Comportementale,Peur,word,tête,SitEmo
PtitLibe,en baissant la tête,Comportementale,Embarras,word,tête,SitEmo
PtitLibe,crié,Comportementale,Colère,word,crié,SitEmo
PtitLibe,crié dessus,Suggérée,Peur,word,crié,SitEmo
PtitLibe,crié dessus,Suggérée,Embarras,word,crié,SitEmo
PtitLibe,crié dessus,Suggérée,Peur,word,dessus,SitEmo
PtitLibe,crié dessus,Suggérée,Embarras,word,dessus,SitEmo
PtitLibe,critiquent,Comportementale,Colère,word,critiquent,SitEmo
PtitLibe,peur,Désignée,Peur,word,peur,SitEmo
PtitLibe,inquiète,Désignée,Peur,word,inquiète,SitEmo
PtitLibe,critiqué,Comportementale,Colère,word,critiqué,SitEmo
PtitLibe,manifester,Comportementale,Colère,word,manifester,SitEmo
PtitLibe,protestations,Comportementale,Colère,word,protestations,SitEmo
PtitLibe,ne suffit pas,Suggérée,Colère,word,suffit,SitEmo
PtitLibe,manifesté,Comportementale,Colère,word,manifesté,SitEmo
PtitLibe,marché dans la rue en groupe,Comportementale,Colère,word,marché,SitEmo
PtitLibe,marché dans la rue en groupe,Comportementale,Colère,word,rue,SitEmo
PtitLibe,marché dans la rue en groupe,Comportementale,Colère,word,groupe,SitEmo
PtitLibe,pas d’accord,Suggérée,Colère,word,accord,SitEmo
PtitLibe,dénoncer,Comportementale,Colère,word,dénoncer,SitEmo
PtitLibe,colère,Désignée,Colère,word,colère,SitEmo
PtitLibe,manifestations,Comportementale,Colère,word,manifestations,SitEmo
PtitLibe,manifestations,Comportementale,Peur,word,manifestations,SitEmo
PtitLibe,peur,Désignée,Peur,word,peur,SitEmo
PtitLibe,manifestations,Comportementale,Colère,word,manifestations,SitEmo
PtitLibe,critiquer,Comportementale,Colère,word,critiquer,SitEmo
PtitLibe,protester,Comportementale,Colère,word,protester,SitEmo
PtitLibe,se mobilisent,Comportementale,Colère,word,mobilisent,SitEmo
PtitLibe,se mobilisent,Comportementale,Peur,word,mobilisent,SitEmo
PtitLibe,pas assez bonnes,Suggérée,Colère,word,assez,SitEmo
PtitLibe,pas assez bonnes,Suggérée,Colère,word,bonnes,SitEmo
PtitLibe,se sont mobilisés,Comportementale,Colère,word,mobilisés,SitEmo
PtitLibe,grève,Comportementale,Colère,word,grève,SitEmo
PtitLibe,manifestations,Comportementale,Colère,word,manifestations,SitEmo
PtitLibe,pas d’accord,Suggérée,Colère,word,accord,SitEmo
PtitLibe,manifesté,Comportementale,Colère,word,manifesté,SitEmo
PtitLibe,pas d’accord,Suggérée,Colère,word,accord,SitEmo
PtitLibe,manifesté,Comportementale,Colère,word,manifesté,SitEmo
PtitLibe,dangereux,Désignée,Peur,word,dangereux,SitEmo
PtitLibe,contents,Désignée,Joie,word,contents,SitEmo
PtitLibe,râler,Comportementale,Colère,word,râler,SitEmo
PtitLibe,manifestations,Comportementale,Colère,word,manifestations,SitEmo
PtitLibe,protester,Comportementale,Colère,word,protester,SitEmo
PtitLibe,moins de droits,Suggérée,Colère,word,droits,SitEmo
PtitLibe,critiqués,Comportementale,Colère,word,critiqués,SitEmo
PtitLibe,peur,Désignée,Peur,word,peur,SitEmo
PtitLibe,difficulté,Suggérée,Peur,word,difficulté,SitEmo
PtitLibe,risque,Désignée,Peur,word,risque,SitEmo
PtitLibe,victime,Suggérée,Tristesse,word,victime,SitEmo
PtitLibe,peur,Désignée,Peur,word,peur,SitEmo
PtitLibe,critiquent,Comportementale,Colère,word,critiquent,SitEmo
PtitLibe,inégalités,Suggérée,Colère,word,inégalités,SitEmo
PtitLibe,s’opposent,Comportementale,Colère,word,opposent,SitEmo
PtitLibe,ne plus réussir,Suggérée,Peur,word,réussir,SitEmo
PtitLibe,reçoivent moins,Suggérée,Peur,word,reçoivent,SitEmo
PtitLibe,heureux,Désignée,Joie,word,heureux,SitEmo
PtitLibe,reproche,Comportementale,Colère,word,reproche,SitEmo
PtitLibe,heureux,Désignée,Joie,word,heureux,SitEmo
PtitLibe,heureux,Désignée,Joie,word,heureux,SitEmo
PtitLibe,heureux,Désignée,Joie,word,heureux,SitEmo
PtitLibe,malaise,Désignée,Embarras,word,malaise,SitEmo
PtitLibe,maltraitées;tuées,Suggérée,Tristesse,word,maltraitées,SitEmo
PtitLibe,maltraitées;tuées,Suggérée,Tristesse,word,tuées,SitEmo
PtitLibe,maltraitées;tuées,Suggérée,Tristesse,punctuation,;,SitEmo
PtitLibe,Comment ?,Montrée,Colère,word,comment,SitEmo
PtitLibe,Comment ?,Montrée,Colère,punctuation,?,SitEmo
PtitLibe,tuez,Suggérée,Colère,word,tuez,SitEmo
PtitLibe,condamne,Comportementale,Colère,word,condamne,SitEmo
PtitLibe,empêche de dormir,Suggérée,Tristesse,word,empêche,SitEmo
PtitLibe,empêche de dormir,Suggérée,Peur,word,empêche,SitEmo
PtitLibe,empêche de dormir,Suggérée,Tristesse,word,dormir,SitEmo
PtitLibe,empêche de dormir,Suggérée,Peur,word,dormir,SitEmo
PtitLibe,belle vie,Suggérée,Joie,word,belle,SitEmo
PtitLibe,belle vie,Suggérée,Joie,word,vie,SitEmo
PtitLibe,une belle vie,Suggérée,Joie,word,belle,SitEmo
PtitLibe,une belle vie,Suggérée,Joie,word,vie,SitEmo
PtitLibe,inquiètent,Désignée,Peur,word,inquiètent,SitEmo
PtitLibe,injuste,Suggérée,Colère,word,injuste,SitEmo
PtitLibe,te faire gronder pour quelque chose que tu n’avais pas fait,Suggérée,Colère,word,gronder,SitEmo
PtitLibe,te faire gronder pour quelque chose que tu n’avais pas fait,Suggérée,Tristesse,word,gronder,SitEmo
PtitLibe,te faire gronder pour quelque chose que tu n’avais pas fait,Suggérée,Colère,word,chose,SitEmo
PtitLibe,te faire gronder pour quelque chose que tu n’avais pas fait,Suggérée,Tristesse,word,chose,SitEmo
PtitLibe,injuste,Suggérée,Colère,word,injuste,SitEmo
PtitLibe,injuste,Suggérée,Tristesse,word,injuste,SitEmo
PtitLibe,subissent,Désignée,Tristesse,word,subissent,SitEmo
PtitLibe,pas juste,Montrée,Colère,word,juste,SitEmo
PtitLibe,pas juste,Montrée,Tristesse,word,juste,SitEmo
PtitLibe,!,Montrée,Colère,punctuation,!,SitEmo
PtitLibe,!,Montrée,Tristesse,punctuation,!,SitEmo
PtitLibe,réduites au silence,Suggérée,Colère,word,réduites,SitEmo
PtitLibe,réduites au silence,Suggérée,Tristesse,word,réduites,SitEmo
PtitLibe,réduites au silence,Suggérée,Colère,word,silence,SitEmo
PtitLibe,réduites au silence,Suggérée,Tristesse,word,silence,SitEmo
PtitLibe,pas juste,Montrée,Colère,word,juste,SitEmo
PtitLibe,pas juste,Montrée,Tristesse,word,juste,SitEmo
PtitLibe,!,Montrée,Colère,punctuation,!,SitEmo
PtitLibe,!,Montrée,Tristesse,punctuation,!,SitEmo
PtitLibe,se plaindre,Comportementale,Tristesse,word,plaindre,SitEmo
PtitLibe,heureux,Désignée,Joie,word,heureux,SitEmo
PtitLibe,pleurer,Comportementale,Tristesse,word,pleurer,SitEmo
PtitLibe,tristesse,Désignée,Tristesse,word,tristesse,SitEmo
PtitLibe,révolte,Comportementale,Colère,word,révolte,SitEmo
PtitLibe,injustice,Suggérée,Colère,word,injustice,SitEmo
PtitLibe,pleurer,Comportementale,Tristesse,word,pleurer,SitEmo
PtitLibe,pleurer,Comportementale,Tristesse,word,pleurer,SitEmo
PtitLibe,injustice,Suggérée,Colère,word,injustice,SitEmo
PtitLibe,injuste,Suggérée,Colère,word,injuste,SitEmo
PtitLibe,tristesse,Désignée,Tristesse,word,tristesse,SitEmo
PtitLibe,tristesse,Désignée,Tristesse,word,tristesse,SitEmo
PtitLibe,pleure,Comportementale,Tristesse,word,pleure,SitEmo
PtitLibe,pleure,Comportementale,Tristesse,word,pleure,SitEmo
PtitLibe,tristesse,Désignée,Tristesse,word,tristesse,SitEmo
PtitLibe,joie,Désignée,Joie,word,joie,SitEmo
PtitLibe,tristesse,Désignée,Tristesse,word,tristesse,SitEmo
PtitLibe,colère,Désignée,Colère,word,colère,SitEmo
PtitLibe,enthousiasme,Désignée,Joie,word,enthousiasme,SitEmo
PtitLibe,tristesse,Désignée,Tristesse,word,tristesse,SitEmo
PtitLibe,joie,Désignée,Joie,word,joie,SitEmo
PtitLibe,rire,Comportementale,Joie,word,rire,SitEmo
PtitLibe,critiquer,Comportementale,Colère,word,critiquer,SitEmo
PtitLibe,tristesse,Désignée,Tristesse,word,tristesse,SitEmo
PtitLibe,pleure,Comportementale,Tristesse,word,pleure,SitEmo
PtitLibe,mort,Suggérée,Tristesse,word,mort,SitEmo
PtitLibe,pleurer,Comportementale,Tristesse,word,pleurer,SitEmo
PtitLibe,pleurer,Comportementale,Tristesse,word,pleurer,SitEmo
PtitLibe,interdire,Suggérée,Colère,word,interdire,SitEmo
PtitLibe,pleure,Comportementale,Tristesse,word,pleure,SitEmo
PtitLibe,pleurer,Comportementale,Joie,word,pleurer,SitEmo
PtitLibe,pleurer,Comportementale,Joie,word,pleurer,SitEmo
PtitLibe,empêchés;interdits,Suggérée,Colère,word,empêchés,SitEmo
PtitLibe,empêchés;interdits,Suggérée,Colère,word,interdits,SitEmo
PtitLibe,empêchés;interdits,Suggérée,Colère,punctuation,;,SitEmo
PtitLibe,larmes,Comportementale,Tristesse,word,larmes,SitEmo
PtitLibe,larmes,Comportementale,Tristesse,word,larmes,SitEmo
PtitLibe,larmes,Comportementale,Tristesse,word,larmes,SitEmo
PtitLibe,pleure,Comportementale,Tristesse,word,pleure,SitEmo
PtitLibe,pleurer,Comportementale,Tristesse,word,pleurer,SitEmo
PtitLibe,larmes,Comportementale,Tristesse,word,larmes,SitEmo
PtitLibe,bonheur,Désignée,Joie,word,bonheur,SitEmo
PtitLibe,amusant,Désignée,Joie,word,amusant,SitEmo
PtitLibe,folâtre,Désignée,Joie,word,folâtre,SitEmo
PtitLibe,gaie,Désignée,Joie,word,gaie,SitEmo
PtitLibe,amusante,Désignée,Joie,word,amusante,SitEmo
PtitLibe,amuse,Désignée,Joie,word,amuse,SitEmo
PtitLibe,peur,Désignée,Peur,word,peur,SitEmo
PtitLibe,paranoïa,Désignée,Peur,word,paranoïa,SitEmo
PtitLibe,panique,Désignée,Peur,word,panique,SitEmo
PtitLibe,fake news,Suggérée,Colère,word,fake,SitEmo
PtitLibe,fake news,Suggérée,Colère,word,news,SitEmo
PtitLibe,accusé,Comportementale,Colère,word,accusé,SitEmo
PtitLibe,inquiet,Désignée,Peur,word,inquiet,SitEmo
PtitLibe,de mauvaise humeur,Désignée,Colère,word,mauvaise,SitEmo
PtitLibe,de mauvaise humeur,Désignée,Colère,word,humeur,SitEmo
PtitLibe,devenir nos amis,Suggérée,Joie,word,devenir,SitEmo
PtitLibe,devenir nos amis,Suggérée,Joie,word,amis,SitEmo
PtitLibe,!,Montrée,Joie,punctuation,!,SitEmo
PtitLibe,bons côtés,Suggérée,Joie,word,bons,SitEmo
PtitLibe,bons côtés,Suggérée,Joie,word,côtés,SitEmo
PtitLibe,colère,Désignée,Colère,word,colère,SitEmo
PtitLibe,furieux,Désignée,Colère,word,furieux,SitEmo
PtitLibe,colère,Désignée,Colère,word,colère,SitEmo
PtitLibe,protestation,Comportementale,Colère,word,protestation,SitEmo
PtitLibe,Malheureusement,Désignée,Tristesse,word,malheureusement,SitEmo
PtitLibe,mortes,Suggérée,Tristesse,word,mortes,SitEmo
PtitLibe,mécontentement,Désignée,Colère,word,mécontentement,SitEmo
PtitLibe,obligés;dépenser trop,Suggérée,Peur,word,obligés,SitEmo
PtitLibe,obligés;dépenser trop,Suggérée,Peur,word,dépenser,SitEmo
PtitLibe,obligés;dépenser trop,Suggérée,Peur,punctuation,;,SitEmo
PtitLibe,bloqué des routes,Comportementale,Colère,word,bloqué,SitEmo
PtitLibe,bloqué des routes,Comportementale,Colère,word,routes,SitEmo
PtitLibe,craignent,Désignée,Peur,word,craignent,SitEmo
PtitLibe,blessés,Suggérée,Tristesse,word,blessés,SitEmo
PtitLibe,ne suffit pas,Suggérée,Colère,word,suffit,SitEmo
PtitLibe,bloquer des routes,Comportementale,Colère,word,bloquer,SitEmo
PtitLibe,bloquer des routes,Comportementale,Colère,word,routes,SitEmo
PtitLibe,dangereuses,Désignée,Peur,word,dangereuses,SitEmo
PtitLibe,dangereuses,Désignée,Peur,word,dangereuses,SitEmo
PtitLibe,malade,Suggérée,Peur,word,malade,SitEmo
PtitLibe,dangereux,Désignée,Peur,word,dangereux,SitEmo
PtitLibe,…,Montrée,Surprise,punctuation,…,SitEmo
PtitLibe,!,Montrée,Surprise,punctuation,!,SitEmo
PtitLibe,folle,Suggérée,Surprise,word,folle,SitEmo
PtitLibe,faire rouler une voiture avec des betteraves,Suggérée,Surprise,word,rouler,SitEmo
PtitLibe,faire rouler une voiture avec des betteraves,Suggérée,Surprise,word,voiture,SitEmo
PtitLibe,faire rouler une voiture avec des betteraves,Suggérée,Surprise,word,betteraves,SitEmo
PtitLibe,colère,Désignée,Colère,word,colère,SitEmo
PtitLibe,augmentation du prix,Suggérée,Colère,word,augmentation,SitEmo
PtitLibe,augmentation du prix,Suggérée,Colère,word,prix,SitEmo
PtitLibe,bloquant les routes,Comportementale,Colère,word,bloquant,SitEmo
PtitLibe,bloquant les routes,Comportementale,Colère,word,routes,SitEmo
PtitLibe,contestent,Comportementale,Colère,word,contestent,SitEmo
PtitLibe,vraiment,Montrée,Peur,word,vraiment,SitEmo
PtitLibe,inquiet,Désignée,Peur,word,inquiet,SitEmo
PtitLibe,peur,Désignée,Peur,word,peur,SitEmo
PtitLibe,soupire,Comportementale,Peur,word,soupire,SitEmo
PtitLibe,soupire,Comportementale,Tristesse,word,soupire,SitEmo
PtitLibe,menacent,Désignée,Peur,word,menacent,SitEmo
PtitLibe,colère,Désignée,Colère,word,colère,SitEmo
PtitLibe,meurent,Suggérée,Colère,word,meurent,SitEmo
PtitLibe,dangereux,Désignée,Peur,word,dangereux,SitEmo
PtitLibe,disparu,Suggérée,Peur,word,disparu,SitEmo
PtitLibe,bon souvenir,Suggérée,Joie,word,bon,SitEmo
PtitLibe,bon souvenir,Suggérée,Joie,word,souvenir,SitEmo
PtitLibe,admire,Désignée,Admiration,word,admire,SitEmo
PtitLibe,dangers,Désignée,Peur,word,dangers,SitEmo
PtitLibe,tourne+à l’envers,Suggérée,Peur,word,tourne,SitEmo
PtitLibe,tourne+à l’envers,Suggérée,Peur,word,envers,SitEmo
PtitLibe,victoire,Suggérée,Joie,word,victoire,SitEmo
PtitLibe,effraie,Désignée,Peur,word,effraie,SitEmo
PtitLibe,peur,Désignée,Peur,word,peur,SitEmo
PtitLibe,!,Montrée,Surprise,punctuation,!,SitEmo
PtitLibe,surprise,Désignée,Surprise,word,surprise,SitEmo
PtitLibe,surprise,Désignée,Joie,word,surprise,SitEmo
PtitLibe,enferment,Suggérée,Colère,word,enferment,SitEmo
PtitLibe,critiqués,Comportementale,Colère,word,critiqués,SitEmo
PtitLibe,terrible,Désignée,Peur,word,terrible,SitEmo
PtitLibe,terrible,Désignée,Tristesse,word,terrible,SitEmo
PtitLibe,inquiétant,Désignée,Peur,word,inquiétant,SitEmo
PtitLibe,jamais;disparu,Suggérée,Peur,word,disparu,SitEmo
PtitLibe,jamais;disparu,Suggérée,Peur,punctuation,;,SitEmo
PtitLibe,s’alarme,Comportementale,Peur,word,alarme,SitEmo
PtitLibe,menacé,Désignée,Peur,word,menacé,SitEmo
PtitLibe,pourtant,Montrée,Surprise,word,pourtant,SitEmo
PtitLibe,pourtant,Montrée,Tristesse,word,pourtant,SitEmo
PtitLibe,perdu,Suggérée,Peur,word,perdu,SitEmo
PtitLibe,perdu,Suggérée,Tristesse,word,perdu,SitEmo
PtitLibe,effondrement,Suggérée,Tristesse,word,effondrement,SitEmo
PtitLibe,tué,Suggérée,Tristesse,word,tué,SitEmo
PtitLibe,effondrement;s’accélère,Suggérée,Tristesse,word,effondrement,SitEmo
PtitLibe,effondrement;s’accélère,Suggérée,Peur,word,effondrement,SitEmo
PtitLibe,effondrement;s’accélère,Suggérée,Tristesse,word,accélère,SitEmo
PtitLibe,effondrement;s’accélère,Suggérée,Peur,word,accélère,SitEmo
PtitLibe,effondrement;s’accélère,Suggérée,Tristesse,punctuation,;,SitEmo
PtitLibe,effondrement;s’accélère,Suggérée,Peur,punctuation,;,SitEmo
PtitLibe,détruit,Suggérée,Tristesse,word,détruit,SitEmo
PtitLibe,!,Montrée,Surprise,punctuation,!,SitEmo
PtitLibe,!,Montrée,Tristesse,punctuation,!,SitEmo
PtitLibe,disparues,Suggérée,Surprise,word,disparues,SitEmo
PtitLibe,disparues,Suggérée,Tristesse,word,disparues,SitEmo
PtitLibe,terrible,Désignée,Peur,word,terrible,SitEmo
PtitLibe,terrible,Désignée,Tristesse,word,terrible,SitEmo
PtitLibe,tué,Suggérée,Colère,word,tué,SitEmo
PtitLibe,!,Montrée,Colère,punctuation,!,SitEmo
PtitLibe,s’indigne,Comportementale,Colère,word,indigne,SitEmo
PtitLibe,terrible,Désignée,Peur,word,terrible,SitEmo
PtitLibe,terrible,Désignée,Tristesse,word,terrible,SitEmo
PtitLibe,disparu,Suggérée,Peur,word,disparu,SitEmo
PtitLibe,disparu,Suggérée,Tristesse,word,disparu,SitEmo
PtitLibe,grave,Suggérée,Peur,word,grave,SitEmo
PtitLibe,grave,Suggérée,Tristesse,word,grave,SitEmo
PtitLibe,menace,Désignée,Peur,word,menace,SitEmo
PtitLibe,contents,Désignée,Joie,word,contents,SitEmo
PtitLibe,peur,Désignée,Peur,word,peur,SitEmo
PtitLibe,s’amuse,Comportementale,Joie,word,amuse,SitEmo
PtitLibe,dangereux,Désignée,Peur,word,dangereux,SitEmo
PtitLibe,pas+juste,Suggérée,Colère,word,juste,SitEmo
PtitLibe,bonne ambiance,Suggérée,Joie,word,bonne,SitEmo
PtitLibe,bonne ambiance,Suggérée,Joie,word,ambiance,SitEmo
PtitLibe,rigolé,Comportementale,Joie,word,rigolé,SitEmo
PtitLibe,!,Montrée,Joie,punctuation,!,SitEmo
PtitLibe,mécontents,Désignée,Colère,word,mécontents,SitEmo
PtitLibe,manifester,Comportementale,Colère,word,manifester,SitEmo
PtitLibe,injustice,Suggérée,Colère,word,injustice,SitEmo
PtitLibe,mécontentement,Désignée,Colère,word,mécontentement,SitEmo
PtitLibe,responsables;difficultés,Suggérée,Colère,word,responsables,SitEmo
PtitLibe,responsables;difficultés,Suggérée,Colère,word,difficultés,SitEmo
PtitLibe,responsables;difficultés,Suggérée,Colère,punctuation,;,SitEmo
PtitLibe,dénoncent,Comportementale,Colère,word,dénoncent,SitEmo
PtitLibe,inégalités,Suggérée,Colère,word,inégalités,SitEmo
PtitLibe,à cause de;augmentation des taxes,Suggérée,Colère,word,cause,SitEmo
PtitLibe,à cause de;augmentation des taxes,Suggérée,Colère,word,augmentation,SitEmo
PtitLibe,à cause de;augmentation des taxes,Suggérée,Colère,word,taxes,SitEmo
PtitLibe,à cause de;augmentation des taxes,Suggérée,Colère,punctuation,;,SitEmo
PtitLibe,augmenter les dépenses,Suggérée,Colère,word,augmenter,SitEmo
PtitLibe,augmenter les dépenses,Suggérée,Colère,word,dépenses,SitEmo
PtitLibe,l’Etat leur prend leur argent,Suggérée,Colère,word,etat,SitEmo
PtitLibe,l’Etat leur prend leur argent,Suggérée,Colère,word,prend,SitEmo
PtitLibe,l’Etat leur prend leur argent,Suggérée,Colère,word,argent,SitEmo
PtitLibe,accusent,Comportementale,Colère,word,accusent,SitEmo
PtitLibe,colère,Désignée,Colère,word,colère,SitEmo
PtitLibe,manifestations,Comportementale,Colère,word,manifestations,SitEmo
PtitLibe,violences,Suggérée,Peur,word,violences,SitEmo
PtitLibe,ça suffit,Suggérée,Colère,word,suffit,SitEmo
PtitLibe,inquiète,Désignée,Peur,word,inquiète,SitEmo
PtitLibe,mal passé,Suggérée,Peur,word,passé,SitEmo
PtitLibe,inquiets,Désignée,Peur,word,inquiets,SitEmo
PtitLibe,ne suffit pas,Suggérée,Colère,word,suffit,SitEmo
PtitLibe,colère,Désignée,Colère,word,colère,SitEmo
PtitLibe,plus assez d’argent,Suggérée,Colère,word,assez,SitEmo
PtitLibe,plus assez d’argent,Suggérée,Tristesse,word,assez,SitEmo
PtitLibe,plus assez d’argent,Suggérée,Colère,word,argent,SitEmo
PtitLibe,plus assez d’argent,Suggérée,Tristesse,word,argent,SitEmo
PtitLibe,violence,Suggérée,Peur,word,violence,SitEmo
PtitLibe,blessés,Suggérée,Peur,word,blessés,SitEmo
PtitLibe,endommagés,Suggérée,Peur,word,endommagés,SitEmo
PtitLibe,brûlées;détruites;dévalisées,Suggérée,Peur,word,brûlées,SitEmo
PtitLibe,brûlées;détruites;dévalisées,Suggérée,Peur,word,détruites,SitEmo
PtitLibe,brûlées;détruites;dévalisées,Suggérée,Peur,word,dévalisées,SitEmo
PtitLibe,brûlées;détruites;dévalisées,Suggérée,Peur,punctuation,;,SitEmo
PtitLibe,brûlées;détruites;dévalisées,Suggérée,Peur,punctuation,;,SitEmo
PtitLibe,bon enfant,Désignée,Joie,word,bon,SitEmo
PtitLibe,bon enfant,Désignée,Joie,word,enfant,SitEmo
PtitLibe,ne pas réagir,Suggérée,Colère,word,réagir,SitEmo
PtitLibe,Accusé,Comportementale,Colère,word,accusé,SitEmo
PtitLibe,craignent,Désignée,Peur,word,craignent,SitEmo
PtitLibe,"bloquer des routes, des péages",Comportementale,Colère,word,bloquer,SitEmo
PtitLibe,"bloquer des routes, des péages",Comportementale,Colère,word,routes,SitEmo
PtitLibe,"bloquer des routes, des péages",Comportementale,Colère,word,péages,SitEmo
PtitLibe,"bloquer des routes, des péages",Comportementale,Colère,punctuation,",",SitEmo
PtitLibe,occuper des ronds-points,Comportementale,Colère,word,occuper,SitEmo
PtitLibe,occuper des ronds-points,Comportementale,Colère,word,ronds-points,SitEmo
PtitLibe,occuper des ronds-points,Comportementale,Colère,punctuation,-,SitEmo
PtitLibe,se méfient,Comportementale,Peur,word,méfient,SitEmo
PtitLibe,colère,Désignée,Colère,word,colère,SitEmo
PtitLibe,mécontentement,Désignée,Colère,word,mécontentement,SitEmo
PtitLibe,manifester,Comportementale,Colère,word,manifester,SitEmo
PtitLibe,contents,Désignée,Joie,word,contents,SitEmo
PtitLibe,manifestations,Comportementale,Colère,word,manifestations,SitEmo
PtitLibe,faire grève,Comportementale,Colère,word,grève,SitEmo
PtitLibe,arrêter de travailler,Comportementale,Colère,word,arrêter,SitEmo
PtitLibe,arrêter de travailler,Comportementale,Colère,word,travailler,SitEmo
PtitLibe,manifesté,Comportementale,Colère,word,manifesté,SitEmo
PtitLibe,manifestations,Comportementale,Colère,word,manifestations,SitEmo
PtitLibe,défilé dans la rue,Comportementale,Colère,word,défilé,SitEmo
PtitLibe,défilé dans la rue,Comportementale,Colère,word,rue,SitEmo
PtitLibe,manifestent,Comportementale,Colère,word,manifestent,SitEmo
PtitLibe,injustes,Suggérée,Colère,word,injustes,SitEmo
PtitLibe,bloquent des routes,Comportementale,Colère,word,bloquent,SitEmo
PtitLibe,bloquent des routes,Comportementale,Colère,word,routes,SitEmo
PtitLibe,violences,Comportementale,Colère,word,violences,SitEmo
PtitLibe,armé;couteau;arme à feu;attaqué,Suggérée,Peur,word,armé,SitEmo
PtitLibe,armé;couteau;arme à feu;attaqué,Suggérée,Peur,word,couteau,SitEmo
PtitLibe,armé;couteau;arme à feu;attaqué,Suggérée,Peur,word,arme,SitEmo
PtitLibe,armé;couteau;arme à feu;attaqué,Suggérée,Peur,word,feu,SitEmo
PtitLibe,armé;couteau;arme à feu;attaqué,Suggérée,Peur,word,attaqué,SitEmo
PtitLibe,armé;couteau;arme à feu;attaqué,Suggérée,Peur,punctuation,;,SitEmo
PtitLibe,armé;couteau;arme à feu;attaqué,Suggérée,Peur,punctuation,;,SitEmo
PtitLibe,armé;couteau;arme à feu;attaqué,Suggérée,Peur,punctuation,;,SitEmo
PtitLibe,s'enfuir,Comportementale,Peur,word,s'enfuir,SitEmo
PtitLibe,s'enfuir,Comportementale,Peur,punctuation,',SitEmo
PtitLibe,attaquer,Suggérée,Peur,word,attaquer,SitEmo
PtitLibe,dangereux,Désignée,Peur,word,dangereux,SitEmo
PtitLibe,terreur,Désignée,Peur,word,terreur,SitEmo
PtitLibe,attaqué,Suggérée,Peur,word,attaqué,SitEmo
PtitLibe,violentes,Suggérée,Peur,word,violentes,SitEmo
PtitLibe,grave,Suggérée,Peur,word,grave,SitEmo
PtitLibe,grave,Suggérée,Tristesse,word,grave,SitEmo
PtitLibe,dangereux,Désignée,Peur,word,dangereux,SitEmo
PtitLibe,rendre hommage,Suggérée,Tristesse,word,rendre,SitEmo
PtitLibe,rendre hommage,Suggérée,Tristesse,word,hommage,SitEmo
PtitLibe,tristes,Désignée,Tristesse,word,tristes,SitEmo
PtitLibe,mesures de sécurité+renforcées,Suggérée,Peur,word,mesures,SitEmo
PtitLibe,mesures de sécurité+renforcées,Suggérée,Peur,word,sécurité,SitEmo
PtitLibe,mesures de sécurité+renforcées,Suggérée,Peur,word,renforcées,SitEmo
PtitLibe,choquées,Désignée,Surprise,word,choquées,SitEmo
PtitLibe,choquées,Désignée,Peur,word,choquées,SitEmo
PtitLibe,déposé des bougies et des pétales de roses,Comportementale,Tristesse,word,déposé,SitEmo
PtitLibe,déposé des bougies et des pétales de roses,Comportementale,Tristesse,word,bougies,SitEmo
PtitLibe,déposé des bougies et des pétales de roses,Comportementale,Tristesse,word,pétales,SitEmo
PtitLibe,déposé des bougies et des pétales de roses,Comportementale,Tristesse,word,roses,SitEmo
PtitLibe,terrorisme,Suggérée,Peur,word,terrorisme,SitEmo
PtitLibe,protéger,Suggérée,Peur,word,protéger,SitEmo
PtitLibe,grave,Suggérée,Peur,word,grave,SitEmo
PtitLibe,grave,Suggérée,Tristesse,word,grave,SitEmo
PtitLibe,peur,Désignée,Peur,word,peur,SitEmo
PtitLibe,inquiètent,Désignée,Peur,word,inquiètent,SitEmo
PtitLibe,armé;tué;blessé,Suggérée,Peur,word,armé,SitEmo
PtitLibe,armé;tué;blessé,Suggérée,Tristesse,word,armé,SitEmo
PtitLibe,armé;tué;blessé,Suggérée,Peur,word,tué,SitEmo
PtitLibe,armé;tué;blessé,Suggérée,Tristesse,word,tué,SitEmo
PtitLibe,armé;tué;blessé,Suggérée,Peur,word,blessé,SitEmo
PtitLibe,armé;tué;blessé,Suggérée,Tristesse,word,blessé,SitEmo
PtitLibe,armé;tué;blessé,Suggérée,Peur,punctuation,;,SitEmo
PtitLibe,armé;tué;blessé,Suggérée,Tristesse,punctuation,;,SitEmo
PtitLibe,armé;tué;blessé,Suggérée,Peur,punctuation,;,SitEmo
PtitLibe,armé;tué;blessé,Suggérée,Tristesse,punctuation,;,SitEmo
PtitLibe,magique,Désignée,Surprise,word,magique,SitEmo
PtitLibe,surprendre,Désignée,Surprise,word,surprendre,SitEmo
PtitLibe,contents,Désignée,Joie,word,contents,SitEmo
PtitLibe,s’émerveiller,Désignée,Admiration,word,émerveiller,SitEmo
PtitLibe,!,Montrée,Joie,punctuation,!,SitEmo
PtitLibe,fière,Désignée,Fierté,word,fière,SitEmo
PtitLibe,m’amuser,Comportementale,Joie,word,amuser,SitEmo
PtitLibe,fier,Désignée,Fierté,word,fier,SitEmo
PtitLibe,danger,Désignée,Peur,word,danger,SitEmo
PtitLibe,amusant,Désignée,Joie,word,amusant,SitEmo
PtitLibe,plaisir,Désignée,Joie,word,plaisir,SitEmo
PtitLibe,s’amuser,Comportementale,Joie,word,amuser,SitEmo
PtitLibe,!,Montrée,Joie,punctuation,!,SitEmo
PtitLibe,!,Montrée,Joie,punctuation,!,SitEmo
PtitLibe,malice,Comportementale,Joie,word,malice,SitEmo
PtitLibe,Jusqu’à,Montrée,Surprise,word,jusqu,SitEmo
PtitLibe,!,Montrée,Surprise,punctuation,!,SitEmo
PtitLibe,réussi,Suggérée,Joie,word,réussi,SitEmo
PtitLibe,réussi,Suggérée,Fierté,word,réussi,SitEmo
PtitLibe,triste,Désignée,Tristesse,word,triste,SitEmo
PtitLibe,jusqu’à,Montrée,Surprise,word,jusqu,SitEmo
PtitLibe,!,Montrée,Surprise,punctuation,!,SitEmo
PtitLibe,riait,Comportementale,Joie,word,riait,SitEmo
PtitLibe,…,Montrée,Surprise,punctuation,…,SitEmo
PtitLibe,!,Montrée,Surprise,punctuation,!,SitEmo
PtitLibe,rire,Comportementale,Joie,word,rire,SitEmo
PtitLibe,magique,Désignée,Surprise,word,magique,SitEmo
PtitLibe,blagues,Désignée,Joie,word,blagues,SitEmo
PtitLibe,rigolo,Désignée,Joie,word,rigolo,SitEmo
PtitLibe,regrette,Désignée,Tristesse,word,regrette,SitEmo
PtitLibe,…,Montrée,Surprise,punctuation,…,SitEmo
PtitLibe,!,Montrée,Surprise,punctuation,!,SitEmo
PtitLibe,écrasent,Suggérée,Tristesse,word,écrasent,SitEmo
PtitLibe,peur,Désignée,Peur,word,peur,SitEmo
PtitLibe,effrayants,Désignée,Peur,word,effrayants,SitEmo
PtitLibe,plaisir,Désignée,Joie,word,plaisir,SitEmo
PtitLibe,peur,Désignée,Peur,word,peur,SitEmo
PtitLibe,terrifiants,Désignée,Peur,word,terrifiants,SitEmo
PtitLibe,heureusement,Désignée,Joie,word,heureusement,SitEmo
PtitLibe,risque,Désignée,Peur,word,risque,SitEmo
PtitLibe,fans,Désignée,Fierté,word,fans,SitEmo
PtitLibe,mystérieux,Suggérée,Peur,word,mystérieux,SitEmo
PtitLibe,envahissent;tuer,Suggérée,Peur,word,envahissent,SitEmo
PtitLibe,envahissent;tuer,Suggérée,Peur,word,tuer,SitEmo
PtitLibe,envahissent;tuer,Suggérée,Peur,punctuation,;,SitEmo
PtitLibe,peur,Désignée,Peur,word,peur,SitEmo
PtitLibe,rigolote,Désignée,Joie,word,rigolote,SitEmo
PtitLibe,marrantes,Désignée,Joie,word,marrantes,SitEmo
PtitLibe,plaisir,Désignée,Joie,word,plaisir,SitEmo
PtitLibe,…,Montrée,Surprise,punctuation,…,SitEmo
PtitLibe,!,Montrée,Surprise,punctuation,!,SitEmo
PtitLibe,juste,Montrée,Surprise,word,juste,SitEmo
PtitLibe,juste,Montrée,Joie,word,juste,SitEmo
PtitLibe,!,Montrée,Surprise,punctuation,!,SitEmo
PtitLibe,!,Montrée,Joie,punctuation,!,SitEmo
PtitLibe,surpris,Désignée,Surprise,word,surpris,SitEmo
PtitLibe,ébahi,Désignée,Surprise,word,ébahi,SitEmo
PtitLibe,mystérieux,Suggérée,Surprise,word,mystérieux,SitEmo
PtitLibe,mystérieux,Suggérée,Peur,word,mystérieux,SitEmo
PtitLibe,étranges,Désignée,Surprise,word,étranges,SitEmo
PtitLibe,menti,Suggérée,Colère,word,menti,SitEmo
PtitLibe,accusé,Comportementale,Colère,word,accusé,SitEmo
PtitLibe,rigolant,Comportementale,Joie,word,rigolant,SitEmo
PtitLibe,étonnant,Désignée,Surprise,word,étonnant,SitEmo
PtitLibe,exceptionnelle,Désignée,Surprise,word,exceptionnelle,SitEmo
PtitLibe,dangereux,Désignée,Peur,word,dangereux,SitEmo
PtitLibe,graves,Suggérée,Tristesse,word,graves,SitEmo
PtitLibe,graves,Suggérée,Peur,word,graves,SitEmo
PtitLibe,lutté contre leur homosexualité,Comportementale,Embarras,word,lutté,SitEmo
PtitLibe,lutté contre leur homosexualité,Comportementale,Tristesse,word,lutté,SitEmo
PtitLibe,lutté contre leur homosexualité,Comportementale,Embarras,word,contre,SitEmo
PtitLibe,lutté contre leur homosexualité,Comportementale,Tristesse,word,contre,SitEmo
PtitLibe,lutté contre leur homosexualité,Comportementale,Embarras,word,homosexualité,SitEmo
PtitLibe,lutté contre leur homosexualité,Comportementale,Tristesse,word,homosexualité,SitEmo
PtitLibe,honte,Désignée,Embarras,word,honte,SitEmo
PtitLibe,victime,Suggérée,Tristesse,word,victime,SitEmo
PtitLibe,victime,Suggérée,Embarras,word,victime,SitEmo
PtitLibe,insultes,Désignée,Embarras,word,insultes,SitEmo
PtitLibe,peur,Désignée,Peur,word,peur,SitEmo
PtitLibe,moqué,Suggérée,Embarras,word,moqué,SitEmo
PtitLibe,insulté,Désignée,Embarras,word,insulté,SitEmo
PtitLibe,frappé,Suggérée,Peur,word,frappé,SitEmo
PtitLibe,faute,Désignée,Culpabilité,word,faute,SitEmo
PtitLibe,insulter,Désignée,Embarras,word,insulter,SitEmo
PtitLibe,discriminer,Suggérée,Embarras,word,discriminer,SitEmo
PtitLibe,discriminer,Suggérée,Tristesse,word,discriminer,SitEmo
PtitLibe,frapper,Suggérée,Peur,word,frapper,SitEmo
PtitLibe,gêné,Désignée,Embarras,word,gêné,SitEmo
PtitLibe,embête,Désignée,Tristesse,word,embête,SitEmo
PtitLibe,insulte,Désignée,Embarras,word,insulte,SitEmo
PtitLibe,moins confiance,Suggérée,Tristesse,word,confiance,SitEmo
PtitLibe,moins confiance,Suggérée,Embarras,word,confiance,SitEmo
PtitLibe,pas accepté,Suggérée,Embarras,word,accepté,SitEmo
PtitLibe,agressions,Suggérée,Peur,word,agressions,SitEmo
PtitLibe,rejetées,Suggérée,Tristesse,word,rejetées,SitEmo
PtitLibe,riant,Comportementale,Joie,word,riant,SitEmo
PtitLibe,honte,Désignée,Embarras,word,honte,SitEmo
PtitLibe,insulte,Comportementale,Embarras,word,insulte,SitEmo
PtitLibe,grave,Suggérée,Peur,word,grave,SitEmo
PtitLibe,grave,Suggérée,Tristesse,word,grave,SitEmo
PtitLibe,mal vécue,Suggérée,Tristesse,word,vécue,SitEmo
PtitLibe,mal vécue,Suggérée,Embarras,word,vécue,SitEmo
PtitLibe,embête,Comportementale,Embarras,word,embête,SitEmo
PtitLibe,insultes,Désignée,Embarras,word,insultes,SitEmo
PtitLibe,peur,Désignée,Peur,word,peur,SitEmo
PtitLibe,blessants,Désignée,Tristesse,word,blessants,SitEmo
PtitLibe,dévalorisant,Désignée,Embarras,word,dévalorisant,SitEmo
PtitLibe,rabaisser,Désignée,Embarras,word,rabaisser,SitEmo
PtitLibe,négatives,Suggérée,Tristesse,word,négatives,SitEmo
PtitLibe,négatives,Suggérée,Embarras,word,négatives,SitEmo
PtitLibe,difficile à supporter,Suggérée,Tristesse,word,difficile,SitEmo
PtitLibe,difficile à supporter,Suggérée,Embarras,word,difficile,SitEmo
PtitLibe,difficile à supporter,Suggérée,Tristesse,word,supporter,SitEmo
PtitLibe,difficile à supporter,Suggérée,Embarras,word,supporter,SitEmo
PtitLibe,insultes,Désignée,Embarras,word,insultes,SitEmo
PtitLibe,insultes,Désignée,Embarras,word,insultes,SitEmo
PtitLibe,mauvaises,Suggérée,Tristesse,word,mauvaises,SitEmo
PtitLibe,mauvaises,Suggérée,Embarras,word,mauvaises,SitEmo
PtitLibe,mauvais;sale,Suggérée,Tristesse,word,mauvais,SitEmo
PtitLibe,mauvais;sale,Suggérée,Embarras,word,mauvais,SitEmo
PtitLibe,mauvais;sale,Suggérée,Tristesse,word,sale,SitEmo
PtitLibe,mauvais;sale,Suggérée,Embarras,word,sale,SitEmo
PtitLibe,mauvais;sale,Suggérée,Tristesse,punctuation,;,SitEmo
PtitLibe,mauvais;sale,Suggérée,Embarras,punctuation,;,SitEmo
PtitLibe,insultes,Désignée,Embarras,word,insultes,SitEmo
PtitLibe,terrible,Désignée,Tristesse,word,terrible,SitEmo
PtitLibe,terrible,Désignée,Embarras,word,terrible,SitEmo
PtitLibe,gêné,Désignée,Embarras,word,gêné,SitEmo
PtitLibe,bêtise,Suggérée,Embarras,word,bêtise,SitEmo
PtitLibe,insultes,Désignée,Embarras,word,insultes,SitEmo
PtitLibe,difficile,Suggérée,Tristesse,word,difficile,SitEmo
PtitLibe,chasser+de mon esprit,Comportementale,Tristesse,word,chasser,SitEmo
PtitLibe,chasser+de mon esprit,Comportementale,Embarras,word,chasser,SitEmo
PtitLibe,chasser+de mon esprit,Comportementale,Tristesse,word,esprit,SitEmo
PtitLibe,chasser+de mon esprit,Comportementale,Embarras,word,esprit,SitEmo
PtitLibe,PD,Suggérée,Embarras,word,pd,SitEmo
PtitLibe,en étais la cible,Suggérée,Tristesse,word,cible,SitEmo
PtitLibe,en étais la cible,Suggérée,Embarras,word,cible,SitEmo
PtitLibe,dur,Suggérée,Tristesse,word,dur,SitEmo
PtitLibe,dur,Suggérée,Embarras,word,dur,SitEmo
PtitLibe,devoir avouer,Suggérée,Embarras,word,avouer,SitEmo
PtitLibe,insultes,Désignée,Embarras,word,insultes,SitEmo
PtitLibe,traité,Désignée,Embarras,word,traité,SitEmo
PtitLibe,souffert,Désignée,Tristesse,word,souffert,SitEmo
PtitLibe,ferait du mal,Désignée,Tristesse,word,ferait,SitEmo
PtitLibe,Pas facile à entendre,Suggérée,Embarras,word,facile,SitEmo
PtitLibe,Pas facile à entendre,Suggérée,Tristesse,word,facile,SitEmo
PtitLibe,Pas facile à entendre,Suggérée,Embarras,word,entendre,SitEmo
PtitLibe,Pas facile à entendre,Suggérée,Tristesse,word,entendre,SitEmo
PtitLibe,négatives,Suggérée,Embarras,word,négatives,SitEmo
PtitLibe,négatives,Suggérée,Tristesse,word,négatives,SitEmo
PtitLibe,se sent bien,Suggérée,Joie,word,sent,SitEmo
PtitLibe,insultées,Désignée,Embarras,word,insultées,SitEmo
PtitLibe,agressées,Suggérée,Peur,word,agressées,SitEmo
PtitLibe,inquiets,Désignée,Peur,word,inquiets,SitEmo
PtitLibe,honte,Désignée,Embarras,word,honte,SitEmo
PtitLibe,agressées;coups,Suggérée,Peur,word,agressées,SitEmo
PtitLibe,agressées;coups,Suggérée,Peur,word,coups,SitEmo
PtitLibe,agressées;coups,Suggérée,Peur,punctuation,;,SitEmo
PtitLibe,victimes;agressions,Suggérée,Peur,word,victimes,SitEmo
PtitLibe,victimes;agressions,Suggérée,Peur,word,agressions,SitEmo
PtitLibe,victimes;agressions,Suggérée,Peur,punctuation,;,SitEmo
PtitLibe,dénoncées,Comportementale,Colère,word,dénoncées,SitEmo
PtitLibe,agressées,Suggérée,Peur,word,agressées,SitEmo
PtitLibe,agressées,Suggérée,Tristesse,word,agressées,SitEmo
PtitLibe,peur,Désignée,Peur,word,peur,SitEmo
PtitLibe,peur,Désignée,Peur,word,peur,SitEmo
PtitLibe,rejette,Comportementale,Peur,word,rejette,SitEmo
PtitLibe,peur,Désignée,Peur,word,peur,SitEmo
PtitLibe,rejet,Comportementale,Peur,word,rejet,SitEmo
PtitLibe,insultes,Comportementale,Peur,word,insultes,SitEmo
PtitLibe,agression,Comportementale,Peur,word,agression,SitEmo
PtitLibe,meurtre,Comportementale,Peur,word,meurtre,SitEmo
PtitLibe,drôle,Désignée,Joie,word,drôle,SitEmo
PtitLibe,insultes,Désignée,Embarras,word,insultes,SitEmo
PtitLibe,blessent,Désignée,Tristesse,word,blessent,SitEmo
PtitLibe,grave,Suggérée,Peur,word,grave,SitEmo
PtitLibe,peur,Désignée,Peur,word,peur,SitEmo
PtitLibe,rejette,Suggérée,Tristesse,word,rejette,SitEmo
PtitLibe,heureusement,Désignée,Joie,word,heureusement,SitEmo
PtitLibe,difficile,Suggérée,Tristesse,word,difficile,SitEmo
PtitLibe,difficile,Suggérée,Embarras,word,difficile,SitEmo
PtitLibe,dur,Suggérée,Tristesse,word,dur,SitEmo
PtitLibe,victime,Suggérée,Tristesse,word,victime,SitEmo
PtitLibe,victime,Suggérée,Embarras,word,victime,SitEmo
PtitLibe,blagues,Désignée,Joie,word,blagues,SitEmo
PtitLibe,insulte,Désignée,Embarras,word,insulte,SitEmo
PtitLibe,victimes,Suggérée,Peur,word,victimes,SitEmo
PtitLibe,victimes,Suggérée,Tristesse,word,victimes,SitEmo
PtitLibe,difficile,Suggérée,Tristesse,word,difficile,SitEmo
PtitLibe,difficile,Suggérée,Embarras,word,difficile,SitEmo
PtitLibe,dur;regard des autres,Suggérée,Tristesse,word,dur,SitEmo
PtitLibe,dur;regard des autres,Suggérée,Embarras,word,dur,SitEmo
PtitLibe,dur;regard des autres,Suggérée,Tristesse,word,regard,SitEmo
PtitLibe,dur;regard des autres,Suggérée,Embarras,word,regard,SitEmo
PtitLibe,dur;regard des autres,Suggérée,Tristesse,punctuation,;,SitEmo
PtitLibe,dur;regard des autres,Suggérée,Embarras,punctuation,;,SitEmo
PtitLibe,manifestent,Comportementale,Colère,word,manifestent,SitEmo
PtitLibe,colère,Désignée,Colère,word,colère,SitEmo
PtitLibe,bloquent des routes,Comportementale,Colère,word,bloquent,SitEmo
PtitLibe,bloquent des routes,Comportementale,Colère,word,routes,SitEmo
PtitLibe,embêtant,Désignée,Tristesse,word,embêtant,SitEmo
PtitLibe,favoriser les plus riches,Suggérée,Colère,word,favoriser,SitEmo
PtitLibe,favoriser les plus riches,Suggérée,Colère,word,riches,SitEmo
PtitLibe,pas juste,Suggérée,Colère,word,juste,SitEmo
PtitLibe,accusent,Comportementale,Colère,word,accusent,SitEmo
PtitLibe,critiqués,Comportementale,Colère,word,critiqués,SitEmo
PtitLibe,souffrir,Désignée,Tristesse,word,souffrir,SitEmo
PtitLibe,fête foraine,Suggérée,Joie,word,fête,SitEmo
PtitLibe,fête foraine,Suggérée,Joie,word,foraine,SitEmo
PtitLibe,tuer,Suggérée,Tristesse,word,tuer,SitEmo
PtitLibe,a droit;hot-dog;frites;barbe à papa,Suggérée,Joie,word,droit,SitEmo
PtitLibe,a droit;hot-dog;frites;barbe à papa,Suggérée,Joie,word,hot-dog,SitEmo
PtitLibe,a droit;hot-dog;frites;barbe à papa,Suggérée,Joie,word,frites,SitEmo
PtitLibe,a droit;hot-dog;frites;barbe à papa,Suggérée,Joie,word,barbe,SitEmo
PtitLibe,a droit;hot-dog;frites;barbe à papa,Suggérée,Joie,word,papa,SitEmo
PtitLibe,a droit;hot-dog;frites;barbe à papa,Suggérée,Joie,punctuation,;,SitEmo
PtitLibe,a droit;hot-dog;frites;barbe à papa,Suggérée,Joie,punctuation,-,SitEmo
PtitLibe,a droit;hot-dog;frites;barbe à papa,Suggérée,Joie,punctuation,;,SitEmo
PtitLibe,a droit;hot-dog;frites;barbe à papa,Suggérée,Joie,punctuation,;,SitEmo
PtitLibe,!,Montrée,Joie,punctuation,!,SitEmo
PtitLibe,n’aime pas,Suggérée,Dégoût,word,aime,SitEmo
PtitLibe,"ça, il adore",Montrée,Joie,word,adore,SitEmo
PtitLibe,"ça, il adore",Montrée,Joie,punctuation,",",SitEmo
PtitLibe,dommage,Désignée,Tristesse,word,dommage,SitEmo
PtitLibe,du porc dans des bonbons,Suggérée,Surprise,word,porc,SitEmo
PtitLibe,du porc dans des bonbons,Suggérée,Surprise,word,bonbons,SitEmo
PtitLibe,!,Montrée,Surprise,punctuation,!,SitEmo
PtitLibe,!,Montrée,Surprise,punctuation,!,SitEmo
PtitLibe,dégustent des insectes,Suggérée,Surprise,word,dégustent,SitEmo
PtitLibe,dégustent des insectes,Suggérée,Surprise,word,insectes,SitEmo
PtitLibe,!,Montrée,Surprise,punctuation,!,SitEmo
PtitLibe,faire du mal;tuer,Suggérée,Tristesse,word,tuer,SitEmo
PtitLibe,faire du mal;tuer,Suggérée,Colère,word,tuer,SitEmo
PtitLibe,faire du mal;tuer,Suggérée,Tristesse,punctuation,;,SitEmo
PtitLibe,faire du mal;tuer,Suggérée,Colère,punctuation,;,SitEmo
PtitLibe,choqué,Désignée,Surprise,word,choqué,SitEmo
PtitLibe,choqué,Désignée,Tristesse,word,choqué,SitEmo
PtitLibe,souffraient,Désignée,Tristesse,word,souffraient,SitEmo
PtitLibe,maltraiter,Suggérée,Tristesse,word,maltraiter,SitEmo
PtitLibe,méchamment,Suggérée,Tristesse,word,méchamment,SitEmo
PtitLibe,problèmes,Suggérée,Colère,word,problèmes,SitEmo
PtitLibe,dénoncer,Comportementale,Colère,word,dénoncer,SitEmo
PtitLibe,critiqués,Comportementale,Colère,word,critiqués,SitEmo
PtitLibe,souffrir,Désignée,Tristesse,word,souffrir,SitEmo
PtitLibe,souffert,Désignée,Tristesse,word,souffert,SitEmo
PtitLibe,choqué,Désignée,Surprise,word,choqué,SitEmo
PtitLibe,choqué,Désignée,Tristesse,word,choqué,SitEmo
PtitLibe,souffrir,Désignée,Tristesse,word,souffrir,SitEmo
PtitLibe,maltraités,Désignée,Tristesse,word,maltraités,SitEmo
PtitLibe,maltraités,Suggérée,Surprise,word,maltraités,SitEmo
PtitLibe,maltraités,Suggérée,Tristesse,word,maltraités,SitEmo
PtitLibe,critiquent,Comportementale,Colère,word,critiquent,SitEmo
PtitLibe,dégoûtant,Désignée,Dégoût,word,dégoûtant,SitEmo
PtitLibe,satisfaire,Désignée,Joie,word,satisfaire,SitEmo
PtitLibe,plaisir,Désignée,Joie,word,plaisir,SitEmo
PtitLibe,polluerait,Suggérée,Colère,word,polluerait,SitEmo
PtitLibe,manger des insectes,Suggérée,Dégoût,word,manger,SitEmo
PtitLibe,manger des insectes,Suggérée,Dégoût,word,insectes,SitEmo
PtitLibe,encore plus fort,Suggérée,Admiration,word,encore,SitEmo
PtitLibe,encore plus fort,Suggérée,Admiration,word,fort,SitEmo
PtitLibe,!,Montrée,Surprise,punctuation,!,SitEmo
PtitLibe,en faire des biscuits,Suggérée,Surprise,word,biscuits,SitEmo
PtitLibe,impressionner,Désignée,Admiration,word,impressionner,SitEmo
PtitLibe,impressionner,Désignée,Surprise,word,impressionner,SitEmo
PtitLibe,chance,Suggérée,Joie,word,chance,SitEmo
PtitLibe,admirait,Désignée,Admiration,word,admirait,SitEmo
PtitLibe,satisfaire,Désignée,Joie,word,satisfaire,SitEmo
PtitLibe,savoure,Comportementale,Joie,word,savoure,SitEmo
PtitLibe,amusant,Désignée,Joie,word,amusant,SitEmo
PtitLibe,convivial,Suggérée,Joie,word,convivial,SitEmo
PtitLibe,salue,Suggérée,Admiration,word,salue,SitEmo
PtitLibe,bon moment,Suggérée,Joie,word,bon,SitEmo
PtitLibe,bon moment,Suggérée,Joie,word,moment,SitEmo
PtitLibe,gâche,Suggérée,Tristesse,word,gâche,SitEmo
PtitLibe,plaisir,Désignée,Joie,word,plaisir,SitEmo
PtitLibe,plaisir,Désignée,Joie,word,plaisir,SitEmo
PtitLibe,difficiles,Suggérée,Peur,word,difficiles,SitEmo
PtitLibe,impose,Suggérée,Peur,word,impose,SitEmo
PtitLibe,mauvaise,Suggérée,Tristesse,word,mauvaise,SitEmo
PtitLibe,décroché trois étoiles,Suggérée,Joie,word,décroché,SitEmo
PtitLibe,décroché trois étoiles,Suggérée,Fierté,word,décroché,SitEmo
PtitLibe,décroché trois étoiles,Suggérée,Joie,word,trois,SitEmo
PtitLibe,décroché trois étoiles,Suggérée,Fierté,word,trois,SitEmo
PtitLibe,décroché trois étoiles,Suggérée,Joie,word,étoiles,SitEmo
PtitLibe,décroché trois étoiles,Suggérée,Fierté,word,étoiles,SitEmo
PtitLibe,Dur dur,Montrée,Tristesse,word,dur,SitEmo
PtitLibe,Dur dur,Montrée,Tristesse,word,dur,SitEmo
PtitLibe,entrez dans la cour des grands,Suggérée,Fierté,word,entrez,SitEmo
PtitLibe,entrez dans la cour des grands,Suggérée,Joie,word,entrez,SitEmo
PtitLibe,entrez dans la cour des grands,Suggérée,Fierté,word,cour,SitEmo
PtitLibe,entrez dans la cour des grands,Suggérée,Joie,word,cour,SitEmo
PtitLibe,entrez dans la cour des grands,Suggérée,Fierté,word,grands,SitEmo
PtitLibe,entrez dans la cour des grands,Suggérée,Joie,word,grands,SitEmo
PtitLibe,visibilité mondiale,Suggérée,Fierté,word,visibilité,SitEmo
PtitLibe,visibilité mondiale,Suggérée,Joie,word,visibilité,SitEmo
PtitLibe,visibilité mondiale,Suggérée,Fierté,word,mondiale,SitEmo
PtitLibe,visibilité mondiale,Suggérée,Joie,word,mondiale,SitEmo
PtitLibe,angoisse,Désignée,Peur,word,angoisse,SitEmo
PtitLibe,pression,Suggérée,Peur,word,pression,SitEmo
PtitLibe,incroyable,Désignée,Surprise,word,incroyable,SitEmo
PtitLibe,prix,Suggérée,Fierté,word,prix,SitEmo
PtitLibe,prix,Suggérée,Joie,word,prix,SitEmo
PtitLibe,plaisir,Désignée,Joie,word,plaisir,SitEmo
PtitLibe,croustillantes,Suggérée,Joie,word,croustillantes,SitEmo
PtitLibe,fabuleux,Désignée,Admiration,word,fabuleux,SitEmo
PtitLibe,fabuleux,Désignée,Surprise,word,fabuleux,SitEmo
PtitLibe,fondant,Suggérée,Joie,word,fondant,SitEmo
PtitLibe,Miam miam,Montrée,Joie,word,miam,SitEmo
PtitLibe,Miam miam,Montrée,Joie,word,miam,SitEmo
PtitLibe,se lécher les babines,Comportementale,Joie,word,lécher,SitEmo
PtitLibe,se lécher les babines,Comportementale,Joie,word,babines,SitEmo
PtitLibe,bon petits plats,Suggérée,Joie,word,bon,SitEmo
PtitLibe,bon petits plats,Suggérée,Joie,word,petits,SitEmo
PtitLibe,bon petits plats,Suggérée,Joie,word,plats,SitEmo
PtitLibe,!,Montrée,Admiration,punctuation,!,SitEmo
PtitLibe,offrif;beau,Suggérée,Joie,word,offrif,SitEmo
PtitLibe,offrif;beau,Suggérée,Joie,word,beau,SitEmo
PtitLibe,offrif;beau,Suggérée,Joie,punctuation,;,SitEmo
PtitLibe,"ça, la haute gastronomie",Montrée,Admiration,word,haute,SitEmo
PtitLibe,"ça, la haute gastronomie",Montrée,Admiration,word,gastronomie,SitEmo
PtitLibe,"ça, la haute gastronomie",Montrée,Admiration,punctuation,",",SitEmo
PtitLibe,Ah la la,Montrée,Joie,word,ah,SitEmo
PtitLibe,!,Montrée,Joie,punctuation,!,SitEmo
PtitLibe,bon,Suggérée,Joie,word,bon,SitEmo
PtitLibe,pile comme il faut,Suggérée,Joie,word,pile,SitEmo
PtitLibe,pile comme il faut,Suggérée,Joie,word,faut,SitEmo
PtitLibe,…,Montrée,Joie,punctuation,…,SitEmo
PtitLibe,!,Montrée,Joie,punctuation,!,SitEmo
PtitLibe,qu’est-ce qu’un bon repas peut apporter comme plaisir,Montrée,Joie,word,est-ce,SitEmo
PtitLibe,qu’est-ce qu’un bon repas peut apporter comme plaisir,Montrée,Joie,word,bon,SitEmo
PtitLibe,qu’est-ce qu’un bon repas peut apporter comme plaisir,Montrée,Joie,word,repas,SitEmo
PtitLibe,qu’est-ce qu’un bon repas peut apporter comme plaisir,Montrée,Joie,word,apporter,SitEmo
PtitLibe,qu’est-ce qu’un bon repas peut apporter comme plaisir,Montrée,Joie,word,plaisir,SitEmo
PtitLibe,qu’est-ce qu’un bon repas peut apporter comme plaisir,Montrée,Joie,punctuation,-,SitEmo
PtitLibe,"Des frites bien croustillantes, un steak fondant, un gâteau au chocolat sucré pile comme il faut",Montrée,Joie,word,frites,SitEmo
PtitLibe,"Des frites bien croustillantes, un steak fondant, un gâteau au chocolat sucré pile comme il faut",Montrée,Joie,word,croustillantes,SitEmo
PtitLibe,"Des frites bien croustillantes, un steak fondant, un gâteau au chocolat sucré pile comme il faut",Montrée,Joie,word,steak,SitEmo
PtitLibe,"Des frites bien croustillantes, un steak fondant, un gâteau au chocolat sucré pile comme il faut",Montrée,Joie,word,fondant,SitEmo
PtitLibe,"Des frites bien croustillantes, un steak fondant, un gâteau au chocolat sucré pile comme il faut",Montrée,Joie,word,gâteau,SitEmo
PtitLibe,"Des frites bien croustillantes, un steak fondant, un gâteau au chocolat sucré pile comme il faut",Montrée,Joie,word,chocolat,SitEmo
PtitLibe,"Des frites bien croustillantes, un steak fondant, un gâteau au chocolat sucré pile comme il faut",Montrée,Joie,word,sucré,SitEmo
PtitLibe,"Des frites bien croustillantes, un steak fondant, un gâteau au chocolat sucré pile comme il faut",Montrée,Joie,word,pile,SitEmo
PtitLibe,"Des frites bien croustillantes, un steak fondant, un gâteau au chocolat sucré pile comme il faut",Montrée,Joie,word,faut,SitEmo
PtitLibe,"Des frites bien croustillantes, un steak fondant, un gâteau au chocolat sucré pile comme il faut",Montrée,Joie,punctuation,",",SitEmo
PtitLibe,"Des frites bien croustillantes, un steak fondant, un gâteau au chocolat sucré pile comme il faut",Montrée,Joie,punctuation,",",SitEmo
PtitLibe,succulent,Désignée,Joie,word,succulent,SitEmo
PtitLibe,pas suffisant,Suggérée,Tristesse,word,suffisant,SitEmo
PtitLibe,pas suffisant,Suggérée,Colère,word,suffisant,SitEmo
PtitLibe,peur,Désignée,Peur,word,peur,SitEmo
PtitLibe,murmure,Comportementale,Peur,word,murmure,SitEmo
PtitLibe,protéger,Comportementale,Peur,word,protéger,SitEmo
PtitLibe,s’effondrer,Suggérée,Peur,word,effondrer,SitEmo
PtitLibe,faire «crac»,Suggérée,Peur,word,crac,SitEmo
PtitLibe,faire «crac»,Suggérée,Peur,punctuation,«,SitEmo
PtitLibe,faire «crac»,Suggérée,Peur,punctuation,»,SitEmo
PtitLibe,tomber sur nous,Suggérée,Peur,word,tomber,SitEmo
PtitLibe,…,Montrée,Peur,punctuation,…,SitEmo
PtitLibe,se blottissant,Comportementale,Peur,word,blottissant,SitEmo
PtitLibe,se réjouit,Comportementale,Joie,word,réjouit,SitEmo
PtitLibe,menaçait,Désignée,Peur,word,menaçait,SitEmo
PtitLibe,satisfaire,Désignée,Joie,word,satisfaire,SitEmo
PtitLibe,misère,Désignée,Tristesse,word,misère,SitEmo
PtitLibe,dangereux,Désignée,Peur,word,dangereux,SitEmo
PtitLibe,malades,Suggérée,Tristesse,word,malades,SitEmo
PtitLibe,regrette,Désignée,Tristesse,word,regrette,SitEmo
PtitLibe,angoissé,Désignée,Peur,word,angoissé,SitEmo
PtitLibe,colère,Désignée,Colère,word,colère,SitEmo
PtitLibe,tensions,Désignée,Colère,word,tensions,SitEmo
PtitLibe,s’énerve,Comportementale,Colère,word,énerve,SitEmo
PtitLibe,se dispute,Comportementale,Colère,word,dispute,SitEmo
PtitLibe,insiste,Comportementale,Colère,word,insiste,SitEmo
PtitLibe,embarras,Désignée,Embarras,word,embarras,SitEmo
PtitLibe,grandes fissures,Suggérée,Peur,word,grandes,SitEmo
PtitLibe,grandes fissures,Suggérée,Peur,word,fissures,SitEmo
PtitLibe,s’écroule,Suggérée,Peur,word,écroule,SitEmo
PtitLibe,!,Montrée,Colère,punctuation,!,SitEmo
PtitLibe,n’osent plus,Comportementale,Embarras,word,osent,SitEmo
PtitLibe,n’osent plus,Comportementale,Embarras,word,osent,SitEmo
PtitLibe,se recroquevillent,Comportementale,Embarras,word,recroquevillent,SitEmo
PtitLibe,"Etre tout le temps angoissé, ce",Montrée,Colère,word,etre,SitEmo
PtitLibe,"Etre tout le temps angoissé, ce",Montrée,Colère,word,temps,SitEmo
PtitLibe,"Etre tout le temps angoissé, ce",Montrée,Colère,word,angoissé,SitEmo
PtitLibe,"Etre tout le temps angoissé, ce",Montrée,Colère,punctuation,",",SitEmo
PtitLibe,souffrent,Désignée,Tristesse,word,souffrent,SitEmo
PtitLibe,peur,Désignée,Peur,word,peur,SitEmo
PtitLibe,difficile,Suggérée,Tristesse,word,difficile,SitEmo
PtitLibe,drame,Désignée,Peur,word,drame,SitEmo
PtitLibe,drame,Désignée,Tristesse,word,drame,SitEmo
PtitLibe,dangereux,Désignée,Peur,word,dangereux,SitEmo
PtitLibe,grave,Suggérée,Peur,word,grave,SitEmo
PtitLibe,grave,Suggérée,Tristesse,word,grave,SitEmo
PtitLibe,se sont effondrés,Suggérée,Peur,word,effondrés,SitEmo
PtitLibe,se sont effondrés,Suggérée,Tristesse,word,effondrés,SitEmo
PtitLibe,s’effondrer,Suggérée,Peur,word,effondrer,SitEmo
PtitLibe,menacent,Désignée,Peur,word,menacent,SitEmo
PtitLibe,dangereux,Désignée,Peur,word,dangereux,SitEmo
PtitLibe,mortes,Suggérée,Peur,word,mortes,SitEmo
PtitLibe,mortes,Suggérée,Tristesse,word,mortes,SitEmo
PtitLibe,faire la fête,Comportementale,Joie,word,fête,SitEmo
PtitLibe,dénonce,Comportementale,Colère,word,dénonce,SitEmo
PtitLibe,fun,Désignée,Joie,word,fun,SitEmo
PtitLibe,injustices,Suggérée,Colère,word,injustices,SitEmo
PtitLibe,violence,Suggérée,Colère,word,violence,SitEmo
PtitLibe,méfiance,Désignée,Peur,word,méfiance,SitEmo
PtitLibe,violente,Suggérée,Peur,word,violente,SitEmo
PtitLibe,pauvreté,Suggérée,Colère,word,pauvreté,SitEmo
PtitLibe,bavures,Suggérée,Colère,word,bavures,SitEmo
PtitLibe,critiqué,Comportementale,Colère,word,critiqué,SitEmo
PtitLibe,dénonçaient,Comportementale,Colère,word,dénonçaient,SitEmo
PtitLibe,dénoncer,Comportementale,Colère,word,dénoncer,SitEmo
PtitLibe,fêtes,Comportementale,Joie,word,fêtes,SitEmo
PtitLibe,génial,Désignée,Admiration,word,génial,SitEmo
PtitLibe,génial,Désignée,Surprise,word,génial,SitEmo
PtitLibe,dansé,Comportementale,Joie,word,dansé,SitEmo
PtitLibe,fait la fête,Comportementale,Joie,word,fête,SitEmo
PtitLibe,rire,Comportementale,Joie,word,rire,SitEmo
PtitLibe,tristes,Désignée,Tristesse,word,tristes,SitEmo
PtitLibe,bon souvenir,Suggérée,Joie,word,bon,SitEmo
PtitLibe,bon souvenir,Suggérée,Joie,word,souvenir,SitEmo
PtitLibe,préoccupations,Désignée,Tristesse,word,préoccupations,SitEmo
PtitLibe,peur,Désignée,Peur,word,peur,SitEmo
PtitLibe,contente,Désignée,Joie,word,contente,SitEmo
PtitLibe,injuste,Suggérée,Colère,word,injuste,SitEmo
PtitLibe,proteste,Comportementale,Colère,word,proteste,SitEmo
PtitLibe,conflits,Suggérée,Colère,word,conflits,SitEmo
PtitLibe,Complètement idiot,Montrée,Colère,word,complètement,SitEmo
PtitLibe,Complètement idiot,Montrée,Colère,word,idiot,SitEmo
PtitLibe,!,Montrée,Colère,punctuation,!,SitEmo
PtitLibe,mécontentement,Désignée,Colère,word,mécontentement,SitEmo
PtitLibe,critiquent,Comportementale,Colère,word,critiquent,SitEmo
PtitLibe,manifestations,Comportementale,Colère,word,manifestations,SitEmo
PtitLibe,occupant des ronds-points,Comportementale,Colère,word,occupant,SitEmo
PtitLibe,occupant des ronds-points,Comportementale,Colère,word,ronds-points,SitEmo
PtitLibe,occupant des ronds-points,Comportementale,Colère,punctuation,-,SitEmo
PtitLibe,bloquant des péages,Comportementale,Colère,word,bloquant,SitEmo
PtitLibe,bloquant des péages,Comportementale,Colère,word,péages,SitEmo
PtitLibe,manifestant,Comportementale,Colère,word,manifestant,SitEmo
PtitLibe,pas+assez d’argent,Suggérée,Colère,word,assez,SitEmo
PtitLibe,pas+assez d’argent,Suggérée,Colère,word,argent,SitEmo
PtitLibe,sans se soucier du peuple,Suggérée,Colère,word,soucier,SitEmo
PtitLibe,sans se soucier du peuple,Suggérée,Colère,word,peuple,SitEmo
PtitLibe,accusent,Comportementale,Colère,word,accusent,SitEmo
PtitLibe,peur,Désignée,Peur,word,peur,SitEmo
PtitLibe,en avaient assez,Désignée,Colère,word,assez,SitEmo
PtitLibe,craignait,Désignée,Peur,word,craignait,SitEmo
PtitLibe,reprochent,Comportementale,Colère,word,reprochent,SitEmo
PtitLibe,ne pas se préoccuper du peuple,Suggérée,Colère,word,préoccuper,SitEmo
PtitLibe,ne pas se préoccuper du peuple,Suggérée,Colère,word,peuple,SitEmo
PtitLibe,peur,Désignée,Peur,word,peur,SitEmo
PtitLibe,surpris,Désignée,Surprise,word,surpris,SitEmo
PtitLibe,choqué,Désignée,Surprise,word,choqué,SitEmo
PtitLibe,choqué,Désignée,Peur,word,choqué,SitEmo
PtitLibe,regrettaient,Désignée,Tristesse,word,regrettaient,SitEmo
PtitLibe,craignent,Désignée,Peur,word,craignent,SitEmo
PtitLibe,s’en mordre les doigts,Désignée,Tristesse,word,mordre,SitEmo
PtitLibe,s’en mordre les doigts,Désignée,Culpabilité,word,mordre,SitEmo
PtitLibe,s’en mordre les doigts,Désignée,Tristesse,word,doigts,SitEmo
PtitLibe,s’en mordre les doigts,Désignée,Culpabilité,word,doigts,SitEmo
PtitLibe,!,Montrée,Surprise,punctuation,!,SitEmo
PtitLibe,surprise,Désignée,Surprise,word,surprise,SitEmo
PtitLibe,risqué,Désignée,Peur,word,risqué,SitEmo
PtitLibe,reconnaissance,Suggérée,Fierté,word,reconnaissance,SitEmo
PtitLibe,gagnent,Suggérée,Joie,word,gagnent,SitEmo
PtitLibe,gagnent,Suggérée,Fierté,word,gagnent,SitEmo
PtitLibe,prix,Suggérée,Fierté,word,prix,SitEmo
PtitLibe,prix,Suggérée,Joie,word,prix,SitEmo
PtitLibe,fierté,Désignée,Fierté,word,fierté,SitEmo
PtitLibe,Remporter;consécration,Suggérée,Fierté,word,remporter,SitEmo
PtitLibe,Remporter;consécration,Suggérée,Fierté,word,consécration,SitEmo
PtitLibe,Remporter;consécration,Suggérée,Fierté,punctuation,;,SitEmo
PtitLibe,excellence,Suggérée,Fierté,word,excellence,SitEmo
PtitLibe,prestigieux,Désignée,Admiration,word,prestigieux,SitEmo
PtitLibe,réussi,Suggérée,Fierté,word,réussi,SitEmo
PtitLibe,impressionnant,Désignée,Surprise,word,impressionnant,SitEmo
PtitLibe,impressionnant,Désignée,Admiration,word,impressionnant,SitEmo
PtitLibe,critiquée,Comportementale,Colère,word,critiquée,SitEmo
PtitLibe,prestigieuses,Désignée,Admiration,word,prestigieuses,SitEmo
PtitLibe,critiqué,Comportementale,Colère,word,critiqué,SitEmo
PtitLibe,contents,Désignée,Joie,word,contents,SitEmo
PtitLibe,fête,Comportementale,Joie,word,fête,SitEmo
PtitLibe,admirait,Désignée,Admiration,word,admirait,SitEmo
PtitLibe,chance,Suggérée,Fierté,word,chance,SitEmo
PtitLibe,chance,Suggérée,Joie,word,chance,SitEmo
PtitLibe,ne pensais pas avoir l’occasion de vivre ça un jour,Suggérée,Fierté,word,pensais,SitEmo
PtitLibe,ne pensais pas avoir l’occasion de vivre ça un jour,Suggérée,Joie,word,pensais,SitEmo
PtitLibe,ne pensais pas avoir l’occasion de vivre ça un jour,Suggérée,Fierté,word,occasion,SitEmo
PtitLibe,ne pensais pas avoir l’occasion de vivre ça un jour,Suggérée,Joie,word,occasion,SitEmo
PtitLibe,ne pensais pas avoir l’occasion de vivre ça un jour,Suggérée,Fierté,word,vivre,SitEmo
PtitLibe,ne pensais pas avoir l’occasion de vivre ça un jour,Suggérée,Joie,word,vivre,SitEmo
PtitLibe,ne pensais pas avoir l’occasion de vivre ça un jour,Suggérée,Fierté,word,jour,SitEmo
PtitLibe,ne pensais pas avoir l’occasion de vivre ça un jour,Suggérée,Joie,word,jour,SitEmo
PtitLibe,rires,Comportementale,Joie,word,rires,SitEmo
PtitLibe,délice,Désignée,Joie,word,délice,SitEmo
PtitLibe,surprise,Désignée,Surprise,word,surprise,SitEmo
PtitLibe,surprise,Désignée,Joie,word,surprise,SitEmo
PtitLibe,s’enthousiasme,Comportementale,Joie,word,enthousiasme,SitEmo
PtitLibe,préoccupations,Désignée,Tristesse,word,préoccupations,SitEmo
PtitLibe,applaudissements,Comportementale,Joie,word,applaudissements,SitEmo
PtitLibe,ne m’attendais pas,Suggérée,Surprise,word,attendais,SitEmo
PtitLibe,prestigieuse,Désignée,Admiration,word,prestigieuse,SitEmo
PtitLibe,privilège,Suggérée,Fierté,word,privilège,SitEmo
PtitLibe,surpris,Désignée,Surprise,word,surpris,SitEmo
PtitLibe,drôle,Désignée,Joie,word,drôle,SitEmo
PtitLibe,rire,Comportementale,Joie,word,rire,SitEmo
PtitLibe,malaise,Désignée,Embarras,word,malaise,SitEmo
PtitLibe,joie,Désignée,Joie,word,joie,SitEmo
PtitLibe,la première;remporter;meilleure,Suggérée,Fierté,word,première,SitEmo
PtitLibe,la première;remporter;meilleure,Suggérée,Joie,word,première,SitEmo
PtitLibe,la première;remporter;meilleure,Suggérée,Fierté,word,remporter,SitEmo
PtitLibe,la première;remporter;meilleure,Suggérée,Joie,word,remporter,SitEmo
PtitLibe,la première;remporter;meilleure,Suggérée,Fierté,word,meilleure,SitEmo
PtitLibe,la première;remporter;meilleure,Suggérée,Joie,word,meilleure,SitEmo
PtitLibe,la première;remporter;meilleure,Suggérée,Fierté,punctuation,;,SitEmo
PtitLibe,la première;remporter;meilleure,Suggérée,Joie,punctuation,;,SitEmo
PtitLibe,la première;remporter;meilleure,Suggérée,Fierté,punctuation,;,SitEmo
PtitLibe,la première;remporter;meilleure,Suggérée,Joie,punctuation,;,SitEmo
PtitLibe,gênant,Désignée,Embarras,word,gênant,SitEmo
PtitLibe,!,Montrée,Surprise,punctuation,!,SitEmo
PtitLibe,!,Montrée,Embarras,punctuation,!,SitEmo
PtitLibe,…,Montrée,Embarras,punctuation,…,SitEmo
PtitLibe,dit des gros mots,Comportementale,Joie,word,gros,SitEmo
PtitLibe,dit des gros mots,Comportementale,Joie,word,mots,SitEmo
PtitLibe,meilleur,Suggérée,Fierté,word,meilleur,SitEmo
PtitLibe,meilleur,Suggérée,Joie,word,meilleur,SitEmo
PtitLibe,danger,Désignée,Peur,word,danger,SitEmo
PtitLibe,colère,Désignée,Colère,word,colère,SitEmo
PtitLibe,ne comprends pas;attaque,Suggérée,Colère,word,comprends,SitEmo
PtitLibe,ne comprends pas;attaque,Suggérée,Colère,word,attaque,SitEmo
PtitLibe,ne comprends pas;attaque,Suggérée,Colère,punctuation,;,SitEmo
PtitLibe,près de chez moi,Suggérée,Peur,word,près,SitEmo
PtitLibe,embêtée,Désignée,Tristesse,word,embêtée,SitEmo
PtitLibe,tués,Suggérée,Peur,word,tués,SitEmo
PtitLibe,tués,Suggérée,Tristesse,word,tués,SitEmo
PtitLibe,horrible,Désignée,Peur,word,horrible,SitEmo
PtitLibe,horrible,Désignée,Tristesse,word,horrible,SitEmo
PtitLibe,persécutés;déportés;camps de concentration;tués,Suggérée,Peur,word,persécutés,SitEmo
PtitLibe,persécutés;déportés;camps de concentration;tués,Suggérée,Tristesse,word,persécutés,SitEmo
PtitLibe,persécutés;déportés;camps de concentration;tués,Suggérée,Peur,word,déportés,SitEmo
PtitLibe,persécutés;déportés;camps de concentration;tués,Suggérée,Tristesse,word,déportés,SitEmo
PtitLibe,persécutés;déportés;camps de concentration;tués,Suggérée,Peur,word,camps,SitEmo
PtitLibe,persécutés;déportés;camps de concentration;tués,Suggérée,Tristesse,word,camps,SitEmo
PtitLibe,persécutés;déportés;camps de concentration;tués,Suggérée,Peur,word,concentration,SitEmo
PtitLibe,persécutés;déportés;camps de concentration;tués,Suggérée,Tristesse,word,concentration,SitEmo
PtitLibe,persécutés;déportés;camps de concentration;tués,Suggérée,Peur,word,tués,SitEmo
PtitLibe,persécutés;déportés;camps de concentration;tués,Suggérée,Tristesse,word,tués,SitEmo
PtitLibe,persécutés;déportés;camps de concentration;tués,Suggérée,Peur,punctuation,;,SitEmo
PtitLibe,persécutés;déportés;camps de concentration;tués,Suggérée,Tristesse,punctuation,;,SitEmo
PtitLibe,persécutés;déportés;camps de concentration;tués,Suggérée,Peur,punctuation,;,SitEmo
PtitLibe,persécutés;déportés;camps de concentration;tués,Suggérée,Tristesse,punctuation,;,SitEmo
PtitLibe,persécutés;déportés;camps de concentration;tués,Suggérée,Peur,punctuation,;,SitEmo
PtitLibe,persécutés;déportés;camps de concentration;tués,Suggérée,Tristesse,punctuation,;,SitEmo
PtitLibe,embêté;embêtée,Désignée,Tristesse,word,embêté,SitEmo
PtitLibe,embêté;embêtée,Désignée,Tristesse,word,embêtée,SitEmo
PtitLibe,embêté;embêtée,Désignée,Tristesse,punctuation,;,SitEmo
PtitLibe,grave,Suggérée,Colère,word,grave,SitEmo
PtitLibe,grave,Suggérée,Tristesse,word,grave,SitEmo
PtitLibe,reprochaient,Comportementale,Colère,word,reprochaient,SitEmo
PtitLibe,chassés,Suggérée,Tristesse,word,chassés,SitEmo
PtitLibe,malheur,Désignée,Tristesse,word,malheur,SitEmo
PtitLibe,horribles,Désignée,Peur,word,horribles,SitEmo
PtitLibe,horribles,Désignée,Tristesse,word,horribles,SitEmo
PtitLibe,n’étaient jamais en sécurité,Suggérée,Peur,word,sécurité,SitEmo
PtitLibe,mort,Suggérée,Colère,word,mort,SitEmo
PtitLibe,empoisonner,Suggérée,Colère,word,empoisonner,SitEmo
PtitLibe,tuer,Suggérée,Colère,word,tuer,SitEmo
PtitLibe,n’ont pas pu,Suggérée,Tristesse,word,pu,SitEmo
PtitLibe,ghettos;pauvrement,Suggérée,Tristesse,word,ghettos,SitEmo
PtitLibe,ghettos;pauvrement,Suggérée,Tristesse,word,pauvrement,SitEmo
PtitLibe,ghettos;pauvrement,Suggérée,Tristesse,punctuation,;,SitEmo
PtitLibe,persécutions;massacres,Suggérée,Peur,word,persécutions,SitEmo
PtitLibe,persécutions;massacres,Suggérée,Peur,word,massacres,SitEmo
PtitLibe,persécutions;massacres,Suggérée,Peur,punctuation,;,SitEmo
PtitLibe,accusés,Comportementale,Colère,word,accusés,SitEmo
PtitLibe,accusés,Comportementale,Colère,word,accusés,SitEmo
PtitLibe,habiter loin de chez eux,Comportementale,Peur,word,habiter,SitEmo
PtitLibe,habiter loin de chez eux,Comportementale,Peur,word,loin,SitEmo
PtitLibe,accusaient,Comportementale,Colère,word,accusaient,SitEmo
PtitLibe,dénoncés,Comportementale,Colère,word,dénoncés,SitEmo
PtitLibe,manifestations,Comportementale,Colère,word,manifestations,SitEmo
PtitLibe,bon repas,Suggérée,Joie,word,bon,SitEmo
PtitLibe,bon repas,Suggérée,Joie,word,repas,SitEmo
PtitLibe,manifestations,Comportementale,Colère,word,manifestations,SitEmo
PtitLibe,malheureusement,Désignée,Tristesse,word,malheureusement,SitEmo
PtitLibe,étonnant,Désignée,Surprise,word,étonnant,SitEmo
PtitLibe,insulté,Désignée,Embarras,word,insulté,SitEmo
PtitLibe,s’agace,Comportementale,Colère,word,agace,SitEmo
PtitLibe,Ça fait 20 ans que c’est comme ça,Montrée,Colère,word,ans,SitEmo
PtitLibe,manifestations,Comportementale,Colère,word,manifestations,SitEmo
PtitLibe,insultes,Désignée,Embarras,word,insultes,SitEmo
PtitLibe,manifestations,Comportementale,Colère,word,manifestations,SitEmo
PtitLibe,violente,Suggérée,Colère,word,violente,SitEmo
PtitLibe,protéger,Suggérée,Peur,word,protéger,SitEmo
PtitLibe,protéger,Suggérée,Peur,word,protéger,SitEmo
PtitLibe,reproche,Comportementale,Colère,word,reproche,SitEmo
PtitLibe,pas+assez d’argent,Suggérée,Colère,word,assez,SitEmo
PtitLibe,pas+assez d’argent,Suggérée,Colère,word,argent,SitEmo
PtitLibe,ont empêché,Comportementale,Colère,word,empêché,SitEmo
PtitLibe,crachats,Suggérée,Dégoût,word,crachats,SitEmo
PtitLibe,manipuler,Suggérée,Colère,word,manipuler,SitEmo
PtitLibe,mentir,Suggérée,Colère,word,mentir,SitEmo
PtitLibe,insultés,Désignée,Embarras,word,insultés,SitEmo
PtitLibe,menacés,Désignée,Peur,word,menacés,SitEmo
PtitLibe,frappés,Suggérée,Peur,word,frappés,SitEmo
PtitLibe,protéger,Suggérée,Peur,word,protéger,SitEmo
PtitLibe,Heureusement,Désignée,Joie,word,heureusement,SitEmo
PtitLibe,danger,Désignée,Peur,word,danger,SitEmo
PtitLibe,méfiance,Désignée,Peur,word,méfiance,SitEmo
PtitLibe,méfiants,Désignée,Peur,word,méfiants,SitEmo
PtitLibe,tendue,Désignée,Colère,word,tendue,SitEmo
PtitLibe,ne pas les comprendre,Suggérée,Colère,word,comprendre,SitEmo
PtitLibe,déformer,Suggérée,Colère,word,déformer,SitEmo
PtitLibe,reprochent,Comportementale,Colère,word,reprochent,SitEmo
PtitLibe,accusent,Comportementale,Colère,word,accusent,SitEmo
PtitLibe,reproche,Comportementale,Colère,word,reproche,SitEmo
PtitLibe,méfiance,Désignée,Peur,word,méfiance,SitEmo
PtitLibe,mécontentes,Désignée,Colère,word,mécontentes,SitEmo
PtitLibe,fâchés,Désignée,Colère,word,fâchés,SitEmo
PtitLibe,grave,Suggérée,Colère,word,grave,SitEmo
PtitLibe,choquant,Désignée,Surprise,word,choquant,SitEmo
PtitLibe,choquant,Désignée,Colère,word,choquant,SitEmo
PtitLibe,regrettable,Désignée,Tristesse,word,regrettable,SitEmo
PtitLibe,mauvaises,Suggérée,Colère,word,mauvaises,SitEmo
PtitLibe,!,Montrée,Surprise,punctuation,!,SitEmo
PtitLibe,inventent,Suggérée,Colère,word,inventent,SitEmo
PtitLibe,accusait,Comportementale,Colère,word,accusait,SitEmo
PtitLibe,illégales,Suggérée,Colère,word,illégales,SitEmo
PtitLibe,dénoncer,Comportementale,Colère,word,dénoncer,SitEmo
PtitLibe,trahison,Suggérée,Colère,word,trahison,SitEmo
PtitLibe,se méfient,Comportementale,Peur,word,méfient,SitEmo
PtitLibe,critiquer,Comportementale,Colère,word,critiquer,SitEmo
PtitLibe,mauvaises,Suggérée,Colère,word,mauvaises,SitEmo
PtitLibe,embête,Désignée,Tristesse,word,embête,SitEmo
PtitLibe,!,Montrée,Surprise,punctuation,!,SitEmo
PtitLibe,illégal,Suggérée,Colère,word,illégal,SitEmo
PtitLibe,!,Montrée,Colère,punctuation,!,SitEmo
PtitLibe,dénoncer,Comportementale,Colère,word,dénoncer,SitEmo
PtitLibe,Eh bien,Montrée,Surprise,word,eh,SitEmo
PtitLibe,…,Montrée,Surprise,punctuation,…,SitEmo
PtitLibe,problèmes;perdre son travail,Suggérée,Peur,word,problèmes,SitEmo
PtitLibe,problèmes;perdre son travail,Suggérée,Peur,word,perdre,SitEmo
PtitLibe,problèmes;perdre son travail,Suggérée,Peur,word,travail,SitEmo
PtitLibe,problèmes;perdre son travail,Suggérée,Peur,punctuation,;,SitEmo
PtitLibe,protéger,Suggérée,Peur,word,protéger,SitEmo
PtitLibe,grave,Suggérée,Colère,word,grave,SitEmo
PtitLibe,agressé,Suggérée,Colère,word,agressé,SitEmo
PtitLibe,accusé,Comportementale,Colère,word,accusé,SitEmo
PtitLibe,scandale,Désignée,Colère,word,scandale,SitEmo
PtitLibe,choqué,Désignée,Surprise,word,choqué,SitEmo
PtitLibe,choqué,Désignée,Colère,word,choqué,SitEmo
PtitLibe,honteux,Désignée,Embarras,word,honteux,SitEmo
PtitLibe,choqués,Désignée,Surprise,word,choqués,SitEmo
PtitLibe,choqués,Désignée,Colère,word,choqués,SitEmo
PtitLibe,terrible,Désignée,Peur,word,terrible,SitEmo
PtitLibe,dangereuse,Désignée,Peur,word,dangereuse,SitEmo
PtitLibe,malhonnêtes,Suggérée,Colère,word,malhonnêtes,SitEmo
PtitLibe,dictateur;tuer,Suggérée,Colère,word,dictateur,SitEmo
PtitLibe,dictateur;tuer,Suggérée,Colère,word,tuer,SitEmo
PtitLibe,dictateur;tuer,Suggérée,Colère,punctuation,;,SitEmo
PtitLibe,honteux,Suggérée,Colère,word,honteux,SitEmo
PtitLibe,cool,Désignée,Admiration,word,cool,SitEmo
PtitLibe,cool,Désignée,Surprise,word,cool,SitEmo
PtitLibe,fête,Comportementale,Joie,word,fête,SitEmo
PtitLibe,manifestations,Comportementale,Colère,word,manifestations,SitEmo
PtitLibe,violent,Suggérée,Peur,word,violent,SitEmo
PtitLibe,liberté,Suggérée,Joie,word,liberté,SitEmo
PtitLibe,…,Montrée,Peur,punctuation,…,SitEmo
PtitLibe,"les manifestations des gilets jaunes, c",Montrée,Peur,word,manifestations,SitEmo
PtitLibe,"les manifestations des gilets jaunes, c",Montrée,Peur,word,gilets,SitEmo
PtitLibe,"les manifestations des gilets jaunes, c",Montrée,Peur,word,jaunes,SitEmo
PtitLibe,"les manifestations des gilets jaunes, c",Montrée,Peur,punctuation,",",SitEmo
PtitLibe,épanouissant,Désignée,Joie,word,épanouissant,SitEmo
PtitLibe,manifestations,Comportementale,Colère,word,manifestations,SitEmo
PtitLibe,manifesté,Comportementale,Colère,word,manifesté,SitEmo
PtitLibe,heureux,Désignée,Joie,word,heureux,SitEmo
PtitLibe,positive,Suggérée,Joie,word,positive,SitEmo
PtitLibe,manifestent,Comportementale,Colère,word,manifestent,SitEmo
PtitLibe,remporté;victoire,Suggérée,Joie,word,remporté,SitEmo
PtitLibe,remporté;victoire,Suggérée,Joie,word,victoire,SitEmo
PtitLibe,remporté;victoire,Suggérée,Joie,punctuation,;,SitEmo
PtitLibe,manifestent,Comportementale,Colère,word,manifestent,SitEmo
PtitLibe,manifestations,Comportementale,Colère,word,manifestations,SitEmo
PtitLibe,heureusement,Désignée,Joie,word,heureusement,SitEmo
PtitLibe,!,Montrée,Surprise,punctuation,!,SitEmo
PtitLibe,!,Montrée,Surprise,punctuation,!,SitEmo
PtitLibe,pas banal,Suggérée,Surprise,word,banal,SitEmo
PtitLibe,s’amusent,Comportementale,Joie,word,amusent,SitEmo
PtitLibe,Pourtant,Montrée,Surprise,word,pourtant,SitEmo
PtitLibe,impressionnant,Désignée,Surprise,word,impressionnant,SitEmo
PtitLibe,impressionnant,Désignée,Admiration,word,impressionnant,SitEmo
PtitLibe,étrange,Désignée,Surprise,word,étrange,SitEmo
PtitLibe,en voulaient,Désignée,Colère,word,voulaient,SitEmo
PtitLibe,en voulaient,Désignée,Tristesse,word,voulaient,SitEmo
PtitLibe,!,Montrée,Surprise,punctuation,!,SitEmo
PtitLibe,incroyables,Désignée,Surprise,word,incroyables,SitEmo
PtitLibe,admirer,Désignée,Admiration,word,admirer,SitEmo
PtitLibe,dangereux,Désignée,Peur,word,dangereux,SitEmo
PtitLibe,protéger,Comportementale,Peur,word,protéger,SitEmo
PtitLibe,record,Suggérée,Surprise,word,record,SitEmo
PtitLibe,record,Suggérée,Admiration,word,record,SitEmo
PtitLibe,forces obscures,Suggérée,Peur,word,forces,SitEmo
PtitLibe,forces obscures,Suggérée,Peur,word,obscures,SitEmo
PtitLibe,!,Montrée,Surprise,punctuation,!,SitEmo
PtitLibe,Eh oui,Montrée,Surprise,word,eh,SitEmo
PtitLibe,!,Montrée,Surprise,punctuation,!,SitEmo
PtitLibe,protéger,Comportementale,Peur,word,protéger,SitEmo
