mode,n_markers,mean_entropy,median_entropy,std_entropy
Comportementale,30,0.6566490984535668,0.9182958340544896,0.6054079396821209
Designee,74,0.3370696474116282,0.0,0.5329160935016182
Montree,12,1.076494588070749,1.25,0.7162983248259301
Suggeree,67,0.48919591738191526,0.0,0.6263591059971653
