mode,n_markers,mean_entropy,median_entropy,std_entropy
Comportementale,1569,1.1704512505596913,1.0,0.8215129322092217
Designee,1261,1.164227334609824,1.0,0.8678178600692621
Montree,665,1.6666536456845225,1.7799077162074428,0.7578382461865651
Suggeree,2195,1.226392846959702,1.2516291673878228,0.7402712345175964
