mode,n_markers,mean_entropy,median_entropy,std_entropy
Comportementale,14,0.2740422620077842,0.0,0.45022611571681476
Designee,42,0.09134742066926141,0.0,0.2852500710604955
Montree,2,1.7028195311147831,1.7028195311147831,0.2868301316166784
Suggeree,31,0.18523324936575955,0.0,0.45659400844332576
