mode,n_markers,mean_entropy,median_entropy,std_entropy
Comportementale,218,1.1411336090509483,1.1934571432919825,0.44800403320598564
Designee,173,1.2559210639873877,1.2912382460759644,0.4156355938058813
Montree,384,1.1351306223188036,1.1754312795575996,0.4420315795984599
Suggeree,284,1.223788641643126,1.2912382460759644,0.4227632826531162
